Date,Volume,Open,High,Low,Close,Intraday_change,day,month,year,Daily_Return,MA_7,MA_30,Volatility_7,is_quarter_end,Price_Range,target,Close_lag1,Close_lag2
2015-03-04,63228793,13.2833,13.5013,13.1473,13.4957,0.2123999999999988,4,3,2015,0.014409200240529163,13.5021,13.82729,0.018302991948812807,1,0.354000000000001,13.3753,13.304,13.155
2015-03-05,73051928,13.5233,13.746,13.3433,13.3753,-0.14800000000000146,5,3,2015,-0.008921360136932455,13.46895714285714,13.836310000000001,0.017723255593469357,1,0.40270000000000117,12.9253,13.4957,13.304
2015-03-06,100581715,13.2807,13.3833,12.8101,12.9253,-0.3553999999999995,6,3,2015,-0.033644105178949224,13.374857142857142,13.81911,0.021291491825980287,1,0.5731999999999999,12.7253,13.3753,13.4957
2015-03-09,100987615,12.9593,12.966,12.55,12.7253,-0.23399999999999999,9,3,2015,-0.015473528660843394,13.219514285714284,13.795976666666666,0.018629033705952636,1,0.4159999999999986,12.688,12.9253,13.3753
2015-03-10,83085573,12.564,12.9,12.5067,12.688,0.12400000000000055,10,3,2015,-0.002931168616849944,13.095514285714286,13.75991,0.018575696143904585,1,0.3933,12.916,12.7253,12.9253
2015-03-11,74526053,12.7433,13.0787,12.734,12.916,0.17270000000000074,11,3,2015,0.017969735182849833,13.06137142857143,13.732709999999999,0.01860010119208836,1,0.34469999999999956,12.738,12.688,12.7253
2015-03-12,62096504,12.9167,12.9633,12.65,12.738,-0.17870000000000097,12,3,2015,-0.013781356457107541,12.980514285714287,13.714266666666667,0.01790488622240805,1,0.3132999999999999,12.5787,12.916,12.688
2015-03-13,81319354,12.5967,12.7833,12.488,12.5787,-0.018000000000000682,13,3,2015,-0.01250588789448892,12.849514285714287,13.677556666666666,0.015507776524625498,1,0.295300000000001,13.0467,12.738,12.916
2015-03-16,84255378,12.8,13.0607,12.6533,13.0467,0.2466999999999988,16,3,2015,0.0372057525817453,12.80257142857143,13.660003333333332,0.023653117708213833,1,0.4074000000000009,12.982,12.5787,12.738
2015-03-17,73353938,13.0287,13.2473,12.9293,12.982,-0.046700000000001296,17,3,2015,-0.004959108433550297,12.810671428571428,13.62398,0.01967128662411531,1,0.3179999999999996,13.3807,13.0467,12.5787
2015-03-18,71953059,12.9973,13.392,12.874,13.3807,0.38339999999999996,18,3,2015,0.030711754737328567,12.904299999999997,13.58476,0.021007592968180645,1,0.5179999999999989,13.0433,12.982,13.0467
2015-03-19,127032626,13.4667,13.6393,12.9687,13.0433,-0.4233999999999991,19,3,2015,-0.025215422212589655,12.955057142857143,13.53387,0.0242673668352943,1,0.6706000000000003,13.2053,13.3807,12.982
2015-03-20,63751108,13.1633,13.266,13.0414,13.2053,0.041999999999999815,20,3,2015,0.012420169742319631,12.996385714285712,13.482956666666666,0.023829382616284457,1,0.22460000000000058,13.3087,13.0433,13.3807
2015-03-23,39337360,13.2333,13.3667,13.1647,13.3087,0.07540000000000013,23,3,2015,0.007830189393652542,13.077914285714284,13.443556666666666,0.022598941889085233,1,0.20199999999999996,13.448,13.2053,13.0433
2015-03-24,54612963,13.4387,13.586,13.3167,13.448,0.009299999999999642,24,3,2015,0.010466837482248526,13.2021,13.408533333333335,0.020989978393286365,1,0.26929999999999943,12.9533,13.3087,13.2053
2015-03-25,85823687,13.218,13.2393,12.8467,12.9533,-0.2646999999999995,25,3,2015,-0.03678613920285545,13.188757142857142,13.359666666666666,0.02337234100355704,1,0.39259999999999984,12.6937,13.448,13.3087
2015-03-26,61802729,12.928,12.986,12.6467,12.6937,-0.23430000000000106,26,3,2015,-0.020041225016019126,13.147571428571426,13.3099,0.02448919145751466,1,0.3393000000000015,12.3333,12.9533,13.448
2015-03-27,128948381,12.6047,12.6193,12.0933,12.3333,-0.27139999999999986,27,3,2015,-0.028392036994729697,12.997942857142858,13.270166666666666,0.020872950311969403,1,0.5260000000000016,12.7047,12.6937,12.9533
2015-03-30,150934575,12.39,12.8167,12.12,12.7047,0.3147000000000002,30,3,2015,0.030113594901608032,12.94957142857143,13.240833333333335,0.024859479174792976,1,0.6967000000000017,12.5847,12.3333,12.6937
2015-03-31,75269212,12.902,12.9173,12.5607,12.5847,-0.31729999999999947,31,3,2015,-0.009445323384259408,12.860914285714285,13.206213333333332,0.023882536197915066,1,0.3565999999999985,12.506,12.7047,12.3333
2015-04-01,56872157,12.58,12.82,12.4033,12.506,-0.07399999999999984,1,4,2015,-0.006253625434058829,12.746242857142859,13.168723333333332,0.023041950333805142,0,0.4167000000000005,12.7333,12.5847,12.7047
2015-04-02,75071092,12.682,12.882,12.6667,12.7333,0.05129999999999946,2,4,2015,0.018175275867583496,12.644142857142857,13.12271,0.024258246481161077,0,0.21529999999999916,13.54,12.506,12.5847
2015-04-06,186341457,13.2,13.85,13.1667,13.54,0.33999999999999986,6,4,2015,0.06335356898840039,12.727957142857141,13.091576666666667,0.03231218583185228,0,0.6832999999999991,13.55,12.7333,12.506
2015-04-07,65104392,13.5007,13.6707,13.4093,13.55,0.049300000000000566,7,4,2015,0.0007385524372232055,12.850285714285715,13.082500000000001,0.030330406334665404,0,0.2614000000000001,13.8447,13.54,12.7333
2015-04-08,94195648,13.88,14.06,13.7247,13.8447,-0.03530000000000122,8,4,2015,0.021749077490774926,13.066199999999998,13.090413333333334,0.025327947045450067,0,0.33530000000000015,14.006,13.55,13.54
2015-04-09,56697767,13.8953,14.0247,13.7413,14.006,0.11069999999999958,9,4,2015,0.011650667764559808,13.252099999999999,13.10448,0.024677859137189194,0,0.28339999999999854,14.06,13.8447,13.55
2015-04-10,60312720,13.99,14.11,13.9333,14.06,0.07000000000000028,10,4,2015,0.0038554905040697474,13.462857142857143,13.112723333333333,0.023001650618894975,0,0.1767000000000003,13.9853,14.006,13.8447
2015-04-13,56358272,14.029,14.2,13.9367,13.9853,-0.043699999999999406,13,4,2015,-0.005312944523470864,13.674185714285715,13.127033333333335,0.02285098783015534,0,0.2632999999999992,13.8307,14.06,14.006
2015-04-14,45286282,13.9047,13.966,13.7,13.8307,-0.07399999999999984,14,4,2015,-0.011054464330404135,13.830957142857143,13.149556666666665,0.02502205033238441,0,0.266,13.8553,13.9853,14.06
2015-04-15,29157015,13.8307,13.9727,13.7733,13.8553,0.02459999999999951,15,4,2015,0.0017786518397477913,13.876000000000001,13.167933333333334,0.01079742533732303,0,0.1993999999999989,13.78,13.8307,13.9853
2015-04-16,24855258,13.8467,13.9447,13.7527,13.78,-0.06670000000000087,16,4,2015,-0.005434743383398444,13.908857142857142,13.177410000000002,0.0112866800520525,0,0.1919999999999984,13.786,13.8553,13.8307
2015-04-17,36983247,13.666,13.792,13.5667,13.786,0.11999999999999922,17,4,2015,0.0004354136429607358,13.90047142857143,13.191099999999999,0.007433491158734832,0,0.22529999999999895,13.6847,13.78,13.8553
2015-04-20,38383676,13.7853,13.8567,13.59,13.6847,-0.10060000000000002,20,4,2015,-0.007348034237632417,13.854571428571429,13.216413333333332,0.005417169980079646,0,0.26670000000000016,13.9607,13.786,13.78
2015-04-21,51242629,13.72,14.05,13.6207,13.9607,0.24069999999999858,21,4,2015,0.0201685093571653,13.840385714285715,13.257593333333334,0.01030806822237262,0,0.42930000000000135,14.6293,13.6847,13.786
2015-04-22,117832636,14.1667,14.792,14.1127,14.6293,0.4626000000000001,22,4,2015,0.047891581367696556,13.932385714285713,13.322303333333334,0.02082226957254523,0,0.6792999999999996,14.5733,13.9607,13.6847
2015-04-23,66125727,14.5513,14.7653,14.4767,14.5733,0.02200000000000024,23,4,2015,-0.0038279343509259878,14.038471428571428,13.377546666666666,0.01996043424658596,0,0.28860000000000063,14.5617,14.6293,13.9607
2015-04-24,36395322,14.7,14.72,14.534,14.5617,-0.1382999999999992,24,4,2015,-0.00079597620305627,14.139385714285714,13.438336666666666,0.020110162806641012,0,0.18599999999999994,15.4367,14.5733,14.6293
2015-04-27,174886413,14.8373,15.9167,14.8,15.4367,0.5993999999999993,27,4,2015,0.06008913794405868,14.376057142857144,13.533603333333334,0.02719650957127982,0,1.1166999999999998,15.3653,14.5617,14.5733
2015-04-28,91202624,15.65,15.7,15.202,15.3653,-0.28470000000000084,28,4,2015,-0.004625340908354758,14.601671428571427,13.61089,0.02776106393653034,0,0.49799999999999933,15.4967,15.4367,14.5617
2015-04-29,58969276,15.3367,15.6647,15.1753,15.4967,0.16000000000000014,29,4,2015,0.008551736705433743,14.860528571428572,13.694713333333334,0.026141686711434946,0,0.48939999999999984,15.07,15.3653,15.4367
2015-04-30,58383421,15.3593,15.526,15.0113,15.07,-0.289299999999999,30,4,2015,-0.027534894525931386,15.019000000000002,13.751023333333334,0.03126166254287798,0,0.5146999999999995,15.0687,15.4967,15.3653
2015-05-01,79153820,15.3293,15.4513,14.6937,15.0687,-0.26060000000000016,1,5,2015,-8.626410086265413e-05,15.081771428571429,13.818536666666665,0.02687781106049021,0,0.7576,15.3673,15.07,15.4967
2015-05-04,66408852,15.212,15.6487,15.1407,15.3673,0.15530000000000044,4,5,2015,0.01981590979978365,15.1952,13.890603333333333,0.027135567837375384,0,0.5079999999999991,15.53,15.0687,15.07
2015-05-05,86740922,15.8507,15.9667,15.2753,15.53,-0.32070000000000043,5,5,2015,0.010587416136861982,15.333528571428571,13.964646666666669,0.026866190081405547,0,0.6913999999999998,15.362,15.3673,15.0687
2015-05-06,76256602,15.6067,15.6313,15.2133,15.362,-0.24469999999999992,6,5,2015,-0.010817772054088848,15.322857142857142,14.028446666666666,0.01566354293042233,0,0.41799999999999926,15.7867,15.53,15.3673
2015-05-07,141598459,14.7333,15.832,14.6833,15.7867,1.0534,7,5,2015,0.027646139825543425,15.383057142857142,14.122893333333332,0.018726563236114303,0,1.1487000000000016,15.774,15.362,15.53
2015-05-08,69981640,15.7327,15.894,15.58,15.774,0.04129999999999967,8,5,2015,-0.0008044746527140489,15.422671428571428,14.22557,0.01868331676324452,0,0.31400000000000006,15.966,15.7867,15.362
2015-05-11,84956958,15.7527,16.192,15.6873,15.966,0.2132999999999985,11,5,2015,0.012171928489920214,15.55067142857143,14.346659999999998,0.013202267146311841,0,0.5046999999999997,16.316,15.774,15.7867
2015-05-12,95186907,16.0073,16.4233,15.8793,16.316,0.3086999999999982,12,5,2015,0.021921583364649777,15.728857142857143,14.467036666666667,0.013473609196221687,0,0.5440000000000005,16.212,15.966,15.774
2015-05-13,81490294,16.5073,16.5533,16.15,16.212,-0.295300000000001,13,5,2015,-0.006374111301789553,15.84952857142857,14.587946666666666,0.014385903528816416,0,0.40330000000000155,16.2733,16.316,15.966
2015-05-14,42706224,16.3213,16.326,16.0833,16.2733,-0.04800000000000182,14,5,2015,0.003781149765605729,15.955714285714285,14.713523333333335,0.014393084111603721,0,0.24269999999999925,16.5893,16.212,16.316
2015-05-15,67790021,16.262,16.6267,16.1667,16.5893,0.32730000000000103,15,5,2015,0.01941831097564739,16.131042857142855,14.842056666666668,0.01266129841792866,0,0.46000000000000085,16.5833,16.2733,16.212
2015-05-18,50248940,16.4667,16.66,16.4,16.5833,0.11660000000000181,18,5,2015,-0.0003616789135165721,16.244842857142856,14.9435,0.010861767769397783,0,0.26000000000000156,16.476,16.5893,16.2733
2015-05-19,55022957,16.562,16.7333,16.41,16.476,-0.08600000000000207,19,5,2015,-0.006470364764552428,16.34512857142857,15.041033333333333,0.01172633329305007,0,0.3232999999999997,16.29,16.5833,16.5893
2015-05-20,56242157,16.4753,16.516,16.0915,16.29,-0.18530000000000157,20,5,2015,-0.011289147851420211,16.391414285714283,15.122543333333335,0.013046198937124524,0,0.4244999999999983,16.3747,16.476,16.5833
2015-05-21,29498490,16.202,16.4413,16.1572,16.3747,0.17269999999999897,21,5,2015,0.005199508901166494,16.399800000000003,15.2015,0.010216787072370613,0,0.2840999999999987,16.5153,16.29,16.476
2015-05-22,33289618,16.3587,16.5733,16.334,16.5153,0.15660000000000096,22,5,2015,0.008586416850385081,16.44312857142857,15.283343333333333,0.0100890517966093,0,0.23930000000000007,16.497,16.3747,16.29
2015-05-26,52364914,16.512,16.8,16.4333,16.497,-0.015000000000000568,26,5,2015,-0.001108063432090245,16.475085714285715,15.367066666666666,0.01017022883562571,0,0.3667000000000016,16.4953,16.5153,16.3747
2015-05-27,51059794,16.5673,16.6333,16.37,16.4953,-0.07199999999999918,27,5,2015,-0.00010304903921920516,16.461657142857142,15.455886666666666,0.0066714134671142485,0,0.2632999999999974,16.7633,16.497,16.5153
2015-05-28,54690918,16.4687,16.7867,16.3367,16.7633,0.29460000000000264,28,5,2015,0.016247052190623945,16.48737142857143,15.55282,0.009289732856636616,0,0.4499999999999993,16.72,16.4953,16.497
2015-05-29,56776652,16.7333,16.8579,16.6287,16.72,-0.013300000000000978,29,5,2015,-0.0025830236289992037,16.52222857142857,15.650820000000001,0.00883323104808487,0,0.2292000000000023,16.63,16.7633,16.4953
2015-06-01,37533551,16.7607,16.7733,16.498,16.63,-0.13070000000000093,1,6,2015,-0.005382775119617267,16.5708,15.74562,0.007521895759297221,1,0.2752999999999979,16.5567,16.72,16.7633
2015-06-02,31941554,16.5947,16.6267,16.42,16.5567,-0.038000000000000256,2,6,2015,-0.004407696933253158,16.596799999999998,15.841353333333332,0.007915481226715936,1,0.20669999999999789,16.5993,16.63,16.72
2015-06-03,26671517,16.5467,16.7147,16.4673,16.5993,0.052599999999998204,3,6,2015,0.0025729764989399495,16.6088,15.929306666666665,0.007336935631496357,1,0.24739999999999895,16.3947,16.5567,16.63
2015-06-04,36383802,16.5,16.62,16.3807,16.3947,-0.10529999999999973,4,6,2015,-0.012325820968353995,16.594185714285715,15.988153333333333,0.008873977346021626,1,0.23930000000000007,16.6093,16.5993,16.5567
2015-06-05,45297532,16.4,16.6467,16.3787,16.6093,0.20930000000000248,5,6,2015,0.013089596027984651,16.61047142857143,16.05602,0.010340030918298429,1,0.2680000000000007,17.086,16.3947,16.5993
2015-06-08,75104122,16.7233,17.25,16.6873,17.086,0.36270000000000024,8,6,2015,0.02870078811268373,16.65657142857143,16.14016333333333,0.013865146183246056,1,0.5626999999999995,17.0667,16.6093,16.3947
2015-06-09,38940866,17.0267,17.1827,16.9427,17.0667,0.03999999999999915,9,6,2015,-0.0011295797729133916,16.7061,16.194496666666666,0.013781569484846663,1,0.240000000000002,16.7133,17.086,16.6093
2015-06-10,51789439,16.7933,16.9333,16.5667,16.7133,-0.0799999999999983,10,6,2015,-0.02070699080665861,16.718,16.239430000000002,0.016321292188944812,1,0.36659999999999826,16.7607,17.0667,17.086
2015-06-11,30614580,16.884,16.958,16.6953,16.7607,-0.12330000000000041,11,6,2015,0.002836064690994622,16.747142857142858,16.28156333333333,0.01616290458433248,1,0.2626999999999988,16.7127,16.7133,17.0667
2015-06-12,21276844,16.6807,16.8973,16.6807,16.7127,0.03200000000000003,12,6,2015,-0.00286384220229452,16.763342857142856,16.33632,0.016253445805010387,1,0.21659999999999968,16.692,16.7607,16.7133
2015-06-15,32743964,16.6467,16.752,16.4007,16.692,0.045300000000001006,15,6,2015,-0.0012385790446787226,16.805814285714288,16.39043,0.015237116924390729,1,0.3512999999999984,16.8747,16.7127,16.7607
2015-06-16,29713755,16.6753,16.896,16.6063,16.8747,0.1994000000000007,16,6,2015,0.010945363048166845,16.84372857142857,16.44067666666667,0.015012626174694038,1,0.28969999999999985,17.3607,16.692,16.7127
2015-06-17,82508359,16.8113,17.624,16.8013,17.3607,0.5494000000000021,17,6,2015,0.028800512009102386,16.88297142857143,16.5017,0.015041803651090079,1,0.8226999999999975,17.4593,16.8747,16.692
2015-06-18,41721594,17.4667,17.564,17.3347,17.4593,-0.007400000000000517,18,6,2015,0.005679494490429482,16.939057142857145,16.57161,0.014997302391282856,1,0.2292999999999985,17.5007,17.3607,16.8747
2015-06-19,36883482,17.4933,17.5867,17.34,17.5007,0.0073999999999969646,19,6,2015,0.002371229087076765,17.051542857142856,16.628743333333333,0.010767497442287397,1,0.24670000000000059,17.3193,17.4593,17.3607
2015-06-22,68386046,17.4767,17.6267,17.046,17.3193,-0.15740000000000265,22,6,2015,-0.010365299673727346,17.131342857142858,16.680253333333333,0.012554130991639571,1,0.5807000000000002,17.8447,17.5007,17.4593
2015-06-23,57969001,17.3547,17.8667,17.238,17.8447,0.48999999999999844,23,6,2015,0.030336099034025787,17.293057142857144,16.742876666666668,0.01518828819938921,1,0.628700000000002,17.678,17.3193,17.5007
2015-06-24,36172362,17.7987,17.8233,17.5813,17.678,-0.12069999999999936,24,6,2015,-0.009341709303042345,17.433914285714284,16.788276666666665,0.01640367915201047,1,0.24200000000000088,17.9193,17.8447,17.3193
2015-06-25,42674874,17.7633,18.094,17.6833,17.9193,0.1559999999999988,25,6,2015,0.013649734132820335,17.583142857142857,16.845186666666667,0.01650661176810887,1,0.41070000000000206,17.806,17.678,17.8447
2015-06-26,57444871,17.926,17.9407,17.7333,17.806,-0.11999999999999744,26,6,2015,-0.006322791626904967,17.646757142857144,16.896276666666665,0.014620399971553953,1,0.2073999999999998,17.468,17.9193,17.678
2015-06-29,52071754,17.4633,17.73,17.38,17.468,0.004699999999999704,29,6,2015,-0.018982365494777054,17.648,16.925566666666665,0.01686699610386684,1,0.3500000000000014,17.884,17.806,17.9193
2015-06-30,46266502,17.6533,18.0613,17.6,17.884,0.2306999999999988,30,6,2015,0.02381497595603399,17.70275714285714,16.968923333333333,0.019124910444512266,1,0.4612999999999978,17.9433,17.468,17.806
2015-07-01,31500269,18.074,18.1747,17.8567,17.9433,-0.13070000000000093,1,7,2015,0.003315813017222169,17.791900000000002,17.017833333333332,0.01817650091979984,0,0.3180000000000014,18.668,17.884,17.468
2015-07-02,107333721,18.6797,18.83,18.2207,18.668,-0.011700000000001154,2,7,2015,0.040388334364358736,17.909514285714287,17.0971,0.020712600125821518,0,0.6092999999999975,18.648,17.9433,17.884
2015-07-06,61638854,18.592,18.7793,18.42,18.648,0.05600000000000094,6,7,2015,-0.0010713520462823922,18.048085714285715,17.172876666666664,0.01986726898019599,0,0.3592999999999975,17.8587,18.668,17.9433
2015-07-07,91445729,18.3333,18.3467,17.3847,17.8587,-0.47460000000000235,7,7,2015,-0.04232625482625485,18.039428571428573,17.217656666666663,0.027086689970774177,0,0.9619999999999997,16.9973,18.648,18.668
2015-07-08,93189103,17.288,17.3867,16.954,16.9973,-0.29070000000000107,8,7,2015,-0.0482341939782851,17.9239,17.234333333333332,0.032719975399792156,0,0.43270000000000053,17.1947,17.8587,18.648
2015-07-09,49946435,17.272,17.53,17.1193,17.1947,-0.07729999999999748,9,7,2015,0.01161360922028809,17.884857142857143,17.257646666666666,0.032764615512239414,0,0.41070000000000206,17.2767,16.9973,17.8587
2015-07-10,39078205,17.4813,17.5333,17.188,17.2767,-0.20459999999999923,10,7,2015,0.004768911350590654,17.7981,17.27476,0.031029209968889394,0,0.3453000000000017,17.4773,17.1947,16.9973
2015-07-13,44270933,17.4833,17.5033,17.07,17.4773,-0.006000000000000227,13,7,2015,0.011611013677380377,17.731528571428573,17.300003333333333,0.031532062976541396,0,0.43329999999999913,17.71,17.2767,17.1947
2015-07-14,28583521,17.4733,17.7327,17.3673,17.71,0.23670000000000258,14,7,2015,0.013314413553580984,17.594671428571427,17.336003333333334,0.026542797142226102,0,0.36540000000000106,17.5427,17.4773,17.2767
2015-07-15,30102885,17.7827,17.8327,17.472,17.5427,-0.23999999999999844,15,7,2015,-0.009446640316205568,17.43677142857143,17.36887,0.026409496346740464,0,0.3606999999999978,17.7787,17.71,17.4773
2015-07-16,23973783,17.6147,17.8133,17.544,17.7787,0.16400000000000148,16,7,2015,0.013452889235978427,17.42534285714286,17.408183333333334,0.022602530601031564,0,0.2693000000000012,18.3107,17.5427,17.71
2015-07-17,74950298,18.1667,18.3693,17.8833,18.3107,0.1440000000000019,17,7,2015,0.02992344772114941,17.61297142857143,17.472050000000003,0.011737885739029993,0,0.48600000000000065,18.8173,17.7787,17.5427
2015-07-20,74546273,18.3333,19.11,18.1693,18.8173,0.4839999999999982,20,7,2015,0.027666883297743805,17.84477142857143,17.545650000000002,0.013387457981973393,0,0.9406999999999996,17.7847,18.3107,17.7787
2015-07-21,91374434,18.0033,18.2333,17.77,17.7847,-0.21859999999999857,21,7,2015,-0.054875035206963685,17.91734285714286,17.56894,0.029187244072715748,0,0.46330000000000027,17.858,18.8173,18.3107
2015-07-22,46459867,17.418,17.9627,17.3907,17.858,0.4400000000000013,22,7,2015,0.004121520183078653,17.97172857142857,17.59531666666667,0.029020823883980484,0,0.5720000000000027,17.8133,17.7847,18.8173
2015-07-23,33337198,17.9767,17.9933,17.6847,17.8133,-0.16339999999999932,23,7,2015,-0.0025030798521670228,17.986485714285713,17.631983333333334,0.02873926972114945,0,0.308600000000002,17.694,17.858,17.7847
2015-07-24,42517794,17.8253,18.0727,17.5947,17.694,-0.13129999999999953,24,7,2015,-0.006697243071188574,18.008100000000002,17.663093333333332,0.028588040924453113,0,0.47800000000000153,16.8673,17.8133,17.858
2015-07-27,70333075,17.4953,17.6288,16.7193,16.8673,-0.6280000000000001,27,7,2015,-0.04672205267322249,17.8779,17.66824666666667,0.03311342973230236,0,0.9094999999999978,17.6547,17.694,17.8133
2015-07-28,58189921,17.05,17.6933,16.7892,17.6547,0.6046999999999976,28,7,2015,0.0466820415834186,17.784185714285716,17.700336666666665,0.036646291643200164,0,0.9040999999999997,17.588,16.8673,17.694
2015-07-29,41743269,17.618,17.8593,17.4667,17.588,-0.029999999999997584,29,7,2015,-0.0037780307793390255,17.608571428571427,17.72411333333333,0.03384974807708236,0,0.3926000000000016,17.786,17.6547,16.8673
2015-07-30,30459060,17.5127,17.796,17.474,17.786,0.27330000000000254,30,7,2015,0.011257675687968982,17.608757142857144,17.73829,0.02759976200185741,0,0.3219999999999992,17.7433,17.588,17.6547
2015-07-31,33270043,17.84,17.9573,17.6749,17.7433,-0.09669999999999845,31,7,2015,-0.0024007646463510834,17.59237142857143,17.747756666666668,0.02756078185419908,0,0.2823999999999991,17.3327,17.786,17.588
2015-08-03,38207441,17.7527,17.7807,17.138,17.3327,-0.4200000000000017,3,8,2015,-0.02314112932768997,17.523714285714284,17.742156666666666,0.02887167370705759,0,0.6426999999999978,17.752,17.7433,17.786
2015-08-04,35042262,17.334,17.7813,17.2227,17.752,0.41799999999999926,4,8,2015,0.02419126852711928,17.532,17.75658,0.03061690281133437,0,0.558600000000002,18.0087,17.3327,17.7433
2015-08-05,89538630,17.572,18.0667,17.36,18.0087,0.43670000000000186,5,8,2015,0.014460342496620315,17.69505714285714,17.762046666666667,0.022395403635665004,0,0.7067000000000014,16.4087,17.752,17.3327
2015-08-06,219267190,16.636,17.0,15.7413,16.4087,-0.2272999999999996,6,8,2015,-0.08884594668132628,17.517057142857144,17.719736666666666,0.03808901772469429,0,1.2586999999999993,16.1673,18.0087,17.752
2015-08-07,76043992,16.2387,16.2487,15.8927,16.1673,-0.07140000000000057,7,8,2015,-0.014711707813537811,17.3141,17.661336666666667,0.03802739207095784,0,0.35599999999999987,16.076,16.4087,18.0087
2015-08-10,62689574,15.8767,16.198,15.7367,16.076,0.19930000000000092,10,8,2015,-0.0056472014498401,17.069814285714283,17.60367,0.036874425967551576,0,0.4612999999999996,15.8247,16.1673,16.4087
2015-08-11,63913348,15.81,15.9533,15.6293,15.8247,0.014699999999999491,11,8,2015,-0.01563199800945514,16.795728571428572,17.548893333333336,0.0365345785597521,0,0.32399999999999984,15.878,16.076,16.1673
2015-08-12,55952042,15.6667,15.9847,15.516,15.878,0.2112999999999996,12,8,2015,0.0033681523188433538,16.587914285714284,17.482026666666666,0.03699581100506754,0,0.4687000000000001,16.1673,15.8247,16.076
2015-08-13,70249915,15.9907,16.432,15.9413,16.1673,0.17660000000000053,13,8,2015,0.018220178863836756,16.361528571428572,17.422826666666666,0.03608442910326212,0,0.4906999999999986,16.21,15.878,15.8247
2015-08-14,65410362,16.4827,16.5287,16.118,16.21,-0.2727000000000004,14,8,2015,0.0026411336463108004,16.10457142857143,17.340893333333334,0.034858293328443264,0,0.41070000000000206,16.9993,16.1673,15.878
2015-08-17,107525886,17.0373,17.106,16.7007,16.9993,-0.0379999999999967,17,8,2015,0.04869216533004317,16.18894285714286,17.285936666666665,0.022431624833348065,0,0.40530000000000044,17.3813,16.21,16.1673
2015-08-18,62790734,17.0253,17.3967,16.904,17.3813,0.3559999999999981,18,8,2015,0.022471513532910103,16.36237142857143,17.27002333333333,0.021282795908539206,0,0.49269999999999925,17.0167,16.9993,16.21
2015-08-19,53984028,17.3553,17.3767,17.0013,17.0167,-0.33859999999999957,19,8,2015,-0.020976566770034455,16.496757142857142,17.27067,0.023863869465931355,0,0.37539999999999907,16.1453,17.3813,16.9993
2015-08-20,73382513,16.804,16.9707,16.1267,16.1453,-0.6586999999999996,20,8,2015,-0.051208518690462945,16.542557142857145,17.235689999999998,0.032175494627944806,0,0.8440000000000012,15.3847,17.0167,17.3813
2015-08-21,98676476,15.7333,16.2533,15.3673,15.3847,-0.34859999999999935,21,8,2015,-0.04710968517153591,16.472085714285715,17.172623333333334,0.037394881909062115,0,0.8859999999999992,14.5913,16.1453,17.0167
2015-08-24,143437188,13.5193,15.4267,13.0,14.5913,1.072000000000001,24,8,2015,-0.05157071636106003,16.24694285714286,17.07642333333333,0.03974551652235441,0,2.4267000000000003,14.6687,15.3847,16.1453
2015-08-25,64705153,15.368,15.3933,14.608,14.6687,-0.6993000000000009,25,8,2015,0.0053045307820411836,16.026757142857143,16.975046666666668,0.039942137104545486,0,0.7852999999999994,14.9893,14.5913,15.3847
2015-08-26,74269463,15.1953,15.2,14.3673,14.9893,-0.20599999999999952,26,8,2015,0.021856060864289262,15.739614285714286,16.889933333333335,0.033794320958742914,0,0.8326999999999991,16.1993,14.6687,14.5913
2015-08-27,114686538,15.4,16.3167,15.3873,16.1993,0.7993000000000006,27,8,2015,0.08072424996497518,15.570757142857143,16.837286666666667,0.04898429725981179,0,0.9294000000000011,16.5653,14.9893,14.6687
2015-08-28,82609999,16.124,16.7633,16.1047,16.5653,0.4413000000000018,28,8,2015,0.022593568857913526,15.506271428571429,16.779106666666667,0.04996673719379509,0,0.6585999999999999,16.604,16.1993,14.9893
2015-08-31,70325560,16.3747,16.9967,16.3673,16.604,0.2292999999999985,31,8,2015,0.002336208822055763,15.5718,16.70533,0.04518585538970377,0,0.6294000000000004,15.9087,16.5653,16.1993
2015-09-01,81658474,16.0227,16.4,15.798,15.9087,-0.11400000000000077,1,9,2015,-0.04187545169838591,15.646657142857142,16.642796666666666,0.044215077998684495,1,0.6019999999999985,16.5127,16.604,16.5653
2015-09-02,68862821,16.3533,16.5253,15.9853,16.5127,0.159399999999998,2,9,2015,0.0379666471804736,15.921142857142856,16.597953333333333,0.03732595471205682,1,0.5400000000000009,16.3713,15.9087,16.604
2015-09-03,62772089,16.804,16.8053,16.3333,16.3713,-0.432699999999997,3,9,2015,-0.008563105972978158,16.164371428571428,16.549886666666666,0.038487715243898026,1,0.47199999999999775,16.1287,16.5127,15.9087
2015-09-04,55311812,16.0593,16.2727,15.88,16.1287,0.06939999999999813,4,9,2015,-0.014818615503961352,16.327142857142857,16.49771,0.040089497862009,1,0.3926999999999996,16.5447,16.3713,16.5127
2015-09-08,46948042,16.3367,16.6107,16.27,16.5447,0.2079999999999984,8,9,2015,0.02579253132614534,16.376485714285714,16.486956666666668,0.02766069505770776,1,0.3407000000000018,16.594,16.1287,16.3713
2015-09-09,50774690,16.8033,16.95,16.5535,16.594,-0.20929999999999893,9,9,2015,0.0029798062219321686,16.38058571428571,16.4516,0.026348457332791248,1,0.39649999999999963,16.5653,16.5447,16.1287
2015-09-10,40603090,16.482,16.7149,16.3553,16.5653,0.08330000000000126,10,9,2015,-0.0017295407978787924,16.37505714285714,16.41751,0.026347214792775412,1,0.35960000000000036,16.6827,16.594,16.5447
2015-09-11,35202012,16.5093,16.6827,16.3153,16.6827,0.1734000000000009,11,9,2015,0.007087103765099245,16.48562857142857,16.380733333333332,0.018809206660455696,1,0.36739999999999995,16.8793,16.5653,16.594
2015-09-14,43284128,16.74,16.95,16.6447,16.8793,0.1393000000000022,14,9,2015,0.011784663154045916,16.538,16.35193333333333,0.013457439036050137,1,0.305299999999999,16.9047,16.6827,16.5653
2015-09-15,43974083,16.85,16.9733,16.6333,16.9047,0.05469999999999686,15,9,2015,0.00150480173940859,16.6142,16.337666666666667,0.012491707287984358,1,0.33999999999999986,17.4833,16.8793,16.6827
2015-09-16,66085557,16.8693,17.5253,16.8587,17.4833,0.6140000000000008,16,9,2015,0.03422716759244482,16.807714285714287,16.32871,0.013464062869050435,1,0.6666000000000025,17.4713,16.9047,16.8793
2015-09-17,53628288,17.5973,17.7,17.3793,17.4713,-0.12600000000000122,17,9,2015,-0.0006863692781111652,16.940085714285715,16.31079666666667,0.012519513565416324,1,0.32069999999999865,17.3747,17.4833,16.9047
2015-09-18,56409632,17.1973,17.588,17.1667,17.3747,0.17740000000000222,18,9,2015,-0.005529067670980381,17.051614285714287,16.342996666666668,0.013452980343272398,1,0.42130000000000223,17.6133,17.4713,17.4833
2015-09-21,91719179,17.5987,18.1047,17.0533,17.6133,0.014599999999997948,21,9,2015,0.013732611210553136,17.201328571428572,16.391196666666666,0.01310984533902525,1,1.051400000000001,17.396,17.3747,17.4713
2015-09-22,54909618,17.2687,17.51,17.058,17.396,0.12730000000000175,22,9,2015,-0.012337267860082934,17.303228571428573,16.435196666666666,0.015405888593880271,1,0.45200000000000173,17.404,17.6133,17.3747
2015-09-23,38957531,17.4633,17.472,17.1723,17.404,-0.05930000000000035,23,9,2015,0.0004598758335248032,17.378185714285713,16.48784,0.015303655787097291,1,0.2997000000000014,17.5413,17.396,17.6133
2015-09-24,51639994,17.302,17.5633,17.0807,17.5413,0.23930000000000007,24,9,2015,0.007888991036543391,17.469128571428573,16.54328333333333,0.015286904576143519,1,0.4826000000000015,17.1273,17.404,17.396
2015-09-25,56570897,17.774,17.794,17.0767,17.1273,-0.6466999999999992,25,9,2015,-0.023601443450599335,17.41827142857143,16.57528333333333,0.012474984365955776,1,0.7173000000000016,16.562,17.5413,17.404
2015-09-28,73396658,17.1567,17.3193,16.4407,16.562,-0.5946999999999996,28,9,2015,-0.03300578608420479,17.28837142857143,16.587016666666667,0.016773431984270067,1,0.8785999999999987,16.4433,17.1273,17.5413
2015-09-29,55439552,16.6973,16.982,16.364,16.4433,-0.2539999999999978,29,9,2015,-0.007167008815360476,17.155314285714287,16.568483333333333,0.016753017982288364,1,0.6179999999999986,16.56,16.562,17.1273
2015-09-30,73886228,16.8,16.8267,16.156,16.56,-0.240000000000002,30,9,2015,0.007097115542500365,17.004842857142858,16.541106666666668,0.015476019017307009,1,0.6707000000000001,15.992,16.4433,16.562
2015-10-01,68523881,16.5007,16.5667,15.8087,15.992,-0.5086999999999975,1,10,2015,-0.034299516908212424,16.80427142857143,16.50695,0.018310807776254424,0,0.7580000000000009,16.5047,16.56,16.4433
2015-10-02,66114192,15.7067,16.5133,15.662,16.5047,0.798,2,10,2015,0.032059779889944906,16.6758,16.51893,0.024639703769445503,0,0.8513000000000002,16.41,15.992,16.56
2015-10-05,55267322,16.5893,16.656,16.2753,16.41,-0.17930000000000135,5,10,2015,-0.005737759547280397,16.514185714285713,16.553106666666668,0.023763343920416312,0,0.3806999999999974,16.0973,16.5047,15.992
2015-10-06,78520146,16.0,16.202,15.7053,16.0973,0.09730000000000061,6,10,2015,-0.019055453991468574,16.367042857142856,16.603306666666665,0.023364096067924365,0,0.49670000000000236,15.464,16.41,16.5047
2015-10-07,102066444,15.7753,15.8467,15.2747,15.464,-0.31129999999999924,7,10,2015,-0.03934200145365996,16.210185714285714,16.629816666666667,0.02455994098109751,0,0.572000000000001,15.1147,16.0973,16.41
2015-10-08,91889864,15.3387,15.3813,14.754,15.1147,-0.2240000000000002,8,10,2015,-0.02258794619762039,16.020385714285712,16.63399666666667,0.025004221368138815,0,0.6273,14.7127,15.464,16.0973
2015-10-09,92306264,14.7287,14.958,14.5573,14.7127,-0.016000000000000014,9,10,2015,-0.026596624478157027,15.756485714285715,16.584443333333333,0.024006917853060628,0,0.4007000000000005,14.372,15.1147,15.464
2015-10-12,57242536,14.866,14.8667,14.3513,14.372,-0.4939999999999998,12,10,2015,-0.023156864477628214,15.525057142857142,16.511333333333333,0.02297801924683395,0,0.5153999999999996,14.6167,14.7127,15.1147
2015-10-13,77522391,14.2187,14.8348,14.0753,14.6167,0.3979999999999997,13,10,2015,0.017026161981630983,15.255342857142859,16.44509,0.01802408579369172,0,0.7594999999999992,14.4587,14.372,14.7127
2015-10-14,46416517,14.7113,14.73,14.362,14.4587,-0.25259999999999927,14,10,2015,-0.010809553455978449,14.976585714285713,16.396756666666665,0.017589589997943255,0,0.3680000000000003,14.754,14.6167,14.372
2015-10-15,42538779,14.4287,14.782,14.2467,14.754,0.32530000000000037,15,10,2015,0.020423689543319856,14.784685714285715,16.338133333333335,0.022702063624909712,0,0.5352999999999994,15.134,14.4587,14.6167
2015-10-16,64913578,14.8693,15.3654,14.858,15.134,0.2646999999999995,16,10,2015,0.025755727260404093,14.737542857142857,16.29689,0.023037020928292927,0,0.5073999999999987,15.2067,14.754,14.4587
2015-10-19,37602521,15.1,15.41,14.996,15.2067,0.10670000000000002,19,10,2015,0.004803753138628242,14.750685714285714,16.266156666666667,0.021393133776988982,0,0.4139999999999997,14.202,15.134,14.754
2015-10-20,223155188,15.1813,15.24,13.4667,14.202,-0.9793000000000003,20,10,2015,-0.06606956144331111,14.677728571428572,16.188066666666668,0.03231407107179505,0,1.7733000000000008,14.006,15.2067,15.134
2015-10-21,62669309,14.1327,14.3207,13.92,14.006,-0.1266999999999996,21,10,2015,-0.013800873116462498,14.625442857142856,16.1018,0.03160307381509576,0,0.4007000000000005,14.1147,14.202,15.2067
2015-10-22,42281994,14.104,14.3833,13.96,14.1147,0.010699999999999932,22,10,2015,0.007760959588747562,14.55372857142857,16.020113333333335,0.03079661980349931,0,0.42329999999999934,13.9393,14.006,14.202
2015-10-23,63396133,14.3333,14.3567,13.846,13.9393,-0.39400000000000013,23,10,2015,-0.012426760752973887,14.479528571428572,15.928666666666667,0.030857302765948804,0,0.5106999999999999,14.3507,14.1147,14.006
2015-10-26,50823380,14.092,14.392,14.0,14.3507,0.25869999999999926,26,10,2015,0.029513677157389617,14.421914285714285,15.844380000000001,0.03225499148193658,0,0.39199999999999946,14.0233,13.9393,14.1147
2015-10-27,52692454,14.3227,14.4733,13.834,14.0233,-0.29939999999999856,27,10,2015,-0.022814218121763985,14.263242857142856,15.748333333333335,0.030063696295640215,0,0.6393000000000004,14.1973,14.3507,13.9393
2015-10-28,40903180,14.0873,14.23,13.8867,14.1973,0.10999999999999943,28,10,2015,0.012407921102736141,14.119042857142858,15.6388,0.03083355303147006,0,0.34330000000000105,14.1087,14.0233,14.3507
2015-10-29,26921132,14.1167,14.2499,14.0427,14.1087,-0.007999999999999119,29,10,2015,-0.006240623217090513,14.105714285714287,15.526713333333333,0.01818923069491918,0,0.20720000000000027,13.7953,14.1973,14.0233
2015-10-30,66486462,14.0267,14.1087,13.5927,13.7953,-0.23140000000000072,30,10,2015,-0.022213244310248403,14.075614285714286,15.407399999999999,0.01942714379263632,0,0.516,14.2527,14.1087,14.1973
2015-11-02,58867681,13.928,14.3867,13.8147,14.2527,0.3247,2,11,2015,0.03315621987198547,14.095328571428572,15.29538,0.02349866947185299,0,0.5719999999999992,13.89,13.7953,14.1087
2015-11-03,120976305,14.2567,14.296,13.85,13.89,-0.3666999999999998,3,11,2015,-0.025447809888652695,14.088285714285714,15.178513333333333,0.025246842743123353,0,0.44599999999999973,15.442,14.2527,13.7953
2015-11-04,190702855,15.1333,15.516,15.0133,15.442,0.3087,4,11,2015,0.11173506119510446,14.244185714285715,15.113113333333333,0.04917791078685691,0,0.5027000000000008,15.4513,13.89,14.2527
2015-11-05,67424126,15.372,15.639,15.2793,15.4513,0.07929999999999993,5,11,2015,0.0006022535940939377,14.448185714285716,15.043446666666666,0.04721088573287079,0,0.35970000000000013,15.4907,15.442,13.89
2015-11-06,36663942,15.38,15.5573,15.3,15.4907,0.11069999999999958,6,11,2015,0.0025499472536292256,14.632957142857142,14.988893333333333,0.04744258167388779,0,0.257299999999999,15.022,15.4513,15.442
2015-11-09,57692656,15.5327,15.5327,14.954,15.022,-0.5106999999999999,9,11,2015,-0.03025686379569681,14.763428571428571,14.93756,0.0499080943398223,0,0.5786999999999995,14.4333,15.4907,15.4513
2015-11-10,69186085,14.8987,14.9133,14.4053,14.4333,-0.4654000000000007,10,11,2015,-0.03918918918918923,14.854571428571429,14.87056,0.0520996330265615,0,0.5079999999999991,14.6053,15.022,15.4907
2015-11-11,50062490,14.518,14.632,14.242,14.6053,0.08729999999999905,11,11,2015,0.011916886644079971,14.904942857142856,14.805403333333333,0.050968937913264394,0,0.3899999999999988,14.196,14.4333,15.022
2015-11-12,43702643,14.5233,14.6,14.1773,14.196,-0.32730000000000103,12,11,2015,-0.02802407345278768,14.948657142857144,14.745536666666668,0.05123035179158013,0,0.42269999999999897,13.8127,14.6053,14.4333
2015-11-13,51347059,14.1967,14.1993,13.768,13.8127,-0.38400000000000034,13,11,2015,-0.027000563539025135,14.715900000000001,14.655803333333333,0.020019618728859673,0,0.43129999999999846,14.2873,14.196,14.6053
2015-11-16,43805408,13.7393,14.332,13.72,14.2873,0.548,16,11,2015,0.0343596834796962,14.549614285714284,14.585046666666667,0.02731701954395342,0,0.6120000000000001,14.2667,13.8127,14.196
2015-11-17,32224874,14.3467,14.4,14.0933,14.2667,-0.08000000000000007,17,11,2015,-0.0014418399557648565,14.37475714285714,14.524026666666666,0.027031909203547814,0,0.3067000000000011,14.738,14.2873,13.8127
2015-11-18,42152979,14.3,14.7587,14.168,14.738,0.43799999999999883,18,11,2015,0.03303496954446361,14.334185714285713,14.499826666666667,0.030077672586365588,0,0.5907,14.7867,14.2667,14.2873
2015-11-19,37493876,14.7027,15.0793,14.6867,14.7867,0.08399999999999963,19,11,2015,0.0033043832270320816,14.384671428571428,14.488893333333332,0.025310081769737026,0,0.39259999999999984,14.6673,14.738,14.2667
2015-11-20,65912952,14.8993,15.0,14.2387,14.6673,-0.2320000000000011,20,11,2015,-0.008074823997240799,14.393528571428572,14.48738,0.025360927968774982,0,0.7613000000000003,14.5167,14.7867,14.738
2015-11-23,37877921,14.49,14.612,14.312,14.5167,0.026699999999999946,23,11,2015,-0.01026773843856732,14.439342857142858,14.492203333333332,0.02274077484098129,0,0.3000000000000007,14.55,14.6673,14.7867
2015-11-24,37175816,14.358,14.7333,14.3333,14.55,0.19200000000000017,24,11,2015,0.002293909772882241,14.544671428571428,14.489980000000001,0.01851277170060068,0,0.40000000000000036,15.3093,14.5167,14.6673
2015-11-25,59804145,14.756,15.3883,14.6917,15.3093,0.5533000000000001,25,11,2015,0.0521855670103093,14.690671428571429,14.518333333333334,0.023390490657457554,0,0.6965999999999983,15.4407,14.55,14.5167
2015-11-27,29240280,15.404,15.4833,15.134,15.4407,0.03669999999999973,27,11,2015,0.008583018165428724,14.858385714285715,14.541223333333335,0.02286359105779361,0,0.3492999999999995,15.3507,15.3093,14.55
2015-11-30,38868056,15.4527,15.6187,15.272,15.3507,-0.10200000000000031,30,11,2015,-0.005828751287182521,14.945914285714286,14.548446666666667,0.021460948702629885,0,0.34670000000000023,15.8127,15.4407,15.3093
2015-12-01,55928402,15.404,15.8667,15.4033,15.8127,0.4086999999999996,1,12,2015,0.03009634739783862,15.092485714285713,14.568646666666666,0.02321192335657178,1,0.46340000000000003,15.466,15.3507,15.4407
2015-12-02,44709638,15.8,15.9067,15.4153,15.466,-0.3340000000000014,2,12,2015,-0.021925414382110597,15.206585714285714,14.61078,0.025475088881666524,1,0.4914000000000005,15.514,15.8127,15.3507
2015-12-03,44058473,15.6987,15.83,15.3333,15.514,-0.1847000000000012,3,12,2015,0.003103582050950404,15.349057142857143,14.661046666666666,0.024364937373448848,1,0.4967000000000006,15.3587,15.466,15.8127
2015-12-04,38580191,15.4973,15.5513,15.1773,15.3587,-0.1385999999999985,4,12,2015,-0.010010313265437554,15.464585714285715,14.702513333333334,0.025416720035117416,1,0.3739999999999988,15.4087,15.514,15.466
2015-12-07,47112936,15.18,15.7087,15.0767,15.4087,0.2286999999999999,7,12,2015,0.003255483862566466,15.478785714285715,14.751493333333334,0.01636579057465686,1,0.6319999999999997,15.1147,15.3587,15.514
2015-12-08,40233865,15.168,15.2533,14.9467,15.1147,-0.053300000000000125,8,12,2015,-0.01908013005639675,15.432214285714284,14.776959999999999,0.017538471635990562,1,0.30659999999999954,14.968,15.4087,15.3587
2015-12-09,45855517,15.1133,15.1667,14.7147,14.968,-0.14530000000000065,9,12,2015,-0.009705783111805033,15.377542857142856,14.808449999999999,0.01770632128217725,1,0.45199999999999996,15.138,15.1147,15.4087
2015-12-10,31051304,14.9807,15.2327,14.9093,15.138,0.15729999999999933,10,12,2015,0.011357562800641263,15.281157142857143,14.839806666666666,0.012411043118926216,1,0.32339999999999947,14.468,14.968,15.1147
2015-12-11,48886686,15.016,15.05,14.4427,14.468,-0.548,11,12,2015,-0.04425947945567443,15.138585714285712,14.851783333333334,0.018514413802797173,1,0.6073000000000004,14.572,15.138,14.968
2015-12-14,42416934,14.5007,14.728,14.3247,14.572,0.07129999999999903,14,12,2015,0.007188277578103364,15.004014285714286,14.877673333333332,0.019028973711373867,1,0.40329999999999977,14.7393,14.468,15.138
2015-12-15,33625273,14.788,14.8147,14.5333,14.7393,-0.04870000000000019,15,12,2015,0.011480922316772002,14.91552857142857,14.893893333333333,0.020470946442384595,1,0.28139999999999965,15.634,14.572,14.468
2015-12-16,76506607,14.8067,15.6587,14.7153,15.634,0.827300000000001,16,12,2015,0.060701661544306784,14.947714285714286,14.952026666666667,0.032582341908329183,1,0.9434000000000005,15.5593,14.7393,14.572
2015-12-17,49416875,15.596,15.8507,15.321,15.5593,-0.03669999999999973,17,12,2015,-0.00477804784444158,15.011228571428573,14.955936666666666,0.031429690590534624,1,0.5297000000000001,15.364,15.634,14.7393
2015-12-18,45120832,15.526,15.7267,15.286,15.364,-0.16199999999999903,18,12,2015,-0.012551978559446786,15.0678,14.953026666666666,0.03166269001887575,1,0.44069999999999965,15.504,15.5593,15.634
2015-12-21,29273700,15.446,15.722,15.4053,15.504,0.05799999999999983,21,12,2015,0.00911221036188481,15.120085714285713,14.953470000000001,0.031588940627031825,1,0.3166999999999991,15.33,15.364,15.5593
2015-12-22,29382525,15.666,15.77,15.3087,15.33,-0.3360000000000003,22,12,2015,-0.011222910216718285,15.243228571428572,14.963736666666668,0.024981506144317708,1,0.4612999999999996,15.3133,15.504,15.364
2015-12-23,23265453,15.4787,15.5633,15.2087,15.3133,-0.1654,23,12,2015,-0.0010893672537508614,15.34912857142857,14.99307,0.025251792165004124,1,0.3545999999999996,15.3713,15.33,15.504
2015-12-24,10654150,15.3707,15.4587,15.2187,15.3713,0.000600000000000378,24,12,2015,0.0037875572215002595,15.439414285714287,15.018603333333335,0.025210891198185266,1,0.2400000000000002,15.2633,15.3133,15.33
2015-12-28,28502551,15.4327,15.4653,15.036,15.2633,-0.16940000000000133,28,12,2015,-0.007026081073168822,15.386457142857143,15.05418,0.007890494128664369,1,0.42929999999999957,15.8127,15.3713,15.3133
2015-12-29,36036552,15.3373,15.848,15.3031,15.8127,0.4753999999999987,29,12,2015,0.03599483728944586,15.422657142857142,15.120846666666667,0.01676185276440549,1,0.5449000000000002,15.8727,15.2633,15.3713
2015-12-30,55416692,15.7733,16.2423,15.7114,15.8727,0.09939999999999927,30,12,2015,0.0037944184105180856,15.495328571428573,15.17369333333333,0.015411115454391866,1,0.5309000000000008,16.0007,15.8127,15.2633
2015-12-31,40707235,15.9007,16.23,15.8913,16.0007,0.09999999999999787,31,12,2015,0.00806416047679348,15.566285714285714,15.231493333333333,0.015366863080133073,1,0.3387000000000011,14.894,15.8727,15.8127
2016-01-04,102352599,15.3813,15.4253,14.6,14.894,-0.4872999999999994,4,1,2016,-0.06916572399957488,15.504000000000001,15.236693333333333,0.03196335139571334,0,0.8253000000000004,14.8953,16.0007,15.8727
2016-01-05,47782851,15.0907,15.126,14.6667,14.8953,-0.19539999999999935,5,1,2016,8.728346985376056e-05,15.444285714285714,15.240313333333335,0.03198222938668212,0,0.45929999999999893,14.6027,14.894,16.0007
2016-01-06,56615267,14.6667,14.67,14.3987,14.6027,-0.06400000000000006,6,1,2016,-0.019643780252831422,15.334485714285714,15.23816,0.03231744279198152,0,0.2713000000000001,14.3767,14.8953,14.894
2016-01-07,53260533,14.2793,14.5627,14.2447,14.3767,0.09740000000000038,7,1,2016,-0.015476589945695007,15.20782857142857,15.233493333333334,0.03248287031963264,0,0.3179999999999996,14.0667,14.6027,14.8953
2016-01-08,53585373,14.524,14.696,14.0513,14.0667,-0.45729999999999826,8,1,2016,-0.021562667371510802,14.958400000000001,15.217383333333334,0.02614152121644543,0,0.6447000000000003,13.8567,14.3767,14.6027
2016-01-11,61362614,14.2673,14.2967,13.5333,13.8567,-0.4106000000000005,11,1,2016,-0.014928874576126683,14.670399999999999,15.168963333333332,0.024662195336584803,0,0.763399999999999,13.998,14.0667,14.3767
2016-01-12,46185742,14.1067,14.2493,13.6873,13.998,-0.10870000000000068,12,1,2016,0.010197233107449799,14.3843,15.120873333333332,0.02506150798532061,0,0.5619999999999994,13.354,13.8567,14.0667
2016-01-13,61814864,14.134,14.1767,13.3333,13.354,-0.7800000000000011,13,1,2016,-0.04600657236748107,14.164299999999999,15.054316666666667,0.017738947275767185,0,0.8434000000000008,13.7453,13.998,13.8567
2016-01-14,97358636,13.4807,14.0,12.892,13.7453,0.2645999999999997,14,1,2016,0.029302081773251443,14.000014285714286,14.985403333333332,0.024223344295827905,0,1.1080000000000005,13.666,13.354,13.998
2016-01-15,79886555,13.2647,13.6713,13.15,13.666,0.4013000000000009,15,1,2016,-0.005769244760027048,13.866200000000001,14.925403333333334,0.023979868242228305,0,0.5213000000000001,13.648,13.7453,13.354
2016-01-19,60469035,13.914,14.0313,13.3853,13.648,-0.266,19,1,2016,-0.0013171374213376552,13.7621,14.863203333333333,0.023957178613600118,0,0.645999999999999,13.2467,13.666,13.7453
2016-01-20,87391606,13.2933,13.4187,12.75,13.2467,-0.04659999999999975,20,1,2016,-0.029403575615474686,13.644957142857141,14.792803333333334,0.02490754048851548,0,0.6686999999999994,13.3313,13.648,13.666
2016-01-21,47466336,13.4367,13.5487,13.0013,13.3313,-0.1053999999999995,21,1,2016,0.006386496259445762,13.5699,14.723556666666667,0.02525898872601656,0,0.5473999999999997,13.5033,13.2467,13.648
2016-01-22,46830967,13.6534,13.7,13.2687,13.5033,-0.15010000000000012,22,1,2016,0.012901967550051241,13.499228571428572,14.669843333333334,0.025553288327993008,0,0.43129999999999846,13.092,13.3313,13.2467
2016-01-25,40431100,13.3373,13.5713,13.0587,13.092,-0.2453000000000003,25,1,2016,-0.030459221079291665,13.4618,14.60731,0.02177561730140475,0,0.5126000000000008,12.904,13.5033,13.3313
2016-01-26,74353733,13.1133,13.188,12.592,12.904,-0.2093000000000007,26,1,2016,-0.014359914451573474,13.341614285714286,14.532843333333336,0.01678938321723802,0,0.5960000000000001,12.538,13.092,13.5033
2016-01-27,53660268,12.8253,12.884,12.3847,12.538,-0.2873000000000001,27,1,2016,-0.02836329820210781,13.180471428571428,14.46851,0.018208033118726093,0,0.49929999999999986,12.6467,12.904,13.092
2016-01-28,68794886,12.7193,12.752,12.1607,12.6467,-0.07260000000000133,28,1,2016,0.008669644281384503,13.037428571428572,14.404333333333334,0.019535486535450803,0,0.5913000000000004,12.7467,12.538,12.904
2016-01-29,42733914,12.6633,12.916,12.5387,12.7467,0.08340000000000103,29,1,2016,0.007907201088031002,12.966,14.337913333333335,0.01863886791923691,0,0.37729999999999997,13.1293,12.6467,12.538
2016-02-01,79435235,12.584,13.3013,12.1833,13.1293,0.545300000000001,1,2,2016,0.03001561188386015,12.937142857142858,14.254423333333333,0.022791688250853193,0,1.1180000000000003,12.1853,12.7467,12.6467
2016-02-02,86472212,12.828,12.8747,12.0153,12.1853,-0.6426999999999996,2,2,2016,-0.07190025363119135,12.748857142857142,14.141956666666667,0.03356823198450154,0,0.8594000000000008,11.5653,13.1293,12.7467
2016-02-03,118914541,12.2393,12.2627,11.3453,11.5653,-0.6739999999999995,3,2,2016,-0.05088097954092219,12.530757142857142,14.015333333333333,0.036027348822266755,0,0.9174000000000007,11.6887,12.1853,13.1293
2016-02-04,65691597,11.38,11.732,11.1327,11.6887,0.3087,4,2,2016,0.010669848598825915,12.357142857142858,13.888156666666669,0.03754184734669791,0,0.5992999999999995,10.84,11.5653,12.1853
2016-02-05,141517354,11.42,11.5333,10.5163,10.84,-0.5800000000000001,5,2,2016,-0.07260858778136159,12.114571428571429,13.73849,0.043698579816831645,0,1.0170000000000012,9.866,11.6887,11.5653
2016-02-08,139601240,10.4737,10.4767,9.7333,9.866,-0.6076999999999995,8,2,2016,-0.0898523985239853,11.717328571428572,13.556913333333334,0.04861559605889537,0,0.7433999999999994,9.8833,10.84,11.6887
2016-02-09,129594850,9.488,10.6527,9.4033,9.8833,0.39530000000000065,9,2,2016,0.001753496857895831,11.30827142857143,13.37398,0.047784099062550954,0,1.2493999999999996,9.578,9.866,10.84
2016-02-10,151570274,10.0333,10.3313,9.4493,9.578,-0.45530000000000115,10,2,2016,-0.03089049204213179,10.800942857142857,13.18447,0.038725680244916336,0,0.8820000000000014,10.0313,9.8833,9.866
2016-02-11,213553393,10.1333,10.884,9.8,10.0313,-0.10200000000000031,11,2,2016,0.04732720818542502,10.493228571428572,12.991756666666667,0.04896155494119076,0,1.0839999999999996,10.0693,9.578,9.8833
2016-02-12,108498906,10.3333,10.4673,9.58,10.0693,-0.26399999999999935,12,2,2016,0.003788143112059217,10.279514285714285,12.798310000000003,0.048757018686100925,0,0.8872999999999998,10.3447,10.0313,9.578
2016-02-16,83424528,10.58,10.8633,10.274,10.3447,-0.2353000000000005,16,2,2016,0.027350461303168982,10.087514285714287,12.609776666666669,0.05078813455041742,0,0.5893000000000015,11.2453,10.0693,10.0313
2016-02-17,87303916,10.6,11.2893,10.4453,11.2453,0.6453000000000007,17,2,2016,0.08705907372857613,10.145414285714285,12.488153333333335,0.05671997135527726,0,0.8440000000000012,11.118,10.3447,10.0693
2016-02-18,58246576,11.4947,11.53,10.9847,11.118,-0.3766999999999996,18,2,2016,-0.011320284919032808,10.324271428571427,12.362243333333334,0.039649364848140065,0,0.5452999999999992,11.1053,11.2453,10.3447
2016-02-19,44337458,10.9107,11.166,10.8333,11.1053,0.19459999999999944,19,2,2016,-0.001142291779096971,10.498842857142858,12.245663333333333,0.03986005078760663,0,0.3327000000000009,11.8493,11.118,11.2453
2016-02-22,75830062,11.3413,11.9273,11.3233,11.8493,0.5079999999999991,22,2,2016,0.06699503840508592,10.823314285714286,12.161416666666668,0.03715158733503507,0,0.604000000000001,11.814,11.1053,11.118
2016-02-23,89744850,11.744,12.1153,11.5787,11.814,0.07000000000000028,23,2,2016,-0.0029790789329326994,11.077985714285713,12.086326666666666,0.038409753294530224,0,0.5366,11.9333,11.8493,11.1053
2016-02-24,80780495,11.5167,11.9667,11.1893,11.9333,0.41659999999999897,24,2,2016,0.010098188589808599,11.344271428571428,12.022213333333333,0.0379204233863366,0,0.7774000000000001,12.4953,11.814,11.8493
2016-02-25,85905077,11.91,12.568,11.68,12.4953,0.5853000000000002,25,2,2016,0.047095103617607936,11.6515,11.972123333333334,0.0388345657052676,0,0.8879999999999999,12.6893,11.9333,11.814
2016-02-26,90810870,12.58,12.8,12.3333,12.6893,0.10929999999999929,26,2,2016,0.015525837714980728,11.857785714285715,11.949966666666667,0.028813772240946205,0,0.4667000000000012,12.7953,12.4953,11.9333
2016-02-29,67430996,12.8267,13.09,12.6148,12.7953,-0.03140000000000143,29,2,2016,0.008353494676617279,12.097399999999999,11.918299999999999,0.02636030216855146,0,0.4751999999999992,12.4233,12.6893,12.4953
2016-03-01,100435510,12.95,13.0632,12.18,12.4233,-0.5267,1,3,2016,-0.02907317530655784,12.285685714285714,11.876876666666666,0.031755361420075394,1,0.8832000000000004,12.556,12.7953,12.6893
2016-03-02,72879429,12.2487,12.568,12.1,12.556,0.3072999999999997,2,3,2016,0.01068154194135218,12.386642857142856,11.840476666666666,0.022692826129105035,1,0.46799999999999997,13.0493,12.4233,12.7953
2016-03-03,72344859,12.552,13.1613,12.2813,13.0493,0.49730000000000096,3,3,2016,0.03928798980567061,12.563114285714287,11.833896666666666,0.02465854767496016,1,0.8800000000000008,13.4027,12.556,12.4233
2016-03-04,97197821,13.2,13.602,13.1667,13.4027,0.2027000000000001,4,3,2016,0.02708191243974767,12.77302857142857,11.836276666666665,0.02497902451406563,1,0.4352999999999998,13.686,13.0493,12.556
2016-03-07,79966415,13.1787,13.98,13.16,13.686,0.5073000000000008,7,3,2016,0.021137531989823044,12.943128571428572,11.842366666666667,0.021441807440668276,1,0.8200000000000003,13.5067,13.4027,13.0493
2016-03-08,62632439,13.5667,13.8333,13.48,13.5067,-0.0600000000000005,8,3,2016,-0.013100979102732668,13.059899999999999,11.85619,0.023567759066231767,1,0.35329999999999906,13.9147,13.686,13.4027
2016-03-09,48113931,13.6347,13.9582,13.5193,13.9147,0.27999999999999936,9,3,2016,0.030207230485610914,13.219814285714287,11.889880000000002,0.024850198044710572,1,0.4389000000000003,13.6787,13.5067,13.686
2016-03-10,77873991,14.0,14.2193,13.3781,13.6787,-0.3213000000000008,10,3,2016,-0.016960480642773557,13.399157142857144,11.927903333333335,0.02171116506289402,1,0.8412000000000006,13.8333,13.9147,13.5067
2016-03-11,50087195,13.862,13.9613,13.6887,13.8333,-0.028700000000000614,11,3,2016,0.011302243634263576,13.58162857142857,11.967456666666667,0.02169638776409092,1,0.27259999999999884,14.3433,13.6787,13.9147
2016-03-14,60934530,14.1767,14.448,14.0427,14.3433,0.16659999999999897,14,3,2016,0.036867558717008864,13.766485714285713,12.020676666666667,0.021243297299014925,1,0.40530000000000044,14.556,13.8333,13.6787
2016-03-15,46998427,14.2847,14.598,14.1,14.556,0.2712999999999983,15,3,2016,0.014829223400472769,13.931242857142857,12.068233333333332,0.020455813282471366,1,0.4980000000000011,14.7953,14.3433,13.8333
2016-03-16,52678069,14.5333,14.8387,14.468,14.7953,0.2619999999999987,16,3,2016,0.016439956031876868,14.089714285714285,12.155233333333333,0.020182859775410143,1,0.37069999999999936,15.092,14.556,14.3433
2016-03-17,56536217,14.7647,15.2333,14.6667,15.092,0.32730000000000103,17,3,2016,0.02005366569113165,14.316185714285714,12.272789999999999,0.017144877696880563,1,0.5665999999999993,15.516,14.7953,14.556
2016-03-18,70571380,15.2733,15.632,15.204,15.516,0.24269999999999925,18,3,2016,0.02809435462496679,14.544942857142855,12.400366666666665,0.016871660718825718,1,0.42799999999999905,15.888,15.092,14.7953
2016-03-21,79335170,15.6893,15.992,15.6667,15.888,0.19870000000000054,21,3,2016,0.023975251353441696,14.860557142857143,12.568633333333333,0.008773088289819214,1,0.32530000000000037,15.616,15.516,15.092
2016-03-22,64545748,15.814,15.9327,15.5039,15.616,-0.1980000000000004,22,3,2016,-0.017119838872104776,15.115228571428572,12.7603,0.017041734105666163,1,0.42880000000000074,14.8387,15.888,15.516
2016-03-23,74043008,15.4913,15.6487,14.802,14.8387,-0.6526000000000014,23,3,2016,-0.049775870901639374,15.186000000000002,12.925479999999999,0.028392697793987502,1,0.8467000000000002,15.1833,15.616,15.888
2016-03-24,74349023,14.3853,15.2592,14.3333,15.1833,0.7979999999999983,24,3,2016,0.02322305862373386,15.275614285714287,13.112323333333334,0.029036423127475414,1,0.9259000000000004,15.3507,14.8387,15.616
2016-03-28,58178956,15.4407,15.654,15.0,15.3507,-0.08999999999999986,28,3,2016,0.011025271186105856,15.354957142857142,13.289636666666665,0.028795912179934782,1,0.6539999999999999,15.342,15.1833,14.8387
2016-03-29,60090525,15.326,15.492,15.022,15.342,0.016000000000000014,29,3,2016,-0.0005667493990501038,15.390671428571427,13.465393333333333,0.02812244077486214,1,0.47000000000000064,15.126,15.3507,15.1833
2016-03-30,60385020,15.6727,15.7,15.1,15.126,-0.5467000000000013,30,3,2016,-0.014078998826750122,15.334957142857144,13.62477,0.02622743660528257,1,0.5999999999999996,15.318,15.342,15.3507
2016-03-31,119634510,15.2893,15.828,15.0007,15.318,0.028699999999998838,31,3,2016,0.012693375644585503,15.253528571428571,13.760526666666665,0.024563638610787454,1,0.8272999999999993,15.8393,15.126,15.342
2016-04-01,239698530,16.3217,16.5267,15.55,15.8393,-0.48240000000000016,1,4,2016,0.03403185794490149,15.28542857142857,13.917903333333333,0.02774044823936922,0,0.976700000000001,16.466,15.318,15.126
2016-04-04,200717300,16.608,16.808,16.2427,16.466,-0.14199999999999946,4,4,2016,0.0395661424431637,15.5179,14.096593333333335,0.0188955124453588,0,0.5653000000000006,17.0313,15.8393,15.318
2016-04-05,148971976,16.0333,17.104,16.0,17.0313,0.9980000000000011,5,4,2016,0.03433134944734606,15.781900000000002,14.269326666666666,0.020115747352411308,0,1.1039999999999992,17.6947,16.466,15.8393
2016-04-06,175436312,16.9313,17.8493,16.8967,17.6947,0.7634000000000007,6,4,2016,0.038951812251560414,16.116757142857143,14.46535,0.021519647649405393,0,0.9526000000000003,17.1467,17.0313,16.466
2016-04-07,132683439,17.7633,17.956,16.9673,17.1467,-0.6166000000000018,7,4,2016,-0.03096972539800058,16.374571428571432,14.63913,0.028472965766513186,0,0.9886999999999979,16.6713,17.6947,17.0313
2016-04-08,110290550,17.3667,17.388,16.5347,16.6713,-0.6954000000000029,8,4,2016,-0.027725451544612145,16.59532857142857,14.77833,0.031237456322367435,0,0.8533000000000008,16.6613,17.1467,17.6947
2016-04-11,137345991,16.7333,17.266,16.3533,16.6613,-0.07199999999999918,11,4,2016,-0.000599833246357373,16.787228571428574,14.91073,0.03175901896133283,0,0.9126999999999974,16.5213,16.6713,17.1467
2016-04-12,86330222,16.6333,16.7867,16.242,16.5213,-0.11199999999999832,12,4,2016,-0.00840270567122614,16.884657142857144,15.03493,0.031007839568657623,0,0.5446999999999989,16.9687,16.6613,16.6713
2016-04-13,73823273,16.5673,17.0333,16.4887,16.9687,0.40139999999999887,13,4,2016,0.02708019344724688,16.95647142857143,15.186443333333333,0.029084867402967448,0,0.5445999999999991,16.7907,16.5213,16.6613
2016-04-14,61938839,16.8667,17.1226,16.7367,16.7907,-0.07600000000000051,14,4,2016,-0.01048990199602784,16.9221,15.3276,0.026262457363232964,0,0.38589999999999947,16.9673,16.9687,16.5213
2016-04-15,56228867,16.754,16.9733,16.608,16.9673,0.21330000000000027,15,4,2016,0.01051772707510712,16.818185714285715,15.4582,0.02048343565224291,0,0.36529999999999774,16.9253,16.7907,16.9687
2016-04-18,63948658,16.8153,17.2207,16.7773,16.9253,0.10999999999999943,18,4,2016,-0.0024753496431372257,16.786557142857145,15.575620000000002,0.017218649008847595,0,0.44340000000000046,16.4913,16.9673,16.7907
2016-04-19,95270352,16.8747,16.958,16.0834,16.4913,-0.38340000000000174,19,4,2016,-0.025642086107779516,16.76084285714286,15.66913,0.016704723918076845,0,0.8745999999999974,16.6647,16.9253,16.9673
2016-04-20,77885106,16.4173,16.9107,16.1,16.6647,0.24739999999999895,20,4,2016,0.010514634989358118,16.76132857142857,15.774396666666666,0.017313919273543966,0,0.8106999999999971,16.5527,16.4913,16.9253
2016-04-21,41656164,16.5993,16.7267,16.4607,16.5527,-0.046599999999997976,21,4,2016,-0.0067207930535801985,16.765814285714285,15.862329999999998,0.017186528025711766,0,0.2660000000000018,16.9167,16.6647,16.4913
2016-04-22,56746862,16.5927,16.9333,16.3807,16.9167,0.32399999999999807,22,4,2016,0.021990370151093064,16.758385714285716,15.970263333333332,0.015931354221822253,0,0.5525999999999982,16.788,16.5527,16.6647
2016-04-25,54976293,16.8673,17.1587,16.7173,16.788,-0.07929999999999993,25,4,2016,-0.00760786678252845,16.758,16.068753333333333,0.015659936365516054,0,0.441399999999998,16.916,16.9167,16.5527
2016-04-26,48266661,16.8033,17.0487,16.626,16.916,0.11270000000000024,26,4,2016,0.007624493685966183,16.75067142857143,16.15451,0.015374181844325971,0,0.42269999999999897,16.7647,16.788,16.9167
2016-04-27,47971551,16.85,17.0,16.6267,16.7647,-0.08530000000000015,27,4,2016,-0.008944194845116993,16.72772857142857,16.228133333333332,0.01571519670886964,0,0.3733000000000004,16.514,16.916,16.788
2016-04-28,37733906,16.6567,16.8953,16.496,16.514,-0.14270000000000138,28,4,2016,-0.014954040334751117,16.73097142857143,16.285423333333334,0.013281693814972231,0,0.3993000000000002,16.0507,16.7647,16.916
2016-04-29,81077419,16.5427,16.562,15.854,16.0507,-0.4920000000000009,29,4,2016,-0.028054983650236176,16.643257142857145,16.31738,0.01603846881447661,0,0.708000000000002,16.12,16.514,16.7647
2016-05-02,57584341,16.1,16.2127,15.6547,16.12,0.019999999999999574,2,5,2016,0.004317568704168773,16.581442857142857,16.337513333333334,0.016406816774550016,0,0.5580000000000016,15.488,16.0507,16.514
2016-05-03,64444843,15.824,15.9273,15.4413,15.488,-0.3360000000000003,3,5,2016,-0.03920595533498772,16.377342857142857,16.324180000000002,0.01676069493492561,0,0.48600000000000065,14.8373,16.12,16.0507
2016-05-04,128249996,15.3527,15.6307,14.6933,14.8373,-0.5153999999999996,4,5,2016,-0.042013171487603196,16.09867142857143,16.298223333333333,0.019875242729466298,0,0.9373999999999985,14.102,15.488,16.12
2016-05-05,168725016,15.2307,15.2427,13.986,14.102,-1.1287000000000003,5,5,2016,-0.04955753405269159,15.69667142857143,16.273666666666667,0.01966481284302971,0,1.2566999999999986,14.3287,14.8373,15.488
2016-05-06,85255082,14.058,14.4247,13.874,14.3287,0.2706999999999997,6,5,2016,0.0160757339384483,15.348671428571427,16.245179999999998,0.024781112378648006,0,0.5506999999999991,13.928,14.102,14.8373
2016-05-09,71594844,14.3813,14.41,13.7867,13.928,-0.4532999999999987,9,5,2016,-0.027964853755050978,14.979242857142859,16.197756666666667,0.02465978785522309,0,0.6233000000000004,13.9127,14.3287,14.102
2016-05-10,61020764,13.8367,13.9647,13.6667,13.9127,0.07599999999999874,10,5,2016,-0.0010985066053993409,14.673814285714286,16.150113333333334,0.025950467567527405,0,0.29800000000000004,13.9307,13.928,14.3287
2016-05-11,77394561,13.8393,14.3653,13.7367,13.9307,0.09140000000000015,11,5,2016,0.0012937819402416562,14.361057142857144,16.11027,0.025501024231498748,0,0.6285999999999987,13.8187,13.9127,13.928
2016-05-12,54751098,14.096,14.1113,13.5772,13.8187,-0.2773000000000003,12,5,2016,-0.008039796995125914,14.122585714285714,16.060293333333334,0.024355795728394147,0,0.5341000000000005,13.8407,13.9307,13.9127
2016-05-13,42309219,13.852,14.08,13.78,13.8407,-0.01130000000000031,13,5,2016,0.0015920455614493179,13.980214285714284,15.993673333333334,0.02202924607711593,0,0.3000000000000007,13.886,13.8187,13.9307
2016-05-16,44186288,13.8767,14.21,13.8613,13.886,0.009299999999999642,16,5,2016,0.0032729558476087828,13.949357142857142,15.907673333333332,0.013476186956866214,0,0.3487000000000009,13.644,13.8407,13.8187
2016-05-17,42630399,13.9367,13.988,13.6013,13.644,-0.29269999999999996,17,5,2016,-0.017427624945988707,13.851542857142858,15.794763333333332,0.0117774969323725,0,0.3866999999999994,14.078,13.886,13.8407
2016-05-18,83290338,13.9433,14.354,13.85,14.078,0.1346999999999987,18,5,2016,0.03180885370858988,13.872971428571429,15.674206666666667,0.015153216265797282,0,0.5039999999999996,14.3473,13.644,13.886
2016-05-19,102268779,14.2413,14.4527,13.82,14.3473,0.10599999999999987,19,5,2016,0.01912913766159985,13.935057142857143,15.580893333333334,0.01642199584073924,0,0.6326999999999998,14.6853,14.078,13.644
2016-05-20,134948123,14.466,14.7033,14.4233,14.6853,0.2193000000000005,20,5,2016,0.023558439567026523,14.042857142857143,15.514693333333334,0.01779230492577555,0,0.28000000000000114,14.4147,14.3473,14.078
2016-05-23,76451227,14.658,14.84,14.3907,14.4147,-0.24329999999999963,23,5,2016,-0.018426589855161324,14.128,15.439806666666668,0.019658858016062625,0,0.44929999999999914,14.5273,14.6853,14.3473
2016-05-24,45139882,14.44,14.5827,14.3453,14.5273,0.08730000000000082,24,5,2016,0.007811470235246087,14.226085714285714,15.37334,0.019555354629100366,0,0.23740000000000094,14.6387,14.4147,14.6853
2016-05-25,46969162,14.5273,14.7573,14.434,14.6387,0.11139999999999972,25,5,2016,0.007668321023176938,14.333614285714287,15.295673333333333,0.019482277165617165,0,0.3233000000000015,15.008,14.5273,14.4147
2016-05-26,60997650,14.7,15.0173,14.6033,15.008,0.30799999999999983,26,5,2016,0.025227649996242718,14.528471428571427,15.23625,0.016785635858195147,0,0.4139999999999997,14.8693,14.6387,14.5273
2016-05-27,54686853,14.9993,15.062,14.7167,14.8693,-0.129999999999999,27,5,2016,-0.009241737739871914,14.641514285714285,15.166316666666667,0.01662574171879073,0,0.34529999999999994,14.882,15.008,14.6387
2016-05-31,41800209,14.8693,14.9833,14.7667,14.882,0.012699999999998823,31,5,2016,0.0008541088013558351,14.7179,15.098206666666666,0.016002915159484103,0,0.21659999999999968,14.6373,14.8693,15.008
2016-06-01,44734028,14.7653,14.8267,14.4593,14.6373,-0.1280000000000001,1,6,2016,-0.016442682435156564,14.711042857142857,15.036406666666666,0.015552964569328483,1,0.36739999999999995,14.5973,14.882,14.8693
2016-06-02,30259170,14.6393,14.6606,14.474,14.5973,-0.041999999999999815,2,6,2016,-0.002732744426909295,14.73712857142857,14.967493333333334,0.013512607266357822,1,0.18660000000000032,14.5993,14.6373,14.882
2016-06-03,33391633,14.6667,14.796,14.534,14.5993,-0.06740000000000101,3,6,2016,0.0001370116391385956,14.747414285714285,14.902379999999999,0.01325990736470954,1,0.2619999999999987,14.712,14.5973,14.6373
2016-06-06,33639493,14.5333,14.7267,14.3633,14.712,0.1786999999999992,6,6,2016,0.007719548197516302,14.757885714285715,14.828890000000001,0.013264355132016408,1,0.3633999999999986,15.4893,14.5993,14.5973
2016-06-07,92912264,14.816,15.6293,14.768,15.4893,0.6732999999999993,7,6,2016,0.0528344208809135,14.826642857142858,14.785599999999999,0.022576814164214306,1,0.8613,15.7013,14.712,14.5993
2016-06-08,89476605,15.5867,16.0563,15.507,15.7013,0.11459999999999937,8,6,2016,0.013686867708676331,14.9455,14.74511,0.02186348108641258,1,0.5493000000000006,15.2907,15.4893,14.712
2016-06-09,66813297,15.6653,15.6887,15.1373,15.2907,-0.37460000000000093,9,6,2016,-0.02615070089737792,15.003885714285715,14.695976666666667,0.02542811320596515,1,0.551400000000001,14.586,15.7013,15.4893
2016-06-10,89918175,15.1593,15.198,14.5615,14.586,-0.5732999999999997,10,6,2016,-0.046086837097058964,14.996557142857142,14.63171,0.031234836420993495,1,0.6364999999999998,14.5247,15.2907,15.7013
2016-06-13,62817464,14.6333,15.0513,14.5107,14.5247,-0.10860000000000092,13,6,2016,-0.004202660085013132,14.986185714285714,14.580843333333332,0.03126053695578931,1,0.5405999999999995,14.3307,14.586,15.2907
2016-06-14,53637303,14.592,14.8133,14.1687,14.3307,-0.2613000000000003,14,6,2016,-0.013356558138894359,14.947814285714287,14.521199999999999,0.03164317723073477,1,0.6446000000000005,14.5133,14.5247,14.586
2016-06-15,43575008,14.4633,14.7933,14.342,14.5133,0.049999999999998934,15,6,2016,0.012741875833001792,14.919428571428572,14.48871,0.0319615043158543,1,0.4512999999999998,14.5287,14.3307,14.5247
2016-06-16,36580362,14.4947,14.536,14.2333,14.5287,0.034000000000000696,16,6,2016,0.0010610956846479613,14.782200000000001,14.478423333333334,0.021602986870339336,1,0.30269999999999975,14.3647,14.5133,14.3307
2016-06-17,46615987,14.5207,14.666,14.3,14.3647,-0.15600000000000058,17,6,2016,-0.011288002367727423,14.591257142857144,14.487179999999999,0.019176872139245182,1,0.36599999999999966,14.6467,14.5287,14.5133
2016-06-20,53246493,14.6333,14.9167,14.5487,14.6467,0.013399999999998968,20,6,2016,0.019631457670539643,14.499257142857143,14.49778,0.021409965331030064,1,0.3680000000000003,14.6407,14.3647,14.5287
2016-06-21,42834264,14.712,14.8379,14.5873,14.6407,-0.07129999999999903,21,6,2016,-0.00040964858978465024,14.507071428571427,14.521536666666666,0.01204179607762237,1,0.2505999999999986,13.1107,14.6467,14.3647
2016-06-22,355591322,13.298,13.73,13.05,13.1107,-0.18730000000000047,22,6,2016,-0.10450319998360746,14.305071428571429,14.494803333333332,0.04174492377068244,1,0.6799999999999997,13.0933,14.6407,14.6467
2016-06-23,151472774,13.046,13.17,12.8087,13.0933,0.0472999999999999,23,6,2016,-0.00132716025841495,14.1283,14.46689,0.04200971158612241,1,0.36129999999999995,12.8767,13.1107,14.6407
2016-06-24,104834183,12.67,13.008,12.6487,12.8767,0.20669999999999966,24,6,2016,-0.016542811972535598,13.894500000000003,14.43549,0.040566972698125744,1,0.3592999999999993,13.2367,13.0933,13.1107
2016-06-27,108177291,12.724,13.254,12.5247,13.2367,0.5127000000000006,27,6,2016,0.027957473576304626,13.709928571428572,14.415356666666666,0.04363198498374898,1,0.7293000000000003,13.4527,12.8767,13.0933
2016-06-28,92384894,13.4593,13.6033,13.294,13.4527,-0.006600000000000605,28,6,2016,0.016318266637454837,13.579642857142858,14.400913333333333,0.04497151247206446,1,0.30930000000000035,14.0127,13.2367,12.8767
2016-06-29,89806755,13.6753,14.1187,13.5333,14.0127,0.3374000000000006,29,6,2016,0.04162733131638996,13.489071428571426,14.413203333333334,0.04792868173316724,1,0.5853999999999999,14.152,13.4527,13.2367
2016-06-30,71916564,14.198,14.2333,13.9347,14.152,-0.04600000000000115,30,6,2016,0.00994098210908656,13.419257142857143,14.415669999999999,0.04826207407280004,1,0.2986000000000004,14.4333,14.0127,13.4527
2016-07-01,80940410,13.7427,14.5493,13.7333,14.4333,0.6905999999999999,1,7,2016,0.019877049180327955,13.608199999999998,14.418536666666666,0.019071148525849964,0,0.8160000000000007,14.2653,14.152,14.0127
2016-07-05,77547441,13.982,14.3029,13.8667,14.2653,0.28330000000000055,5,7,2016,-0.011639749745380401,13.77562857142857,14.404536666666665,0.020772962150777795,0,0.4361999999999995,14.296,14.4333,14.152
2016-07-06,73654238,14.0,14.3487,13.9333,14.296,0.2959999999999994,6,7,2016,0.00215207531562589,13.978385714285713,14.40058,0.0173328017175332,0,0.4154,14.396,14.2653,14.4333
2016-07-07,54050748,14.2067,14.5413,14.2007,14.396,0.18930000000000113,7,7,2016,0.006994963626189232,14.144,14.396203333333334,0.016549686181292374,0,0.34060000000000024,14.452,14.296,14.2653
2016-07-08,61006934,14.52,14.654,14.3,14.452,-0.06799999999999962,8,7,2016,0.0038899694359544323,14.286757142857143,14.38998,0.01669792762248261,0,0.3539999999999992,14.9853,14.396,14.296
2016-07-11,80535950,14.664,15.1187,14.634,14.9853,0.3213000000000008,11,7,2016,0.03690146692499319,14.425699999999997,14.389223333333332,0.015258731142690541,0,0.48470000000000013,14.9767,14.452,14.396
2016-07-12,68608091,14.94,15.1667,14.8813,14.9767,0.03669999999999973,12,7,2016,-0.0005738957511696174,14.543514285714286,14.392803333333335,0.015744441584097293,0,0.285400000000001,14.8353,14.9853,14.452
2016-07-13,53110458,15.0333,15.0393,14.686,14.8353,-0.1980000000000004,13,7,2016,-0.009441332202688169,14.600942857142858,14.391246666666666,0.01602645463793423,0,0.35330000000000084,14.7687,14.9767,14.9853
2016-07-14,39868465,14.8747,14.996,14.7367,14.7687,-0.10599999999999987,14,7,2016,-0.004489292430891134,14.672857142857143,14.395626666666667,0.015059141591070052,0,0.25929999999999964,14.6933,14.8353,14.9767
2016-07-15,33462298,14.8347,14.85,14.6427,14.6933,-0.14139999999999908,15,7,2016,-0.005105391808351456,14.729614285714286,14.398826666666666,0.015535176051164666,0,0.20730000000000004,15.0833,14.7687,14.8353
2016-07-18,50918795,14.6427,15.1393,14.5533,15.0833,0.4405999999999999,18,7,2016,0.026542709942626752,14.8278,14.41496,0.017756128838108714,0,0.5860000000000003,15.0173,14.6933,14.7687
2016-07-19,45713002,15.0,15.2733,14.9833,15.0173,0.017300000000000537,19,7,2016,-0.004375700277790551,14.908557142857143,14.425136666666667,0.01825121856818318,0,0.2900000000000009,15.224,15.0833,14.6933
2016-07-20,38341766,15.098,15.32,15.0,15.224,0.12599999999999945,20,7,2016,0.013764125375400393,14.942657142857144,14.416293333333334,0.012979121805486507,0,0.3200000000000003,14.7,15.0173,15.0833
2016-07-21,66386307,15.0667,15.1898,14.6067,14.7,-0.3667000000000016,21,7,2016,-0.03441933788754603,14.90312857142857,14.382916666666667,0.019101878256479306,0,0.5831,14.818,15.224,15.0173
2016-07-22,38556911,14.7993,14.9667,14.592,14.818,0.01869999999999905,22,7,2016,0.008027210884353764,14.900657142857144,14.36716,0.01918531823982765,0,0.3746999999999989,15.334,14.7,15.224
2016-07-25,67192211,14.818,15.426,14.7581,15.334,0.516,25,7,2016,0.034822513159670665,14.981414285714285,14.392093333333332,0.023024492884817598,0,0.6678999999999995,15.3007,14.818,14.7
2016-07-26,51408739,15.1793,15.3333,15.02,15.3007,0.12140000000000128,26,7,2016,-0.0021716447110994297,15.068185714285715,14.417959999999999,0.022822795920626818,0,0.3132999999999999,15.2327,15.334,14.818
2016-07-27,43305398,15.2893,15.5573,15.128,15.2327,-0.056600000000001316,27,7,2016,-0.004444241113151781,15.089528571428572,14.448026666666667,0.021122145627477416,0,0.42929999999999957,15.374,15.3007,15.334
2016-07-28,36231912,15.1967,15.384,15.1067,15.374,0.17730000000000068,28,7,2016,0.009276096818029655,15.140485714285715,14.476716666666666,0.02110863869046056,0,0.2773000000000003,15.6527,15.2327,15.3007
2016-07-29,45923587,15.38,15.6853,15.3493,15.6527,0.2726999999999986,29,7,2016,0.018128008325744682,15.201728571428571,14.514183333333333,0.021520964001205692,0,0.3360000000000003,15.334,15.374,15.2327
2016-08-01,60210690,15.7,15.7753,15.292,15.334,-0.36599999999999966,1,8,2016,-0.02036070454298622,15.2923,14.546493333333334,0.01762186090441317,0,0.48329999999999984,15.1467,15.6527,15.374
2016-08-02,58930561,15.2913,15.3247,14.76,15.1467,-0.1446000000000005,2,8,2016,-0.012214686317986168,15.339257142857141,14.56316,0.0188842897669985,0,0.5647000000000002,15.0527,15.334,15.6527
2016-08-03,57131176,15.158,15.3133,14.9473,15.0527,-0.10529999999999973,3,8,2016,-0.006205972257983583,15.299071428571427,14.576893333333334,0.012878654564292455,0,0.36599999999999966,15.374,15.1467,15.334
2016-08-04,62132294,15.046,15.3907,14.8033,15.374,0.3280000000000012,4,8,2016,0.021345007872341837,15.309542857142858,14.652336666666667,0.015747718307108166,0,0.5874000000000006,15.3353,15.0527,15.1467
2016-08-05,47855106,15.3333,15.4667,15.16,15.3353,0.002000000000000668,5,8,2016,-0.0025172368934565093,15.3242,14.72707,0.015657572306024024,0,0.3066999999999993,15.0773,15.374,15.0527
2016-08-08,33891958,15.2,15.3067,15.0727,15.0773,-0.12270000000000003,8,8,2016,-0.016823929104745283,15.281814285714287,14.800423333333333,0.016463088657501408,0,0.23399999999999999,15.272,15.3353,15.374
2016-08-09,32996474,15.1213,15.4358,15.11,15.272,0.1507000000000005,9,8,2016,0.012913452673887216,15.227428571428572,14.868266666666667,0.015452412883058392,0,0.325800000000001,15.0433,15.0773,15.3353
2016-08-10,35047422,15.216,15.3247,14.9747,15.0433,-0.17269999999999897,10,8,2016,-0.014975117862755405,15.1859,14.921286666666667,0.014577009963953978,0,0.34999999999999964,14.994,15.272,15.0773
2016-08-11,28154371,15.078,15.1713,14.894,14.994,-0.08399999999999963,11,8,2016,-0.0032772064640073095,15.164085714285715,14.953996666666667,0.013977670486984105,0,0.2773000000000003,15.0407,15.0433,15.272
2016-08-12,27177736,15.0273,15.11,14.936,15.0407,0.013399999999998968,12,8,2016,0.0031145791649993537,15.16237142857143,14.98362,0.013883056766417998,0,0.1739999999999995,15.0393,14.994,15.0433
2016-08-15,30269445,15.068,15.3,14.9953,15.0393,-0.028699999999998838,15,8,2016,-9.308077416603222e-05,15.11455714285714,15.00382,0.010278040083050636,0,0.3047000000000004,14.9073,15.0407,14.994
2016-08-16,33766708,15.0327,15.146,14.894,14.9073,-0.12540000000000084,16,8,2016,-0.00877700424886807,15.053414285714286,15.025220000000001,0.010489627832268717,0,0.25200000000000067,14.8827,15.0393,15.0407
2016-08-17,26796107,14.9553,14.9887,14.8533,14.8827,-0.07259999999999955,17,8,2016,-0.0016501982250306524,15.025614285714285,15.044776666666667,0.008831914323200246,0,0.13539999999999885,14.9007,14.9073,15.0393
2016-08-18,25489487,14.9213,15.044,14.8193,14.9007,-0.02059999999999995,18,8,2016,0.0012094579612571543,14.97257142857143,15.0616,0.006331599060089208,0,0.22470000000000034,15.0,14.8827,14.9073
2016-08-19,24879228,14.9027,15.0113,14.8353,15.0,0.09730000000000061,19,8,2016,0.006664116450904922,14.966385714285716,15.079866666666668,0.004915181628574508,0,0.17600000000000016,14.862,14.9007,14.8827
2016-08-22,30925365,14.9447,15.0073,14.8453,14.862,-0.08269999999999911,22,8,2016,-0.009199999999999986,14.947528571428572,15.075756666666669,0.005903227817684094,0,0.1620000000000008,14.9893,15.0,14.9007
2016-08-23,71216139,14.9547,15.2327,14.8533,14.9893,0.0345999999999993,23,8,2016,0.008565468981294622,14.940185714285715,15.076176666666665,0.00685699206250615,0,0.3793999999999986,14.8413,14.862,15.0
2016-08-24,38504186,15.1367,15.1433,14.8147,14.8413,-0.295399999999999,24,8,2016,-0.009873709913071349,14.911900000000001,15.076376666666668,0.007710992128433326,0,0.3285999999999998,14.7307,14.9893,14.862
2016-08-25,26403167,14.874,14.92,14.718,14.7307,-0.14329999999999998,25,8,2016,-0.007452177369906887,14.886671428571429,15.075109999999999,0.007527162013699538,0,0.20199999999999996,14.666,14.8413,14.9893
2016-08-26,33571288,14.8093,14.857,14.588,14.666,-0.14329999999999998,26,8,2016,-0.004392187743963327,14.855714285714285,15.0742,0.00759657812801236,0,0.26900000000000013,14.3467,14.7307,14.8413
2016-08-29,48920691,14.6767,14.6933,14.3333,14.3467,-0.33000000000000007,29,8,2016,-0.021771444156552633,14.77657142857143,15.049646666666668,0.010394438340966846,0,0.3600000000000012,14.0893,14.666,14.7307
2016-08-30,47463306,14.4073,14.4073,14.0347,14.0893,-0.3179999999999996,30,8,2016,-0.0179414081286986,14.646471428571429,15.018713333333332,0.00979719820933624,0,0.3725999999999985,14.134,14.3467,14.666
2016-08-31,49122785,14.0287,14.1733,13.91,14.134,0.10529999999999973,31,8,2016,0.0031726203572923772,14.54247142857143,14.982380000000001,0.010792518911485964,0,0.2632999999999992,13.3847,14.0893,14.3467
2016-09-01,118986601,13.934,14.0733,13.3667,13.3847,-0.5492999999999988,1,9,2016,-0.053014008773171084,14.313242857142857,14.938536666666666,0.018348329674082734,1,0.7065999999999999,13.1853,14.134,14.0893
2016-09-02,89552265,13.4887,13.5467,13.08,13.1853,-0.3033999999999999,2,9,2016,-0.014897606969151433,14.076671428571428,14.884113333333335,0.01817090127890272,1,0.46669999999999945,13.522,13.3847,14.134
2016-09-06,65792862,13.268,13.55,13.2667,13.522,0.25399999999999956,6,9,2016,0.02553601359089286,13.904,14.823713333333334,0.024215345067907516,1,0.28330000000000055,13.4473,13.1853,13.3847
2016-09-07,54568743,13.7,13.7665,13.3807,13.4473,-0.25269999999999904,7,9,2016,-0.005524330720307669,13.7299,14.761933333333333,0.02416055267306459,1,0.3858000000000015,13.1573,13.522,13.1853
2016-09-08,50584370,13.3033,13.326,13.0907,13.1573,-0.1460000000000008,8,9,2016,-0.021565667457407844,13.559985714285714,14.692753333333334,0.024146892606912326,1,0.2353000000000005,12.9647,13.4473,13.522
2016-09-09,56305982,13.2727,13.328,12.9133,12.9647,-0.30799999999999983,9,9,2016,-0.014638261649426498,13.39932857142857,14.612443333333335,0.024044254865509377,1,0.41469999999999985,13.22,13.1573,13.4473
2016-09-12,55710707,13.0,13.4246,12.94,13.22,0.22000000000000064,12,9,2016,0.019691932709588356,13.268757142857142,14.531353333333332,0.026424292647711373,1,0.48460000000000036,13.07,12.9647,13.1573
2016-09-13,53747073,13.1373,13.2327,12.8967,13.07,-0.06729999999999947,13,9,2016,-0.0113464447806354,13.2238,14.455886666666666,0.018378042943486474,1,0.3360000000000003,13.094,13.22,12.9647
2016-09-14,33842128,13.05,13.195,12.9904,13.094,0.04399999999999871,14,9,2016,0.001836266258607333,13.210757142857144,14.387463333333335,0.017685624927962607,1,0.204600000000001,13.3613,13.07,13.22
2016-09-15,46244107,13.0993,13.5013,13.0933,13.3613,0.26200000000000045,15,9,2016,0.020413930044295148,13.1878,14.331083333333334,0.016476167091651187,1,0.40800000000000125,13.6933,13.094,13.07
2016-09-16,46563967,13.3613,13.7133,13.2667,13.6933,0.33200000000000074,16,9,2016,0.024847881568410335,13.222942857142858,14.27506,0.01906352474800453,1,0.4466000000000001,13.756,13.3613,13.094
2016-09-19,34474753,13.8,13.962,13.6667,13.756,-0.04400000000000048,19,9,2016,0.0045788816428471435,13.308471428571428,14.222416666666668,0.015785173343088002,1,0.29529999999999923,13.6427,13.6933,13.3613
2016-09-20,36128322,13.79,13.85,13.594,13.6427,-0.14729999999999954,20,9,2016,-0.008236405931956958,13.405328571428571,14.174596666666666,0.014489782334680113,1,0.2560000000000002,13.6813,13.756,13.6933
2016-09-21,39469255,13.758,13.8,13.4373,13.6813,-0.07669999999999888,21,9,2016,0.0028293519611222173,13.471228571428572,14.121573333333334,0.013471165310879501,1,0.36270000000000024,13.762,13.6427,13.756
2016-09-22,35723982,13.76,13.8187,13.5333,13.762,0.002000000000000668,22,9,2016,0.005898562271129171,13.570085714285714,14.078863333333334,0.011404149260004997,1,0.2853999999999992,13.83,13.6813,13.6427
2016-09-23,43561853,13.7327,14.012,13.7113,13.83,0.09730000000000061,23,9,2016,0.004941142275831867,13.675228571428573,14.040063333333332,0.01120799209191625,1,0.30070000000000086,13.9327,13.762,13.6813
2016-09-26,35900577,13.7667,14.0667,13.7667,13.9327,0.16600000000000037,26,9,2016,0.007425885755603767,13.756857142857143,14.00313,0.009773633505108261,1,0.3000000000000007,13.7207,13.83,13.762
2016-09-27,50518580,13.9767,13.9988,13.6406,13.7207,-0.25599999999999845,27,9,2016,-0.015216002641268322,13.760771428571429,13.959176666666668,0.008582766226875026,1,0.3582000000000001,13.7513,13.9327,13.83
2016-09-28,31189844,13.834,13.8833,13.684,13.7513,-0.08269999999999911,28,9,2016,0.002230206913641508,13.7601,13.920643333333334,0.00843300622553487,1,0.19930000000000092,13.38,13.7207,13.9327
2016-09-29,40710580,13.7067,13.822,13.372,13.38,-0.3266999999999989,29,9,2016,-0.02700108353392039,13.72257142857143,13.870553333333334,0.013146162544117778,1,0.4499999999999993,13.602,13.7513,13.7207
2016-09-30,38725931,13.4807,13.6653,13.3033,13.602,0.12129999999999974,30,9,2016,0.016591928251121102,13.711242857142858,13.827263333333333,0.015008021395700856,1,0.3620000000000001,14.2467,13.38,13.7513
2016-10-03,89840085,14.1533,14.3779,13.8833,14.2467,0.09340000000000082,3,10,2016,0.04739744155271275,13.780485714285716,13.802153333333335,0.023727495163639378,0,0.49460000000000015,14.094,13.602,13.38
2016-10-04,53069268,14.2067,14.2213,13.9213,14.094,-0.11270000000000024,4,10,2016,-0.010718271599738927,13.818200000000001,13.776553333333334,0.024481697625081407,0,0.29999999999999893,13.8973,14.2467,13.602
2016-10-05,28086826,14.1493,14.21,13.8747,13.8973,-0.25200000000000067,5,10,2016,-0.013956293458209146,13.813142857142859,13.740153333333334,0.025156058140354154,0,0.33530000000000015,13.4,14.094,14.2467
2016-10-06,70469020,13.4973,13.614,13.3473,13.4,-0.09729999999999883,6,10,2016,-0.03578392925244467,13.76732857142857,13.692109999999998,0.02822983857029127,0,0.26670000000000016,13.1073,13.8973,14.094
2016-10-07,52342174,13.4,13.4213,13.0533,13.1073,-0.29269999999999996,7,10,2016,-0.021843283582089534,13.67532857142857,13.637996666666668,0.028939061848348453,0,0.3680000000000003,13.3967,13.4,13.8973
2016-10-10,49670075,13.4233,13.6093,13.3107,13.3967,-0.02660000000000018,10,10,2016,0.02207929932175201,13.677714285714286,13.595686666666667,0.029081941830688685,0,0.29859999999999864,13.34,13.1073,13.4
2016-10-11,34901293,13.4567,13.48,13.2207,13.34,-0.1166999999999998,11,10,2016,-0.004232385587495391,13.640285714285714,13.562130000000002,0.028218312672440855,0,0.25929999999999964,13.434,13.3967,13.1073
2016-10-12,29536470,13.3967,13.592,13.3613,13.434,0.03730000000000011,12,10,2016,0.00704647676161918,13.524185714285712,13.540286666666667,0.018936393185555157,0,0.23070000000000057,13.3493,13.34,13.3967
2016-10-13,37427081,13.3667,13.393,13.1367,13.3493,-0.017400000000000304,13,10,2016,-0.006304898019949379,13.4178,13.51413,0.01891207579299599,0,0.2563000000000013,13.1007,13.434,13.34
2016-10-14,63982033,13.3773,13.4287,13.0867,13.1007,-0.2766000000000002,14,10,2016,-0.018622699317567215,13.304,13.504663333333333,0.01925382920692707,0,0.34199999999999875,12.9307,13.3493,13.434
2016-10-17,67774931,13.1367,13.226,12.8,12.9307,-0.20599999999999952,17,10,2016,-0.01297640584090931,13.236957142857145,13.496176666666665,0.015349224649499407,0,0.42600000000000016,13.2733,13.1007,13.3493
2016-10-18,85140647,13.066,13.298,12.884,13.2733,0.20730000000000004,18,10,2016,0.026495085339540925,13.260671428571428,13.487886666666666,0.017253110097006908,0,0.4139999999999997,13.5707,12.9307,13.1007
2016-10-19,104492723,13.316,13.7773,13.204,13.5707,0.2546999999999997,19,10,2016,0.022405882485892814,13.285528571428571,13.491999999999999,0.01731701231846062,0,0.5732999999999997,13.2733,13.2733,12.9307
2016-10-20,76041112,13.4747,13.5333,13.1367,13.2733,-0.20139999999999958,20,10,2016,-0.021914860692521354,13.276,13.495866666666666,0.01952233644553169,0,0.3966000000000012,13.3393,13.5707,13.2733
2016-10-21,44053598,13.24,13.438,13.1607,13.3393,0.0992999999999995,21,10,2016,0.004972388177770348,13.262471428571429,13.508353333333334,0.01940314747529718,0,0.2773000000000003,13.5173,13.2733,13.5707
2016-10-24,41210139,13.4,13.5964,13.35,13.5173,0.11730000000000018,24,10,2016,0.013344028547225273,13.28647142857143,13.518263333333334,0.019897352320493365,0,0.2463999999999995,13.4893,13.3393,13.2733
2016-10-25,36631752,13.5267,13.646,13.4133,13.4893,-0.03739999999999988,25,10,2016,-0.002071419588231427,13.341985714285714,13.53224,0.01793030972368642,0,0.23270000000000124,13.4827,13.5173,13.3393
2016-10-26,80203355,13.4,13.546,13.34,13.4827,0.08269999999999911,26,10,2016,-0.0004892766859659892,13.420842857142857,13.545196666666666,0.016485405680393073,0,0.20599999999999952,13.6007,13.4893,13.5173
2016-10-27,196064752,14.0893,14.2467,13.4433,13.6007,-0.4885999999999999,27,10,2016,0.00875195621055136,13.467614285714287,13.553176666666667,0.014005492504284794,0,0.8033999999999999,13.3313,13.4827,13.4893
2016-10-28,64101808,13.6,13.688,13.322,13.3313,-0.26869999999999905,28,10,2016,-0.019807804010087637,13.433414285714287,13.54111,0.013627107326208709,0,0.36600000000000144,13.182,13.6007,13.4827
2016-10-31,70369765,13.4993,13.4993,13.054,13.182,-0.31729999999999947,31,10,2016,-0.01119920787920159,13.420371428571428,13.521976666666667,0.011515580224261291,0,0.4452999999999996,12.7193,13.3313,13.6007
2016-11-01,105355057,13.2027,13.2333,12.5403,12.7193,-0.4833999999999996,1,11,2016,-0.03510089516006676,13.3318,13.491196666666667,0.016828427357785797,0,0.6929999999999996,12.5347,13.182,13.3313
2016-11-02,63633718,12.67,12.8463,12.5003,12.5347,-0.1352999999999991,2,11,2016,-0.014513377308499664,13.191428571428572,13.452976666666666,0.014434941118539461,0,0.3460000000000001,12.4947,12.7193,13.182
2016-11-03,39668230,12.6,12.7647,12.4693,12.4947,-0.10529999999999973,3,11,2016,-0.003191141391497232,13.049342857142857,13.410733333333333,0.014330078809363713,0,0.295399999999999,12.704,12.5347,12.7193
2016-11-04,77158686,12.6,12.8973,12.3973,12.704,0.10400000000000098,4,11,2016,0.016751102467446266,12.9381,13.3732,0.01752212942758049,0,0.5,12.8807,12.4947,12.5347
2016-11-07,57865201,12.906,12.9527,12.67,12.8807,-0.025300000000001432,7,11,2016,0.01390900503778325,12.835242857142857,13.338133333333333,0.018444195089754128,0,0.2827000000000002,12.996,12.704,12.4947
2016-11-08,48793881,12.9193,13.166,12.7507,12.996,0.07670000000000066,8,11,2016,0.008951376866164207,12.787342857142857,13.313976666666665,0.018472953257421754,0,0.4153000000000002,12.6707,12.8807,12.704
2016-11-09,122496644,12.4583,12.8,12.2633,12.6707,0.2124000000000006,9,11,2016,-0.02503077870113879,12.7143,13.277956666666665,0.020103435087564042,0,0.5367000000000015,12.3567,12.996,12.8807
2016-11-10,101194299,12.7367,12.774,12.028,12.3567,-0.3800000000000008,10,11,2016,-0.02478158270655928,12.662499999999998,13.243846666666665,0.017815867396162127,0,0.7459999999999987,12.5707,12.6707,12.996
2016-11-11,59806335,12.2827,12.592,12.2,12.5707,0.28800000000000026,11,11,2016,0.017318539739574534,12.667642857142857,13.209470000000001,0.01872060548696135,0,0.39200000000000124,12.0967,12.3567,12.6707
2016-11-14,98218646,12.5333,12.55,11.8793,12.0967,-0.4366000000000003,14,11,2016,-0.037706730730985516,12.610785714285713,13.137803333333334,0.02374486938648514,0,0.6707000000000001,12.2513,12.5707,12.3567
2016-11-15,58496116,12.1853,12.4287,12.1367,12.2513,0.06600000000000072,15,11,2016,0.012780345052783026,12.546114285714285,13.076379999999999,0.023197323624546566,0,0.2919999999999998,12.262,12.0967,12.5707
2016-11-16,51489994,12.1767,12.3153,12.0807,12.262,0.08530000000000015,16,11,2016,0.0008733767028805683,12.457728571428571,13.02187,0.021920329472004972,0,0.23460000000000036,12.5773,12.2513,12.0967
2016-11-17,73214498,12.2327,12.6327,12.1407,12.5773,0.3445999999999998,17,11,2016,0.025713586690588652,12.397914285714288,12.994446666666668,0.024670738157178015,0,0.4919999999999991,12.3347,12.262,12.2513
2016-11-18,78097056,12.71,12.8667,12.3333,12.3347,-0.3753000000000011,18,11,2016,-0.019288718564397733,12.349914285714286,12.968693333333334,0.023955727215061312,0,0.5334000000000003,12.3013,12.5773,12.262
2016-11-21,65338047,12.336,12.5927,12.294,12.3013,-0.03470000000000084,21,11,2016,-0.0027078080537021876,12.342,12.932179999999999,0.022079795125663347,0,0.2987000000000002,12.7447,12.3347,12.5773
2016-11-22,84018528,12.3893,12.7647,12.2473,12.7447,0.3553999999999995,22,11,2016,0.036044970856738745,12.366857142857143,12.912336666666667,0.025463894580182358,0,0.5174000000000003,12.876,12.3013,12.3347
2016-11-23,73354238,12.7073,13.0429,12.6,12.876,0.1686999999999994,23,11,2016,0.01030232174943313,12.478185714285715,12.893736666666666,0.018394085061317733,0,0.44289999999999985,13.11,12.7447,12.3013
2016-11-25,35491452,12.9093,13.1492,12.9093,13.11,0.20069999999999943,25,11,2016,0.01817334575955276,12.600857142857143,12.88576,0.01868445023062036,0,0.23990000000000045,13.0747,12.876,12.7447
2016-11-28,67816196,13.032,13.29,12.97,13.0747,0.04269999999999996,28,11,2016,-0.002692601067887046,12.716957142857142,12.884893333333334,0.019016381841939135,0,0.3199999999999985,12.638,13.11,12.876
2016-11-29,66529647,13.0373,13.1153,12.6333,12.638,-0.3993000000000002,29,11,2016,-0.03340038394762401,12.72562857142857,12.875136666666666,0.023209058597255472,0,0.4819999999999993,12.6267,13.0747,13.11
2016-11-30,53173338,12.7333,12.7927,12.5,12.6267,-0.10660000000000025,30,11,2016,-0.0008941288178510032,12.767342857142856,12.853583333333335,0.021519644209831844,0,0.29269999999999996,12.1253,12.638,13.0747
2016-12-01,76786537,12.55,12.5687,12.0667,12.1253,-0.4247000000000014,1,12,2016,-0.039709504462765444,12.742199999999999,12.805403333333334,0.027126091377437433,1,0.5019999999999989,12.098,12.6267,12.638
2016-12-02,60602985,12.192,12.3253,12.0,12.098,-0.09399999999999942,2,12,2016,-0.0022514906847664884,12.649814285714285,12.766226666666666,0.021517564888299253,1,0.32530000000000037,12.4533,12.1253,12.6267
2016-12-05,61042169,12.1673,12.5927,12.1673,12.4533,0.28600000000000136,5,12,2016,0.029368490659613222,12.589428571428572,12.736693333333333,0.025024721781246522,1,0.42540000000000155,12.39,12.098,12.1253
2016-12-06,50840450,12.368,12.4387,12.1788,12.39,0.02200000000000024,6,12,2016,-0.005082990050829905,12.486571428571429,12.699116666666667,0.022974757708506457,1,0.2599,12.8767,12.4533,12.098
2016-12-07,81856024,12.41,12.8933,12.3333,12.8767,0.46669999999999945,7,12,2016,0.03928167877320421,12.458285714285713,12.678696666666667,0.02917389041198311,1,0.5600000000000005,12.8193,12.39,12.4533
2016-12-08,47905236,12.8033,12.8333,12.636,12.8193,0.016000000000000014,8,12,2016,-0.0044576638424440596,12.484185714285715,12.656583333333336,0.02580773753640123,1,0.19730000000000025,12.812,12.8767,12.39
2016-12-09,40814035,12.7247,12.9224,12.7207,12.812,0.08729999999999905,9,12,2016,-0.0005694538703362451,12.510657142857143,12.630293333333332,0.025801284935562333,1,0.20169999999999888,12.8287,12.8193,12.8767
2016-12-12,36546402,12.8533,12.9613,12.736,12.8287,-0.024600000000001288,12,12,2016,0.0013034655010928375,12.611142857142857,12.61354,0.01818664312680452,1,0.22529999999999895,13.21,12.812,12.8193
2016-12-13,102289779,12.8787,13.4187,12.8667,13.21,0.3313000000000006,13,12,2016,0.02972241926305874,12.770000000000001,12.614473333333333,0.01910804018455959,1,0.5519999999999996,13.246,12.8287,12.812
2016-12-14,62209679,13.2493,13.5333,13.1173,13.246,-0.0032999999999994145,14,12,2016,0.002725208175624605,12.883242857142857,12.632030000000002,0.017869999547681727,1,0.41600000000000037,13.172,13.21,12.8287
2016-12-15,48279771,13.2273,13.3827,13.1593,13.172,-0.05529999999999902,15,12,2016,-0.005586592178770888,12.994957142857142,12.653273333333333,0.017936982314452704,1,0.22339999999999982,13.4993,13.246,13.21
2016-12-16,56931632,13.2053,13.506,13.1733,13.4993,0.2940000000000005,16,12,2016,0.024848162769510962,13.0839,12.68676,0.014332013003488834,1,0.3327000000000009,13.5153,13.172,13.246
2016-12-19,52304029,13.4993,13.63,13.3227,13.5153,0.016000000000000014,19,12,2016,0.0011852466424184804,13.183328571428572,12.713803333333335,0.013735959622444177,1,0.30730000000000146,13.9193,13.4993,13.172
2016-12-20,70264000,13.5367,13.9333,13.5,13.9193,0.38260000000000005,20,12,2016,0.029892048271218608,13.341514285714286,12.748423333333333,0.01541627059674348,1,0.43329999999999913,13.8467,13.5153,13.4993
2016-12-21,78092106,13.8967,14.1487,13.8273,13.8467,-0.049999999999998934,21,12,2016,-0.005215779529142983,13.486942857142859,12.77678,0.01634029610880842,1,0.3214000000000006,13.8967,13.9193,13.5153
2016-12-22,46626382,13.8813,13.9993,13.7667,13.8967,0.015399999999999636,22,12,2016,0.00361096867845756,13.585042857142856,12.817646666666667,0.01421828106869264,1,0.2325999999999997,14.2227,13.8467,13.9193
2016-12-23,70023910,13.8667,14.23,13.8473,14.2227,0.35599999999999987,23,12,2016,0.023458806767074236,13.724571428571428,12.879846666666669,0.015218385006918926,1,0.3826999999999998,14.6353,13.8967,13.8467
2016-12-27,88699981,14.3253,14.8167,14.2947,14.6353,0.3100000000000005,27,12,2016,0.029009962946557444,13.933614285714286,12.948666666666666,0.014806347973383078,1,0.5220000000000002,14.6493,14.2227,13.8967
2016-12-28,56678132,14.7687,14.92,14.48,14.6493,-0.11940000000000062,28,12,2016,0.0009565912553892719,14.0979,13.033753333333332,0.01497926136597875,1,0.4399999999999995,14.312,14.6353,14.2227
2016-12-29,60646260,14.5707,14.6133,14.2748,14.312,-0.25870000000000104,29,12,2016,-0.023024990955199276,14.211714285714285,13.102443333333333,0.019852385380072366,1,0.3384999999999998,14.246,14.6493,14.6353
2016-12-30,69619285,14.42,14.5,14.112,14.246,-0.1739999999999995,30,12,2016,-0.004611514812744466,14.258385714285714,13.168576666666667,0.017799418476373362,1,0.3879999999999999,14.466,14.312,14.6493
2017-01-03,88522366,14.324,14.6887,14.064,14.466,0.14199999999999946,3,1,2017,0.015442931349150646,14.346857142857143,13.231533333333333,0.017834800272970987,0,0.6247000000000007,15.1327,14.246,14.312
2017-01-04,168068316,14.3167,15.2,14.2873,15.1327,0.815999999999999,4,1,2017,0.046087377298493104,14.523428571428571,13.3248,0.023157150142369468,0,0.9126999999999992,15.1167,14.466,14.246
2017-01-05,88633861,15.0947,15.1653,14.7967,15.1167,0.02200000000000024,5,1,2017,-0.0010573129712476703,14.651142857142856,13.418646666666667,0.023072701562400384,0,0.3686000000000007,15.2673,15.1327,14.466
2017-01-06,82862254,15.1287,15.354,15.03,15.2673,0.13860000000000028,6,1,2017,0.009962491813689578,14.741428571428571,13.502733333333333,0.021376481649600647,0,0.32399999999999984,15.4187,15.1167,15.1327
2017-01-09,59590710,15.2647,15.4613,15.2,15.4187,0.15399999999999991,9,1,2017,0.009916619179553665,14.851342857142857,13.58749,0.021274650753152654,0,0.2613000000000003,15.3247,15.2673,15.1167
2017-01-10,54884688,15.4667,15.4667,15.126,15.3247,-0.14199999999999946,10,1,2017,-0.006096493219272636,14.996014285714285,13.661313333333334,0.01792006415211026,0,0.3407,15.3153,15.4187,15.2673
2017-01-11,54748623,15.2713,15.332,15.112,15.3153,0.04400000000000048,11,1,2017,-0.0006133888428484502,15.14877142857143,13.735999999999999,0.017435800496457106,0,0.22000000000000064,15.306,15.3247,15.4187
2017-01-12,56813177,15.2707,15.38,15.0387,15.306,0.03529999999999944,12,1,2017,-0.0006072359013535866,15.268771428571428,13.824933333333336,0.017733358569187934,0,0.3413000000000004,15.85,15.3153,15.3247
2017-01-13,91284104,15.3333,15.8567,15.306,15.85,0.5167000000000002,13,1,2017,0.035541617666274616,15.371242857142857,13.932376666666666,0.014045366020760678,0,0.5507000000000009,15.7053,15.306,15.3153
2017-01-17,69220930,15.78,15.9973,15.6247,15.7053,-0.07469999999999999,17,1,2017,-0.009129337539432236,15.45532857142857,14.051710000000002,0.015083407229588905,0,0.3725999999999985,15.8907,15.85,15.306
2017-01-18,56509052,15.7767,15.9807,15.7053,15.8907,0.11400000000000077,18,1,2017,0.01180493209298783,15.544385714285713,14.178133333333333,0.015188585482200248,0,0.2754000000000012,16.2507,15.7053,15.85
2017-01-19,115758602,16.4833,16.5787,16.05,16.2507,-0.23260000000000147,19,1,2017,0.02265476033151459,15.663242857142857,14.304713333333332,0.016468790736657392,0,0.5287000000000006,16.3153,15.8907,15.7053
2017-01-20,62995769,16.364,16.4,16.2007,16.3153,-0.04870000000000019,20,1,2017,0.003975213375424058,15.804757142857142,14.435556666666665,0.015477721065815324,0,0.19929999999999737,16.5947,16.2507,15.8907
2017-01-23,93931408,16.39,16.726,16.3667,16.5947,0.204699999999999,23,1,2017,0.01712502987992859,15.98752857142857,14.55949,0.015071121727269248,0,0.3592999999999975,16.974,16.3153,16.2507
2017-01-24,74372123,16.6667,16.9867,16.6433,16.974,0.30730000000000146,24,1,2017,0.02285669520991651,16.225814285714286,14.69798,0.014495815207602862,0,0.34339999999999904,16.9647,16.5947,16.3153
2017-01-25,77179476,17.154,17.2307,16.7867,16.9647,-0.18929999999999936,25,1,2017,-0.0005478967833156823,16.385057142857143,14.836403333333333,0.012197828490157044,0,0.44399999999999906,16.834,16.974,16.5947
2017-01-26,47155731,16.9527,17.0493,16.7167,16.834,-0.11870000000000047,26,1,2017,-0.007704232907154274,16.5463,14.969913333333333,0.011835353669314076,0,0.33259999999999934,16.8633,16.9647,16.974
2017-01-27,47426586,16.7587,16.8667,16.568,16.8633,0.1045999999999978,27,1,2017,0.001740525127717607,16.685242857142857,15.09169,0.012188911818762459,0,0.2987000000000002,16.7087,16.834,16.9647
2017-01-30,56979542,16.8353,17.0193,16.4733,16.7087,-0.12659999999999982,30,1,2017,-0.009167837849056726,16.75067142857143,15.207113333333332,0.012000004102774534,0,0.5460000000000029,16.7953,16.8633,16.834
2017-01-31,61680164,16.616,17.0593,16.5133,16.7953,0.17930000000000135,31,1,2017,0.005182928653934882,16.819242857142857,15.32789,0.012007602976092257,0,0.5459999999999994,16.616,16.7087,16.8633
2017-02-01,59296545,16.87,16.88,16.6033,16.616,-0.25400000000000134,1,2,2017,-0.010675605675397382,16.822285714285716,15.43178,0.011615998282850643,0,0.27669999999999817,16.77,16.7953,16.7087
2017-02-02,37481966,16.556,16.828,16.514,16.77,0.21399999999999864,2,2,2017,0.009268175252768351,16.793142857142858,15.540269999999998,0.0076726900993932074,0,0.31400000000000006,16.7553,16.616,16.7953
2017-02-03,32778434,16.794,16.8119,16.6453,16.7553,-0.03870000000000218,3,2,2017,-0.0008765652951699954,16.763228571428574,15.634803333333334,0.007665463030415067,0,0.16660000000000252,17.1847,16.77,16.616
2017-02-06,53363973,16.7333,17.188,16.7087,17.1847,0.4513999999999996,6,2,2017,0.025627711828496214,16.81332857142857,15.746070000000001,0.012300133031136177,0,0.4792999999999985,17.1653,16.7553,16.77
2017-02-07,63660913,17.2127,17.3333,17.0947,17.1653,-0.04740000000000322,7,2,2017,-0.0011289111826218168,16.856471428571428,15.855023333333332,0.012397086113006153,0,0.2386000000000017,17.472,17.1847,16.7553
2017-02-08,58686391,17.1567,17.5573,17.08,17.472,0.3153000000000006,8,2,2017,0.017867441874013457,16.965514285714285,15.963333333333333,0.012329457408358873,0,0.47730000000000317,17.9467,17.1653,17.1847
2017-02-09,117188941,17.75,18.0787,17.7433,17.9467,0.19669999999999987,9,2,2017,0.027169184981684857,17.13,16.073713333333334,0.014548724304579774,0,0.3353999999999999,17.9487,17.472,17.1653
2017-02-10,54275013,17.986,18.0633,17.7407,17.9487,-0.03730000000000189,10,2,2017,0.00011144110059224666,17.320385714285713,16.183693333333334,0.01246423826539003,0,0.32260000000000133,18.7067,17.9467,17.472
2017-02-13,105346027,18.0493,18.7193,18.034,18.7067,0.6574000000000026,13,2,2017,0.04223147080289946,17.597057142857143,16.330183333333334,0.017027149573079436,0,0.6853000000000016,18.732,17.9487,17.9467
2017-02-14,110121695,18.602,19.1593,18.574,18.732,0.129999999999999,14,2,2017,0.0013524566064564425,17.879442857142855,16.47971666666667,0.01667933326559416,0,0.5853000000000002,18.6507,18.7067,17.9487
2017-02-15,74158148,18.6667,18.816,18.4293,18.6507,-0.015999999999998238,15,2,2017,-0.00434016655989744,18.088871428571426,16.619206666666667,0.017665751357782113,0,0.3866999999999976,17.93,18.732,18.7067
2017-02-16,105957847,18.5067,18.6667,17.9,17.93,-0.5766999999999989,16,2,2017,-0.03864198126611873,18.198114285714286,16.71245,0.02599929999729626,0,0.7667000000000002,18.1487,18.6507,18.732
2017-02-17,93771988,17.72,18.1927,17.61,18.1487,0.42870000000000275,17,2,2017,0.012197434467373203,18.294785714285716,16.813516666666665,0.02567370791423122,0,0.5826999999999991,18.4927,17.93,18.6507
2017-02-21,84713583,18.3633,18.76,18.2673,18.4927,0.1294000000000004,21,2,2017,0.018954525668505084,18.372785714285715,16.92103,0.024699440677294873,0,0.4927000000000028,18.234,18.1487,17.93
2017-02-22,128067101,18.6873,18.8967,18.1733,18.234,-0.4532999999999987,22,2,2017,-0.013989303887479765,18.413542857142858,17.014873333333334,0.025677603511347943,0,0.723399999999998,17.066,18.4927,18.1487
2017-02-23,223156238,17.6,17.644,17.0373,17.066,-0.5340000000000025,23,2,2017,-0.06405615882417481,18.179157142857143,17.072916666666668,0.029442976108074514,0,0.6067,17.1333,18.234,18.4927
2017-02-24,122502974,16.844,17.2167,16.68,17.1333,0.2892999999999972,24,2,2017,0.003943513418492861,17.95077142857143,17.133516666666665,0.029663754601286126,0,0.5366999999999997,16.4153,17.066,18.234
2017-02-27,171752314,16.5447,16.5573,16.134,16.4153,-0.1294000000000004,27,2,2017,-0.04190669631652977,17.63142857142857,17.170493333333333,0.03133959943246411,0,0.4233000000000011,16.666,17.1333,17.066
2017-02-28,91108304,16.2793,16.7333,16.26,16.666,0.38670000000000115,28,2,2017,0.015272337392554736,17.450857142857142,17.197693333333333,0.03193795729898699,0,0.4732999999999983,16.668,16.4153,17.1333
2017-03-01,72074409,16.9453,16.99,16.6073,16.668,-0.2773000000000003,1,3,2017,0.00012000480019191961,17.23932857142857,17.229783333333334,0.03085040147842569,1,0.3826999999999998,16.6987,16.666,16.4153
2017-03-02,50186240,16.6473,16.8853,16.5513,16.6987,0.05139999999999745,2,3,2017,0.001841852651787823,16.98304285714286,17.256716666666666,0.028616706685559868,1,0.33399999999999963,16.7713,16.668,16.666
2017-03-03,43882193,16.716,16.7933,16.6,16.7713,0.05529999999999902,3,3,2017,0.004347643828561676,16.774085714285714,17.27407,0.02945661772867483,1,0.19329999999999714,16.7473,16.6987,16.668
2017-03-06,50303990,16.5273,16.78,16.5007,16.7473,0.21999999999999886,6,3,2017,-0.0014310160810432349,16.72855714285714,17.28847,0.018184231630518136,1,0.27930000000000277,16.5727,16.7713,16.6987
2017-03-07,51788779,16.7947,16.926,16.5547,16.5727,-0.22199999999999775,7,3,2017,-0.010425561135227635,16.64847142857143,17.287736666666664,0.018140723969669186,1,0.37129999999999797,16.458,16.7473,16.7713
2017-03-08,55901162,16.4667,16.6713,16.3547,16.458,-0.00870000000000104,8,3,2017,-0.0069210207147901714,16.654571428571426,17.270536666666665,0.008297292562591195,1,0.31659999999999755,16.3267,16.5727,16.7473
2017-03-09,58147381,16.5087,16.5773,16.2,16.3267,-0.18200000000000216,9,3,2017,-0.00797788309636649,16.6061,17.249270000000003,0.0055509215573541874,1,0.37730000000000175,16.246,16.458,16.5727
2017-03-10,45941752,16.414,16.4333,16.2,16.246,-0.1680000000000028,10,3,2017,-0.004942823718203981,16.545814285714282,17.22967,0.005416889791382068,1,0.23329999999999984,16.4113,16.3267,16.458
2017-03-13,45169177,16.3213,16.4567,16.1854,16.4113,0.08999999999999986,13,3,2017,0.010174812261479982,16.50475714285714,17.214603333333333,0.007382449258265913,1,0.2713000000000001,17.2,16.246,16.3267
2017-03-14,113725728,16.4073,17.208,16.4013,17.2,0.7927,14,3,2017,0.048058350039302145,16.566,17.23098,0.020652946013298073,1,0.8066999999999993,17.0487,16.4113,16.246
2017-03-15,78500436,17.1333,17.4,16.9513,17.0487,-0.08459999999999823,15,3,2017,-0.008796511627906956,16.609057142857143,17.239426666666667,0.021145080151309018,1,0.44869999999999877,17.47,17.2,16.4113
2017-03-16,106907647,17.4933,17.7167,17.2707,17.47,-0.02330000000000254,16,3,2017,0.024711561585340824,16.737242857142856,17.267893333333333,0.02166347498101755,1,0.44599999999999795,17.4333,17.0487,17.2
2017-03-17,97365221,17.6,17.6887,17.4133,17.4333,-0.1667000000000023,17,3,2017,-0.0021007441327990373,16.876571428571427,17.290003333333335,0.02119055651888776,1,0.2754000000000012,17.4613,17.47,17.0487
2017-03-20,54024213,17.3733,17.6367,17.2547,17.4613,0.08800000000000097,20,3,2017,0.001606121617823586,17.038657142857144,17.313536666666668,0.02024081354554606,1,0.38200000000000145,16.712,17.4333,17.47
2017-03-21,103523273,17.522,17.6533,16.6827,16.712,-0.8099999999999987,21,3,2017,-0.04291203976794411,17.105228571428572,17.29778,0.028327258626130968,1,0.970600000000001,17.0007,17.4613,17.4333
2017-03-22,60850995,16.7707,17.0047,16.7007,17.0007,0.22999999999999687,22,3,2017,0.017275011967448517,17.18942857142857,17.292293333333337,0.028693598890772155,1,0.3039999999999985,16.9853,16.712,17.4613
2017-03-23,49647635,17.026,17.1781,16.8867,16.9853,-0.04070000000000107,23,3,2017,-0.0009058450534389362,17.158757142857144,17.27607,0.02167198541738871,1,0.29139999999999944,17.544,17.0007,16.712
2017-03-24,84564978,17.0467,17.5927,17.0007,17.544,0.4972999999999992,24,3,2017,0.03289314878159355,17.229514285714284,17.26264666666667,0.024855662610529645,1,0.5920000000000023,18.0147,16.9853,17.0007
2017-03-27,93320368,17.3733,18.038,17.3167,18.0147,0.6414000000000009,27,3,2017,0.026829685362517175,17.30732857142857,17.264846666666664,0.025155698458136512,1,0.7212999999999994,18.4967,17.544,16.9853
2017-03-28,119679915,18.468,18.712,18.3333,18.4967,0.028700000000000614,28,3,2017,0.026755927103976118,17.459242857142858,17.25784666666667,0.02620394502560595,1,0.3786999999999985,18.492,18.0147,17.544
2017-03-29,55087862,18.556,18.64,18.3693,18.492,-0.06400000000000006,29,3,2017,-0.00025409937988940534,17.606485714285714,17.249846666666667,0.026298225769090165,1,0.2707000000000015,18.528,18.4967,18.0147
2017-03-30,62121524,18.536,18.8,18.4807,18.528,-0.008000000000002672,30,3,2017,0.001946787800129579,17.865914285714286,17.24575666666667,0.014488635699078165,1,0.3193000000000019,18.5533,18.492,18.4967
2017-03-31,49405445,18.582,18.6453,18.4213,18.5533,-0.028700000000000614,31,3,2017,0.0013655008635580224,18.087714285714288,17.26653333333333,0.015286160284075812,1,0.2240000000000002,19.9013,18.528,18.492
2017-04-03,207972646,19.1267,19.9333,18.972,19.9013,0.7745999999999995,3,4,2017,0.07265553836783756,18.504285714285714,17.324953333333333,0.025962022422111063,0,0.9612999999999978,20.2467,18.5533,18.528
2017-04-04,151623374,19.7927,20.3207,19.6353,20.2467,0.4540000000000006,4,4,2017,0.01735565013340845,18.890385714285713,17.38342,0.0256545968774395,0,0.6853999999999978,19.6667,19.9013,18.5533
2017-04-05,117878416,20.136,20.3253,19.6133,19.6667,-0.4693000000000005,5,4,2017,-0.028646643650570347,19.126385714285714,17.431176666666666,0.031450026667649074,0,0.7119999999999997,19.9133,20.2467,19.9013
2017-04-06,82765924,19.792,20.1293,19.6067,19.9133,0.12129999999999797,6,4,2017,0.012538961798369774,19.328757142857143,17.526086666666668,0.03086924905742637,0,0.5226000000000006,20.1693,19.6667,20.2467
2017-04-07,68499446,19.8333,20.1793,19.81,20.1693,0.3359999999999985,7,4,2017,0.012855729587762932,19.568371428571428,17.62728666666667,0.03046813406762882,0,0.3693000000000026,20.826,19.9133,19.6667
2017-04-10,114804288,20.61,20.9153,20.5807,20.826,0.21600000000000108,10,4,2017,0.032559384807603564,19.896657142857144,17.77431,0.030834191496818986,0,0.33459999999999823,20.5807,20.1693,19.9133
2017-04-11,85770752,20.892,20.898,20.3667,20.5807,-0.31129999999999924,11,4,2017,-0.011778546048208938,20.186285714285713,17.9048,0.032326189357688564,0,0.5312999999999981,19.7893,20.826,20.1693
2017-04-12,90654675,20.4227,20.5632,19.7547,19.7893,-0.6333999999999982,12,4,2017,-0.038453502553363106,20.170285714285715,18.00884333333333,0.02620446536214558,0,0.8084999999999987,20.2667,20.5807,20.826
2017-04-13,139135160,19.78,20.4927,19.6867,20.2667,0.486699999999999,13,4,2017,0.024124147898106463,20.173142857142857,18.127776666666666,0.027083688713584665,0,0.8060000000000009,20.096,19.7893,20.5807
2017-04-17,61920974,20.18,20.2667,19.912,20.096,-0.08399999999999963,17,4,2017,-0.00842268351532316,20.234471428571428,18.2386,0.024408164630201786,0,0.3547000000000011,20.0167,20.2667,19.7893
2017-04-18,45513352,19.98,20.056,19.86,20.0167,0.03669999999999973,18,4,2017,-0.003946058917197459,20.249242857142857,18.34758,0.024167468957796152,0,0.1960000000000015,20.368,20.096,20.2667
2017-04-19,58367146,20.164,20.4413,20.1407,20.368,0.20399999999999707,19,4,2017,0.01755034546153955,20.277628571428572,18.47409,0.024612628828637288,0,0.3005999999999993,20.1673,20.0167,20.096
2017-04-20,92189369,20.434,20.61,20.0153,20.1673,-0.26670000000000016,20,4,2017,-0.009853692065985742,20.18352857142857,18.597733333333334,0.020638392226833085,0,0.5946999999999996,20.3733,20.368,20.0167
2017-04-21,67529336,20.1333,20.4267,20.028,20.3733,0.240000000000002,21,4,2017,0.010214555245372514,20.1539,18.732619999999997,0.020998319160942622,0,0.3987000000000016,20.5353,20.1673,20.368
2017-04-24,76166527,20.6147,20.7033,20.4014,20.5353,-0.07939999999999969,24,4,2017,0.007951583690418262,20.26047142857143,18.875596666666663,0.01315928650330976,0,0.30189999999999984,20.9193,20.3733,20.1673
2017-04-25,101012379,20.5333,20.932,20.3907,20.9193,0.38599999999999923,25,4,2017,0.01869950767702444,20.3537,19.025863333333334,0.011977746904923694,0,0.5412999999999997,20.678,20.5353,20.3733
2017-04-26,70246930,20.8247,20.9667,20.6,20.678,-0.14669999999999916,26,4,2017,-0.011534802789768261,20.43684285714286,19.141796666666668,0.012584055783941882,0,0.366699999999998,20.5753,20.9193,20.5353
2017-04-27,51939919,20.7793,20.8727,20.5,20.5753,-0.20400000000000063,27,4,2017,-0.004966631202244054,20.51664285714286,19.259349999999998,0.012698936478359634,0,0.37269999999999825,20.938,20.678,20.9193
2017-04-28,67449851,20.6553,20.9867,20.5333,20.938,0.2826999999999984,28,4,2017,0.017627932521032452,20.598071428571426,19.37495,0.012712752124888803,0,0.45339999999999847,21.522,20.5753,20.678
2017-05-01,132298254,20.992,21.8167,20.9873,21.522,0.5299999999999976,1,5,2017,0.027891871238895805,20.7916,19.51124,0.013805527154789752,0,0.8293999999999997,21.2593,20.938,20.5753
2017-05-02,79748225,21.6,21.844,21.104,21.2593,-0.3407000000000018,2,5,2017,-0.012206114673357416,20.91817142857143,19.637839999999997,0.01601271382192314,0,0.740000000000002,20.7347,21.522,20.938
2017-05-03,103188833,21.178,21.4353,20.6967,20.7347,-0.4433000000000007,3,5,2017,-0.024676259331210315,20.94665714285714,19.77193,0.01973670689243746,0,0.7386000000000017,19.6973,21.2593,21.522
2017-05-04,212039744,20.4957,20.518,19.384,19.6973,-0.7984000000000009,4,5,2017,-0.05003207184092373,20.772085714285712,19.861816666666662,0.025912300831103376,0,1.1340000000000003,20.5567,20.7347,21.2593
2017-05-05,121761674,19.8667,20.57,19.7867,20.5567,0.6899999999999977,5,5,2017,0.043630345275748494,20.75475714285714,19.980863333333335,0.03234456352896767,0,0.7833000000000006,20.4793,19.6973,20.7347
2017-05-08,105043552,20.7267,20.9193,20.388,20.4793,-0.2474000000000025,8,5,2017,-0.0037651957755865384,20.741042857142855,20.07870666666667,0.03231940914390956,0,0.5312999999999981,21.4173,20.5567,19.6973
2017-05-09,144950538,20.6253,21.466,20.6067,21.4173,0.7920000000000016,9,5,2017,0.04580234675989914,20.809514285714283,20.192126666666663,0.036408077647413925,0,0.8593000000000011,21.6813,20.4793,20.5567
2017-05-10,86017817,21.4373,21.7,21.208,21.6813,0.24399999999999977,10,5,2017,0.012326483730442206,20.832271428571428,20.29828,0.035145316279380175,0,0.4920000000000009,21.54,21.4173,20.4793
2017-05-11,71207544,21.56,21.7333,21.3067,21.54,-0.019999999999999574,11,5,2017,-0.006517136887548292,20.87237142857143,20.39988,0.03483774523788188,0,0.42660000000000053,21.654,21.6813,21.4173
2017-05-12,61779164,21.6987,21.8,21.4353,21.654,-0.04469999999999885,12,5,2017,0.005292479108635062,21.003700000000002,20.50408,0.03273433360686949,0,0.36469999999999914,21.0587,21.54,21.6813
2017-05-15,114102753,21.2253,21.3467,20.8353,21.0587,-0.16659999999999897,15,5,2017,-0.027491456543825565,21.198185714285717,20.587593333333334,0.026796183431589328,0,0.5113999999999983,21.134,21.654,21.54
2017-05-16,62115959,21.1727,21.3373,21.0093,21.134,-0.038699999999998624,16,5,2017,0.0035757192989120945,21.28065714285714,20.628683333333335,0.02228984653741663,0,0.3279999999999994,20.4073,21.0587,21.654
2017-05-17,100434805,20.9593,20.9753,20.3667,20.4073,-0.5519999999999996,17,5,2017,-0.03438535061985426,21.27037142857143,20.634036666666667,0.026679955333022448,0,0.6085999999999991,20.8707,21.134,21.0587
2017-05-18,84137253,20.4667,20.9293,20.354,20.8707,0.4039999999999999,18,5,2017,0.022707560529810378,21.192285714285713,20.67417,0.020829807503639483,0,0.5753000000000021,20.722,20.4073,21.134
2017-05-19,69818665,21.0333,21.1,20.68,20.722,-0.31129999999999924,19,5,2017,-0.007124820921195596,21.055242857142854,20.701126666666664,0.019629665807562858,0,0.4200000000000017,20.69,20.8707,20.4073
2017-05-22,64864543,20.8533,20.958,20.4533,20.69,-0.16329999999999956,22,5,2017,-0.0015442524852813388,20.933814285714284,20.71848333333333,0.019709375123040627,0,0.5046999999999997,20.2573,20.722,20.8707
2017-05-23,64713973,20.6973,20.7153,20.232,20.2573,-0.4399999999999977,23,5,2017,-0.020913484775253788,20.734285714285715,20.699526666666667,0.019791526851163293,0,0.48329999999999984,20.6813,20.69,20.722
2017-05-24,75527842,20.434,20.7333,20.36,20.6813,0.2472999999999992,24,5,2017,0.020930726207342598,20.680371428571426,20.702879999999997,0.020813814755426777,0,0.3733000000000004,21.122,20.2573,20.69
2017-05-25,75006442,20.7347,21.1313,20.5207,21.122,0.38729999999999976,25,5,2017,0.02130910532703445,20.678657142857144,20.747303333333335,0.022658859528747945,0,0.610599999999998,21.676,20.6813,20.2573
2017-05-26,116895077,21.152,21.6993,21.0873,21.676,0.5239999999999974,26,5,2017,0.026228576839314455,20.8599,20.79428,0.018458522950444627,0,0.6120000000000019,22.34,21.122,20.6813
2017-05-30,116572982,21.7333,22.4187,21.7173,22.34,0.6067,30,5,2017,0.030632958110352604,21.069799999999997,20.86908,0.019657916239971044,0,0.7013999999999996,22.734,21.676,21.122
2017-05-31,149063265,22.5127,22.8593,22.344,22.734,0.22130000000000294,31,5,2017,0.017636526410026887,21.35722857142857,20.959656666666667,0.01825501827532407,0,0.5152999999999999,22.6913,22.34,21.676
2017-06-01,114026403,22.9333,22.992,22.486,22.6913,-0.24200000000000088,1,6,2017,-0.0018782440397643319,21.643128571428573,21.0371,0.01830117526112877,1,0.5060000000000002,22.6567,22.734,22.34
2017-06-02,83759238,22.6513,22.8587,22.3953,22.6567,0.005400000000001626,2,6,2017,-0.0015248134747677389,21.985900000000004,21.120079999999998,0.012912657115530317,1,0.46340000000000003,23.1547,22.6913,22.734
2017-06-05,101537559,22.5667,23.2293,22.2807,23.1547,0.5879999999999974,5,6,2017,0.021980253081869794,22.339242857142857,21.212793333333334,0.012982770765031208,1,0.948599999999999,23.5233,22.6567,22.6913
2017-06-06,165478717,22.98,23.9662,22.6647,23.5233,0.5432999999999986,6,6,2017,0.015919014282197663,22.682285714285715,21.312393333333333,0.0127974966264372,1,1.3015000000000008,23.9767,23.1547,22.6567
2017-06-07,140230310,23.756,24.0333,23.676,23.9767,0.22070000000000078,7,6,2017,0.019274506553077275,23.010957142857144,21.41430666666667,0.01208217469675512,1,0.35730000000000217,24.6667,23.5233,23.1547
2017-06-08,135430087,24.25,24.7933,24.0147,24.6667,0.41669999999999874,8,6,2017,0.02877793858203992,23.343342857142858,21.547263333333333,0.011685144338951322,1,0.7785999999999973,23.8213,23.9767,23.5233
2017-06-09,258750771,24.9613,25.1247,23.6533,23.8213,-1.1400000000000006,9,6,2017,-0.03427292665820714,23.49867142857143,21.655463333333334,0.02153978534641036,1,1.4713999999999992,23.934,24.6667,23.9767
2017-06-12,157617821,23.866,24.3,23.3747,23.934,0.06800000000000139,12,6,2017,0.004731060017715283,23.676199999999998,21.75533,0.021233724231754715,1,0.9253,25.0633,23.8213,24.6667
2017-06-13,176600462,24.508,25.0667,24.4407,25.0633,0.5553000000000026,13,6,2017,0.04718392245341363,24.02,21.873373333333333,0.0252536014404213,1,0.6260000000000012,25.3773,23.934,23.8213
2017-06-14,191677104,25.4057,25.6167,25.0873,25.3773,-0.02839999999999776,14,6,2017,0.012528278399093429,24.337514285714285,22.010640000000002,0.025057571502802863,1,0.5294000000000025,25.0227,25.0633,23.934
2017-06-15,156189672,24.8333,25.0307,24.4327,25.0227,0.18939999999999912,15,6,2017,-0.013973117707557603,24.551714285714286,22.15357333333333,0.02703548315251376,1,0.597999999999999,24.76,25.3773,25.0633
2017-06-16,95211702,25.1983,25.2007,24.6733,24.76,-0.43829999999999814,16,6,2017,-0.010498467391608424,24.663614285714285,22.322330000000004,0.02752007241456384,1,0.5274000000000001,24.6533,25.0227,25.3773
2017-06-19,96501462,25.0,25.1133,24.52,24.6533,-0.34669999999999845,19,6,2017,-0.004309369951534747,24.6617,22.458883333333333,0.02550835636279148,1,0.5932999999999993,24.816,24.76,25.0227
2017-06-20,111286594,25.1113,25.2587,24.6487,24.816,-0.295300000000001,20,6,2017,0.006599522173502015,24.8038,22.60344,0.020486181097004313,1,0.6099999999999994,25.0933,24.6533,24.76
2017-06-21,73751513,24.9567,25.1327,24.5347,25.0933,0.13659999999999783,21,6,2017,0.011174242424242475,24.969414285714286,22.725973333333336,0.02056231023405963,1,0.597999999999999,25.5073,24.816,24.6533
2017-06-22,112656034,25.1993,25.6667,24.9047,25.5073,0.30799999999999983,22,6,2017,0.016498427867199572,25.03284285714286,22.853506666666664,0.012077690439362902,1,0.7620000000000005,25.5633,25.0933,24.816
2017-06-23,96377652,25.4967,25.7993,25.2897,25.5633,0.0666000000000011,23,6,2017,0.002195449930020077,25.059414285714286,22.987616666666668,0.011262262036733616,1,0.5095999999999989,25.166,25.5073,25.0933
2017-06-26,98952761,25.7793,25.7967,24.8733,25.166,-0.6132999999999988,26,6,2017,-0.015541811894395519,25.079885714285716,23.104683333333334,0.011621996336201805,1,0.9234000000000009,24.158,25.5633,25.5073
2017-06-27,104662358,25.0933,25.0933,24.1347,24.158,-0.935299999999998,27,6,2017,-0.04005404116665334,24.993885714285714,23.20799333333333,0.019284734883261614,1,0.9586000000000006,24.7493,25.166,25.5633
2017-06-28,94354798,24.4453,24.7827,24.168,24.7493,0.30400000000000205,28,6,2017,0.02447636393741215,25.0076,23.328503333333337,0.02193291257940194,1,0.6146999999999991,24.05,24.158,25.166
2017-06-29,123036883,24.7073,24.7333,23.6067,24.05,-0.6572999999999993,29,6,2017,-0.028255344595604748,24.89817142857143,23.449926666666666,0.024224074858798968,1,1.1265999999999998,24.1073,24.7493,24.158
2017-06-30,87345646,24.2473,24.4512,23.9746,24.1073,-0.14000000000000057,30,6,2017,0.002382536382536271,24.75731428571429,23.557813333333335,0.023510590531231324,1,0.47660000000000124,23.508,24.05,24.7493
2017-07-03,94580968,24.6827,24.7567,23.4333,23.508,-1.1747000000000014,3,7,2017,-0.024859689803503504,24.4717,23.650680000000005,0.022231283097895384,0,1.3233999999999995,21.806,24.1073,24.05
2017-07-05,254974373,23.1467,23.1493,21.7553,21.806,-1.3406999999999982,5,7,2017,-0.0724008848051726,23.934942857142858,23.68788,0.03084845835526924,0,1.394000000000002,20.5887,23.508,24.1073
2017-07-06,288870456,21.1507,21.386,20.42,20.5887,-0.5620000000000012,6,7,2017,-0.05582408511418879,23.281042857142857,23.69892666666667,0.03310942888785444,0,0.9659999999999975,20.8813,21.806,23.508
2017-07-07,211949144,20.9,21.1333,20.492,20.8813,-0.01869999999999905,7,7,2017,0.01421167922209765,22.81294285714286,23.705593333333336,0.035987355675889524,0,0.6412999999999975,21.07,20.5887,21.806
2017-07-10,206404247,20.86,21.196,20.2087,21.07,0.21000000000000085,10,7,2017,0.009036793686216793,22.28732857142857,23.70386,0.03316696197994285,0,0.9873000000000012,21.8147,20.8813,20.5887
2017-07-11,172901314,21.0667,21.8187,20.9533,21.8147,0.7479999999999976,11,7,2017,0.03534409112482195,21.968,23.708483333333334,0.03937578165042032,0,0.8654000000000011,21.968,21.07,20.8813
2017-07-12,154758523,22.0267,22.2067,21.6333,21.968,-0.05870000000000175,12,7,2017,0.007027371451360898,21.662385714285712,23.696083333333334,0.03971896416533075,0,0.573400000000003,21.5607,21.8147,21.07
2017-07-13,128734661,22.0073,22.1067,21.3313,21.5607,-0.4466000000000001,13,7,2017,-0.018540604515659087,21.3842,23.656973333333333,0.039462082143908804,0,0.7754000000000012,21.852,21.968,21.8147
2017-07-14,84118818,21.546,21.8947,21.4147,21.852,0.30600000000000094,14,7,2017,0.013510693066551616,21.39077142857143,23.62899666666667,0.029500284273216416,0,0.4800000000000004,21.3047,21.5607,21.968
2017-07-17,147412516,21.7027,21.8067,20.8967,21.3047,-0.3979999999999997,17,7,2017,-0.025045762401610827,21.493057142857143,23.583930000000002,0.020637031105242107,0,0.9100000000000001,21.8827,21.852,21.5607
2017-07-18,95410602,21.1667,21.942,21.044,21.8827,0.7160000000000011,18,7,2017,0.027130163766680537,21.636114285714285,23.54153,0.022114706755500427,0,0.8979999999999997,21.684,21.3047,21.852
2017-07-19,95188212,21.882,22.11,21.548,21.684,-0.1980000000000004,19,7,2017,-0.009080232329648497,21.723828571428573,23.48022,0.02287326084631739,0,0.5620000000000012,21.9947,21.8827,21.3047
2017-07-20,77137701,21.7933,22.0147,21.6133,21.9947,0.20140000000000313,20,7,2017,0.014328537170263722,21.749542857142853,23.41415333333333,0.019210823291117368,0,0.4014000000000024,21.8933,21.684,21.8827
2017-07-21,73075583,21.964,22.0838,21.72,21.8933,-0.07069999999999865,21,7,2017,-0.00461020154855496,21.73887142857143,23.321706666666667,0.01913931298272581,0,0.36380000000000123,22.8347,21.9947,21.684
2017-07-24,128974316,22.016,22.8933,22.0007,22.8347,0.8187000000000033,24,7,2017,0.04299945645471448,21.920871428571427,23.28882,0.02310347847608193,0,0.8926000000000016,22.64,21.8933,21.9947
2017-07-25,104668928,23.0,23.04,22.2767,22.64,-0.35999999999999943,25,7,2017,-0.008526496954196938,22.03344285714286,23.245686666666668,0.023792011050378,0,0.7632999999999974,22.9233,22.8347,21.8933
2017-07-26,72142674,22.6907,23.0333,22.5413,22.9233,0.23260000000000147,26,7,2017,0.01251325088339228,22.26467142857143,23.174353333333336,0.01968491110713475,0,0.4920000000000009,22.2973,22.64,22.8347
2017-07-27,124288123,23.0667,23.1667,21.7527,22.2973,-0.769400000000001,27,7,2017,-0.02730845907875401,22.323900000000002,23.07168666666667,0.02263491901532608,0,1.413999999999998,22.338,22.9233,22.64
2017-07-28,73048328,22.4593,22.64,22.1673,22.338,-0.12129999999999797,28,7,2017,0.0018253331120807736,22.417328571428573,22.982196666666667,0.02204021589553221,0,0.4726999999999997,21.5647,22.2973,22.9233
2017-07-31,127881746,22.3667,22.766,21.4027,21.5647,-0.8020000000000032,31,7,2017,-0.03461813949324033,22.355900000000002,22.875686666666663,0.025826684004878094,0,1.3632999999999988,21.3047,22.338,22.2973
2017-08-01,124274893,21.5333,21.63,21.0753,21.3047,-0.22860000000000014,1,8,2017,-0.012056740877452454,22.27181428571429,22.76406666666667,0.02607867318219953,0,0.5547000000000004,21.726,21.5647,22.338
2017-08-02,179135160,21.2627,21.808,20.748,21.726,0.46330000000000027,2,8,2017,0.019774979229935097,22.113428571428575,22.661066666666667,0.019910620567827157,0,1.0599999999999987,23.1393,21.3047,21.5647
2017-08-03,202863949,23.022,23.3333,22.8767,23.1393,0.11730000000000018,3,8,2017,0.06505109085887884,22.18475714285714,22.59593333333333,0.03361932608555754,0,0.45660000000000167,23.794,21.726,21.3047
2017-08-04,138499356,23.1333,23.818,22.8867,23.794,0.6607000000000021,4,8,2017,0.02829385504315174,22.30914285714286,22.538823333333333,0.034824330214358504,0,0.9313000000000002,23.678,23.1393,21.726
2017-08-07,94639918,23.8233,23.9653,23.5167,23.678,-0.14529999999999887,7,8,2017,-0.00487517861645792,22.506385714285717,22.47598,0.03219725751868259,0,0.448599999999999,24.348,23.794,23.1393
2017-08-08,111477514,23.8353,24.572,23.8267,24.348,0.5126999999999988,8,8,2017,0.028296308809865556,22.79352857142857,22.448713333333334,0.032756071447142224,0,0.7453000000000003,24.2353,23.678,23.794
2017-08-09,103217678,24.0667,24.6667,23.93,24.2353,0.16859999999999786,9,8,2017,-0.004628716937736144,23.175042857142852,22.451290000000004,0.02696380303621679,0,0.736699999999999,23.6933,24.348,23.678
2017-08-10,105945757,24.1067,24.4434,23.644,23.6933,-0.4133999999999993,10,8,2017,-0.022364072241729982,23.51627142857143,22.416089999999997,0.02902544410917667,0,0.7994000000000021,23.858,24.2353,24.348
2017-08-11,65363397,23.798,24.084,23.5747,23.858,0.060000000000002274,11,8,2017,0.00695133223316291,23.820842857142857,22.40969,0.029126194322864393,0,0.5092999999999996,24.2533,23.6933,24.2353
2017-08-14,67619501,24.3087,24.5107,24.1733,24.2533,-0.055400000000002336,14,8,2017,0.016568865789253095,23.979985714285714,22.414556666666666,0.01887211461711532,0,0.3373999999999988,24.1553,23.858,23.6933
2017-08-15,46268992,24.3467,24.366,23.958,24.1553,-0.19139999999999802,15,8,2017,-0.004040687246683938,24.031599999999997,22.43613333333333,0.016578345819474337,0,0.40800000000000125,24.194,24.2533,23.858
2017-08-16,51092569,24.2,24.4333,24.168,24.194,-0.006000000000000227,16,8,2017,0.0016021328652511269,24.105314285714286,22.515733333333333,0.01629117900431605,0,0.26529999999999987,23.4613,24.1553,24.2533
2017-08-17,75162337,24.0807,24.22,23.4393,23.4613,-0.6193999999999988,17,8,2017,-0.030284368025130126,23.97864285714286,22.611486666666668,0.016295718744072575,0,0.7806999999999995,23.164,24.194,24.1553
2017-08-18,80862035,23.5273,23.6,23.0533,23.164,-0.36329999999999885,18,8,2017,-0.012671932075375203,23.8256,22.687576666666665,0.016532967680388193,0,0.5467000000000013,22.524,23.4613,24.194
2017-08-21,97347701,23.0547,23.0547,22.1233,22.524,-0.5306999999999995,21,8,2017,-0.02762907960628569,23.65855714285714,22.736043333333335,0.017477321546658178,0,0.9314,22.7567,23.164,23.4613
2017-08-22,64713988,22.742,22.816,22.4915,22.7567,0.014699999999997715,22,8,2017,0.01033120227313078,23.501228571428573,22.767443333333336,0.01796907541023977,0,0.32450000000000045,23.518,22.524,23.164
2017-08-23,74129168,22.5993,23.566,22.5536,23.518,0.9187000000000012,23,8,2017,0.03345388391111204,23.396185714285714,22.819110000000002,0.02222516175041133,0,1.0123999999999995,23.5287,22.7567,22.524
2017-08-24,68573576,23.5013,23.7773,23.316,23.5287,0.02740000000000009,24,8,2017,0.00045497066077038184,23.30667142857143,22.88471,0.02229460318671326,0,0.4613000000000014,23.2033,23.518,22.7567
2017-08-25,52127764,23.616,23.7127,23.1533,23.2033,-0.41270000000000095,25,8,2017,-0.013829918355030335,23.165142857142857,22.929753333333334,0.022464334717674422,0,0.5594000000000001,23.044,23.5287,23.518
2017-08-28,56193572,23.152,23.1567,22.648,23.044,-0.10800000000000054,28,8,2017,-0.006865402765985795,23.10552857142857,22.98773,0.01978356636621309,0,0.508700000000001,23.1573,23.2033,23.5287
2017-08-29,61039514,22.632,23.27,22.5833,23.1573,0.5252999999999979,29,8,2017,0.004916681131747813,23.10457142857143,23.030216666666664,0.019373281894610687,0,0.6866999999999983,23.5453,23.044,23.2033
2017-08-30,51062449,23.3113,23.5647,23.1333,23.5453,0.23400000000000176,30,8,2017,0.016754975752786505,23.250471428571434,23.09226,0.01569146188091445,0,0.4314,23.7267,23.1573,23.044
2017-08-31,60949920,23.57,23.896,23.5213,23.7267,0.15670000000000073,31,8,2017,0.0077042976729964074,23.389042857142858,23.149993333333335,0.015614658785607638,0,0.3747000000000007,23.6933,23.5453,23.1573
2017-09-01,45728227,23.7413,23.8393,23.5794,23.6933,-0.047999999999998266,1,9,2017,-0.00140769681413766,23.414085714285715,23.209993333333333,0.009969258302804034,1,0.2599000000000018,23.306,23.7267,23.5453
2017-09-05,57546001,23.5867,23.6993,23.0593,23.306,-0.2806999999999995,5,9,2017,-0.01634639328417742,23.382271428571432,23.225703333333332,0.011972779272575692,1,0.6400000000000006,22.9687,23.6933,23.7267
2017-09-06,61229984,23.3,23.3986,22.7707,22.9687,-0.33130000000000237,6,9,2017,-0.014472667982493914,23.348757142857142,23.236659999999997,0.0120868443992428,1,0.6278999999999968,23.374,23.306,23.6933
2017-09-07,63525643,23.0653,23.4987,22.8967,23.374,0.3086999999999982,7,9,2017,0.017645752698237205,23.3959,23.251683333333336,0.013680923364067234,1,0.6020000000000003,22.8933,22.9687,23.306
2017-09-08,48919971,23.266,23.3187,22.82,22.8933,-0.37269999999999825,8,9,2017,-0.020565585693505528,23.358185714285717,23.271549999999998,0.016003794628460074,1,0.4986999999999995,24.246,23.374,22.9687
2017-09-11,114764943,23.4233,24.2473,23.3333,24.246,0.8226999999999975,11,9,2017,0.05908715650430474,23.45828571428571,23.335150000000002,0.027750530643701303,1,0.9139999999999979,24.1833,22.8933,23.374
2017-09-12,89493015,24.2993,24.584,24.0267,24.1833,-0.11599999999999966,12,9,2017,-0.0025859935659490185,23.52351428571428,23.422436666666666,0.0278262293546896,1,0.5572999999999979,24.4153,24.246,22.8933
2017-09-13,62567744,24.2547,24.538,23.9727,24.4153,0.16059999999999874,13,9,2017,0.009593397096343326,23.62665714285714,23.52612333333333,0.027843119146006942,1,0.5653000000000006,25.176,24.1833,24.246
2017-09-14,107553891,24.2887,25.1973,24.1753,25.176,0.8872999999999998,14,9,2017,0.03115669272955901,23.8938,23.641123333333333,0.027669074746826776,1,1.0219999999999985,25.3207,24.4153,24.1833
2017-09-15,81108364,24.9673,25.3333,24.8467,25.3207,0.35339999999999705,15,9,2017,0.005747537337146502,24.2298,23.71383666666667,0.025486185958713135,1,0.4866000000000028,25.6667,25.176,24.4153
2017-09-18,107666541,25.35,25.974,25.1787,25.6667,0.3166999999999973,18,9,2017,0.013664709111517404,24.55732857142857,23.776259999999997,0.02544338665065582,1,0.795300000000001,25.0067,25.3207,25.176
2017-09-19,96528072,25.3333,25.4927,24.9047,25.0067,-0.32660000000000267,19,9,2017,-0.02571425231915281,24.859242857142853,23.82055,0.026645989822849513,1,0.588000000000001,24.9273,25.6667,25.3207
2017-09-20,73649333,24.8667,25.2166,24.738,24.9273,0.06059999999999732,20,9,2017,-0.003175149060051896,24.956571428571426,23.839859999999998,0.017525980683848735,1,0.47860000000000014,24.432,25.0067,25.6667
2017-09-21,69163045,24.9933,25.122,24.3007,24.432,-0.5613000000000028,21,9,2017,-0.019869781324090452,24.9921,23.846416666666663,0.019706461701058695,1,0.8213000000000008,23.406,24.9273,25.0067
2017-09-22,122143364,24.4327,24.66,23.392,23.406,-1.0267000000000017,22,9,2017,-0.04199410609037324,24.847914285714285,23.836840000000002,0.025131097356938983,1,1.2680000000000007,22.9993,24.432,24.9273
2017-09-25,113807313,23.5433,23.8313,22.8587,22.9993,-0.5439999999999969,25,9,2017,-0.01737588652482258,24.53695714285714,23.808216666666667,0.019265308250820522,1,0.9725999999999999,23.0167,23.406,24.432
2017-09-26,107244681,23.3953,23.416,22.7267,23.0167,-0.3785999999999987,26,9,2017,0.0007565447644057866,24.207814285714285,23.766996666666667,0.018548953527626304,1,0.6892999999999994,22.7313,22.9993,23.406
2017-09-27,90410580,23.3267,23.4326,22.7,22.7313,-0.5953999999999979,27,9,2017,-0.012399692397259354,23.78847142857143,23.719530000000002,0.014355715888152463,1,0.7326000000000015,22.64,23.0167,22.9993
2017-09-28,79646645,22.6587,22.85,22.36,22.64,-0.01869999999999905,28,9,2017,-0.004016488278277053,23.45037142857143,23.667730000000002,0.014529766150045517,1,0.490000000000002,22.74,22.7313,23.0167
2017-09-29,76485727,22.7907,22.9787,22.5734,22.74,-0.05070000000000263,29,9,2017,0.004416961130741859,23.137900000000002,23.643686666666667,0.015708909953895667,1,0.40530000000000044,22.7687,22.64,22.7313
2017-10-02,78413166,22.8347,22.9133,22.3673,22.7687,-0.0660000000000025,2,10,2017,0.0012620932277924712,22.90028571428571,23.63051,0.01617567092632868,0,0.5459999999999994,23.2093,22.74,22.64
2017-10-03,151838174,22.3933,23.2367,22.0853,23.2093,0.815999999999999,3,10,2017,0.0193511267661306,22.872185714285713,23.65335333333333,0.01196377730397877,0,1.1513999999999989,23.6673,22.7687,22.74
2017-10-04,122219864,23.4167,23.908,23.3067,23.6673,0.25060000000000215,4,10,2017,0.019733468911169227,22.967614285714287,23.683706666666662,0.011792858028805451,0,0.6013000000000019,23.6887,23.2093,22.7687
2017-10-05,62518664,23.7333,23.829,23.4233,23.6887,-0.044599999999999085,5,10,2017,0.0009042011551803064,23.063614285714287,23.689396666666664,0.01178589044350205,0,0.4056999999999995,23.792,23.6673,23.2093
2017-10-06,64092958,23.54,24.0066,23.4833,23.792,0.25200000000000244,6,10,2017,0.004360728955155935,23.215142857142858,23.698173333333333,0.009296051001243436,0,0.523299999999999,22.8627,23.6887,23.6673
2017-10-09,111921859,23.31,23.45,22.8447,22.8627,-0.4472999999999985,9,10,2017,-0.0390593476798925,23.246957142857145,23.68682,0.01963523768510796,0,0.6052999999999997,23.706,23.792,23.6887
2017-10-10,104583893,23.12,23.7087,23.0354,23.706,0.5859999999999985,10,10,2017,0.03688540723536593,23.38495714285714,23.708886666666668,0.02381148465712705,0,0.6733000000000011,23.64,22.8627,23.792
2017-10-11,67420961,23.5927,23.84,23.41,23.64,0.0472999999999999,11,10,2017,-0.0027841052897999985,23.509428571428572,23.72497666666667,0.023999849913071955,0,0.4299999999999997,23.712,23.706,22.8627
2017-10-12,61103249,23.53,23.9853,23.5093,23.712,0.1819999999999986,12,10,2017,0.003045685279187804,23.581242857142858,23.730533333333334,0.023224623422908746,0,0.4759999999999991,23.7047,23.64,23.706
2017-10-13,53082078,23.7987,23.8993,23.5787,23.7047,-0.0940000000000012,13,10,2017,-0.0003078609986505443,23.586585714285714,23.7298,0.022067311204519165,0,0.3205999999999989,23.3733,23.712,23.64
2017-10-16,80596310,23.584,23.632,23.144,23.3733,-0.21069999999999922,16,10,2017,-0.013980349888418675,23.541528571428568,23.719133333333332,0.022721972796144217,0,0.4880000000000031,23.7167,23.7047,23.712
2017-10-17,49354325,23.394,23.748,23.338,23.7167,0.3227000000000011,17,10,2017,0.014691977598370709,23.530771428571427,23.732823333333332,0.02350272109840094,0,0.41000000000000014,23.9767,23.3733,23.7047
2017-10-18,74040323,23.7313,24.2,23.6087,23.9767,0.24540000000000006,18,10,2017,0.01096273933557379,23.689914285714284,23.766423333333332,0.01619114372325774,0,0.5913000000000004,23.454,23.7167,23.3733
2017-10-19,75835687,23.704,23.8098,23.2133,23.454,-0.25,19,10,2017,-0.02180033115482949,23.653914285714286,23.76909,0.012968427165598526,0,0.5964999999999989,23.0067,23.9767,23.7167
2017-10-20,73884818,23.5127,23.6367,22.956,23.0067,-0.5060000000000002,20,10,2017,-0.01907137375287804,23.563442857142856,23.77287,0.014604871517629953,0,0.6807000000000016,22.468,23.454,23.9767
2017-10-23,86093927,23.3253,23.33,22.4167,22.468,-0.8572999999999986,23,10,2017,-0.02341491826294073,23.385728571428576,23.71360333333333,0.01590981867965414,0,0.9132999999999996,22.4893,23.0067,23.454
2017-10-24,67285346,22.5867,22.8533,22.4107,22.4893,-0.09740000000000038,24,10,2017,0.0009480149546021721,23.2121,23.657136666666666,0.01601198251905622,0,0.4426000000000023,21.7227,22.468,23.0067
2017-10-25,128754221,22.4467,22.5,21.5707,21.7227,-0.7240000000000002,25,10,2017,-0.03408732152623695,22.976300000000002,23.567383333333336,0.018930741253166707,0,0.9293000000000013,21.7447,22.4893,22.468
2017-10-26,75151267,21.852,22.0153,21.5467,21.7447,-0.10729999999999862,26,10,2017,0.0010127654481257853,22.694585714285715,23.453006666666667,0.016473063715721433,0,0.4685999999999986,21.3913,21.7227,22.4893
2017-10-27,104525423,21.3167,21.6393,21.1107,21.3913,0.07460000000000022,27,10,2017,-0.016252236177091484,22.325242857142857,23.322026666666666,0.012922068733669379,0,0.5285999999999973,21.3387,21.7447,21.7227
2017-10-30,63714253,21.2787,21.5853,21.15,21.3387,0.05999999999999872,30,10,2017,-0.002458943589216278,22.023057142857144,23.17776,0.013551330078245034,0,0.4353000000000016,22.102,21.3913,21.7447
2017-10-31,84750888,21.3487,22.13,21.3453,22.102,0.7532999999999994,31,10,2017,0.0357706889360645,21.893814285714285,23.080936666666666,0.02254735972963791,0,0.7846999999999973,21.4053,21.3387,21.3913
2017-11-01,123637243,22.15,22.1739,21.3507,21.4053,-0.7446999999999981,1,11,2017,-0.03152203420504929,21.742,22.963536666666666,0.02379479995300236,0,0.8231999999999999,19.9507,22.102,21.3387
2017-11-02,296569052,20.0087,20.5793,19.5087,19.9507,-0.05799999999999983,2,11,2017,-0.06795513260734487,21.37934285714286,22.81416,0.032707645845780724,0,1.0705999999999989,20.406,21.4053,22.102
2017-11-03,133288928,19.9667,20.4167,19.6753,20.406,0.43929999999999936,3,11,2017,0.022821254392076273,21.191242857142857,22.71416,0.03462370575844246,0,0.7413999999999987,20.1853,19.9507,21.4053
2017-11-06,97210286,20.4667,20.5,19.934,20.1853,-0.2813999999999979,6,11,2017,-0.01081544643732224,20.96847142857143,22.62036,0.03437728117971297,0,0.565999999999999,20.4033,20.406,19.9507
2017-11-07,79272620,20.068,20.4333,20.002,20.4033,0.33530000000000015,7,11,2017,0.010799938569156842,20.827328571428573,22.533246666666667,0.035078410463389026,0,0.43130000000000024,20.2927,20.1853,20.406
2017-11-08,70880290,20.3667,20.4593,20.0867,20.2927,-0.07400000000000162,8,11,2017,-0.005420691750844253,20.6779,22.451959999999996,0.035043691989907685,0,0.3725999999999985,20.1993,20.4033,20.1853
2017-11-09,81602554,20.1667,20.2973,19.7533,20.1993,0.03260000000000218,9,11,2017,-0.004602640358355448,20.406085714285716,22.370603333333335,0.029840737396766823,0,0.5440000000000005,20.1993,20.2927,20.4033
2017-11-10,69316165,20.1667,20.5573,20.1233,20.1993,0.03260000000000218,10,11,2017,0.0,20.233800000000002,22.285913333333333,0.028832935999040115,0,0.43400000000000105,21.0267,20.1993,20.2927
2017-11-13,113478573,20.0087,21.12,19.9407,21.0267,1.0180000000000007,13,11,2017,0.040961815508458344,20.387514285714285,22.227846666666668,0.01857519011428605,0,1.1793000000000013,20.58,20.1993,20.1993
2017-11-14,84928518,21.0,21.09,20.46,20.58,-0.4200000000000017,14,11,2017,-0.02124441781163966,20.412371428571426,22.140203333333332,0.01999997625607985,0,0.629999999999999,20.7533,21.0267,20.1993
2017-11-15,89277480,20.4007,20.8327,20.1,20.7533,0.3525999999999989,15,11,2017,0.008420796890184601,20.493514285714287,22.04307,0.01935576722260086,0,0.7326999999999977,20.8333,20.58,21.0267
2017-11-16,86916092,20.9327,21.2093,20.7533,20.8333,-0.09939999999999927,16,11,2017,0.0038548086328440423,20.55494285714286,21.947889999999997,0.019133656364620895,0,0.4559999999999995,21.0033,20.7533,20.58
2017-11-17,205812347,21.7113,21.778,20.8767,21.0033,-0.708000000000002,17,11,2017,0.008160013056020876,20.656457142857143,21.854933333333335,0.018806860745284253,0,0.9012999999999991,20.5827,20.8333,20.7533
2017-11-20,123627253,20.9193,21.0333,20.3167,20.5827,-0.3366000000000007,20,11,2017,-0.020025424576138096,20.71122857142857,21.77893333333333,0.020915282100504452,0,0.7165999999999997,21.1873,21.0033,20.8333
2017-11-21,108845661,20.724,21.2153,20.5807,21.1873,0.46330000000000027,21,11,2017,0.02937418317324747,20.852371428571427,21.694976666666665,0.02307722633131303,0,0.6345999999999989,20.84,20.5827,21.0033
2017-11-22,73699208,21.118,21.1613,20.7893,20.84,-0.2779999999999987,22,11,2017,-0.016391895144732938,20.8257,21.601643333333335,0.018830061991303597,0,0.3719999999999999,21.0367,21.1873,20.5827
2017-11-24,48660951,20.9193,21.094,20.7333,21.0367,0.11739999999999995,24,11,2017,0.009438579654510448,20.890942857142857,21.51246666666667,0.016830186779237505,0,0.36070000000000135,21.1207,20.84,21.1873
2017-11-27,68066651,20.8833,21.156,20.634,21.1207,0.23740000000000094,27,11,2017,0.0039930217191859185,20.943428571428573,21.426333333333332,0.016686560812489377,0,0.5219999999999985,21.17,21.0367,20.84
2017-11-28,74125508,21.0907,21.3333,20.928,21.17,0.07930000000000348,28,11,2017,0.0023342029383497387,20.99152857142857,21.35289,0.016677839454576814,0,0.40530000000000044,20.5027,21.1207,21.0367
2017-11-29,131361879,21.1533,21.2,20.082,20.5027,-0.6506000000000007,29,11,2017,-0.03152102031176196,20.920014285714284,21.24575666666667,0.020665416362565275,0,1.1179999999999986,20.59,21.17,21.1207
2017-11-30,65181477,20.5707,20.7133,20.3027,20.59,0.019300000000001205,30,11,2017,0.004257975778799716,20.92105714285714,21.132866666666665,0.019379570007412972,0,0.41059999999999874,20.4353,20.5027,21.17
2017-12-01,64291198,20.3627,20.688,20.3367,20.4353,0.07260000000000133,1,12,2017,-0.007513355998057247,20.813628571428573,21.032243333333334,0.014538920634654732,1,0.3512999999999984,20.3467,20.59,20.5027
2017-12-04,87513361,20.4333,20.551,20.0407,20.3467,-0.08660000000000068,4,12,2017,-0.004335634906265318,20.743157142857143,20.94357666666667,0.0136599722577883,1,0.5102999999999973,20.2467,20.4353,20.59
2017-12-05,69655585,20.1333,20.5333,20.0667,20.2467,0.11340000000000217,5,12,2017,-0.004914801908908917,20.630300000000002,20.869533333333333,0.012446311866948204,1,0.4665999999999997,20.884,20.3467,20.4353
2017-12-06,107767101,20.0067,20.8927,20.0,20.884,0.8773000000000017,6,12,2017,0.03147673448018695,20.596485714285713,20.81602333333333,0.01867454904465989,1,0.8927000000000014,20.7493,20.2467,20.3467
2017-12-07,71693814,20.8,21.2423,20.7367,20.7493,-0.05069999999999908,7,12,2017,-0.0064499138096149045,20.536385714285718,20.783576666666665,0.01867227574068261,1,0.5056000000000012,21.0087,20.884,20.2467
2017-12-08,51991294,20.9733,21.132,20.7507,21.0087,0.03540000000000276,8,12,2017,0.012501626560895929,20.60867142857143,20.759043333333334,0.014240571855180049,1,0.3813000000000031,21.9273,20.7493,20.884
2017-12-11,118891291,20.9753,21.934,20.9167,21.9273,0.9519999999999982,11,12,2017,0.04372474260663428,20.799714285714288,20.77691,0.020839895487672185,1,1.0173000000000023,22.7353,21.0087,20.7493
2017-12-12,130733485,22.03,22.7627,22.002,22.7353,0.7052999999999976,12,12,2017,0.03684904206172224,21.128285714285713,20.823463333333333,0.02163585590899983,1,0.7606999999999999,22.602,21.9273,21.0087
2017-12-13,93265468,22.7287,22.948,22.4333,22.602,-0.1266999999999996,13,12,2017,-0.005863129142786749,21.45047142857143,20.84013,0.021876214835476717,1,0.5147000000000013,22.526,22.7353,21.9273
2017-12-14,86880317,22.734,23.1627,22.46,22.526,-0.20800000000000196,14,12,2017,-0.003362534289001018,21.776085714285717,20.877486666666666,0.02164340132400633,1,0.7027000000000001,22.8967,22.602,22.7353
2017-12-15,103818638,22.8027,22.9267,22.384,22.8967,0.09399999999999764,15,12,2017,0.016456539110361268,22.063614285714287,20.975686666666668,0.02051692966942821,1,0.5427,22.5913,22.526,22.602
2017-12-18,81998149,22.9933,23.1153,22.5053,22.5913,-0.402000000000001,18,12,2017,-0.013338166635366577,22.326757142857144,21.048529999999996,0.021755878714699556,1,0.610000000000003,22.0733,22.8967,22.526
2017-12-19,102312969,22.684,22.7662,22.02,22.0733,-0.6107000000000014,19,12,2017,-0.022929180702305763,22.47884285714286,21.111463333333333,0.025529125664356448,1,0.7462000000000018,21.932,22.5913,22.8967
2017-12-20,88610626,22.1793,22.2067,21.6693,21.932,-0.24730000000000274,20,12,2017,-0.0064013989752326195,22.479514285714284,21.16242,0.02007776523030465,1,0.5374000000000017,22.1107,22.0733,22.5913
2017-12-21,65549877,21.9727,22.2493,21.814,22.1107,0.13800000000000168,21,12,2017,0.008147911727156787,22.390285714285714,21.22302,0.013045620574396228,1,0.4353000000000016,21.68,21.932,22.0733
2017-12-22,63113998,21.9673,22.0614,21.6547,21.68,-0.2873000000000019,22,12,2017,-0.01947925664949557,22.25857142857143,21.272376666666666,0.014338422511148865,1,0.4067000000000007,21.1527,22.1107,21.932
2017-12-26,65530452,21.5887,21.596,21.1053,21.1527,-0.43599999999999994,26,12,2017,-0.024321955719557198,22.06238571428571,21.304156666666664,0.01584336891607119,1,0.49070000000000036,20.776,21.68,22.1107
2017-12-27,70576225,21.0667,21.1787,20.7167,20.776,-0.29070000000000107,27,12,2017,-0.01780860126603223,21.759428571428572,21.295799999999996,0.01139450363748458,1,0.46199999999999974,21.024,21.1527,21.68
2017-12-28,64601158,20.7833,21.0547,20.636,21.024,0.24070000000000036,28,12,2017,0.011936850211782923,21.535528571428568,21.3106,0.014980710540534362,1,0.4187000000000012,20.7567,20.776,21.1527
2017-12-29,56542532,21.0787,21.094,20.6667,20.7567,-0.32200000000000273,29,12,2017,-0.012714041095890471,21.347442857142855,21.310713333333336,0.013990012387516092,1,0.42730000000000246,21.3687,21.024,20.776
2018-01-02,65184192,20.8,21.474,20.7333,21.3687,0.5686999999999998,2,1,2018,0.029484455621558325,21.266971428571427,21.32856,0.0201678801910782,0,0.7407000000000004,21.15,20.7567,21.024
2018-01-03,66577767,21.4,21.6833,21.0367,21.15,-0.25,3,1,2018,-0.010234595459714502,21.12972857142857,21.333449999999996,0.01958115628911005,0,0.6465999999999994,20.9747,21.3687,20.7567
2018-01-04,149168820,20.858,21.2367,20.3787,20.9747,0.11669999999999803,4,1,2018,-0.008288416075650118,21.028971428571428,21.34651666666667,0.018751985504931894,0,0.8580000000000005,21.1053,21.15,21.3687
2018-01-05,68830886,21.108,21.1493,20.8,21.1053,-0.002700000000000813,5,1,2018,0.006226549128235392,21.022199999999998,21.34378333333333,0.01684512894660125,0,0.3492999999999995,22.4273,20.9747,21.15
2018-01-08,147489076,21.0667,22.468,21.0333,22.4273,1.360599999999998,8,1,2018,0.06263829464636839,21.258100000000002,21.396693333333328,0.027131037119112564,0,1.4346999999999994,22.246,21.1053,20.9747
2018-01-09,107017821,22.344,22.5867,21.827,22.246,-0.09800000000000253,9,1,2018,-0.008083897749617708,21.432671428571428,21.437003333333333,0.028090141539149644,0,0.7596999999999987,22.32,22.4273,21.1053
2018-01-10,64545763,22.1467,22.4667,22.0,22.32,0.17330000000000112,10,1,2018,0.0033264407084421244,21.656000000000002,21.47698,0.02669728868229107,0,0.46669999999999945,22.53,22.246,22.4273
2018-01-11,99612895,22.3493,22.9873,22.2173,22.53,0.18070000000000164,11,1,2018,0.009408602150537737,21.8219,21.522313333333333,0.025392500705001993,0,0.7699999999999996,22.4147,22.32,22.246
2018-01-12,72337599,22.5753,22.694,22.2447,22.4147,-0.16059999999999874,12,1,2018,-0.005117620949844692,22.00257142857143,21.586046666666668,0.02485282623155197,0,0.44929999999999737,22.6707,22.53,22.32
2018-01-16,96438462,22.5027,23.0,22.32,22.6707,0.16799999999999926,16,1,2018,0.011421076347218673,22.244857142857143,21.655403333333332,0.023712619427852598,0,0.6799999999999997,23.144,22.4147,22.53
2018-01-17,106388257,22.698,23.2667,22.65,23.144,0.44599999999999795,17,1,2018,0.020877167445204625,22.5361,21.745693333333335,0.023825888205570387,0,0.6167000000000016,22.9713,22.6707,22.4147
2018-01-18,85194392,23.0447,23.4867,22.916,22.9713,-0.07339999999999947,18,1,2018,-0.007461977186311697,22.613814285714284,21.833180000000002,0.011017135901227135,0,0.5706999999999987,23.3347,23.144,22.6707
2018-01-19,73067678,23.0,23.3727,22.84,23.3347,0.33470000000000155,19,1,2018,0.01581974028461608,22.769342857142856,21.93611333333333,0.010528659456982678,0,0.5326999999999984,23.4373,22.9713,23.144
2018-01-22,92996609,23.2933,23.8553,23.28,23.4373,0.1440000000000019,22,1,2018,0.004396885325288036,22.928957142857143,22.021223333333335,0.010475811108654262,0,0.5752999999999986,23.5193,23.3347,22.9713
2018-01-23,81714289,24.0,24.0333,23.4,23.5193,-0.4806999999999988,23,1,2018,0.003498696522210354,23.070285714285713,22.113556666666668,0.010492096615741821,0,0.633300000000002,23.0593,23.4373,23.3347
2018-01-24,79160750,23.6387,23.65,22.9013,23.0593,-0.5793999999999997,24,1,2018,-0.01955840522464536,23.16237142857143,22.181910000000002,0.0139419074507627,0,0.7486999999999995,22.5093,23.5193,23.4373
2018-01-25,100878070,23.218,23.28,22.4267,22.5093,-0.7087000000000003,25,1,2018,-0.02385154796546296,23.139314285714285,22.201309999999996,0.016927144798193086,0,0.8533000000000008,22.8567,23.0593,23.5193
2018-01-26,68031821,22.7667,22.9333,22.3807,22.8567,0.08999999999999986,26,1,2018,0.015433620770081813,23.098271428571426,22.205356666666667,0.015850921823128812,0,0.5525999999999982,23.302,22.5093,23.0593
2018-01-29,71073084,22.6567,23.39,22.552,23.302,0.6452999999999989,29,1,2018,0.019482252468641548,23.145514285714285,22.228690000000004,0.01740652175045448,0,0.838000000000001,23.0547,22.8567,22.5093
2018-01-30,70660225,23.0093,23.218,22.8113,23.0547,0.04540000000000077,30,1,2018,-0.010612822933653732,23.10551428571429,22.24631333333333,0.016809876112554578,0,0.4067000000000007,23.6207,23.302,22.8567
2018-01-31,92990549,23.1673,23.746,23.0127,23.6207,0.45339999999999847,31,1,2018,0.02455030861386187,23.13171428571429,22.270446666666665,0.019516445544268027,0,0.7332999999999998,23.2833,23.0547,23.302
2018-02-01,62811569,23.4,23.9773,23.242,23.2833,-0.11669999999999803,1,2,2018,-0.014284081335438792,23.098000000000003,22.293513333333333,0.020319947696224628,0,0.7352999999999987,22.9167,23.6207,23.0547
2018-02-02,55442327,23.2293,23.4633,22.7007,22.9167,-0.31259999999999977,2,2,2018,-0.015745190759042016,23.07762857142857,22.321626666666667,0.019791985164306938,0,0.7625999999999991,22.2087,23.2833,23.6207
2018-02-05,66617457,22.5313,22.9647,22.2,22.2087,-0.32260000000000133,5,2,2018,-0.030894500517090084,23.03468571428571,22.330849999999998,0.021286564986612112,0,0.7647000000000013,22.2647,22.9167,23.2833
2018-02-06,76200442,21.6807,22.4147,21.5667,22.2647,0.5839999999999996,6,2,2018,0.002521534353654209,22.950114285714285,22.335983333333335,0.020077024079893733,0,0.847999999999999,23.0,22.2087,22.9167
2018-02-07,100945180,22.5993,23.0667,22.3773,23.0,0.4007000000000005,7,2,2018,0.033025372001419306,22.906971428571428,22.379983333333332,0.023094389523672407,0,0.6893999999999991,21.0153,22.2647,22.2087
2018-02-08,154446223,22.8873,23.2413,20.9733,21.0153,-1.8719999999999999,8,2,2018,-0.08629130434782606,22.61562857142857,22.375403333333335,0.03972433962769255,0,2.2680000000000007,20.6947,23.0,22.2647
2018-02-09,193866353,21.3287,21.399,19.6507,20.6947,-0.6340000000000003,9,2,2018,-0.015255551907419784,22.19762857142857,22.372693333333338,0.03624222829342768,0,1.7483000000000004,21.0487,21.0153,23.0
2018-02-12,93367138,21.0753,21.2053,20.4167,21.0487,-0.026599999999998403,12,2,2018,0.017105829028688513,21.8784,22.373516666666667,0.038659042437939814,0,0.7886000000000024,21.5773,20.6947,21.0153
2018-02-13,68319431,21.0013,21.6127,20.834,21.5773,0.5760000000000005,13,2,2018,0.025113189888211762,21.687057142857146,22.40087,0.04128488164055613,0,0.7787000000000006,21.4873,21.0487,20.6947
2018-02-14,59221125,21.3893,21.7447,21.2347,21.4873,0.09800000000000253,14,2,2018,-0.0041710501313880766,21.584000000000003,22.404823333333336,0.04001045191650421,0,0.5100000000000016,22.271,21.5773,21.0487
2018-02-15,88647301,21.6333,22.2747,21.4933,22.271,0.6377000000000024,15,2,2018,0.03647270713398143,21.5849,22.44219,0.04288626919415444,0,0.7813999999999979,22.366,21.4873,21.5773
2018-02-16,84602718,22.1667,22.8747,22.1093,22.366,0.19930000000000092,16,2,2018,0.004265636926945371,21.494328571428575,22.488566666666664,0.040607980329002105,0,0.7653999999999996,22.318,22.271,21.4873
2018-02-20,60089400,22.298,22.7227,22.1,22.318,0.020000000000003126,20,2,2018,-0.0021461146382901752,21.68042857142857,22.52899,0.018203363463124227,0,0.6226999999999983,22.22,22.366,22.271
2018-02-21,48108726,22.402,22.6462,22.2113,22.22,-0.18200000000000216,21,2,2018,-0.004391074469038525,21.89832857142857,22.52208,0.016162279096498283,0,0.43489999999999895,23.078,22.318,22.366
2018-02-22,104428148,22.3687,23.1627,22.3167,23.078,0.7092999999999989,22,2,2018,0.03861386138613865,22.18822857142857,22.54981333333333,0.019389299360723332,0,0.8460000000000001,23.47,22.22,22.318
2018-02-23,87212611,23.1887,23.666,23.14,23.47,0.2812999999999981,23,2,2018,0.01698587399254703,22.458614285714283,22.588146666666667,0.018805112714352024,0,0.5259999999999998,23.828,23.078,22.22
2018-02-26,65017467,23.5667,23.9333,23.4903,23.828,0.26129999999999853,26,2,2018,0.015253515125692507,22.793,22.631413333333334,0.017358613186952844,0,0.44299999999999784,23.3993,23.47,23.078
2018-02-27,71775294,23.75,23.9993,23.334,23.3993,-0.3506999999999998,27,2,2018,-0.017991438643612523,22.954185714285718,22.664233333333335,0.018313792094912705,0,0.665300000000002,22.8707,23.828,23.47
2018-02-28,90990615,23.5047,23.6827,22.8147,22.8707,-0.6340000000000003,28,2,2018,-0.022590419371519732,23.026285714285713,22.6709,0.021562517569292203,0,0.8680000000000021,22.062,23.3993,23.828
2018-03-01,103088228,23.0007,23.2447,22.0047,22.062,-0.9386999999999972,1,3,2018,-0.03535965230622584,22.989714285714285,22.634833333333333,0.02615017068996332,1,1.240000000000002,22.3413,22.8707,23.3993
2018-03-02,76331797,21.7987,22.348,21.5313,22.3413,0.5426000000000002,2,3,2018,0.01265977699211307,23.00704285714286,22.613833333333332,0.02661022394568155,1,0.8166999999999973,22.2233,22.062,22.8707
2018-03-05,57310501,22.1593,22.5167,21.9529,22.2233,0.0639999999999965,5,3,2018,-0.005281698021153747,22.884942857142857,22.576786666666667,0.020837422209739883,1,0.5638000000000005,21.88,22.3413,22.062
2018-03-06,63547213,22.25,22.4247,21.802,21.88,-0.370000000000001,6,3,2018,-0.015447750784086889,22.6578,22.524876666666668,0.018567081595649952,1,0.6227000000000018,22.1533,22.2233,22.3413
2018-03-07,75029062,21.696,22.1667,21.4493,22.1533,0.45730000000000004,7,3,2018,0.012490859232175522,22.418557142857143,22.479343333333336,0.017964818042270587,1,0.7173999999999978,21.94,21.88,22.2233
2018-03-08,52715479,22.1907,22.22,21.7516,21.94,-0.25069999999999837,8,3,2018,-0.00962836236587783,22.210085714285714,22.44203333333333,0.01763672449260965,1,0.46839999999999904,21.8113,22.1533,21.88
2018-03-09,82541644,21.6067,21.8993,21.4913,21.8113,0.20459999999999923,9,3,2018,-0.005865998176846077,22.058742857142853,22.418766666666667,0.016594377181088884,1,0.40800000000000125,23.034,21.94,22.1533
2018-03-12,123793723,21.9073,23.1473,21.7667,23.034,1.1266999999999996,12,3,2018,0.05605809832518016,22.1976,22.424676666666663,0.024369908399857997,1,1.3806000000000012,22.7893,21.8113,21.94
2018-03-13,89409495,22.9947,23.008,22.4176,22.7893,-0.20540000000000092,13,3,2018,-0.01062342623947199,22.261599999999998,22.407586666666663,0.02495914359960867,1,0.5903999999999989,21.7753,23.034,21.8113
2018-03-14,119282220,22.4507,22.654,21.5953,21.7753,-0.6753999999999998,14,3,2018,-0.0444945654320229,22.197599999999998,22.36494,0.030857462754952644,1,1.0586999999999982,21.7067,22.7893,23.034
2018-03-15,98318471,21.9587,22.19,21.4067,21.7067,-0.2519999999999989,15,3,2018,-0.0031503584336380897,22.172842857142857,22.30114,0.030343346957876677,1,0.7833000000000006,21.4233,21.7753,22.7893
2018-03-16,91700429,21.7307,21.8267,21.2713,21.4233,-0.3073999999999977,16,3,2018,-0.013055876756945972,22.06855714285714,22.23914,0.03002070777419369,1,0.5553999999999988,20.904,21.7067,21.7753
2018-03-19,112018294,21.1,21.3833,20.6447,20.904,-0.1960000000000015,19,3,2018,-0.024239963030905698,21.920557142857145,22.17205,0.03093921686257878,1,0.7385999999999981,20.7033,21.4233,21.7067
2018-03-20,71415429,20.9913,21.0833,20.584,20.7033,-0.28800000000000026,20,3,2018,-0.009601033295063233,21.76227142857143,22.12187,0.03095902900781432,1,0.49930000000000163,21.102,20.904,21.4233
2018-03-21,89313660,20.6833,21.496,20.6793,21.102,0.4187000000000012,21,3,2018,0.019257799481242177,21.486271428571428,22.083113333333333,0.019447899552397938,1,0.8166999999999973,20.6067,20.7033,20.904
2018-03-22,73873883,20.926,21.2547,20.5453,20.6067,-0.31929999999999836,22,3,2018,-0.023471708842763728,21.174471428571426,22.003336666666666,0.019868086943686337,1,0.7093999999999987,20.1027,21.102,20.7033
2018-03-23,99599350,20.75,20.774,20.03,20.1027,-0.6473000000000013,23,3,2018,-0.024458064610054064,20.93552857142857,21.972916666666666,0.01578434058700646,1,0.7439999999999998,20.2787,20.6067,21.102
2018-03-26,125473992,20.4893,20.506,19.424,20.2787,-0.21059999999999945,26,3,2018,0.008755042854939887,20.731528571428573,21.959049999999998,0.017364316261191417,1,1.0820000000000007,18.612,20.1027,20.6067
2018-03-27,206805797,20.2667,20.2847,18.4787,18.612,-1.6547000000000018,27,3,2018,-0.082189686715618,20.329914285714285,21.877826666666667,0.0326376096066513,1,1.806000000000001,17.1853,20.2787,20.1027
2018-03-28,314434043,17.6387,17.912,16.8067,17.1853,-0.45339999999999847,28,3,2018,-0.07665484633569719,19.798671428571428,21.731426666666664,0.03926679819880432,1,1.1052999999999997,17.742,18.612,20.2787
2018-03-29,225216487,17.0993,18.064,16.5473,17.742,0.6427000000000014,29,3,2018,0.03239396460928812,19.37562857142857,21.606583333333333,0.04512319901586609,1,1.5167000000000002,16.832,17.1853,18.612
2018-04-02,241399229,17.084,17.3555,16.306,16.832,-0.2519999999999989,2,4,2018,-0.05129072257919065,18.76562857142857,21.425283333333333,0.042456235708000604,0,1.0494999999999983,17.8353,17.742,17.1853
2018-04-03,282444609,17.988,18.2233,16.966,17.8353,-0.1526999999999994,3,4,2018,0.05960670152091252,18.369714285714284,21.27426,0.05474196188453342,0,1.2572999999999972,19.1293,16.832,17.742
2018-04-04,298202551,16.852,19.2247,16.8,19.1293,2.2773000000000003,4,4,2018,0.0725527465195428,18.230657142857144,21.167970000000004,0.06456390007860234,0,2.424699999999998,20.3813,17.8353,16.832
2018-04-05,285387757,19.2893,20.4173,19.2133,20.3813,1.0919999999999987,5,4,2018,0.06544933688111954,18.245314285714283,21.10668,0.06994677099906911,0,1.2040000000000006,19.9533,19.1293,17.8353
2018-04-06,202747849,20.0667,20.6187,19.7,19.9533,-0.11340000000000217,6,4,2018,-0.020999641828538973,18.436928571428574,21.002523333333336,0.060771313657854015,0,0.9187000000000012,19.3107,20.3813,19.1293
2018-04-09,153621073,20.0247,20.6333,19.2807,19.3107,-0.7139999999999986,9,4,2018,-0.03220519913999176,18.740557142857142,20.86388,0.05165341094868196,0,1.352599999999999,20.3133,19.9533,20.3813
2018-04-10,165255067,19.9313,20.4733,19.5787,20.3133,0.38200000000000145,10,4,2018,0.05191940219670954,19.107885714285715,20.746723333333332,0.05307239524006469,0,0.894599999999997,20.062,19.3107,19.9533
2018-04-11,112053004,20.0493,20.5987,19.9773,20.062,0.012700000000002376,11,4,2018,-0.012371205072538749,19.569314285714288,20.635479999999998,0.04581348181495038,0,0.6214000000000013,19.6053,20.3133,19.3107
2018-04-12,113932818,20.1547,20.2633,19.5787,19.6053,-0.5493999999999986,12,4,2018,-0.022764430266174918,19.82217142857143,20.526633333333336,0.04640126911360714,0,0.6845999999999997,20.0227,20.062,20.3133
2018-04-13,109788320,20.24,20.2633,19.732,20.0227,-0.21729999999999805,13,4,2018,0.02129016133392514,19.949800000000003,20.45865666666667,0.039200830227952246,0,0.5313000000000017,19.414,19.6053,20.062
2018-04-16,94342408,19.9333,19.9773,19.2673,19.414,-0.5192999999999977,16,4,2018,-0.0304004954376782,19.811614285714285,20.36108,0.03142809989509774,0,0.7100000000000009,19.1793,20.0227,19.6053
2018-04-17,103967228,19.258,19.478,18.834,19.1793,-0.07869999999999777,17,4,2018,-0.012089213969300516,19.70104285714286,20.259613333333334,0.030919492750095073,0,0.6440000000000019,19.5567,19.414,20.0227
2018-04-18,97973396,19.4053,20.016,19.2107,19.5567,0.15139999999999887,18,4,2018,0.019677464766701513,19.736185714285714,20.18217,0.029564700208709247,0,0.805299999999999,20.0053,19.1793,19.414
2018-04-19,91256954,19.4053,20.0673,19.2367,20.0053,0.5999999999999979,19,4,2018,0.022938430307771762,19.692185714285717,20.11057,0.02266186952217851,0,0.8306000000000004,19.3493,19.5567,19.1793
2018-04-20,84339408,19.678,19.9987,19.3167,19.3493,-0.3287000000000013,20,4,2018,-0.032791310302769716,19.590371428571427,20.024213333333332,0.02537706959160166,0,0.6819999999999986,18.8913,20.0053,19.5567
2018-04-23,73211108,19.4193,19.4413,18.822,18.8913,-0.5279999999999987,23,4,2018,-0.023670106928932788,19.48837142857143,19.92688,0.02548554293585905,0,0.6192999999999991,18.8973,19.3493,20.0053
2018-04-24,85173587,19.0,19.1393,18.564,18.8973,-0.10269999999999868,24,4,2018,0.0003176065172858511,19.3276,19.788990000000002,0.022989404240694372,0,0.5752999999999986,18.7127,18.8913,19.3493
2018-04-25,60006285,18.9,19.0107,18.4833,18.7127,-0.1872999999999969,25,4,2018,-0.009768591280235772,19.227414285714286,19.653103333333334,0.02086350513319724,0,0.5274000000000001,19.032,18.8973,18.8913
2018-04-26,65221587,18.5833,19.0527,18.4333,19.032,0.44869999999999877,26,4,2018,0.017063277880797534,19.206371428571426,19.561660000000003,0.02209845187031104,0,0.6194000000000024,19.605,18.7127,18.8973
2018-04-27,65202777,19.0247,19.6313,18.922,19.605,0.5803000000000011,27,4,2018,0.030107187894073073,19.213271428571428,19.49160333333333,0.02398723357729094,0,0.7092999999999989,19.5933,19.032,18.7127
2018-04-30,63360988,19.574,19.9153,19.5,19.5933,0.019299999999997652,30,4,2018,-0.0005967865340474887,19.154414285714285,19.430603333333334,0.0218921523698745,0,0.41529999999999845,19.9947,19.605,19.032
2018-05-01,69224155,19.5673,20.0547,19.548,19.9947,0.4274000000000022,1,5,2018,0.020486594907442868,19.246614285714287,19.400293333333334,0.01874790017121244,0,0.5067000000000021,20.0767,19.5933,19.605
2018-05-02,125192577,19.9047,20.4567,19.8523,20.0767,0.1720000000000006,2,5,2018,0.004101086787998698,19.415957142857142,19.379406666666668,0.014059254018104057,0,0.6044000000000018,18.9633,19.9947,19.5933
2018-05-03,260086220,18.586,19.2027,18.3487,18.9633,0.37730000000000175,3,5,2018,-0.05545732117330038,19.425385714285714,19.308116666666667,0.028285393484643366,0,0.8539999999999992,19.606,20.0767,19.9947
2018-05-04,128482526,18.8667,19.7907,18.6347,19.606,0.7393000000000001,4,5,2018,0.033891780439058605,19.553,19.27476,0.030296448935276995,0,1.1560000000000024,20.1847,18.9633,20.0767
2018-05-07,130096285,19.8333,20.3973,19.678,20.1847,0.35139999999999816,7,5,2018,0.029516474548607396,19.71767142857143,19.277493333333332,0.031328092889106755,0,0.7193000000000005,20.1313,19.606,18.9633
2018-05-08,88911661,20.053,20.5167,19.9333,20.1313,0.0782999999999987,8,5,2018,-0.002645568177877311,19.792857142857144,19.27258,0.030046225674274344,0,0.583400000000001,20.4567,20.1847,19.606
2018-05-09,85683782,20.0273,20.4673,20.0033,20.4567,0.4294000000000011,9,5,2018,0.016163884100877768,19.9162,19.33407,0.030268643752736323,0,0.4640000000000022,20.3347,20.1313,20.1847
2018-05-10,84641523,20.5,20.866,20.2741,20.3347,-0.16529999999999845,10,5,2018,-0.005963816255798782,19.964771428571428,19.43905,0.029891830546794243,0,0.591899999999999,20.0707,20.4567,20.1313
2018-05-11,69979780,20.5133,20.592,19.9387,20.0707,-0.4426000000000023,11,5,2018,-0.012982733947390579,19.963914285714285,19.516673333333333,0.030459998477273185,0,0.653299999999998,19.4647,20.3347,20.4567
2018-05-14,108982461,20.2213,20.3293,19.4413,19.4647,-0.7565999999999988,14,5,2018,-0.0301932668018553,20.035542857142854,19.604429999999997,0.02342931407820863,0,0.8880000000000017,18.9453,20.0707,20.3347
2018-05-15,142646224,19.0007,19.1307,18.7,18.9453,-0.055399999999998784,15,5,2018,-0.02668420268486038,19.941157142857143,19.641430000000003,0.021655255176794484,0,0.43070000000000164,19.0987,19.4647,20.0707
2018-05-16,85044617,18.922,19.254,18.7707,19.0987,0.1767000000000003,16,5,2018,0.008096995033068932,19.786014285714284,19.64041,0.017038350360343568,0,0.48329999999999984,18.9693,18.9453,19.4647
2018-05-17,66273837,19.06,19.2792,18.9313,18.9693,-0.09069999999999823,17,5,2018,-0.006775330258080414,19.620014285714287,19.593343333333333,0.016903349552256013,0,0.3478999999999992,18.4547,19.0987,18.9453
2018-05-18,108655431,18.9767,18.9767,18.2667,18.4547,-0.522000000000002,18,5,2018,-0.027128043733822604,19.334014285714286,19.54339,0.014140142112341991,0,0.7100000000000009,18.966,18.9693,19.0987
2018-05-21,137517591,18.7553,19.4327,18.7533,18.966,0.21070000000000277,21,5,2018,0.027705679312045373,19.138485714285714,19.5319,0.021398680706327694,0,0.6794000000000011,18.334,18.4547,18.9693
2018-05-22,134077448,19.1841,19.2,18.2281,18.334,-0.8501000000000012,22,5,2018,-0.0333227881472109,18.890385714285713,19.465923333333333,0.023220768416473886,0,0.971899999999998,18.6047,18.966,18.4547
2018-05-23,89583510,18.5173,18.6607,18.2667,18.6047,0.08740000000000236,23,5,2018,0.014764917639358721,18.767528571428574,19.417346666666667,0.023759519763334944,0,0.39399999999999835,18.5233,18.334,18.966
2018-05-24,62561804,18.56,18.7407,18.326,18.5233,-0.03669999999999973,24,5,2018,-0.004375238514998991,18.707242857142855,19.38128,0.021982388978431765,0,0.41469999999999985,18.59,18.6047,18.334
2018-05-25,58089286,18.5083,18.6427,18.374,18.59,0.08170000000000144,25,5,2018,0.0036008702553000926,18.63457142857143,19.333523333333332,0.021667369602091553,0,0.2687000000000026,18.9173,18.5233,18.6047
2018-05-29,84857253,18.5673,19.1,18.41,18.9173,0.3500000000000014,29,5,2018,0.017606239913932287,18.627142857142854,19.316966666666666,0.022999444548218333,0,0.6900000000000013,19.448,18.59,18.5233
2018-05-30,112103794,18.886,19.667,18.7733,19.448,0.5620000000000012,30,5,2018,0.028053686308299852,18.769042857142857,19.325923333333332,0.02163341265199491,0,0.8937000000000026,18.982,18.9173,18.59
2018-05-31,88692331,19.1473,19.358,18.862,18.982,-0.165300000000002,31,5,2018,-0.023961332784862233,18.771328571428572,19.306766666666665,0.022475373567170314,0,0.4960000000000022,19.4547,19.448,18.9173
2018-06-01,81269719,19.0573,19.4633,18.9226,19.4547,0.39739999999999753,1,6,2018,0.024902539247708244,18.93142857142857,19.28841333333333,0.01833441142059779,1,0.5407000000000011,19.7827,18.982,19.448
2018-06-04,71906769,19.6227,19.9333,19.5699,19.7827,0.16000000000000014,4,6,2018,0.01685967915208142,19.09971428571429,19.302860000000003,0.018467352540820627,1,0.3633999999999986,19.4087,19.4547,18.982
2018-06-05,88168051,19.8467,19.8533,19.116,19.4087,-0.43799999999999883,5,6,2018,-0.018905407249768635,19.2262,19.320106666666668,0.02087506828879207,1,0.7373000000000012,21.3,19.7827,19.4547
2018-06-06,281135859,20.0333,21.478,19.832,21.3,1.2667000000000002,6,6,2018,0.09744599071550386,19.613342857142857,19.400196666666666,0.03989157639117456,1,1.6460000000000008,21.0727,19.4087,19.7827
2018-06-07,215041542,21.0767,22.0,20.9053,21.0727,-0.003999999999997783,7,6,2018,-0.010671361502347376,19.921257142857144,19.478863333333333,0.04160322025417024,1,1.0946999999999996,21.1773,21.3,19.4087
2018-06-08,122882564,21.2667,21.632,21.1433,21.1773,-0.08940000000000126,8,6,2018,0.0049637682878793665,20.1683,19.55037333333333,0.041426004857217695,1,0.48870000000000147,22.14,21.0727,21.3
2018-06-11,197490651,21.5007,22.3107,21.5,22.14,0.6393000000000022,11,6,2018,0.04545905285376328,20.619442857142854,19.634873333333335,0.039376260628492636,1,0.8107000000000006,22.8513,21.1773,21.0727
2018-06-12,333846283,22.98,23.6647,22.5333,22.8513,-0.12870000000000203,12,6,2018,0.03212737127371268,21.10467142857143,19.743473333333334,0.039532948285687514,1,1.1313999999999993,22.9853,22.14,21.1773
2018-06-13,141021934,23.1137,23.1467,22.6533,22.9853,-0.12840000000000273,13,6,2018,0.005863998984740437,21.56218571428571,19.84316,0.04007392626001103,1,0.4933999999999976,23.848,22.8513,22.14
2018-06-14,164417168,23.1753,23.9167,23.1067,23.848,0.672699999999999,14,6,2018,0.037532683932774535,22.19637142857143,19.96887,0.03585078339555148,1,0.8099999999999987,23.878,22.9853,22.8513
2018-06-15,162413319,23.5893,24.3113,23.4167,23.878,0.2886999999999986,15,6,2018,0.001257967125125825,22.56465714285714,20.132693333333336,0.021377068309376277,1,0.8946000000000005,24.722,23.848,22.9853
2018-06-18,180381660,23.6933,24.9153,23.6333,24.722,1.0287000000000006,18,6,2018,0.03534634391490088,23.085985714285716,20.303226666666667,0.018451149515369594,1,1.282,23.5033,23.878,23.848
2018-06-19,191022504,24.344,24.6667,23.0833,23.5033,-0.8407000000000018,19,6,2018,-0.04929617344875015,23.418271428571426,20.413846666666664,0.0330342164416205,1,1.5833999999999975,24.148,24.722,23.878
2018-06-20,125553957,23.8693,24.292,23.4667,24.148,0.2787000000000006,20,6,2018,0.027430190654078368,23.705128571428567,20.547736666666665,0.030943043775831038,1,0.8253000000000021,23.1673,23.5033,24.722
2018-06-21,119247630,24.1333,24.4143,23.0847,23.1673,-0.9659999999999975,21,6,2018,-0.04061205896968689,23.75027142857143,20.63809,0.03531297667588853,1,1.3295999999999992,22.242,24.148,23.5033
2018-06-22,153806473,23.436,23.4833,22.1333,22.242,-1.193999999999999,22,6,2018,-0.03993991531166774,23.644085714285715,20.701666666666668,0.03867051879571494,1,1.3500000000000014,22.2007,23.1673,24.148
2018-06-25,103876283,22.008,22.5647,21.8333,22.2007,0.1927000000000021,25,6,2018,-0.0018568474058088258,23.408757142857144,20.77266666666667,0.03422297848686149,1,0.7313999999999972,22.8,22.242,23.1673
2018-06-26,111521179,22.4036,22.9033,21.7199,22.8,0.39639999999999986,26,6,2018,0.026994644313017124,23.25475714285714,20.883843333333335,0.03687225821692056,1,1.1834000000000024,22.9667,22.2007,22.242
2018-06-27,124707193,23.0,23.386,22.6333,22.9667,-0.03330000000000055,27,6,2018,0.007311403508771797,23.003999999999998,21.01789,0.03294769667559302,1,0.7527000000000008,23.3287,22.8,22.2007
2018-06-28,125822517,23.244,23.8013,23.074,23.3287,0.08470000000000155,28,6,2018,0.015761950998619767,22.979057142857148,21.158889999999996,0.02894696602224617,1,0.7272999999999996,22.8633,22.9667,22.8
2018-06-29,97138496,23.5553,23.5907,22.8273,22.8633,-0.6920000000000002,29,6,2018,-0.01994967572132189,22.795528571428573,21.28869,0.026726910301949614,1,0.7633999999999972,22.338,23.3287,22.9667
2018-07-02,280990510,24.0047,24.3187,21.99,22.338,-1.6666999999999987,2,7,2018,-0.022975685924603972,22.67705714285714,21.418133333333333,0.023747156388761508,0,2.3287000000000013,20.724,22.8633,23.3287
2018-07-03,184239508,22.1167,22.166,20.646,20.724,-1.3927000000000014,3,7,2018,-0.0722535589578297,22.460200000000004,21.476733333333332,0.03301472913389952,0,1.5199999999999996,20.6107,22.338,22.8633
2018-07-05,261863419,20.9173,20.9593,19.748,20.6107,-0.30659999999999954,5,7,2018,-0.005467091295116688,22.23305714285714,21.552623333333333,0.03290221909060263,0,1.2112999999999978,20.5933,20.724,22.338
2018-07-06,132902904,20.3303,20.8047,20.1333,20.5933,0.2629999999999981,6,7,2018,-0.0008442216906753286,21.917814285714282,21.618910000000003,0.029141175233753442,0,0.671400000000002,21.234,20.6107,20.724
2018-07-09,113693058,20.7993,21.2347,20.5333,21.234,0.434700000000003,9,7,2018,0.03111206071877759,21.670285714285715,21.709266666666668,0.03316142601918436,0,0.7013999999999996,21.498,20.5933,20.6107
2018-07-10,141563284,21.6373,21.8452,21.28,21.498,-0.13929999999999865,10,7,2018,0.012432890647075423,21.408757142857144,21.8062,0.03274055465966389,0,0.5651999999999973,21.264,21.234,20.5933
2018-07-11,73178888,21.0533,21.4627,21.0047,21.264,0.21069999999999922,11,7,2018,-0.0108847334635781,21.180285714285713,21.884423333333334,0.032512278058472274,0,0.45800000000000196,21.114,21.498,21.234
2018-07-12,85677722,21.4287,21.5487,20.8513,21.114,-0.3146999999999984,12,7,2018,-0.007054176072234686,21.005428571428574,21.939956666666667,0.03199294705476193,0,0.6974000000000018,21.258,21.264,21.498
2018-07-13,88001596,21.0387,21.3057,20.6167,21.258,0.2193000000000005,13,7,2018,0.006820119352088483,21.081714285714288,22.015823333333334,0.014551433315476748,0,0.6890000000000001,20.6733,21.114,21.264
2018-07-16,117006751,20.7807,21.0107,20.4167,20.6733,-0.10739999999999839,16,7,2018,-0.027504939316962962,21.090657142857143,22.056443333333334,0.018673286526581376,0,0.5940000000000012,21.5127,21.258,21.114
2018-07-17,104816678,20.5873,21.6493,20.5667,21.5127,0.9253999999999998,17,7,2018,0.04060309674797913,21.222,22.114109999999997,0.023966493515317985,0,1.0825999999999993,21.59,20.6733,21.258
2018-07-18,84151233,21.6667,21.7,21.0833,21.59,-0.07669999999999888,18,7,2018,0.0035932263267743902,21.27285714285714,22.18682,0.02137389422127227,0,0.616699999999998,21.3487,21.5127,20.6733
2018-07-19,88606696,21.0887,21.5693,20.934,21.3487,0.26000000000000156,19,7,2018,-0.011176470588235232,21.251528571428572,22.188443333333336,0.021421268900474567,0,0.6352999999999973,20.9053,21.59,21.5127
2018-07-20,77397426,21.4153,21.5493,20.7806,20.9053,-0.509999999999998,20,7,2018,-0.020769414531095598,21.200285714285712,22.182863333333334,0.022495670526713116,0,0.768699999999999,20.2133,21.3487,21.59
2018-07-23,164622218,20.1227,20.3667,19.524,20.2133,0.09060000000000201,23,7,2018,-0.03310165364763962,21.071614285714286,22.150730000000003,0.025397167903201928,0,0.8427000000000007,19.8287,20.9053,21.3487
2018-07-24,143792718,20.2947,20.5145,19.503,19.8287,-0.4659999999999975,24,7,2018,-0.01902707623198585,20.867428571428572,22.07368666666667,0.02511119528098891,0,1.0115000000000016,20.5827,20.2133,20.9053
2018-07-25,105470677,19.7827,20.6413,19.6335,20.5827,0.8000000000000007,25,7,2018,0.038025690035150994,20.854485714285715,21.998066666666666,0.029214770002255287,0,1.0077999999999996,20.4433,19.8287,20.2133
2018-07-26,69293470,20.3233,20.7133,20.2428,20.4433,0.120000000000001,26,7,2018,-0.006772678025720569,20.701714285714285,21.913333333333334,0.02299478201869483,0,0.47050000000000125,19.812,20.5827,19.8287
2018-07-27,85420307,20.4833,20.5129,19.6894,19.812,-0.6712999999999987,27,7,2018,-0.0308805329863574,20.447714285714287,21.7788,0.02400901507281186,0,0.8234999999999992,19.3447,20.4433,20.5827
2018-07-30,101993664,19.7267,19.74,19.0753,19.3447,-0.38200000000000145,30,7,2018,-0.023586715122148272,20.16142857142857,21.627689999999998,0.0243968055715168,0,0.6646999999999998,19.876,19.812,20.4433
2018-07-31,75826372,19.4833,19.888,19.2713,19.876,0.3927000000000014,31,7,2018,0.027464887023319173,20.014385714285712,21.466156666666667,0.02853757441449574,0,0.6167000000000016,20.056,19.3447,19.812
2018-08-01,131521419,19.866,20.2,19.5333,20.056,0.19000000000000128,1,8,2018,0.009056148118333551,19.991914285714284,21.35124666666667,0.026443183355345384,0,0.6666999999999987,23.3027,19.876,19.3447
2018-08-02,347387226,21.896,23.3327,21.544,23.3027,1.4067000000000007,2,8,2018,0.16188173115277227,20.488200000000003,21.323069999999998,0.06539541249149679,0,1.7886999999999986,23.2113,20.056,19.876
2018-08-03,204699498,23.1873,23.6667,22.8353,23.2113,0.02400000000000091,3,8,2018,-0.003922292266561378,20.863714285714288,21.32453666666667,0.06592555602705753,0,0.8313999999999986,22.7993,23.3027,20.056
2018-08-06,128051426,23.0307,23.6653,22.788,22.7993,-0.23140000000000072,6,8,2018,-0.01774997522758326,21.200285714285712,21.343113333333335,0.06676693715524398,0,0.8772999999999982,25.3047,23.2113,23.3027
2018-08-07,458945771,22.9227,25.8307,22.61,25.3047,2.3820000000000014,7,8,2018,0.10988933870776751,21.984957142857144,21.446579999999997,0.07085278143955276,0,3.220700000000001,24.6893,22.7993,23.2113
2018-08-08,368031116,24.606,25.5093,24.4747,24.6893,0.08329999999999771,8,8,2018,-0.024319592802918066,22.74847142857143,21.509556666666665,0.07095868518452808,0,1.034600000000001,23.4967,25.3047,22.7993
2018-08-09,254276873,24.37,24.4673,23.0487,23.4967,-0.8733000000000004,9,8,2018,-0.04830432616558589,23.265714285714285,21.527223333333332,0.07815372186465808,0,1.4186000000000014,23.6993,24.6893,25.3047
2018-08-10,172957564,23.6,24.0,23.0667,23.6993,0.0992999999999995,10,8,2018,0.008622487413126212,23.78618571428572,21.53957666666667,0.07817016035294289,0,0.9332999999999991,23.7607,23.4967,24.6893
2018-08-13,156673722,24.0753,24.2127,23.268,23.7607,-0.31459999999999866,13,8,2018,0.0025907938209144277,23.851614285714284,21.56949,0.05051281652344965,0,0.944700000000001,23.176,23.6993,23.4967
2018-08-14,104227613,23.8967,23.9466,23.14,23.176,-0.7207000000000008,14,8,2018,-0.024607860879519605,23.846571428571426,21.59742333333333,0.0516345057116855,0,0.8065999999999995,22.5793,23.7607,23.6993
2018-08-15,136095427,22.7937,22.966,22.1427,22.5793,-0.21440000000000126,15,8,2018,-0.025746461857093506,23.815142857142856,21.659266666666664,0.05220057683875484,0,0.8232999999999997,22.3633,23.176,23.7607
2018-08-16,90680835,22.6607,22.8187,22.2547,22.3633,-0.29739999999999966,16,8,2018,-0.00956628416292804,23.394942857142855,21.71768666666667,0.019419544393224717,0,0.5640000000000001,20.3667,22.5793,23.176
2018-08-17,283438058,21.5667,21.7847,20.2353,20.3667,-1.1999999999999993,17,8,2018,-0.08928020462096364,22.77742857142857,21.71013333333333,0.03363394937800519,0,1.549400000000002,20.5627,22.3633,22.5793
2018-08-20,260706320,19.4469,20.5667,19.2133,20.5627,1.1158000000000001,20,8,2018,0.00962355217094557,22.358285714285717,21.687756666666665,0.034522134323072926,0,1.3534000000000006,21.46,20.3667,22.3633
2018-08-21,197216451,20.7073,21.6527,20.6,21.46,0.7527000000000008,21,8,2018,0.043637265534195446,22.038385714285713,21.68649,0.04100724359998468,0,1.052699999999998,21.4427,20.5627,20.3667
2018-08-22,89037750,21.3913,21.592,20.978,21.4427,0.05139999999999745,22,8,2018,-0.0008061509785648457,21.70724285714286,21.69244666666667,0.04080696994522373,0,0.6139999999999972,21.34,21.46,20.5627
2018-08-23,77080236,21.276,21.8213,21.2067,21.34,0.06400000000000006,23,8,2018,-0.004789508783875074,21.444957142857138,21.69998,0.04062090967568577,0,0.6145999999999994,21.5213,21.4427,21.46
2018-08-24,53890983,21.38,21.59,21.2933,21.5213,0.1413000000000011,24,8,2018,0.008495782567947474,21.293814285714287,21.70875666666667,0.04060945355045441,0,0.2967000000000013,21.2847,21.34,21.4427
2018-08-27,195939652,21.2,21.4957,20.5873,21.2847,0.08470000000000155,27,8,2018,-0.01099375967065186,21.139728571428574,21.729136666666665,0.04063335013653076,0,0.9084000000000003,20.7907,21.5213,21.34
2018-08-28,114591738,21.2273,21.2587,20.746,20.7907,-0.43659999999999854,28,8,2018,-0.023209159631096488,21.2003,21.70507,0.021147261033042992,0,0.5127000000000024,20.334,21.2847,21.5213
2018-08-29,111158014,20.6847,20.79,20.246,20.334,-0.3506999999999998,29,8,2018,-0.021966552352734703,21.167628571428573,21.663203333333335,0.02283557875332085,0,0.5440000000000005,20.21,20.7907,21.2847
2018-08-30,108159321,20.1507,20.3067,19.848,20.21,0.05930000000000035,30,8,2018,-0.006098160716042078,20.989057142857142,21.625246666666666,0.011339549181337658,0,0.45870000000000033,20.1107,20.334,20.7907
2018-08-31,80505680,20.1333,20.3539,19.9067,20.1107,-0.022599999999997067,31,8,2018,-0.004913409203364694,20.79877142857143,21.598760000000002,0.01097668828200024,0,0.4471999999999987,19.2633,20.21,20.334
2018-09-04,124568503,19.796,19.8793,19.2,19.2633,-0.5326999999999984,4,9,2018,-0.0421367729616573,20.502100000000002,21.567093333333332,0.016324408033753568,1,0.6793000000000013,18.716,20.1107,20.21
2018-09-05,115610072,19.0033,19.1187,18.4787,18.716,-0.28729999999999833,5,9,2018,-0.02841153904055893,20.10134285714286,21.530003333333333,0.013392777370717469,1,0.6400000000000006,18.73,19.2633,20.1107
2018-09-06,112091284,18.9867,19.4113,18.592,18.73,-0.2566999999999986,6,9,2018,0.0007480230818550648,19.736385714285717,21.46824666666667,0.015265723152721422,1,0.8193000000000019,17.5493,18.716,19.2633
2018-09-07,336634482,17.34,17.89,16.817,17.5493,0.20929999999999893,7,9,2018,-0.06303790710090773,19.27332857142857,21.37178,0.022996574184610825,1,1.0730000000000004,19.0333,18.73,18.716
2018-09-10,213483643,18.2173,19.0687,18.0667,19.0333,0.815999999999999,10,9,2018,0.08456177739283066,19.08751428571429,21.345823333333332,0.047022922743139614,1,1.001999999999999,18.6293,17.5493,18.73
2018-09-11,137415846,18.6313,18.8,18.2367,18.6293,-0.0019999999999988916,11,9,2018,-0.021225956612883734,18.861700000000003,21.321976666666668,0.0472428763490001,1,0.5633000000000017,19.3693,19.0333,17.5493
2018-09-12,150032175,18.7627,19.5,18.5764,19.3693,0.6066000000000003,12,9,2018,0.039722372821308305,18.755785714285715,21.305086666666668,0.05100566984795008,1,0.9236000000000004,19.2973,18.6293,19.0333
2018-09-13,94999168,19.2013,19.6667,19.012,19.2973,0.09600000000000009,13,9,2018,-0.003717222615169269,18.76064285714286,21.279796666666666,0.04824211470059888,1,0.6546999999999983,19.68,19.3693,18.6293
2018-09-14,101364729,19.2507,19.8217,19.1013,19.68,0.42930000000000135,14,9,2018,0.01983178993952528,18.898357142857144,21.15904,0.04672315602799158,1,0.7204000000000015,19.656,19.2973,19.3693
2018-09-17,102993069,19.336,20.058,19.2087,19.656,0.3200000000000003,17,9,2018,-0.0012195121951219523,19.030642857142855,21.040529999999997,0.04678082116845495,1,0.8492999999999995,18.9973,19.68,19.2973
2018-09-18,247414076,19.7793,20.176,18.3667,18.9973,-0.782,18,9,2018,-0.033511396011395966,19.2375,20.913796666666663,0.040191393119920156,1,1.8092999999999968,19.9347,19.656,19.68
2018-09-19,123965233,18.7007,20.0,18.7,19.9347,1.2339999999999982,19,9,2018,0.04934385412663911,19.366271428571427,20.734796666666668,0.030683058326853557,1,1.3000000000000007,19.8887,18.9973,19.656
2018-09-20,109987100,20.2373,20.3987,19.5553,19.8887,-0.34860000000000113,20,9,2018,-0.0023075340988326642,19.546185714285713,20.57477666666667,0.02853736161084232,1,0.8434000000000026,19.94,19.9347,18.9973
2018-09-21,75577417,19.8467,20.0387,19.6913,19.94,0.09330000000000283,21,9,2018,0.00257935410559762,19.627714285714287,20.45622,0.02530195124633996,1,0.3474000000000004,19.9787,19.8887,19.9347
2018-09-24,72515724,19.8987,20.2,19.572,19.9787,0.0799999999999983,24,9,2018,0.0019408224674022367,19.725057142857143,20.3322,0.02508782931997242,1,0.6280000000000001,20.066,19.94,19.8887
2018-09-25,67084271,20.0,20.3067,19.7667,20.066,0.06599999999999895,25,9,2018,0.004369653681170371,19.7802,20.209043333333334,0.024255509205708726,1,0.5399999999999991,20.6387,19.9787,19.94
2018-09-26,117537886,20.1273,20.926,20.074,20.6387,0.5113999999999983,26,9,2018,0.02854081530947883,19.920585714285714,20.124466666666667,0.025936852455230378,1,0.8519999999999968,20.5013,20.066,19.9787
2018-09-27,110066345,20.86,20.9973,20.4607,20.5013,-0.3586999999999989,27,9,2018,-0.006657396056922171,20.13544285714286,20.055200000000003,0.02026346995822198,1,0.5366,17.6513,20.6387,20.066
2018-09-28,503959098,18.0173,18.5333,17.3703,17.6513,-0.36599999999999966,28,9,2018,-0.13901557462209724,19.809242857142856,19.89813333333333,0.055487493462246865,1,1.1630000000000003,20.7133,20.5013,20.6387
2018-10-01,325712987,20.3847,20.7627,20.07,20.7133,0.32860000000000156,1,10,2018,0.17347164231529688,19.927042857142855,19.90968666666667,0.09101127748773982,0,0.6926999999999985,20.068,17.6513,20.5013
2018-10-02,175495262,20.93,21.1227,19.9433,20.068,-0.8619999999999983,2,10,2018,-0.031153896288857785,19.945328571428572,19.893196666666665,0.09231138522371593,0,1.1793999999999976,19.6533,20.7133,17.6513
2018-10-03,119734020,20.222,20.3067,19.438,19.6533,-0.5686999999999998,3,10,2018,-0.020664739884393102,19.898842857142856,19.832973333333335,0.09280987623117656,0,0.8687000000000005,18.7887,20.068,20.7133
2018-10-04,144583203,19.5967,19.6,18.5113,18.7887,-0.8079999999999998,4,10,2018,-0.043992611927768044,19.716371428571428,19.744506666666666,0.0943283379946805,0,1.0887000000000029,17.4633,19.6533,20.068
2018-10-05,268510516,18.31,18.3253,17.3333,17.4633,-0.8466999999999985,5,10,2018,-0.07054240048539806,19.262742857142857,19.61528333333333,0.09576772344189982,0,0.9919999999999973,16.704,18.7887,19.6533
2018-10-08,200567600,17.6347,17.8507,16.6,16.704,-0.9306999999999981,8,10,2018,-0.04347975468554055,18.72027142857143,19.454706666666663,0.09593706228763167,0,1.2506999999999984,17.52,17.4633,18.7887
2018-10-09,180566610,17.0167,17.7847,16.8867,17.52,0.5032999999999994,9,10,2018,0.048850574712643535,18.701514285714286,19.32921666666667,0.08431703446733714,0,0.8979999999999997,17.1253,16.704,17.4633
2018-10-10,191723304,17.6407,17.7007,16.518,17.1253,-0.5153999999999996,10,10,2018,-0.02252853881278538,18.188942857142855,19.207036666666667,0.03715432288696802,0,1.1827000000000005,16.8153,17.52,16.704
2018-10-11,121922699,17.1687,17.4833,16.602,16.8153,-0.3534000000000006,11,10,2018,-0.018101872667923957,17.72427142857143,19.089746666666663,0.03719269566326245,0,0.8812999999999995,17.252,17.1253,17.52
2018-10-12,107838801,17.4,17.466,16.8007,17.252,-0.1479999999999997,12,10,2018,0.025970396008397012,17.381228571428572,18.99114666666667,0.041848485502018036,0,0.665300000000002,17.306,16.8153,17.1253
2018-10-15,92835344,17.2707,17.552,16.9691,17.306,0.03529999999999944,15,10,2018,0.0031300718757247825,17.169414285714286,18.897656666666663,0.04068604060643095,0,0.5828999999999986,18.4393,17.252,16.8153
2018-10-16,142516729,17.7133,18.4917,17.4827,18.4393,0.7259999999999991,16,10,2018,0.06548595862706574,17.308842857142857,18.870189999999997,0.03996235663882975,0,1.0090000000000003,18.1187,17.306,17.252
2018-10-17,129554170,18.8267,18.8467,17.7202,18.1187,-0.7079999999999984,17,10,2018,-0.017386777155314892,17.510942857142858,18.85028,0.03524721652744498,0,1.1265,17.594,18.4393,17.306
2018-10-18,81028024,17.9527,18.0667,17.5333,17.594,-0.3586999999999989,18,10,2018,-0.02895903127707833,17.521514285714286,18.812413333333332,0.034011111804854784,0,0.5334000000000003,17.3333,18.1187,18.4393
2018-10-19,140171390,17.826,17.9773,16.9,17.3333,-0.49269999999999925,19,10,2018,-0.01481755143799024,17.551228571428574,18.80521333333333,0.03323476741923857,0,1.077300000000001,17.3967,17.594,18.1187
2018-10-22,83922783,17.3787,17.4573,16.8393,17.3967,0.018000000000000682,22,10,2018,0.0036576993417294368,17.634285714285713,18.75066,0.032015901078653576,0,0.6179999999999986,19.6093,17.3333,17.594
2018-10-23,284343008,17.5913,19.862,17.4733,19.6093,2.0180000000000007,23,10,2018,0.12718504084107907,17.97104285714286,18.783326666666664,0.0564444791021149,0,2.3887,19.2333,17.3967,17.3333
2018-10-24,290256605,20.07,20.296,19.0487,19.2333,-0.8367000000000004,24,10,2018,-0.01917457532905309,18.24637142857143,18.778793333333333,0.058143492372199866,0,1.2472999999999992,20.9907,19.6093,17.3967
2018-10-25,311574894,21.148,21.4,20.0673,20.9907,-0.15729999999999933,25,10,2018,0.09137277534276489,18.610857142857146,18.83524,0.0624378895458334,0,1.332699999999999,22.06,19.2333,19.6093
2018-10-26,410703095,20.55,22.66,20.4433,22.06,1.509999999999998,26,10,2018,0.050941607473785844,19.1739,18.914573333333333,0.0608918857877227,0,2.2166999999999994,22.3233,20.9907,19.2333
2018-10-29,216827142,22.498,23.144,21.7667,22.3233,-0.1747000000000014,29,10,2018,0.011935630099727979,19.849514285714285,19.003483333333335,0.05605914675653821,0,1.3772999999999982,21.9933,22.06,20.9907
2018-10-30,136636732,21.8927,22.5267,21.484,21.9933,0.10060000000000002,30,10,2018,-0.014782760613350154,20.51522857142857,19.10335,0.05605390503622122,0,1.0427,22.488,22.3233,22.06
2018-10-31,114012543,22.1693,22.8,21.94,22.488,0.31869999999999976,31,10,2018,0.02249321384239744,21.242557142857144,19.188460000000003,0.05468488658494055,0,0.8599999999999994,22.952,21.9933,22.3233
2018-11-01,119714130,22.5507,23.1893,22.315,22.952,0.40130000000000265,1,11,2018,0.020633226609747535,21.720085714285716,19.29057,0.0382736731783471,0,0.8742999999999981,23.094,22.488,21.9933
2018-11-02,116998742,22.916,23.28,22.7273,23.094,0.17800000000000082,2,11,2018,0.006186824677588021,22.271614285714286,19.395703333333337,0.03460206498847208,0,0.5527000000000015,22.76,22.952,22.488
2018-11-05,117312616,22.7,22.9303,22.0093,22.76,0.060000000000002274,5,11,2018,-0.014462630986403324,22.52437142857143,19.488413333333334,0.02292129365387944,0,0.9209999999999994,22.7373,23.094,22.952
2018-11-06,101278899,22.6047,23.2533,22.406,22.7373,0.13260000000000005,6,11,2018,-0.0009973637961335768,22.621128571428567,19.577456666666667,0.0152957680130045,0,0.8473000000000006,23.2107,22.76,23.094
2018-11-07,110500535,22.8893,23.412,22.72,23.2107,0.3214000000000006,7,11,2018,0.02082041403332835,22.747899999999998,19.66319,0.01635444408322339,0,0.6920000000000002,23.4267,22.7373,22.76
2018-11-08,106202992,23.2333,23.8384,23.2293,23.4267,0.19340000000000046,8,11,2018,0.009306052811849819,22.952671428571428,19.760703333333332,0.013634721620679859,0,0.6091000000000015,23.3673,23.2107,22.7373
2018-11-09,76401802,23.2667,23.6,23.0153,23.3673,0.10060000000000002,9,11,2018,-0.002535568389914089,23.078285714285716,19.951236666666667,0.012805930136621681,0,0.5847000000000016,22.0853,23.4267,23.2107
2018-11-12,103754423,23.2247,23.3187,22.0227,22.0853,-1.1393999999999984,12,11,2018,-0.05486299230120728,22.954471428571427,19.996969999999997,0.02447486724626767,0,1.2959999999999994,22.582,23.3673,23.4267
2018-11-13,81341299,22.2107,22.98,22.1467,22.582,0.3713000000000015,13,11,2018,0.022490072582215248,22.881328571428575,20.080769999999998,0.02643829580907378,0,0.8333000000000013,22.9333,22.0853,23.3673
2018-11-14,75481207,22.8467,23.1407,22.4767,22.9333,0.08660000000000068,14,11,2018,0.015556638030289616,22.906085714285716,20.190103333333333,0.02668214132656151,0,0.6639999999999979,23.2293,22.582,22.0853
2018-11-15,69001915,22.822,23.2387,22.6027,23.2293,0.40729999999999933,15,11,2018,0.012906995504353924,22.97637142857143,20.338123333333332,0.026989983356756654,0,0.6360000000000028,23.6207,22.9333,22.582
2018-11-16,107916816,23.0127,23.7133,23.008,23.6207,0.6080000000000005,16,11,2018,0.01684941001235507,23.03494285714286,20.54337,0.02660132828316231,0,0.7053000000000011,23.5647,23.2293,22.9333
2018-11-19,145478312,23.756,24.45,23.5253,23.5647,-0.1913000000000018,19,11,2018,-0.002370801881400708,23.054657142857142,20.772060000000003,0.02649239848286244,0,0.9246999999999979,23.166,23.6207,23.2293
2018-11-20,119868735,22.7833,23.32,22.2367,23.166,0.3826999999999998,20,11,2018,-0.016919375167093076,23.0259,20.960259999999998,0.02736901816050468,0,1.0833000000000013,22.546,23.5647,23.6207
2018-11-21,70160800,23.4667,23.54,22.4933,22.546,-0.9207000000000001,21,11,2018,-0.026763360096693445,23.091714285714286,21.14095,0.018880727222439306,0,1.0466999999999977,21.722,23.166,23.5647
2018-11-23,63039598,22.2897,22.5,21.7033,21.722,-0.5676999999999985,23,11,2018,-0.03654750288299469,22.96885714285714,21.30450666666667,0.021747634714754605,0,0.7967000000000013,23.0667,22.546,23.166
2018-11-26,119596725,21.6667,23.0813,21.6667,23.0667,1.4000000000000021,26,11,2018,0.06190498112512666,22.987914285714286,21.49833,0.03320360442594255,0,1.4146,22.928,21.722,22.546
2018-11-27,95205012,22.67,23.1307,22.3667,22.928,0.2579999999999991,27,11,2018,-0.006012997091044636,22.944871428571425,21.68573,0.03286913773119475,0,0.7639999999999993,23.1913,23.0667,21.722
2018-11-28,61710539,23.066,23.2187,22.814,23.1913,0.1252999999999993,28,11,2018,0.0114837752965804,22.88352857142857,21.844130000000003,0.032432051249213216,0,0.4046999999999983,22.7447,22.928,23.0667
2018-11-29,46140367,23.1333,23.1667,22.6367,22.7447,-0.3885999999999967,29,11,2018,-0.019257221458046647,22.766385714285715,21.99833,0.0330707685774048,0,0.5299999999999976,23.3653,23.1913,22.928
2018-11-30,84316518,22.7887,23.44,22.551,23.3653,0.5766000000000027,30,11,2018,0.027285477495856192,22.794857142857147,22.190706666666667,0.03451256568381145,0,0.8890000000000029,23.8993,22.7447,23.1913
2018-12-03,124437583,24.0,24.4,23.4667,23.8993,-0.10069999999999979,3,12,2018,0.022854403752573305,22.988185714285716,22.409573333333334,0.03273532147450137,1,0.9332999999999991,23.98,23.3653,22.7447
2018-12-04,126453132,23.7367,24.5787,23.4667,23.98,0.2433000000000014,4,12,2018,0.0033766679358808727,23.310757142857142,22.629016666666665,0.02637439826579374,1,1.1120000000000019,24.204,23.8993,23.3653
2018-12-06,117430276,23.734,24.492,23.384,24.204,0.46999999999999886,6,12,2018,0.009341117597998272,23.47322857142857,22.782173333333336,0.016126351988041306,1,1.1080000000000005,23.8643,23.98,23.8993
2018-12-07,172265164,24.6,25.2993,23.8433,23.8643,-0.7357000000000014,7,12,2018,-0.014034870269376998,23.606985714285717,22.93654,0.01743776249519846,1,1.4559999999999995,24.3433,24.204,23.98
2018-12-10,98630066,24.0,24.3987,23.5413,24.3433,0.3432999999999993,10,12,2018,0.020071822764547775,23.771557142857144,23.048293333333334,0.018185131469359996,1,0.8574000000000019,24.4507,23.8643,24.204
2018-12-11,94477033,24.6607,24.8113,24.0153,24.4507,-0.2099999999999973,11,12,2018,0.004411891567700499,24.015271428571427,23.127983333333336,0.014242587435364834,1,0.7959999999999994,24.44,24.3433,23.8643
2018-12-12,75295837,24.628,24.794,24.344,24.44,-0.18799999999999883,12,12,2018,-0.0004376152829980162,24.1688,23.19854,0.01254099047909811,1,0.4499999999999993,25.1193,24.4507,24.3433
2018-12-13,110222465,24.6767,25.1627,24.45,25.1193,0.44259999999999877,13,12,2018,0.027794599018003074,24.343085714285714,23.302740000000004,0.013699439349478008,1,0.7127000000000017,24.3807,24.44,24.4507
2018-12-14,94914328,25.0,25.1913,24.2887,24.3807,-0.6192999999999991,14,12,2018,-0.029403685612258257,24.40032857142857,23.365830000000003,0.019574260882218437,1,0.9025999999999996,23.228,25.1193,24.44
2018-12-17,114972423,24.1333,24.38,22.9253,23.228,-0.9052999999999969,17,12,2018,-0.04727920035109734,24.2609,23.37503,0.02669592117620575,1,1.454699999999999,22.4687,24.3807,25.1193
2018-12-18,106273252,23.3693,23.4367,22.246,22.4687,-0.9006000000000007,18,12,2018,-0.03268899603926312,24.06152857142857,23.354186666666667,0.02855027786929003,1,1.1906999999999996,22.198,23.228,24.3807
2018-12-19,123845548,22.5067,23.134,21.9827,22.198,-0.3086999999999982,19,12,2018,-0.012047871038377789,23.75505714285714,23.33545333333333,0.025682790480061432,1,1.151299999999999,21.0253,22.4687,23.228
2018-12-20,135740767,21.8036,22.0193,20.7913,21.0253,-0.778299999999998,20,12,2018,-0.05282908370123429,23.26571428571429,23.278386666666666,0.02826896119223197,1,1.2280000000000015,21.318,22.198,22.4687
2018-12-21,119958225,21.16,21.5647,20.8293,21.318,0.15800000000000125,21,12,2018,0.01392132335804952,22.81971428571429,23.215296666666667,0.03044556432510812,1,0.7353999999999985,19.6927,21.0253,22.198
2018-12-24,83398653,20.9,20.9667,19.6797,19.6927,-1.2073,24,12,2018,-0.0762407355286614,22.044485714285713,23.09083,0.029200606398417435,1,1.286999999999999,21.7393,21.318,21.0253
2018-12-26,122146469,20.0,21.798,19.606,21.7393,1.7393,26,12,2018,0.10392683583256757,21.66714285714286,23.036563333333334,0.059895215796005964,1,2.1919999999999966,21.0753,19.6927,21.318
2018-12-27,128510711,21.3227,21.4781,20.1,21.0753,-0.2474000000000025,27,12,2018,-0.03054376175865836,21.359614285714287,23.00289666666667,0.05870242173317592,1,1.3780999999999999,22.258,21.7393,19.6927
2018-12-28,148781581,21.54,22.416,21.2273,22.258,0.718,28,12,2018,0.05611782513178931,21.329514285714286,22.99209666666667,0.06301412073196429,1,1.1887000000000008,22.1867,21.0753,21.7393
2018-12-31,94414423,22.5193,22.614,21.684,22.1867,-0.3326000000000029,31,12,2018,-0.003203342618384397,21.3279,22.96721,0.06281293392250503,1,0.9299999999999997,20.6747,22.258,21.0753
2019-01-02,174168963,20.4067,21.0087,19.92,20.6747,0.2680000000000007,2,1,2019,-0.0681489360743146,21.277814285714282,22.882056666666667,0.06524495600450554,0,1.0886999999999993,20.024,22.1867,22.258
2019-01-03,104228603,20.4667,20.6267,19.8253,20.024,-0.44269999999999854,3,1,2019,-0.03147324991414635,21.09295714285714,22.762166666666666,0.06581503402294027,0,0.801400000000001,21.1793,20.6747,22.1867
2019-01-04,110741270,20.4,21.2,20.182,21.1793,0.7793000000000028,4,1,2019,0.05769576508190166,21.30532857142857,22.682653333333334,0.061698051850489787,0,1.0180000000000007,22.3307,20.024,20.6747
2019-01-07,113135013,21.448,22.4493,21.1834,22.3307,0.8826999999999998,7,1,2019,0.054364402978379855,21.389814285714287,22.65481,0.05137838941869853,0,1.265900000000002,22.3567,21.1793,20.024
2019-01-08,104916353,22.7973,22.934,21.8013,22.3567,-0.4405999999999999,8,1,2019,0.0011643163895445063,21.57287142857143,22.6485,0.0490711915200073,0,1.1326999999999998,22.5687,22.3307,21.1793
2019-01-09,81399229,22.3667,22.9002,22.098,22.5687,0.20199999999999818,9,1,2019,0.009482615949581108,21.61725714285714,22.67672333333333,0.04465460312498451,0,0.8022000000000027,22.998,22.3567,22.3307
2019-01-10,90744270,22.2933,23.026,22.1193,22.998,0.7047000000000025,10,1,2019,0.01902191973839873,21.73315714285714,22.674433333333337,0.04494247804312393,0,0.9067000000000007,23.1507,22.5687,22.3567
2019-01-11,75526132,22.806,23.2273,22.5847,23.1507,0.34469999999999956,11,1,2019,0.006639707800678352,22.08687142857143,22.68185666666667,0.031144745139751833,0,0.6425999999999981,22.2933,22.998,22.5687
2019-01-14,78490311,22.8253,22.8333,22.2667,22.2933,-0.532,14,1,2019,-0.03703559719576521,22.411057142857143,22.651923333333333,0.032614915179301644,0,0.5666000000000011,22.962,23.1507,22.998
2019-01-15,90718305,22.3333,23.2533,22.3,22.962,0.6286999999999985,15,1,2019,0.029995559203886524,22.66572857142857,22.659166666666668,0.02806196323909314,0,0.9532999999999987,23.07,22.2933,23.1507
2019-01-16,70158370,22.9853,23.4667,22.9,23.07,0.08470000000000155,16,1,2019,0.004703423046772848,22.771342857142855,22.64932333333333,0.020919749733303124,0,0.5667000000000009,23.154,22.962,22.2933
2019-01-17,54917403,23.0807,23.4333,22.9433,23.154,0.0732999999999997,17,1,2019,0.003641092327698381,22.88524285714286,22.624480000000002,0.020867841657248355,0,0.48999999999999844,20.1507,23.07,22.962
2019-01-18,361188719,21.5333,21.8087,19.982,20.1507,-1.3826,18,1,2019,-0.1297097693703032,22.53981428571429,22.49683666666667,0.05481674769519641,0,1.8267000000000024,19.928,23.154,23.07
2019-01-22,180781860,20.3213,20.5333,19.7,19.928,-0.3933,22,1,2019,-0.011051725250239453,22.10124285714286,22.354303333333334,0.05287963827959563,0,0.8333000000000013,19.1727,20.1507,23.154
2019-01-23,187696106,19.5,19.6333,18.7793,19.1727,-0.32730000000000103,23,1,2019,-0.037901445202729867,21.532957142857146,22.197916666666668,0.05195561483948874,0,0.8539999999999992,19.434,19.928,20.1507
2019-01-24,119863605,18.8687,19.5787,18.6189,19.434,0.5653000000000006,24,1,2019,0.013628753383717607,21.124485714285715,22.03427333333333,0.05355850979330162,0,0.9598000000000013,19.8027,19.1727,19.928
2019-01-25,106541662,19.626,19.9013,19.3033,19.8027,0.1767000000000003,25,1,2019,0.018971904908922532,20.673157142857146,21.879340000000003,0.05204947254808357,0,0.597999999999999,19.7587,19.434,19.1727
2019-01-28,96142107,19.5273,19.8307,19.1833,19.7587,0.23140000000000072,28,1,2019,-0.0022219192332358917,20.200114285714285,21.723296666666666,0.05157252321694915,0,0.6474000000000011,19.8307,19.8027,19.434
2019-01-29,69043960,19.6847,19.9038,19.4533,19.8307,0.1460000000000008,29,1,2019,0.0036439644308583485,19.725357142857145,21.54701,0.051572748815464614,0,0.4505000000000017,20.5847,19.7587,19.8027
2019-01-30,158910521,20.03,20.6,19.8993,20.5847,0.5547000000000004,30,1,2019,0.03802185500259703,19.787357142857143,21.420476666666666,0.02412481420364444,0,0.7007000000000012,20.468,19.8307,19.7587
2019-01-31,188177756,20.0667,20.7709,19.6,20.468,0.4012999999999991,31,1,2019,-0.005669259207081057,19.8645,21.328476666666667,0.023672734292477158,0,1.1708999999999996,20.814,20.5847,19.8307
2019-02-01,108954216,20.3613,21.0733,20.2333,20.814,0.4527000000000001,1,2,2019,0.016904436193081906,20.098971428571428,21.273320000000002,0.014925736465693742,0,0.8399999999999999,20.8593,20.468,20.5847
2019-02-04,110161085,20.8653,21.02,20.1253,20.8593,-0.006000000000000227,4,2,2019,0.002176419717497824,20.302585714285716,21.228696666666668,0.01532656848032072,0,0.8947000000000003,21.4233,20.814,20.468
2019-02-05,101021034,20.8327,21.496,20.8166,21.4233,0.590600000000002,5,2,2019,0.027038299463548743,20.5341,21.241963333333334,0.016359115447383107,0,0.6793999999999976,21.148,20.8593,20.814
2019-02-06,75470482,21.306,21.616,21.0416,21.148,-0.15800000000000125,6,2,2019,-0.012850494554993874,20.732571428571426,21.236296666666664,0.018222698752986082,0,0.5744000000000007,20.5007,21.4233,20.8593
2019-02-07,97677401,20.8867,20.98,20.2,20.5007,-0.3860000000000028,7,2,2019,-0.030608095328163443,20.828285714285716,21.26323,0.023896399428171032,0,0.7800000000000011,20.3867,21.148,21.4233
2019-02-08,87526126,20.4553,20.4963,19.9,20.3867,-0.0686,8,2,2019,-0.005560785729267659,20.800000000000004,21.218143333333334,0.019044374048906656,0,0.5963000000000029,20.856,20.5007,21.148
2019-02-11,106710127,20.7733,21.24,20.7,20.856,0.08270000000000266,11,2,2019,0.023019910039388414,20.855428571428572,21.210833333333333,0.020922742269130844,0,0.5399999999999991,20.7873,20.3867,20.5007
2019-02-12,82281244,21.08,21.2127,20.6413,20.7873,-0.29269999999999996,12,2,2019,-0.0032940161104719756,20.851614285714284,21.16181,0.020039483537334844,0,0.5714000000000006,20.5447,20.856,20.3867
2019-02-13,76955932,20.8233,20.85,20.3713,20.5447,-0.27860000000000085,13,2,2019,-0.011670587329763782,20.80667142857143,21.107076666666668,0.02046642872831779,0,0.4786999999999999,20.2513,20.7873,20.856
2019-02-14,77863266,20.2253,20.4513,20.0667,20.2513,0.0259999999999998,14,2,2019,-0.014281055454691383,20.639242857142854,21.092963333333334,0.016216388854843226,0,0.38459999999999894,20.5253,20.5447,20.7873
2019-02-15,58437196,20.3,20.5333,20.26,20.5253,0.22530000000000072,15,2,2019,0.01352999560522039,20.550285714285714,21.109673333333333,0.01785465718476388,0,0.273299999999999,20.376,20.2513,20.5447
2019-02-19,61807769,20.4373,20.7696,20.3647,20.376,-0.061299999999999244,19,2,2019,-0.007273949710844718,20.53247142857143,21.082896666666667,0.013804841814342944,0,0.40490000000000137,20.1707,20.5253,20.2513
2019-02-20,106994482,20.294,20.42,19.9333,20.1707,-0.12330000000000041,20,2,2019,-0.010075579112681643,20.501614285714286,21.010896666666667,0.014165633232374781,0,0.4867000000000026,19.4153,20.376,20.5253
2019-02-21,133212383,20.1207,20.216,19.3667,19.4153,-0.7054000000000009,21,2,2019,-0.03745036116743605,20.295800000000003,20.91285,0.01516943544765815,0,0.8492999999999995,19.6473,20.1707,20.376
2019-02-22,85970657,19.6327,19.7667,19.4733,19.6473,0.0146000000000015,22,2,2019,0.011949338923426422,20.132942857142858,20.81547,0.0172555545791801,0,0.2934000000000019,19.918,19.4153,20.1707
2019-02-25,93205468,19.8607,20.1936,19.8,19.918,0.05729999999999791,25,2,2019,0.013777974581749008,20.043414285714285,20.712803333333333,0.018927588406068747,0,0.3935999999999993,19.8573,19.6473,19.4153
2019-02-26,128574071,19.4813,20.134,19.2513,19.8573,0.37599999999999767,26,2,2019,-0.0030474947283863907,19.98712857142857,20.603023333333333,0.018405408397798233,0,0.8826999999999998,20.9827,19.918,19.6473
2019-02-27,167161416,20.1187,21.0863,20.0367,20.9827,0.8640000000000008,27,2,2019,0.056674371641663335,20.05247142857143,20.55933666666667,0.02893877898711468,0,1.0496000000000016,21.3253,19.8573,19.918
2019-02-28,144993288,21.2613,21.3333,20.7207,21.3253,0.06400000000000006,28,2,2019,0.016327736659247805,20.188085714285712,20.50478,0.02884801310080304,0,0.6126000000000005,19.6527,20.9827,19.8573
2019-03-01,342731079,20.4627,20.4753,19.46,19.6527,-0.8100000000000023,1,3,2019,-0.07843265979845537,20.114085714285714,20.39087,0.04342886871345793,1,1.0152999999999999,19.024,21.3253,20.9827
2019-03-04,256033222,19.8747,19.9333,18.852,19.024,-0.8506999999999998,4,3,2019,-0.03199051529815233,20.058185714285713,20.25320333333333,0.04274832862455563,1,1.0812999999999988,18.436,19.6527,21.3253
2019-03-05,280946860,18.8,18.9333,18.0067,18.436,-0.36400000000000077,5,3,2019,-0.030908326324642577,19.885142857142856,20.196046666666668,0.04346291751106971,1,0.9266000000000005,18.416,19.024,19.6527
2019-03-06,154790473,18.432,18.7671,18.2927,18.416,-0.015999999999998238,6,3,2019,-0.0010848340203948315,19.670571428571428,20.145646666666664,0.042562391733263996,1,0.47439999999999927,18.4393,18.436,19.024
2019-03-07,141160384,18.5893,18.98,18.2833,18.4393,-0.15000000000000213,7,3,2019,0.001265204170286749,19.468,20.121199999999998,0.04271667690645133,1,0.6966999999999999,18.9427,18.416,18.436
2019-03-08,132086514,18.4607,19.0393,18.3927,18.9427,0.4819999999999993,8,3,2019,0.027300385589474674,19.176571428571428,20.104823333333336,0.036024081568068626,1,0.6465999999999994,19.3947,18.4393,18.416
2019-03-11,110584415,18.9013,19.4187,18.7,19.3947,0.49340000000000117,11,3,2019,0.02386143474795044,18.900771428571428,20.091223333333332,0.03717299320863387,1,0.7187000000000019,18.8907,18.9427,18.4393
2019-03-12,112320499,19.0993,19.2047,18.7373,18.8907,-0.20860000000000056,12,3,2019,-0.025986480842704496,18.791914285714284,20.06229,0.02506696487604696,1,0.4673999999999978,19.264,19.3947,18.9427
2019-03-13,102267759,18.9267,19.466,18.8467,19.264,0.33729999999999905,13,3,2019,0.019761046440841312,18.8262,20.043400000000002,0.023486654302829753,1,0.6193000000000026,19.3307,18.8907,19.3947
2019-03-14,105722017,19.4967,19.6927,19.2193,19.3307,-0.16600000000000037,14,3,2019,0.0034624169435215624,18.954014285714287,20.0016,0.018520742787413762,1,0.47339999999999804,18.362,19.264,18.8907
2019-03-15,221360289,18.9007,18.915,18.2933,18.362,-0.5387000000000022,15,3,2019,-0.05011199801352262,18.9463,19.9314,0.028592679748894866,1,0.6217000000000006,17.966,19.3307,19.264
2019-03-18,153974323,18.4,18.5367,17.82,17.966,-0.4339999999999975,18,3,2019,-0.021566278183204335,18.878685714285716,19.836466666666663,0.029696692211542294,1,0.7166999999999994,17.8313,18.362,19.3307
2019-03-19,176614862,17.8333,18.22,17.564,17.8313,-0.0020000000000024443,19,3,2019,-0.007497495268841248,18.719914285714285,19.735533333333333,0.026450669571401877,1,0.6559999999999988,18.24,17.966,18.362
2019-03-20,103229588,17.9793,18.3313,17.7533,18.24,0.26069999999999993,20,3,2019,0.022920370359984954,18.554957142857145,19.62942333333333,0.02626169815317721,1,0.5779999999999994,18.268,17.8313,17.966
2019-03-21,88963831,18.1733,18.43,17.8967,18.268,0.09469999999999956,21,3,2019,0.0015350877192983337,18.466,19.533423333333335,0.025235539234469907,1,0.5333000000000006,17.6353,18.24,17.8313
2019-03-22,130829185,18.172,18.1867,17.6,17.6353,-0.5366999999999997,22,3,2019,-0.03463433326034593,18.23332857142857,19.43791,0.024892533554223,1,0.5866999999999969,17.3613,18.268,18.24
2019-03-25,153076123,17.314,17.5453,16.964,17.3613,0.0472999999999999,25,3,2019,-0.015537019500660665,17.951985714285716,19.337063333333333,0.023907507053100272,1,0.5813000000000024,17.8513,17.6353,18.268
2019-03-26,110127965,17.6293,18.0173,17.6287,17.8513,0.22199999999999775,26,3,2019,0.028223692926220956,17.87902857142857,19.236906666666663,0.023042655485758436,1,0.3886000000000003,18.322,17.3613,17.6353
2019-03-27,131285694,17.9167,18.358,17.8789,18.322,0.40530000000000044,27,3,2019,0.02636782755317535,17.929885714285714,19.154729999999997,0.023984016501963613,1,0.47909999999999897,18.5747,17.8513,17.3613
2019-03-28,101473764,18.4773,18.6887,18.34,18.5747,0.09740000000000038,28,3,2019,0.013792162427682664,18.036085714285715,19.089063333333332,0.023771907927982675,1,0.3487000000000009,18.6573,18.322,17.8513
2019-03-29,89705280,18.58,18.6773,18.3,18.6573,0.07730000000000103,29,3,2019,0.004446908967574048,18.0957,19.03593,0.022588739045081914,1,0.3772999999999982,19.2787,18.5747,18.322
2019-04-01,121396949,18.8413,19.28,18.7521,19.2787,0.43740000000000023,1,4,2019,0.03330599818837676,18.240085714285716,18.994376666666664,0.025181406756025475,0,0.5279000000000025,19.0587,18.6573,18.5747
2019-04-02,81407719,19.22,19.296,18.9253,19.0587,-0.1612999999999971,2,4,2019,-0.011411557833256314,18.443428571428573,18.950466666666667,0.019523190758049532,0,0.37069999999999936,19.454,19.2787,18.6573
2019-04-03,118749691,19.1547,19.7447,19.1447,19.454,0.29930000000000234,3,4,2019,0.020741183816314734,18.742385714285714,18.926576666666666,0.01563602942513125,0,0.6000000000000014,17.852,19.0587,19.2787
2019-04-04,355202372,17.4593,18.08,17.3727,17.852,0.3927000000000014,4,4,2019,-0.08234810321784725,18.742485714285714,18.874466666666663,0.03948155446649674,0,0.7073,18.3307,19.454,19.0587
2019-04-05,195341002,17.9907,18.4067,17.7407,18.3307,0.33999999999999986,5,4,2019,0.026814922697736998,18.74372857142857,18.83058,0.03953033188002468,0,0.6660000000000004,18.2133,17.852,19.454
2019-04-08,155468922,18.5127,18.744,18.0293,18.2133,-0.29939999999999856,8,4,2019,-0.006404556290812713,18.6921,18.773756666666667,0.0391561576692785,0,0.7147000000000006,18.154,18.3307,17.852
2019-04-09,88398661,18.11,18.3333,17.974,18.154,0.04400000000000048,9,4,2019,-0.0032558624741261255,18.620200000000004,18.71698,0.03904886774353814,0,0.35930000000000106,18.404,18.2133,18.3307
2019-04-10,105675457,18.4493,18.5587,18.1928,18.404,-0.045300000000001006,10,4,2019,0.013771069736697061,18.49524285714286,18.631023333333335,0.0366260740656581,0,0.36590000000000344,17.8947,18.154,18.2133
2019-04-11,146719337,17.8867,18.0333,17.7067,17.8947,0.007999999999999119,11,4,2019,-0.02767333188437293,18.328957142857146,18.516669999999998,0.03753010928070106,0,0.3265999999999991,17.8467,18.404,18.154
2019-04-12,101030739,18.0147,18.13,17.7887,17.8467,-0.1680000000000028,12,4,2019,-0.0026823584636792575,18.099342857142855,18.456470000000003,0.035494453572812376,0,0.3413000000000004,17.7587,17.8947,18.404
2019-04-15,150487275,17.9087,17.9253,17.242,17.7587,-0.14999999999999858,15,4,2019,-0.004930883580717804,18.08601428571429,18.414293333333333,0.017102175674384396,0,0.6832999999999991,18.224,17.8467,17.8947
2019-04-16,108997506,17.7167,18.3333,17.648,18.224,0.5073000000000008,16,4,2019,0.02620124220804443,18.07077142857143,18.407226666666663,0.016938875623220672,0,0.6853000000000016,18.082,17.7587,17.8467
2019-04-17,76770127,18.3167,18.3193,17.9023,18.082,-0.23470000000000013,17,4,2019,-0.007791922739244894,18.052014285714286,18.396093333333333,0.017024501352583463,0,0.41699999999999804,18.2173,18.224,17.7587
2019-04-18,87922126,18.082,18.3227,17.9833,18.2173,0.13530000000000086,18,4,2019,0.0074825793606903,18.061057142857145,18.388693333333332,0.017259955328366463,0,0.33940000000000126,17.5167,18.082,18.224
2019-04-22,181525259,17.9333,17.9787,17.4987,17.5167,-0.41659999999999897,22,4,2019,-0.038457949311917816,17.9343,18.34116,0.02141813546497973,0,0.4800000000000004,17.5933,18.2173,18.082
2019-04-23,163640168,17.3433,17.7067,17.05,17.5933,0.25,23,4,2019,0.004372969794538939,17.89124285714286,18.281113333333334,0.019566817709029516,0,0.6567000000000007,17.244,17.5167,18.2173
2019-04-24,144855843,17.59,17.688,17.2,17.244,-0.3460000000000001,24,4,2019,-0.019854149022639267,17.805142857142858,18.226223333333333,0.02067397956733111,0,0.48799999999999955,16.5087,17.5933,17.5167
2019-04-25,327350536,17.0,17.2667,16.4047,16.5087,-0.49129999999999896,25,4,2019,-0.042640918580375664,17.626571428571427,18.13438,0.02516594733781794,0,0.8620000000000019,15.676,17.244,17.5933
2019-04-26,332267234,16.4333,16.4453,15.4087,15.676,-0.757299999999999,26,4,2019,-0.05044007099287051,17.262571428571427,18.01255666666667,0.023347458203751427,0,1.0366,16.098,16.5087,17.244
2019-04-29,250299175,15.724,16.2653,15.478,16.098,0.3739999999999988,29,4,2019,0.02692013268690996,16.979142857142858,17.93709,0.02950605517115034,0,0.7873000000000001,15.9127,15.676,16.5087
2019-04-30,141704404,16.1373,16.2807,15.8,15.9127,-0.22460000000000058,30,4,2019,-0.011510746676605788,16.649914285714285,17.868646666666667,0.027801318769882427,0,0.4806999999999988,15.6007,16.098,15.676
2019-05-01,160565170,15.9233,16.0,15.4333,15.6007,-0.32259999999999955,1,5,2019,-0.01960698058783228,16.3762,17.794293333333332,0.026460626180073308,0,0.5667000000000009,16.2733,15.9127,16.098
2019-05-02,272389964,16.368,16.4753,15.848,16.2733,-0.09469999999999956,2,5,2019,0.043113450037498335,16.187628571428572,17.728736666666666,0.03433738623183428,0,0.6273,17.002,15.6007,15.9127
2019-05-03,355601372,16.2573,17.1073,16.2327,17.002,0.7446999999999981,3,5,2019,0.044778870911247326,16.153057142857143,17.68653666666667,0.03969761555199948,0,0.8745999999999974,17.0227,16.2733,15.6007
2019-05-06,162509019,16.668,17.2233,16.5667,17.0227,0.3547000000000011,6,5,2019,0.0012175038230797242,16.226485714285715,17.666116666666667,0.03531162003733227,0,0.6565999999999974,16.4707,17.002,16.2733
2019-05-07,151971074,17.12,17.1473,16.34,16.4707,-0.6493000000000002,7,5,2019,-0.03242728826801855,16.340014285714286,17.63643,0.03099738847499209,0,0.8073000000000015,16.3227,17.0227,17.002
2019-05-08,92646554,16.4627,16.7066,16.28,16.3227,-0.14000000000000057,8,5,2019,-0.008985653311638253,16.372114285714282,17.58547666666667,0.030208536929603715,0,0.42660000000000053,16.132,16.4707,17.0227
2019-05-09,100670680,16.1333,16.2453,15.7962,16.132,-0.0012999999999969702,9,5,2019,-0.011683116151126938,16.403442857142856,17.512476666666664,0.03022180335261465,0,0.4490999999999996,15.968,16.3227,16.4707
2019-05-10,105124987,15.9833,16.1327,15.7347,15.968,-0.01529999999999987,10,5,2019,-0.010166129432184534,16.455914285714286,17.425586666666668,0.0292747691145859,0,0.3979999999999997,15.134,16.132,16.3227
2019-05-13,162521919,15.4673,15.498,14.9667,15.134,-0.3332999999999995,13,5,2019,-0.0522294589178357,16.293157142857144,17.308143333333337,0.03004641003251059,0,0.5312999999999999,15.4873,15.968,16.132
2019-05-14,108786126,15.2867,15.6333,15.2,15.4873,0.20059999999999967,14,5,2019,0.023344786573278542,16.07677142857143,17.181763333333333,0.024032374602837248,0,0.4333000000000009,15.4633,15.134,15.968
2019-05-15,109439585,15.288,15.496,15.0167,15.4633,0.1753,15,5,2019,-0.0015496568155842771,15.854,17.06191666666667,0.023781172834956895,0,0.4793000000000003,15.222,15.4873,15.134
2019-05-16,112249039,15.2993,15.4,15.1,15.222,-0.07730000000000103,16,5,2019,-0.015604689813946582,15.675614285714287,16.92085,0.022342642754124026,0,0.3000000000000007,14.0687,15.4633,15.4873
2019-05-17,266799917,14.7973,14.816,13.928,14.0687,-0.7286000000000001,17,5,2019,-0.07576533963999477,15.353614285714285,16.79474,0.033042861453304234,0,0.8879999999999999,13.6907,15.222,15.4633
2019-05-20,307892846,13.52,13.7333,13.0167,13.6907,0.17070000000000007,20,5,2019,-0.026868154129379374,15.004857142857144,16.640073333333333,0.03286384262263696,0,0.7165999999999997,13.672,14.0687,15.222
2019-05-21,270058365,13.184,13.8267,13.0693,13.672,0.4880000000000013,21,5,2019,-0.001365890714134288,14.676857142857143,16.488696666666666,0.03358328325849205,0,0.7574000000000005,12.8487,13.6907,14.0687
2019-05-22,280277710,13.2733,13.596,12.7853,12.8487,-0.42460000000000164,22,5,2019,-0.0602179637214747,14.350385714285713,16.31185333333333,0.034913558771056605,0,0.8107000000000006,13.0327,13.672,13.6907
2019-05-23,398206901,12.956,13.2977,12.4147,13.0327,0.07670000000000066,23,5,2019,0.014320514915906024,13.999728571428571,16.13281,0.03305236474792693,0,0.8830000000000009,12.7087,12.8487,13.672
2019-05-24,212048444,13.322,13.332,12.5834,12.7087,-0.6132999999999988,24,5,2019,-0.0248605430954445,13.606214285714287,15.959943333333335,0.03157046799666311,0,0.7486000000000015,12.58,13.0327,12.8487
2019-05-28,154693423,12.7467,13.0,12.5233,12.58,-0.16670000000000051,28,5,2019,-0.010126920928183125,13.228785714285715,15.784386666666668,0.03197097531087508,0,0.47669999999999924,12.6573,12.7087,13.0327
2019-05-29,179529510,12.4733,12.826,12.336,12.6573,0.18399999999999928,29,5,2019,0.006144674085850399,13.027157142857144,15.614339999999999,0.025161435737855172,0,0.4900000000000002,12.548,12.58,12.7087
2019-05-30,118897066,12.5833,12.817,12.468,12.548,-0.03529999999999944,30,5,2019,-0.008635332969906595,12.863914285714285,15.425139999999999,0.024631279060495084,0,0.3490000000000002,12.344,12.6573,12.58
2019-05-31,156100872,12.34,12.6614,12.2733,12.344,0.0039999999999995595,31,5,2019,-0.01625757092763791,12.674199999999999,15.233873333333332,0.024188175569279928,0,0.38809999999999967,11.9313,12.548,12.6573
2019-06-03,195966052,12.3673,12.4453,11.7995,11.9313,-0.43599999999999994,3,6,2019,-0.03343324692158123,12.543142857142858,15.024339999999999,0.016643153210606186,1,0.6457999999999995,12.9067,12.344,12.548
2019-06-04,207112696,12.0733,12.932,11.974,12.9067,0.833400000000001,4,6,2019,0.08175135986858106,12.525142857142857,14.870673333333334,0.038501319663350964,1,0.9580000000000002,13.106,11.9313,12.344
2019-06-05,202661299,13.2453,13.4186,12.7899,13.106,-0.13930000000000042,5,6,2019,0.015441592351259414,12.5819,14.721096666666666,0.03729354568815188,1,0.6287000000000003,13.73,12.9067,11.9313
2019-06-06,303632098,13.6293,14.0667,13.4533,13.73,0.10069999999999979,6,6,2019,0.04761178086372664,12.746185714285714,14.603963333333333,0.039701899221775645,1,0.6134000000000004,13.6333,13.106,12.9067
2019-06-07,240052830,13.6667,14.0563,13.5666,13.6333,-0.03340000000000032,7,6,2019,-0.007042971595047409,12.885614285714286,14.508116666666668,0.04040099304992886,1,0.4897000000000009,14.192,13.73,13.106
2019-06-10,158775521,14.0167,14.4627,13.934,14.192,0.1753,10,6,2019,0.04098054029471965,13.12047142857143,14.45865,0.04066227652257345,1,0.5287000000000006,14.4733,13.6333,13.73
2019-06-11,174803013,14.6096,14.7267,14.2333,14.4733,-0.1363000000000003,11,6,2019,0.019821025930101488,13.424657142857143,14.404493333333335,0.03771129799839175,1,0.4933999999999994,13.9507,14.192,13.6333
2019-06-12,227962986,14.8633,14.892,13.9333,13.9507,-0.9126000000000012,12,6,2019,-0.036107867590666975,13.713142857142858,14.339093333333333,0.03839273977639356,1,0.9587000000000003,14.2607,14.4733,14.192
2019-06-13,122523839,14.0253,14.3267,13.834,14.2607,0.23540000000000028,13,6,2019,0.022221107184585698,13.906571428571429,14.294426666666668,0.028610575460246594,1,0.492700000000001,14.328,13.9507,14.4733
2019-06-14,111500974,14.0833,14.4433,14.0267,14.328,0.24469999999999992,14,6,2019,0.004719263430266407,14.081142857142856,14.229583333333332,0.028850501115236852,1,0.41660000000000075,15.002,14.2607,13.9507
2019-06-17,184751908,14.3653,15.1333,14.2847,15.002,0.6367000000000012,17,6,2019,0.04704075935231722,14.262857142857143,14.162916666666666,0.02873747865871739,1,0.8485999999999994,14.9827,14.328,14.2607
2019-06-18,190736755,15.248,15.6493,14.8373,14.9827,-0.26529999999999987,18,6,2019,-0.0012864951339822683,14.455628571428571,14.094916666666668,0.02814150621010858,1,0.8119999999999994,15.0953,15.002,14.328
2019-06-19,98626976,15.0073,15.1847,14.7373,15.0953,0.08799999999999919,19,6,2019,0.00751533435228624,14.58467142857143,14.04907,0.025494870562773143,1,0.4474,14.6413,14.9827,15.002
2019-06-20,177951811,14.8667,15.1267,14.4233,14.6413,-0.2254000000000005,20,6,2019,-0.030075586440812763,14.608671428571428,13.993023333333333,0.028772759840642887,1,0.7034000000000002,14.7907,15.0953,14.9827
2019-06-21,123031108,14.4147,14.812,14.3667,14.7907,0.37599999999999945,21,6,2019,0.01020401193883047,14.728671428571428,13.948313333333333,0.023365134449742163,1,0.4452999999999996,14.9093,14.6413,15.0953
2019-06-24,86261522,14.8827,15.0573,14.7347,14.9093,0.02660000000000018,24,6,2019,0.008018552198340911,14.82132857142857,13.913023333333333,0.022591023566179053,1,0.32259999999999955,14.6507,14.7907,14.6413
2019-06-25,92731019,14.9593,15.0227,14.6327,14.6507,-0.3086000000000002,25,6,2019,-0.01734487869987189,14.867428571428572,13.896913333333334,0.024365258830855503,1,0.39000000000000057,14.618,14.9093,14.7907
2019-06-26,127608056,14.6873,15.1487,14.54,14.618,-0.06930000000000014,26,6,2019,-0.002231975263980557,14.812571428571427,13.867936666666667,0.014978842426931116,1,0.6087000000000007,14.856,14.6507,14.9093
2019-06-27,95095602,14.63,14.86,14.49,14.856,0.2259999999999991,27,6,2019,0.016281297031057518,14.794471428571429,13.847693333333334,0.01679297262520312,1,0.3699999999999992,14.8973,14.618,14.6507
2019-06-28,102770709,14.7327,15.0113,14.72,14.8973,0.16460000000000008,28,6,2019,0.0027800215401183603,14.766185714285715,13.83687,0.01648100503765214,1,0.29129999999999967,15.1447,14.856,14.618
2019-07-01,123569398,15.3473,15.54,15.0853,15.1447,-0.20260000000000034,1,7,2019,0.01660703617434045,14.8381,13.872736666666666,0.011934826548841657,0,0.454699999999999,14.97,14.8973,14.856
2019-07-02,138885336,15.2593,15.2767,14.8147,14.97,-0.289299999999999,2,7,2019,-0.011535388617800235,14.863714285714286,13.91538,0.013097091410457012,0,0.46199999999999974,15.66,15.1447,14.8973
2019-07-03,213017143,15.9593,16.1047,15.634,15.66,-0.29930000000000057,3,7,2019,0.04609218436873741,14.970957142857143,13.981646666666666,0.021391274338817594,0,0.4707000000000008,15.54,14.97,15.1447
2019-07-05,105986017,15.638,15.6967,15.3867,15.54,-0.09800000000000075,5,7,2019,-0.00766283524904221,15.098,14.071356666666668,0.01979012353298998,0,0.3100000000000005,15.356,15.66,14.97
2019-07-08,88208086,15.416,15.4833,15.244,15.356,-0.0600000000000005,8,7,2019,-0.011840411840411846,15.203428571428573,14.1488,0.02096640820513928,0,0.23930000000000007,15.3373,15.54,15.66
2019-07-09,92862479,15.2647,15.4,15.152,15.3373,0.07260000000000133,9,7,2019,-0.0012177650429798792,15.272185714285714,14.23642,0.020751684955586717,0,0.2480000000000011,15.928,15.356,15.54
2019-07-10,137185971,15.61,15.9293,15.5427,15.928,0.3180000000000014,10,7,2019,0.038513949652155155,15.41942857142857,14.348019999999998,0.024282294998761954,0,0.3865999999999996,15.9067,15.3373,15.356
2019-07-11,112716394,15.876,16.1,15.72,15.9067,0.030700000000001282,11,7,2019,-0.001337267704671019,15.528285714285714,14.456333333333333,0.024397101978165456,0,0.3800000000000008,16.3387,15.928,15.3373
2019-07-12,138007746,15.9833,16.3587,15.9807,16.3387,0.3553999999999995,12,7,2019,0.027158367228903524,15.723814285714285,14.582690000000001,0.023797673000486044,0,0.37799999999999834,16.9,15.9067,15.928
2019-07-15,165001267,16.5333,16.9613,16.324,16.9,0.366699999999998,15,7,2019,0.03435401837355467,15.900957142857143,14.734556666666666,0.021349685184617547,0,0.6372999999999998,16.8253,16.3387,15.9067
2019-07-16,122234774,16.62,16.902,16.5288,16.8253,0.2052999999999976,16,7,2019,-0.004420118343195223,16.084571428571426,14.89769,0.02090428148973354,0,0.37320000000000064,16.9907,16.9,16.3387
2019-07-17,146470832,17.0447,17.2207,16.89,16.9907,-0.053999999999998494,17,7,2019,0.00983043392985583,16.318099999999998,15.033823333333334,0.018295975425245137,0,0.3307000000000002,16.9027,16.8253,16.9
2019-07-18,71467209,17.0033,17.05,16.7923,16.9027,-0.10060000000000002,18,7,2019,-0.005179303972173033,16.54172857142857,15.16038,0.018920909980877785,0,0.2576999999999998,17.212,16.9907,16.8253
2019-07-19,105726097,17.046,17.3307,16.9747,17.212,0.16600000000000037,19,7,2019,0.018298851662752025,16.725157142857142,15.276446666666665,0.015877063892752254,0,0.35600000000000165,17.0453,16.9027,16.9907
2019-07-22,102694044,17.25,17.477,16.9461,17.0453,-0.204699999999999,22,7,2019,-0.009685103416221197,16.887814285714285,15.390179999999997,0.017234962649859156,0,0.530899999999999,17.3447,17.212,16.9027
2019-07-23,75346777,17.114,17.3653,16.9667,17.3447,0.2306999999999988,23,7,2019,0.017564959255630397,17.03152857142857,15.495270000000001,0.015983918765687416,0,0.39860000000000184,17.6587,17.0453,17.212
2019-07-24,166092517,17.278,17.738,17.2107,17.6587,0.3807000000000009,24,7,2019,0.018103512888663298,17.139914285714287,15.60145,0.012415401203896333,0,0.5273000000000003,15.2547,17.3447,17.0453
2019-07-25,336273582,15.5667,15.6333,15.0367,15.2547,-0.31200000000000117,25,7,2019,-0.13613686171688744,16.915542857142857,15.644916666666665,0.055730409965878414,0,0.5966000000000005,15.2027,17.6587,17.3447
2019-07-26,150415425,15.128,15.3507,14.8167,15.2027,0.07469999999999999,26,7,2019,-0.003408785489062316,16.660114285714286,15.676316666666667,0.05506867745225885,0,0.5339999999999989,15.718,15.2547,17.6587
2019-07-29,139099895,15.1393,15.7293,15.0688,15.718,0.5786999999999995,29,7,2019,0.0338952949147191,16.490871428571428,15.72265,0.05805265329144456,0,0.6605000000000008,16.1507,15.2027,15.2547
2019-07-30,121635149,15.5267,16.224,15.4787,16.1507,0.6240000000000006,30,7,2019,0.02752894770327008,16.339257142857143,15.760940000000002,0.05886895880063105,0,0.7453000000000003,16.1073,15.718,15.2027
2019-07-31,137673051,16.2,16.4453,15.7767,16.1073,-0.09270000000000067,31,7,2019,-0.002687190028915265,16.205257142857143,15.798426666666666,0.05888405950767112,0,0.6685999999999996,15.59,16.1507,15.718
2019-08-01,123892678,16.1767,16.3007,15.4513,15.59,-0.5867000000000004,1,8,2019,-0.03211587292718199,15.954585714285715,15.814916666666667,0.05850007961104962,0,0.8493999999999993,15.6227,16.1073,16.1507
2019-08-02,92047169,15.4233,15.7513,15.282,15.6227,0.1994000000000007,2,8,2019,0.0020974983964079374,15.663728571428573,15.84763,0.05735850578443337,0,0.4693000000000005,15.2213,15.59,16.1073
2019-08-05,105424132,15.3067,15.4245,15.0517,15.2213,-0.08539999999999992,5,8,2019,-0.025693382065840153,15.658957142857144,15.861983333333335,0.02456804311151507,0,0.3727999999999998,15.3833,15.6227,15.59
2019-08-06,83462958,15.4587,15.5,15.05,15.3833,-0.07540000000000013,6,8,2019,0.01064298056013624,15.684757142857142,15.877783333333333,0.02482108597397621,0,0.4499999999999993,15.5613,15.2213,15.6227
2019-08-07,71647464,15.1,15.5713,15.0533,15.5613,0.4612999999999996,7,8,2019,0.011570989319586777,15.662371428571428,15.908136666666667,0.021203378748858158,0,0.5180000000000007,15.8867,15.3833,15.2213
2019-08-08,79115195,15.63,15.9867,15.51,15.8867,0.2566999999999986,8,8,2019,0.0209108493506327,15.624657142857142,15.950426666666665,0.019808650009856703,0,0.476700000000001,15.6673,15.5613,15.3833
2019-08-09,58473631,15.7369,15.9307,15.5873,15.6673,-0.06960000000000122,9,8,2019,-0.013810294145417235,15.5618,15.97747,0.020296069062323216,0,0.34339999999999904,15.2673,15.8867,15.5613
2019-08-12,69959020,15.5327,15.718,15.25,15.2673,-0.26539999999999964,12,8,2019,-0.025530882794099763,15.515699999999999,15.989803333333333,0.018865528726643706,0,0.46799999999999997,15.6667,15.6673,15.8867
2019-08-13,73034933,15.254,15.7333,15.17,15.6667,0.41270000000000095,13,8,2019,0.026160486792032644,15.521985714285714,16.007203333333333,0.02186669589845834,0,0.5632999999999999,14.6413,15.2673,15.6673
2019-08-14,143438793,15.414,15.4333,14.446,14.6413,-0.7727000000000004,14,8,2019,-0.06545092457250101,15.43912857142857,15.996246666666666,0.03244242233110684,0,0.9872999999999994,14.376,15.6667,15.2673
2019-08-15,123479218,14.724,14.7707,14.1033,14.376,-0.34800000000000075,15,8,2019,-0.01811997568521917,15.29522857142857,15.953446666666668,0.03193781425158526,0,0.6673999999999989,14.6627,14.6413,15.6667
2019-08-16,78110601,14.444,14.816,14.4013,14.6627,0.21869999999999834,16,8,2019,0.01994296048970501,15.166857142857143,15.924203333333333,0.03298408107958193,0,0.41469999999999985,15.122,14.376,14.6413
2019-08-19,79676180,14.9473,15.1887,14.78,15.122,0.17469999999999963,19,8,2019,0.03132438091211043,15.057614285714285,15.916403333333333,0.03469503220008143,0,0.4087000000000014,15.0573,14.6627,14.376
2019-08-20,62557874,15.1747,15.2727,14.9693,15.0573,-0.11739999999999995,20,8,2019,-0.004278534585372307,14.970471428571429,15.907070000000001,0.03454693416907207,0,0.3033999999999999,14.722,15.122,14.6627
2019-08-21,116996102,14.8007,14.8813,14.5067,14.722,-0.07870000000000132,21,8,2019,-0.022268268547481984,14.892571428571427,15.86687,0.034246623035482184,0,0.37459999999999916,14.81,15.0573,15.122
2019-08-22,98474411,14.8533,15.0267,14.548,14.81,-0.04330000000000034,22,8,2019,0.005977448716207201,14.770185714285715,15.830313333333333,0.03199386276795083,0,0.4786999999999999,14.0933,14.722,15.0573
2019-08-23,128395496,14.6647,14.7447,14.0667,14.0933,-0.5714000000000006,23,8,2019,-0.0483929777177583,14.6919,15.755466666666667,0.027128764911243376,0,0.677999999999999,14.3333,14.81,14.722
2019-08-26,75816172,14.24,14.3347,14.1027,14.3333,0.09329999999999927,26,8,2019,0.01702936856520476,14.6858,15.66991,0.027570111960027534,0,0.23199999999999932,14.272,14.0933,14.81
2019-08-27,81310864,14.3827,14.5867,14.1353,14.272,-0.11069999999999958,27,8,2019,-0.004276754131986249,14.629985714285713,15.5848,0.026117778483320548,0,0.4513999999999996,14.3727,14.3333,14.0933
2019-08-28,48579351,14.246,14.4833,14.154,14.3727,0.1266999999999996,28,8,2019,0.007055773542600896,14.522942857142857,15.497533333333333,0.02200267856422334,0,0.3292999999999999,14.7807,14.272,14.3333
2019-08-29,77746521,14.6,14.8933,14.5333,14.7807,0.18069999999999986,29,8,2019,0.028387150639754388,14.483428571428572,15.426800000000002,0.025815217491881537,0,0.35999999999999943,15.0407,14.3727,14.272
2019-08-30,139916555,15.2767,15.496,14.9475,15.0407,-0.23600000000000065,30,8,2019,0.01759050653893257,14.528957142857143,15.354423333333333,0.025076265426545508,0,0.5485000000000007,15.0007,14.7807,14.3727
2019-09-03,80408150,14.9387,15.2633,14.8773,15.0007,0.06199999999999939,3,9,2019,-0.002659450690459808,14.5562,15.28627,0.025137196277797324,1,0.38599999999999923,14.712,15.0407,14.7807
2019-09-04,86530397,15.126,15.2307,14.6137,14.712,-0.4139999999999997,4,9,2019,-0.019245768530801954,14.644585714285714,15.198513333333333,0.01620559171371501,1,0.6170000000000009,15.3053,15.0007,15.0407
2019-09-05,111049774,14.8333,15.32,14.7233,15.3053,0.4720000000000013,5,9,2019,0.040327623708537264,14.783442857142857,15.120066666666666,0.02058479174471228,1,0.5967000000000002,15.1633,14.712,15.0007
2019-09-06,62840549,15.1467,15.3093,15.0113,15.1633,0.016600000000000392,6,9,2019,-0.009277831862165464,14.910771428571428,15.11702,0.02122344332197302,1,0.29800000000000004,15.4527,15.3053,14.712
2019-09-09,72039999,15.3333,15.584,15.282,15.4527,0.11940000000000062,9,9,2019,0.019085555255122566,15.065057142857142,15.125353333333333,0.021535618912186586,1,0.3019999999999996,15.7027,15.1633,15.3053
2019-09-10,73255673,15.3867,15.7027,15.2627,15.7027,0.3160000000000007,10,9,2019,0.016178402479825493,15.196771428571427,15.124843333333333,0.020314883428244713,1,0.4399999999999995,16.4733,15.4527,15.1633
2019-09-11,150641625,15.8253,16.5449,15.7333,16.4733,0.6479999999999979,11,9,2019,0.04907436300763557,15.401428571428571,15.135596666666665,0.025415625133868018,1,0.8115999999999985,16.3913,15.7027,15.4527
2019-09-12,128718086,16.5133,16.9,16.2933,16.3913,-0.12199999999999989,12,9,2019,-0.004977751877280001,15.600085714285715,15.145063333333333,0.025672884470283874,1,0.6067,16.3467,16.4733,15.7027
2019-09-13,79697135,16.464,16.5633,16.3243,16.3467,-0.11730000000000018,13,9,2019,-0.002720955628900845,15.833614285714285,15.170286666666666,0.022811378075637594,1,0.23900000000000077,16.1873,16.3913,16.4733
2019-09-16,70921405,16.4,16.4953,16.078,16.1873,-0.2126999999999981,16,9,2019,-0.009751203606844117,15.959614285714284,15.189106666666666,0.02149999290632711,1,0.4173000000000009,16.3193,16.3467,16.3913
2019-09-17,59203605,16.1647,16.3733,16.0247,16.3193,0.15459999999999852,17,9,2019,0.008154540905524588,16.124757142857142,15.225706666666666,0.020097944723002095,1,0.34860000000000113,16.2327,16.1873,16.3467
2019-09-18,63421513,16.3333,16.5446,16.158,16.2327,-0.10060000000000002,18,9,2019,-0.00530660016054596,16.236185714285714,15.254019999999999,0.020516081107028156,1,0.38659999999999783,16.44,16.3193,16.1873
2019-09-19,73246988,16.4,16.5293,16.3227,16.44,0.0400000000000027,19,9,2019,0.012770518767672767,16.341514285714286,15.28331,0.020307886689397387,1,0.20659999999999812,16.0413,16.2327,16.3193
2019-09-20,97593911,16.4327,16.4631,15.8773,16.0413,-0.39140000000000086,20,9,2019,-0.024251824817518308,16.2798,15.288463333333333,0.012082840726889608,1,0.5858000000000008,16.082,16.44,16.2327
2019-09-23,65874417,16.0,16.3453,15.948,16.082,0.08200000000000074,23,9,2019,0.002537200850305288,16.235614285714284,15.302286666666667,0.012285262140509373,1,0.3973000000000013,14.8807,16.0413,16.44
2019-09-24,194116553,16.1013,16.1327,14.8407,14.8807,-1.2205999999999992,24,9,2019,-0.07469842059445353,16.026185714285713,15.2894,0.029877670371158727,1,1.2919999999999998,15.2467,16.082,16.0413
2019-09-25,141664219,14.9707,15.2653,14.5573,15.2467,0.2759999999999998,25,9,2019,0.024595617141666803,15.891814285714286,15.2754,0.03313090291374558,1,0.7080000000000002,16.1707,14.8807,16.082
2019-09-26,181181759,15.3773,16.2207,15.16,16.1707,0.7934000000000001,26,9,2019,0.06060327808640564,15.870585714285713,15.32638,0.04211369751619088,1,1.0607000000000006,16.142,15.2467,14.8807
2019-09-27,166847617,16.1467,16.5807,15.9153,16.142,-0.004699999999999704,27,9,2019,-0.0017748149430760751,15.857628571428574,15.385246666666665,0.04206814597094318,1,0.6654,16.058,16.1707,15.2467
2019-09-30,89192370,16.2,16.2653,15.7407,16.058,-0.14199999999999946,30,9,2019,-0.005203816131829964,15.803057142857142,15.431756666666667,0.04170349972660906,1,0.5245999999999995,16.3127,16.142,16.1707
2019-10-01,92944304,16.1,16.3967,15.942,16.3127,0.2126999999999981,1,10,2019,0.015861252958027094,15.841828571428573,15.471446666666667,0.04098202728840864,0,0.454699999999999,16.2087,16.058,16.142
2019-10-02,93848173,16.2193,16.31,15.962,16.2087,-0.010600000000000165,2,10,2019,-0.006375400761369887,15.85992857142857,15.509826666666667,0.04114170438364707,0,0.347999999999999,15.5353,16.3127,16.058
2019-10-03,227066286,15.4573,15.632,14.952,15.5353,0.0779999999999994,3,10,2019,-0.04154558971416589,15.953442857142859,15.536936666666668,0.03168015493068983,0,0.6799999999999997,15.4287,16.2087,16.3127
2019-10-04,120317640,15.4407,15.652,15.2047,15.4287,-0.012000000000000455,4,10,2019,-0.006861792176527048,15.979442857142857,15.55756,0.03092315526147279,0,0.4472999999999985,15.848,15.5353,16.2087
2019-10-07,121304294,15.32,15.904,15.2367,15.848,0.5280000000000005,7,10,2019,0.027176625379973895,15.933342857142856,15.61605,0.02154090061046779,0,0.6672999999999991,16.0033,15.4287,15.5353
2019-10-08,130535005,15.7247,16.2627,15.6333,16.0033,0.27859999999999907,8,10,2019,0.009799343765774848,15.913528571428571,15.671716666666667,0.022059461928568013,0,0.6293999999999986,16.302,15.848,15.4287
2019-10-09,104025443,16.088,16.4863,16.0433,16.302,0.21399999999999864,9,10,2019,0.018664900364299797,15.948385714285715,15.739383333333334,0.023124251869613636,0,0.4430000000000014,16.316,16.0033,15.848
2019-10-10,94701208,16.352,16.6187,16.1053,16.316,-0.036000000000001364,10,10,2019,0.0008587903324746016,15.948857142857142,15.80416,0.02234970912502977,0,0.5134000000000007,16.526,16.302,16.0033
2019-10-11,127322321,16.4767,16.7387,16.454,16.526,0.04929999999999879,11,10,2019,0.012870801667075327,15.994185714285715,15.862336666666666,0.022582113908313946,0,0.28470000000000084,17.1307,16.316,16.302
2019-10-14,153402823,16.5267,17.2367,16.4753,17.1307,0.6039999999999992,14,10,2019,0.03659082657630397,16.2221,15.932003333333334,0.014901811212503873,0,0.7613999999999983,17.1927,16.526,16.316
2019-10-15,97191791,17.18,17.3333,16.9413,17.1927,0.012699999999998823,15,10,2019,0.003619233306286329,16.4741,16.00507,0.01281889330824142,0,0.392000000000003,17.3167,17.1307,16.526
2019-10-16,100564495,17.1593,17.4733,17.128,17.3167,0.1573999999999991,16,10,2019,0.007212363386786436,16.683914285714287,16.091893333333335,0.012024350618235941,0,0.34529999999999816,17.4647,17.1927,17.1307
2019-10-17,71685609,17.5,17.652,17.3447,17.4647,-0.03529999999999944,17,10,2019,0.008546663047809266,16.89268571428571,16.163873333333335,0.012085657000514513,0,0.30730000000000146,17.13,17.3167,17.1927
2019-10-18,86304947,17.38,17.52,17.0067,17.13,-0.25,18,10,2019,-0.0191643715609201,17.010971428571427,16.22943,0.016562521314035263,0,0.513300000000001,16.9,17.4647,17.3167
2019-10-21,76621477,17.222,17.3,16.6787,16.9,-0.32200000000000273,21,10,2019,-0.013426736719206134,17.0944,16.277673333333333,0.018269046819796637,0,0.6213000000000015,17.0387,17.13,17.4647
2019-10-22,69376390,16.9547,17.222,16.7233,17.0387,0.08399999999999963,22,10,2019,0.008207100591715921,17.167642857142855,16.322206666666666,0.018025173271476253,0,0.49870000000000303,16.9787,16.9,17.13
2019-10-23,168242616,16.9667,17.076,16.7567,16.9787,0.012000000000000455,23,10,2019,-0.003521395411621664,17.14592857142857,16.339053333333332,0.011218156066624949,0,0.3193000000000019,19.9787,17.0387,16.9
2019-10-24,447288226,19.8913,20.3287,19.28,19.9787,0.08739999999999881,24,10,2019,0.176691972883672,17.543928571428573,16.458633333333335,0.06844040073811213,0,1.0487000000000002,21.8753,16.9787,17.0387
2019-10-25,450091125,19.848,22.0,19.7407,21.8753,2.0273000000000003,25,10,2019,0.09493110162322882,18.19515714285714,16.64292,0.07284833313769618,0,2.2592999999999996,21.8473,19.9787,16.9787
2019-10-28,283054208,21.836,22.7227,21.5067,21.8473,0.011300000000002086,28,10,2019,-0.0012799824459549525,18.821242857142856,16.831586666666666,0.07355761536266092,0,1.216000000000001,21.0813,21.8753,19.9787
2019-10-29,190263955,21.3327,21.62,20.9833,21.0813,-0.2514000000000003,29,10,2019,-0.03506154078536028,19.385714285714283,16.99032,0.07570935215395339,0,0.6367000000000012,21.0007,21.8473,21.8753
2019-10-30,144627078,20.8667,21.2527,20.6647,21.0007,0.1339999999999968,30,10,2019,-0.003823293629899527,19.97152857142857,17.14925333333333,0.07482313594645307,0,0.588000000000001,20.9947,21.0813,21.8473
2019-10-31,76004302,20.8733,21.2667,20.8667,20.9947,0.12140000000000128,31,10,2019,-0.00028570476222200547,20.536671428571427,17.301076666666667,0.0753728932945097,0,0.3999999999999986,20.8873,21.0007,21.0813
2019-11-01,95758887,21.088,21.0987,20.6533,20.8873,-0.2007000000000012,1,11,2019,-0.005115576788427667,21.095042857142857,17.462609999999998,0.07550224581794836,0,0.44539999999999935,21.1647,20.9947,21.0007
2019-11-04,131805534,20.9867,21.4627,20.6173,21.1647,0.17800000000000082,4,11,2019,0.013280797422357216,21.26447142857143,17.632033333333332,0.04061910393375252,0,0.8454000000000015,21.148,20.8873,20.9947
2019-11-05,104151203,21.308,21.5673,21.0745,21.148,-0.16000000000000014,5,11,2019,-0.0007890496912311695,21.160571428571426,17.840943333333332,0.01467734799598247,0,0.492799999999999,21.772,21.1647,20.8873
2019-11-06,119113920,21.2,21.7813,20.9667,21.772,0.5719999999999992,6,11,2019,0.029506336296576396,21.149814285714285,18.058453333333333,0.01965137043875683,0,0.8146000000000022,22.3693,21.148,21.1647
2019-11-07,217010141,21.9427,22.7667,21.868,22.3693,0.42660000000000053,7,11,2019,0.02743431930920459,21.333814285714286,18.26507333333333,0.014850822712458318,0,0.8987000000000016,22.476,21.772,21.148
2019-11-08,91113269,22.3,22.4973,22.1667,22.476,0.17599999999999838,8,11,2019,0.004769930216859786,21.54457142857143,18.476206666666663,0.013982396854251882,0,0.33060000000000045,23.006,22.3693,21.772
2019-11-11,149905260,22.93,23.2793,22.8,23.006,0.07600000000000051,11,11,2019,0.023580708311087495,21.8319,18.707806666666666,0.014014800534491265,0,0.4792999999999985,23.3287,22.476,22.3693
2019-11-12,110390690,23.1267,23.358,22.936,23.3287,0.20200000000000173,12,11,2019,0.014026775623750432,22.18067142857143,18.94167333333333,0.011473891258196998,0,0.4220000000000006,23.074,23.006,22.476
2019-11-13,127017881,23.6667,23.7553,23.012,23.074,-0.5926999999999971,13,11,2019,-0.010917882265192635,22.453428571428567,19.170516666666668,0.015395403934080567,0,0.7432999999999979,23.29,23.3287,23.006
2019-11-14,97075496,23.074,23.5893,22.8607,23.29,0.21599999999999753,14,11,2019,0.009361185750194956,22.759428571428572,19.429006666666666,0.014377781453064701,0,0.7286000000000001,23.478,23.074,23.3287
2019-11-15,72188409,23.376,23.52,23.224,23.478,0.10200000000000031,15,11,2019,0.00807213396307449,23.003142857142855,19.69731666666667,0.012701202149977707,0,0.2959999999999994,23.3327,23.29,23.074
2019-11-18,66127542,23.5278,23.5433,23.0733,23.3327,-0.19510000000000005,18,11,2019,-0.0061887724678423295,23.14077142857143,19.946806666666664,0.01172834819658133,0,0.46999999999999886,23.968,23.478,23.29
2019-11-19,116041112,23.45,23.9993,23.1867,23.968,0.5180000000000007,19,11,2019,0.02722788189965164,23.353914285714286,20.212296666666663,0.014129553377779245,0,0.8126000000000033,23.4813,23.3327,23.478
2019-11-20,101009424,24.0,24.08,23.3047,23.4813,-0.518699999999999,20,11,2019,-0.020306241655540735,23.421814285714284,20.451606666666667,0.016309927168666014,0,0.7752999999999979,23.6553,23.968,23.3327
2019-11-21,91650149,23.634,24.056,23.6003,23.6553,0.021300000000000097,21,11,2019,0.007410151908114004,23.46847142857143,20.69625,0.015749115270908182,0,0.4557000000000002,22.2027,23.4813,23.968
2019-11-22,253059473,22.6773,22.7333,22.0,22.2027,-0.4745999999999988,22,11,2019,-0.06140695742603142,23.344,20.885473333333334,0.02883028813412338,0,0.7332999999999998,22.4227,23.6553,23.4813
2019-11-25,185186457,22.9547,22.9713,22.2973,22.4227,-0.532,25,11,2019,0.009908704797164214,23.2201,21.06187333333333,0.028876824668372804,0,0.6739999999999995,21.928,22.2027,23.6553
2019-11-26,119343525,22.3513,22.3667,21.8067,21.928,-0.42329999999999757,26,11,2019,-0.022062463485663986,22.99867142857143,21.219716666666667,0.028842410419070146,0,0.5600000000000023,22.086,22.4227,22.2027
2019-11-27,83451843,22.0747,22.262,21.9047,22.086,0.011299999999998533,27,11,2019,0.007205399489237374,22.82057142857143,21.378693333333334,0.029522993813724946,0,0.35730000000000217,21.996,21.928,22.4227
2019-11-29,36984417,22.074,22.084,21.8333,21.996,-0.07800000000000296,29,11,2019,-0.004074979625101838,22.538857142857143,21.52973666666667,0.025493881952822747,0,0.25069999999999837,22.3247,22.086,21.928
2019-12-02,91229744,21.96,22.4255,21.9125,22.3247,0.36469999999999914,2,12,2019,0.014943626113838926,22.373628571428572,21.702893333333336,0.026994757556446036,1,0.5129999999999981,22.4133,21.996,22.086
2019-12-03,99202090,22.1747,22.5273,22.1457,22.4133,0.23859999999999815,3,12,2019,0.003968698347570188,22.196199999999997,21.88667,0.02672133220719354,1,0.38159999999999883,22.202,22.3247,21.996
2019-12-04,83043783,22.5167,22.524,22.19,22.202,-0.3146999999999984,4,12,2019,-0.009427438172870506,22.1961,22.058780000000002,0.012789101172294266,1,0.33399999999999963,22.0247,22.4133,22.3247
2019-12-05,56054612,22.1887,22.2949,21.8167,22.0247,-0.16400000000000148,5,12,2019,-0.007985767048013792,22.139242857142857,22.22698,0.012271728111220273,1,0.4781999999999975,22.3927,22.202,22.4133
2019-12-06,114283998,22.3333,22.5907,22.318,22.3927,0.05940000000000012,6,12,2019,0.016708513623341137,22.205628571428573,22.307446666666667,0.010601608526277683,1,0.27269999999999683,22.6353,22.0247,22.202
2019-12-09,135603187,22.4393,22.9633,22.3387,22.6353,0.1960000000000015,9,12,2019,0.010833887829515776,22.2841,22.33278,0.010922589161585198,1,0.6246000000000009,23.256,22.3927,22.0247
2019-12-10,132599199,22.664,23.382,22.6207,23.256,0.5919999999999987,10,12,2019,0.027421770420537728,22.464100000000002,22.379736666666666,0.013445998905283663,1,0.7613000000000021,23.5133,22.6353,22.3927
2019-12-11,103787378,23.4584,23.8127,23.406,23.5133,0.05489999999999995,11,12,2019,0.01106381148950808,22.6339,22.460803333333335,0.013192835557476239,1,0.4067000000000007,23.9787,23.256,22.6353
2019-12-12,116643107,23.6613,24.1827,23.5487,23.9787,0.31739999999999924,12,12,2019,0.019793053293242435,22.85752857142857,22.560070000000003,0.013825123408283735,1,0.6340000000000003,23.8927,23.5133,23.256
2019-12-13,98614166,24.07,24.3473,23.6427,23.8927,-0.1772999999999989,13,12,2019,-0.003586516366608672,23.099057142857145,22.656670000000002,0.012594678744505624,1,0.7045999999999992,25.4333,23.9787,23.5133
2019-12-16,273313963,24.17,25.574,24.1667,25.4333,1.2632999999999974,16,12,2019,0.06447994575749072,23.586000000000002,22.80820333333333,0.021440542642447446,1,1.4073000000000029,25.266,23.8927,23.9787
2019-12-17,127556561,25.266,25.7,25.06,25.266,0.0,17,12,2019,-0.006577990272595424,23.99647142857143,22.944913333333332,0.02387796847468475,1,0.6400000000000006,26.21,25.4333,23.8927
2019-12-18,212045744,25.3753,26.348,25.372,26.21,0.8347000000000016,18,12,2019,0.03736246338953553,24.50714285714286,23.113646666666668,0.024709826631065888,1,0.9759999999999991,26.936,25.266,25.4333
2019-12-19,271804514,26.488,27.1233,26.4333,26.936,0.4480000000000004,19,12,2019,0.02769935139259827,25.032857142857143,23.28578,0.024721279226792736,1,0.6900000000000013,27.0393,26.21,25.266
2019-12-20,221778039,27.3527,27.5333,26.679,27.0393,-0.3133999999999979,20,12,2019,0.0038350163350162614,25.53657142857143,23.441446666666668,0.025370498895111785,1,0.8543000000000021,27.948,26.936,26.21
2019-12-23,199992200,27.452,28.134,27.3333,27.948,0.49599999999999866,23,12,2019,0.033606639225127743,26.103614285714286,23.62384666666667,0.025845536539383384,1,0.8006999999999991,28.35,27.0393,26.936
2019-12-24,120820740,27.8907,28.3647,27.5125,28.35,0.4593000000000025,24,12,2019,0.014383855732073902,26.740371428571425,23.80198,0.023631474541017772,1,0.8521999999999998,28.7293,27.948,27.0393
2019-12-26,159724270,28.5273,28.8987,28.4233,28.7293,0.20199999999999818,26,12,2019,0.013379188712521861,27.21122857142857,23.982000000000003,0.016077619455368636,1,0.4754000000000005,28.692,28.35,27.948
2019-12-27,149352330,29.0,29.0207,28.4073,28.692,-0.30799999999999983,27,12,2019,-0.0012983260991391576,27.700657142857143,24.169266666666665,0.014825605949494437,1,0.6134000000000022,27.6467,28.7293,28.35
2019-12-30,189018955,28.586,28.6,27.2839,27.6467,-0.9392999999999994,30,12,2019,-0.036431757981318924,27.9059,24.31449,0.023062752443714658,1,1.3161000000000023,27.8887,28.692,28.7293
2019-12-31,154386823,27.0,28.086,26.8053,27.8887,0.8887,31,12,2019,0.008753305096087516,28.042,24.461513333333333,0.021401308091713585,1,1.2806999999999995,28.684,27.6467,28.692
2020-01-02,143375718,28.3,28.7131,28.114,28.684,0.38400000000000034,2,1,2020,0.028516926210257143,28.276957142857146,24.639889999999998,0.02310879052005806,0,0.5991,29.534,27.8887,27.6467
2020-01-03,266920367,29.3667,30.2667,29.128,29.534,0.16729999999999734,3,1,2020,0.02963324501464215,28.50352857142857,24.825423333333337,0.022434025559913036,0,1.1387,30.1027,28.684,27.8887
2020-01-06,152362424,29.3647,30.104,29.3333,30.1027,0.7379999999999995,6,1,2020,0.01925577300738124,28.75391428571428,25.046136666666666,0.022733813048489822,0,0.7706999999999979,31.2707,29.534,28.684
2020-01-07,273136963,30.76,31.442,30.2237,31.2707,0.5106999999999999,7,1,2020,0.03880050626687992,29.116971428571425,25.299983333333333,0.025449902207147275,0,1.2182999999999993,32.8093,30.1027,29.534
2020-01-08,467990616,31.58,33.2327,31.2153,32.8093,1.229300000000002,8,1,2020,0.04920260819233335,29.705157142857143,25.653536666666664,0.027935754855066306,0,2.017400000000002,32.0893,31.2707,30.1027
2020-01-09,426947637,33.14,33.2533,31.5247,32.0893,-1.050699999999999,9,1,2020,-0.021944997302594027,30.339814285714287,25.975756666666665,0.023226027737107118,0,1.7286000000000037,31.8767,32.8093,31.2707
2020-01-10,194652353,32.1193,32.3293,31.58,31.8767,-0.24260000000000304,10,1,2020,-0.006625261379961556,30.909528571428574,26.307380000000002,0.025294935003143452,0,0.7493000000000052,34.9907,32.0893,32.8093
2020-01-13,399518050,32.9,35.042,32.8,34.9907,2.0906999999999982,13,1,2020,0.09768890757198823,31.810485714285715,26.737536666666664,0.03911727945062846,0,2.2420000000000044,35.8614,31.8767,32.0893
2020-01-14,435920482,36.2837,36.494,34.9934,35.8614,-0.4222999999999999,14,1,2020,0.024883754826282578,32.714400000000005,27.199716666666667,0.03915434178614406,0,1.5005999999999986,34.5667,34.9907,31.8767
2020-01-15,260532320,35.3174,35.856,34.4524,34.5667,-0.7507000000000019,15,1,2020,-0.03610288499612413,33.352114285714286,27.607783333333334,0.04632586126612902,0,1.4036000000000044,34.2327,35.8614,34.9907
2020-01-16,326049587,32.9167,34.2974,32.8113,34.2327,1.3160000000000025,16,1,2020,-0.009662478628275073,33.77525714285714,28.00176333333333,0.04681368096829119,0,1.4861000000000004,34.0334,34.5667,35.8614
2020-01-17,204435948,33.8407,34.378,33.544,34.0334,0.1927000000000021,17,1,2020,-0.005821918808624482,33.95012857142857,28.39614333333333,0.044462477392702746,0,0.8340000000000032,36.48,34.2327,34.5667
2020-01-21,267051916,35.35,36.572,35.2274,36.48,1.1299999999999955,21,1,2020,0.0718882039408344,34.577371428571425,28.87798666666667,0.048567589983174626,0,1.3445999999999998,37.9707,34.0334,34.2327
2020-01-22,470535215,38.126,39.6334,37.2734,37.9707,-0.15529999999999688,22,1,2020,0.04086348684210539,35.447942857142856,29.39725333333333,0.04762348884450429,0,2.3599999999999994,38.1467,36.48,34.0334
2020-01-23,294765453,37.6167,38.8,37.0402,38.1467,0.5300000000000011,23,1,2020,0.004635152894205241,35.8988,29.9143,0.03590338960658009,0,1.7597999999999985,37.6547,37.9707,36.48
2020-01-24,215303892,38.042,38.2574,36.9507,37.6547,-0.3873000000000033,24,1,2020,-0.012897576985689607,36.154985714285715,30.394256666666667,0.03664342652676286,0,1.3066999999999993,37.2014,38.1467,37.9707
2020-01-27,204120948,36.1327,37.6294,35.952,37.2014,1.0686999999999998,27,1,2020,-0.012038337843615743,36.531371428571425,30.850526666666664,0.03279097059664409,0,1.6773999999999987,37.7934,37.6547,38.1467
2020-01-28,176827262,37.8994,38.454,37.2054,37.7934,-0.10600000000000165,28,1,2020,0.015913379603993416,37.04004285714286,31.311016666666664,0.03150525881880792,0,1.2486000000000033,38.7327,37.2014,37.6547
2020-01-29,273249913,38.3794,39.32,37.8287,38.7327,0.3533000000000044,29,1,2020,0.024853545857213222,37.71137142857143,31.80568333333333,0.03029340215158957,0,1.4913000000000025,42.7207,37.7934,37.2014
2020-01-30,435084982,42.1614,43.392,41.2,42.7207,0.5593000000000004,30,1,2020,0.10296209662636469,38.6029,32.38193,0.04003901784263947,0,2.192,43.3714,38.7327,37.7934
2020-01-31,235788932,42.6667,43.5334,42.168,43.3714,0.7047000000000025,31,1,2020,0.015231491993342727,39.37442857142857,32.98544333333333,0.03934936064624427,0,1.365400000000001,52.0,42.7207,38.7327
2020-02-03,708502146,44.9127,52.4094,44.9014,52.0,7.087299999999999,3,2,2020,0.19894677137468464,41.353471428571424,33.84511,0.07719742120231168,0,7.507999999999996,59.1374,43.3714,42.7207
2020-02-04,914080943,58.864,64.5994,55.592,59.1374,0.2734000000000023,4,2,2020,0.13725769230769225,44.42242857142857,34.91849,0.07844749942711994,0,9.007400000000004,48.98,52.0,43.3714
2020-02-05,726357237,54.884,56.3987,46.9407,48.98,-5.9040000000000035,5,2,2020,-0.17175932658520665,46.105085714285714,35.64984666666667,0.11880185332152025,0,9.457999999999998,49.9307,59.1374,52.0
2020-02-06,598210951,46.6614,53.0554,45.8,49.9307,3.269300000000001,6,2,2020,0.019409963250306417,47.83898571428572,36.38260333333333,0.11866054987430222,0,7.255400000000002,49.8714,48.98,59.1374
2020-02-07,255952672,48.7034,51.3167,48.6667,49.8714,1.1679999999999993,7,2,2020,-0.0011876460774633557,49.43022857142857,37.09998333333333,0.11986176386899183,0,2.6499999999999986,51.4187,49.9307,48.98
2020-02-10,370337215,53.3334,54.666,50.16,51.4187,-1.9146999999999963,10,2,2020,0.03102579835336483,50.6728,37.85629666666667,0.11690941330080731,0,4.506,51.6254,49.8714,49.9307
2020-02-11,175461962,51.2527,52.2338,50.5334,51.6254,0.3727000000000018,11,2,2020,0.004019938271484946,51.851942857142866,38.62074333333333,0.11726493149579716,0,1.700400000000002,51.1527,51.4187,49.8714
2020-02-12,180336960,51.858,52.65,50.8914,51.1527,-0.705299999999994,12,2,2020,-0.009156345519840903,51.730900000000005,39.40427666666667,0.09107552078114607,0,1.7586000000000013,53.6,51.6254,51.4187
2020-02-13,394340053,49.456,54.5334,49.0,53.6,4.143999999999998,13,2,2020,0.047843026858797266,50.939842857142864,40.26132,0.07339522317223034,0,5.5334,53.3354,51.1527,51.6254
2020-02-14,235405532,52.4814,54.198,52.3667,53.3354,0.8539999999999992,14,2,2020,-0.0049365671641791176,51.562042857142856,41.08303333333333,0.021104278618659537,0,1.8312999999999988,57.2267,53.6,51.1527
2020-02-18,250475425,56.1067,57.3334,55.4907,57.2267,1.1200000000000045,18,2,2020,0.07295904783689644,52.604328571428574,42.006123333333335,0.03129861748547558,0,1.8427000000000007,61.1614,53.3354,53.6
2020-02-19,381344209,61.5667,62.9854,60.068,61.1614,-0.4052999999999969,19,2,2020,0.06875636722019607,54.21718571428572,43.04141333333334,0.03438912387704282,0,2.9174000000000007,59.9607,57.2267,53.3354
2020-02-20,264523218,60.7967,60.8,57.3294,59.9607,-0.8359999999999985,20,2,2020,-0.019631663107777086,55.43747142857143,43.997746666666664,0.039155084151583655,0,3.4705999999999975,60.0667,61.1614,57.2267
2020-02-21,215091642,60.4654,60.8707,58.6967,60.0667,-0.39870000000000516,21,2,2020,0.0017678245917742696,56.64337142857143,44.90632666666667,0.03934425860890483,0,2.1739999999999995,55.586,59.9607,61.1614
2020-02-24,227882286,55.9334,57.5667,54.8134,55.586,-0.3474000000000004,24,2,2020,-0.07459540810465692,57.276700000000005,45.689550000000004,0.05339064600880424,0,2.753299999999996,53.3274,60.0667,59.9607
2020-02-25,259357070,56.6,57.1067,52.4667,53.3274,-3.272600000000004,25,2,2020,-0.040632533371712354,57.23775714285714,46.40457333333333,0.05427843863131278,0,4.6399999999999935,51.92,55.586,60.0667
2020-02-26,212307494,52.1667,54.2207,51.7407,51.92,-0.24669999999999703,26,2,2020,-0.026391686075075804,57.035557142857144,46.96888333333333,0.05523568645300634,0,2.480000000000004,45.2667,53.3274,55.586
2020-02-27,364157218,48.6667,49.318,44.6,45.2667,-3.3999999999999986,27,2,2020,-0.12814522342064716,55.32698571428572,47.28239333333333,0.061380748491311636,0,4.717999999999996,44.5327,51.92,53.3274
2020-02-28,368462366,41.98,46.0347,40.768,44.5327,2.5527000000000015,28,2,2020,-0.016215010150949838,52.95145714285714,47.61459333333334,0.04433948129827226,0,5.2667,49.5747,45.2667,51.92
2020-03-02,302924699,47.4174,49.5794,45.778,49.5747,2.1572999999999993,2,3,2020,0.1132201730413831,51.46774285714286,48.125993333333334,0.07443248417448947,1,3.801400000000001,49.7007,44.5327,45.2667
2020-03-03,386759807,53.6667,53.7987,47.7407,49.7007,-3.966000000000001,3,3,2020,0.0025416190113101145,49.98688571428571,48.64823666666667,0.0744784318606626,1,6.058,49.9667,49.5747,44.5327
2020-03-04,225734587,50.9307,51.1014,48.3157,49.9667,-0.9639999999999986,4,3,2020,0.005352037295249579,49.184128571428566,49.097793333333335,0.07155586186302522,1,2.7856999999999985,48.3027,49.7007,49.5747
2020-03-05,162789819,48.2514,49.7167,47.8714,48.3027,0.051300000000004786,5,3,2020,-0.03330217925138146,48.46631428571429,49.44219333333333,0.07113469135914509,1,1.8453000000000017,46.8987,49.9667,49.7007
2020-03-06,189943705,46.0003,47.1334,45.618,46.8987,0.8983999999999952,6,3,2020,-0.029066698134886937,47.748985714285716,49.73392666666666,0.07123295719543973,1,1.5153999999999996,40.5334,48.3027,49.9667
2020-03-09,256105972,40.3594,44.1999,40.3334,40.5334,0.1739999999999995,9,3,2020,-0.13572444438758424,47.072799999999994,49.829883333333335,0.07331567148460903,1,3.866500000000002,43.022,46.8987,48.3027
2020-03-10,233916483,43.962,44.5334,40.5334,43.022,-0.9400000000000048,10,3,2020,0.06139628059822266,46.85698571428571,50.02390333333333,0.07848965637334256,1,4.0,42.282,40.5334,46.8987
2020-03-11,201203749,42.68,43.572,40.8667,42.282,-0.39800000000000324,11,3,2020,-0.017200502068709045,45.815171428571425,50.173523333333335,0.05976369098466013,1,2.705300000000001,37.37,43.022,40.5334
2020-03-12,283635608,38.726,39.6334,36.4167,37.37,-1.3560000000000016,12,3,2020,-0.1161723664916513,44.053642857142854,50.128099999999996,0.06825718927763974,1,3.216700000000003,36.4414,42.282,43.022
2020-03-13,339603580,39.6667,40.5047,33.4667,36.4414,-3.225299999999997,13,3,2020,-0.024848809205244793,42.121457142857146,49.91879000000001,0.0659906338262311,1,7.037999999999997,29.6713,37.37,42.282
2020-03-16,307341746,31.3,32.9913,29.478,29.6713,-1.628700000000002,16,3,2020,-0.18578045848952018,39.45982857142857,49.462120000000006,0.08501406882377721,1,3.513300000000001,28.68,36.4414,37.37
2020-03-17,359918520,29.334,31.4567,26.4,28.68,-0.6539999999999999,17,3,2020,-0.033409388870726864,36.85715714285714,48.68478666666667,0.08473277145059682,1,5.056700000000003,24.0813,29.6713,36.4414
2020-03-18,356792222,25.9333,26.9907,23.3673,24.0813,-1.8520000000000003,18,3,2020,-0.16034518828451882,34.50685714285714,47.51625,0.08860300089341183,1,3.6234,28.5093,28.68,29.6713
2020-03-19,452931674,24.9798,30.1333,23.8973,28.5093,3.5294999999999987,19,3,2020,0.18387711626864012,32.433614285714285,46.83389333333333,0.12360634338158302,1,6.235999999999997,28.502,24.0813,28.68
2020-03-20,424282288,29.2133,31.8,28.386,28.502,-0.7113000000000014,20,3,2020,-0.0002560567955018911,30.46504285714286,46.11960333333334,0.12453084452294969,1,3.4140000000000015,28.9527,28.5093,24.0813
2020-03-23,246818127,28.9067,29.4667,27.3667,28.9527,0.045999999999999375,23,3,2020,0.01581292540874335,29.262571428571427,45.422313333333335,0.12248733389900768,1,2.099999999999998,33.6667,28.502,28.5093
2020-03-24,343427378,31.82,34.246,31.6,33.6667,1.8466999999999985,24,3,2020,0.16281728474373725,28.866185714285713,44.83057999999999,0.14251832992710237,1,2.646000000000001,35.95,28.9527,28.502
2020-03-25,318341091,36.35,37.1334,34.074,35.95,-0.3999999999999986,25,3,2020,0.06782072492997537,29.763142857142856,44.30806666666667,0.11833483908706927,1,3.0594000000000037,35.2107,33.6667,28.9527
2020-03-26,261331069,36.4927,37.3334,34.15,35.2107,-1.2819999999999965,26,3,2020,-0.020564673157162705,30.6961,43.776666666666664,0.11721396966601415,1,3.183399999999999,34.2907,35.95,33.6667
2020-03-27,215661042,33.6667,35.0534,32.9353,34.2907,0.6240000000000023,27,3,2020,-0.026128421190149687,32.154585714285716,43.133023333333334,0.08687018354343588,1,2.1181000000000054,33.4754,35.2107,35.95
2020-03-30,179970960,34.0174,34.4432,32.7487,33.4754,-0.5420000000000016,30,3,2020,-0.023776125888360422,32.86402857142857,42.47102333333334,0.0690637137316011,1,1.694499999999998,34.9334,34.2907,35.2107
2020-03-31,266572217,33.4167,36.1974,33.1333,34.9334,1.5167000000000002,31,3,2020,0.04355437126964867,33.7828,41.727913333333326,0.0683640975318291,1,3.0641000000000034,32.104,33.4754,34.2907
2020-04-01,200297600,33.6,34.2637,31.6733,32.104,-1.4960000000000022,1,4,2020,-0.08099412024022856,34.23298571428571,40.75933333333333,0.08071067684344602,0,2.590399999999999,30.298,34.9334,33.4754
2020-04-02,297876301,32.0687,32.9507,29.76,30.298,-1.7707000000000015,2,4,2020,-0.056254672314976384,33.75174285714286,39.77057666666667,0.052545504178235954,0,3.190699999999996,32.0007,32.104,34.9334
2020-04-03,338431031,33.9667,34.366,31.226,32.0007,-1.966000000000001,3,4,2020,0.056198428939204126,33.187557142857145,38.83504333333334,0.049641337334344,0,3.1400000000000006,34.416,30.298,32.104
2020-04-06,223527488,34.08,34.7334,33.1973,34.416,0.3359999999999985,6,4,2020,0.07547647395213208,33.07402857142857,38.129376666666666,0.0601446410936952,0,1.5361000000000047,36.3634,32.0007,30.298
2020-04-07,268796566,36.3334,37.6667,35.4894,36.3634,0.030000000000001137,7,4,2020,0.056584146908414734,33.370128571428566,37.56391,0.06262027285491113,0,2.1772999999999954,36.5894,34.416,32.0007
2020-04-08,189840205,36.9467,37.1472,35.5554,36.5894,-0.35730000000000217,8,4,2020,0.00621504039776255,33.81498571428571,37.052890000000005,0.06091803010017377,0,1.5917999999999992,38.2,36.3634,34.416
2020-04-09,204749898,37.4727,38.3455,37.1407,38.2,0.7272999999999996,9,4,2020,0.044018212925055034,34.281642857142856,36.81733333333333,0.06095527250817874,0,1.2047999999999988,43.3967,36.5894,36.3634
2020-04-13,337131131,39.344,43.4667,38.702,43.3967,4.0527000000000015,13,4,2020,0.1360392670157069,35.894885714285714,36.779466666666664,0.059487775393993754,0,4.764700000000005,47.326,38.2,36.5894
2020-04-14,458647421,46.598,49.4587,46.162,47.326,0.7280000000000015,14,4,2020,0.09054375102254308,38.32745714285714,36.70451,0.040493860755926425,0,3.2967000000000013,48.6554,43.3967,38.2
2020-04-15,353654823,49.4667,50.2087,47.3334,48.6554,-0.8113000000000028,15,4,2020,0.028090267506233335,40.706700000000005,36.669666666666664,0.042995007888577116,0,2.875300000000003,49.6807,47.326,43.3967
2020-04-16,309867745,47.796,50.63,47.1144,49.6807,1.8847000000000023,16,4,2020,0.021072686690480458,42.88737142857143,36.660133333333334,0.04510755778108397,0,3.515599999999999,50.2594,48.6554,47.326
2020-04-17,196923352,51.4854,51.6634,49.844,50.2594,-1.225999999999999,17,4,2020,0.011648386596807114,44.87251428571428,36.72535666666667,0.04789791186498594,0,1.8194000000000017,49.7574,49.6807,48.6554
2020-04-20,221195439,48.8467,51.038,47.4807,49.7574,0.9106999999999985,20,4,2020,-0.009988181315336075,46.75365714285714,36.82064666666667,0.05058315721790438,0,3.557299999999998,45.7814,50.2594,49.6807
2020-04-21,303136198,48.6747,50.222,44.9194,45.7814,-2.8933000000000035,21,4,2020,-0.07990771221968995,47.83671428571428,36.995580000000004,0.06950591173060484,0,5.302599999999998,48.8074,49.7574,50.2594
2020-04-22,213372343,46.932,48.9334,45.914,48.8074,1.875399999999999,22,4,2020,0.06609671176503995,48.609671428571424,37.18842666666667,0.054918727768935936,0,3.0193999999999974,47.042,45.7814,49.7574
2020-04-23,198550401,48.5067,48.9334,46.8754,47.042,-1.4647000000000006,23,4,2020,-0.036170744600204086,48.5691,37.347093333333326,0.04748826053658759,0,2.058,48.3434,48.8074,45.7814
2020-04-24,198564051,47.3874,48.7154,46.5454,48.3434,0.9560000000000031,24,4,2020,0.027664640108838956,48.524528571428576,37.71287333333334,0.047446733219638805,0,2.1700000000000017,53.25,47.042,48.8074
2020-04-27,310221445,49.174,53.2994,49.0,53.25,4.0760000000000005,27,4,2020,0.10149472316800212,49.03442857142857,38.273160000000004,0.06114295287651106,0,4.299399999999999,51.2747,48.3434,47.042
2020-04-28,228329286,53.0427,53.6667,50.446,51.2747,-1.7680000000000007,28,4,2020,-0.037094835680751115,49.17947142857143,38.993273333333335,0.06384550410753999,0,3.220700000000001,53.3674,53.25,48.3434
2020-04-29,243239578,52.678,53.5467,52.2107,53.3674,0.6894000000000062,29,4,2020,0.04081350061531319,49.69518571428571,39.81618666666667,0.06479317804908605,0,1.3359999999999985,52.1254,51.2747,53.25
2020-04-30,427077536,57.0127,57.988,50.9,52.1254,-4.887300000000003,30,4,2020,-0.023272634604646347,50.60147142857143,40.75099,0.05407665484745625,0,7.088000000000001,46.7547,53.3674,51.2747
2020-05-01,487976906,50.3334,51.518,45.536,46.7547,-3.5786999999999978,1,5,2020,-0.10303422132012419,50.30822857142857,41.35917,0.06639415983612731,0,5.981999999999999,50.746,52.1254,53.3674
2020-05-04,288556206,46.7334,50.8,46.5334,50.746,4.012599999999999,4,5,2020,0.08536681873693985,50.83737142857143,42.10063666666667,0.07227946501773873,0,4.266599999999997,51.214,46.7547,52.1254
2020-05-05,254874773,52.6527,53.2614,50.812,51.214,-1.4387000000000043,5,5,2020,0.009222401765656363,51.24745714285714,42.84268,0.07199710573907424,0,2.4494000000000042,52.172,50.746,46.7547
2020-05-06,166848367,51.7667,52.6534,50.7407,52.172,0.4052999999999969,6,5,2020,0.018705822626625457,51.09345714285714,43.45952333333334,0.060428403466408646,0,1.912700000000001,52.0027,51.214,50.746
2020-05-07,172915264,51.814,53.0934,51.49,52.0027,0.1886999999999972,7,5,2020,-0.003245035651307182,51.19745714285715,43.994613333333334,0.05840982449525217,0,1.6034000000000006,54.628,52.172,51.214
2020-05-08,241951229,52.918,54.9334,52.4674,54.628,1.7100000000000009,8,5,2020,0.05048391718122325,51.37754285714286,44.64185666666666,0.059542590690903036,0,2.466000000000001,54.086,52.0027,52.172
2020-05-11,247793876,52.7007,54.9334,52.3334,54.086,1.3853000000000009,11,5,2020,-0.009921651900124506,51.657628571428575,45.3017,0.05869798230086097,0,2.6000000000000014,53.9607,54.628,52.0027
2020-05-12,238603531,55.1334,56.2194,53.8667,53.9607,-1.172699999999999,12,5,2020,-0.0023166808416225093,52.68705714285714,45.984543333333335,0.03474613148258292,0,2.3526999999999987,52.7307,54.086,54.628
2020-05-13,285982207,54.722,55.0667,50.8867,52.7307,-1.9913000000000025,13,5,2020,-0.022794367011547356,52.97058571428572,46.57778666666666,0.023760597351571468,0,4.18,53.5554,53.9607,54.086
2020-05-14,205232747,52.0,53.5574,50.9334,53.5554,1.5553999999999988,14,5,2020,0.01563984547900943,53.305071428571424,47.29283333333333,0.024039814084029908,0,2.6240000000000023,53.278,52.7307,53.9607
2020-05-15,157776371,52.69,53.6699,52.4368,53.278,0.588000000000001,15,5,2020,-0.0051796830945152195,53.463071428571425,48.05883333333333,0.023736696804412854,0,1.2331000000000003,54.242,53.5554,52.7307
2020-05-18,175471412,55.1854,55.648,53.592,54.242,-0.943400000000004,18,5,2020,0.018093772288749532,53.78297142857143,48.80021,0.02413226583344237,0,2.0560000000000045,53.8674,53.278,53.5554
2020-05-19,144547758,54.3447,54.8047,53.7387,53.8674,-0.4772999999999996,19,5,2020,-0.006906087533645411,53.67431428571428,49.448589999999996,0.014400858827017074,0,1.0659999999999954,54.3707,54.242,53.278
2020-05-20,109639010,54.7,55.0667,54.12,54.3707,-0.3293000000000035,20,5,2020,0.009343313395485886,53.71498571428571,50.04883333333333,0.014455799399688864,0,0.9466999999999999,55.1734,53.8674,54.242
2020-05-21,183818608,54.4,55.5,53.0667,55.1734,0.7734000000000023,21,5,2020,0.014763466352281762,53.88822857142857,50.6683,0.01525364781961841,0,2.4333000000000027,54.4587,54.3707,53.8674
2020-05-22,149812050,54.8116,55.452,54.1334,54.4587,-0.3528999999999982,22,5,2020,-0.012953705952506112,54.135085714285715,51.21025666666666,0.01268771326194324,0,1.3185999999999964,54.5914,55.1734,54.3707
2020-05-26,121345979,55.6334,55.64,54.3804,54.5914,-1.0420000000000016,26,5,2020,0.002436708918868824,54.28308571428572,51.583413333333326,0.011733382977782373,0,1.259599999999999,54.682,54.4587,55.1734
2020-05-27,173242863,54.724,55.1807,52.3334,54.682,-0.041999999999994486,27,5,2020,0.00165960206186333,54.48365714285715,51.82861333333334,0.011232251860108212,0,2.847300000000004,53.7207,54.5914,54.4587
2020-05-28,109136555,54.234,54.9834,53.446,53.7207,-0.513300000000001,28,5,2020,-0.01757982517098866,54.40918571428572,51.99745666666667,0.011735305945559734,0,1.5374000000000052,55.6667,54.682,54.5914
2020-05-29,177187261,53.9167,55.6667,53.614,55.6667,1.75,29,5,2020,0.03622439767166097,54.666228571428576,52.19699,0.017976330162438155,0,2.0527000000000015,59.8734,53.7207,54.682
2020-06-01,226279387,57.2,59.9334,56.94,59.8734,2.673399999999994,1,6,2020,0.07556941582669707,55.45232857142857,52.51745666666667,0.03238940245659976,1,2.993400000000001,58.7707,55.6667,53.7207
2020-06-02,203483898,59.6467,60.5774,58.0667,58.7707,-0.8760000000000048,2,6,2020,-0.018417193611854343,55.96622857142857,52.8179,0.03465917631989239,1,2.5107,58.864,59.8734,55.6667
2020-06-03,119241975,59.208,59.8627,58.6734,58.864,-0.3440000000000012,3,6,2020,0.0015875257568822576,56.59555714285714,53.25398666666667,0.03350113688554444,1,1.1892999999999958,57.6254,58.7707,59.8734
2020-06-04,133315628,59.3254,59.7167,57.2294,57.6254,-1.7000000000000028,4,6,2020,-0.021041723294373482,57.02898571428572,53.54792,0.035680544724593574,1,2.4873000000000047,59.044,58.864,58.7707
2020-06-05,117178696,58.5227,59.1014,57.7467,59.044,0.5212999999999965,5,6,2020,0.024617616537151887,57.65212857142857,53.94798666666667,0.036023425475012444,1,1.3547000000000011,63.328,57.6254,58.864
2020-06-08,212620844,61.2667,63.3334,60.6107,63.328,2.061300000000003,8,6,2020,0.07255605988754166,59.0246,54.44747333333333,0.03978240335063738,1,2.722699999999996,62.7114,59.044,57.6254
2020-06-09,170822165,62.6674,63.6294,61.5954,62.7114,0.04399999999999693,9,6,2020,-0.009736609398686258,60.030985714285706,54.762853333333325,0.04127841294422522,1,2.033999999999999,68.3367,63.328,59.044
2020-06-10,278451011,66.1254,68.4987,65.5,68.3367,2.2112999999999943,10,6,2020,0.08970139400491761,61.24002857142857,55.33158666666667,0.04476840098578646,1,2.9986999999999995,64.856,62.7114,63.328
2020-06-11,238747081,66.0134,67.9307,64.8,64.856,-1.1574000000000098,11,6,2020,-0.0509345637117391,62.10935714285714,55.71454000000001,0.05070047059899809,1,3.1307000000000045,62.352,68.3367,62.7114
2020-06-12,251450424,65.3334,65.8654,60.84,62.352,-2.9814000000000007,12,6,2020,-0.03860860984334524,62.60764285714286,56.05542666666666,0.054629801152542935,1,5.0253999999999905,66.06,64.856,68.3367
2020-06-15,235457582,61.186,66.5894,60.5667,66.06,4.874000000000002,15,6,2020,0.05946882217090077,63.81258571428571,56.69893666666667,0.0555927943052653,1,6.0227,65.4754,62.352,64.856
2020-06-16,210766095,67.4567,67.5254,64.1594,65.4754,-1.9813000000000045,16,6,2020,-0.008849530729639898,64.73135714285715,57.18991666666667,0.05665960626311385,1,3.3659999999999997,66.1194,66.06,62.352
2020-06-17,148361926,65.8474,67.0,65.5048,66.1194,0.27200000000000557,17,6,2020,0.009835755108025479,65.13012857142857,57.68676333333333,0.05093773476785381,1,1.495199999999997,66.9307,65.4754,66.06
2020-06-18,146278967,66.8667,67.9467,66.2981,66.9307,0.06400000000000716,18,6,2020,0.012270226287594888,65.73288571428571,58.17872,0.050389470627883466,1,1.6486000000000018,66.7267,66.1194,65.4754
2020-06-19,130196170,67.5187,67.7314,66.0894,66.7267,-0.7920000000000016,19,6,2020,-0.0030479286784690363,65.50288571428571,58.66952,0.03628595044994022,1,1.641999999999996,66.288,66.9307,66.1194
2020-06-22,95435202,66.6634,67.2587,66.0014,66.288,-0.37539999999999907,22,6,2020,-0.006574579591078211,65.70745714285714,59.058186666666664,0.029775790413068878,1,1.2573000000000008,66.7854,66.7267,66.9307
2020-06-23,95479017,66.592,67.4667,66.2674,66.7854,0.1933999999999969,23,6,2020,0.007503620564808022,66.3408,59.4815,0.0233052018234818,1,1.199300000000008,64.0567,66.288,66.7267
2020-06-24,164393768,66.274,66.7257,63.5428,64.0567,-2.2172999999999945,24,6,2020,-0.04085773237863355,66.05461428571428,59.81803333333333,0.01815490861718736,1,3.1829000000000036,65.732,66.7854,66.288
2020-06-25,138818166,63.618,65.732,62.4767,65.732,2.113999999999997,25,6,2020,0.02615339222907198,66.09127142857143,60.25141,0.021234748471731693,1,3.2552999999999983,63.9827,64.0567,66.7854
2020-06-26,132823554,66.3187,66.3334,63.658,63.9827,-2.3360000000000056,26,6,2020,-0.026612608775025803,65.78602857142857,60.59898666666666,0.023029714283684655,1,2.6753999999999962,67.29,65.732,64.0567
2020-06-29,135395992,64.6007,67.3334,63.2347,67.29,2.689300000000003,29,6,2020,0.051690535097768775,65.83735714285714,61.066053333333336,0.03117846901288963,1,4.098700000000001,71.9874,63.9827,65.732
2020-06-30,253777373,67.1,72.5127,66.9154,71.9874,4.8873999999999995,30,6,2020,0.06980829246544795,66.58888571428572,61.65756666666666,0.0403451137715095,1,5.59729999999999,74.642,67.29,63.9827
2020-07-01,199903400,72.2,75.6887,72.0334,74.642,2.441999999999993,1,7,2020,0.03687589772654665,67.78231428571429,62.350053333333335,0.04042755762427837,0,3.655299999999997,80.5774,71.9874,67.29
2020-07-02,258751671,81.432,81.8667,79.04,80.5774,-0.8546000000000049,2,7,2020,0.07951823370220512,69.7526,63.22361,0.046132728158208756,0,2.826699999999988,91.4387,74.642,71.9874
2020-07-06,308547746,85.1127,91.8527,84.403,91.4387,6.325999999999993,6,7,2020,0.13479337878859332,73.6643142857143,64.43245333333333,0.049993810128679116,0,7.449699999999993,92.6574,80.5774,74.642
2020-07-07,322344739,93.6674,95.3,89.114,92.6574,-1.0100000000000051,7,7,2020,0.013328054751434504,77.5108,65.70574333333333,0.05136536993353174,0,6.185999999999993,91.0587,91.4387,80.5774
2020-07-08,244669528,93.6667,94.484,87.4227,91.0587,-2.608000000000004,8,7,2020,-0.017253883661747405,81.37879999999998,66.92132,0.049068571977389536,0,7.061299999999989,92.952,92.6574,91.4387
2020-07-09,175763912,93.1327,93.904,90.0854,92.952,-0.18070000000000164,9,7,2020,0.02079208246987929,85.0448,68.19698666666666,0.05054012515411338,0,3.8185999999999893,102.9767,91.0587,92.6574
2020-07-10,350063075,93.0667,103.2611,91.7341,102.9767,9.909999999999997,10,7,2020,0.10784813667269133,89.47184285714286,69.83885333333333,0.0550833716632876,0,11.527000000000001,99.804,92.952,91.0587
2020-07-13,584780108,110.6001,119.6661,98.0741,99.804,-10.796099999999996,13,7,2020,-0.030809882235495967,93.06641428571427,71.31009666666665,0.06378282533503686,0,21.592,101.1201,102.9767,92.952
2020-07-14,351271924,103.7334,106.0001,95.4,101.1201,-2.6133000000000095,14,7,2020,0.013186846218588455,96.00108571428571,72.68498666666666,0.06254724057458014,0,10.600099999999998,103.0674,99.804,102.9767
2020-07-15,245517327,102.8667,103.3334,97.1334,103.0674,0.20070000000001187,15,7,2020,0.019257298993968774,97.66232857142857,74.16154333333334,0.04425735581433802,0,6.200000000000003,100.0427,101.1201,99.804
2020-07-16,214511743,98.4774,102.1141,97.7334,100.0427,1.5652999999999935,16,7,2020,-0.029346815772979706,98.71737142857144,75.53416666666666,0.047812590233050366,0,4.38069999999999,100.0561,103.0674,101.1201
2020-07-17,139949510,100.8967,102.5007,99.3334,100.0561,-0.8405999999999949,17,7,2020,0.0001339428064217607,100.00271428571428,76.94852333333333,0.04647527302113982,0,3.1672999999999973,109.5334,100.0427,103.0674
2020-07-20,256820422,101.2674,110.0001,99.2,109.5334,8.266000000000005,20,7,2020,0.09471986215732975,102.37148571428573,78.63150333333333,0.05565345492502857,0,10.8001,104.5574,100.0561,100.0427
2020-07-21,242359079,109.3287,111.6667,103.8667,104.5574,-4.7712999999999965,21,7,2020,-0.04542906547226688,102.5973,80.00581666666668,0.04712314639298393,0,7.800000000000011,106.1554,109.5334,100.0561
2020-07-22,212416094,106.6001,108.4281,104.1334,106.1554,-0.44469999999999743,22,7,2020,0.015283471088607836,103.50464285714285,81.45395,0.04475568498093561,0,4.294700000000006,100.8714,104.5574,109.5334
2020-07-23,364927318,111.9301,112.6001,98.718,100.8714,-11.058700000000002,23,7,2020,-0.04977608298777081,103.4691142857143,82.53844000000001,0.04995938713678541,0,13.882099999999994,94.4667,106.1554,104.5574
2020-07-24,290949155,94.4007,97.6667,91.1027,94.4667,0.0660000000000025,24,7,2020,-0.06349371576085983,102.24044285714285,83.52546333333333,0.05442502167908947,0,6.564000000000007,102.6401,100.8714,106.1554
2020-07-27,240729930,95.6667,103.1961,94.2001,102.6401,6.973399999999998,27,7,2020,0.08652149381739815,102.6115,84.86840000000001,0.06462518000395369,0,8.995999999999995,98.4327,94.4667,100.8714
2020-07-28,237130381,100.2667,104.3134,98.2947,98.4327,-1.8340000000000032,28,7,2020,-0.04099177611869054,102.37958571428571,85.94749,0.06701145421756534,0,6.0186999999999955,99.9407,102.6401,94.4667
2020-07-29,141403324,100.0667,102.3207,99.1334,99.9407,-0.12599999999999056,29,7,2020,0.01532011211721307,101.00919999999999,87.09633333333333,0.053593575221741095,0,3.1873000000000076,99.166,98.4327,102.6401
2020-07-30,114315528,99.2,100.8827,98.0667,99.166,-0.034000000000006025,30,7,2020,-0.007751596696841334,100.239,88.19788666666666,0.05150393809675767,0,2.8160000000000025,95.384,99.9407,98.4327
2020-07-31,183704308,101.0001,101.1367,94.732,95.384,-5.616100000000003,31,7,2020,-0.0381380715164471,98.70022857142858,89.14633,0.05171077745430766,0,6.404700000000005,99.0,99.166,99.9407
2020-08-03,132140124,96.6134,100.6541,96.2923,99.0,2.3866000000000014,3,8,2020,0.03790992199949672,98.43288571428572,90.22210666666666,0.052230404993134215,0,4.361800000000002,99.1334,95.384,99.166
2020-08-04,126224787,99.6674,101.8274,97.4667,99.1334,-0.534000000000006,4,8,2020,0.001347474747474653,99.09955714285714,91.31695333333332,0.04459940817398742,0,4.360699999999994,99.0014,99.0,95.384
2020-08-05,74670188,99.5327,99.9893,97.8874,99.0014,-0.5313000000000017,5,8,2020,-0.0013315391179964386,98.57974285714285,92.39082,0.028014167337905578,0,2.1019000000000005,99.3054,99.1334,99.0
2020-08-06,89884650,99.3887,101.1541,98.484,99.3054,-0.08329999999999416,6,8,2020,0.0030706636471806714,98.7044142857143,93.56577666666666,0.023036036167765422,0,2.670100000000005,96.8474,99.0014,99.1334
2020-08-07,133446233,99.9692,99.9834,94.334,96.8474,-3.1218000000000075,7,8,2020,-0.0247519268841373,98.26251428571429,94.60295666666666,0.02398572589553599,0,5.6494,94.5714,99.3054,99.0014
2020-08-10,112833904,96.5334,97.1667,92.3894,94.5714,-1.9620000000000033,10,8,2020,-0.023500889027480265,97.60614285714284,95.62258,0.025084070843085046,0,4.777300000000011,91.626,96.8474,99.3054
2020-08-11,129387445,93.0667,94.6667,91.0,91.626,-1.4406999999999925,11,8,2020,-0.03114472240021815,97.06928571428571,96.43378,0.023715187334113604,0,3.666700000000006,103.6507,94.5714,96.8474
2020-08-12,328482286,98.0,105.6667,95.6667,103.6507,5.6507000000000005,12,8,2020,0.13123676685656904,97.73367142857141,97.48922333333333,0.056184327526302806,0,10.0,108.0667,91.626,94.5714
2020-08-13,306379497,107.4001,110.0787,104.4841,108.0667,0.6666000000000025,13,8,2020,0.04260463267493608,99.00985714285716,98.60338,0.05753664604012934,0,5.5946,110.0474,103.6507,91.626
2020-08-14,188664056,110.9994,111.2534,108.4427,110.0474,-0.9519999999999982,14,8,2020,0.018328495271901613,100.58785714285715,99.58571333333333,0.05715689422384045,0,2.810699999999997,122.3761,108.0667,103.6507
2020-08-17,303634648,111.8001,123.0574,111.5221,122.3761,10.575999999999993,17,8,2020,0.11203081581209551,103.88367142857143,100.61696,0.06688364193531932,0,11.535300000000007,125.8061,110.0474,108.0667
2020-08-18,247117226,126.5994,128.2601,123.0074,125.8061,-0.7933000000000021,18,8,2020,0.028028348672657577,108.02062857142856,101.72191666666666,0.062216617425752595,0,5.25269999999999,125.2354,122.3761,110.0474
2020-08-19,183079858,124.3334,127.4001,122.7474,125.2354,0.902000000000001,19,8,2020,-0.004536346011838832,112.4012,102.86113999999999,0.05935526223467028,0,4.652699999999996,133.4554,125.8061,122.3761
2020-08-20,309176845,124.0454,134.7994,123.8041,133.4554,9.409999999999997,20,8,2020,0.06563639354367856,118.37682857142856,104.21125333333333,0.049897013484639534,0,10.995299999999986,136.6654,125.2354,125.8061
2020-08-21,322343239,136.3174,139.6994,135.0034,136.6654,0.3480000000000132,21,8,2020,0.024052979497270366,123.0932142857143,105.33421,0.038074095197169464,0,4.695999999999998,134.2801,133.4554,125.2354
2020-08-24,300954150,141.7517,141.9334,128.5014,134.2801,-7.471599999999995,24,8,2020,-0.017453576399000803,126.83798571428572,106.48341333333335,0.04393577917336458,0,13.432000000000016,134.8894,136.6654,133.4554
2020-08-25,159883270,131.6594,135.1967,131.2001,134.8894,3.2299999999999898,25,8,2020,0.004537530132908696,130.38684285714285,107.60905666666667,0.04496377624778751,0,3.996600000000001,143.5447,134.2801,136.6654
2020-08-26,213590593,137.3334,144.4001,136.9087,143.5447,6.211299999999994,26,8,2020,0.06416590184254667,133.41092857142857,108.95830000000001,0.0323337018887791,0,7.491399999999999,149.2501,134.8894,134.2801
2020-08-27,355395422,145.3641,153.0401,142.8334,149.2501,3.8859999999999957,27,8,2020,0.03974650405065461,136.76007142857142,110.59854666666666,0.0329060946930449,0,10.206699999999984,147.5601,143.5447,134.8894
2020-08-28,301217549,153.0081,154.5661,145.7681,147.5601,-5.4480000000000075,28,8,2020,-0.011323275495292773,139.94931428571428,112.18201333333333,0.034008576055371845,0,8.798000000000002,166.1067,149.2501,143.5447
2020-08-31,355123236,148.2033,166.7133,146.7033,166.1067,17.903399999999976,31,8,2020,0.12568844830004844,144.6137857142857,114.06779000000002,0.05001315757108681,0,20.00999999999999,158.35,147.5601,149.2501
2020-09-01,270358287,167.38,167.4966,156.8367,158.35,-9.030000000000001,1,9,2020,-0.04669709289270085,147.71158571428572,115.86087666666667,0.058498349918245617,1,10.659899999999993,149.1233,166.1067,147.5601
2020-09-02,288528419,159.6633,159.68,135.0402,149.1233,-10.539999999999992,2,9,2020,-0.05826776128828537,149.83204285714285,117.29314,0.06485251513294292,1,24.639800000000008,135.6667,158.35,166.1067
2020-09-03,262788296,135.7433,143.9333,134.0,135.6667,-0.07660000000001332,3,9,2020,-0.0902380781541181,149.9430857142857,118.45298333333334,0.07666534270106969,1,9.933300000000003,139.44,149.1233,158.35
2020-09-04,330965733,134.27,142.6667,124.0067,139.44,5.1699999999999875,4,9,2020,0.027813015279357423,149.35670000000002,119.95209333333334,0.07299843019535765,1,18.659999999999997,110.07,135.6667,149.1233
2020-09-08,346397135,118.6667,122.9133,109.96,110.07,-8.596700000000013,8,9,2020,-0.21062822719449226,143.75954285714286,120.19975666666666,0.10396462939271812,1,12.953300000000013,122.0933,139.44,135.6667
2020-09-09,238397334,118.8667,123.0,113.8367,122.0933,3.226600000000005,9,9,2020,0.10923321522667395,140.12142857142857,120.98844333333334,0.11808240591722564,1,9.163300000000007,123.78,110.07,139.44
2020-09-10,254791855,128.7367,132.9967,120.1867,123.78,-4.956700000000012,10,9,2020,0.013814844876827825,134.07475714285712,121.78308666666666,0.10140029104029312,1,12.810000000000002,124.24,122.0933,110.07
2020-09-11,182152398,127.3133,127.5,120.1667,124.24,-3.0733000000000033,11,9,2020,0.0037162708030376024,129.2019,122.61888666666665,0.10233505150390022,1,7.333299999999994,139.8733,123.78,122.0933
2020-09-14,249061855,126.9833,140.0,124.4333,139.8733,12.89,14,9,2020,0.1258314552479074,127.88047142857143,124.10186333333333,0.11632644342435386,1,15.566699999999997,149.92,124.24,123.78
2020-09-15,291894719,145.52,153.98,143.5667,149.92,4.399999999999977,15,9,2020,0.07182714642465715,129.91665714285713,125.79919666666666,0.1121029183688977,1,10.413299999999992,147.2533,139.8733,124.24
2020-09-16,217640302,146.6233,152.5967,145.1033,147.2533,0.6299999999999955,16,9,2020,-0.017787486659551655,131.03284285714287,127.40319333333333,0.11291082421329318,1,7.493400000000008,141.1433,149.92,139.8733
2020-09-17,230337503,138.5333,145.93,136.0,141.1433,2.6100000000000136,17,9,2020,-0.04149312782803505,135.47188571428572,128.80792333333335,0.06471012682862988,1,9.930000000000007,147.3833,147.2533,149.92
2020-09-18,259220486,149.3133,150.3333,142.9333,147.3833,-1.9300000000000068,18,9,2020,0.0442103875989861,139.08474285714286,130.41052,0.05696325077149466,1,7.400000000000006,149.7967,141.1433,147.2533
2020-09-21,328430433,151.0433,151.8933,135.69,149.7967,-1.2466000000000008,21,9,2020,0.016374989568017417,142.8014142857143,132.17549666666667,0.05686071323078377,1,16.203300000000013,141.41,147.3833,141.1433
2020-09-22,238742424,143.2,145.92,139.2,141.41,-1.789999999999992,22,9,2020,-0.05598721467161816,145.25427142857143,133.73678333333334,0.06515075332640964,1,6.719999999999999,126.7867,149.7967,147.3833
2020-09-23,285222569,135.0533,137.3833,125.2934,126.7867,-8.266600000000011,23,9,2020,-0.10341064988331805,143.38475714285713,134.90880666666666,0.060807244955621544,1,12.089899999999986,129.2633,141.41,149.7967
2020-09-24,289683209,121.2667,133.1667,117.1,129.2633,7.996599999999987,24,9,2020,0.019533594612053173,140.4338,135.76256,0.051198939289461905,1,16.066699999999997,135.78,126.7867,141.41
2020-09-25,201625400,131.1567,136.2441,130.4333,135.78,4.6233,25,9,2020,0.050414154674992995,138.79475714285715,136.68633666666668,0.05771868808278473,1,5.8108,140.4,129.2633,126.7867
2020-09-28,149158695,141.54,142.6933,138.5167,140.4,-1.1399999999999864,28,9,2020,0.03402562969509515,138.6885714285714,137.69808999999998,0.05791965150889367,1,4.176600000000008,139.69,135.78,129.2633
2020-09-29,151024215,138.6667,142.8333,137.2,139.69,1.023300000000006,29,9,2020,-0.005056980056980076,137.5895285714286,138.27522,0.0546580647121505,1,5.63330000000002,143.0033,140.4,135.78
2020-09-30,144436724,140.44,144.6433,140.1567,143.0033,2.563299999999998,30,9,2020,0.02371894910158212,136.61904285714286,138.84846000000002,0.05523331595761069,1,4.48660000000001,149.3867,139.69,140.4
2020-10-01,152224365,146.92,149.6267,144.8067,149.3867,2.466700000000003,1,10,2020,0.044638130728451575,137.75857142857143,139.65350333333333,0.052872080425520766,0,4.819999999999993,138.3633,143.0033,139.69
2020-10-02,214290111,140.4633,146.3767,138.3333,138.3633,-2.0999999999999943,2,10,2020,-0.07379104030010697,139.41237142857145,139.8171,0.04254078428680641,0,8.043399999999991,141.8933,149.3867,143.0033
2020-10-05,134168383,141.1167,144.5467,139.7767,141.8933,0.776600000000002,5,10,2020,0.0255125455955445,141.21665714285714,139.99136333333334,0.0427450550538752,0,4.769999999999982,137.9933,138.3633,149.3867
2020-10-06,147438795,141.2633,142.9266,135.35,137.9933,-3.269999999999982,6,10,2020,-0.027485441525427978,141.53284285714287,140.11513666666667,0.04187980628185895,0,7.576600000000013,141.7667,141.8933,138.3633
2020-10-07,129383143,139.9567,143.3,137.9483,141.7667,1.8099999999999739,7,10,2020,0.027344805871009514,141.72808571428573,140.34438,0.04112640083514426,0,5.351700000000022,141.9733,137.9933,141.8933
2020-10-08,121263372,146.1467,146.3333,141.7667,141.9733,-4.173400000000015,8,10,2020,0.0014573238990538417,142.0542714285714,140.292,0.04101031701352591,0,4.566600000000022,144.6667,141.7667,137.9933
2020-10-09,86776989,143.3767,144.8633,142.1534,144.6667,1.289999999999992,9,10,2020,0.018971172748678766,142.2919,140.13922,0.040649305263663386,0,2.7099000000000046,147.4333,141.9733,141.7667
2020-10-12,116373402,147.3333,149.58,146.1933,147.4333,0.09999999999999432,12,10,2020,0.01912395872719852,142.01284285714286,140.1349933333333,0.03722839276889875,0,3.386700000000019,148.8833,144.6667,141.9733
2020-10-13,103391020,147.7833,149.63,145.5333,148.8833,1.0999999999999943,13,10,2020,0.009834955874961748,143.51569999999998,139.56088,0.0190619032317457,0,4.0966999999999985,153.7667,147.4333,144.6667
2020-10-14,144136184,149.9267,155.3,149.1167,153.7667,3.839999999999975,14,10,2020,0.03280018645476024,145.21189999999999,139.40810333333332,0.020173619246122338,0,6.183300000000003,149.6267,148.8833,147.4333
2020-10-15,107017061,150.1033,152.19,147.5,149.6267,-0.4765999999999906,15,10,2020,-0.026923904850659985,146.8738142857143,139.42488333333333,0.0199920319737564,0,4.689999999999998,146.5567,153.7667,148.8833
2020-10-16,98327650,151.48,151.9833,146.2833,146.5567,-4.923299999999983,16,10,2020,-0.020517728453544715,147.5581,139.78788333333333,0.021885073088283954,0,5.700000000000017,143.61,149.6267,153.7667
2020-10-19,108863531,148.7467,149.0,142.9567,143.61,-5.1366999999999905,19,10,2020,-0.02010621145263225,147.79191428571428,139.92688333333334,0.023886949535184186,0,6.043299999999988,140.6467,146.5567,149.6267
2020-10-20,94968879,143.9167,143.9167,139.6834,140.6467,-3.269999999999982,20,10,2020,-0.020634356938931897,147.21762857142858,140.94610666666668,0.023855378880357218,0,4.233299999999986,140.88,143.61,146.5567
2020-10-21,97111390,140.9,144.3167,140.4167,140.88,-0.020000000000010232,21,10,2020,0.0016587662561580174,146.28144285714285,141.57233,0.021893954479756093,0,3.9000000000000057,141.93,140.6467,143.61
2020-10-22,119979582,147.3067,148.41,141.5033,141.93,-5.3767,22,10,2020,0.007453151618398657,145.2881142857143,142.17732999999998,0.021618732145150393,0,6.906700000000001,140.21,140.88,140.6467
2020-10-23,101150950,140.6133,140.962,135.7934,140.21,-0.40330000000000155,23,10,2020,-0.012118650038751455,143.35144285714287,142.70966333333334,0.01286568777844763,0,5.168599999999998,140.0933,141.93,140.88
2020-10-26,84717488,137.21,141.92,136.6667,140.0933,2.8832999999999913,26,10,2020,-0.0008323229441552504,141.98952857142856,142.71699666666666,0.011912796156535491,0,5.253299999999996,141.56,140.21,141.93
2020-10-27,68059537,141.2533,143.5,140.0333,141.56,0.3067000000000064,27,10,2020,0.010469451429868437,141.2757142857143,142.43832999999998,0.012775539252776878,0,3.466700000000003,135.34,140.0933,140.21
2020-10-28,76354238,138.8267,139.5333,135.3333,135.34,-3.486699999999985,28,10,2020,-0.0439389658095507,140.09428571428572,142.04122,0.019114776689987702,0,4.199999999999989,136.9433,141.56,140.0933
2020-10-29,67965937,136.6533,139.3533,135.4867,136.9433,0.28999999999999204,29,10,2020,0.01184646076547935,139.56522857142858,141.90122,0.01955257519219784,0,3.866599999999977,129.3467,135.34,141.56
2020-10-30,127762933,135.6318,135.8638,126.37,129.3467,-6.2851,30,10,2020,-0.05547259340179478,137.91761428571428,141.3,0.02734461382204763,0,9.493799999999993,133.5033,136.9433,135.34
2020-11-02,87063369,131.3333,135.66,130.7667,133.5033,2.1699999999999875,2,11,2020,0.0321353385900065,136.7138,140.75688666666665,0.03151433919234388,0,4.893300000000011,141.3,129.3467,136.9433
2020-11-03,103055170,136.5767,142.59,135.5633,141.3,4.723300000000023,3,11,2020,0.058400803575642035,136.86951428571427,140.75322,0.04016446721008933,0,7.026700000000005,140.3267,133.5033,129.3467
2020-11-04,96429190,143.54,145.1333,139.0333,140.3267,-3.213300000000004,4,11,2020,-0.006888181174805497,136.90285714285716,141.20455333333334,0.04029565114198868,0,6.099999999999994,146.03,141.3,133.5033
2020-11-05,85243569,142.7667,146.6667,141.3334,146.03,3.263300000000015,5,11,2020,0.040643013767159175,137.54142857142855,141.76344333333333,0.043008005332220337,0,5.33329999999998,143.3167,140.3267,141.3
2020-11-06,65118037,145.3667,145.5233,141.4267,143.3167,-2.0500000000000114,6,11,2020,-0.01858042867903853,138.68095714285712,142.01466666666664,0.0390614384333708,0,4.096599999999995,140.42,146.03,140.3267
2020-11-09,104499100,146.5,150.8333,140.3333,140.42,-6.0800000000000125,9,11,2020,-0.02021188040193511,139.17762857142858,142.01533333333333,0.0405067926571662,0,10.5,136.7867,143.3167,146.03
2020-11-10,90852669,140.03,140.03,132.01,136.7867,-3.243300000000005,10,11,2020,-0.025874519299245113,140.2404857142857,141.91855666666663,0.03429775490857647,0,8.02000000000001,139.0433,140.42,143.3167
2020-11-11,52073165,138.8167,139.565,136.86,139.0433,0.2265999999999906,11,11,2020,0.016497217931275454,141.0319142857143,141.78655666666666,0.03298727298565112,0,2.704999999999984,137.2533,136.7867,140.42
2020-11-12,59821506,138.35,141.0,136.5067,137.2533,-1.0966999999999985,12,11,2020,-0.01287368754913032,140.4538142857143,141.38211,0.023993244804992115,0,4.493300000000005,136.1667,139.0433,136.7867
2020-11-13,59491056,136.95,137.5106,133.8867,136.1667,-0.783299999999997,13,11,2020,-0.007916749542633994,139.85952857142857,141.30889,0.02401774372351252,0,3.6239000000000203,136.03,137.2533,139.0433
2020-11-16,80515928,136.31,137.4833,134.6956,136.03,-0.28000000000000114,16,11,2020,-0.0010039165229089875,138.43095714285715,141.11344666666668,0.01429181889375482,0,2.787700000000001,147.2033,136.1667,137.2533
2020-11-17,183564858,153.39,154.0,144.3367,147.2033,-6.186699999999973,17,11,2020,0.08213849886054558,138.9861857142857,141.42044666666666,0.03694859647167337,0,9.663299999999992,162.2133,136.03,136.1667
2020-11-18,234132083,149.45,165.3333,147.8334,162.2133,12.763300000000015,18,11,2020,0.10196782273223493,142.0995142857143,142.10199999999998,0.04995655771872052,0,17.499899999999997,166.4233,147.2033,136.03
2020-11-19,187426069,164.0,169.537,162.5233,166.4233,2.423300000000012,19,11,2020,0.025953482236043657,146.3333142857143,142.917,0.045331459460382646,0,7.0137,163.2033,162.2133,147.2033
2020-11-20,98735770,165.9967,167.5,163.02,163.2033,-2.7933999999999912,20,11,2020,-0.01934825231803483,149.78474285714287,143.5348866666667,0.04889679079569148,0,4.47999999999999,173.95,166.4233,162.2133
2020-11-23,150780915,167.8333,175.3333,167.2633,173.95,6.11669999999998,23,11,2020,0.06584854595464651,155.02712857142856,144.41877666666667,0.048012266358899734,0,8.070000000000022,185.1266,163.2033,166.4233
2020-11-24,160945486,180.1333,186.6633,175.4,185.1266,4.993300000000005,24,11,2020,0.0642517964932452,162.0214,145.62688666666665,0.04480777431377507,0,11.263299999999987,191.3333,173.95,163.2033
2020-11-25,146790495,183.3533,191.3333,181.79,191.3333,7.980000000000018,25,11,2020,0.03352678653418795,169.92187142857142,146.87910666666667,0.04050498021780381,0,9.543300000000016,195.2533,185.1266,173.95
2020-11-27,112683251,193.72,199.5933,192.8166,195.2533,1.533299999999997,27,11,2020,0.02048780844735343,176.78615714285715,148.39999333333336,0.039190683355505906,0,6.776700000000005,189.2,191.3333,185.1266
2020-11-30,189009169,200.7366,202.6,184.8366,189.2,-11.536600000000021,30,11,2020,-0.031002292918992924,180.6414,149.82143666666667,0.037356265165208416,0,17.76339999999999,194.92,195.2533,191.3333
2020-12-01,121148502,199.1966,199.2833,190.6833,194.92,-4.276600000000002,1,12,2020,0.03023255813953485,184.71235714285714,151.53177,0.037451038828516546,1,8.599999999999994,189.6066,189.2,195.2533
2020-12-02,143326964,185.48,190.5133,180.4033,189.6066,4.126599999999996,2,12,2020,-0.02725938846706344,188.48425714285713,153.16376666666667,0.039042597939990716,1,10.109999999999985,197.7933,194.92,189.2
2020-12-03,127656013,196.6733,199.6566,194.1433,197.7933,1.1199999999999761,3,12,2020,0.04317729446126872,191.8904428571429,155.06087666666664,0.035617911887686676,1,5.513299999999987,199.68,189.6066,194.92
2020-12-04,88203939,197.0033,199.68,195.1666,199.68,2.676700000000011,4,12,2020,0.00953874575124658,193.96949999999998,156.98587666666666,0.029530885754269744,1,4.5134000000000185,213.92,197.7933,189.6066
2020-12-07,168929147,201.6399,216.2618,201.0166,213.92,12.280099999999976,7,12,2020,0.07131410256410242,197.19617142857143,159.44287666666665,0.03683390860396523,1,15.245199999999983,216.6266,199.68,197.7933
2020-12-08,192795109,208.5016,217.0933,206.1666,216.6266,8.125,8,12,2020,0.012652393418100205,200.24949999999998,161.9939866666667,0.036816584906606775,1,10.926700000000011,201.4933,213.92,199.68
2020-12-09,213873591,217.8966,218.1066,196.0,201.4933,-16.4033,9,12,2020,-0.06985891852616433,202.00568571428568,163.99176333333332,0.046623419354752046,1,22.106599999999986,209.0233,216.6266,213.92
2020-12-10,201249470,191.4566,209.25,188.78,209.0233,17.566699999999997,10,12,2020,0.03737096965507036,204.02044285714285,166.44787333333335,0.0472147714645658,1,20.47,203.33,201.4933,216.6266
2020-12-11,139424924,205.0033,208.0,198.9333,203.33,-1.6732999999999834,11,12,2020,-0.027237633316477106,205.9809285714286,168.66076333333334,0.04721183467037082,1,9.066699999999997,213.2766,209.0233,201.4933
2020-12-14,156121966,206.3333,214.2499,203.4,213.2766,6.943299999999994,14,12,2020,0.04891850686076826,208.19282857142858,171.45842666666667,0.047908838264548045,1,10.849899999999991,211.0833,203.33,209.0233
2020-12-15,135670694,214.4266,215.6333,207.9333,211.0833,-3.3432999999999993,15,12,2020,-0.010283828605669787,209.82187142857146,174.04442666666668,0.04864590664408871,1,7.699999999999989,207.59,213.2766,203.33
2020-12-16,126287443,209.41,210.8333,201.6666,207.59,-1.8199999999999932,16,12,2020,-0.016549390690784205,208.9175857142857,176.25409333333334,0.040542755332641546,1,9.16670000000002,218.6333,211.0833,213.2766
2020-12-17,168810437,209.3966,219.6066,206.5,218.6333,9.236699999999985,17,12,2020,0.053197649212389786,209.20425714285713,178.86431333333334,0.04580178362634122,1,13.106599999999986,231.6666,207.59,211.0833
2020-12-18,666378667,222.9666,231.6666,209.5133,231.6666,8.699999999999989,18,12,2020,0.059612602471809994,213.51472857142858,181.71886666666666,0.03717082693756602,1,22.1533,216.62,218.6333,207.59
2020-12-21,174135797,222.08,222.8333,215.3566,216.62,-5.460000000000008,21,12,2020,-0.06494937120845212,214.59997142857145,184.16231,0.048055605615999725,1,7.476700000000022,213.4466,231.6666,218.6333
2020-12-22,155584936,216.0,216.6266,204.7433,213.4466,-2.5534000000000106,22,12,2020,-0.014649616840550328,216.0452,186.59652999999997,0.046819740521488906,1,11.883299999999991,215.3266,216.62,231.6666
2020-12-23,99518920,210.7333,217.1666,207.5233,215.3266,4.593299999999999,23,12,2020,0.008807823596159503,216.33805714285714,189.21452666666667,0.04328386381279244,1,9.643299999999982,220.59,213.4466,216.62
2020-12-24,68596717,214.33,222.03,213.6666,220.59,6.259999999999991,24,12,2020,0.024443798397411065,217.69615714285715,191.93275,0.043607597920554866,1,8.363400000000013,221.23,215.3266,213.4466
2020-12-28,96835690,224.8366,227.1333,220.2666,221.23,-3.6066000000000145,28,12,2020,0.0029013101228523297,219.6447285714286,194.73197333333334,0.04245161426366917,1,6.86669999999998,221.9966,220.59,215.3266
2020-12-29,68732437,220.3333,223.3,218.3333,221.9966,1.6632999999999925,29,12,2020,0.0034651719929486013,220.1252,197.59297,0.03791907777067381,1,4.966700000000003,231.5933,221.23,220.59
2020-12-30,128538073,224.0,232.2,222.7867,231.5933,7.593299999999999,30,12,2020,0.0432290404447635,220.11472857142857,200.77841333333333,0.034146197612733194,1,9.413299999999992,235.2233,221.9966,221.23
2020-12-31,148949805,233.33,239.5733,230.3733,235.2233,1.8932999999999822,31,12,2020,0.01567402856645672,222.77234285714283,203.7124133333333,0.01834674689269639,1,9.199999999999989,243.2566,231.5933,221.9966
2021-01-04,145914585,239.82,248.1633,239.0631,243.2566,3.4365999999999985,4,1,2021,0.03415180383916039,227.0309142857143,206.41385666666667,0.015608141393275396,0,9.100200000000001,245.0366,235.2233,231.5933
2021-01-05,96735520,241.22,246.9466,239.7333,245.0366,3.816599999999994,5,1,2021,0.00731737597253268,231.2752,209.03429999999997,0.015778841861281555,0,7.213299999999975,251.9933,243.2566,235.2233
2021-01-06,134099923,252.83,258.0,249.7,251.9933,-0.8367000000000075,6,1,2021,0.028390452691557044,235.76138571428572,211.99396666666664,0.01608415896398538,0,8.300000000000011,272.0133,245.0366,243.2566
2021-01-07,154496865,259.21,272.33,258.4,272.0133,12.803300000000036,7,1,2021,0.07944655671400791,243.01614285714282,215.26274333333333,0.026023159737464614,0,13.930000000000007,293.34,251.9933,245.0366
2021-01-08,225166613,285.3333,294.83,279.4633,293.34,8.006699999999967,8,1,2021,0.07840315161060118,253.20805714285714,218.86985666666666,0.028471925056116926,0,15.36669999999998,270.3966,272.0133,251.9933
2021-01-11,178662468,283.1333,284.81,267.874,270.3966,-12.736700000000042,11,1,2021,-0.0782143587645735,258.75138571428573,221.50529999999998,0.05315170224045896,0,16.93599999999998,283.1466,293.34,272.0133
2021-01-12,138812174,277.0,289.3333,275.78,283.1466,6.146599999999978,12,1,2021,0.047152959763547386,265.5975714285714,224.43507666666665,0.053698634170104044,0,13.553300000000036,284.8033,270.3966,293.34
2021-01-13,99937510,284.2533,286.8233,277.3333,284.8033,0.5499999999999545,13,1,2021,0.005851032645279863,271.53281428571427,227.62185333333335,0.05422916198440575,0,9.490000000000009,281.6666,283.1466,270.3966
2021-01-14,93798999,281.13,287.6666,279.5833,281.6666,0.5366000000000213,14,1,2021,-0.011013566205166692,276.7656714285714,230.51340666666664,0.05559716248465718,0,8.083300000000008,275.3866,284.8033,283.1466
2021-01-15,116332812,284.0,286.6333,273.0333,275.3866,-8.613400000000013,15,1,2021,-0.022295863265293203,280.1075714285714,233.37273999999996,0.057796836149299265,0,13.600000000000023,281.5166,281.6666,284.8033
2021-01-19,76100948,279.2666,283.3333,277.6666,281.5166,2.25,19,1,2021,0.022259616117850323,281.4651857142857,236.16351666666668,0.05063324399205964,0,5.666699999999992,283.4833,275.3866,281.6666
2021-01-20,76997648,286.2466,286.5,279.0933,283.4833,-2.763300000000015,20,1,2021,0.0069860889198007925,280.0570857142857,238.95696,0.03961354481000414,0,7.406700000000001,281.6633,281.5166,275.3866
2021-01-21,61794396,285.0,285.2399,280.4733,281.6633,-3.3367000000000075,21,1,2021,-0.006420131274046836,281.6666142857143,241.21507,0.02310582214203705,0,4.766599999999983,282.2133,283.4833,281.5166
2021-01-22,60199506,278.1033,282.6666,276.2066,282.2133,4.110000000000014,22,1,2021,0.001952686061691411,281.5332857142857,243.4012933333333,0.014381351332014212,0,6.460000000000036,293.6,281.6633,283.4833
2021-01-25,123520212,285.0,300.1333,279.6067,293.6,8.600000000000023,25,1,2021,0.04034785036708066,282.78995714285713,246.47151666666667,0.02117807731247772,0,20.52660000000003,294.3633,282.2133,281.6633
2021-01-26,69394807,297.1266,298.6333,290.5333,294.3633,-2.763300000000015,26,1,2021,0.002599795640326752,284.6037714285714,249.31618333333333,0.02010928164379201,0,8.100000000000023,288.0533,293.6,282.2133
2021-01-27,82001888,290.1166,297.1666,286.22,288.0533,-2.0633000000000266,27,1,2021,-0.021436096143778838,286.4133,252.14029333333332,0.01990575528540218,0,10.94659999999999,278.4766,294.3633,293.6
2021-01-28,79134158,273.3333,282.6666,267.0,278.4766,5.143300000000011,28,1,2021,-0.03324627768541433,285.9790142857143,254.31362666666664,0.02338529426616878,0,15.666600000000017,264.51,288.0533,294.3633
2021-01-29,104972260,276.6666,280.8033,260.0333,264.51,-12.156600000000026,29,1,2021,-0.050153585615452134,283.26854285714285,256.09451666666666,0.029243033348100217,0,20.769999999999982,279.9366,278.4766,288.0533
2021-02-01,76174178,271.43,280.6666,265.1867,279.9366,8.506599999999992,1,2,2021,0.058321424520812126,283.02187142857144,258.50607,0.03898662296155556,0,15.479900000000043,290.93,264.51,278.4766
2021-02-02,73038637,281.56,293.5,280.7335,290.93,9.370000000000005,2,2,2021,0.03927103494148332,284.2671142857143,260.91596,0.04178596607738854,0,12.766500000000008,284.8966,279.9366,264.51
2021-02-03,55030536,292.34,292.6933,284.3548,284.8966,-7.443399999999997,3,2,2021,-0.020738321933111203,283.0237714285714,262.69029333333333,0.03951499230850001,0,8.33850000000001,283.33,290.93,279.9366
2021-02-04,47437985,285.0,285.5,277.8066,283.33,-1.670000000000016,4,2,2021,-0.00549883712195931,281.4475857142857,264.91396000000003,0.03942077484513732,0,7.693399999999997,284.0766,284.8966,290.93
2021-02-05,55699926,281.6666,288.2566,279.6566,284.0766,2.409999999999968,5,2,2021,0.0026350898245861565,280.8794857142857,267.2682933333333,0.03877050095603902,0,8.599999999999966,287.8066,283.33,284.8966
2021-02-08,60485166,289.89,292.59,284.9166,287.8066,-2.0833999999999833,8,2,2021,0.013130261345003502,282.2123428571428,269.6842933333333,0.03629376470226631,0,7.673399999999958,283.1533,284.0766,283.33
2021-02-09,45472955,285.04,286.6,280.5833,283.1533,-1.886700000000019,9,2,2021,-0.01616814902785413,284.8756714285714,271.7697366666667,0.029227540649352075,0,6.016700000000014,268.2733,287.8066,284.0766
2021-02-10,108648281,281.2116,281.6066,266.6733,268.2733,-12.93829999999997,10,2,2021,-0.05255103860700194,283.2094857142857,273.3378466666666,0.028801735905979845,0,14.933300000000031,270.5533,283.1533,287.8066
2021-02-11,64868256,270.8133,276.6266,267.2416,270.5533,-0.26000000000004775,11,2,2021,0.008498795817548643,280.29852857142856,274.95640333333336,0.02243880736948217,0,9.384999999999991,272.04,268.2733,283.1533
2021-02-12,71304937,267.0866,272.4433,261.7768,272.04,4.953400000000045,12,2,2021,0.005495035543828353,278.46187142857144,276.3046266666667,0.022556080153201097,0,10.666500000000042,265.4066,270.5533,268.2733
2021-02-16,59406966,272.6666,273.6666,264.1466,265.4066,-7.259999999999991,16,2,2021,-0.024383914130274964,275.90138571428577,277.3107366666666,0.02354485412250951,0,9.520000000000039,266.05,272.04,270.5533
2021-02-17,78236708,259.6966,266.6133,254.0033,266.05,6.353400000000022,17,2,2021,0.002424204974555977,273.32615714285714,278.07051666666666,0.023527540609079814,0,12.609999999999985,262.46,265.4066,272.04
2021-02-18,53871185,260.3,264.8966,258.7566,262.46,2.159999999999968,18,2,2021,-0.013493704190941647,269.7052142857143,278.65129666666667,0.021394054402872974,0,6.139999999999986,260.4333,266.05,265.4066
2021-02-19,56874786,265.0,265.5966,259.1233,260.4333,-4.566700000000026,19,2,2021,-0.007721938581117138,266.4595,278.93263,0.021416042044471333,0,6.473300000000052,238.1666,262.46,266.05
2021-02-22,111809171,254.2133,256.1666,236.7333,238.1666,-16.046700000000016,22,2,2021,-0.08549866702913944,262.1585428571429,277.8044066666667,0.03259809614123869,0,19.433300000000003,232.9466,260.4333,262.46
2021-02-23,199820660,220.71,237.8699,206.3333,232.9466,12.236599999999981,23,2,2021,-0.021917430907608337,256.7861571428572,275.7912933333334,0.030700663997131117,0,31.536599999999993,247.34,238.1666,260.4333
2021-02-24,110300861,237.2833,248.3333,231.39,247.34,10.056700000000006,24,2,2021,0.06178840987591161,253.25758571428568,275.02274,0.043443057182001456,0,16.943300000000022,227.4066,232.9466,238.1666
2021-02-25,117071592,242.05,245.7355,223.5266,227.4066,-14.643400000000014,25,2,2021,-0.08059108918897062,247.82901428571427,273.16474,0.05057456147892638,0,22.2089,225.1666,247.34,232.9466
2021-02-26,123267522,233.3333,235.5666,219.8366,225.1666,-8.16670000000002,26,2,2021,-0.009850197839464725,241.98852857142856,271.17685,0.04984609220373759,0,15.72999999999999,239.4766,227.4066,247.34
2021-03-01,81408728,230.0366,290.6666,228.35,239.4766,9.439999999999998,1,3,2021,0.06355294257674093,238.7051857142857,269.77051666666665,0.059692301559042156,1,62.31660000000002,228.8133,225.1666,227.4066
2021-03-02,71196487,239.4266,240.37,228.3333,228.8133,-10.61330000000001,2,3,2021,-0.04452752377476543,234.18804285714285,268.21807333333334,0.0609163396937488,1,12.036699999999996,217.7333,239.4766,225.1666
2021-03-03,90623889,229.33,233.5666,217.235,217.7333,-11.596699999999998,3,3,2021,-0.04842375858396342,231.26899999999998,266.09196333333335,0.05529180088681126,1,16.33159999999998,207.1466,228.8133,239.4766
2021-03-04,197758610,218.6,291.3133,200.0,207.1466,-11.453399999999988,4,3,2021,-0.04862232832552493,227.5832857142857,263.5474066666667,0.05703042941349366,1,91.31330000000003,199.3166,217.7333,228.8133
2021-03-05,268189407,208.6866,209.2806,179.83,199.3166,-9.370000000000005,5,3,2021,-0.03779931700544448,220.7228,260.8025166666667,0.045959644097068035,1,29.45059999999998,187.6666,207.1466,217.7333
2021-03-08,155360896,200.1833,206.7083,186.2633,187.6666,-12.516700000000014,8,3,2021,-0.058449722702474394,215.04565714285715,257.65096,0.042485244192084236,1,20.44500000000002,224.5266,199.3166,207.1466
2021-03-09,202570010,202.7266,226.03,198.4033,224.5266,21.80000000000001,9,3,2021,0.19641214792616268,214.95422857142856,255.34851333333333,0.09494166393148495,1,27.6267,222.6866,187.6666,199.3166
2021-03-10,181817028,233.4333,239.2833,218.3533,222.6866,-10.746700000000004,10,3,2021,-0.00819502010006834,212.55565714285714,252.95928999999998,0.09113196525059125,1,20.930000000000007,233.2,224.5266,187.6666
2021-03-11,108761681,233.1333,234.1666,225.7266,233.2,0.06669999999999732,11,3,2021,0.04721164183206339,213.18232857142857,251.13084666666666,0.0914461341639365,1,8.439999999999998,231.2433,222.6866,224.5266
2021-03-12,100751530,223.3333,231.6266,222.0464,231.2433,7.909999999999997,12,3,2021,-0.008390651801029048,215.11232857142858,249.55640333333335,0.08868393270529398,1,9.58019999999999,235.98,233.2,222.6866
2021-03-15,88270449,231.3633,237.7266,228.0133,235.98,4.61669999999998,15,3,2021,0.020483620498410016,219.23138571428572,248.60540333333333,0.08459699383128323,1,9.713300000000004,225.6266,231.2433,233.2
2021-03-16,96587020,234.45,235.9733,223.6666,225.6266,-8.823399999999992,16,3,2021,-0.04387405712348502,222.98995714285712,246.79507,0.08533593995190289,1,12.306700000000006,233.9366,235.98,231.2433
2021-03-17,121117362,218.9566,234.5766,217.0033,233.9366,14.97999999999999,17,3,2021,0.036830763748600504,229.59995714285714,244.89529,0.07787151526636499,1,17.573300000000017,217.72,225.6266,235.98
2021-03-18,100107070,228.0966,229.7433,217.3333,217.72,-10.376599999999996,18,3,2021,-0.06932049110741967,228.62758571428571,242.65606999999997,0.042390520053998224,1,12.409999999999997,218.29,233.9366,225.6266
2021-03-19,128681953,215.5333,219.0766,208.2067,218.29,2.756699999999995,19,3,2021,0.002618041521219805,227.99949999999998,240.48806999999996,0.04239251352340658,1,10.869900000000001,223.3333,217.72,233.9366
2021-03-22,118536672,228.1966,233.2066,222.9166,223.3333,-4.863299999999981,22,3,2021,0.02310366943057418,226.58997142857143,238.46329333333333,0.0385250859083041,1,10.29000000000002,220.72,218.29,217.72
2021-03-23,91475619,225.2566,225.9333,219.17,220.72,-4.536599999999993,23,3,2021,-0.011701345030051491,225.08664285714286,236.22707333333335,0.038586660078590115,1,6.763300000000015,210.09,223.3333,218.29
2021-03-24,101385520,222.6366,222.6733,210.0366,210.09,-12.546599999999984,24,3,2021,-0.04816056542225444,221.38807142857144,233.79163000000003,0.03945317170003299,1,12.636700000000019,213.4633,220.72,223.3333
2021-03-25,117674562,204.3333,215.1666,203.1666,213.4633,9.129999999999995,25,3,2021,0.0160564519967632,219.65045714285716,231.96462999999997,0.038839966913766,1,12.0,206.2366,210.09,220.72
2021-03-26,101558500,213.9566,214.6066,199.9633,206.2366,-7.719999999999999,26,3,2021,-0.03385453143467754,215.69331428571428,229.82074,0.03441350900423796,1,14.643299999999982,203.7633,213.4633,210.09
2021-03-29,85910979,205.2133,205.4933,198.6733,203.7633,-1.450000000000017,29,3,2021,-0.01199253672723477,213.6995,227.54485000000003,0.02569330863102224,1,6.819999999999993,211.8733,206.2366,213.4633
2021-03-30,118297092,200.5833,212.5533,197.0033,211.8733,11.289999999999992,30,3,2021,0.03980108292317608,212.78282857142858,225.76040666666665,0.03167496635843892,1,15.550000000000011,222.6433,203.7633,206.2366
2021-03-31,100011880,215.54,224.0,213.7033,222.6433,7.103300000000019,31,3,2021,0.050832266264791315,212.68425714285715,224.31351666666666,0.036905350761326575,1,10.296699999999987,220.5833,211.8733,203.7633
2021-04-01,105895151,229.4566,230.8067,219.8066,220.5833,-8.8733,1,4,2021,-0.009252467961083921,212.66472857142858,222.91762666666668,0.036785806142937534,0,11.000100000000003,230.35,222.6433,211.8733
2021-04-05,125528323,235.9033,236.0533,228.2333,230.35,-5.553300000000007,5,4,2021,0.044276697283973876,215.55901428571428,221.91485,0.03278443366284424,0,7.819999999999993,230.54,220.5833,222.6433
2021-04-06,84815528,230.1,232.1833,227.1233,230.54,0.4399999999999977,6,4,2021,0.0008248317777295178,217.99854285714284,221.66063,0.03310549974148022,0,5.060000000000002,223.6566,230.35,220.5833
2021-04-07,78928298,229.0,230.46,222.6133,223.6566,-5.343400000000003,7,4,2021,-0.029857725340504904,220.48711428571428,221.35096333333334,0.032214996465686006,0,7.8466999999999985,227.9333,230.54,230.35
2021-04-08,71772997,225.7933,229.8499,223.8816,227.9333,2.140000000000015,8,4,2021,0.019121725001632006,223.93997142857143,220.70407333333333,0.03043570780050753,0,5.968299999999999,225.6733,223.6566,230.54
2021-04-09,64311276,225.9233,226.99,223.1433,225.6733,-0.25,9,4,2021,-0.009915181327168954,225.9114,220.64629666666667,0.029897643082281117,0,3.8466999999999985,233.9933,227.9333,223.6566
2021-04-12,87407019,228.5666,234.9333,227.3633,233.9933,5.426700000000011,12,4,2021,0.03686745396996449,227.53282857142858,220.94052000000002,0.027000313436281783,0,7.569999999999993,254.1066,225.6733,227.9333
2021-04-13,133958443,237.5666,254.3333,236.8866,254.1066,16.539999999999992,13,4,2021,0.08595673465864184,232.32187142857143,221.42818666666668,0.0386561106324586,0,17.44670000000002,244.0766,233.9933,225.6733
2021-04-14,147052305,256.9,260.2633,242.6766,244.0766,-12.823399999999964,14,4,2021,-0.039471623326588046,234.2828142857143,221.93696333333335,0.042983295798540676,0,17.586700000000008,246.2833,254.1066,233.9933
2021-04-15,83546708,247.7,247.8966,240.4366,246.2833,-1.4166999999999916,15,4,2021,0.009041014173419182,236.53185714285715,222.88862999999998,0.04283237028944441,0,7.460000000000008,246.5933,244.0766,254.1066
2021-04-16,83938598,242.8833,249.8033,241.5333,246.5933,3.710000000000008,16,4,2021,0.0012587130349479558,239.80852857142858,224.20352,0.03945806614013663,0,8.27000000000001,238.21,246.2833,244.0766
2021-04-19,119058702,239.8666,241.8,230.6,238.21,-1.6565999999999974,19,4,2021,-0.03399646300203607,241.27662857142857,225.4999666666667,0.04337765480139778,0,11.200000000000017,239.6633,246.5933,246.2833
2021-04-20,106827131,239.14,245.75,236.895,239.6633,0.5233000000000061,20,4,2021,0.0061009193568699605,243.2752,227.23318999999998,0.04274805318563719,0,8.85499999999999,248.04,238.21,246.5933
2021-04-21,93646539,234.9233,248.28,232.6666,248.04,13.11669999999998,21,4,2021,0.034951951341736454,245.2818714285714,228.01697,0.0425485402445623,0,15.613400000000013,239.8966,239.6633,238.21
2021-04-22,106770791,247.1666,251.2566,239.3466,239.8966,-7.269999999999982,22,4,2021,-0.03283099500080622,243.25187142857143,228.59063666666665,0.02799560948110446,0,11.909999999999997,243.1333,248.04,239.6633
2021-04-23,85241679,239.9333,245.7866,238.4866,243.1333,3.1999999999999886,23,4,2021,0.013492062830402718,243.11711428571428,228.92174666666668,0.025024295739274397,0,7.299999999999983,246.0666,239.8966,248.04
2021-04-26,93115509,247.0,249.7666,244.2017,246.0666,-0.933400000000006,26,4,2021,0.01206457527619631,243.0861571428571,229.41585666666666,0.025237251574365495,0,5.564900000000023,234.9133,243.1333,239.8966
2021-04-27,88311009,239.32,241.3333,234.45,234.9133,-4.406700000000001,27,4,2021,-0.04532634660697554,241.4175857142857,229.3803,0.03049107835628183,0,6.88330000000002,231.4666,246.0666,243.1333
2021-04-28,66813157,232.1366,236.1666,231.2,231.4666,-0.6699999999999875,28,4,2021,-0.0146722216238927,240.45424285714284,229.57496666666665,0.028389736514463706,0,4.9666,225.6666,234.9133,246.0666
2021-04-29,86536359,233.17,234.0833,222.8334,225.6666,-7.503399999999999,29,4,2021,-0.025057610903689853,238.4547142857143,229.2993,0.029024155644582775,0,11.249899999999997,236.48,231.4666,234.9133
2021-04-30,122276172,222.53,238.49,222.0466,236.48,13.949999999999989,30,4,2021,0.04791759170386767,236.80328571428572,229.92463333333336,0.03244844146921494,0,16.443399999999997,228.3,225.6666,231.4666
2021-05-03,81129428,234.6,235.3333,226.8333,228.3,-6.299999999999983,3,5,2021,-0.0345906630581867,235.14662857142858,230.25830000000002,0.03269372100581011,0,8.5,224.5333,236.48,225.6666
2021-05-04,89217969,226.3133,227.8154,219.2336,224.5333,-1.7800000000000011,4,5,2021,-0.01649890494962769,232.48948571428573,230.2983,0.031568218059702294,0,8.581800000000015,223.6466,228.3,236.48
2021-05-05,65705677,227.02,228.4318,222.4466,223.6466,-3.3734000000000037,5,5,2021,-0.003949080158711427,229.2866285714286,230.39585333333335,0.03017793952418149,0,5.98520000000002,221.18,224.5333,228.3
2021-05-06,83353868,226.92,227.0066,216.6666,221.18,-5.739999999999981,6,5,2021,-0.011029007371451183,227.32472857142855,230.76551999999998,0.026666559642229245,0,10.340000000000003,224.1233,223.6466,224.5333
2021-05-07,70407517,221.9333,230.0,220.0733,224.1233,2.1899999999999977,7,5,2021,0.013307261054344766,226.2756857142857,231.12085333333334,0.027626392816653304,0,9.926700000000011,209.68,221.18,223.6466
2021-05-10,94177269,221.6333,221.6833,209.2033,209.68,-11.953299999999984,10,5,2021,-0.0644435451378772,223.9918857142857,231.23563333333334,0.03546432869577304,0,12.47999999999999,205.7333,224.1233,221.18
2021-05-11,139511714,199.7466,209.0333,198.5333,205.7333,5.986700000000013,11,5,2021,-0.018822491415490195,219.5995,231.3013,0.024654239372324735,0,10.5,196.63,209.68,224.1233
2021-05-12,101470960,200.83,206.8033,195.5883,196.63,-4.200000000000017,12,5,2021,-0.04424806290474137,215.07521428571428,230.79319,0.025883426789322646,0,11.215000000000003,190.5633,205.7333,209.68
2021-05-13,132554773,200.515,202.1533,186.55,190.5633,-9.951699999999988,13,5,2021,-0.030853379443625095,210.22235714285713,229.72385666666665,0.026052837502771004,0,15.60329999999999,196.58,196.63,205.7333
2021-05-14,100112590,194.47,197.6233,190.1533,196.58,2.1100000000000136,14,5,2021,0.031573235769951635,206.3557,228.9237466666667,0.03290840817495661,0,7.469999999999999,192.2766,190.5633,196.63
2021-05-17,96743410,191.851,196.5766,187.0666,192.2766,0.42560000000000286,17,5,2021,-0.021891341947298915,202.22664285714288,227.65463333333335,0.03279247291495147,0,9.51000000000002,192.6233,196.58,190.5633
2021-05-18,110491721,189.3333,198.75,187.7933,192.6233,3.289999999999992,18,5,2021,0.0018031315303057571,197.72664285714288,226.39074333333335,0.03112974225335634,0,10.956700000000012,187.82,192.2766,196.58
2021-05-19,118735212,184.1833,188.7366,182.3266,187.82,3.6366999999999905,19,5,2021,-0.0249362356475048,194.60378571428572,225.19619,0.02489382538817609,0,6.409999999999997,195.5933,192.6233,192.2766
2021-05-20,92463369,191.6666,196.2833,190.3566,195.5933,3.926700000000011,20,5,2021,0.04138696624427651,193.15521428571427,224.11819000000003,0.03267534745471732,0,5.926700000000011,193.6266,187.82,192.6233
2021-05-21,78091808,198.7033,198.8933,193.3333,193.6266,-5.076700000000017,21,5,2021,-0.010055047897857494,192.72615714285715,223.04996666666665,0.02841080114284714,0,5.560000000000002,202.1466,195.5933,187.82
2021-05-24,103674280,193.8666,204.8266,191.2166,202.1466,8.280000000000001,24,5,2021,0.044002218703421914,194.38091428571428,221.98841,0.029732912371426303,0,13.610000000000014,201.5633,193.6266,195.5933
2021-05-25,84017798,202.4366,204.6633,198.57,201.5633,-0.8733000000000004,25,5,2021,-0.002885529610688553,195.0928142857143,220.23696666666666,0.028152453468905343,0,6.093299999999999,206.3766,202.1466,193.6266
2021-05-26,85917939,202.52,208.7233,200.5,206.3766,3.856599999999986,26,5,2021,0.023879843205583562,197.10709999999997,218.98030000000003,0.026421124761618148,0,8.223299999999995,210.2833,201.5633,202.1466
2021-05-27,79111778,206.7466,210.3766,205.4033,210.2833,3.536699999999996,27,5,2021,0.018929956206275245,199.62995714285714,217.7803,0.026278858453073272,0,4.973299999999995,208.4066,206.3766,201.5633
2021-05-28,68211127,209.5,211.8633,207.46,208.4066,-1.0934000000000026,28,5,2021,-0.008924626919969425,202.5709,216.50741,0.022918253561663417,0,4.4033000000000015,207.9666,210.2833,206.3766
2021-06-01,54254675,209.2666,211.2666,206.85,207.9666,-1.3000000000000114,1,6,2021,-0.0021112575129578204,204.3385142857143,215.49929666666668,0.02038904188278876,1,4.416600000000017,201.7066,208.4066,210.2833
2021-06-02,69908347,206.71,207.7866,199.7133,201.7066,-5.003399999999999,2,6,2021,-0.030100987370087262,205.4928,214.23407333333336,0.02450075859025117,1,8.073299999999989,190.9466,207.9666,208.4066
2021-06-03,90335679,200.6,201.5166,190.4066,190.9466,-9.653400000000005,3,6,2021,-0.053344808746962236,203.8928,212.33096000000003,0.026918224937384147,1,11.110000000000014,199.6833,201.7066,207.9666
2021-06-04,72110707,193.2366,200.2033,192.4,199.6833,6.446699999999993,4,6,2021,0.04575467696204072,203.62422857142857,210.99051666666668,0.03379576687371405,1,7.803300000000007,201.71,190.9466,201.7066
2021-06-07,67631047,197.275,203.3333,194.2933,201.71,4.435000000000002,7,6,2021,0.0101495718470197,202.9575714285714,209.60974,0.03249498875318387,1,9.04000000000002,201.1966,199.6833,190.9466
2021-06-08,78160238,207.67,207.6966,198.5,201.1966,-6.473399999999998,8,6,2021,-0.0025452382132765683,201.65947142857144,208.11407333333332,0.03108387831672614,1,9.19659999999999,199.5933,201.71,199.6833
2021-06-09,49753715,200.7233,203.93,199.21,199.5933,-1.1299999999999955,9,6,2021,-0.007968822534774378,200.4004285714286,206.93674,0.03107034403453132,1,4.719999999999999,203.3733,201.1966,201.71
2021-06-10,71758837,201.2933,205.53,200.1666,203.3733,2.0800000000000125,10,6,2021,0.018938511463060248,199.74424285714286,206.00029666666666,0.03246711378579849,1,5.363400000000013,203.2966,199.5933,201.1966
2021-06-11,48615905,203.41,204.1866,200.5066,203.2966,-0.1133999999999844,11,6,2021,-0.0003771389853043372,199.97138571428573,205.25463000000002,0.030152089009620953,1,3.680000000000007,205.8966,203.3733,199.5933
2021-06-14,61271946,204.0766,208.4966,203.06,205.8966,1.8199999999999932,14,6,2021,0.012789195687483268,202.1071,204.23518333333334,0.018016434077852965,1,5.4365999999999985,199.7866,203.2966,203.3733
2021-06-15,53292455,205.5633,205.5966,199.41,199.7866,-5.776700000000005,15,6,2021,-0.029675089340960525,202.12185714285715,203.28473666666665,0.016205619164409508,1,6.1865999999999985,201.6233,205.8966,203.2966
2021-06-16,66432397,199.1783,202.8333,197.8333,201.6233,2.444999999999993,16,6,2021,0.009193309260981497,202.10947142857142,202.52106999999998,0.016111399863513932,1,5.0,205.5333,199.7866,205.8966
2021-06-17,68104057,200.6293,207.1566,200.4466,205.5333,4.903999999999996,17,6,2021,0.019392599962405166,202.72899999999998,201.91729333333333,0.01758826235909541,1,6.710000000000008,207.77,201.6233,199.7866
2021-06-18,73682737,204.4566,209.45,203.9333,207.77,3.3134000000000015,18,6,2021,0.01088242148595886,203.8971,201.47029333333333,0.017030220356191426,1,5.516699999999986,206.9433,205.5333,201.6233
2021-06-21,74438227,208.16,210.4633,202.96,206.9433,-1.216700000000003,21,6,2021,-0.003978918996967895,204.40709999999999,200.89762666666667,0.01628756263330343,1,7.503299999999996,207.9033,207.77,205.5333
2021-06-22,57476676,206.0833,209.5231,205.1666,207.9033,1.8199999999999932,22,6,2021,0.004638951828834337,205.0652,200.83840333333333,0.016244844767511615,1,4.356500000000011,218.8566,206.9433,207.77
2021-06-23,93297699,210.6666,219.068,210.0133,218.8566,8.189999999999998,23,6,2021,0.052684589422101524,206.9166285714286,201.27584666666664,0.02484338029164825,1,9.054700000000025,226.6066,207.9033,206.9433
2021-06-24,137947184,224.9966,232.54,222.5366,226.6066,1.6099999999999852,24,6,2021,0.03541131498890149,210.74805714285714,202.27506666666665,0.019567044637243562,1,10.0034,223.9566,218.8566,207.9033
2021-06-25,97490140,229.86,231.27,222.9,223.9566,-5.903400000000005,25,6,2021,-0.01169427545358337,213.93852857142858,203.38817666666668,0.022554949425708088,1,8.370000000000005,229.5733,226.6066,218.8566
2021-06-28,64884486,223.88,231.5666,223.44,229.5733,5.693299999999994,28,6,2021,0.02507941270764058,217.37281428571427,204.48795333333334,0.022826291344327353,1,8.126599999999996,226.92,223.9566,226.6066
2021-06-29,52143935,228.2166,229.1699,225.2966,226.92,-1.2966000000000122,29,6,2021,-0.011557528684738139,220.1085285714286,205.64273333333333,0.025146541791071616,1,3.8733000000000004,226.5666,229.5733,223.9566
2021-06-30,56774586,226.59,230.9366,226.0466,226.5666,-0.023400000000009413,30,6,2021,-0.001557377049180353,222.91185714285712,206.77417666666668,0.02489034403567301,1,4.889999999999986,225.9733,226.92,229.5733
2021-07-01,55903566,227.9733,229.33,224.2666,225.9733,-2.0,1,7,2021,-0.002618656059631075,225.49328571428572,208.04595333333333,0.025455332467985935,0,5.0634000000000015,226.3,226.5666,226.92
2021-07-02,81292118,226.3266,233.3333,224.42,226.3,-0.026600000000001955,2,7,2021,0.001445746023977179,226.55662857142855,209.06950999999998,0.01823240168487019,0,8.91330000000002,219.86,225.9733,226.5666
2021-07-06,69853357,227.2371,228.0,217.1334,219.86,-7.3770999999999844,6,7,2021,-0.028457799381352178,225.59282857142858,209.94395666666665,0.016316558879422478,0,10.866600000000005,214.8833,226.3,225.9733
2021-07-07,56375886,221.4233,221.9,212.7733,214.8833,-6.5400000000000205,7,7,2021,-0.022635768216137664,224.29664285714287,210.36851333333334,0.017626283288445423,0,9.1267,217.6033,219.86,226.3
2021-07-08,68319967,209.4566,218.1433,206.82,217.6033,8.146699999999981,8,7,2021,0.012658033453507134,222.58664285714286,210.90318,0.014319521743714224,0,11.323300000000017,218.9833,214.8833,219.86
2021-07-09,54421655,217.7283,219.6366,214.8966,218.9833,1.2550000000000239,9,7,2021,0.006341815588274846,221.4528285714286,211.32340333333332,0.015059865356651821,0,4.739999999999981,228.5666,217.6033,214.8833
2021-07-12,77781128,220.7333,229.08,220.7203,228.5666,7.83329999999998,12,7,2021,0.043762697886094326,221.73854285714285,211.93284666666665,0.023913217549897586,0,8.359700000000004,222.8466,218.9833,217.6033
2021-07-13,62898276,228.7733,231.0933,222.0986,222.8466,-5.926700000000011,13,7,2021,-0.025025528664293084,221.29187142857145,212.41418000000002,0.02596774611277634,0,8.994699999999995,217.7933,228.5666,218.9833
2021-07-14,64923576,223.5833,226.2033,217.6133,217.7933,-5.7900000000000205,14,7,2021,-0.022676136858269302,220.07662857142856,212.74173666666667,0.027058108974446732,0,8.590000000000003,216.8666,222.8466,228.5666
2021-07-15,60628716,219.4633,222.0466,212.6266,216.8666,-2.5966999999999985,15,7,2021,-0.004254951828178255,219.64899999999997,213.24707,0.02505524859541707,0,9.420000000000016,214.74,217.7933,222.8466
2021-07-16,49112915,218.2266,218.8999,214.0666,214.74,-3.4865999999999815,16,7,2021,-0.009806028221957641,219.62852857142857,214.04018333333335,0.023700289750224392,0,4.833300000000008,215.4066,216.8666,217.7933
2021-07-19,63891276,209.9633,215.7333,207.0966,215.4066,5.443299999999994,19,7,2021,0.0031042190556020977,219.31471428571427,214.56429333333332,0.023127627144410044,0,8.636700000000019,220.1666,214.74,216.8666
2021-07-20,46461395,217.33,220.7972,213.5003,220.1666,2.836599999999976,20,7,2021,0.022097744451655466,219.48375714285717,215.17951333333335,0.024699721397417707,0,7.296899999999994,218.43,215.4066,214.74
2021-07-21,41860024,219.87,221.6199,216.7633,218.43,-1.4399999999999977,21,7,2021,-0.007887663251374133,218.03567142857145,215.75396,0.015982658851290618,0,4.8566000000000145,216.42,220.1666,215.4066
2021-07-22,45317195,218.8142,220.7233,214.8667,216.42,-2.394200000000012,22,7,2021,-0.009202032687817718,217.1175857142857,216.31485000000004,0.013881969954594292,0,5.856599999999986,214.46,218.43,220.1666
2021-07-23,43814824,215.4533,216.2666,212.4333,214.46,-0.993300000000005,23,7,2021,-0.00905646428241369,216.6414,216.6844066666667,0.011611462911668586,0,3.8333000000000084,219.2066,216.42,218.43
2021-07-26,76009688,216.99,222.7333,215.7033,219.2066,2.2165999999999997,26,7,2021,0.02213279865709228,216.9756857142857,217.21473999999998,0.014687685524203317,0,7.030000000000001,214.9266,214.46,216.42
2021-07-27,98439880,221.1333,222.1666,209.08,214.9266,-6.206699999999984,27,7,2021,-0.019524959558699373,217.00234285714285,217.51573999999997,0.01631741454114045,0,13.086599999999976,215.66,219.2066,214.46
2021-07-28,48019805,215.665,218.3233,213.1333,215.66,-0.0049999999999954525,28,7,2021,0.0034123277435180732,217.03854285714286,218.04485333333332,0.016326848515917453,0,5.189999999999998,225.7833,214.9266,219.2066
2021-07-29,91183929,216.5966,227.8966,216.2666,225.7833,9.186700000000002,29,7,2021,0.04694101826949826,217.84092857142858,218.85018666666664,0.02313863791425191,0,11.629999999999995,229.0666,215.66,214.9266
2021-07-30,88969239,223.9193,232.51,223.0,229.0666,5.147300000000001,30,7,2021,0.01454181952341016,219.36044285714283,219.63463,0.02279589808508349,0,9.509999999999991,236.5566,225.7833,215.66
2021-08-02,100847320,233.3333,242.3133,232.8,236.5566,3.2232999999999947,2,8,2021,0.03269791405643607,222.23710000000003,220.59418333333332,0.023316899619954104,0,9.513299999999987,236.58,229.0666,225.7833
2021-08-03,64860756,239.6666,240.8833,233.67,236.58,-3.086599999999976,3,8,2021,9.891924385119211e-05,225.3971,221.58207333333334,0.022097001352779276,0,7.213300000000004,236.9733,236.5566,229.0666
2021-08-04,51007955,237.0,241.6333,236.31,236.9733,-0.026700000000005275,4,8,2021,0.0016624397666751278,227.93520000000004,222.55107333333333,0.02224607293396481,0,5.323299999999989,238.21,236.58,236.5566
2021-08-05,38758924,238.6666,240.3166,237.1366,238.21,-0.45659999999998035,5,8,2021,0.00521873139294593,231.2614,223.19618666666668,0.018090093042379723,0,3.180000000000007,233.0333,236.9733,236.58
2021-08-06,46869155,237.3,238.7766,232.5433,233.0333,-4.266700000000014,6,8,2021,-0.021731665337307415,233.7433,223.41041,0.022675487292172492,0,6.233300000000014,237.92,238.21,236.9733
2021-08-09,44146054,236.7233,239.6766,235.0433,237.92,1.1966999999999928,9,8,2021,0.02096996437848153,235.4771142857143,223.87585666666666,0.017389548792408543,0,4.63330000000002,236.6633,233.0333,238.21
2021-08-10,40296934,237.9966,238.8633,233.96,236.6633,-1.3333000000000084,10,8,2021,-0.005282027572293235,236.56235714285714,224.11219,0.01768925057240407,0,4.9033000000000015,235.94,237.92,233.0333
2021-08-11,29401677,237.57,238.3933,234.7366,235.94,-1.6299999999999955,11,8,2021,-0.003056240659198073,236.47427142857143,224.41285666666667,0.01277113784561885,0,3.6567000000000007,240.75,236.6633,237.92
2021-08-12,53045075,235.4466,240.9333,233.1333,240.75,5.3034000000000106,12,8,2021,0.020386538950580624,237.0699857142857,224.88563666666667,0.014987230892076684,0,7.800000000000011,239.0566,235.94,236.6633
2021-08-13,50194415,241.2366,243.3,238.1133,239.0566,-2.180000000000007,13,8,2021,-0.0070338525441329125,237.36759999999998,225.32174666666666,0.015431303892800789,0,5.186700000000002,228.7233,240.75,235.94
2021-08-16,69309907,235.0233,236.5,225.4666,228.7233,-6.300000000000011,16,8,2021,-0.043225328227708415,236.01235714285716,225.4025233333333,0.02260449634155578,0,11.0334,221.9033,239.0566,240.75
2021-08-17,71163847,224.22,224.86,216.28,221.9033,-2.3166999999999973,17,8,2021,-0.029817688009922905,234.42235714285715,225.47063333333335,0.023745982511451342,0,8.580000000000013,229.6633,228.7233,239.0566
2021-08-18,61048146,223.2493,231.9233,223.1166,229.6633,6.413999999999987,18,8,2021,0.034970187464539615,233.24282857142856,225.96329999999998,0.026853433547453228,0,8.806700000000006,224.49,221.9033,228.7233
2021-08-19,42940474,226.07,228.85,222.53,224.49,-1.579999999999984,19,8,2021,-0.022525584192162995,231.5037857142857,226.19285666666667,0.027691143082398503,0,6.319999999999993,226.7533,229.6633,221.9033
2021-08-20,44525614,227.6166,230.7099,224.5666,226.7533,-0.8633000000000095,20,8,2021,0.010081963561851204,230.1914,226.45185666666666,0.028452489773384323,0,6.143300000000011,235.4333,224.49,229.6633
2021-08-23,60794586,228.4806,237.3766,226.9168,235.4333,6.952699999999993,23,8,2021,0.03827948700195316,229.4318714285714,226.6807466666667,0.031757486322298786,0,10.459800000000001,236.1633,226.7533,224.49
2021-08-24,39249214,236.8933,238.4066,234.2133,236.1633,-0.7300000000000182,24,8,2021,0.0031006658786161267,229.01854285714288,227.12463666666665,0.03176080959630047,0,4.193299999999994,237.0666,235.4333,226.7533
2021-08-25,37936684,235.6766,238.99,234.6666,237.0666,1.3899999999999864,25,8,2021,0.0038248957395159433,230.21044285714285,227.76708,0.02583688343194709,0,4.323400000000021,233.72,236.1633,235.4333
2021-08-26,39642874,236.1033,238.4666,232.54,233.72,-2.3832999999999913,26,8,2021,-0.014116708131807654,231.89854285714287,228.32886,0.02276750348559761,0,5.926600000000008,237.3066,237.0666,236.1633
2021-08-27,41501284,235.0,238.3333,234.0333,237.3066,2.306600000000003,27,8,2021,0.015345712818757518,232.99044285714285,229.08108,0.019867617848270507,0,4.300000000000011,243.6366,233.72,237.0666
2021-08-30,55812666,238.2383,243.6666,237.5766,243.6366,5.398299999999978,30,8,2021,0.026674352925708744,235.72567142857142,230.02208,0.017072590152168856,0,6.089999999999975,245.24,237.3066,233.72
2021-08-31,62566326,244.3333,246.7966,242.1466,245.24,0.9067000000000007,31,8,2021,0.006581113018323315,238.36662857142855,230.85786000000002,0.017185094325040468,0,4.650000000000006,244.6966,243.6366,237.3066
2021-09-01,39613024,244.6933,247.33,243.7567,244.6966,0.003299999999995862,1,9,2021,-0.002215788615234082,239.68995714285714,231.73341333333332,0.012905442295293003,1,3.5733000000000175,244.13,245.24,243.6366
2021-09-02,38390224,244.8333,246.99,243.5133,244.13,-0.7033000000000129,2,9,2021,-0.002315520526235293,240.82805714285718,232.65707999999998,0.013238276614154384,1,3.4767000000000223,244.5233,244.6966,245.24
2021-09-03,45813155,244.083,244.6666,241.4,244.5233,0.4403000000000077,3,9,2021,0.001611026911891189,241.89329999999998,233.65918999999997,0.013292497764777046,1,3.2665999999999826,250.9733,244.13,244.6966
2021-09-07,60119496,246.6666,253.4,246.42,250.9733,4.306700000000006,7,9,2021,0.02637785438033924,244.35805714285715,234.71808000000001,0.012630653892470194,1,6.980000000000018,251.29,244.5233,244.13
2021-09-08,56379126,253.86,254.8166,246.9244,251.29,-2.5700000000000216,8,9,2021,0.0012618872206724419,246.35568571428573,235.93019333333334,0.01281227588936485,1,7.8922000000000025,251.62,250.9733,244.5233
2021-09-09,42233194,251.1366,254.0333,250.5433,251.62,0.48340000000001737,9,9,2021,0.0013132237653707968,247.49617142857142,237.12886,0.01002774935555934,1,3.490000000000009,245.4233,251.29,250.9733
2021-09-10,45552515,253.2,254.2033,244.84,245.4233,-7.776699999999977,10,9,2021,-0.024627215642635703,247.52235714285715,237.78352666666666,0.01482223801686915,1,9.36330000000001,247.6666,251.62,251.29
2021-09-13,68857447,246.738,248.26,236.2833,247.6666,0.9285999999999888,13,9,2021,0.009140533926485395,247.94664285714288,238.40352666666666,0.015131909374752353,1,11.976699999999994,248.1633,245.4233,251.62
2021-09-14,55574646,247.5233,251.49,245.4666,248.1633,0.6399999999999864,14,9,2021,0.002005518709426335,248.52282857142856,238.7904166666667,0.015022681371357897,1,6.023400000000009,251.9433,247.6666,245.4233
2021-09-15,46073075,248.3333,252.2866,246.12,251.9433,3.609999999999985,15,9,2021,0.015231905765276332,249.58282857142856,239.30252666666667,0.01576132572122579,1,6.166599999999988,252.33,248.1633,247.6666
2021-09-16,41770174,250.9433,252.97,249.2033,252.33,1.386700000000019,16,9,2021,0.001534869155083829,249.77664285714286,239.81441666666666,0.012428784072244774,1,3.766699999999986,253.1633,251.9433,248.1633
2021-09-17,84612548,252.3833,253.68,250.0,253.1633,0.7800000000000011,17,9,2021,0.0033024214322512346,250.04425714285713,240.31286,0.01246428220030041,1,3.680000000000007,243.39,252.33,251.9433
2021-09-20,74272957,244.8525,247.3333,239.5416,243.39,-1.4625000000000057,20,9,2021,-0.03860472667246795,248.86854285714284,240.6580833333333,0.019507393993928215,1,7.79170000000002,246.46,253.1633,252.33
2021-09-21,48992165,244.93,248.2466,243.48,246.46,1.5300000000000011,21,9,2021,0.012613500965528601,249.01664285714284,240.94275,0.018158427457515548,1,4.766600000000011,250.6466,243.39,253.1633
2021-09-22,45378815,247.8421,251.2233,246.3733,250.6466,2.8045000000000186,22,9,2021,0.01698693499959414,249.44235714285713,241.40885999999998,0.018986271426520346,1,4.849999999999994,251.2133,246.46,243.39
2021-09-23,35842594,251.6666,252.7333,249.3066,251.2133,-0.4532999999999845,23,9,2021,0.002260952273041017,249.87807142857145,241.91797,0.018986827022078406,1,3.426700000000011,258.13,250.6466,246.46
2021-09-24,64119066,248.63,258.2666,248.1866,258.13,9.5,24,9,2021,0.02753317599028393,250.7618857142857,242.49730333333335,0.020899000771202627,1,10.079999999999984,263.7866,251.2133,250.6466
2021-09-27,84211988,257.7066,266.3333,256.4366,263.7866,6.080000000000041,27,9,2021,0.021913764382288203,252.39854285714287,243.32163666666665,0.021946613812417297,1,9.89670000000001,259.1866,258.13,251.2133
2021-09-28,76144268,262.4,265.2133,255.3933,259.1866,-3.2133999999999787,28,9,2021,-0.017438338414460852,253.2590142857143,244.33708,0.02378475416539474,1,9.819999999999993,260.4366,263.7866,258.13
2021-09-29,62828646,259.9333,264.5,256.8933,260.4366,0.5033000000000243,29,9,2021,0.004822780190025355,255.69424285714285,245.62152333333333,0.014968369140470882,1,7.606699999999989,258.4933,259.1866,263.7866
2021-09-30,53867885,260.3333,263.0435,258.3333,258.4933,-1.8400000000000318,30,9,2021,-0.007461700851570052,257.41328571428573,246.58252333333334,0.01621378886947723,1,4.710199999999986,258.4066,260.4366,259.1866
2021-10-01,51094235,259.4666,260.26,254.53,258.4066,-1.0600000000000023,1,10,2021,-0.00033540521166297577,258.52185714285713,247.71307666666664,0.015740775292972218,0,5.72999999999999,260.51,258.4933,260.4366
2021-10-04,91450029,265.5,268.9899,258.7066,260.51,-4.990000000000009,4,10,2021,0.00813988497197804,259.84995714285714,248.8383,0.01576004449891504,0,10.283299999999997,260.1966,258.4066,258.4933
2021-10-05,55297896,261.5986,265.77,258.0666,260.1966,-1.4019999999999868,5,10,2021,-0.0012030248358988471,260.14518571428573,249.66374333333334,0.012388779108399311,0,7.703399999999988,260.9166,260.51,258.4066
2021-10-06,43898314,258.7333,262.22,257.74,260.9166,2.183300000000031,6,10,2021,0.0027671383868967947,259.7351857142857,250.48885333333334,0.008584134252053108,0,4.480000000000018,264.5366,260.1966,260.51
2021-10-07,57587346,261.82,268.3333,261.1266,264.5366,2.716600000000028,7,10,2021,0.0138741651546892,260.49947142857144,251.40452000000002,0.006907215397113662,0,7.206700000000012,261.83,260.9166,260.1966
2021-10-08,50215805,265.4033,265.46,260.3033,261.83,-3.5733000000000175,8,10,2021,-0.010231476476223134,260.69852857142854,252.34152,0.008405627121851576,0,5.156700000000001,263.98,264.5366,260.9166
2021-10-11,42600964,262.55,267.08,261.8333,263.98,1.4300000000000068,11,10,2021,0.008211434900508019,261.4823428571429,253.23063333333332,0.007913431545074682,0,5.246699999999976,268.5733,261.83,264.5366
2021-10-12,66060127,266.9766,270.7733,265.5233,268.5733,1.5966999999999985,12,10,2021,0.017400181831956907,262.9347285714286,254.06185666666667,0.00936224921475191,0,5.25,270.36,263.98,261.83
2021-10-13,42360244,270.1566,271.8033,268.5933,270.36,0.2033999999999878,13,10,2021,0.006652560027374355,264.34187142857144,254.89919,0.009310821669790015,0,3.2099999999999795,272.7733,268.5733,263.98
2021-10-14,36741514,271.83,273.4166,271.1167,272.7733,0.943300000000022,14,10,2021,0.008926246486166578,266.13854285714285,255.83508,0.008900165189401243,0,2.2999000000000365,281.01,270.36,268.5733
2021-10-15,56773716,274.5793,281.07,274.1166,281.01,6.430700000000002,15,10,2021,0.030196137231906395,269.0090285714286,257.06441333333333,0.012240046140210946,0,6.953399999999988,290.0366,272.7733,270.36
2021-10-18,72621727,283.93,291.7533,283.8233,290.0366,6.1066000000000145,18,10,2021,0.03212198854133308,272.6518857142857,258.58152333333334,0.014716746559254607,0,7.930000000000007,288.09,281.01,272.7733
2021-10-19,52143395,292.51,292.65,287.5033,288.09,-4.420000000000016,19,10,2021,-0.0067115667470935,276.4033142857143,259.81874666666664,0.013809900724250245,0,5.146699999999953,288.6,290.0366,281.01
2021-10-20,42096154,288.45,289.83,285.7933,288.6,0.1500000000000341,20,10,2021,0.0017702801207957197,279.9204571428572,261.0624133333333,0.014446440368767237,0,4.036699999999996,298.0,288.09,290.0366
2021-10-21,94444359,285.3333,300.0,285.1682,298.0,12.666699999999992,21,10,2021,0.03257103257103244,284.12427142857143,262.6084133333333,0.016257175294797872,0,14.831799999999987,303.2266,288.6,288.09
2021-10-22,68642527,298.5,303.3333,296.9866,303.2266,4.726600000000019,22,10,2021,0.017538926174496705,288.8195,264.53519,0.015832310236540335,0,6.3466999999999985,341.62,298.0,288.6
2021-10-25,188556319,316.8433,348.34,314.7333,341.62,24.776700000000005,25,10,2021,0.1266162005576028,298.6547428571429,267.66697,0.043899094138951204,0,33.60669999999999,339.4766,303.2266,298.0
2021-10-26,187244929,341.5633,364.98,333.8133,339.4766,-2.0867000000000075,26,10,2021,-0.0062742228206779105,307.0071142857143,270.7107466666667,0.04643939929335228,0,31.16669999999999,345.9533,341.62,303.2266
2021-10-27,115579392,346.5533,356.96,343.5933,345.9533,-0.5999999999999659,27,10,2021,0.019078487294853286,314.99521428571427,273.8444133333333,0.046518973035490775,0,13.36669999999998,359.0133,339.4766,341.62
2021-10-28,81639518,356.1016,360.3333,351.4,359.0133,2.911699999999996,28,10,2021,0.03775076000142219,325.1271142857143,277.40052333333335,0.044228229377543914,0,8.933300000000031,371.3333,345.9533,339.4766
2021-10-29,89755269,360.62,371.7366,357.735,371.3333,10.713300000000004,29,10,2021,0.0343162774192487,336.9461571428572,281.3395233333333,0.04209127721574125,0,14.001599999999996,402.8633,359.0133,345.9533
2021-11-01,168146177,381.6666,403.25,372.8866,402.8633,21.196699999999964,1,11,2021,0.08491024101528177,351.9266285714286,286.6553,0.045599058356579805,0,30.363400000000013,390.6666,371.3333,359.0133
2021-11-02,128213413,386.4516,402.8633,382.0,390.6666,4.215000000000032,2,11,2021,-0.030275033739732504,364.4180571428572,291.46218666666664,0.05330219222586251,0,20.86329999999998,404.62,402.8633,371.3333
2021-11-03,103885570,392.4433,405.13,384.2066,404.62,12.176699999999983,3,11,2021,0.035716900292986464,373.4180571428571,296.5946333333333,0.03656484510745463,0,20.923400000000015,409.97,390.6666,402.8633
2021-11-04,76192238,411.47,414.4966,405.6666,409.97,-1.5,4,11,2021,0.013222282635559246,383.4885428571429,301.88652333333334,0.03446500290669481,0,8.829999999999984,407.3633,404.62,390.6666
2021-11-05,64886436,409.3333,413.29,402.6666,407.3633,-1.9700000000000273,5,11,2021,-0.006358270117325815,392.26140000000004,306.86096666666674,0.036801675740070455,0,10.623400000000004,387.6466,409.97,404.62
2021-11-08,100337170,383.2616,399.0,377.6666,387.6466,4.384999999999991,8,11,2021,-0.048400776407693136,396.3518714285714,310.98963333333336,0.04500047303671407,0,21.333399999999983,341.1666,407.3633,409.97
2021-11-09,177317538,391.2,391.5,337.1733,341.1666,-50.03339999999997,9,11,2021,-0.11990302507490058,392.0423428571429,313.7223,0.06533851335485728,0,54.32670000000002,355.9833,387.6466,407.3633
2021-11-10,128408173,336.8033,359.3666,329.1033,355.9833,19.180000000000007,10,11,2021,0.043429515081487846,385.34520000000003,316.90718999999996,0.05657265116767306,0,30.263300000000015,354.5033,341.1666,387.6466
2021-11-11,67189717,367.59,368.3233,351.56,354.5033,-13.08669999999995,11,11,2021,-0.004157498399503412,380.1790142857143,320.1075233333333,0.05634129988650546,0,16.763300000000015,344.4733,355.9833,341.1666
2021-11-12,76719458,349.1666,351.5,339.7333,344.4733,-4.693300000000022,12,11,2021,-0.028293107567686993,371.5866285714286,322.97641333333326,0.05228840915660573,0,11.766700000000014,337.7966,354.5033,355.9833
2021-11-15,104326960,339.21,343.9933,326.2,337.7966,-1.4133999999999673,15,11,2021,-0.019382344001697582,361.2761428571429,325.5526333333334,0.05008627959534677,0,17.793299999999988,351.5766,344.4733,354.5033
2021-11-16,79627088,334.4366,352.3999,334.06,351.5766,17.139999999999986,16,11,2021,0.040793779451894885,353.30661428571426,328.5986333333333,0.056012144251038086,0,18.3399,363.0033,337.7966,344.4733
2021-11-17,94336119,354.5033,373.2133,351.8333,363.0033,8.5,17,11,2021,0.03250130981413446,349.78614285714286,332.0015233333333,0.05736500706546495,0,21.379999999999995,365.46,351.5766,337.7966
2021-11-18,62696796,368.85,370.6666,358.34,365.46,-3.390000000000043,18,11,2021,0.006767707070431506,353.2566285714286,335.36563666666666,0.029189814505692677,0,12.326600000000042,379.02,363.0033,351.5766
2021-11-19,64926786,366.29,379.5733,364.2333,379.02,12.729999999999961,19,11,2021,0.037103923822032536,356.5475857142857,339.27197,0.028067313904581167,0,15.340000000000032,385.6233,365.46,363.0033
2021-11-22,99217540,387.4433,400.65,377.4766,385.6233,-1.82000000000005,22,11,2021,0.017422035776476053,360.99330000000003,343.3267466666667,0.02751830102183789,0,23.17339999999996,369.6766,379.02,365.46
2021-11-23,108515111,389.17,393.4999,354.2333,369.6766,-19.49340000000001,23,11,2021,-0.041353051021553844,364.5937714285714,346.6968566666667,0.030965194453137664,0,39.26660000000004,372.0,385.6233,379.02
2021-11-24,67680727,360.13,377.59,354.0,372.0,11.870000000000005,24,11,2021,0.006284952847975811,369.4799714285714,350.08485666666667,0.02822872247403292,0,23.589999999999975,360.64,369.6766,385.6233
2021-11-26,35042674,366.49,369.5942,360.3333,360.64,-5.850000000000023,26,11,2021,-0.030537634408602132,370.7747428571428,353.0137466666667,0.02986349220813804,0,9.260899999999992,378.9966,372.0,369.6766
2021-11-29,58393416,366.9966,380.89,366.73,378.9966,12.0,29,11,2021,0.05090006654835855,373.0595,356.2799666666667,0.03338888684585716,0,14.159999999999968,381.5866,360.64,372.0
2021-11-30,81276128,381.4566,389.3333,372.6666,381.5866,0.12999999999999545,30,11,2021,0.006833834393237259,375.3633,359.3316333333333,0.03338893326215455,0,16.66669999999999,365.0,378.9966,360.64
2021-12-01,68804107,386.8983,390.9466,363.5866,365.0,-21.898300000000006,1,12,2021,-0.04346745928709228,373.36044285714286,361.8953,0.0349958282343234,1,27.360000000000014,361.5333,381.5866,378.9966
2021-12-02,73114867,366.3533,371.0,352.2166,361.5333,-4.819999999999993,2,12,2021,-0.009497808219178117,369.91901428571424,364.32641,0.033591995403118254,1,18.783399999999972,338.3233,365.0,381.5866
2021-12-03,92322009,361.5966,363.5251,333.4033,338.3233,-23.273300000000006,3,12,2021,-0.06419878888058161,365.4399714285714,365.67052,0.038101347806024706,1,30.121800000000007,336.3366,361.5333,365.0
2021-12-06,81663128,333.8366,340.5466,316.8333,336.3366,2.5,6,12,2021,-0.005872193845354534,360.34520000000003,366.77418666666665,0.037402037927153804,1,23.713300000000004,350.5833,338.3233,361.5333
2021-12-07,56084586,348.0666,352.5579,342.27,350.5833,2.5167000000000144,7,12,2021,0.042358458758279705,358.9085285714286,367.0729633333333,0.041817359769771294,1,10.287900000000036,356.32,336.3366,338.3233
2021-12-08,41906374,350.9033,357.46,344.3333,356.32,5.416699999999992,8,12,2021,0.016363300818949433,355.66901428571424,367.63440999999995,0.03599141049073754,1,13.126699999999971,334.6,350.5833,336.3366
2021-12-09,59438496,353.5466,354.1633,334.12,334.6,-18.94659999999999,9,12,2021,-0.06095644364616071,348.95664285714287,367.25596666666667,0.040148579525560384,1,20.043299999999988,339.01,356.32,350.5833
2021-12-10,59664366,336.25,340.3265,327.51,339.01,2.759999999999991,10,12,2021,0.013179916317991536,345.24378571428576,366.58919,0.03984308502056154,1,12.816500000000019,322.1366,334.6,356.32
2021-12-13,78595508,333.6966,335.0,317.14,322.1366,-11.560000000000002,13,12,2021,-0.04977257308044014,339.6156857142857,364.9493,0.04260389330275668,1,17.860000000000014,319.5033,339.01,334.6
2021-12-14,70806277,315.0,322.1366,310.0,319.5033,4.503300000000024,14,12,2021,-0.008174482502143365,336.9271142857143,362.17063333333334,0.036811747382648335,1,12.136599999999987,325.33,322.1366,339.01
2021-12-15,75169238,317.7366,326.2499,309.4167,325.33,7.593399999999974,15,12,2021,0.018236744346615374,335.35474285714287,359.9927466666667,0.038100526341645714,1,16.833200000000033,308.9733,319.5033,322.1366
2021-12-16,82771448,331.5,331.66,307.2833,308.9733,-22.526700000000005,16,12,2021,-0.050277256939108006,329.4104571428571,356.8045233333333,0.0352519928829402,1,24.376700000000028,310.8566,325.33,319.5033
2021-12-17,100880260,304.9233,320.2199,303.0133,310.8566,5.933300000000031,17,12,2021,0.006095348691941949,322.9156857142857,353.50074333333333,0.0337994046827703,1,17.20659999999998,299.98,308.9733,325.33
2021-12-20,56480016,303.5666,307.2294,297.7966,299.98,-3.586599999999976,20,12,2021,-0.03498912360232975,317.96997142857145,349.9213,0.029562086520087124,1,9.432799999999986,312.8433,310.8566,308.9733
2021-12-21,71517937,305.6233,313.1666,295.3733,312.8433,7.220000000000027,21,12,2021,0.042880525368357736,314.2318714285714,347.4278566666666,0.035775884553543955,1,17.793300000000045,336.29,299.98,310.8566
2021-12-22,93634089,321.8866,338.5533,319.0166,336.29,14.403400000000033,22,12,2021,0.07494710610711497,316.2537857142857,347.26530333333335,0.04340761921952153,1,19.536699999999996,355.6666,312.8433,299.98
2021-12-23,92713299,335.6,357.6589,332.52,355.6666,20.066599999999994,23,12,2021,0.05761872193642392,321.41997142857144,347.2547466666667,0.046590791539331974,1,25.138900000000035,364.6466,336.29,312.8433
2021-12-27,71145817,357.89,372.3333,356.905,364.6466,6.756599999999992,27,12,2021,0.025248364620124475,327.0366285714286,347.5928566666667,0.04671310420808651,1,15.428300000000036,362.8233,355.6666,336.29
2021-12-28,60323916,369.83,372.9999,359.4733,362.8233,-7.006699999999967,28,12,2021,-0.0050001837395439175,334.7294857142857,348.2045233333334,0.03813344372614633,1,13.52660000000003,362.0633,364.6466,355.6666
2021-12-29,56154066,366.2133,368.0,354.7133,362.0633,-4.149999999999977,29,12,2021,-0.0020946835553283805,342.04472857142855,349.0134133333333,0.038886425532840094,1,13.286699999999996,356.78,362.8233,364.6466
2021-12-30,47040935,353.7766,365.1833,351.05,356.78,3.003399999999999,30,12,2021,-0.01459219976175452,350.1590142857143,349.18686,0.03434591197992969,1,14.133299999999963,352.26,362.0633,362.8233
2021-12-31,40733644,357.8148,360.6666,351.53,352.26,-5.5548,31,12,2021,-0.012668871573518592,355.7899714285714,348.82875,0.03605520724068022,1,9.136600000000044,399.9266,356.78,362.0633
2022-01-03,104686060,382.5833,400.3566,378.68,399.9266,17.3433,3,1,2022,0.1353165275648669,364.8809142857143,349.9776366666666,0.05453327039223054,0,21.676600000000008,383.1966,352.26,356.78
2022-01-04,100248280,396.5166,402.6666,374.35,383.1966,-13.319999999999993,4,1,2022,-0.041832676296100324,368.8137714285714,350.11685666666665,0.05785583608012245,0,28.316599999999994,362.7066,399.9266,352.26
2022-01-05,80119808,382.2166,390.1133,360.3367,362.7066,-19.510000000000048,5,1,2022,-0.05347124687431992,368.53662857142854,349.35296666666665,0.062340410508384125,0,29.776599999999974,354.9,383.1966,399.9266
2022-01-06,90336489,359.0,362.6666,340.1666,354.9,-4.100000000000023,6,1,2022,-0.021523181546737824,367.40472857142856,348.86041333333327,0.06290721892476266,0,22.5,342.32,362.7066,383.1966
2022-01-07,84164768,360.1233,360.3099,336.6666,342.32,-17.80329999999998,7,1,2022,-0.035446604677373816,364.58425714285715,347.87107999999995,0.06420478878935967,0,23.64330000000001,352.7066,354.9,362.7066
2022-01-10,91814889,333.3333,353.0333,326.6666,352.7066,19.373299999999972,10,1,2022,0.030341785463893434,364.0023428571429,347.6066333333334,0.065473238652603,0,26.36669999999998,354.8,342.32,354.9
2022-01-11,66063217,351.2233,358.6166,346.2733,354.8,3.5767000000000166,11,1,2022,0.005935244761509972,364.3652,346.80008,0.06524562248408977,0,12.3433,368.74,352.7066,342.32
2022-01-12,83739038,359.6166,371.6133,357.53,368.74,9.123400000000004,12,1,2022,0.03928974069898539,359.9099714285714,346.37186,0.036487043498362966,0,14.083300000000008,343.8533,354.8,352.7066
2022-01-13,97209790,369.6883,371.8666,342.1797,343.8533,-25.835000000000036,13,1,2022,-0.06749118620165973,354.2895,345.66697000000005,0.04110256151980513,0,29.68689999999998,349.87,368.74,354.8
2022-01-14,72924427,339.96,350.6666,337.7929,349.87,9.910000000000025,14,1,2022,0.017497869004020172,352.45570000000004,345.2781933333333,0.03859978634135868,0,12.873700000000042,343.5033,343.8533,368.74
2022-01-18,66989407,342.2016,356.9299,338.6866,343.5033,1.3017000000000394,18,1,2022,-0.018197330437019432,350.8276,345.45086,0.03837492777783531,0,18.243299999999977,331.8833,349.87,343.8533
2022-01-19,75442508,347.235,351.5566,331.6666,331.8833,-15.351699999999994,19,1,2022,-0.033827913734744364,349.33664285714286,345.30241666666666,0.03815818887994497,0,19.889999999999986,332.09,343.5033,349.87
2022-01-20,70488757,336.5766,347.22,331.3333,332.09,-4.48660000000001,20,1,2022,0.0006228092826603415,346.3914142857143,344.6859733333333,0.03527338120862035,0,15.886700000000019,314.6333,331.8833,343.5033
2022-01-21,103416040,332.1133,334.85,313.5,314.6333,-17.47999999999996,21,1,2022,-0.05256617182089185,340.6533142857143,343.29641666666674,0.0382218312609608,0,21.350000000000023,310.0,332.09,331.8833
2022-01-24,152375145,301.5866,311.171,283.8233,310.0,8.413400000000024,24,1,2022,-0.014726031859946254,332.2618857142857,342.4764166666667,0.029586210341401048,0,27.347699999999975,306.1333,314.6333,332.09
2022-01-25,86595909,304.7333,317.0866,301.07,306.1333,1.400000000000034,25,1,2022,-0.012473225806451604,326.87331428571434,341.3805266666667,0.022626810888974686,0,16.016599999999983,312.47,310.0,314.6333
2022-01-26,104867290,317.4766,329.23,302.0,312.47,-5.006599999999992,26,1,2022,0.02069915295069169,321.5304571428572,341.0583066666667,0.023440063494595518,0,27.230000000000018,276.3666,306.1333,310.0
2022-01-27,147109575,311.12,311.7966,276.3333,276.3666,-34.7534,27,1,2022,-0.11554197202931482,311.9395,339.6204166666667,0.044514554598864664,0,35.463300000000004,282.1166,312.47,306.1333
2022-01-28,134788963,277.1866,285.8333,264.0033,282.1166,4.930000000000007,28,1,2022,0.020805697938897083,304.8299714285714,338.17997,0.04829648408663801,0,21.829999999999984,312.24,276.3666,312.47
2022-01-31,104436100,290.9033,312.6633,287.35,312.24,21.336700000000008,31,1,2022,0.10677641797753123,301.9942571428572,338.28886,0.06883821622969509,0,25.31329999999997,310.4166,282.1166,276.3666
2022-02-01,73138357,311.7366,314.5666,301.6666,310.4166,-1.3199999999999932,1,2,2022,-0.005839738662567262,301.39187142857145,338.27419333333336,0.06585211946569403,0,12.899999999999977,301.8866,312.24,282.1166
2022-02-02,66793057,309.3933,310.5,296.47,301.8866,-7.5067000000000235,2,2,2022,-0.02747920053244579,300.23281428571437,338.3377466666667,0.06649929007616624,0,14.029999999999973,297.0466,310.4166,312.24
2022-02-03,78855578,294.0,312.3333,293.5066,297.0466,3.046600000000012,3,2,2022,-0.01603251022072516,298.9347142857143,337.81119,0.06660744422402373,0,18.826700000000017,307.7733,301.8866,310.4166
2022-02-04,73625467,299.0733,312.1666,293.7233,307.7733,8.699999999999989,4,2,2022,0.03611116908929435,298.2637571428572,336.8606333333334,0.06774226766295316,0,18.443300000000022,302.4466,297.0466,301.8866
2022-02-07,60994476,307.93,315.9233,300.9029,302.4466,-5.483400000000017,7,2,2022,-0.01730721930719792,301.98947142857145,335.08663333333334,0.04679527197561194,0,15.020399999999995,307.3333,307.7733,297.0466
2022-02-08,50729015,301.8433,308.7633,298.2666,307.3333,5.490000000000009,8,2,2022,0.016157232384163,305.5918571428571,333.17619,0.04671322431331675,0,10.496700000000033,310.6666,302.4466,307.7733
2022-02-09,52259555,311.6666,315.4233,306.6666,310.6666,-1.0,9,2,2022,0.010845879701288474,305.36708571428574,331.43763333333334,0.02245996943626469,0,8.756699999999967,301.5166,307.3333,302.4466
2022-02-10,66126847,302.79,314.6033,298.9,301.5166,-1.2734000000000378,10,2,2022,-0.029452796019913463,304.0956571428572,329.41941,0.02502165629950955,0,15.703300000000013,286.6666,310.6666,307.3333
2022-02-11,79645868,303.21,305.32,283.5666,286.6666,-16.543399999999963,11,2,2022,-0.049251019678518415,301.92137142857143,327.08229666666665,0.029412034790702295,0,21.7534,291.92,301.5166,310.6666
2022-02-14,67756417,287.19,299.6266,284.3833,291.92,4.730000000000018,14,2,2022,0.018325818215306544,301.18899999999996,325.07096333333334,0.030498308900477875,0,15.243299999999977,307.4766,286.6666,301.5166
2022-02-15,57649536,300.0,307.6666,297.7924,307.4766,7.476600000000019,15,2,2022,0.05329062756919711,301.1466142857143,321.9892966666667,0.03451114260102197,0,9.87420000000003,307.7966,291.92,286.6666
2022-02-16,51294395,304.6833,308.8099,300.4033,307.7966,3.113300000000038,16,2,2022,0.001040729603488444,301.91089999999997,319.4759633333333,0.03363007090472144,0,8.406600000000026,292.1166,307.4766,291.92
2022-02-17,55178436,304.42,306.1666,291.3666,292.1166,-12.30340000000001,17,2,2022,-0.050942732960662984,299.7370857142857,317.1229633333333,0.03846764967169701,0,14.800000000000011,285.66,307.7966,307.4766
2022-02-18,68501857,295.3333,295.6233,279.2033,285.66,-9.673299999999983,18,2,2022,-0.022102817847393763,296.1647142857143,314.81496333333337,0.037991189595217405,0,16.41999999999996,273.8433,292.1166,307.7966
2022-02-22,83288198,278.0433,285.5779,267.0333,273.8433,-4.199999999999989,22,2,2022,-0.041366309598823814,292.21138571428577,312.53240666666665,0.039187992418599424,0,18.544600000000003,254.68,285.66,292.1166
2022-02-23,95257030,276.81,278.4332,253.52,254.68,-22.129999999999995,23,2,2022,-0.06997907197291298,287.64187142857145,309.2648533333333,0.0429830548979954,0,24.91319999999999,266.9233,273.8433,285.66
2022-02-24,135322304,233.4633,267.4933,233.3333,266.9233,33.45999999999998,24,2,2022,0.048073268415266046,284.0709142857143,306.33563,0.04810353639150433,0,34.15999999999997,269.9566,254.68,273.8433
2022-02-25,76067768,269.7433,273.1666,260.8001,269.9566,0.21330000000000382,25,2,2022,0.011363938629561421,278.7109142857143,303.04285,0.04070157647377071,0,12.36650000000003,290.1433,266.9233,254.68
2022-02-28,99006880,271.67,292.2866,271.5691,290.1433,18.473299999999995,28,2,2022,0.07477757535840968,276.1890142857143,301.2525166666666,0.053796125910748255,0,20.71750000000003,288.1233,269.9566,266.9233
2022-03-01,74766877,289.8933,296.6266,284.5933,288.1233,-1.7700000000000387,1,3,2022,-0.006962077015047474,275.61854285714287,299.19429333333335,0.05028523262597413,1,12.033299999999997,293.2966,290.1433,269.9566
2022-03-02,74643457,290.71,295.4933,281.424,293.2966,2.5866000000000327,2,3,2022,0.017955160169274897,276.70948571428573,297.52073666666666,0.04974460557363134,1,14.069299999999998,279.7633,288.1233,290.1433
2022-03-03,61623516,292.9233,295.4796,277.5333,279.7633,-13.159999999999968,3,3,2022,-0.04614202824035463,277.55519999999996,295.7834033333334,0.050510752561082374,1,17.946300000000008,279.43,293.2966,288.1233
2022-03-04,67179877,283.0333,285.2166,275.0536,279.43,-3.60329999999999,4,3,2022,-0.0011913642711535166,281.0909142857143,294.02807,0.039082692097491975,1,10.163000000000011,268.1933,279.7633,293.2966
2022-03-07,72494167,285.4333,288.7133,268.19,268.1933,-17.239999999999952,7,3,2022,-0.04021293347171018,281.27234285714286,292.48006999999996,0.040468373957706465,1,20.523300000000006,274.8,279.43,279.7633
2022-03-08,80399108,265.1766,283.33,260.7233,274.8,9.623400000000004,8,3,2022,0.024634097868962312,281.96425714285715,291.3067366666666,0.041316512049352806,1,22.60669999999999,286.3233,268.1933,279.43
2022-03-09,59183976,279.8266,286.8533,277.3366,286.3233,6.496700000000033,9,3,2022,0.04193340611353724,281.4185428571428,290.6464033333333,0.03283658721442041,1,9.516700000000014,279.4333,274.8,268.1933
2022-03-10,58648656,283.8166,284.8166,270.12,279.4333,-4.38330000000002,10,3,2022,-0.02406370700533289,280.1771142857143,289.54518,0.033934906559514845,1,14.69659999999999,265.1166,286.3233,274.8
2022-03-11,67037167,280.0656,281.2673,264.59,265.1166,-14.949000000000012,11,3,2022,-0.05123476693722606,276.1514,289.17017999999996,0.03649819757315133,1,16.677300000000002,255.4566,279.4333,286.3233
2022-03-14,71152267,260.2033,266.9,252.0133,255.4566,-4.746700000000004,14,3,2022,-0.03643679799756028,272.6790142857143,288.28151333333335,0.03522493820248699,1,14.88669999999999,267.2966,265.1166,279.4333
2022-03-15,66841147,258.4233,268.5233,252.19,267.2966,8.873300000000029,15,3,2022,0.04634838168205491,270.9456714285714,286.78340000000003,0.04172241487393239,1,16.33330000000001,280.0766,255.4566,265.1166
2022-03-16,84028838,269.6666,280.6666,267.42,280.0766,10.409999999999968,16,3,2022,0.04781205597078286,272.64328571428575,285.77206666666666,0.042794510375466104,1,13.2466,290.5333,267.2966,255.4566
2022-03-17,66582967,276.9966,291.6666,275.2392,290.5333,13.536699999999996,17,3,2022,0.037335143314364716,274.8909,285.3936233333333,0.04392125833130111,1,16.427400000000034,301.7966,280.0766,267.2966
2022-03-18,100414210,291.4966,302.6166,289.13,301.7966,10.300000000000011,18,3,2022,0.038767673103220934,277.10137142857144,285.5519566666666,0.04353801691392948,1,13.48660000000001,307.0533,290.5333,280.0766
2022-03-21,81981668,304.9933,314.2833,302.3633,307.0533,2.0600000000000023,21,3,2022,0.017418022601977556,281.04708571428574,285.5279566666667,0.04114646758302978,1,11.920000000000016,331.3266,301.7966,290.5333
2022-03-22,105868571,310.0,332.62,307.25,331.3266,21.326599999999985,22,3,2022,0.07905239904602879,290.50565714285716,286.4906233333333,0.03567131336715287,1,25.370000000000005,333.0366,307.0533,301.7966
2022-03-23,120676152,326.6466,346.9,325.4666,333.0366,6.390000000000043,23,3,2022,0.005161070677693891,301.58851428571427,287.3474,0.02362679203277735,1,21.43339999999995,337.9733,331.3266,307.0533
2022-03-24,68920897,336.5766,341.4966,329.6,337.9733,1.3967000000000098,24,3,2022,0.01482329569783003,311.6851857142857,288.2576233333333,0.024926341689448867,1,11.896599999999978,336.88,333.0366,331.3266
2022-03-25,62031546,336.0,340.5999,332.44,336.88,0.8799999999999955,25,3,2022,-0.0032348709202768555,319.7999571428572,289.4364033333333,0.02764628774509663,1,8.159899999999993,363.9466,337.9733,333.0366
2022-03-28,102506080,355.0333,365.9599,351.2,363.9466,8.913299999999992,28,3,2022,0.08034492994538112,330.2875714285714,292.01240333333334,0.034294170299607143,1,14.759900000000016,366.5233,336.88,337.9733
2022-03-29,73614817,369.33,371.59,357.7033,366.5233,-2.806699999999978,29,3,2022,0.007079884796286073,339.5342428571429,294.49917999999997,0.035505272054483346,1,13.886699999999962,364.6633,363.9466,336.88
2022-03-30,59865006,363.7233,371.3166,361.3333,364.6633,0.9399999999999977,30,3,2022,-0.005074711484917893,347.76424285714285,296.4054033333333,0.03764589171376524,1,9.983299999999986,359.2,366.5233,363.9466
2022-03-31,48992765,364.8566,367.7133,358.8803,359.2,-5.656600000000026,31,3,2022,-0.014981765370959965,351.74615714285716,298.11885,0.03162709724004053,1,8.833000000000027,361.53,364.6633,366.5233
2022-04-01,54263225,360.3833,364.9166,355.5466,361.53,1.146699999999953,1,4,2022,0.006486636971046789,355.8166428571429,300.43263,0.03158314490145606,0,9.370000000000005,381.8166,359.2,364.6633
2022-04-04,82177718,363.1266,383.3033,357.51,381.8166,18.689999999999998,4,4,2022,0.05611318562774881,362.0799714285714,303.63784999999996,0.0357360549416602,0,25.793299999999988,363.7533,361.53,359.2
2022-04-05,80075018,378.7666,384.29,362.4333,363.7533,-15.013299999999958,5,4,2022,-0.047308838850903756,365.91901428571424,306.63485000000003,0.04322123383934955,0,21.856700000000046,348.5866,381.8166,361.53
2022-04-06,89348559,357.8233,359.6666,342.5666,348.5866,-9.236700000000042,6,4,2022,-0.04169501692493249,363.72472857142856,309.76507000000004,0.03475185804591661,0,17.100000000000023,352.42,363.7533,381.8166
2022-04-07,79447058,350.7966,358.8633,340.5133,352.42,1.6234000000000037,7,4,2022,0.010996980377329546,361.7099714285714,312.61496,0.035021042025187785,0,18.349999999999966,341.83,348.5866,363.7533
2022-04-08,55013706,347.7366,349.48,340.8116,341.83,-5.906600000000026,8,4,2022,-0.030049372907326566,358.44807142857144,315.01074,0.03627187482957202,0,8.66840000000002,325.31,352.42,348.5866
2022-04-11,59357226,326.8,336.156,324.88,325.31,-1.490000000000009,11,4,2022,-0.048328116315127345,353.60664285714284,316.18296333333336,0.03930726435419052,0,11.27600000000001,328.9833,341.83,352.42
2022-04-12,65976097,332.5466,340.3973,325.5333,328.9833,-3.5633000000000266,12,4,2022,0.011291691002428328,348.9571142857143,317.5449633333333,0.03975182988514507,0,14.863999999999976,340.79,325.31,341.83
2022-04-13,55121226,327.025,342.08,324.3656,340.79,13.765000000000043,13,4,2022,0.03588844783306633,343.09617142857144,319.1280766666667,0.03427325734059046,0,17.714400000000012,328.3333,328.9833,325.31
2022-04-14,58422426,333.0966,337.5699,327.3966,328.3333,-4.763300000000015,14,4,2022,-0.03655242231286138,338.03617142857144,320.74707666666666,0.032825231394116784,0,10.17330000000004,334.7633,340.79,328.9833
2022-04-18,51715235,329.6766,338.3066,324.47,334.7633,5.0867000000000075,18,4,2022,0.019583758333376444,336.0614142857143,322.59152,0.03239657624907443,0,13.836599999999976,342.7166,328.3333,340.79
2022-04-19,49847825,335.02,344.98,331.775,342.7166,7.696600000000046,19,4,2022,0.02375798063885748,334.6752142857143,325.07563,0.033795936588436326,0,13.205000000000041,325.7333,334.7633,328.3333
2022-04-20,70711327,343.3333,344.6666,325.0833,325.7333,-17.600000000000023,20,4,2022,-0.049554938395163894,332.37568571428574,326.77340666666674,0.037003018384068574,0,19.58330000000001,336.26,342.7166,334.7633
2022-04-21,105416351,358.2433,364.0733,332.1383,336.26,-21.983299999999986,21,4,2022,0.032316929217860224,333.9399714285714,328.43796333333336,0.03417323729398102,0,31.935000000000002,335.0166,325.7333,342.7166
2022-04-22,69696577,338.3033,344.95,331.3333,335.0166,-3.286699999999996,22,4,2022,-0.003697733896389721,334.8018714285714,330.29074,0.03420098386410525,0,13.61669999999998,332.6733,336.26,325.7333
2022-04-25,68341357,326.3233,336.2066,325.1,332.6733,6.349999999999966,25,4,2022,-0.006994578776096438,333.64234285714286,332.54263000000003,0.031045314036055618,0,11.106599999999958,292.14,335.0166,336.26
2022-04-26,136133684,331.81,333.3333,291.6666,292.14,-39.670000000000016,26,4,2022,-0.12184115767631487,328.47187142857143,333.76541,0.05437174802666409,0,41.66669999999999,293.8366,332.6733,335.0166
2022-04-27,76956398,299.5266,306.0,292.4533,293.8366,-5.689999999999998,27,4,2022,0.00580748955980015,322.6252,334.6500766666667,0.05313802371756919,0,13.546699999999987,292.5033,292.14,332.6733
2022-04-28,124948542,299.9933,300.0,273.9,292.5033,-7.489999999999952,28,4,2022,-0.004537555906922286,315.4518714285714,335.0643,0.05051710970228959,0,26.100000000000023,290.2533,293.8366,292.14
2022-04-29,88133019,300.75,311.4666,290.0,290.2533,-10.496699999999976,29,4,2022,-0.0076922209082769255,310.3833,335.05496666666664,0.049059805451993344,0,21.466600000000028,300.98,292.5033,293.8366
2022-05-02,75781388,286.9233,302.1199,282.6766,300.98,14.056700000000035,2,5,2022,0.03695634123711944,305.3433,335.0277466666667,0.04983448293309947,0,19.443299999999965,303.0833,290.2533,292.5033
2022-05-03,63709596,301.06,308.0266,296.1966,303.0833,2.023300000000006,3,5,2022,0.0069881719715594315,300.78139999999996,334.89541333333335,0.050383725610154736,0,11.829999999999984,317.54,300.98,290.2533
2022-05-04,81643718,301.3133,318.5,295.0933,317.54,16.226699999999994,4,5,2022,0.04769876796247119,298.61949999999996,334.43586,0.055463134689607375,0,23.4067,291.0933,303.0833,300.98
2022-05-05,92519199,313.07,315.2,285.9,291.0933,-21.976699999999994,5,5,2022,-0.08328620016375898,298.46997142857145,333.03775,0.042307054462632866,0,29.30000000000001,288.55,317.54,303.0833
2022-05-06,72903127,295.6666,296.0,281.035,288.55,-7.116600000000005,6,5,2022,-0.00873706127897822,297.7147428571429,331.3903066666666,0.04234727477414988,0,14.964999999999975,262.37,291.0933,317.54
2022-05-09,90810219,278.8166,281.8766,260.3833,262.37,-16.44659999999999,9,5,2022,-0.09072950961705084,293.4099857142857,328.90664000000004,0.05415899433349962,0,21.493299999999977,266.68,288.55,291.0933
2022-05-10,84401648,273.1033,275.12,258.0833,266.68,-6.423299999999983,10,5,2022,0.016427182985859767,290.04237142857147,325.66442,0.05538896350090543,0,17.036699999999996,244.6666,262.37,288.55
2022-05-11,97224460,265.0,269.9233,242.4,244.6666,-20.33340000000001,11,5,2022,-0.08254612269386541,281.99760000000003,321.60253,0.05666520850433044,0,27.523299999999978,242.6666,266.68,262.37
2022-05-12,140312864,233.6666,253.22,226.6666,242.6666,9.0,12,5,2022,-0.008174389148334904,273.36664285714284,317.53597333333335,0.055391904248597794,0,26.55340000000001,256.53,244.6666,266.68
2022-05-13,92150739,257.8266,262.4499,250.5216,256.53,-1.2966000000000122,13,5,2022,0.057129411299288835,264.65092857142855,314.11364,0.05766216296020264,0,11.928300000000007,241.4566,242.6666,244.6666
2022-05-16,86098539,255.72,256.5866,239.6961,241.4566,-14.26339999999999,16,5,2022,-0.058758819631232084,257.55997142857143,310.11119333333335,0.054437421212856565,0,16.890499999999975,253.87,256.53,242.6666
2022-05-17,80236118,249.12,254.8266,242.95,253.87,4.75,17,5,2022,0.05141048122105585,252.60568571428573,305.8463066666667,0.06170433206627163,0,11.876600000000025,236.6033,241.4566,256.53
2022-05-18,87811809,248.1733,253.5,233.6033,236.6033,-11.570000000000022,18,5,2022,-0.06801394414464101,248.92472857142857,301.60797333333335,0.057609061917052506,0,19.89670000000001,236.4733,253.87,241.4566
2022-05-19,90296679,235.6666,244.6666,231.37,236.4733,0.8067000000000064,19,5,2022,-0.0005494428860459699,244.6094857142857,297.8708633333333,0.05649971434053042,0,13.296599999999984,221.3,236.6033,253.87
2022-05-20,144973334,237.9966,240.5273,211.0,221.3,-16.69659999999999,20,5,2022,-0.06416496069535116,241.2714,293.5001966666667,0.05320307325962336,0,29.527299999999997,224.9666,236.4733,236.6033
2022-05-23,88903659,218.34,226.6517,212.6866,224.9666,6.626599999999996,23,5,2022,0.016568459105286815,238.74282857142856,289.60475,0.05438720898358749,0,13.965100000000007,209.3866,221.3,236.4733
2022-05-24,89092539,217.8433,217.9733,206.8566,209.3866,-8.456700000000012,24,5,2022,-0.06925472492361096,232.00805714285713,285.74063666666666,0.04933133834366121,0,11.116700000000009,219.6,224.9666,221.3
2022-05-25,92139339,207.95,223.1066,207.67,219.6,11.650000000000006,25,5,2022,0.048777715479405126,228.88568571428573,282.0945266666667,0.05446516571677476,0,15.436599999999999,235.91,209.3866,224.9666
2022-05-26,106003361,220.4733,239.5566,217.8866,235.91,15.436700000000002,26,5,2022,0.07427140255009101,226.3199714285714,278.59852666666666,0.05937724277753471,0,21.670000000000016,253.21,219.6,209.3866
2022-05-27,89294979,241.0833,253.2666,240.177,253.21,12.1267,27,5,2022,0.07333305073968899,228.69235714285713,276.0944166666667,0.05995868582201669,0,13.089600000000019,252.7533,235.91,219.6
2022-05-31,101914390,257.9466,259.6,244.7433,252.7533,-5.193299999999994,31,5,2022,-0.0018036412463963147,231.01807142857143,273.36075,0.060001795765081425,0,14.856700000000018,246.79,253.21,235.91
2022-06-01,77247968,251.72,257.3266,243.64,246.79,-4.930000000000007,1,6,2022,-0.023593361590135586,234.6595,270.16319666666664,0.053079564280328624,1,13.686599999999999,258.3333,252.7533,253.21
2022-06-02,93473139,244.1566,264.21,242.0666,258.3333,14.176700000000011,2,6,2022,0.046773775274524976,239.42617142857142,267.91653,0.05426270294208088,1,22.143399999999986,234.5166,246.79,252.7533
2022-06-03,112393751,243.225,247.7966,233.4178,234.5166,-8.708399999999983,3,6,2022,-0.09219368931531469,243.01617142857143,264.5250833333333,0.06092102710593702,1,14.378800000000012,238.28,258.3333,246.79
2022-06-06,84204518,244.3533,244.8666,234.35,238.28,-6.073299999999989,6,6,2022,0.016047478088971,245.68474285714288,261.30053000000004,0.05939650654661096,1,10.516600000000011,238.8866,234.5166,258.3333
2022-06-07,72808597,234.0,239.9966,230.0933,238.8866,4.886599999999987,7,6,2022,0.0025457445022660785,246.10997142857144,258.17430666666667,0.05295508015859481,1,9.903300000000002,241.8666,238.28,234.5166
2022-06-08,76210628,240.0866,249.9633,239.1766,241.8666,1.7800000000000011,8,6,2022,0.012474538128132817,244.48948571428573,256.49852666666663,0.04366780865182303,1,10.786699999999996,239.7066,238.8866,238.28
2022-06-09,96491320,249.34,255.5466,239.3266,239.7066,-9.633399999999995,9,6,2022,-0.008930542704118749,242.62567142857142,254.69419333333332,0.04364548644623208,1,16.22,232.23,241.8666,238.8866
2022-06-10,98090920,235.1566,239.5,227.9133,232.23,-2.9266000000000076,10,6,2022,-0.03119063054584237,240.54567142857144,252.68508333333332,0.044226279353293076,1,11.586700000000008,215.7366,239.7066,241.8666
2022-06-13,102767260,223.1666,226.6333,214.6833,215.7366,-7.429999999999978,13,6,2022,-0.07102183180467636,234.46042857142857,250.20119333333332,0.0423802061196237,1,11.949999999999989,220.89,232.23,239.7066
2022-06-14,97988800,218.2866,226.33,211.7366,220.89,2.6033999999999935,14,6,2022,0.023887462767096412,232.51377142857146,247.53152666666668,0.03325639894383232,1,14.593400000000003,233.0,215.7366,232.23
2022-06-15,119131962,220.9166,235.6633,218.15,233.0,12.083400000000012,15,6,2022,0.05482366788899462,231.75948571428574,245.19541666666666,0.04039748733759706,1,17.513299999999987,213.1,220.89,215.7366
2022-06-16,107390711,222.7366,225.1666,208.6933,213.1,-9.636600000000016,16,6,2022,-0.08540772532188845,228.07568571428573,241.71408333333335,0.05088725907633942,1,16.473299999999995,216.76,233.0,220.89
2022-06-17,92641779,213.4333,220.9694,213.1966,216.76,3.326699999999988,17,6,2022,0.01717503519474417,224.48902857142858,239.23630666666665,0.051340035316579484,1,7.772800000000018,237.0366,213.1,233.0
2022-06-21,122792982,224.6033,243.5773,224.3333,237.0366,12.433300000000003,21,6,2022,0.09354401181029703,224.10760000000002,237.51919333333333,0.06574277777830743,1,19.244,236.0866,216.76,213.1
2022-06-22,101527270,234.5033,246.8333,233.8266,236.0866,1.5833000000000084,22,6,2022,-0.004007819889417896,224.65854285714286,236.64307999999997,0.06436389899473256,1,13.006699999999995,235.07,237.0366,216.76
2022-06-23,104202700,237.905,239.3166,228.6366,235.07,-2.835000000000008,23,6,2022,-0.00430604701833992,227.42045714285715,235.58941333333334,0.05574077374861369,1,10.680000000000007,245.7066,236.0866,237.0366
2022-06-24,95770720,237.4683,246.0666,236.0866,245.7066,8.23830000000001,24,6,2022,0.04524864933849493,230.96568571428568,235.62408,0.0569644896854095,1,9.97999999999999,244.92,235.07,236.0866
2022-06-27,89178309,249.3666,252.07,242.5655,244.92,-4.446600000000018,27,6,2022,-0.0032013792059311097,232.66854285714285,235.69919333333334,0.05467204853628759,1,9.504500000000007,232.6633,245.7066,235.07
2022-06-28,90666519,244.4833,249.97,232.3433,232.6633,-11.820000000000022,28,6,2022,-0.050043687734770526,235.46329999999998,234.90363666666664,0.04540345185485903,1,17.6267,228.49,244.92,245.7066
2022-06-29,82897268,230.5,231.1733,222.2733,228.49,-2.009999999999991,29,6,2022,-0.017937079032232295,237.13901428571427,234.47141666666667,0.04684475506190863,1,8.900000000000006,224.4733,232.6633,244.92
2022-06-30,94600449,224.51,229.4566,218.8633,224.4733,-0.03669999999999618,30,6,2022,-0.01757932513457927,235.34425714285712,233.49152666666666,0.028412792955779698,1,10.5933,227.2633,228.49,232.6633
2022-07-01,74460457,227.0,230.23,222.12,227.2633,0.26329999999998677,1,7,2022,0.012429095130690238,234.0837857142857,233.18019333333334,0.029402200204057292,0,8.109999999999985,233.0666,224.4733,228.49
2022-07-05,84779108,223.0,233.1466,216.1667,233.0666,10.066599999999994,5,7,2022,0.025535579215825832,233.79758571428573,233.06663666666665,0.031609550365752144,0,16.979900000000015,231.7333,227.2633,224.4733
2022-07-06,71853637,230.78,234.5633,227.1866,231.7333,0.9533000000000129,6,7,2022,-0.005720682414382727,231.8014,233.41441333333333,0.024249905444798617,0,7.3767,244.5433,233.0666,227.2633
2022-07-07,81930698,233.92,245.3616,232.21,244.5433,10.6233,7,7,2022,0.0552790643381853,231.7475857142857,234.06697,0.0342287429661,0,13.151600000000002,250.7633,231.7333,233.0666
2022-07-08,101854090,242.3333,254.9799,241.1614,250.7633,8.429999999999978,8,7,2022,0.025435168332152314,234.3333,235.44619333333333,0.026820454574422687,0,13.8185,234.3433,244.5433,231.7333
2022-07-11,99509230,252.1033,253.0633,233.6266,234.3433,-17.75999999999999,11,7,2022,-0.06548007623125074,235.1694857142857,235.93763666666666,0.03875341824709827,0,19.436700000000002,233.07,250.7633,244.5433
2022-07-12,87930969,236.8466,239.7733,228.3683,233.07,-3.776600000000002,12,7,2022,-0.005433481563159703,236.3975857142857,235.84297,0.03787396638757945,0,11.405000000000001,237.04,234.3433,250.7633
2022-07-13,97954510,225.5,242.0599,225.0333,237.04,11.539999999999992,13,7,2022,0.017033509246149325,237.79425714285713,235.30397,0.03804370648573102,0,17.026600000000002,238.3133,233.07,234.3433
2022-07-14,78557498,234.8966,238.6533,229.3333,238.3133,3.4166999999999916,14,7,2022,0.005371667229159716,238.5437857142857,234.82263666666668,0.037129050021567384,0,9.319999999999993,240.0666,237.04,233.07
2022-07-15,69683017,240.0,243.6233,236.89,240.0666,0.066599999999994,15,7,2022,0.007357121906330866,239.73425714285713,234.59852333333336,0.036899422340301524,0,6.733300000000014,240.5466,238.3133,237.04
2022-07-18,82537448,244.9366,250.5166,239.6033,240.5466,-4.389999999999986,18,7,2022,0.00199944515396977,239.1633,234.00563333333332,0.02976114107725241,0,10.91330000000002,245.53,240.0666,238.3133
2022-07-19,80890118,245.0,247.14,236.9766,245.53,0.5300000000000011,19,7,2022,0.02071698373620734,238.4156857142857,234.3727466666667,0.029083007046995537,0,10.163399999999996,247.5,240.5466,240.0666
2022-07-20,88864089,246.7833,250.6633,243.483,247.5,0.716700000000003,20,7,2022,0.008023459455056337,240.29521428571428,234.68008,0.00882221744914406,0,7.180299999999988,271.7066,245.53,240.5466
2022-07-21,142032194,255.1066,273.2666,254.8666,271.7066,16.599999999999994,21,7,2022,0.09780444444444436,245.8147285714286,235.77408,0.033803987896668296,0,18.399999999999977,272.2433,247.5,245.53
2022-07-22,103472860,276.22,280.7866,270.7133,272.2433,-3.9767000000000507,22,7,2022,0.0019752924662117533,250.84377142857144,236.78663666666665,0.03468601123032373,0,10.073300000000017,268.4333,271.7066,247.5
2022-07-25,64073526,272.2166,274.1466,267.4,268.4333,-3.783300000000054,25,7,2022,-0.013994834767283582,255.14662857142858,237.74419333333333,0.03679848531411863,0,6.746600000000001,258.86,272.2433,271.7066
2022-07-26,66820777,266.5133,267.3099,256.2633,258.86,-7.6533000000000015,26,7,2022,-0.035663608054589235,257.8314,238.63186,0.04203342070828021,0,11.046600000000012,274.82,268.4333,272.2433
2022-07-27,88110009,263.81,275.9256,261.79,274.82,11.009999999999991,27,7,2022,0.06165494862087617,262.7276,240.60130666666666,0.04566463968515005,0,14.135599999999954,280.9,258.86,268.4333
2022-07-28,84723008,280.0666,283.3,272.8,280.9,0.8333999999999833,28,7,2022,0.02212357179244595,267.7804571428572,242.60163999999997,0.04567103587721135,0,10.5,297.15,274.82,258.86
2022-07-29,95312890,280.7,298.32,279.1,297.15,16.44999999999999,29,7,2022,0.05784976860092561,274.8733142857143,244.73997333333332,0.04729725644149971,0,19.21999999999997,297.2766,280.9,274.82
2022-08-01,117042912,301.275,311.8782,295.0,297.2766,-3.9984000000000037,1,8,2022,0.0004260474507824519,278.5261714285714,247.54586,0.03614078510143151,0,16.878199999999993,300.5866,297.15,280.9
2022-08-02,95577490,294.0033,307.8333,292.6666,300.5866,6.5832999999999515,2,8,2022,0.011134411521122045,282.57521428571425,250.34008,0.03581914779996221,0,15.166699999999992,307.3966,297.2766,297.15
2022-08-03,80091128,305.0,309.55,301.15,307.3966,2.396599999999978,3,8,2022,0.022655700553517732,288.1414,252.68541333333332,0.033514854660713474,0,8.400000000000034,308.6333,300.5866,297.2766
2022-08-04,72256327,311.0,313.6066,305.0,308.6333,-2.3666999999999803,4,8,2022,0.0040231414400810905,295.2518714285714,255.10363666666666,0.02472933359875423,0,8.606600000000014,288.17,307.3966,300.5866
2022-08-05,113172911,302.67,304.6066,285.5446,288.17,-14.5,5,8,2022,-0.06630295564347721,297.1590142857143,256.87363666666664,0.03764042172711552,0,19.062000000000012,290.4233,308.6333,307.3966
2022-08-08,99365290,295.0,305.2,289.0854,290.4233,-4.576700000000017,8,8,2022,0.00781934274907159,298.5194857142857,258.36419333333333,0.03709316762660201,0,16.114599999999996,283.3333,288.17,308.6333
2022-08-09,86244699,290.2933,292.3966,279.3533,283.3333,-6.9599999999999795,9,8,2022,-0.024412641823159387,296.54567142857144,259.64463666666666,0.03006086123362011,0,13.043299999999988,294.3566,290.4233,288.17
2022-08-10,94918869,297.0666,297.51,283.37,294.3566,-2.7099999999999795,10,8,2022,0.03890576928303169,296.12852857142855,261.70108,0.034676722250714505,0,14.139999999999986,286.63,283.3333,290.4233
2022-08-11,70155067,296.5133,298.2366,285.8333,286.63,-9.88330000000002,11,8,2022,-0.026249114169684007,294.1347285714286,263.63908,0.03538894685128674,0,12.403300000000002,300.03,294.3566,283.3333
2022-08-12,79657298,289.415,300.16,285.0333,300.03,10.614999999999952,12,8,2022,0.04675016571887092,293.0823571428572,266.1576366666667,0.03958852080508625,0,15.126700000000028,309.32,286.63,294.3566
2022-08-15,89359179,301.7866,313.1333,301.23,309.32,7.533399999999972,15,8,2022,0.030963570309635813,293.1804571428571,268.89286,0.04161773720469638,0,11.903300000000002,306.5633,300.03,286.63
2022-08-16,88136319,311.6666,314.6666,302.8833,306.5633,-5.10329999999999,16,8,2022,-0.008912129833182347,295.80807142857145,271.34274999999997,0.03022822805990882,0,11.783299999999997,303.9966,309.32,300.03
2022-08-17,68765977,303.3966,309.6566,300.0333,303.9966,0.6000000000000227,17,8,2022,-0.008372495990224604,297.7471142857143,273.7515266666667,0.030967882271651585,0,9.623300000000029,302.87,306.5633,309.32
2022-08-18,47500535,306.0,306.5,301.8533,302.87,-3.1299999999999955,18,8,2022,-0.003705962500896387,300.5380714285714,275.69575,0.02835078911016797,0,4.64670000000001,296.6666,303.9966,306.5633
2022-08-19,61395396,299.0,300.36,292.5,296.6666,-2.3333999999999833,19,8,2022,-0.020482055007098765,300.86807142857145,277.22585999999995,0.02708581225602487,0,7.860000000000014,289.9133,302.87,303.9966
2022-08-22,55843356,291.9133,292.4,286.2966,289.9133,-2.0,22,8,2022,-0.022763937699761372,301.33711428571434,279.07819333333333,0.026518368950907423,0,6.103399999999965,296.4533,296.6666,302.87
2022-08-23,63985056,291.4533,298.8266,287.9233,296.4533,5.0,23,8,2022,0.02255846834208719,300.82615714285714,281.19097,0.02062440835463438,0,10.903300000000002,297.0966,289.9133,296.6666
2022-08-24,57259716,297.5633,303.6466,296.5,297.0966,-0.466700000000003,24,8,2022,0.002169987650668892,299.07995714285715,283.19285666666667,0.015229243355846037,0,7.146599999999978,296.07,296.4533,289.9133
2022-08-25,53230010,302.36,302.96,291.6,296.07,-6.2900000000000205,25,8,2022,-0.003455441765405687,297.5809142857143,285.11807999999996,0.015173632797707767,0,11.359999999999957,288.09,297.0966,296.4533
2022-08-26,57163950,297.43,302.0,287.47,288.09,-9.340000000000032,26,8,2022,-0.026953085418988776,295.3085428571429,286.71886,0.017357586912660296,0,14.529999999999973,284.82,296.07,297.0966
2022-08-29,41864740,282.83,287.74,280.7,284.82,1.990000000000009,29,8,2022,-0.011350619598042178,292.72997142857145,288.19463999999994,0.0173181525079059,0,7.0400000000000205,277.7,288.09,296.07
2022-08-30,50541760,287.865,288.48,272.65,277.7,-10.16500000000002,30,8,2022,-0.024998244505301637,290.02045714285714,289.26697333333334,0.017908177703494923,0,15.830000000000041,275.61,284.82,288.09
2022-08-31,52107340,280.62,281.25,271.81,275.61,-5.009999999999991,31,8,2022,-0.00752610731004677,287.9771285714286,290.20397333333335,0.016889734109772972,0,9.439999999999998,277.16,277.7,284.82
2022-09-01,54287020,272.575,277.58,266.15,277.16,4.585000000000036,1,9,2022,0.005623888828417023,285.22094285714286,290.3857533333333,0.012606771411714898,1,11.430000000000007,270.21,275.61,277.7
2022-09-02,50890090,281.065,282.35,269.08,270.21,-10.855000000000018,2,9,2022,-0.025075768509164598,281.38,290.31797666666665,0.012609741827215937,1,13.270000000000039,274.42,277.16,275.61
2022-09-06,55859980,272.675,275.99,265.74,274.42,1.7450000000000045,6,9,2022,0.015580474445801462,278.28714285714284,290.51753333333335,0.016547351958248687,1,10.25,283.7,270.21,277.16
2022-09-07,50028920,273.1,283.84,272.27,283.7,10.599999999999966,7,9,2022,0.03381677720282772,277.65999999999997,291.3455333333333,0.021715662071625102,1,11.569999999999993,289.26,274.42,270.21
2022-09-08,53713120,281.3,289.5,279.76,289.26,7.9599999999999795,8,9,2022,0.019598167077899298,278.2942857142857,291.82686666666666,0.022623776602747513,1,9.740000000000009,299.68,283.7,274.42
2022-09-09,54470850,291.67,299.85,291.245,299.68,8.009999999999991,9,9,2022,0.03602295512687559,281.4342857142857,292.4528666666667,0.022041961861080706,1,8.605000000000018,304.42,289.26,283.7
2022-09-12,48674600,300.72,305.49,300.4,304.42,3.6999999999999886,12,9,2022,0.015816871329418003,285.55,292.6952,0.020454393255999844,1,5.090000000000032,292.13,299.68,289.26
2022-09-13,68229620,292.9,297.3999,290.4,292.13,-0.7699999999999818,13,9,2022,-0.040371854674463026,287.68857142857144,292.52364666666665,0.029265069518885495,1,6.999900000000025,302.61,304.42,299.68
2022-09-14,72628650,292.24,306.0,291.64,302.61,10.370000000000005,14,9,2022,0.03587443946188351,292.31714285714287,292.5910933333334,0.026775622804944967,1,14.360000000000014,303.75,292.13,304.42
2022-09-15,64795520,301.825,309.12,300.7247,303.75,1.9250000000000114,15,9,2022,0.0037672251412708135,296.50714285714287,292.46954000000005,0.027220622147860245,1,8.39530000000002,303.35,302.61,292.13
2022-09-16,87087790,299.605,303.71,295.6005,303.35,3.7450000000000045,16,9,2022,-0.0013168724279835065,299.31428571428575,292.29342999999994,0.02638443811117879,1,8.109499999999969,309.07,303.75,302.61
2022-09-19,60231160,300.09,309.84,297.8,309.07,8.980000000000018,19,9,2022,0.018856106807318085,302.1442857142857,292.99009666666666,0.0263404931151524,1,12.039999999999964,308.73,303.35,303.75
2022-09-20,61642780,306.91,313.33,305.58,308.73,1.8199999999999932,20,9,2022,-0.001100074416798713,303.4371428571429,293.60032000000007,0.0237968550959238,1,7.75,300.8,309.07,303.35
2022-09-21,62555660,308.29,313.8,300.63,300.8,-7.490000000000009,21,9,2022,-0.025685874388624352,302.92,294.18254333333334,0.025609553758447205,1,13.170000000000016,288.59,308.73,309.07
2022-09-22,70545410,299.86,301.29,285.82,288.59,-11.270000000000039,22,9,2022,-0.04059175531914905,302.4142857142857,293.9903233333333,0.025665364689070744,1,15.470000000000027,275.33,300.8,308.73
2022-09-23,63748360,283.09,284.5,272.82,275.33,-7.759999999999991,23,9,2022,-0.04594753802973073,298.51714285714286,293.61365666666666,0.02443250375154474,1,11.680000000000007,276.01,288.59,300.8
2022-09-26,58076910,271.83,284.09,270.31,276.01,4.180000000000007,26,9,2022,0.002469763556459448,294.55428571428575,292.81299,0.024287304743506596,1,13.779999999999973,282.94,275.33,288.59
2022-09-27,61925190,283.84,288.67,277.51,282.94,-0.8999999999999773,27,9,2022,0.025107785949784356,291.6385714285714,291.9336566666667,0.028203671546907654,1,11.160000000000025,287.81,276.01,275.33
2022-09-28,54664810,283.08,289.0,277.57,287.81,4.730000000000018,28,9,2022,0.017212129780165508,288.6014285714286,291.3085466666667,0.02793319885976174,1,11.430000000000007,268.21,282.94,276.01
2022-09-29,77620640,282.76,283.65,265.78,268.21,-14.550000000000011,29,9,2022,-0.06810048295750681,282.8128571428571,290.11566000000005,0.03503517085860387,1,17.870000000000005,265.25,287.81,282.94
2022-09-30,67726600,266.145,275.57,262.47,265.25,-0.8949999999999818,30,9,2022,-0.011036128406845314,277.7342857142857,288.86166,0.03503202556413604,1,13.099999999999966,242.4,268.21,287.81
2022-10-03,98363540,254.5,255.16,241.01,242.4,-12.099999999999994,3,10,2022,-0.08614514608859569,271.1357142857143,287.0527733333334,0.043333864755945944,0,14.150000000000006,249.44,265.25,268.21
2022-10-04,109578500,250.52,257.5,242.01,249.44,-1.0800000000000125,4,10,2022,0.029042904290428995,267.4371428571429,285.70366333333334,0.04611940862075484,0,15.490000000000009,240.81,242.4,265.25
2022-10-05,86982670,245.01,246.6697,233.27,240.81,-4.199999999999989,5,10,2022,-0.03459749839640791,262.40857142857146,283.84888666666666,0.04616654143823681,0,13.399699999999996,238.13,249.44,242.4
2022-10-06,69298440,239.44,244.58,235.35,238.13,-1.3100000000000023,6,10,2022,-0.011129105934138961,256.00714285714287,281.8833333333333,0.042354425445489244,0,9.230000000000018,223.07,240.81,249.44
2022-10-07,83916800,233.935,234.5715,222.02,223.07,-10.865000000000009,7,10,2022,-0.06324276655608285,246.75857142857143,279.45,0.04032133002936644,0,12.551499999999976,222.96,238.13,240.81
2022-10-10,67925020,223.93,226.99,218.3582,222.96,-0.9699999999999989,10,10,2022,-0.0004931187519612301,240.2942857142857,277.27899999999994,0.039159923925491856,0,8.631799999999998,216.5,223.07,238.13
2022-10-11,77013200,220.945,225.75,215.0,216.5,-4.444999999999993,11,10,2022,-0.028973806960889914,233.32999999999998,275.00166666666667,0.03864907067612289,0,10.75,217.24,222.96,223.07
2022-10-12,66860700,215.33,219.2999,211.51,217.24,1.9099999999999966,12,10,2022,0.0034180138568129514,229.7357142857143,272.98633333333333,0.030030517582185362,0,7.789900000000017,221.72,216.5,222.96
2022-10-13,91483050,208.3,222.99,206.22,221.72,13.419999999999987,13,10,2022,0.020622353157797813,225.77571428571426,271.19,0.02807041896483088,0,16.77000000000001,204.99,217.24,216.5
2022-10-14,94124510,224.01,226.26,204.16,204.99,-19.019999999999982,14,10,2022,-0.07545552949666245,220.6585714285714,268.78433333333334,0.0357079157316233,0,22.099999999999994,219.35,221.72,217.24
2022-10-17,79428810,210.04,221.86,209.45,219.35,9.310000000000002,17,10,2022,0.07005219766817894,217.9757142857143,267.089,0.05015536051289872,0,12.410000000000025,220.19,204.99,221.72
2022-10-18,75891910,229.5,229.82,217.25,220.19,-9.310000000000002,18,10,2022,0.0038294962388876197,217.5642857142857,265.28133333333335,0.04450692924891915,0,12.569999999999993,222.04,219.35,204.99
2022-10-19,66571480,219.8,222.93,217.78,222.04,2.2399999999999807,19,10,2022,0.008401834779054429,217.43285714285713,263.226,0.044650562131955666,0,5.150000000000006,207.28,220.19,219.35
2022-10-20,117798100,208.28,215.55,202.0,207.28,-1.0,20,10,2022,-0.06647450909745989,216.11571428571432,260.49333333333334,0.05059778307254265,0,13.550000000000011,214.44,222.04,220.19
2022-10-21,75713750,206.415,214.66,203.8,214.44,8.025000000000006,21,10,2022,0.034542647626399026,215.7157142857143,257.652,0.05278978812455491,0,10.859999999999985,211.25,207.28,222.04
2022-10-24,100446800,205.82,213.5,198.5863,211.25,5.430000000000007,24,10,2022,-0.01487595597836222,214.22,254.54633333333334,0.05210743915479101,0,14.913700000000006,222.415,214.44,207.28
2022-10-25,96507870,210.1,224.3498,210.0,222.415,12.314999999999998,25,10,2022,0.052852071005917045,216.70928571428573,252.2225,0.04565215249176072,0,14.349799999999988,224.64,211.25,214.44
2022-10-26,85327080,219.4,230.6,218.2,224.64,5.239999999999981,26,10,2022,0.010003821684688496,217.46499999999997,249.6235,0.03807399868555879,0,12.400000000000006,225.09,222.415,211.25
2022-10-27,61638820,229.77,233.81,222.85,225.09,-4.680000000000007,27,10,2022,0.0020032051282052876,218.16500000000002,247.0015,0.03808193729779661,0,10.960000000000008,228.52,224.64,222.415
2022-10-28,69152390,225.4,228.86,216.35,228.52,3.1200000000000045,28,10,2022,0.015238349104802484,219.09071428571428,244.50716666666668,0.03830725061664291,0,12.51000000000002,227.54,225.09,224.64
2022-10-31,61554340,226.19,229.85,221.94,227.54,1.3499999999999943,31,10,2022,-0.004288464904603662,221.98499999999999,241.7895,0.023310542301634783,0,7.909999999999997,227.82,228.52,225.09
2022-11-01,62688820,234.05,237.3951,227.28,227.82,-6.230000000000018,1,11,2022,0.0012305528698250967,223.89642857142854,239.0925,0.02167484281654967,0,10.115100000000012,214.98,227.54,228.52
2022-11-02,63070290,226.04,227.8699,214.82,214.98,-11.060000000000002,2,11,2022,-0.05636028443508034,224.42928571428573,236.23183333333333,0.03231339924716844,0,13.049900000000008,215.31,227.82,227.54
2022-11-03,56538850,211.36,221.2,210.14,215.31,3.9499999999999886,3,11,2022,0.0015350265140943176,223.41428571428568,233.78916666666666,0.023808063675685803,0,11.060000000000002,207.47,214.98,227.82
2022-11-04,98622210,222.6,223.8,203.08,207.47,-15.129999999999995,4,11,2022,-0.036412614369978225,220.96142857142857,231.5271666666667,0.02553640628892605,0,20.72,197.08,215.31,214.98
2022-11-07,93916520,208.65,208.9,196.66,197.08,-11.569999999999993,7,11,2022,-0.05007952957054029,216.95999999999998,228.8961666666667,0.02852616250984725,0,12.240000000000009,191.3,207.47,215.31
2022-11-08,128803400,194.02,195.2,186.75,191.3,-2.719999999999999,8,11,2022,-0.02932819159732092,211.64285714285714,225.8415,0.0244346350708423,0,8.449999999999989,177.59,197.08,207.47
2022-11-09,127062700,190.775,195.89,177.12,177.59,-13.185000000000002,9,11,2022,-0.0716675378985886,204.50714285714284,222.1675,0.028010700334190026,0,18.769999999999982,190.72,191.3,197.08
2022-11-10,132703000,189.9,191.0,180.03,190.72,0.8199999999999932,10,11,2022,0.07393434314995218,199.20714285714286,219.5845,0.049032539046232344,0,10.969999999999999,195.97,177.59,191.3
2022-11-11,114403600,186.0,196.52,182.59,195.97,9.969999999999999,11,11,2022,0.02752726510067105,196.49142857142857,217.27516666666668,0.05006127262941602,0,13.930000000000007,190.95,190.72,177.59
2022-11-14,92226650,192.77,195.73,186.34,190.95,-1.8200000000000216,14,11,2022,-0.025616165739654084,193.01142857142855,215.56016666666667,0.04988297286568249,0,9.389999999999986,194.42,195.97,190.72
2022-11-15,91293790,195.88,200.8237,192.06,194.42,-1.460000000000008,15,11,2022,0.018172296412673372,191.14714285714285,213.72616666666667,0.05041447499059448,0,8.7637,186.92,190.95,195.97
2022-11-16,66567600,191.51,192.57,185.66,186.92,-4.590000000000003,16,11,2022,-0.0385762781606831,189.6957142857143,211.92983333333333,0.0489872600076419,0,6.909999999999997,183.17,194.42,190.95
2022-11-17,64335970,183.96,186.16,180.9,183.17,-0.7900000000000205,17,11,2022,-0.02006205863471,188.5342857142857,210.09783333333334,0.048389376842474414,0,5.259999999999991,180.19,186.92,194.42
2022-11-18,76048870,185.05,185.19,176.55,180.19,-4.860000000000014,18,11,2022,-0.01626903968990545,188.90571428571428,208.66849999999997,0.03939877860192594,0,8.639999999999986,167.87,183.17,186.92
2022-11-21,92882710,175.85,176.77,167.54,167.87,-7.97999999999999,21,11,2022,-0.06837227371108268,185.64142857142858,206.83216666666664,0.0326752897681592,0,9.230000000000018,169.91,180.19,183.17
2022-11-22,78452330,168.63,170.92,166.185,169.91,1.2800000000000011,22,11,2022,0.012152260677905424,181.9185714285714,205.27916666666667,0.02949864593970172,0,4.734999999999985,183.2,167.87,180.19
2022-11-23,109536700,173.57,183.62,172.5,183.2,9.629999999999995,23,11,2022,0.0782178800541462,180.8114285714286,204.1445,0.04699934300800914,0,11.120000000000005,182.86,169.91,167.87
2022-11-25,50672740,185.06,185.2,180.63,182.86,-2.1999999999999886,25,11,2022,-0.0018558951965064185,179.16,202.84916666666666,0.04595425120682848,0,4.569999999999993,182.92,183.2,169.91
2022-11-28,93038150,179.96,188.5,179.0,182.92,2.9599999999999795,28,11,2022,0.0003281198731268642,178.5885714285714,202.1135,0.04392277898145579,0,9.5,180.83,182.86,183.2
2022-11-29,83357110,184.99,186.38,178.75,180.83,-4.159999999999997,29,11,2022,-0.011425759895035914,178.25428571428574,200.8295,0.04345842272460527,0,7.6299999999999955,194.7,182.92,182.86
2022-11-30,109186400,182.43,194.76,180.6301,194.7,12.269999999999982,30,11,2022,0.0767018746889343,180.32714285714286,199.97983333333332,0.051490152829905246,0,14.129899999999992,194.7,180.83,182.92
2022-12-01,80046210,197.08,198.92,191.8,194.7,-2.380000000000024,1,12,2022,0.0,184.16,199.0685,0.03849193994651664,1,7.119999999999976,194.86,194.7,180.83
2022-12-02,73645920,191.78,196.25,191.11,194.86,3.0800000000000125,2,12,2022,0.0008217770929637158,187.72428571428574,198.6545,0.03920748095023984,1,5.139999999999986,182.45,194.7,194.7
2022-12-05,93122670,189.44,191.27,180.55,182.45,-6.990000000000009,5,12,2022,-0.06368674946115171,187.61714285714285,197.58816666666664,0.04097528417096647,1,10.719999999999999,179.82,194.86,194.7
2022-12-06,92150820,181.215,183.65,175.33,179.82,-1.3950000000000102,6,12,2022,-0.014414908194025688,187.18285714285716,196.54049999999998,0.04134977992416854,1,8.319999999999993,174.04,182.45,194.86
2022-12-07,84213280,175.03,179.38,172.218,174.04,-0.9900000000000091,7,12,2022,-0.0321432543654766,185.91428571428574,194.92799999999997,0.04288153945155625,1,7.162000000000006,173.44,179.82,182.45
2022-12-08,97624490,172.2,175.2,169.06,173.44,1.240000000000009,8,12,2022,-0.003447483337163826,184.85857142857142,193.22133333333335,0.0428287985336151,1,6.139999999999986,179.05,174.04,179.82
2022-12-09,104872300,173.84,182.5,173.36,179.05,5.210000000000008,9,12,2022,0.032345479704797064,182.62285714285716,191.68666666666667,0.03008167403225722,1,9.139999999999986,167.82,173.44,174.04
2022-12-12,109794500,176.1,177.37,167.52,167.82,-8.280000000000001,12,12,2022,-0.06271991063948623,178.78285714285715,189.66333333333333,0.03501964172765454,1,9.849999999999994,160.95,179.05,173.44
2022-12-13,175862700,174.87,175.05,156.91,160.95,-13.920000000000016,13,12,2022,-0.04093671791204867,173.9385714285714,187.44366666666664,0.034339541460964774,1,18.140000000000015,156.8,167.82,179.05
2022-12-14,140682300,159.25,161.62,155.31,156.8,-2.4499999999999886,14,12,2022,-0.025784405094749774,170.27428571428572,185.07633333333334,0.030227689657014358,1,6.310000000000002,157.67,160.95,167.82
2022-12-15,122334500,153.44,160.9299,153.28,157.67,4.22999999999999,15,12,2022,0.005548469387754995,167.10999999999999,183.16600000000003,0.03185221230632274,1,7.649900000000002,150.23,156.8,160.95
2022-12-16,139032200,159.635,160.99,150.04,150.23,-9.405000000000001,16,12,2022,-0.0471871630620917,163.70857142857145,180.99666666666664,0.033421593439583674,1,10.950000000000017,149.87,157.67,156.8
2022-12-19,139390600,154.0,155.25,145.82,149.87,-4.1299999999999955,19,12,2022,-0.002396325634027696,160.34142857142857,179.07666666666665,0.03351223255517892,1,9.430000000000007,137.8,150.23,157.67
2022-12-20,159563300,146.05,148.47,137.66,137.8,-8.25,20,12,2022,-0.08053646493627808,154.44857142857146,177.10066666666665,0.031107973654444683,1,10.810000000000002,137.57,149.87,150.23
2022-12-21,145417400,139.335,141.26,135.89,137.57,-1.7650000000000148,21,12,2022,-0.0016690856313499314,150.12714285714284,175.30966666666666,0.031020265251632862,1,5.3700000000000045,125.35,137.8,149.87
2022-12-22,210090300,136.0,136.63,122.26,125.35,-10.650000000000006,22,12,2022,-0.088827505996947,145.04142857142855,173.56833333333333,0.038773045968178495,1,14.36999999999999,123.15,137.57,137.8
2022-12-23,166989700,126.37,128.6173,121.02,123.15,-3.219999999999999,23,12,2022,-0.017550857598723435,140.2342857142857,171.316,0.039200762476379825,1,7.597300000000004,109.1,125.35,137.57
2022-12-27,208643400,117.495,119.67,108.76,109.1,-8.39500000000001,27,12,2022,-0.11408850994721897,133.29571428571427,168.42033333333333,0.04511006353114011,1,10.909999999999997,112.71,123.15,125.35
2022-12-28,221070500,110.35,116.27,108.24,112.71,2.3599999999999994,28,12,2022,0.033088909257561916,127.93571428571428,165.81233333333333,0.05513089970953245,1,8.030000000000001,121.82,109.1,123.15
2022-12-29,221923300,120.385,123.57,117.495,121.82,1.434999999999988,29,12,2022,0.08082690089610511,123.92857142857143,163.3923333333333,0.07099466266981036,1,6.074999999999989,123.18,112.71,109.1
2022-12-30,157777300,119.95,124.48,119.75,123.18,3.230000000000004,30,12,2022,0.011164012477425933,121.84,161.26766666666666,0.06785294427449191,1,4.730000000000004,108.1,121.82,112.71
2023-01-03,231402800,118.47,118.8,104.64,108.1,-10.370000000000005,3,1,2023,-0.12242247118038652,117.63,158.76533333333333,0.07871575762109699,0,14.159999999999997,113.64,123.18,121.82
2023-01-04,180389000,109.11,114.59,107.52,113.64,4.530000000000001,4,1,2023,0.05124884366327476,115.95714285714284,156.547,0.0794011109755312,0,7.070000000000007,110.34,108.1,123.18
2023-01-05,157986300,110.51,111.75,107.1601,110.34,-0.1700000000000017,5,1,2023,-0.029039070749735996,114.12714285714286,154.62933333333334,0.07967481012246502,0,4.5899,113.06,113.64,108.1
2023-01-06,220911100,103.0,114.39,101.81,113.06,10.060000000000002,6,1,2023,0.02465107848468362,114.69285714285714,152.73433333333332,0.0664164318576473,0,12.579999999999998,119.77,110.34,113.64
2023-01-09,190284000,118.96,123.52,117.11,119.77,0.8100000000000023,9,1,2023,0.05934901822041394,115.70142857142856,150.61999999999998,0.06882858138968809,0,6.409999999999997,118.85,113.06,110.34
2023-01-10,167642500,121.07,122.76,114.92,118.85,-2.219999999999999,10,1,2023,-0.007681389329548316,115.27714285714285,148.48633333333333,0.06157305047906211,0,7.840000000000003,123.22,119.77,113.06
2023-01-11,183810800,122.09,125.95,120.51,123.22,1.1299999999999955,11,1,2023,0.036769036600757365,115.28285714285714,146.49633333333335,0.06321160166956591,0,5.439999999999998,123.56,118.85,119.77
2023-01-12,169400900,122.56,124.1311,117.0,123.56,1.0,12,1,2023,0.002759292322674911,117.49142857142856,144.58733333333333,0.03239202817055407,0,7.1311000000000035,122.4,123.22,118.85
2023-01-13,180714100,116.55,122.63,115.6,122.4,5.8500000000000085,13,1,2023,-0.009388151505341558,118.74285714285715,142.17733333333337,0.030615097187842416,0,7.030000000000001,131.49,123.56,123.22
2023-01-17,186477000,125.695,131.7,125.02,131.49,5.795000000000016,17,1,2023,0.0742647058823529,121.7642857142857,140.0703333333333,0.032878781380478214,0,6.679999999999993,128.78,122.4,123.56
2023-01-18,195680300,136.555,136.68,127.01,128.78,-7.775000000000006,18,1,2023,-0.02060993231424446,124.01,137.86766666666665,0.03729967454517578,0,9.670000000000002,127.17,131.49,122.4
2023-01-19,170291900,127.26,129.99,124.3082,127.17,-0.09000000000000341,19,1,2023,-0.012501941295232188,125.06714285714285,136.025,0.03421736561284664,0,5.68180000000001,133.42,128.78,131.49
2023-01-20,138858100,128.68,133.51,127.3466,133.42,4.739999999999981,20,1,2023,0.049146811354879194,127.14857142857143,134.47833333333332,0.036256462681708436,0,6.163399999999996,143.75,127.17,128.78
2023-01-23,203119200,135.87,145.3793,134.27,143.75,7.8799999999999955,23,1,2023,0.07742467396192487,130.08142857142857,133.46866666666668,0.04261193550468051,0,11.10929999999999,143.89,133.42,127.17
2023-01-24,158699100,143.0,146.5,141.1,143.89,0.8899999999999864,24,1,2023,0.0009739130434782695,132.9857142857143,132.48366666666666,0.04275846479499054,0,5.400000000000006,144.43,143.75,133.42
2023-01-25,192734300,141.905,146.41,138.07,144.43,2.5250000000000057,25,1,2023,0.003752866773229613,136.13285714285715,131.32966666666667,0.041378039881302286,0,8.340000000000003,160.27,143.89,143.75
2023-01-26,234815100,159.965,161.42,154.76,160.27,0.3050000000000068,26,1,2023,0.10967250571210974,140.24428571428572,131.078,0.04976940046896448,0,6.659999999999997,177.9,144.43,143.89
2023-01-27,306590600,162.43,180.68,161.17,177.9,15.469999999999999,27,1,2023,0.11000187184126786,147.26142857142855,131.643,0.05219152419727232,0,19.51000000000002,166.66,160.27,144.43
2023-01-30,230878800,178.05,179.77,166.5,166.66,-11.390000000000015,30,1,2023,-0.06318156267566055,152.90285714285713,131.97166666666666,0.06417871394004128,0,13.27000000000001,173.22,177.9,160.27
2023-01-31,196813500,164.57,174.3,162.78,173.22,8.650000000000006,31,1,2023,0.0393615744629785,158.5885714285714,132.48999999999998,0.06408105652709549,0,11.52000000000001,181.41,166.66,177.9
2023-02-01,213806300,173.89,183.805,169.93,181.41,7.52000000000001,1,2,2023,0.047280914444059574,163.96857142857144,133.5293333333333,0.0621070514525664,0,13.875,188.27,173.22,166.66
2023-02-02,217448300,187.325,196.7501,182.61,188.27,0.9450000000000216,2,2,2023,0.03781489443801345,170.30857142857144,134.8093333333333,0.06023543228308572,0,14.14009999999999,189.98,181.41,173.22
2023-02-03,232662000,183.95,199.0,183.69,189.98,6.030000000000001,3,2,2023,0.009082700377117892,176.81571428571428,136.54866666666666,0.05972248115153168,0,15.310000000000002,194.76,188.27,181.41
2023-02-06,186188100,193.01,198.17,189.92,194.76,1.75,6,2,2023,0.025160543215075215,181.74285714285716,138.45499999999998,0.051621269098250204,0,8.25,196.81,189.98,188.27
2023-02-07,186010300,196.43,197.5,189.55,196.81,0.37999999999999545,7,2,2023,0.010525775313205976,184.4442857142857,140.83700000000002,0.037475622526315644,0,7.949999999999989,201.29,194.76,189.98
2023-02-08,180673600,196.1,203.0,194.31,201.29,5.189999999999998,8,2,2023,0.022763070982165567,189.39142857142858,143.44166666666666,0.0146831770063371,0,8.689999999999998,207.32,196.81,194.76
2023-02-09,215431400,207.775,214.0,204.77,207.32,-0.4550000000000125,9,2,2023,0.02995677877688907,194.26285714285717,146.71566666666666,0.01381367297516719,0,9.22999999999999,196.89,201.29,196.81
2023-02-10,204754100,202.225,206.2,192.89,196.89,-5.335000000000008,10,2,2023,-0.05030870152421385,196.4742857142857,149.52166666666665,0.029356473122271853,0,13.310000000000002,194.64,207.32,201.29
2023-02-13,172475500,194.415,196.3,187.61,194.64,0.22499999999999432,13,2,2023,-0.011427700746609815,197.3842857142857,151.949,0.028050129426719205,0,8.689999999999998,209.25,196.89,207.32
2023-02-14,216455700,191.94,209.82,189.44,209.25,17.310000000000002,14,2,2023,0.07506165228113448,200.13714285714286,154.818,0.03867977837614104,0,20.379999999999995,214.24,194.64,196.89
2023-02-15,182108600,211.755,214.66,206.11,214.24,2.4850000000000136,15,2,2023,0.023847072879330966,202.92000000000002,158.35599999999997,0.03862277503709157,0,8.549999999999983,202.04,209.25,194.64
2023-02-16,229586500,210.78,217.65,201.84,202.04,-8.740000000000009,16,2,2023,-0.05694548170276337,203.66714285714286,161.30266666666665,0.04720130117689581,0,15.810000000000002,208.31,214.24,209.25
2023-02-17,213738500,199.985,208.44,197.5,208.31,8.324999999999989,17,2,2023,0.03103345872104546,204.67000000000002,164.56833333333333,0.0478279413662,0,10.939999999999998,197.37,202.04,214.24
2023-02-21,180018600,204.99,209.71,197.22,197.37,-7.6200000000000045,21,2,2023,-0.05251788200278429,203.2485714285714,167.37866666666665,0.050966188092928036,0,12.490000000000009,200.86,208.31,202.04
2023-02-22,191828500,197.93,201.99,191.78,200.86,2.930000000000007,22,2,2023,0.01768252520646496,203.81571428571428,170.08166666666665,0.04744837843372268,0,10.210000000000008,202.07,197.37,208.31
2023-02-23,146360000,203.91,205.14,196.33,202.07,-1.8400000000000034,23,2,2023,0.0060240963855420215,204.87714285714287,172.85566666666668,0.046969812522616984,0,8.809999999999974,196.88,200.86,197.37
2023-02-24,142228100,196.325,197.6695,192.8,196.88,0.5550000000000068,24,2,2023,-0.025684168852377898,203.10999999999999,175.311,0.03670672348841635,0,4.869499999999988,207.63,202.07,200.86
2023-02-27,161028300,202.03,209.42,201.26,207.63,5.599999999999994,27,2,2023,0.05460178789110115,202.1657142857143,178.11333333333334,0.04254184487959378,0,8.159999999999997,205.71,196.88,202.07
2023-02-28,153144900,210.59,211.23,203.75,205.71,-4.8799999999999955,28,2,2023,-0.009247218610027419,202.69,180.8903333333333,0.035889270300906086,0,7.47999999999999,202.77,207.63,196.88
2023-03-01,156852800,206.21,207.2,198.52,202.77,-3.4399999999999977,1,3,2023,-0.014291964415925285,201.89857142857142,183.26633333333334,0.034057426915965944,1,8.679999999999978,190.9,205.71,207.63
2023-03-02,181979200,186.74,193.7499,186.01,190.9,4.159999999999997,2,3,2023,-0.05853923164176167,200.97428571428574,185.337,0.03554966165897539,1,7.739900000000006,197.79,202.77,205.71
2023-03-03,154193300,194.795,200.48,192.88,197.79,2.9950000000000045,3,3,2023,0.03609219486642212,200.53571428571428,187.69099999999997,0.038033220369483964,1,7.599999999999994,193.81,190.9,202.77
2023-03-06,128100100,198.54,198.6,192.3,193.81,-4.72999999999999,6,3,2023,-0.020122351989483755,199.3557142857143,189.704,0.03844390937794651,1,6.299999999999983,187.71,197.79,190.9
2023-03-07,148125800,191.38,194.2,186.1,187.71,-3.6699999999999875,7,3,2023,-0.031474124142201076,198.04571428571427,191.16933333333333,0.03901332229831115,1,8.099999999999994,182.0,193.81,197.79
2023-03-08,151897800,185.04,186.5,180.0,182.0,-3.039999999999992,8,3,2023,-0.030419263757924475,194.3842857142857,192.43966666666665,0.02886600515091798,1,6.5,172.92,187.71,193.81
2023-03-09,170023800,180.25,185.18,172.5124,172.92,-7.3300000000000125,9,3,2023,-0.04989010989011,189.70000000000002,193.38933333333335,0.03076962891009329,1,12.667599999999993,173.44,182.0,187.71
2023-03-10,191488900,175.13,178.29,168.44,173.44,-1.6899999999999977,10,3,2023,0.0030071709461023666,185.51,193.82833333333332,0.03234243217383134,1,9.849999999999994,174.48,172.92,182.0
2023-03-13,167790300,167.455,177.35,163.91,174.48,7.024999999999977,13,3,2023,0.005996309963099522,183.16428571428568,193.71433333333334,0.029100278415015265,1,13.439999999999998,183.26,173.44,172.92
2023-03-14,143717900,177.31,183.8,177.1401,183.26,5.949999999999989,14,3,2023,0.05032095369096745,181.0885714285714,194.26766666666668,0.03325282229079101,1,6.659900000000022,180.45,174.48,173.44
2023-03-15,145995600,180.8,182.34,176.03,180.45,-0.35000000000002274,15,3,2023,-0.015333406089708679,179.18,194.50866666666667,0.033067456660662964,1,6.310000000000002,184.13,183.26,174.48
2023-03-16,121374500,180.365,185.81,178.84,184.13,3.7649999999999864,16,3,2023,0.020393460792463403,178.6685714285714,194.59933333333336,0.03318214780996955,1,6.969999999999999,180.13,180.45,183.26
2023-03-17,133197100,184.515,186.2199,177.33,180.13,-4.384999999999991,17,3,2023,-0.02172378211046544,178.40142857142857,194.328,0.03209798339132625,1,8.889899999999983,183.25,184.13,180.45
2023-03-20,129684400,178.08,186.44,176.35,183.25,5.1699999999999875,20,3,2023,0.017320823849442002,179.87714285714284,194.1036666666667,0.024104523336740312,1,10.090000000000003,197.58,180.13,184.13
2023-03-21,153391400,188.28,198.0,188.04,197.58,9.300000000000011,21,3,2023,0.07819918144611204,183.32571428571427,194.19766666666666,0.03534576082468638,1,9.960000000000008,191.15,183.25,180.13
2023-03-22,150376400,199.3,200.66,190.95,191.15,-8.150000000000006,22,3,2023,-0.032543779734791056,185.70714285714286,194.009,0.04040491876263999,1,9.710000000000008,192.22,197.58,183.25
2023-03-23,144193900,195.26,199.31,188.65,192.22,-3.039999999999992,23,3,2023,0.005597698142819629,186.98714285714286,193.70666666666665,0.03706645247896789,1,10.659999999999997,190.41,191.15,197.58
2023-03-24,116531600,191.65,192.36,187.15,190.41,-1.240000000000009,24,3,2023,-0.009416293829986433,188.41,193.143,0.03652470245918106,1,5.210000000000008,191.81,192.22,191.15
2023-03-27,120851600,194.415,197.39,189.94,191.81,-2.6049999999999898,27,3,2023,0.007352555012867024,189.50714285714284,192.97366666666665,0.03613322137944992,1,7.449999999999989,189.19,190.41,192.22
2023-03-28,98654640,192.0,192.35,185.43,189.19,-2.8100000000000023,28,3,2023,-0.013659350398832149,190.8014285714286,192.792,0.03520376198825738,1,6.9199999999999875,193.88,191.81,190.41
2023-03-29,123660000,193.13,195.29,189.44,193.88,0.75,29,3,2023,0.024789893757598103,192.32,192.27966666666669,0.035659507226530114,1,5.849999999999994,195.28,189.19,191.81
2023-03-30,110252200,195.58,197.33,194.42,195.28,-0.30000000000001137,30,3,2023,0.007220961419434735,191.99142857142857,191.64766666666668,0.01857502319803614,1,2.910000000000025,207.46,193.88,189.19
2023-03-31,170222100,197.53,207.79,197.2,207.46,9.930000000000007,31,3,2023,0.06237197869725519,194.32142857142858,191.82833333333335,0.02550619362733095,1,10.590000000000003,194.77,195.28,193.88
2023-04-03,169545900,199.91,202.6897,192.2,194.77,-5.139999999999986,3,4,2023,-0.06116841800829076,194.68571428571428,191.377,0.037824414665250175,0,10.4897,192.58,207.46,195.28
2023-04-04,126463800,197.32,198.7446,190.32,192.58,-4.739999999999981,4,4,2023,-0.011244031421676848,194.99571428571426,191.21733333333336,0.0379265444604724,0,8.424599999999998,185.52,194.77,207.46
2023-04-05,133882500,190.515,190.68,183.76,185.52,-4.994999999999976,5,4,2023,-0.03666008931353204,194.09714285714287,190.70600000000002,0.04049830984372264,0,6.920000000000016,185.06,192.58,194.77
2023-04-06,123857900,183.08,186.39,179.74,185.06,1.9799999999999898,6,4,2023,-0.0024795170332040373,193.5071428571429,190.139,0.040276020285612855,0,6.649999999999977,184.51,185.52,192.58
2023-04-10,142154600,179.94,185.1,176.11,184.51,4.569999999999993,10,4,2023,-0.0029720090781368835,192.16857142857143,189.72666666666663,0.03847282970475025,0,8.98999999999998,186.79,185.06,185.52
2023-04-11,115770900,186.69,189.19,185.6475,186.79,0.09999999999999432,11,4,2023,0.012357053818221164,190.9557142857143,189.03199999999998,0.0388236872677445,0,3.5424999999999898,180.54,184.51,185.06
2023-04-12,150256300,190.74,191.5846,180.31,180.54,-10.200000000000017,12,4,2023,-0.03346003533379727,187.10999999999999,188.19300000000004,0.025401455557233714,0,11.274599999999992,185.9,186.79,184.51
2023-04-13,112933000,182.955,186.5,180.94,185.9,2.944999999999993,13,4,2023,0.029688711642849253,185.84285714285716,187.63066666666666,0.023638691845823644,0,5.560000000000002,185.0,180.54,186.79
2023-04-14,96438660,183.95,186.28,182.01,185.0,1.0500000000000114,14,4,2023,-0.004841312533620301,184.76000000000002,187.43400000000003,0.023543505633857775,0,4.27000000000001,187.04,185.9,180.54
2023-04-17,116662200,186.32,189.69,182.69,187.04,0.7199999999999989,17,4,2023,0.011027027027026959,184.97714285714284,187.07566666666668,0.019584416084012395,0,7.0,184.31,185.0,185.9
2023-04-18,92067020,187.15,187.69,183.5775,184.31,-2.8400000000000034,18,4,2023,-0.014595808383233488,184.86999999999998,186.75900000000001,0.020491776134542013,0,4.112500000000011,180.59,187.04,185.0
2023-04-19,125732700,179.1,183.5,177.65,180.59,1.490000000000009,19,4,2023,-0.02018338668547559,184.31,186.52166666666665,0.021840114244120395,0,5.849999999999994,162.99,184.31,187.04
2023-04-20,210970800,166.165,169.7,160.56,162.99,-3.174999999999983,20,4,2023,-0.09745833102608115,180.91,185.888,0.04053155001570086,0,9.139999999999986,165.08,180.59,184.31
2023-04-21,123539000,164.8,166.0,161.3208,165.08,0.28000000000000114,21,4,2023,0.01282287256886927,178.70142857142858,185.62666666666667,0.04145764232489201,0,4.679200000000009,162.55,162.99,180.59
2023-04-24,140006600,164.65,165.65,158.61,162.55,-2.0999999999999943,24,4,2023,-0.015325902592682294,175.3657142857143,185.2636666666667,0.03719760124938262,0,7.039999999999992,160.67,165.08,162.99
2023-04-25,121999300,159.82,163.47,158.75,160.67,0.8499999999999943,25,4,2023,-0.01156567210089221,171.89000000000001,184.8033333333333,0.036875580674823084,0,4.719999999999999,153.75,162.55,165.08
2023-04-26,153364100,160.29,160.67,153.14,153.75,-6.539999999999992,26,4,2023,-0.043069645857969685,167.1342857142857,183.81966666666665,0.03507915843795208,0,7.530000000000001,160.19,160.67,162.55
2023-04-27,127015200,152.64,160.48,152.37,160.19,7.550000000000011,27,4,2023,0.04188617886178858,163.68857142857146,183.14433333333332,0.04382740119414563,0,8.109999999999985,164.31,153.75,160.67
2023-04-28,122515800,160.9,165.0,157.32,164.31,3.4099999999999966,28,4,2023,0.025719458143454776,161.36285714285714,182.48366666666664,0.04694158471679982,0,7.680000000000007,161.83,160.19,153.75
2023-05-01,109015000,163.17,163.28,158.83,161.83,-1.339999999999975,1,5,2023,-0.015093420972551841,161.19714285714286,181.87366666666668,0.028950432007766536,0,4.449999999999989,160.31,164.31,160.19
2023-05-02,128259700,161.88,165.49,158.93,160.31,-1.5699999999999932,2,5,2023,-0.009392572452573744,160.51571428571427,181.109,0.028439094027055068,0,6.560000000000002,160.61,161.83,164.31
2023-05-03,119728000,160.01,165.0,159.91,160.61,0.6000000000000227,3,5,2023,0.001871374212463417,160.23857142857145,179.87666666666664,0.02802067089374804,0,5.090000000000003,161.2,160.31,161.83
2023-05-04,95108490,162.71,162.95,159.65,161.2,-1.5100000000000193,4,5,2023,0.00367349480107082,160.31428571428572,178.87833333333336,0.027687221751956797,0,3.299999999999983,170.06,160.61,160.31
2023-05-05,107607300,163.97,170.7899,163.51,170.06,6.090000000000003,5,5,2023,0.054962779156327635,162.6442857142857,178.13966666666664,0.026570001996753353,0,7.279899999999998,171.79,161.2,160.61
2023-05-08,112249400,173.72,173.8,169.19,171.79,-1.9300000000000068,8,5,2023,0.010172880159943443,164.3014285714286,177.51899999999998,0.023735031390015114,0,4.610000000000014,169.15,170.06,161.2
2023-05-09,88965040,168.95,169.82,166.56,169.15,0.20000000000001705,9,5,2023,-0.015367599976715662,164.99285714285716,176.7636666666667,0.02435100600523047,0,3.259999999999991,168.54,171.79,170.06
2023-05-10,119840700,172.55,174.43,166.68,168.54,-4.010000000000019,10,5,2023,-0.003606266627254051,165.95142857142858,176.07533333333333,0.02317684451382506,0,7.75,172.08,169.15,171.79
2023-05-11,103889900,168.7,173.57,166.79,172.08,3.380000000000024,11,5,2023,0.021003915984336263,167.63285714285715,175.34866666666667,0.022643846864118376,0,6.780000000000001,167.98,168.54,169.15
2023-05-12,157849600,176.07,177.38,167.23,167.98,-8.090000000000003,12,5,2023,-0.023826127382612916,168.68571428571428,174.43866666666665,0.026077318438337046,0,10.150000000000006,166.35,172.08,168.54
2023-05-15,105592500,167.655,169.76,164.5499,166.35,-1.3050000000000068,15,5,2023,-0.00970353613525421,169.42142857142858,173.06833333333333,0.02681710927219364,0,5.210099999999983,166.52,167.98,172.08
2023-05-16,98288790,165.65,169.5184,164.35,166.52,0.8700000000000045,16,5,2023,0.00102194168920966,168.91571428571427,172.12666666666664,0.01526329907163104,0,5.16840000000002,173.86,166.35,167.98
2023-05-17,125473600,168.41,174.5,167.185,173.86,5.450000000000017,17,5,2023,0.0440787893346144,169.21142857142857,171.50266666666667,0.02334428042400726,0,7.314999999999998,176.89,166.52,166.35
2023-05-18,109520300,174.22,177.06,172.45,176.89,2.6699999999999875,18,5,2023,0.01742781548372241,170.31714285714287,171.215,0.022569173840187043,0,4.610000000000014,180.14,173.86,166.52
2023-05-19,136196700,177.17,181.95,176.31,180.14,2.969999999999999,19,5,2023,0.018373000169596976,171.97428571428574,171.051,0.022436556940145833,0,5.639999999999986,188.87,176.89,173.86
2023-05-22,132001400,180.7,189.32,180.11,188.87,8.170000000000016,22,5,2023,0.04846230709448207,174.37285714285713,171.19633333333334,0.026719813680214977,0,9.20999999999998,185.77,180.14,176.89
2023-05-23,156952100,186.2,192.96,185.26,185.77,-0.4299999999999784,23,5,2023,-0.016413406046487,176.91428571428574,171.16233333333335,0.025081823594716297,0,7.700000000000017,182.9,188.87,180.14
2023-05-24,137605100,182.23,184.22,178.22,182.9,0.6700000000000159,24,5,2023,-0.015449211390429096,179.27857142857144,171.24099999999999,0.026089215543605646,0,6.0,184.47,185.77,188.87
2023-05-25,96870720,186.54,186.78,180.58,184.47,-2.069999999999993,25,5,2023,0.008583925642427603,181.84285714285716,171.19333333333333,0.025618012531386406,0,6.199999999999989,193.17,182.9,185.77
2023-05-26,162061500,184.62,198.6,184.53,193.17,8.549999999999983,26,5,2023,0.047162140185395884,184.60142857142856,171.46566666666666,0.02622056706657165,0,14.069999999999993,201.16,184.47,182.9
2023-05-30,128818700,200.1,204.48,197.53,201.16,1.0600000000000023,30,5,2023,0.041362530413625365,188.06857142857143,171.93633333333335,0.02802035300820834,0,6.949999999999989,203.93,193.17,184.47
2023-05-31,150711700,199.78,203.95,195.12,203.93,4.150000000000006,31,5,2023,0.013770133227281711,191.46714285714287,172.59033333333335,0.028087852185787802,0,8.829999999999984,207.52,201.16,193.17
2023-06-01,148029900,202.59,209.8,199.37,207.52,4.930000000000007,1,6,2023,0.017604079831314623,194.1314285714286,173.488,0.02477488998055033,1,10.430000000000007,213.97,203.93,201.16
2023-06-02,164398400,210.15,217.25,209.752,213.97,3.819999999999993,2,6,2023,0.031081341557440245,198.16000000000003,175.18733333333333,0.02139330795001204,1,7.4979999999999905,217.61,207.52,203.93
2023-06-05,151143100,217.8,221.29,214.52,217.61,-0.18999999999999773,5,6,2023,0.017011730616441678,203.1185714285714,176.93833333333333,0.014774021628239134,1,6.769999999999982,221.31,213.97,207.52
2023-06-06,146911600,216.14,221.91,212.53,221.31,5.170000000000016,6,6,2023,0.017002895087541825,208.38142857142856,178.897,0.01347949211121868,1,9.379999999999995,224.57,217.61,213.97
2023-06-07,185710800,228.0,230.8296,223.2,224.57,-3.430000000000007,7,6,2023,0.014730468573494138,212.86714285714288,181.02700000000002,0.01038298466947975,1,7.629600000000011,234.86,221.31,217.61
2023-06-08,164489700,224.22,235.23,223.01,234.86,10.640000000000015,8,6,2023,0.04582090216858892,217.68142857142857,183.73066666666668,0.011820580139246162,1,12.219999999999999,244.4,224.57,221.31
2023-06-09,200242400,249.07,252.42,242.02,244.4,-4.6699999999999875,9,6,2023,0.04061994379630418,223.46285714285713,186.53766666666667,0.012852764708215544,1,10.399999999999977,249.83,234.86,224.57
2023-06-12,150740500,247.94,250.97,244.59,249.83,1.8900000000000148,12,6,2023,0.02221767594108015,229.50714285714284,189.38833333333335,0.012446340409923394,1,6.3799999999999955,258.71,244.4,234.86
2023-06-13,162384300,253.51,259.68,251.34,258.71,5.199999999999989,13,6,2023,0.035544170035624045,235.89857142857142,192.61766666666665,0.012803809946846347,1,8.340000000000003,256.79,249.83,244.4
2023-06-14,170575500,260.17,261.57,250.5,256.79,-3.3799999999999955,14,6,2023,-0.007421437130377462,241.49571428571429,195.8336666666667,0.018307427510437416,1,11.069999999999993,255.9,258.71,249.83
2023-06-15,160171200,248.4,258.95,247.29,255.9,7.5,15,6,2023,-0.0034658670508976863,246.43714285714287,199.01000000000002,0.021053671492238177,1,11.659999999999997,260.54,256.79,258.71
2023-06-16,167915600,258.92,263.6,257.2091,260.54,1.6200000000000045,16,6,2023,0.01813208284486123,251.57571428571427,202.3213333333333,0.020919651726433848,1,6.390900000000045,274.45,255.9,256.79
2023-06-20,165611200,261.5,274.75,261.12,274.45,12.949999999999989,20,6,2023,0.05338911491517595,257.2314285714286,205.80100000000002,0.022512844589243814,1,13.629999999999995,259.46,260.54,255.9
2023-06-21,211797100,275.13,276.99,257.78,259.46,-15.670000000000016,21,6,2023,-0.05461832756421936,259.3828571428571,208.72333333333336,0.035131550593308504,1,19.210000000000036,264.61,274.45,260.54
2023-06-22,166875900,250.77,265.0,248.25,264.61,13.840000000000003,22,6,2023,0.019848916981423104,261.4942857142857,211.90533333333332,0.03499540849431376,1,16.75,256.6,259.46,274.45
2023-06-23,177460800,259.29,262.45,252.8,256.6,-2.6899999999999977,23,6,2023,-0.03027096481614444,261.1928571428571,214.84066666666664,0.03544234434613431,1,9.649999999999977,241.05,264.61,259.46
2023-06-26,179990600,250.065,258.37,240.7,241.05,-9.014999999999986,26,6,2023,-0.0606001558846454,258.94428571428574,217.13966666666664,0.04219658651322879,1,17.670000000000016,250.21,256.6,264.61
2023-06-27,164968200,243.24,250.3899,240.85,250.21,6.969999999999999,27,6,2023,0.03800041485169059,258.13142857142856,219.88066666666666,0.045738269692875436,1,9.539900000000017,256.24,241.05,256.6
2023-06-28,159770800,249.7,259.88,248.89,256.24,6.5400000000000205,28,6,2023,0.024099756204787992,257.51714285714286,222.87699999999998,0.04623555210950017,1,10.990000000000009,257.5,250.21,241.05
2023-06-29,131283400,258.03,260.74,253.61,257.5,-0.5299999999999727,29,6,2023,0.004917265064002363,255.0957142857143,225.9096666666667,0.03984116008106739,1,7.1299999999999955,261.77,256.24,250.21
2023-06-30,112620800,260.6,264.45,259.89,261.77,1.169999999999959,30,6,2023,0.01658252427184448,255.4257142857143,228.84,0.03484269196388789,1,4.560000000000002,279.82,257.5,256.24
2023-07-03,118999000,276.49,284.25,275.11,279.82,3.329999999999984,3,7,2023,0.0689536616113382,257.59857142857146,232.27100000000002,0.043057662971567365,0,9.139999999999986,282.48,261.77,257.5
2023-07-05,131530900,278.82,283.85,277.6,282.48,3.660000000000025,5,7,2023,0.0095061110714032,261.2957142857143,235.68233333333333,0.03951953926766589,0,6.25,276.54,279.82,261.77
2023-07-06,120707400,278.09,279.97,272.88,276.54,-1.5499999999999545,6,7,2023,-0.0210280373831776,266.36571428571426,238.60466666666667,0.028194921097663167,0,7.090000000000032,274.43,282.48,279.82
2023-07-07,113879200,278.43,280.78,273.77,274.43,-4.0,7,7,2023,-0.007629999276777322,269.8257142857143,241.56,0.02865055570215362,0,7.009999999999991,269.61,276.54,282.48
2023-07-10,119425400,276.47,277.52,265.1,269.61,-6.860000000000014,10,7,2023,-0.017563677440513015,271.73571428571427,244.45033333333333,0.030387702009504285,0,12.419999999999959,269.79,274.43,276.54
2023-07-11,91972360,268.65,270.9,266.37,269.79,1.1400000000000432,11,7,2023,0.0006676310225881554,273.49142857142857,247.29433333333333,0.030494284725270816,0,4.529999999999973,271.99,269.61,274.43
2023-07-12,95672140,276.325,276.52,271.46,271.99,-4.3349999999999795,12,7,2023,0.008154490529671099,274.9514285714286,249.92166666666665,0.030221252767074363,0,5.060000000000002,277.9,269.79,269.61
2023-07-13,112681500,274.59,279.45,270.6,277.9,3.3100000000000023,13,7,2023,0.021728740027206817,274.6771428571429,252.47966666666667,0.015453665153591466,0,8.849999999999966,281.38,271.99,269.79
2023-07-14,120062400,277.01,285.3,276.31,281.38,4.3700000000000045,14,7,2023,0.012522490104354134,274.52,255.06133333333335,0.01582905731238487,0,8.990000000000009,290.38,277.9,271.99
2023-07-17,131569600,286.625,292.23,283.57,290.38,3.7549999999999955,17,7,2023,0.03198521572251045,276.4971428571429,257.8233333333333,0.016982494396972997,0,8.660000000000025,293.34,281.38,277.9
2023-07-18,112434700,290.15,295.26,286.01,293.34,3.1899999999999977,18,7,2023,0.010193539499965487,279.1985714285714,260.469,0.015688666078473103,0,9.25,291.26,290.38,281.38
2023-07-19,142355400,296.04,299.29,289.5201,291.26,-4.78000000000003,19,7,2023,-0.007090747937546826,282.2914285714286,262.92400000000004,0.01291246652581808,0,9.769900000000007,262.9,293.34,290.38
2023-07-20,175158300,279.56,280.93,261.2,262.9,-16.660000000000025,20,7,2023,-0.09737004738034749,281.3071428571429,264.3103333333333,0.04339196436088609,0,19.730000000000018,260.02,291.26,293.34
2023-07-21,161796100,268.0,268.0,255.8,260.02,-7.980000000000018,21,7,2023,-0.010954735640928082,279.59714285714284,265.492,0.04318564491277194,0,12.199999999999989,269.06,262.9,291.26
2023-07-24,137005000,255.85,269.85,254.12,269.06,13.210000000000008,24,7,2023,0.03476655641873716,278.3342857142857,266.632,0.04480981295150557,0,15.730000000000018,265.28,260.02,262.9
2023-07-25,112757300,272.38,272.9,265.0,265.28,-7.100000000000023,25,7,2023,-0.014048911023563648,276.0342857142857,267.32800000000003,0.044328737250318447,0,7.899999999999977,264.35,269.06,260.02
2023-07-26,95856180,263.25,268.04,261.75,264.35,1.1000000000000227,26,7,2023,-0.0035057297949334654,272.3157142857143,267.812,0.04096127385828883,0,6.2900000000000205,255.71,265.28,269.06
2023-07-27,103697300,268.31,269.13,255.3,255.71,-12.599999999999994,27,7,2023,-0.03268394174390021,266.94,267.712,0.0401880204867398,0,13.829999999999984,266.44,264.35,265.28
2023-07-28,111446000,259.86,267.25,258.2312,266.44,6.579999999999984,28,7,2023,0.041961597121739524,263.39428571428573,268.03366666666665,0.04635300955142891,0,9.018799999999999,267.43,255.71,264.35
2023-07-31,84582170,267.48,269.08,263.78,267.43,-0.05000000000001137,31,7,2023,0.003715658309563219,264.0414285714286,268.418,0.026858466396496573,0,5.300000000000011,261.07,266.44,255.71
2023-08-01,83645720,266.26,266.47,260.25,261.07,-5.189999999999998,1,8,2023,-0.023781924241857766,264.19142857142856,268.4356666666667,0.028345731850090466,0,6.220000000000027,254.11,267.43,266.44
2023-08-02,101752900,255.57,259.52,250.49,254.11,-1.4599999999999795,2,8,2023,-0.026659516604741973,262.05571428571426,267.75766666666664,0.02548400554320481,0,9.029999999999973,259.32,261.07,267.43
2023-08-03,97829550,252.04,260.49,252.0,259.32,7.280000000000001,3,8,2023,0.02050293180118845,261.20428571428573,267.753,0.02736190562850108,0,8.490000000000009,253.86,254.11,261.07
2023-08-04,99539910,260.97,264.77,253.11,253.86,-7.110000000000014,4,8,2023,-0.021055067098565416,259.70571428571424,267.3946666666667,0.02821503453535719,0,11.659999999999968,251.45,259.32,254.11
2023-08-07,111097900,251.45,253.6511,242.76,251.45,0.0,7,8,2023,-0.009493421570944682,259.09714285714284,267.223,0.025733797407122738,0,10.891100000000023,249.7,253.86,259.32
2023-08-08,96642180,247.45,250.92,245.01,249.7,2.25,8,8,2023,-0.0069596341220918845,256.7057142857143,267.5113333333333,0.016892452115628245,0,5.909999999999997,242.19,251.45,253.86
2023-08-09,101596300,250.87,251.1,241.9,242.19,-8.680000000000007,9,8,2023,-0.03007609130957145,253.09999999999997,267.24399999999997,0.017437793476252506,0,9.199999999999989,245.34,249.7,251.45
2023-08-10,109498600,245.4,251.8,243.0,245.34,-0.060000000000002274,10,8,2023,0.013006317354143482,250.85285714285715,266.8806666666667,0.019406867837777283,0,8.800000000000011,242.65,242.19,249.7
2023-08-11,99038640,241.77,243.79,238.02,242.65,0.8799999999999955,11,8,2023,-0.010964375968044338,249.2157142857143,266.3856666666667,0.01782511793330105,0,5.769999999999982,239.76,245.34,242.19
2023-08-14,98595330,235.7,240.66,233.75,239.76,4.060000000000002,14,8,2023,-0.011910158664743542,246.42142857142855,265.652,0.013295987225165368,0,6.909999999999997,232.96,242.65,245.34
2023-08-15,88197600,238.73,240.5,232.61,232.96,-5.769999999999982,15,8,2023,-0.02836169502836161,243.43571428571428,264.09,0.014447909600276152,0,7.889999999999986,225.6,239.76,242.65
2023-08-16,112484500,228.02,233.97,225.38,225.6,-2.420000000000016,16,8,2023,-0.0315934065934067,239.74285714285716,262.194,0.016101270761148406,0,8.590000000000003,219.22,232.96,239.76
2023-08-17,120718400,226.06,226.74,218.83,219.22,-6.840000000000003,17,8,2023,-0.02828014184397165,235.38857142857142,260.28333333333336,0.016283723867148218,0,7.909999999999997,215.49,225.6,232.96
2023-08-18,136276600,214.12,217.58,212.36,215.49,1.3700000000000045,18,8,2023,-0.017014870905939228,231.57428571428574,258.3186666666667,0.015437288708723242,0,5.219999999999999,231.28,219.22,225.6
2023-08-21,135702700,221.5512,232.1343,220.58,231.28,9.728800000000007,21,8,2023,0.0732748619425494,229.56571428571428,257.041,0.03672712567179899,0,11.554299999999984,233.19,215.49,219.22
2023-08-22,130597900,240.25,240.82,229.55,233.19,-7.060000000000002,22,8,2023,0.00825838810100299,228.21428571428572,255.821,0.037170178886062485,0,11.269999999999982,236.86,231.28,215.49
2023-08-23,101077600,229.34,238.98,229.29,236.86,7.52000000000001,23,8,2023,0.01573823920408257,227.8,254.65,0.037788459027718824,0,9.689999999999998,230.04,233.19,231.28
2023-08-24,99777430,238.66,238.92,228.1801,230.04,-8.620000000000005,24,8,2023,-0.02879338005572918,227.38285714285715,253.05466666666663,0.03784060453686676,0,10.739899999999977,238.59,236.86,233.19
2023-08-25,106612200,231.31,239.0,230.35,238.59,7.280000000000001,25,8,2023,0.03716744913928016,229.23857142857145,251.62833333333336,0.037560032355946904,0,8.650000000000006,238.82,230.04,236.86
2023-08-28,107673700,242.58,244.38,235.35,238.82,-3.7600000000000193,28,8,2023,0.0009639968146191169,232.03857142857143,249.90966666666665,0.03425217207650975,0,9.030000000000001,257.18,238.59,230.04
2023-08-29,134047600,238.58,257.48,237.77,257.18,18.599999999999994,29,8,2023,0.0768779834184743,237.99428571428572,248.70433333333332,0.038723511504410314,0,19.710000000000008,256.9,238.82,238.59
2023-08-30,121988400,254.2,260.51,250.59,256.9,2.6999999999999886,30,8,2023,-0.0010887316276538828,241.6542857142857,247.559,0.03351010347288376,0,9.919999999999987,258.08,257.18,238.82
2023-08-31,108861700,255.98,261.18,255.05,258.08,2.0999999999999943,31,8,2023,0.004593226936551176,245.20999999999998,247.39833333333334,0.03367197968282899,0,6.1299999999999955,245.01,256.9,257.18
2023-09-01,132541600,257.26,259.0794,242.01,245.01,-12.25,1,9,2023,-0.050643211407315536,246.3742857142857,246.898,0.04181407515251828,1,17.06940000000003,256.49,258.08,256.9
2023-09-05,129469600,245.0,258.0,244.86,256.49,11.490000000000009,5,9,2023,0.04685523039875927,250.15285714285713,246.47899999999998,0.04122036655089966,1,13.139999999999986,251.92,245.01,258.08
2023-09-06,116959800,255.135,255.39,245.06,251.92,-3.2150000000000034,6,9,2023,-0.01781745877032248,252.05714285714288,246.03366666666665,0.04183537199801765,1,10.329999999999984,251.49,256.49,245.01
2023-09-07,115312900,245.07,252.81,243.265,251.49,6.420000000000016,7,9,2023,-0.0017068910765321021,253.86714285714285,245.60500000000002,0.041928002233950774,1,9.545000000000016,248.5,251.92,256.49
2023-09-08,118559600,251.22,256.52,246.67,248.5,-2.719999999999999,8,9,2023,-0.011889140721301095,252.62714285714284,245.3646666666667,0.029156557866305225,1,9.849999999999994,273.58,251.49,251.92
2023-09-11,174667900,264.27,274.85,260.61,273.58,9.310000000000002,11,9,2023,0.10092555331991937,255.01,245.60266666666666,0.04953547373368193,1,14.240000000000009,267.48,248.5,251.49
2023-09-12,135999900,270.76,278.39,266.6,267.48,-3.2799999999999727,12,9,2023,-0.02229695153154454,256.35285714285715,245.60433333333333,0.05104830930826625,1,11.789999999999964,271.3,273.58,248.5
2023-09-13,111673700,270.07,274.98,268.1,271.3,1.2300000000000182,13,9,2023,0.014281441603110512,260.10857142857145,245.9453333333333,0.044472954540906065,1,6.8799999999999955,276.04,267.48,273.58
2023-09-14,107709800,271.32,276.7094,270.42,276.04,4.720000000000027,14,9,2023,0.01747143383708072,262.90142857142854,246.67633333333333,0.04235408270013126,1,6.2894000000000005,274.39,271.3,267.48
2023-09-15,133692300,277.55,278.98,271.0,274.39,-3.160000000000025,15,9,2023,-0.005977394580495732,266.1114285714286,247.1786666666667,0.041219557938201784,1,7.980000000000018,265.28,276.04,271.3
2023-09-18,101543300,271.16,271.44,263.7601,265.28,-5.880000000000052,18,9,2023,-0.033200918400816404,268.08142857142855,247.5593333333333,0.044663781915293084,1,7.679899999999975,266.5,274.39,276.04
2023-09-19,103704000,264.35,267.85,261.2,266.5,2.1499999999999773,19,9,2023,0.004598914354644323,270.65285714285716,248.061,0.043838076002312536,1,6.650000000000034,262.59,265.28,274.39
2023-09-20,122514600,267.04,273.93,262.4606,262.59,-4.4500000000000455,20,9,2023,-0.014671669793621112,269.0828571428571,248.49066666666667,0.018949786896291662,1,11.469400000000007,255.7,266.5,265.28
2023-09-21,119951500,257.85,260.86,254.21,255.7,-2.150000000000034,21,9,2023,-0.026238622948322465,267.4,248.941,0.01957396792203488,1,6.650000000000006,244.88,262.59,266.5
2023-09-22,127524100,257.4,257.7888,244.48,244.88,-12.519999999999982,22,9,2023,-0.04231521314039888,263.6257142857143,248.92566666666667,0.02129403940822612,1,13.30879999999999,246.99,255.7,262.59
2023-09-25,104636600,243.38,247.1,238.31,246.99,3.6100000000000136,25,9,2023,0.00861646520744852,259.4757142857143,249.0703333333333,0.019255150311515017,1,8.789999999999992,244.12,244.88,255.7
2023-09-26,101993600,242.98,249.55,241.6601,244.12,1.1400000000000148,26,9,2023,-0.011619903639823459,255.15142857142857,249.21566666666666,0.01890009646350038,1,7.8899000000000115,240.5,246.99,244.88
2023-09-27,136597200,244.262,245.33,234.58,240.5,-3.7620000000000005,27,9,2023,-0.014828772734720608,251.61142857142858,249.467,0.017394552963167467,1,10.75,246.38,244.12,246.99
2023-09-28,117058900,240.02,247.55,238.65,246.38,6.359999999999985,28,9,2023,0.024449064449064473,248.73714285714283,250.15966666666665,0.021919561819750823,1,8.900000000000006,250.22,240.5,244.12
2023-09-29,128522700,250.0,254.77,246.35,250.22,0.21999999999999886,29,9,2023,0.015585680655897383,246.97,251.193,0.023951167218063875,1,8.420000000000016,251.6,246.38,240.5
2023-10-02,123810400,244.81,254.2799,242.62,251.6,6.789999999999992,2,10,2023,0.0055151466709295605,246.3842857142857,252.39666666666665,0.02258458654841186,0,11.659899999999993,246.53,250.22,246.38
2023-10-03,101985300,248.61,250.02,244.45,246.53,-2.0800000000000125,3,10,2023,-0.02015103338632751,246.61999999999998,252.90500000000003,0.016823248561915777,0,5.570000000000022,261.16,251.6,250.22
2023-10-04,129721600,248.14,261.86,247.6,261.16,13.020000000000039,4,10,2023,0.059343690423072415,248.64428571428567,253.83733333333333,0.02789350517519425,0,14.26000000000002,260.05,246.53,251.6
2023-10-05,119159200,260.0,263.6,256.25,260.05,0.05000000000001137,5,10,2023,-0.004250268034921123,250.92000000000002,254.61033333333336,0.027144138234163614,0,7.350000000000023,260.53,261.16,246.53
2023-10-06,118121800,253.98,261.65,250.65,260.53,6.549999999999983,6,10,2023,0.001845798884829719,253.78142857142856,255.62666666666667,0.025337021818683955,0,10.999999999999972,259.67,260.05,261.16
2023-10-09,101377900,255.31,261.36,252.05,259.67,4.360000000000014,9,10,2023,-0.003300963420719172,255.68000000000004,256.32933333333335,0.025191739740476046,0,9.310000000000002,263.62,260.53,260.05
2023-10-10,122656000,257.75,268.94,257.65,263.62,5.8700000000000045,10,10,2023,0.01521161474178756,257.5942857142857,257.156,0.025172857242177594,0,11.29000000000002,262.99,259.67,260.53
2023-10-11,103706300,266.2,268.6,260.9,262.99,-3.2099999999999795,11,10,2023,-0.0023898035050451405,259.2214285714286,257.3496666666667,0.025465169889921205,0,7.7000000000000455,258.87,263.62,259.67
2023-10-12,111508100,262.92,265.41,256.6307,258.87,-4.050000000000011,12,10,2023,-0.015665994904749292,260.9842857142857,257.4153333333333,0.024725131045997984,0,8.779300000000035,251.12,262.99,263.62
2023-10-13,102296800,258.9,259.6,250.22,251.12,-7.779999999999973,13,10,2023,-0.029937806621083918,259.55,257.18333333333334,0.014139521932173152,0,9.380000000000024,253.92,258.87,262.99
2023-10-16,88917180,250.05,255.3999,248.48,253.92,3.869999999999976,16,10,2023,0.011150047785918993,258.6742857142857,257.4803333333333,0.015498827987593155,0,6.919900000000013,254.85,251.12,258.87
2023-10-17,93562910,250.1,257.183,247.08,254.85,4.75,17,10,2023,0.0036625708884687747,257.86285714285714,257.4256666666667,0.015614106580101837,0,10.10299999999998,242.68,253.92,251.12
2023-10-18,125147800,252.7,254.63,242.08,242.68,-10.019999999999982,18,10,2023,-0.04775358053757106,255.43571428571428,257.1176666666667,0.023021258806684843,0,12.549999999999983,220.11,254.85,253.92
2023-10-19,170772700,225.95,230.61,216.78,220.11,-5.839999999999975,19,10,2023,-0.09300313169606067,249.22,256.07166666666666,0.03627001891245091,0,13.830000000000013,211.99,242.68,254.85
2023-10-20,138010100,217.01,218.8606,210.42,211.99,-5.019999999999982,20,10,2023,-0.03689064558629773,241.93428571428572,254.85466666666665,0.03503255532551609,0,8.440600000000018,212.08,220.11,242.68
2023-10-23,150683400,210.0,216.98,202.51,212.08,2.0800000000000125,23,10,2023,0.00042454832775140616,235.25000000000003,252.80466666666663,0.0366053366534888,0,14.469999999999999,216.52,211.99,220.11
2023-10-24,118231100,216.5,222.05,214.11,216.52,0.020000000000010232,24,10,2023,0.020935496039230506,230.30714285714288,251.10600000000002,0.040840791397697314,0,7.939999999999998,212.42,212.08,211.99
2023-10-25,107065100,215.88,220.1,212.2,212.42,-3.460000000000008,25,10,2023,-0.01893589506743032,224.3785714285714,249.14333333333335,0.038506801791323694,0,7.900000000000006,205.76,216.52,212.08
2023-10-26,115112600,211.32,214.8,204.88,205.76,-5.560000000000002,26,10,2023,-0.03135297994539121,217.3657142857143,246.80066666666664,0.03645708310611774,0,9.920000000000016,207.3,212.42,216.52
2023-10-27,94881170,210.6,212.41,205.77,207.3,-3.299999999999983,27,10,2023,0.007484447900466762,212.3114285714286,244.5643333333333,0.03780361681658852,0,6.639999999999986,197.36,205.76,212.42
2023-10-30,136448200,209.28,210.88,194.67,197.36,-11.919999999999987,30,10,2023,-0.04794983116256635,209.0614285714286,242.30033333333333,0.025437485748691563,0,16.210000000000008,200.84,207.3,205.76
2023-10-31,118068300,196.12,202.8,194.07,200.84,4.719999999999999,31,10,2023,0.017632752330766,207.46857142857147,240.11166666666668,0.02602377147048619,0,8.730000000000018,205.66,197.36,207.3
2023-11-01,121661700,204.04,205.99,197.85,205.66,1.6200000000000045,1,11,2023,0.023999203345947073,206.55142857142854,238.214,0.028602016289787945,0,8.140000000000015,218.51,200.84,197.36
2023-11-02,125987600,212.97,219.2,211.45,218.51,5.539999999999992,2,11,2023,0.06248176602158906,206.83571428571426,236.9743333333333,0.03755469583907319,0,7.75,219.96,205.66,200.84
2023-11-03,119534800,221.15,226.3701,218.4,219.96,-1.1899999999999977,3,11,2023,0.0066358519060913945,207.91285714285715,236.14366666666666,0.03641559664593602,0,7.970100000000002,219.27,218.51,205.66
2023-11-06,117335800,223.98,226.32,215.0,219.27,-4.7099999999999795,6,11,2023,-0.0031369339879978586,209.84285714285716,235.21966666666668,0.03305504811678337,0,11.319999999999993,222.18,219.96,218.51
2023-11-07,116900100,219.98,223.12,215.72,222.18,2.200000000000017,7,11,2023,0.01327130934464349,211.96857142857144,234.48833333333334,0.03306590244475463,0,7.400000000000006,222.11,219.27,219.96
2023-11-08,106584800,223.15,224.15,217.64,222.11,-1.039999999999992,8,11,2023,-0.00031505986137359,215.50428571428571,233.87533333333334,0.022151955298041856,0,6.510000000000019,209.98,222.18,219.27
2023-11-09,142110500,219.75,220.8,206.68,209.98,-9.77000000000001,9,11,2023,-0.05461257935257313,216.81,232.66199999999998,0.03502135847863821,0,14.120000000000005,214.65,222.11,222.18
2023-11-10,131310100,210.03,215.38,205.69,214.65,4.6200000000000045,10,11,2023,0.022240213353652782,218.09428571428572,231.47633333333334,0.034884290928440385,0,9.689999999999998,223.71,209.98,222.11
2023-11-13,140447600,215.6,225.4,211.6101,223.71,8.110000000000014,13,11,2023,0.04220824598183093,218.83714285714288,230.54666666666668,0.029972357114908317,0,13.789900000000017,237.41,214.65,209.98
2023-11-14,149771600,235.03,238.135,230.72,237.41,2.3799999999999955,14,11,2023,0.0612399982119709,221.32999999999998,230.24266666666665,0.037103997598373344,0,7.414999999999992,242.84,223.71,214.65
2023-11-15,150354000,239.29,246.7,236.45,242.84,3.5500000000000114,15,11,2023,0.02287182511267427,224.69714285714286,229.632,0.036687293839967924,0,10.25,233.59,237.41,223.71
2023-11-16,136816800,239.49,240.88,230.96,233.59,-5.900000000000006,16,11,2023,-0.03809092406522818,226.32714285714286,228.75,0.04191752806236058,0,9.919999999999987,234.3,242.84,237.41
2023-11-17,142766200,232.0,237.39,226.54,234.3,2.3000000000000114,17,11,2023,0.003039513677811634,228.06857142857143,227.87566666666666,0.04182657209890802,0,10.849999999999994,235.6,233.59,242.84
2023-11-20,116562400,234.04,237.1,231.02,235.6,1.5600000000000023,20,11,2023,0.005548442168160417,231.72857142857146,227.07333333333332,0.031663896563836634,0,6.079999999999984,241.2,234.3,233.59
2023-11-21,122288000,235.04,243.62,233.34,241.2,6.159999999999997,21,11,2023,0.02376910016977929,235.52142857142857,226.326,0.03171123878200751,0,10.280000000000001,234.21,235.6,234.3
2023-11-22,118117100,242.04,244.01,231.4,234.21,-7.829999999999984,22,11,2023,-0.028980099502487477,237.02142857142854,225.36666666666667,0.03371602935181157,0,12.609999999999985,235.45,241.2,235.6
2023-11-24,65125200,233.75,238.75,232.33,235.45,1.6999999999999886,24,11,2023,0.005294393919986318,236.74142857142857,224.58599999999998,0.023947111569886232,0,6.4199999999999875,236.08,234.21,241.2
2023-11-27,112031800,236.89,238.33,232.1,236.08,-0.8099999999999739,27,11,2023,0.0026757273306434737,235.77571428571426,224.0846666666667,0.02171317793400026,0,6.230000000000018,246.72,235.45,234.21
2023-11-28,148549900,236.68,247.0,234.01,246.72,10.039999999999992,28,11,2023,0.04506946797695699,237.65142857142857,223.84466666666668,0.022570621363300472,0,12.990000000000009,244.14,236.08,235.45
2023-11-29,135401300,249.21,252.75,242.76,244.14,-5.070000000000022,29,11,2023,-0.01045719844357984,239.05714285714288,223.48766666666668,0.023622879775413587,0,9.990000000000009,240.08,246.72,236.08
2023-11-30,132353200,245.14,245.22,236.91,240.08,-5.059999999999974,30,11,2023,-0.016629802572294516,239.69714285714284,223.40099999999998,0.02515189726986909,0,8.310000000000002,238.83,244.14,246.72
2023-12-01,121331700,233.14,240.19,231.9,238.83,5.690000000000026,1,12,2023,-0.0052065978007330704,239.35857142857142,224.025,0.023486235099697984,1,8.289999999999992,235.58,240.08,244.14
2023-12-04,104099800,235.75,239.3733,233.2902,235.58,-0.1699999999999875,4,12,2023,-0.013608005694426994,239.55428571428573,224.81133333333335,0.021045023919254346,1,6.083100000000002,238.72,238.83,240.08
2023-12-05,137971100,233.87,246.66,233.7,238.72,4.849999999999994,5,12,2023,0.013328805501315877,240.02142857142857,225.69933333333336,0.021530510850430187,1,12.960000000000008,239.37,235.58,238.83
2023-12-06,126436200,242.92,246.57,239.1709,239.37,-3.549999999999983,6,12,2023,0.0027228552278819596,240.49142857142857,226.46099999999998,0.021530703632245716,1,7.399100000000004,242.64,238.72,235.58
2023-12-07,107142300,241.55,244.08,236.98,242.64,1.089999999999975,7,12,2023,0.01366085975686171,239.90857142857143,227.46833333333333,0.012466214195955129,1,7.100000000000023,243.84,239.37,238.72
2023-12-08,103126800,240.27,245.27,239.2701,243.84,3.569999999999993,8,12,2023,0.004945598417408492,239.8657142857143,228.73766666666668,0.012144254621331453,1,5.999899999999997,239.74,242.64,239.37
2023-12-11,97913890,242.74,243.441,237.45,239.74,-3.0,11,12,2023,-0.01681430446194221,239.81714285714287,229.81900000000002,0.012186206073593877,1,5.991000000000014,237.01,243.84,242.64
2023-12-12,95328310,238.55,238.99,233.87,237.01,-1.5400000000000205,12,12,2023,-0.011387336280971105,239.55714285714285,231.14066666666665,0.012821939372475367,1,5.1200000000000045,239.29,239.74,243.84
2023-12-13,146286300,234.19,240.3,228.2,239.29,5.099999999999994,13,12,2023,0.009619847263828474,240.08714285714285,232.4223333333333,0.012001122004208886,1,12.100000000000023,251.05,237.01,239.74
2023-12-14,160829200,241.22,253.88,240.79,251.05,9.830000000000013,14,12,2023,0.04914538844080418,241.84857142857143,233.93533333333332,0.021424279937972076,1,13.090000000000003,253.5,239.29,237.01
2023-12-15,135932800,251.21,254.13,248.3,253.5,2.289999999999992,15,12,2023,0.009759012148974344,243.86714285714288,235.10166666666666,0.021332403377407144,1,5.829999999999984,252.08,251.05,239.29
2023-12-18,116416500,253.78,258.74,251.36,252.08,-1.6999999999999886,18,12,2023,-0.005601577909270183,245.21571428571428,236.17233333333334,0.021781110050375904,1,7.3799999999999955,257.22,253.5,251.05
2023-12-19,106737400,253.48,258.3399,253.01,257.22,3.7400000000000375,19,12,2023,0.020390352269120893,247.12714285714287,237.43733333333333,0.022467348447958776,1,5.329900000000009,247.14,252.08,253.5
2023-12-20,125097000,256.41,259.84,247.0,247.14,-9.270000000000039,20,12,2023,-0.03918824352694206,248.18428571428572,238.26933333333332,0.027575584762394235,1,12.839999999999975,254.5,257.22,252.08
2023-12-21,109594200,251.9,254.7999,248.55,254.5,2.5999999999999943,21,12,2023,0.029780691106255697,250.68285714285716,239.34900000000002,0.027965790907648683,1,6.249899999999997,252.54,247.14,257.22
2023-12-22,93370090,256.76,258.22,251.37,252.54,-4.219999999999999,22,12,2023,-0.007701375245579567,252.57571428571433,240.76766666666668,0.028816008623480042,1,6.850000000000023,256.61,254.5,247.14
2023-12-26,86892380,254.49,257.97,252.91,256.61,2.1200000000000045,26,12,2023,0.016116258810485506,253.36999999999998,242.1663333333333,0.023111224056224913,1,5.060000000000031,261.44,252.54,254.5
2023-12-27,106494400,258.35,263.34,257.52,261.44,3.089999999999975,27,12,2023,0.018822337399166056,254.50428571428571,243.424,0.023773524524523883,1,5.819999999999993,253.18,256.61,252.54
2023-12-28,113619900,263.66,265.13,252.71,253.18,-10.480000000000018,28,12,2023,-0.031594247246022,254.6614285714286,243.94966666666667,0.027397155352519294,1,12.419999999999987,248.48,261.44,256.61
2023-12-29,100891600,255.1,255.19,247.43,248.48,-6.6200000000000045,29,12,2023,-0.018563867604076245,253.41285714285712,244.13766666666666,0.026737747766973022,1,7.759999999999991,248.42,253.18,261.44
2024-01-02,104654200,250.08,251.25,244.41,248.42,-1.660000000000025,2,1,2024,-0.00024146812620740032,253.5957142857143,244.632,0.021972821865520686,0,6.840000000000003,238.45,248.48,253.18
2024-01-03,121082600,244.98,245.68,236.32,238.45,-6.530000000000001,3,1,2024,-0.04013364463408742,251.30285714285716,244.77033333333335,0.02256311926225367,0,9.360000000000014,237.93,248.42,248.48
2024-01-04,102629300,239.25,242.7,237.73,237.93,-1.3199999999999932,4,1,2024,-0.002180750681484489,249.21571428571426,244.848,0.022713780098919795,0,4.969999999999999,237.49,238.45,248.42
2024-01-05,92488940,236.86,240.1196,234.9001,237.49,0.6299999999999955,5,1,2024,-0.001849283402681423,246.4842857142857,244.72433333333336,0.020398163658638092,0,5.219499999999982,240.45,237.93,238.45
2024-01-08,85166580,236.14,241.25,235.3,240.45,4.310000000000002,8,1,2024,0.012463682681375987,243.48571428571427,244.93233333333333,0.018948150513936328,0,5.949999999999989,234.96,237.49,237.93
2024-01-09,96705660,238.11,238.9646,232.04,234.96,-3.1500000000000057,9,1,2024,-0.02283218964441669,240.88285714285712,244.91600000000003,0.01766291307844944,0,6.924599999999998,233.94,240.45,237.49
2024-01-10,91628500,235.1,235.5,231.29,233.94,-1.1599999999999966,10,1,2024,-0.00434116445352406,238.8057142857143,244.84466666666665,0.017393572253513203,0,4.210000000000008,227.22,234.96,240.45
2024-01-11,105873600,230.57,230.93,225.37,227.22,-3.3499999999999943,11,1,2024,-0.02872531418312385,235.77714285714288,244.19466666666668,0.018454035734373726,0,5.560000000000002,218.89,233.94,234.96
2024-01-12,123043800,220.08,225.34,217.1501,218.89,-1.1900000000000261,12,1,2024,-0.03666050523721509,232.9828571428571,243.353,0.017615310440652374,0,8.189899999999994,219.91,227.22,233.94
2024-01-16,115355000,215.1,223.49,212.18,219.91,4.810000000000002,16,1,2024,0.004659874822970478,230.4085714285714,242.68066666666667,0.01842321541715477,0,11.310000000000002,215.55,218.89,227.22
2024-01-17,103164400,214.86,215.67,212.01,215.55,0.6899999999999977,17,1,2024,-0.01982629257423485,227.2742857142857,241.90466666666669,0.018179778818796503,0,3.6599999999999966,211.88,219.91,218.89
2024-01-18,108595400,216.88,217.45,208.74,211.88,-5.0,18,1,2024,-0.0170262120157737,223.19285714285715,241.1146666666667,0.014087178740246495,0,8.70999999999998,212.19,215.55,219.91
2024-01-19,102260300,209.99,213.19,207.56,212.19,2.1999999999999886,19,1,2024,0.001463092316405623,219.94,240.23033333333333,0.015562595141494773,0,5.6299999999999955,208.8,211.88,215.55
2024-01-22,117952500,212.26,217.8,206.27,208.8,-3.4599999999999795,22,1,2024,-0.0159762477025307,216.34857142857143,239.21133333333333,0.014923544652850554,0,11.530000000000001,209.14,212.19,211.88
2024-01-23,106605900,211.3,215.65,207.7516,209.14,-2.160000000000025,23,1,2024,0.0016283524904212587,213.76571428571427,238.09466666666665,0.01502371466046305,0,7.898400000000009,207.83,208.8,212.19
2024-01-24,123369900,211.88,212.73,206.77,207.83,-4.049999999999983,24,1,2024,-0.006263746772496748,212.1857142857143,236.89433333333332,0.010225750681919873,0,5.9599999999999795,182.63,209.14,208.8
2024-01-25,198076800,189.7,193.0,180.06,182.63,-7.069999999999993,25,1,2024,-0.1212529471202426,206.85999999999999,234.99066666666664,0.04319740016409399,0,12.939999999999998,183.25,207.83,209.14
2024-01-26,107343200,185.5,186.78,182.1,183.25,-2.25,26,1,2024,0.0033948420303346882,202.24571428571429,233.19866666666667,0.04455991271354899,0,4.680000000000007,190.93,182.63,207.83
2024-01-29,125013100,185.63,191.48,183.67,190.93,5.300000000000011,29,1,2024,0.04190995907230555,199.25285714285715,231.58666666666667,0.0507897665959812,0,7.810000000000002,191.59,183.25,182.63
2024-01-30,109982300,195.33,196.3593,190.61,191.59,-3.740000000000009,30,1,2024,0.003456764259152534,196.31,229.60466666666667,0.050893699904122236,0,5.749299999999977,187.29,190.93,183.25
2024-01-31,103221400,186.995,193.97,185.8459,187.29,0.2949999999999875,31,1,2024,-0.02244376011274085,193.23714285714283,227.39766666666668,0.051008948673076315,0,8.124099999999999,188.86,191.59,190.93
2024-02-01,91843280,188.5,189.88,184.28,188.86,0.36000000000001364,1,2,2024,0.008382721981953223,190.34,225.29033333333334,0.051421025861391634,0,5.599999999999994,187.91,187.29,191.59
2024-02-02,110612700,185.04,188.69,182.0,187.91,2.8700000000000045,2,2,2024,-0.005030181086519203,187.49428571428572,222.98,0.05145110142881823,0,6.689999999999998,181.06,188.86,187.29
2024-02-05,134294400,184.26,184.68,175.01,181.06,-3.1999999999999886,5,2,2024,-0.03645362141450692,187.27,220.77733333333333,0.024837831401354836,0,9.670000000000016,185.1,187.91,188.86
2024-02-06,122676000,177.21,186.49,177.11,185.1,7.889999999999986,6,2,2024,0.022313045399315,187.53428571428572,218.464,0.02637356907777995,0,9.379999999999995,187.58,181.06,187.91
2024-02-07,111535200,188.18,189.79,182.68,187.58,-0.5999999999999943,7,2,2024,0.01339816315505149,187.05571428571426,216.29866666666666,0.02073314206407134,0,7.109999999999985,189.56,185.1,181.06
2024-02-08,83034040,189.0,191.6171,185.58,189.56,0.5600000000000023,8,2,2024,0.01055549632156949,186.7657142857143,214.06366666666665,0.021231522237695068,0,6.037099999999981,193.57,187.58,185.1
2024-02-09,84476350,190.18,194.12,189.48,193.57,3.3899999999999864,9,2,2024,0.02115425195188858,187.66285714285715,211.80133333333333,0.020381683234045964,0,4.640000000000015,188.13,189.56,187.58
2024-02-12,95498600,192.11,194.73,187.28,188.13,-3.980000000000018,12,2,2024,-0.028103528439324288,187.5585714285714,209.63299999999998,0.023733277418241317,0,7.449999999999989,184.02,193.57,189.56
2024-02-13,86759480,183.99,187.26,182.1087,184.02,0.030000000000001137,13,2,2024,-0.021846595439323768,187.00285714285715,207.48433333333332,0.025102370968947026,0,5.151299999999992,188.71,188.13,193.57
2024-02-14,81202990,185.3,188.89,183.35,188.71,3.4099999999999966,14,2,2024,0.025486360178241574,188.09571428571425,205.494,0.021944335037437986,0,5.539999999999992,200.45,184.02,188.13
2024-02-15,120831800,189.16,200.88,188.8595,200.45,11.289999999999992,15,2,2024,0.06221185946690677,190.28857142857143,204.22733333333332,0.030399157274636025,0,12.020499999999998,199.95,188.71,184.02
2024-02-16,111346700,202.06,203.17,197.4,199.95,-2.1100000000000136,16,2,2024,-0.00249438762783738,192.0557142857143,202.9613333333333,0.030853169874939836,0,5.769999999999982,193.76,200.45,188.71
2024-02-20,104545800,196.13,198.6,189.13,193.76,-2.3700000000000045,20,2,2024,-0.03095773943485869,192.65571428571428,201.50366666666665,0.03441542168764981,0,9.469999999999999,194.77,199.95,200.45
2024-02-21,103844000,193.36,199.44,191.95,194.77,1.4099999999999966,21,2,2024,0.0052126341866227666,192.82714285714286,199.98100000000002,0.03358027941563902,0,7.490000000000009,197.41,193.76,199.95
2024-02-22,92739460,194.0,198.32,191.36,197.41,3.4099999999999966,22,2,2024,0.013554448837089783,194.15285714285716,198.72933333333333,0.03108761618672834,0,6.9599999999999795,191.97,194.77,193.76
2024-02-23,78841920,195.31,197.57,191.5,191.97,-3.3400000000000034,23,2,2024,-0.027556861354541273,195.28857142857143,197.33033333333333,0.03204051212207198,0,6.069999999999993,199.4,197.41,194.77
2024-02-26,111747100,192.29,201.78,192.0,199.4,7.110000000000014,26,2,2024,0.03870396416106692,196.81571428571428,196.403,0.03369319181856758,0,9.780000000000001,199.73,191.97,197.41
2024-02-27,108645400,204.04,205.6,198.26,199.73,-4.310000000000002,27,2,2024,0.0016549648946839746,196.71285714285713,195.76433333333333,0.0239273486587443,0,7.340000000000003,202.04,199.4,191.97
2024-02-28,99806170,200.42,205.3,198.44,202.04,1.6200000000000045,28,2,2024,0.011565613578330858,197.01142857142855,195.16866666666664,0.024296684263808987,0,6.860000000000014,201.88,199.73,199.4
2024-02-29,85906970,204.18,205.28,198.4463,201.88,-2.3000000000000114,29,2,2024,-0.0007919223916056373,198.17142857142858,194.713,0.01978749883472254,0,6.833699999999993,202.64,202.04,199.73
2024-03-01,82243120,200.52,204.52,198.5,202.64,2.119999999999976,1,3,2024,0.003764612641173004,199.29571428571427,194.405,0.019805260139566003,1,6.02000000000001,188.14,201.88,202.04
2024-03-04,134334900,198.73,199.75,186.72,188.14,-10.590000000000003,4,3,2024,-0.07155546782471378,197.97142857142856,193.60333333333335,0.034760087492675645,1,13.030000000000001,180.74,202.64,201.88
2024-03-05,119660800,183.05,184.59,177.57,180.74,-2.3100000000000023,5,3,2024,-0.039332412033591835,196.36714285714285,192.668,0.03621388284747021,1,7.02000000000001,176.54,188.14,202.64
2024-03-06,107920900,179.99,181.576,173.7,176.54,-3.450000000000017,6,3,2024,-0.02323780015491872,193.10142857142858,191.58133333333336,0.02992116290911497,1,7.876000000000005,178.65,180.74,188.14
2024-03-07,102129000,174.35,180.04,173.7,178.65,4.300000000000011,7,3,2024,0.011951965560213162,190.08999999999997,190.60866666666666,0.031207843027132188,1,6.340000000000003,175.34,176.54,180.74
2024-03-08,85544640,181.5,182.73,174.7,175.34,-6.159999999999997,8,3,2024,-0.018527847746991344,186.2757142857143,190.36566666666667,0.02886248228509076,1,8.030000000000001,177.77,178.65,176.54
2024-03-11,85391530,175.445,182.87,174.8,177.77,2.325000000000017,11,3,2024,0.013858788639215192,182.83142857142857,190.18300000000002,0.030918049034924233,1,8.069999999999993,177.54,175.34,178.65
2024-03-12,87391680,177.77,179.43,172.4101,177.54,-0.2300000000000182,12,3,2024,-0.001293806604038994,179.24571428571429,189.73666666666668,0.030390570148776132,1,7.019900000000007,169.48,177.77,175.34
2024-03-13,106524500,173.05,176.05,169.15,169.48,-3.5700000000000216,13,3,2024,-0.04539822011940975,176.57999999999998,188.99966666666666,0.023601622469887912,1,6.900000000000006,162.5,177.54,177.77
2024-03-14,126325700,167.77,171.17,160.51,162.5,-5.27000000000001,14,3,2024,-0.04118480056643847,173.9742857142857,188.17333333333332,0.023933607865221005,1,10.659999999999997,163.57,169.48,177.54
2024-03-15,97146830,163.16,165.1845,160.76,163.57,0.4099999999999966,15,3,2024,0.006584615384615411,172.12142857142857,187.33033333333333,0.024825831499731627,1,4.424500000000023,173.8,162.5,169.48
2024-03-18,108214400,170.02,174.72,165.9,173.8,3.780000000000001,18,3,2024,0.06254203093476818,171.42857142857142,186.86,0.036902390476849456,1,8.819999999999993,171.32,163.57,162.5
2024-03-19,77271430,172.36,172.82,167.42,171.32,-1.0400000000000205,19,3,2024,-0.014269275028768846,170.8542857142857,186.53533333333334,0.036644585407924576,1,5.400000000000006,175.66,173.8,163.57
2024-03-20,83846730,173.0,176.25,170.82,175.66,2.6599999999999966,20,3,2024,0.025332710716787332,170.55285714285714,186.22066666666666,0.03775058607455096,1,5.430000000000007,172.82,171.32,173.8
2024-03-21,73178010,176.39,178.18,171.8,172.82,-3.569999999999993,21,3,2024,-0.016167596493225522,169.87857142857143,185.72866666666667,0.038179592045672374,1,6.3799999999999955,170.83,175.66,171.32
2024-03-22,75580640,166.69,171.2,166.3,170.83,4.140000000000015,22,3,2024,-0.011514870964008717,170.07142857142858,185.10433333333333,0.033842964072308086,1,4.899999999999977,172.63,172.82,175.66
2024-03-25,74228620,168.76,175.24,168.73,172.63,3.8700000000000045,25,3,2024,0.010536790961774845,171.51857142857142,184.40633333333332,0.028099315080222547,1,6.510000000000019,177.67,170.83,172.82
2024-03-26,113186200,178.58,184.25,177.38,177.67,-0.910000000000025,26,3,2024,0.029195388982216297,173.53285714285715,184.05766666666668,0.029057777312968828,1,6.8700000000000045,179.83,172.63,170.83
2024-03-27,81804040,181.41,181.91,176.0,179.83,-1.579999999999984,27,3,2024,0.012157370405808665,174.3942857142857,183.918,0.01902990010674809,1,5.909999999999997,175.79,177.67,172.63
2024-03-28,77654840,177.45,179.57,175.3,175.79,-1.6599999999999966,28,3,2024,-0.022465662014124588,175.03285714285715,183.48733333333334,0.020603059942390718,1,4.269999999999982,175.22,179.83,177.67
2024-04-01,81562130,176.17,176.75,170.21,175.22,-0.9499999999999886,1,4,2024,-0.003242505261960238,174.97,182.64633333333333,0.018348831493658607,0,6.539999999999992,166.63,175.79,179.83
2024-04-02,116650600,164.75,167.69,163.43,166.63,1.8799999999999955,2,4,2024,-0.04902408400867486,174.08571428571426,181.53566666666669,0.02579965941306162,0,4.259999999999991,168.38,175.22,175.79
2024-04-03,82950140,164.02,168.82,163.28,168.38,4.359999999999985,3,4,2024,0.01050231050831174,173.73571428571427,180.68966666666665,0.02619898367014424,0,5.539999999999992,171.11,166.63,175.22
2024-04-04,123162000,170.07,177.19,168.01,171.11,1.0400000000000205,4,4,2024,0.0162133269984559,173.51857142857145,179.90099999999998,0.026725704429797992,0,9.180000000000007,164.9,168.38,166.63
2024-04-05,143157600,169.08,170.86,160.51,164.9,-4.180000000000007,5,4,2024,-0.036292443457425105,171.69428571428574,178.81733333333332,0.025861809353838458,0,10.350000000000023,172.98,171.11,168.38
2024-04-08,104423300,169.34,174.5,167.79,172.98,3.6399999999999864,8,4,2024,0.04899939357186156,170.71571428571428,178.1843333333333,0.03374345074345382,0,6.710000000000008,176.88,164.9,171.11
2024-04-09,103232700,172.91,179.22,171.92,176.88,3.969999999999999,9,4,2024,0.022545959070412902,170.87142857142857,177.43366666666668,0.03415650399408908,0,7.300000000000011,171.76,172.98,164.9
2024-04-10,84532410,173.04,174.93,170.01,171.76,-1.2800000000000011,10,4,2024,-0.028946178199909522,170.37714285714284,176.50133333333332,0.03606530087959086,0,4.920000000000016,174.6,176.88,172.98
2024-04-11,94515990,172.55,175.88,168.51,174.6,2.049999999999983,11,4,2024,0.01653469958081044,171.5157142857143,175.58666666666667,0.029888701959020096,0,7.3700000000000045,171.05,171.76,176.88
2024-04-12,64722670,172.34,173.8099,170.3644,171.05,-1.289999999999992,12,4,2024,-0.02033218785796098,171.89714285714285,174.55900000000003,0.03152743058885898,0,3.4455000000000098,161.48,174.6,171.76
2024-04-15,100245300,170.24,170.69,161.38,161.48,-8.76000000000002,15,4,2024,-0.05594855305466251,170.52142857142857,173.18699999999998,0.03757958791887401,0,9.310000000000002,157.11,171.05,174.6
2024-04-16,96999960,156.742,158.19,153.75,157.11,0.3680000000000234,16,4,2024,-0.027062174882338197,169.4085714285714,172.15266666666668,0.03655437160330742,0,4.439999999999998,155.45,161.48,171.05
2024-04-17,82439720,157.64,158.33,153.78,155.45,-2.1899999999999977,17,4,2024,-0.01056584558589535,166.9042857142857,171.30966666666666,0.027290998493665376,0,4.550000000000011,149.93,157.11,161.48
2024-04-18,96098830,151.25,152.2,148.7,149.93,-1.3199999999999932,18,4,2024,-0.03550981022836919,163.0542857142857,170.42266666666666,0.022429817441195092,0,3.5,147.05,155.45,157.11
2024-04-19,87074500,148.97,150.94,146.22,147.05,-1.9199999999999875,19,4,2024,-0.01920896418328555,159.52428571428572,169.36933333333334,0.02230978734449884,0,4.719999999999999,142.05,149.93,155.45
2024-04-22,107097600,140.56,144.44,138.8025,142.05,1.490000000000009,22,4,2024,-0.03400204012240737,154.87428571428572,168.25966666666667,0.014765791034113481,0,5.637499999999989,144.68,147.05,149.93
2024-04-23,124545100,143.33,147.26,141.11,144.68,1.3499999999999943,23,4,2024,0.018514607532558847,151.10714285714286,167.15666666666667,0.02334875147389079,0,6.149999999999977,162.13,142.05,147.05
2024-04-24,181178000,162.84,167.97,157.51,162.13,-0.710000000000008,24,4,2024,0.12061100359413879,151.20000000000002,166.643,0.05552259612687408,0,10.460000000000008,170.18,144.68,142.05
2024-04-25,126427500,158.96,170.88,158.36,170.18,11.219999999999999,25,4,2024,0.049651514216986437,153.06714285714287,166.6663333333333,0.05643389476972367,0,12.519999999999982,168.29,162.13,144.68
2024-04-26,109815700,168.85,172.12,166.37,168.29,-0.5600000000000023,26,4,2024,-0.011105887883417598,154.90142857142857,166.85933333333332,0.05647149287352596,0,5.75,194.05,170.18,162.13
2024-04-29,243869700,188.42,198.87,184.54,194.05,5.630000000000024,29,4,2024,0.1530691068988057,161.20428571428573,167.87533333333334,0.07237687681718287,0,14.330000000000013,183.28,168.29,170.18
2024-04-30,127031800,186.98,190.95,182.8401,183.28,-3.6999999999999886,30,4,2024,-0.05550115949497558,166.38000000000002,168.19133333333332,0.07834907418807424,0,8.109899999999982,179.99,194.05,168.29
2024-05-01,92829720,182.0,185.86,179.01,179.99,-2.009999999999991,1,5,2024,-0.017950676560453904,171.79999999999998,168.48033333333333,0.07621724148630706,0,6.850000000000023,180.01,183.28,194.05
2024-05-02,89148040,182.86,184.6,176.02,180.01,-2.8500000000000227,2,5,2024,0.00011111728429336054,176.84714285714284,168.62533333333332,0.07726157303192048,0,8.579999999999984,181.19,179.99,183.28
2024-05-03,75491540,182.1,184.78,178.42,181.19,-0.9099999999999966,3,5,2024,0.006555191378256886,179.57,168.90433333333334,0.06737742727712608,0,6.360000000000014,184.76,180.01,179.99
2024-05-06,84390250,183.8,187.56,182.2,184.76,0.9599999999999795,6,5,2024,0.019703074121088404,181.65285714285713,169.36866666666668,0.06595609695187281,0,5.360000000000014,177.81,181.19,180.01
2024-05-07,75045850,182.4,183.26,177.4,177.81,-4.590000000000003,7,5,2024,-0.03761636717904304,183.01285714285714,169.5413333333333,0.06832661379845303,0,5.859999999999985,174.72,184.76,181.19
2024-05-08,79969490,171.59,176.06,170.15,174.72,3.1299999999999955,8,5,2024,-0.01737810021933528,180.25142857142856,169.443,0.02602005862304652,0,5.909999999999997,171.97,177.81,184.76
2024-05-09,65950290,175.01,175.62,171.37,171.97,-3.039999999999992,9,5,2024,-0.015739468864468864,178.6357142857143,169.181,0.018988593063251877,0,4.25,168.47,174.72,177.81
2024-05-10,72627180,173.05,173.0599,167.75,168.47,-4.5800000000000125,10,5,2024,-0.020352387044251907,176.99,168.93699999999998,0.019199860852695563,0,5.309899999999999,171.89,171.97,174.72
2024-05-13,67018900,170.0,175.4,169.0,171.89,1.8899999999999864,13,5,2024,0.020300350210719964,175.82999999999998,168.826,0.022132105709805287,0,6.400000000000006,177.55,168.47,171.97
2024-05-14,86407420,174.496,179.49,174.07,177.55,3.054000000000002,14,5,2024,0.03292803537145872,175.31,169.19,0.026509197352546223,0,5.420000000000016,173.99,171.89,168.47
2024-05-15,79662990,179.9,180.0,173.11,173.99,-5.909999999999997,15,5,2024,-0.02005068994649395,173.77142857142857,169.377,0.02516039027815198,0,6.889999999999986,174.84,177.55,171.89
2024-05-16,59812220,174.1,175.79,171.43,174.84,0.7400000000000091,16,5,2024,0.004885338237829773,173.34714285714287,169.50133333333332,0.021803267607298435,0,4.359999999999985,177.46,173.99,177.55
2024-05-17,77445850,173.55,179.63,172.75,177.46,3.9099999999999966,17,5,2024,0.014985129261038788,173.73857142857145,169.92000000000002,0.021477458344632494,0,6.8799999999999955,174.95,174.84,173.99
2024-05-20,61727430,177.56,177.754,173.52,174.95,-2.6100000000000136,20,5,2024,-0.014144032458018763,174.16428571428574,169.98566666666665,0.021259966678350454,0,4.2339999999999804,186.6,177.46,174.84
2024-05-21,115266500,175.51,186.875,174.71,186.6,11.090000000000003,21,5,2024,0.06659045441554734,176.75428571428571,170.30966666666666,0.029414509752456776,0,12.164999999999992,180.11,174.95,177.46
2024-05-22,88313480,182.85,183.8,178.12,180.11,-2.7399999999999807,22,5,2024,-0.03478027867095379,177.92857142857142,170.58800000000002,0.034678608608283853,0,5.680000000000007,173.74,186.6,174.95
2024-05-23,71975500,181.8,181.9,173.26,173.74,-8.060000000000002,23,5,2024,-0.03536727555382824,177.3842857142857,170.5593333333333,0.03582277554033487,0,8.640000000000015,179.24,180.11,186.6
2024-05-24,65584480,174.835,180.08,173.73,179.24,4.405000000000001,24,5,2024,0.03165649821572458,178.1342857142857,170.83233333333334,0.036927752569503966,0,6.350000000000023,176.75,173.74,180.11
2024-05-28,59736620,176.4,178.25,173.16,176.75,0.3499999999999943,28,5,2024,-0.013891988395447474,178.40714285714287,171.34133333333335,0.037599154419092576,0,5.090000000000003,176.19,179.24,173.74
2024-05-29,54782650,174.19,178.15,173.93,176.19,2.0,29,5,2024,-0.003168316831683171,178.22571428571428,171.97733333333332,0.03719013411950753,0,4.219999999999999,178.79,176.75,179.24
2024-05-30,77784760,178.575,182.67,175.38,178.79,0.2150000000000034,30,5,2024,0.014756796639990855,178.77428571428572,172.75533333333334,0.03701950375634966,0,7.289999999999992,178.08,176.19,176.75
2024-05-31,67314600,178.5,180.32,173.82,178.08,-0.4199999999999875,31,5,2024,-0.003971139325465556,177.55714285714288,173.69366666666667,0.0245388237741895,0,6.5,176.29,178.79,176.19
2024-06-03,68568920,178.13,182.6389,174.49,176.29,-1.8400000000000034,3,6,2024,-0.010051662174303755,177.01142857142855,174.66833333333335,0.021343295425838953,1,8.148899999999998,174.77,178.08,178.79
2024-06-04,60056340,174.775,177.755,174.0,174.77,-0.0049999999999954525,4,6,2024,-0.008622156673662618,177.1585714285714,175.75900000000001,0.016368881576217978,1,3.7549999999999955,175.0,176.29,178.08
2024-06-05,57953760,175.35,176.15,172.13,175.0,-0.3499999999999943,5,6,2024,0.0013160153344395908,176.55285714285714,176.76966666666667,0.009432950070674793,1,4.02000000000001,177.94,174.77,176.29
2024-06-06,69887020,174.6,179.73,172.73,177.94,3.3400000000000034,6,6,2024,0.016799999999999926,176.72285714285712,177.29666666666665,0.010768790092801045,1,7.0,177.48,175.0,174.77
2024-06-07,56244930,176.13,179.35,175.58,177.48,1.3499999999999943,7,6,2024,-0.002585141058783935,176.90714285714287,177.54000000000002,0.010733288612041914,1,3.769999999999982,173.79,177.94,175.0
2024-06-10,50869680,176.06,178.57,173.17,173.79,-2.2700000000000102,10,6,2024,-0.020791075050709873,176.19285714285712,177.72333333333336,0.011567400612420523,1,5.400000000000006,170.66,177.48,177.94
2024-06-11,64761930,173.92,174.75,167.41,170.66,-3.259999999999991,11,6,2024,-0.018010242246389252,175.13285714285712,176.94366666666667,0.012723589575475019,1,7.340000000000003,177.29,173.79,177.48
2024-06-12,90389450,171.12,180.55,169.8,177.29,6.1699999999999875,12,6,2024,0.0388491737958514,175.2757142857143,176.74400000000003,0.020912432310768392,1,10.75,182.47,170.66,173.79
2024-06-13,118984100,188.39,191.08,181.23,182.47,-5.9199999999999875,13,6,2024,0.029217665971007944,176.3757142857143,176.82666666666665,0.022816473973168532,1,9.850000000000023,178.01,177.29,170.66
2024-06-14,82038190,185.8,186.0,176.92,178.01,-7.7900000000000205,14,6,2024,-0.024442374088891383,176.80571428571426,176.76000000000002,0.025671458152155414,1,9.080000000000013,187.44,182.47,177.29
2024-06-17,109786100,177.92,188.81,177.0,187.44,9.52000000000001,17,6,2024,0.05297455199146128,178.16285714285712,176.96833333333333,0.031870817821378364,1,11.810000000000002,184.86,178.01,182.47
2024-06-18,68982270,186.56,187.2,182.37,184.86,-1.6999999999999886,18,6,2024,-0.013764404609474923,179.21714285714285,176.97166666666666,0.0327510035946832,1,4.829999999999984,181.57,187.44,178.01
2024-06-20,55893140,184.68,185.21,179.66,181.57,-3.1100000000000136,20,6,2024,-0.017797251974467243,180.32857142857142,177.097,0.032355569474666,1,5.550000000000011,183.01,184.86,187.44
2024-06-21,63029480,182.3,183.95,180.69,183.01,0.7099999999999795,21,6,2024,0.007930825576912381,182.09285714285713,177.37333333333333,0.030482617456772738,1,3.259999999999991,182.58,181.57,184.86
2024-06-24,61992070,184.97,188.8,182.55,182.58,-2.3899999999999864,24,6,2024,-0.0023495983826019584,182.8485714285714,177.72699999999998,0.027951861399126293,1,6.25,187.35,183.01,181.57
2024-06-25,63678270,184.4,187.97,182.01,187.35,2.9499999999999886,25,6,2024,0.026125534012487517,183.54571428571427,178.35633333333334,0.02751790982186917,1,5.960000000000008,196.37,182.58,183.01
2024-06-26,95737070,186.54,197.755,186.36,196.37,9.830000000000013,26,6,2024,0.04814518281291713,186.1685714285714,179.17233333333334,0.028625416124338575,1,11.394999999999982,197.42,187.35,182.58
2024-06-27,72746520,195.17,198.72,194.05,197.42,2.25,27,6,2024,0.005347048938228793,187.59428571428572,179.83466666666666,0.023067718680283296,1,4.6699999999999875,197.88,196.37,187.35
2024-06-28,95438070,199.55,203.2,195.26,197.88,-1.670000000000016,28,6,2024,0.002330057744909464,189.4542857142857,180.631,0.02131133028518801,1,7.939999999999998,209.86,197.42,196.37
2024-07-01,135691400,201.02,213.23,200.85,209.86,8.840000000000003,1,7,2024,0.06054174247018396,193.49571428571429,181.79833333333332,0.024617427201752765,0,12.379999999999995,231.26,197.88,197.42
2024-07-02,205047900,218.89,231.3,218.06,231.26,12.370000000000005,2,7,2024,0.10197274373391774,200.38857142857142,183.59166666666667,0.03814381820375347,0,13.240000000000009,246.39,209.86,197.88
2024-07-03,166561500,234.56,248.35,234.25,246.39,11.829999999999984,3,7,2024,0.06542419787252451,209.50428571428571,185.97299999999998,0.035730635517364405,0,14.099999999999994,251.52,231.26,209.86
2024-07-05,154501200,249.81,252.37,242.4601,251.52,1.710000000000008,5,7,2024,0.020820650188725365,218.67142857142855,188.137,0.03623233983153277,0,9.909899999999993,252.94,246.39,231.26
2024-07-08,157219600,247.71,259.439,244.57,252.94,5.22999999999999,8,7,2024,0.005645674300254422,226.75285714285715,190.56466666666665,0.0387965383695839,0,14.869000000000028,262.33,251.52,246.39
2024-07-09,160742500,251.0,265.61,250.3,262.33,11.329999999999984,9,7,2024,0.03712342848106265,236.02571428571426,193.51766666666668,0.036186792051928096,0,15.310000000000002,263.26,252.94,251.52
2024-07-10,128519400,262.8,267.59,257.86,263.26,0.45999999999997954,10,7,2024,0.0035451530515000496,245.3657142857143,196.3183333333333,0.035967143926484826,0,9.729999999999961,241.03,262.33,252.94
2024-07-11,221707300,263.3,271.0,239.65,241.03,-22.27000000000001,11,7,2024,-0.0844412368001215,249.81857142857143,198.46099999999998,0.058376662803970095,0,31.349999999999994,248.23,263.26,262.33
2024-07-12,155955800,235.8,251.84,233.0912,248.23,12.429999999999978,12,7,2024,0.029871800190847564,252.2428571428571,200.86233333333334,0.047064052366103754,0,18.748800000000017,252.64,241.03,263.26
2024-07-15,146912900,255.97,265.6,251.73,252.64,-3.3300000000000125,15,7,2024,0.017765781734681463,253.1357142857143,203.324,0.04095309041066553,0,13.870000000000033,256.56,248.23,241.03
2024-07-16,126332500,255.31,258.62,245.8001,256.56,1.25,16,7,2024,0.01551614946168467,253.85571428571424,205.94,0.04064507886048313,0,12.819900000000018,248.5,252.64,248.23
2024-07-17,115584800,252.73,258.47,246.182,248.5,-4.22999999999999,17,7,2024,-0.031415653258497045,253.22142857142856,208.347,0.04269268279651738,0,12.28800000000004,249.23,256.56,252.64
2024-07-18,110869000,251.09,257.14,247.2,249.23,-1.8600000000000136,18,7,2024,0.002937625754527051,251.34999999999997,210.829,0.039331863175358986,0,9.939999999999998,239.2,248.5,256.56
2024-07-19,87403900,247.79,249.44,236.83,239.2,-8.590000000000003,19,7,2024,-0.0402439513702203,247.91285714285715,212.969,0.040899842295329294,0,12.609999999999985,251.51,249.23,248.5
2024-07-22,101225400,244.21,253.21,243.75,251.51,7.299999999999983,22,7,2024,0.05146321070234117,249.41,215.42133333333334,0.03268894340824149,0,9.460000000000008,246.38,239.2,249.23
2024-07-23,111928200,253.6,255.7594,245.63,246.38,-7.219999999999999,23,7,2024,-0.020396803308019518,249.14571428571426,217.71799999999996,0.032231665063885945,0,10.129400000000004,215.99,251.51,239.2
2024-07-24,167942900,225.42,225.99,214.71,215.99,-9.429999999999978,24,7,2024,-0.12334605081581296,243.91,219.12466666666666,0.05494075867073929,0,11.280000000000001,220.25,246.38,251.51
2024-07-25,100636500,216.8,226.0,216.231,220.25,3.4499999999999886,25,7,2024,0.019723135330339314,238.72285714285712,220.77766666666668,0.05542490041183472,0,9.769000000000005,219.8,215.99,246.38
2024-07-26,94604150,221.19,222.2799,215.33,219.8,-1.3899999999999864,26,7,2024,-0.0020431328036322194,234.62285714285716,222.19466666666668,0.05554447081271989,0,6.949899999999985,232.1,220.25,215.99
2024-07-29,129201800,224.9,234.27,224.7,232.1,7.199999999999989,29,7,2024,0.05595996360327571,232.1757142857143,223.84900000000002,0.06181650742249569,0,9.570000000000022,222.62,219.8,220.25
2024-07-30,100560300,232.25,232.41,220.0,222.62,-9.629999999999995,30,7,2024,-0.04084446359327876,229.80714285714288,225.33599999999998,0.0618684405997649,0,12.409999999999997,232.07,232.1,219.8
2024-07-31,67497010,227.9,234.68,226.7875,232.07,4.1699999999999875,31,7,2024,0.042449016260893035,227.03,226.82366666666667,0.06049087005663445,0,7.8925000000000125,216.86,222.62,232.1
2024-08-01,83861900,227.69,231.867,214.3328,216.86,-10.829999999999984,1,8,2024,-0.0655405696557072,222.81285714285715,227.89033333333333,0.06410897652725356,0,17.5342,207.67,232.07,222.62
2024-08-02,82880120,214.88,216.13,205.78,207.67,-7.210000000000008,2,8,2024,-0.042377570782993756,221.62428571428572,228.76033333333334,0.046428795994413324,0,10.349999999999994,198.88,216.86,232.07
2024-08-05,100308800,185.22,203.8799,182.0,198.88,13.659999999999997,5,8,2024,-0.04232676843068328,218.57142857142858,229.28933333333333,0.04691671501075962,0,21.879899999999992,200.64,207.67,216.86
2024-08-06,73783940,200.75,202.9,192.67,200.64,-0.11000000000001364,6,8,2024,0.008849557522123908,215.8342857142857,229.89133333333334,0.04753780487615684,0,10.230000000000018,191.76,198.88,207.67
2024-08-07,71159780,200.77,203.49,191.48,191.76,-9.01000000000002,7,8,2024,-0.04425837320574155,210.07142857142858,230.03833333333333,0.037751668278149866,0,12.01000000000002,198.84,200.64,198.88
2024-08-08,65033870,195.7,200.7,192.04,198.84,3.140000000000015,8,8,2024,0.03692115143929908,206.67428571428573,230.12066666666666,0.043725367749545274,0,8.659999999999997,200.0,191.76,200.64
2024-08-09,58648270,197.05,200.88,195.11,200.0,2.9499999999999886,9,8,2024,0.005833836250251467,202.09285714285713,230.20666666666665,0.03741691591928003,0,5.769999999999982,197.49,198.84,191.76
2024-08-12,64044900,199.02,199.26,194.67,197.49,-1.5300000000000011,12,8,2024,-0.01254999999999995,199.32571428571427,230.19366666666664,0.03168716096510343,0,4.590000000000003,207.83,200.0,198.84
2024-08-13,76247390,198.47,208.49,197.06,207.83,9.360000000000014,13,8,2024,0.05235708137120865,199.34857142857143,230.126,0.03679066294740935,0,11.430000000000007,201.38,197.49,200.0
2024-08-14,70250010,207.39,208.44,198.75,201.38,-6.009999999999991,14,8,2024,-0.031034980512919308,199.7057142857143,229.13,0.03478300762927206,0,9.689999999999998,214.14,207.83,197.49
2024-08-15,89848530,205.02,215.88,204.82,214.14,9.119999999999976,15,8,2024,0.06336279670275102,201.6342857142857,228.055,0.041873026213319724,0,11.060000000000002,216.12,201.38,207.83
2024-08-16,88765120,211.15,219.8,210.8,216.12,4.969999999999999,16,8,2024,0.009246287475483506,205.1142857142857,226.875,0.03454002728597409,0,9.0,222.72,214.14,201.38
2024-08-19,76435220,217.07,222.98,214.09,222.72,5.650000000000006,19,8,2024,0.030538589672404193,208.5257142857143,225.86766666666668,0.034029567361007214,0,8.889999999999986,221.1,216.12,214.14
2024-08-20,74001180,224.88,228.22,219.56,221.1,-3.780000000000001,20,8,2024,-0.007273706896551713,211.54,224.49333333333334,0.0350794019918135,0,8.659999999999997,223.27,222.72,216.12
2024-08-21,70145960,222.67,224.6594,218.86,223.27,0.6000000000000227,21,8,2024,0.009814563545906818,215.22285714285712,223.16033333333334,0.033121194403524894,0,5.7993999999999915,210.66,221.1,222.72
2024-08-22,79514480,223.82,224.8,210.32,210.66,-13.159999999999997,22,8,2024,-0.0564787029157523,215.62714285714284,222.148,0.03934463192990298,0,14.480000000000018,220.32,223.27,221.1
2024-08-23,81525210,214.455,221.48,214.21,220.32,5.864999999999981,23,8,2024,0.045855881515237895,218.33285714285714,221.21766666666664,0.03912312115968776,0,7.269999999999982,213.21,210.66,223.27
2024-08-26,59301190,218.75,219.09,211.01,213.21,-5.539999999999992,26,8,2024,-0.032271241830065245,218.2,219.9033333333333,0.035358460609618114,0,8.080000000000013,209.21,220.32,210.66
2024-08-27,62821390,213.25,215.66,206.94,209.21,-4.039999999999992,27,8,2024,-0.018760846114159735,217.21285714285713,218.325,0.03570993107695836,0,8.719999999999999,205.75,213.21,220.32
2024-08-28,64116350,209.72,211.84,202.59,205.75,-3.969999999999999,28,8,2024,-0.016538406385928073,214.78857142857143,216.9,0.032380925441958155,0,9.25,206.28,209.21,213.21
2024-08-29,62308820,209.8,214.89,205.97,206.28,-3.5200000000000102,29,8,2024,0.002575941676792315,212.67142857142858,215.4683333333333,0.032771723911999166,0,8.919999999999987,214.11,205.75,209.21
2024-08-30,63370610,208.63,214.5701,207.03,214.11,5.480000000000018,30,8,2024,0.03795811518324621,211.36285714285714,214.632,0.03697832291312826,0,7.540099999999995,210.6,206.28,205.75
2024-09-03,76714220,215.26,219.9043,209.64,210.6,-4.659999999999997,3,9,2024,-0.01639344262295095,211.3542857142857,213.26833333333332,0.03023530307727112,1,10.26430000000002,219.41,214.11,206.28
2024-09-04,80651770,210.59,222.22,210.57,219.41,8.819999999999993,4,9,2024,0.041832858499525116,211.22428571428574,212.36933333333337,0.029248202004636494,1,11.650000000000006,230.17,210.6,214.11
2024-09-05,119355000,223.49,235.0,222.25,230.17,6.679999999999978,5,9,2024,0.04904060890570161,213.64714285714285,212.84199999999998,0.030520150198593117,1,12.75,210.73,219.41,210.6
2024-09-06,112177000,232.6,233.6,210.51,210.73,-21.870000000000005,6,9,2024,-0.08445931268193074,213.8642857142857,212.52466666666666,0.04699290232373175,1,23.090000000000003,216.27,230.17,219.41
2024-09-09,67443520,216.2,219.87,213.67,216.27,0.0700000000000216,9,9,2024,0.026289564846011526,215.36714285714285,212.40699999999998,0.04696465666097543,1,6.200000000000017,226.17,210.73,230.17
2024-09-10,78891140,220.07,226.4,218.6377,226.17,6.099999999999994,10,9,2024,0.04577611319184349,218.20857142857145,212.20933333333332,0.04891260711153505,1,7.76230000000001,228.13,216.27,210.73
2024-09-11,83548630,224.55,228.47,216.8003,228.13,3.579999999999984,11,9,2024,0.008666047663262288,220.21142857142857,212.393,0.04779060984520437,1,11.669700000000006,229.81,226.17,216.27
2024-09-12,72020040,224.66,231.45,223.83,229.81,5.150000000000006,12,9,2024,0.007364222154035094,222.9557142857143,212.31766666666667,0.04641883237683094,1,7.619999999999976,230.29,228.13,226.17
2024-09-13,59515110,228.0,232.67,226.32,230.29,2.289999999999992,13,9,2024,0.002088681954658167,224.51,212.76533333333333,0.04477754821047196,1,6.349999999999994,226.78,229.81,228.13
2024-09-16,54323000,229.3,229.96,223.53,226.78,-2.5200000000000102,16,9,2024,-0.015241651830300906,224.0257142857143,213.40233333333333,0.041378405636271924,1,6.430000000000007,227.87,230.29,229.81
2024-09-17,66761640,229.45,234.57,226.5533,227.87,-1.579999999999984,17,9,2024,0.004806420319252158,226.47428571428574,214.36866666666666,0.01943849908852717,1,8.016699999999986,227.2,226.78,230.29
2024-09-18,78010200,230.09,235.68,226.88,227.2,-2.890000000000015,18,9,2024,-0.0029402729626542,228.03571428571428,215.254,0.018835243561089843,1,8.800000000000011,243.92,227.87,226.78
2024-09-19,102694600,234.0,244.24,232.13,243.92,9.919999999999987,19,9,2024,0.0735915492957746,230.57142857142858,216.99266666666665,0.028684610202021347,1,12.110000000000014,238.25,227.2,227.87
2024-09-20,99879070,241.52,243.99,235.92,238.25,-3.2700000000000102,20,9,2024,-0.02324532633650367,232.01714285714283,218.30633333333333,0.031545817351566405,1,8.070000000000022,250.0,243.92,227.2
2024-09-23,86927190,242.61,250.0,241.92,250.0,7.389999999999986,23,9,2024,0.04931794333683115,234.90142857142857,219.97299999999998,0.03545171534934618,1,8.080000000000013,254.27,238.25,243.92
2024-09-24,88491000,254.08,257.19,249.0501,254.27,0.18999999999999773,24,9,2024,0.017079999999999984,238.32714285714286,221.86566666666667,0.035160731068990085,1,8.139900000000011,257.02,250.0,238.25
2024-09-25,65034320,252.54,257.05,252.28,257.02,4.47999999999999,25,9,2024,0.010815275101270228,242.64714285714285,223.50533333333334,0.032750996781809275,1,4.77000000000001,254.22,254.27,250.0
2024-09-26,67142190,260.6,261.75,251.53,254.22,-6.380000000000024,26,9,2024,-0.01089409384483686,246.41142857142856,225.26666666666668,0.03434316139496603,1,10.219999999999999,260.46,257.02,254.27
2024-09-27,70988070,257.375,260.6999,254.12,260.46,3.0849999999999795,27,9,2024,0.024545669105499046,251.16285714285712,226.81066666666666,0.03334051192414819,1,6.579900000000009,261.63,254.22,257.02
2024-09-30,80873380,259.04,264.86,255.77,261.63,2.589999999999975,30,9,2024,0.004492052522460321,253.69285714285712,228.32766666666666,0.02373388459144207,1,9.090000000000003,258.02,260.46,254.22
2024-10-01,87397610,262.67,263.98,248.53,258.02,-4.650000000000034,1,10,2024,-0.013798111837327598,256.51714285714286,229.5043333333333,0.021688832253506266,0,15.450000000000017,249.02,261.63,260.46
2024-10-02,93983930,247.55,251.1585,241.5,249.02,1.4699999999999989,2,10,2024,-0.034881016975428114,256.3771428571428,230.435,0.02064026676130997,0,9.658500000000004,240.66,258.02,261.63
2024-10-03,80729240,244.48,249.79,237.81,240.66,-3.819999999999993,3,10,2024,-0.03357160067464471,254.43285714285713,231.01466666666664,0.02231116500146551,0,11.97999999999999,250.08,249.02,258.02
2024-10-04,86726290,246.69,250.96,244.58,250.08,3.390000000000015,4,10,2024,0.03914235851408643,253.44142857142856,232.32866666666666,0.028043316102987232,0,6.3799999999999955,240.83,240.66,249.02
2024-10-07,68113270,249.0,249.83,240.7,240.83,-8.169999999999987,7,10,2024,-0.03698816378758796,251.5285714285714,233.01233333333332,0.030780441818952016,0,9.130000000000024,244.5,250.08,240.66
2024-10-08,56303160,243.56,246.21,240.56,244.5,0.9399999999999977,8,10,2024,0.015238965245193636,249.2485714285714,234.05533333333332,0.029343391900688732,0,5.650000000000006,241.05,240.83,250.08
2024-10-09,66289530,243.82,247.43,239.51,241.05,-2.769999999999982,9,10,2024,-0.01411042944785268,246.30857142857144,235.11666666666667,0.028794834933209223,0,7.920000000000016,238.77,244.5,240.83
2024-10-10,83087060,241.81,242.7899,232.34,238.77,-3.039999999999992,10,10,2024,-0.009458618543870534,243.55857142857144,236.21733333333336,0.028778323445503944,0,10.449899999999985,217.8,241.05,244.5
2024-10-11,142628900,220.13,223.34,214.38,217.8,-2.329999999999984,11,10,2024,-0.08782510365623819,239.09857142857143,236.60133333333334,0.04069475564737229,0,8.960000000000008,219.16,238.77,241.05
2024-10-14,86291920,220.13,221.91,213.74,219.16,-0.9699999999999989,14,10,2024,0.006244260789715295,236.02714285714288,236.76966666666667,0.04097378465389408,0,8.169999999999987,219.57,217.8,238.77
2024-10-15,62988790,220.01,224.26,217.12,219.57,-0.4399999999999977,15,10,2024,0.0018707793392955807,231.66857142857143,237.06866666666667,0.03514613634811478,0,7.139999999999986,221.33,219.16,217.8
2024-10-16,49632820,221.4,222.8199,218.93,221.33,-0.06999999999999318,16,10,2024,0.008015666985471626,228.88285714285712,237.13266666666667,0.035180346731336985,0,3.889899999999983,220.89,219.57,219.16
2024-10-17,50791780,221.59,222.08,217.9,220.89,-0.700000000000017,17,10,2024,-0.001987981746713219,225.51,236.82333333333335,0.03356931169321269,0,4.180000000000007,220.7,221.33,219.57
2024-10-18,49611870,220.71,222.28,219.23,220.7,-0.010000000000019327,18,10,2024,-0.0008601566390511461,222.60285714285715,237.15566666666666,0.03392668585769715,0,3.0500000000000114,218.85,220.89,221.33
2024-10-21,47328990,218.9,220.48,215.726,218.85,-0.05000000000001137,21,10,2024,-0.008382419574082478,219.75714285714284,237.24166666666667,0.0339425574686685,0,4.753999999999991,217.97,220.7,220.89
2024-10-22,43268740,217.31,218.22,215.26,217.97,0.6599999999999966,22,10,2024,-0.004021018962759859,219.78142857142856,236.96833333333333,0.005741030796920575,0,2.960000000000008,213.65,218.85,220.7
2024-10-23,80938890,217.125,218.72,212.11,213.65,-3.4749999999999943,23,10,2024,-0.019819241179978908,218.99428571428572,236.48566666666665,0.00876613782403942,0,6.609999999999985,260.48,217.97,218.85
2024-10-24,204491900,244.68,262.1199,242.65,260.48,15.800000000000011,24,10,2024,0.21919026445120537,224.8385714285714,237.50799999999998,0.08496945579338556,0,19.469899999999967,269.19,213.65,217.97
2024-10-25,161611900,256.01,269.49,255.32,269.19,13.180000000000007,25,10,2024,0.03343826781326764,231.6757142857143,238.80466666666663,0.08454268634317783,0,14.170000000000016,262.51,260.48,213.65
2024-10-28,107653600,270.0,273.536,262.24,262.51,-7.490000000000009,28,10,2024,-0.024815186299639636,237.62142857142857,239.99566666666666,0.08644952306589689,0,11.295999999999992,259.52,269.19,260.48
2024-10-29,80521750,264.51,264.98,255.51,259.52,-4.990000000000009,29,10,2024,-0.011390042284103452,243.16714285714284,241.05066666666667,0.08712072842160794,0,9.470000000000027,257.55,262.51,269.19
2024-10-30,53993580,258.035,263.35,255.8201,257.55,-0.48500000000001364,30,10,2024,-0.00759093711467318,248.69571428571427,242.06233333333336,0.08706869038132281,0,7.529900000000026,249.85,259.52,262.51
2024-10-31,66575290,257.99,259.75,249.25,249.85,-8.140000000000015,31,10,2024,-0.029897107357794717,253.25,242.26000000000002,0.08910240747749525,0,10.5,248.98,257.55,259.52
2024-11-01,57544760,252.043,254.0,246.63,248.98,-3.0630000000000166,1,11,2024,-0.0034820892535522008,258.29714285714283,242.61766666666668,0.08800938660522208,0,7.3700000000000045,242.84,249.85,257.55
2024-11-04,68802350,244.56,248.9,238.88,242.84,-1.7199999999999989,4,11,2024,-0.024660615310466705,255.77714285714282,242.379,0.021474999333545127,0,10.02000000000001,251.44,248.98,249.85
2024-11-05,69282510,247.34,255.2799,246.2101,251.44,4.099999999999994,5,11,2024,0.03541426453632024,253.24142857142857,242.28466666666665,0.022140323283276003,0,9.069799999999987,288.53,242.84,248.98
2024-11-06,165228700,284.67,289.59,275.62,288.53,3.859999999999957,6,11,2024,0.14751034043907096,256.9585714285714,243.335,0.062065426330303645,0,13.96999999999997,296.91,251.44,242.84
2024-11-07,117309200,288.89,299.75,285.52,296.91,8.020000000000039,7,11,2024,0.02904377361106314,262.3,244.75799999999998,0.06105939537982767,0,14.230000000000018,321.22,288.53,251.44
2024-11-08,204782800,299.14,328.71,297.66,321.22,22.08000000000004,8,11,2024,0.08187666296184037,271.3957142857143,246.78333333333333,0.06341853508501434,0,31.049999999999955,350.0,296.91,288.53
2024-11-11,210521600,346.3,358.64,336.0,350.0,3.6999999999999886,11,11,2024,0.08959591557188218,285.70285714285717,249.72899999999998,0.05940631687174242,0,22.639999999999986,328.49,321.22,296.91
2024-11-12,155726000,342.74,345.84,323.31,328.49,-14.25,12,11,2024,-0.06145714285714288,297.06142857142856,252.078,0.0711156657129431,0,22.529999999999973,330.24,350.0,321.22
2024-11-13,125405600,335.85,344.5999,322.5,330.24,-5.610000000000014,13,11,2024,0.005327407227008418,309.54714285714283,254.78533333333334,0.06719241885655493,0,22.09989999999999,311.18,328.49,350.0
2024-11-14,120726100,327.69,329.98,310.37,311.18,-16.50999999999999,14,11,2024,-0.057715600775193776,318.0814285714286,257.136,0.07814099887054272,0,19.610000000000014,320.72,330.24,328.49
2024-11-15,114440300,310.57,324.6799,309.22,320.72,10.150000000000034,15,11,2024,0.03065749726846212,322.68,259.4906666666667,0.06011727792636617,0,15.459899999999948,338.74,311.18,330.24
2024-11-18,126547500,340.73,348.5499,330.01,338.74,-1.990000000000009,18,11,2024,0.05618608131703651,328.6557142857143,262.75433333333336,0.06189068030961478,0,18.53989999999999,346.0,320.72,311.18
2024-11-19,88852450,335.76,347.3799,332.75,346.0,10.240000000000009,19,11,2024,0.021432367007144126,332.19571428571425,266.1376666666667,0.05584405051758066,0,14.62990000000002,342.03,338.74,320.72
2024-11-20,66340650,345.0,346.5999,334.3,342.03,-2.9700000000000273,20,11,2024,-0.01147398843930647,331.0571428571429,269.5036666666667,0.04431461798925074,0,12.29989999999998,339.64,346.0,338.74
2024-11-21,58011720,343.81,347.9899,335.28,339.64,-4.170000000000016,21,11,2024,-0.006987691138204188,332.65000000000003,272.866,0.036276610347039495,0,12.709900000000005,352.56,342.03,346.0
2024-11-22,89140720,341.085,361.53,337.7,352.56,11.475000000000023,22,11,2024,0.03804027794134979,335.8385714285714,277.358,0.03832309174068916,0,23.829999999999984,338.59,339.64,342.03
2024-11-25,95890900,360.14,361.93,338.2,338.59,-21.55000000000001,25,11,2024,-0.03962446108463813,339.75428571428574,281.339,0.03327077524058585,0,23.730000000000018,338.23,352.56,339.64
2024-11-26,62295860,341.0,346.96,335.66,338.23,-2.769999999999982,26,11,2024,-0.001063232818452886,342.2557142857143,285.2943333333333,0.03255458684045943,0,11.299999999999955,332.89,338.59,352.56
2024-11-27,57896440,341.8,342.55,326.59,332.89,-8.910000000000025,27,11,2024,-0.015788073204624165,341.42,289.013,0.025407398029525678,0,15.960000000000036,345.16,338.23,338.59
2024-11-29,37167620,336.08,345.45,334.6501,345.16,9.080000000000041,29,11,2024,0.03685902249992501,341.3,293.1553333333333,0.028303774635095345,0,10.79989999999998,357.09,332.89,338.23
2024-12-02,77986480,352.38,360.0,351.1501,357.09,4.7099999999999795,2,12,2024,0.03456368061189008,343.45142857142855,297.70166666666665,0.030461282320172492,1,8.849899999999991,351.42,345.16,332.89
2024-12-03,58267200,351.8,355.69,348.2,351.42,-0.37999999999999545,3,12,2024,-0.01587834999579929,345.13428571428574,302.12066666666664,0.03129480246578016,1,7.490000000000009,357.93,357.09,345.16
2024-12-04,50810870,353.0,358.1,348.6,357.93,4.930000000000007,4,12,2024,0.018524842069318703,345.90142857142854,306.786,0.028649609007807438,1,9.5,369.49,351.42,357.09
