Date,Volume,Open,High,Low,Close
2014-12-08,138260571,14.7693,14.9907,14.156,14.2907
2014-12-09,141405904,13.956,14.5153,13.618,14.4593
2014-12-10,109622540,14.2753,14.4513,13.8467,13.9893
2014-12-11,100266835,14.0353,14.362,13.882,13.9253
2014-12-12,107507556,13.6547,14.112,13.6333,13.8
2014-12-15,77934666,13.9527,13.9867,13.5113,13.6027
2014-12-16,126242622,13.3927,13.5787,13.0247,13.1873
2014-12-17,110445485,12.8707,13.7767,12.8433,13.7213
2014-12-18,111976774,14.1587,14.5627,14.12,14.5507
2014-12-19,103530863,14.6793,14.6933,14.3,14.6193
2014-12-22,72038169,14.6667,14.9373,14.5507,14.84
2014-12-23,67643141,14.9207,14.9543,14.635,14.7313
2014-12-24,20002760,14.6513,14.8333,14.6167,14.8173
2014-12-26,49866530,14.7673,15.2333,14.7667,15.188
2014-12-29,42044709,15.1267,15.194,14.9347,15.0473
2014-12-30,43474058,14.9327,15.0436,14.76,14.8153
2014-12-31,35894187,14.8727,15.0453,14.8167,14.8273
2015-01-02,71298549,14.858,14.8833,14.2173,14.6207
2015-01-05,80332235,14.3033,14.4333,13.8108,14.006
2015-01-06,93864718,14.004,14.28,13.614,14.0853
2015-01-07,44479928,14.2233,14.3187,13.9853,14.0633
2015-01-08,51523489,14.1873,14.2533,14.0007,14.041
2015-01-09,68869616,13.928,13.9987,13.664,13.7773
2015-01-12,89184060,13.5367,13.6313,13.2833,13.4807
2015-01-13,63715528,13.5547,13.8407,13.3941,13.6167
2015-01-14,172745014,12.3887,13.0133,12.3333,12.846
2015-01-15,78071616,12.966,13.05,12.6667,12.7913
2015-01-16,53862798,12.7133,12.966,12.6433,12.8713
2015-01-20,67360181,12.9247,12.9413,12.4693,12.7953
2015-01-21,62161784,12.6367,13.2453,12.634,13.1047
2015-01-22,61556264,13.1333,13.5493,13.0133,13.4413
2015-01-23,51615754,13.3527,13.5667,13.222,13.4193
2015-01-26,48466791,13.4553,13.908,13.4033,13.77
2015-01-27,41668869,13.628,13.8687,13.5533,13.732
2015-01-28,47092191,13.7407,13.7579,13.228,13.2913
2015-01-29,53138628,13.4047,13.732,13.1,13.68
2015-01-30,45018997,13.5973,13.8313,13.5333,13.5733
2015-02-02,62157719,13.598,14.13,13.5533,14.0627
2015-02-03,72237474,14.2147,14.6913,14.0847,14.5573
2015-02-04,49566230,14.5527,14.7653,14.4533,14.57
2015-02-05,52774714,14.6587,15.032,14.6425,14.7327
2015-02-06,48537816,14.8,14.8933,14.4333,14.4907
2015-02-09,52046614,14.3587,14.5287,14.1327,14.4987
2015-02-10,80232890,14.5033,14.7,14.3333,14.4193
2015-02-11,135796177,14.1473,14.316,13.8187,14.1867
2015-02-12,234402333,12.9047,13.5392,12.8853,13.5253
2015-02-13,92223059,13.5267,13.7327,13.394,13.5847
2015-02-17,59468295,13.7133,13.7133,13.4333,13.6233
2015-02-18,40663450,13.6113,13.7447,13.5067,13.6307
2015-02-19,77058006,13.6667,14.1627,13.5833,14.1137
2015-02-20,89675595,14.052,14.5067,13.9873,14.474
2015-02-23,127306901,14.3773,14.5467,13.7553,13.8223
2015-02-24,98809421,13.8193,13.8193,13.4467,13.6073
2015-02-25,58612546,13.6627,13.8093,13.5053,13.584
2015-02-26,97020251,13.6,14.0727,13.4813,13.8127
2015-02-27,58070926,13.7933,13.9033,13.52,13.556
2015-03-02,118655971,13.5133,13.556,13.055,13.155
2015-03-03,66461967,13.1207,13.3496,13.0213,13.304
2015-03-04,63228793,13.2833,13.5013,13.1473,13.4957
2015-03-05,73051928,13.5233,13.746,13.3433,13.3753
2015-03-06,100581715,13.2807,13.3833,12.8101,12.9253
2015-03-09,100987615,12.9593,12.966,12.55,12.7253
2015-03-10,83085573,12.564,12.9,12.5067,12.688
2015-03-11,74526053,12.7433,13.0787,12.734,12.916
2015-03-12,62096504,12.9167,12.9633,12.65,12.738
2015-03-13,81319354,12.5967,12.7833,12.488,12.5787
2015-03-16,84255378,12.8,13.0607,12.6533,13.0467
2015-03-17,73353938,13.0287,13.2473,12.9293,12.982
2015-03-18,71953059,12.9973,13.392,12.874,13.3807
2015-03-19,127032626,13.4667,13.6393,12.9687,13.0433
2015-03-20,63751108,13.1633,13.266,13.0414,13.2053
2015-03-23,39337360,13.2333,13.3667,13.1647,13.3087
2015-03-24,54612963,13.4387,13.586,13.3167,13.448
2015-03-25,85823687,13.218,13.2393,12.8467,12.9533
2015-03-26,61802729,12.928,12.986,12.6467,12.6937
2015-03-27,128948381,12.6047,12.6193,12.0933,12.3333
2015-03-30,150934575,12.39,12.8167,12.12,12.7047
2015-03-31,75269212,12.902,12.9173,12.5607,12.5847
2015-04-01,56872157,12.58,12.82,12.4033,12.506
2015-04-02,75071092,12.682,12.882,12.6667,12.7333
2015-04-06,186341457,13.2,13.85,13.1667,13.54
2015-04-07,65104392,13.5007,13.6707,13.4093,13.55
2015-04-08,94195648,13.88,14.06,13.7247,13.8447
2015-04-09,56697767,13.8953,14.0247,13.7413,14.006
2015-04-10,60312720,13.99,14.11,13.9333,14.06
2015-04-13,56358272,14.029,14.2,13.9367,13.9853
2015-04-14,45286282,13.9047,13.966,13.7,13.8307
2015-04-15,29157015,13.8307,13.9727,13.7733,13.8553
2015-04-16,24855258,13.8467,13.9447,13.7527,13.78
2015-04-17,36983247,13.666,13.792,13.5667,13.786
2015-04-20,38383676,13.7853,13.8567,13.59,13.6847
2015-04-21,51242629,13.72,14.05,13.6207,13.9607
2015-04-22,117832636,14.1667,14.792,14.1127,14.6293
2015-04-23,66125727,14.5513,14.7653,14.4767,14.5733
2015-04-24,36395322,14.7,14.72,14.534,14.5617
2015-04-27,174886413,14.8373,15.9167,14.8,15.4367
2015-04-28,91202624,15.65,15.7,15.202,15.3653
2015-04-29,58969276,15.3367,15.6647,15.1753,15.4967
2015-04-30,58383421,15.3593,15.526,15.0113,15.07
2015-05-01,79153820,15.3293,15.4513,14.6937,15.0687
2015-05-04,66408852,15.212,15.6487,15.1407,15.3673
2015-05-05,86740922,15.8507,15.9667,15.2753,15.53
2015-05-06,76256602,15.6067,15.6313,15.2133,15.362
2015-05-07,141598459,14.7333,15.832,14.6833,15.7867
2015-05-08,69981640,15.7327,15.894,15.58,15.774
2015-05-11,84956958,15.7527,16.192,15.6873,15.966
2015-05-12,95186907,16.0073,16.4233,15.8793,16.316
2015-05-13,81490294,16.5073,16.5533,16.15,16.212
2015-05-14,42706224,16.3213,16.326,16.0833,16.2733
2015-05-15,67790021,16.262,16.6267,16.1667,16.5893
2015-05-18,50248940,16.4667,16.66,16.4,16.5833
2015-05-19,55022957,16.562,16.7333,16.41,16.476
2015-05-20,56242157,16.4753,16.516,16.0915,16.29
2015-05-21,29498490,16.202,16.4413,16.1572,16.3747
2015-05-22,33289618,16.3587,16.5733,16.334,16.5153
2015-05-26,52364914,16.512,16.8,16.4333,16.497
2015-05-27,51059794,16.5673,16.6333,16.37,16.4953
2015-05-28,54690918,16.4687,16.7867,16.3367,16.7633
2015-05-29,56776652,16.7333,16.8579,16.6287,16.72
2015-06-01,37533551,16.7607,16.7733,16.498,16.63
2015-06-02,31941554,16.5947,16.6267,16.42,16.5567
2015-06-03,26671517,16.5467,16.7147,16.4673,16.5993
2015-06-04,36383802,16.5,16.62,16.3807,16.3947
2015-06-05,45297532,16.4,16.6467,16.3787,16.6093
2015-06-08,75104122,16.7233,17.25,16.6873,17.086
2015-06-09,38940866,17.0267,17.1827,16.9427,17.0667
2015-06-10,51789439,16.7933,16.9333,16.5667,16.7133
2015-06-11,30614580,16.884,16.958,16.6953,16.7607
2015-06-12,21276844,16.6807,16.8973,16.6807,16.7127
2015-06-15,32743964,16.6467,16.752,16.4007,16.692
2015-06-16,29713755,16.6753,16.896,16.6063,16.8747
2015-06-17,82508359,16.8113,17.624,16.8013,17.3607
2015-06-18,41721594,17.4667,17.564,17.3347,17.4593
2015-06-19,36883482,17.4933,17.5867,17.34,17.5007
2015-06-22,68386046,17.4767,17.6267,17.046,17.3193
2015-06-23,57969001,17.3547,17.8667,17.238,17.8447
2015-06-24,36172362,17.7987,17.8233,17.5813,17.678
2015-06-25,42674874,17.7633,18.094,17.6833,17.9193
2015-06-26,57444871,17.926,17.9407,17.7333,17.806
2015-06-29,52071754,17.4633,17.73,17.38,17.468
2015-06-30,46266502,17.6533,18.0613,17.6,17.884
2015-07-01,31500269,18.074,18.1747,17.8567,17.9433
2015-07-02,107333721,18.6797,18.83,18.2207,18.668
2015-07-06,61638854,18.592,18.7793,18.42,18.648
2015-07-07,91445729,18.3333,18.3467,17.3847,17.8587
2015-07-08,93189103,17.288,17.3867,16.954,16.9973
2015-07-09,49946435,17.272,17.53,17.1193,17.1947
2015-07-10,39078205,17.4813,17.5333,17.188,17.2767
2015-07-13,44270933,17.4833,17.5033,17.07,17.4773
2015-07-14,28583521,17.4733,17.7327,17.3673,17.71
2015-07-15,30102885,17.7827,17.8327,17.472,17.5427
2015-07-16,23973783,17.6147,17.8133,17.544,17.7787
2015-07-17,74950298,18.1667,18.3693,17.8833,18.3107
2015-07-20,74546273,18.3333,19.11,18.1693,18.8173
2015-07-21,91374434,18.0033,18.2333,17.77,17.7847
2015-07-22,46459867,17.418,17.9627,17.3907,17.858
2015-07-23,33337198,17.9767,17.9933,17.6847,17.8133
2015-07-24,42517794,17.8253,18.0727,17.5947,17.694
2015-07-27,70333075,17.4953,17.6288,16.7193,16.8673
2015-07-28,58189921,17.05,17.6933,16.7892,17.6547
2015-07-29,41743269,17.618,17.8593,17.4667,17.588
2015-07-30,30459060,17.5127,17.796,17.474,17.786
2015-07-31,33270043,17.84,17.9573,17.6749,17.7433
2015-08-03,38207441,17.7527,17.7807,17.138,17.3327
2015-08-04,35042262,17.334,17.7813,17.2227,17.752
2015-08-05,89538630,17.572,18.0667,17.36,18.0087
2015-08-06,219267190,16.636,17.0,15.7413,16.4087
2015-08-07,76043992,16.2387,16.2487,15.8927,16.1673
2015-08-10,62689574,15.8767,16.198,15.7367,16.076
2015-08-11,63913348,15.81,15.9533,15.6293,15.8247
2015-08-12,55952042,15.6667,15.9847,15.516,15.878
2015-08-13,70249915,15.9907,16.432,15.9413,16.1673
2015-08-14,65410362,16.4827,16.5287,16.118,16.21
2015-08-17,107525886,17.0373,17.106,16.7007,16.9993
2015-08-18,62790734,17.0253,17.3967,16.904,17.3813
2015-08-19,53984028,17.3553,17.3767,17.0013,17.0167
2015-08-20,73382513,16.804,16.9707,16.1267,16.1453
2015-08-21,98676476,15.7333,16.2533,15.3673,15.3847
2015-08-24,143437188,13.5193,15.4267,13.0,14.5913
2015-08-25,64705153,15.368,15.3933,14.608,14.6687
2015-08-26,74269463,15.1953,15.2,14.3673,14.9893
2015-08-27,114686538,15.4,16.3167,15.3873,16.1993
2015-08-28,82609999,16.124,16.7633,16.1047,16.5653
2015-08-31,70325560,16.3747,16.9967,16.3673,16.604
2015-09-01,81658474,16.0227,16.4,15.798,15.9087
2015-09-02,68862821,16.3533,16.5253,15.9853,16.5127
2015-09-03,62772089,16.804,16.8053,16.3333,16.3713
2015-09-04,55311812,16.0593,16.2727,15.88,16.1287
2015-09-08,46948042,16.3367,16.6107,16.27,16.5447
2015-09-09,50774690,16.8033,16.95,16.5535,16.594
2015-09-10,40603090,16.482,16.7149,16.3553,16.5653
2015-09-11,35202012,16.5093,16.6827,16.3153,16.6827
2015-09-14,43284128,16.74,16.95,16.6447,16.8793
2015-09-15,43974083,16.85,16.9733,16.6333,16.9047
2015-09-16,66085557,16.8693,17.5253,16.8587,17.4833
2015-09-17,53628288,17.5973,17.7,17.3793,17.4713
2015-09-18,56409632,17.1973,17.588,17.1667,17.3747
2015-09-21,91719179,17.5987,18.1047,17.0533,17.6133
2015-09-22,54909618,17.2687,17.51,17.058,17.396
2015-09-23,38957531,17.4633,17.472,17.1723,17.404
2015-09-24,51639994,17.302,17.5633,17.0807,17.5413
2015-09-25,56570897,17.774,17.794,17.0767,17.1273
2015-09-28,73396658,17.1567,17.3193,16.4407,16.562
2015-09-29,55439552,16.6973,16.982,16.364,16.4433
2015-09-30,73886228,16.8,16.8267,16.156,16.56
2015-10-01,68523881,16.5007,16.5667,15.8087,15.992
2015-10-02,66114192,15.7067,16.5133,15.662,16.5047
2015-10-05,55267322,16.5893,16.656,16.2753,16.41
2015-10-06,78520146,16.0,16.202,15.7053,16.0973
2015-10-07,102066444,15.7753,15.8467,15.2747,15.464
2015-10-08,91889864,15.3387,15.3813,14.754,15.1147
2015-10-09,92306264,14.7287,14.958,14.5573,14.7127
2015-10-12,57242536,14.866,14.8667,14.3513,14.372
2015-10-13,77522391,14.2187,14.8348,14.0753,14.6167
2015-10-14,46416517,14.7113,14.73,14.362,14.4587
2015-10-15,42538779,14.4287,14.782,14.2467,14.754
2015-10-16,64913578,14.8693,15.3654,14.858,15.134
2015-10-19,37602521,15.1,15.41,14.996,15.2067
2015-10-20,223155188,15.1813,15.24,13.4667,14.202
2015-10-21,62669309,14.1327,14.3207,13.92,14.006
2015-10-22,42281994,14.104,14.3833,13.96,14.1147
2015-10-23,63396133,14.3333,14.3567,13.846,13.9393
2015-10-26,50823380,14.092,14.392,14.0,14.3507
2015-10-27,52692454,14.3227,14.4733,13.834,14.0233
2015-10-28,40903180,14.0873,14.23,13.8867,14.1973
2015-10-29,26921132,14.1167,14.2499,14.0427,14.1087
2015-10-30,66486462,14.0267,14.1087,13.5927,13.7953
2015-11-02,58867681,13.928,14.3867,13.8147,14.2527
2015-11-03,120976305,14.2567,14.296,13.85,13.89
2015-11-04,190702855,15.1333,15.516,15.0133,15.442
2015-11-05,67424126,15.372,15.639,15.2793,15.4513
2015-11-06,36663942,15.38,15.5573,15.3,15.4907
2015-11-09,57692656,15.5327,15.5327,14.954,15.022
2015-11-10,69186085,14.8987,14.9133,14.4053,14.4333
2015-11-11,50062490,14.518,14.632,14.242,14.6053
2015-11-12,43702643,14.5233,14.6,14.1773,14.196
2015-11-13,51347059,14.1967,14.1993,13.768,13.8127
2015-11-16,43805408,13.7393,14.332,13.72,14.2873
2015-11-17,32224874,14.3467,14.4,14.0933,14.2667
2015-11-18,42152979,14.3,14.7587,14.168,14.738
2015-11-19,37493876,14.7027,15.0793,14.6867,14.7867
2015-11-20,65912952,14.8993,15.0,14.2387,14.6673
2015-11-23,37877921,14.49,14.612,14.312,14.5167
2015-11-24,37175816,14.358,14.7333,14.3333,14.55
2015-11-25,59804145,14.756,15.3883,14.6917,15.3093
2015-11-27,29240280,15.404,15.4833,15.134,15.4407
2015-11-30,38868056,15.4527,15.6187,15.272,15.3507
2015-12-01,55928402,15.404,15.8667,15.4033,15.8127
2015-12-02,44709638,15.8,15.9067,15.4153,15.466
2015-12-03,44058473,15.6987,15.83,15.3333,15.514
2015-12-04,38580191,15.4973,15.5513,15.1773,15.3587
2015-12-07,47112936,15.18,15.7087,15.0767,15.4087
2015-12-08,40233865,15.168,15.2533,14.9467,15.1147
2015-12-09,45855517,15.1133,15.1667,14.7147,14.968
2015-12-10,31051304,14.9807,15.2327,14.9093,15.138
2015-12-11,48886686,15.016,15.05,14.4427,14.468
2015-12-14,42416934,14.5007,14.728,14.3247,14.572
2015-12-15,33625273,14.788,14.8147,14.5333,14.7393
2015-12-16,76506607,14.8067,15.6587,14.7153,15.634
2015-12-17,49416875,15.596,15.8507,15.321,15.5593
2015-12-18,45120832,15.526,15.7267,15.286,15.364
2015-12-21,29273700,15.446,15.722,15.4053,15.504
2015-12-22,29382525,15.666,15.77,15.3087,15.33
2015-12-23,23265453,15.4787,15.5633,15.2087,15.3133
2015-12-24,10654150,15.3707,15.4587,15.2187,15.3713
2015-12-28,28502551,15.4327,15.4653,15.036,15.2633
2015-12-29,36036552,15.3373,15.848,15.3031,15.8127
2015-12-30,55416692,15.7733,16.2423,15.7114,15.8727
2015-12-31,40707235,15.9007,16.23,15.8913,16.0007
2016-01-04,102352599,15.3813,15.4253,14.6,14.894
2016-01-05,47782851,15.0907,15.126,14.6667,14.8953
2016-01-06,56615267,14.6667,14.67,14.3987,14.6027
2016-01-07,53260533,14.2793,14.5627,14.2447,14.3767
2016-01-08,53585373,14.524,14.696,14.0513,14.0667
2016-01-11,61362614,14.2673,14.2967,13.5333,13.8567
2016-01-12,46185742,14.1067,14.2493,13.6873,13.998
2016-01-13,61814864,14.134,14.1767,13.3333,13.354
2016-01-14,97358636,13.4807,14.0,12.892,13.7453
2016-01-15,79886555,13.2647,13.6713,13.15,13.666
2016-01-19,60469035,13.914,14.0313,13.3853,13.648
2016-01-20,87391606,13.2933,13.4187,12.75,13.2467
2016-01-21,47466336,13.4367,13.5487,13.0013,13.3313
2016-01-22,46830967,13.6534,13.7,13.2687,13.5033
2016-01-25,40431100,13.3373,13.5713,13.0587,13.092
2016-01-26,74353733,13.1133,13.188,12.592,12.904
2016-01-27,53660268,12.8253,12.884,12.3847,12.538
2016-01-28,68794886,12.7193,12.752,12.1607,12.6467
2016-01-29,42733914,12.6633,12.916,12.5387,12.7467
2016-02-01,79435235,12.584,13.3013,12.1833,13.1293
2016-02-02,86472212,12.828,12.8747,12.0153,12.1853
2016-02-03,118914541,12.2393,12.2627,11.3453,11.5653
2016-02-04,65691597,11.38,11.732,11.1327,11.6887
2016-02-05,141517354,11.42,11.5333,10.5163,10.84
2016-02-08,139601240,10.4737,10.4767,9.7333,9.866
2016-02-09,129594850,9.488,10.6527,9.4033,9.8833
2016-02-10,151570274,10.0333,10.3313,9.4493,9.578
2016-02-11,213553393,10.1333,10.884,9.8,10.0313
2016-02-12,108498906,10.3333,10.4673,9.58,10.0693
2016-02-16,83424528,10.58,10.8633,10.274,10.3447
2016-02-17,87303916,10.6,11.2893,10.4453,11.2453
2016-02-18,58246576,11.4947,11.53,10.9847,11.118
2016-02-19,44337458,10.9107,11.166,10.8333,11.1053
2016-02-22,75830062,11.3413,11.9273,11.3233,11.8493
2016-02-23,89744850,11.744,12.1153,11.5787,11.814
2016-02-24,80780495,11.5167,11.9667,11.1893,11.9333
2016-02-25,85905077,11.91,12.568,11.68,12.4953
2016-02-26,90810870,12.58,12.8,12.3333,12.6893
2016-02-29,67430996,12.8267,13.09,12.6148,12.7953
2016-03-01,100435510,12.95,13.0632,12.18,12.4233
2016-03-02,72879429,12.2487,12.568,12.1,12.556
2016-03-03,72344859,12.552,13.1613,12.2813,13.0493
2016-03-04,97197821,13.2,13.602,13.1667,13.4027
2016-03-07,79966415,13.1787,13.98,13.16,13.686
2016-03-08,62632439,13.5667,13.8333,13.48,13.5067
2016-03-09,48113931,13.6347,13.9582,13.5193,13.9147
2016-03-10,77873991,14.0,14.2193,13.3781,13.6787
2016-03-11,50087195,13.862,13.9613,13.6887,13.8333
2016-03-14,60934530,14.1767,14.448,14.0427,14.3433
2016-03-15,46998427,14.2847,14.598,14.1,14.556
2016-03-16,52678069,14.5333,14.8387,14.468,14.7953
2016-03-17,56536217,14.7647,15.2333,14.6667,15.092
2016-03-18,70571380,15.2733,15.632,15.204,15.516
2016-03-21,79335170,15.6893,15.992,15.6667,15.888
2016-03-22,64545748,15.814,15.9327,15.5039,15.616
2016-03-23,74043008,15.4913,15.6487,14.802,14.8387
2016-03-24,74349023,14.3853,15.2592,14.3333,15.1833
2016-03-28,58178956,15.4407,15.654,15.0,15.3507
2016-03-29,60090525,15.326,15.492,15.022,15.342
2016-03-30,60385020,15.6727,15.7,15.1,15.126
2016-03-31,119634510,15.2893,15.828,15.0007,15.318
2016-04-01,239698530,16.3217,16.5267,15.55,15.8393
2016-04-04,200717300,16.608,16.808,16.2427,16.466
2016-04-05,148971976,16.0333,17.104,16.0,17.0313
2016-04-06,175436312,16.9313,17.8493,16.8967,17.6947
2016-04-07,132683439,17.7633,17.956,16.9673,17.1467
2016-04-08,110290550,17.3667,17.388,16.5347,16.6713
2016-04-11,137345991,16.7333,17.266,16.3533,16.6613
2016-04-12,86330222,16.6333,16.7867,16.242,16.5213
2016-04-13,73823273,16.5673,17.0333,16.4887,16.9687
2016-04-14,61938839,16.8667,17.1226,16.7367,16.7907
2016-04-15,56228867,16.754,16.9733,16.608,16.9673
2016-04-18,63948658,16.8153,17.2207,16.7773,16.9253
2016-04-19,95270352,16.8747,16.958,16.0834,16.4913
2016-04-20,77885106,16.4173,16.9107,16.1,16.6647
2016-04-21,41656164,16.5993,16.7267,16.4607,16.5527
2016-04-22,56746862,16.5927,16.9333,16.3807,16.9167
2016-04-25,54976293,16.8673,17.1587,16.7173,16.788
2016-04-26,48266661,16.8033,17.0487,16.626,16.916
2016-04-27,47971551,16.85,17.0,16.6267,16.7647
2016-04-28,37733906,16.6567,16.8953,16.496,16.514
2016-04-29,81077419,16.5427,16.562,15.854,16.0507
2016-05-02,57584341,16.1,16.2127,15.6547,16.12
2016-05-03,64444843,15.824,15.9273,15.4413,15.488
2016-05-04,128249996,15.3527,15.6307,14.6933,14.8373
2016-05-05,168725016,15.2307,15.2427,13.986,14.102
2016-05-06,85255082,14.058,14.4247,13.874,14.3287
2016-05-09,71594844,14.3813,14.41,13.7867,13.928
2016-05-10,61020764,13.8367,13.9647,13.6667,13.9127
2016-05-11,77394561,13.8393,14.3653,13.7367,13.9307
2016-05-12,54751098,14.096,14.1113,13.5772,13.8187
2016-05-13,42309219,13.852,14.08,13.78,13.8407
2016-05-16,44186288,13.8767,14.21,13.8613,13.886
2016-05-17,42630399,13.9367,13.988,13.6013,13.644
2016-05-18,83290338,13.9433,14.354,13.85,14.078
2016-05-19,102268779,14.2413,14.4527,13.82,14.3473
2016-05-20,134948123,14.466,14.7033,14.4233,14.6853
2016-05-23,76451227,14.658,14.84,14.3907,14.4147
2016-05-24,45139882,14.44,14.5827,14.3453,14.5273
2016-05-25,46969162,14.5273,14.7573,14.434,14.6387
2016-05-26,60997650,14.7,15.0173,14.6033,15.008
2016-05-27,54686853,14.9993,15.062,14.7167,14.8693
2016-05-31,41800209,14.8693,14.9833,14.7667,14.882
2016-06-01,44734028,14.7653,14.8267,14.4593,14.6373
2016-06-02,30259170,14.6393,14.6606,14.474,14.5973
2016-06-03,33391633,14.6667,14.796,14.534,14.5993
2016-06-06,33639493,14.5333,14.7267,14.3633,14.712
2016-06-07,92912264,14.816,15.6293,14.768,15.4893
2016-06-08,89476605,15.5867,16.0563,15.507,15.7013
2016-06-09,66813297,15.6653,15.6887,15.1373,15.2907
2016-06-10,89918175,15.1593,15.198,14.5615,14.586
2016-06-13,62817464,14.6333,15.0513,14.5107,14.5247
2016-06-14,53637303,14.592,14.8133,14.1687,14.3307
2016-06-15,43575008,14.4633,14.7933,14.342,14.5133
2016-06-16,36580362,14.4947,14.536,14.2333,14.5287
2016-06-17,46615987,14.5207,14.666,14.3,14.3647
2016-06-20,53246493,14.6333,14.9167,14.5487,14.6467
2016-06-21,42834264,14.712,14.8379,14.5873,14.6407
2016-06-22,355591322,13.298,13.73,13.05,13.1107
2016-06-23,151472774,13.046,13.17,12.8087,13.0933
2016-06-24,104834183,12.67,13.008,12.6487,12.8767
2016-06-27,108177291,12.724,13.254,12.5247,13.2367
2016-06-28,92384894,13.4593,13.6033,13.294,13.4527
2016-06-29,89806755,13.6753,14.1187,13.5333,14.0127
2016-06-30,71916564,14.198,14.2333,13.9347,14.152
2016-07-01,80940410,13.7427,14.5493,13.7333,14.4333
2016-07-05,77547441,13.982,14.3029,13.8667,14.2653
2016-07-06,73654238,14.0,14.3487,13.9333,14.296
2016-07-07,54050748,14.2067,14.5413,14.2007,14.396
2016-07-08,61006934,14.52,14.654,14.3,14.452
2016-07-11,80535950,14.664,15.1187,14.634,14.9853
2016-07-12,68608091,14.94,15.1667,14.8813,14.9767
2016-07-13,53110458,15.0333,15.0393,14.686,14.8353
2016-07-14,39868465,14.8747,14.996,14.7367,14.7687
2016-07-15,33462298,14.8347,14.85,14.6427,14.6933
2016-07-18,50918795,14.6427,15.1393,14.5533,15.0833
2016-07-19,45713002,15.0,15.2733,14.9833,15.0173
2016-07-20,38341766,15.098,15.32,15.0,15.224
2016-07-21,66386307,15.0667,15.1898,14.6067,14.7
2016-07-22,38556911,14.7993,14.9667,14.592,14.818
2016-07-25,67192211,14.818,15.426,14.7581,15.334
2016-07-26,51408739,15.1793,15.3333,15.02,15.3007
2016-07-27,43305398,15.2893,15.5573,15.128,15.2327
2016-07-28,36231912,15.1967,15.384,15.1067,15.374
2016-07-29,45923587,15.38,15.6853,15.3493,15.6527
2016-08-01,60210690,15.7,15.7753,15.292,15.334
2016-08-02,58930561,15.2913,15.3247,14.76,15.1467
2016-08-03,57131176,15.158,15.3133,14.9473,15.0527
2016-08-04,62132294,15.046,15.3907,14.8033,15.374
2016-08-05,47855106,15.3333,15.4667,15.16,15.3353
2016-08-08,33891958,15.2,15.3067,15.0727,15.0773
2016-08-09,32996474,15.1213,15.4358,15.11,15.272
2016-08-10,35047422,15.216,15.3247,14.9747,15.0433
2016-08-11,28154371,15.078,15.1713,14.894,14.994
2016-08-12,27177736,15.0273,15.11,14.936,15.0407
2016-08-15,30269445,15.068,15.3,14.9953,15.0393
2016-08-16,33766708,15.0327,15.146,14.894,14.9073
2016-08-17,26796107,14.9553,14.9887,14.8533,14.8827
2016-08-18,25489487,14.9213,15.044,14.8193,14.9007
2016-08-19,24879228,14.9027,15.0113,14.8353,15.0
2016-08-22,30925365,14.9447,15.0073,14.8453,14.862
2016-08-23,71216139,14.9547,15.2327,14.8533,14.9893
2016-08-24,38504186,15.1367,15.1433,14.8147,14.8413
2016-08-25,26403167,14.874,14.92,14.718,14.7307
2016-08-26,33571288,14.8093,14.857,14.588,14.666
2016-08-29,48920691,14.6767,14.6933,14.3333,14.3467
2016-08-30,47463306,14.4073,14.4073,14.0347,14.0893
2016-08-31,49122785,14.0287,14.1733,13.91,14.134
2016-09-01,118986601,13.934,14.0733,13.3667,13.3847
2016-09-02,89552265,13.4887,13.5467,13.08,13.1853
2016-09-06,65792862,13.268,13.55,13.2667,13.522
2016-09-07,54568743,13.7,13.7665,13.3807,13.4473
2016-09-08,50584370,13.3033,13.326,13.0907,13.1573
2016-09-09,56305982,13.2727,13.328,12.9133,12.9647
2016-09-12,55710707,13.0,13.4246,12.94,13.22
2016-09-13,53747073,13.1373,13.2327,12.8967,13.07
2016-09-14,33842128,13.05,13.195,12.9904,13.094
2016-09-15,46244107,13.0993,13.5013,13.0933,13.3613
2016-09-16,46563967,13.3613,13.7133,13.2667,13.6933
2016-09-19,34474753,13.8,13.962,13.6667,13.756
2016-09-20,36128322,13.79,13.85,13.594,13.6427
2016-09-21,39469255,13.758,13.8,13.4373,13.6813
2016-09-22,35723982,13.76,13.8187,13.5333,13.762
2016-09-23,43561853,13.7327,14.012,13.7113,13.83
2016-09-26,35900577,13.7667,14.0667,13.7667,13.9327
2016-09-27,50518580,13.9767,13.9988,13.6406,13.7207
2016-09-28,31189844,13.834,13.8833,13.684,13.7513
2016-09-29,40710580,13.7067,13.822,13.372,13.38
2016-09-30,38725931,13.4807,13.6653,13.3033,13.602
2016-10-03,89840085,14.1533,14.3779,13.8833,14.2467
2016-10-04,53069268,14.2067,14.2213,13.9213,14.094
2016-10-05,28086826,14.1493,14.21,13.8747,13.8973
2016-10-06,70469020,13.4973,13.614,13.3473,13.4
2016-10-07,52342174,13.4,13.4213,13.0533,13.1073
2016-10-10,49670075,13.4233,13.6093,13.3107,13.3967
2016-10-11,34901293,13.4567,13.48,13.2207,13.34
2016-10-12,29536470,13.3967,13.592,13.3613,13.434
2016-10-13,37427081,13.3667,13.393,13.1367,13.3493
2016-10-14,63982033,13.3773,13.4287,13.0867,13.1007
2016-10-17,67774931,13.1367,13.226,12.8,12.9307
2016-10-18,85140647,13.066,13.298,12.884,13.2733
2016-10-19,104492723,13.316,13.7773,13.204,13.5707
2016-10-20,76041112,13.4747,13.5333,13.1367,13.2733
2016-10-21,44053598,13.24,13.438,13.1607,13.3393
2016-10-24,41210139,13.4,13.5964,13.35,13.5173
2016-10-25,36631752,13.5267,13.646,13.4133,13.4893
2016-10-26,80203355,13.4,13.546,13.34,13.4827
2016-10-27,196064752,14.0893,14.2467,13.4433,13.6007
2016-10-28,64101808,13.6,13.688,13.322,13.3313
2016-10-31,70369765,13.4993,13.4993,13.054,13.182
2016-11-01,105355057,13.2027,13.2333,12.5403,12.7193
2016-11-02,63633718,12.67,12.8463,12.5003,12.5347
2016-11-03,39668230,12.6,12.7647,12.4693,12.4947
2016-11-04,77158686,12.6,12.8973,12.3973,12.704
2016-11-07,57865201,12.906,12.9527,12.67,12.8807
2016-11-08,48793881,12.9193,13.166,12.7507,12.996
2016-11-09,122496644,12.4583,12.8,12.2633,12.6707
2016-11-10,101194299,12.7367,12.774,12.028,12.3567
2016-11-11,59806335,12.2827,12.592,12.2,12.5707
2016-11-14,98218646,12.5333,12.55,11.8793,12.0967
2016-11-15,58496116,12.1853,12.4287,12.1367,12.2513
2016-11-16,51489994,12.1767,12.3153,12.0807,12.262
2016-11-17,73214498,12.2327,12.6327,12.1407,12.5773
2016-11-18,78097056,12.71,12.8667,12.3333,12.3347
2016-11-21,65338047,12.336,12.5927,12.294,12.3013
2016-11-22,84018528,12.3893,12.7647,12.2473,12.7447
2016-11-23,73354238,12.7073,13.0429,12.6,12.876
2016-11-25,35491452,12.9093,13.1492,12.9093,13.11
2016-11-28,67816196,13.032,13.29,12.97,13.0747
2016-11-29,66529647,13.0373,13.1153,12.6333,12.638
2016-11-30,53173338,12.7333,12.7927,12.5,12.6267
2016-12-01,76786537,12.55,12.5687,12.0667,12.1253
2016-12-02,60602985,12.192,12.3253,12.0,12.098
2016-12-05,61042169,12.1673,12.5927,12.1673,12.4533
2016-12-06,50840450,12.368,12.4387,12.1788,12.39
2016-12-07,81856024,12.41,12.8933,12.3333,12.8767
2016-12-08,47905236,12.8033,12.8333,12.636,12.8193
2016-12-09,40814035,12.7247,12.9224,12.7207,12.812
2016-12-12,36546402,12.8533,12.9613,12.736,12.8287
2016-12-13,102289779,12.8787,13.4187,12.8667,13.21
2016-12-14,62209679,13.2493,13.5333,13.1173,13.246
2016-12-15,48279771,13.2273,13.3827,13.1593,13.172
2016-12-16,56931632,13.2053,13.506,13.1733,13.4993
2016-12-19,52304029,13.4993,13.63,13.3227,13.5153
2016-12-20,70264000,13.5367,13.9333,13.5,13.9193
2016-12-21,78092106,13.8967,14.1487,13.8273,13.8467
2016-12-22,46626382,13.8813,13.9993,13.7667,13.8967
2016-12-23,70023910,13.8667,14.23,13.8473,14.2227
2016-12-27,88699981,14.3253,14.8167,14.2947,14.6353
2016-12-28,56678132,14.7687,14.92,14.48,14.6493
2016-12-29,60646260,14.5707,14.6133,14.2748,14.312
2016-12-30,69619285,14.42,14.5,14.112,14.246
2017-01-03,88522366,14.324,14.6887,14.064,14.466
2017-01-04,168068316,14.3167,15.2,14.2873,15.1327
2017-01-05,88633861,15.0947,15.1653,14.7967,15.1167
2017-01-06,82862254,15.1287,15.354,15.03,15.2673
2017-01-09,59590710,15.2647,15.4613,15.2,15.4187
2017-01-10,54884688,15.4667,15.4667,15.126,15.3247
2017-01-11,54748623,15.2713,15.332,15.112,15.3153
2017-01-12,56813177,15.2707,15.38,15.0387,15.306
2017-01-13,91284104,15.3333,15.8567,15.306,15.85
2017-01-17,69220930,15.78,15.9973,15.6247,15.7053
2017-01-18,56509052,15.7767,15.9807,15.7053,15.8907
2017-01-19,115758602,16.4833,16.5787,16.05,16.2507
2017-01-20,62995769,16.364,16.4,16.2007,16.3153
2017-01-23,93931408,16.39,16.726,16.3667,16.5947
2017-01-24,74372123,16.6667,16.9867,16.6433,16.974
2017-01-25,77179476,17.154,17.2307,16.7867,16.9647
2017-01-26,47155731,16.9527,17.0493,16.7167,16.834
2017-01-27,47426586,16.7587,16.8667,16.568,16.8633
2017-01-30,56979542,16.8353,17.0193,16.4733,16.7087
2017-01-31,61680164,16.616,17.0593,16.5133,16.7953
2017-02-01,59296545,16.87,16.88,16.6033,16.616
2017-02-02,37481966,16.556,16.828,16.514,16.77
2017-02-03,32778434,16.794,16.8119,16.6453,16.7553
2017-02-06,53363973,16.7333,17.188,16.7087,17.1847
2017-02-07,63660913,17.2127,17.3333,17.0947,17.1653
2017-02-08,58686391,17.1567,17.5573,17.08,17.472
2017-02-09,117188941,17.75,18.0787,17.7433,17.9467
2017-02-10,54275013,17.986,18.0633,17.7407,17.9487
2017-02-13,105346027,18.0493,18.7193,18.034,18.7067
2017-02-14,110121695,18.602,19.1593,18.574,18.732
2017-02-15,74158148,18.6667,18.816,18.4293,18.6507
2017-02-16,105957847,18.5067,18.6667,17.9,17.93
2017-02-17,93771988,17.72,18.1927,17.61,18.1487
2017-02-21,84713583,18.3633,18.76,18.2673,18.4927
2017-02-22,128067101,18.6873,18.8967,18.1733,18.234
2017-02-23,223156238,17.6,17.644,17.0373,17.066
2017-02-24,122502974,16.844,17.2167,16.68,17.1333
2017-02-27,171752314,16.5447,16.5573,16.134,16.4153
2017-02-28,91108304,16.2793,16.7333,16.26,16.666
2017-03-01,72074409,16.9453,16.99,16.6073,16.668
2017-03-02,50186240,16.6473,16.8853,16.5513,16.6987
2017-03-03,43882193,16.716,16.7933,16.6,16.7713
2017-03-06,50303990,16.5273,16.78,16.5007,16.7473
2017-03-07,51788779,16.7947,16.926,16.5547,16.5727
2017-03-08,55901162,16.4667,16.6713,16.3547,16.458
2017-03-09,58147381,16.5087,16.5773,16.2,16.3267
2017-03-10,45941752,16.414,16.4333,16.2,16.246
2017-03-13,45169177,16.3213,16.4567,16.1854,16.4113
2017-03-14,113725728,16.4073,17.208,16.4013,17.2
2017-03-15,78500436,17.1333,17.4,16.9513,17.0487
2017-03-16,106907647,17.4933,17.7167,17.2707,17.47
2017-03-17,97365221,17.6,17.6887,17.4133,17.4333
2017-03-20,54024213,17.3733,17.6367,17.2547,17.4613
2017-03-21,103523273,17.522,17.6533,16.6827,16.712
2017-03-22,60850995,16.7707,17.0047,16.7007,17.0007
2017-03-23,49647635,17.026,17.1781,16.8867,16.9853
2017-03-24,84564978,17.0467,17.5927,17.0007,17.544
2017-03-27,93320368,17.3733,18.038,17.3167,18.0147
2017-03-28,119679915,18.468,18.712,18.3333,18.4967
2017-03-29,55087862,18.556,18.64,18.3693,18.492
2017-03-30,62121524,18.536,18.8,18.4807,18.528
2017-03-31,49405445,18.582,18.6453,18.4213,18.5533
2017-04-03,207972646,19.1267,19.9333,18.972,19.9013
2017-04-04,151623374,19.7927,20.3207,19.6353,20.2467
2017-04-05,117878416,20.136,20.3253,19.6133,19.6667
2017-04-06,82765924,19.792,20.1293,19.6067,19.9133
2017-04-07,68499446,19.8333,20.1793,19.81,20.1693
2017-04-10,114804288,20.61,20.9153,20.5807,20.826
2017-04-11,85770752,20.892,20.898,20.3667,20.5807
2017-04-12,90654675,20.4227,20.5632,19.7547,19.7893
2017-04-13,139135160,19.78,20.4927,19.6867,20.2667
2017-04-17,61920974,20.18,20.2667,19.912,20.096
2017-04-18,45513352,19.98,20.056,19.86,20.0167
2017-04-19,58367146,20.164,20.4413,20.1407,20.368
2017-04-20,92189369,20.434,20.61,20.0153,20.1673
2017-04-21,67529336,20.1333,20.4267,20.028,20.3733
2017-04-24,76166527,20.6147,20.7033,20.4014,20.5353
2017-04-25,101012379,20.5333,20.932,20.3907,20.9193
2017-04-26,70246930,20.8247,20.9667,20.6,20.678
2017-04-27,51939919,20.7793,20.8727,20.5,20.5753
2017-04-28,67449851,20.6553,20.9867,20.5333,20.938
2017-05-01,132298254,20.992,21.8167,20.9873,21.522
2017-05-02,79748225,21.6,21.844,21.104,21.2593
2017-05-03,103188833,21.178,21.4353,20.6967,20.7347
2017-05-04,212039744,20.4957,20.518,19.384,19.6973
2017-05-05,121761674,19.8667,20.57,19.7867,20.5567
2017-05-08,105043552,20.7267,20.9193,20.388,20.4793
2017-05-09,144950538,20.6253,21.466,20.6067,21.4173
2017-05-10,86017817,21.4373,21.7,21.208,21.6813
2017-05-11,71207544,21.56,21.7333,21.3067,21.54
2017-05-12,61779164,21.6987,21.8,21.4353,21.654
2017-05-15,114102753,21.2253,21.3467,20.8353,21.0587
2017-05-16,62115959,21.1727,21.3373,21.0093,21.134
2017-05-17,100434805,20.9593,20.9753,20.3667,20.4073
2017-05-18,84137253,20.4667,20.9293,20.354,20.8707
2017-05-19,69818665,21.0333,21.1,20.68,20.722
2017-05-22,64864543,20.8533,20.958,20.4533,20.69
2017-05-23,64713973,20.6973,20.7153,20.232,20.2573
2017-05-24,75527842,20.434,20.7333,20.36,20.6813
2017-05-25,75006442,20.7347,21.1313,20.5207,21.122
2017-05-26,116895077,21.152,21.6993,21.0873,21.676
2017-05-30,116572982,21.7333,22.4187,21.7173,22.34
2017-05-31,149063265,22.5127,22.8593,22.344,22.734
2017-06-01,114026403,22.9333,22.992,22.486,22.6913
2017-06-02,83759238,22.6513,22.8587,22.3953,22.6567
2017-06-05,101537559,22.5667,23.2293,22.2807,23.1547
2017-06-06,165478717,22.98,23.9662,22.6647,23.5233
2017-06-07,140230310,23.756,24.0333,23.676,23.9767
2017-06-08,135430087,24.25,24.7933,24.0147,24.6667
2017-06-09,258750771,24.9613,25.1247,23.6533,23.8213
2017-06-12,157617821,23.866,24.3,23.3747,23.934
2017-06-13,176600462,24.508,25.0667,24.4407,25.0633
2017-06-14,191677104,25.4057,25.6167,25.0873,25.3773
2017-06-15,156189672,24.8333,25.0307,24.4327,25.0227
2017-06-16,95211702,25.1983,25.2007,24.6733,24.76
2017-06-19,96501462,25.0,25.1133,24.52,24.6533
2017-06-20,111286594,25.1113,25.2587,24.6487,24.816
2017-06-21,73751513,24.9567,25.1327,24.5347,25.0933
2017-06-22,112656034,25.1993,25.6667,24.9047,25.5073
2017-06-23,96377652,25.4967,25.7993,25.2897,25.5633
2017-06-26,98952761,25.7793,25.7967,24.8733,25.166
2017-06-27,104662358,25.0933,25.0933,24.1347,24.158
2017-06-28,94354798,24.4453,24.7827,24.168,24.7493
2017-06-29,123036883,24.7073,24.7333,23.6067,24.05
2017-06-30,87345646,24.2473,24.4512,23.9746,24.1073
2017-07-03,94580968,24.6827,24.7567,23.4333,23.508
2017-07-05,254974373,23.1467,23.1493,21.7553,21.806
2017-07-06,288870456,21.1507,21.386,20.42,20.5887
2017-07-07,211949144,20.9,21.1333,20.492,20.8813
2017-07-10,206404247,20.86,21.196,20.2087,21.07
2017-07-11,172901314,21.0667,21.8187,20.9533,21.8147
2017-07-12,154758523,22.0267,22.2067,21.6333,21.968
2017-07-13,128734661,22.0073,22.1067,21.3313,21.5607
2017-07-14,84118818,21.546,21.8947,21.4147,21.852
2017-07-17,147412516,21.7027,21.8067,20.8967,21.3047
2017-07-18,95410602,21.1667,21.942,21.044,21.8827
2017-07-19,95188212,21.882,22.11,21.548,21.684
2017-07-20,77137701,21.7933,22.0147,21.6133,21.9947
2017-07-21,73075583,21.964,22.0838,21.72,21.8933
2017-07-24,128974316,22.016,22.8933,22.0007,22.8347
2017-07-25,104668928,23.0,23.04,22.2767,22.64
2017-07-26,72142674,22.6907,23.0333,22.5413,22.9233
2017-07-27,124288123,23.0667,23.1667,21.7527,22.2973
2017-07-28,73048328,22.4593,22.64,22.1673,22.338
2017-07-31,127881746,22.3667,22.766,21.4027,21.5647
2017-08-01,124274893,21.5333,21.63,21.0753,21.3047
2017-08-02,179135160,21.2627,21.808,20.748,21.726
2017-08-03,202863949,23.022,23.3333,22.8767,23.1393
2017-08-04,138499356,23.1333,23.818,22.8867,23.794
2017-08-07,94639918,23.8233,23.9653,23.5167,23.678
2017-08-08,111477514,23.8353,24.572,23.8267,24.348
2017-08-09,103217678,24.0667,24.6667,23.93,24.2353
2017-08-10,105945757,24.1067,24.4434,23.644,23.6933
2017-08-11,65363397,23.798,24.084,23.5747,23.858
2017-08-14,67619501,24.3087,24.5107,24.1733,24.2533
2017-08-15,46268992,24.3467,24.366,23.958,24.1553
2017-08-16,51092569,24.2,24.4333,24.168,24.194
2017-08-17,75162337,24.0807,24.22,23.4393,23.4613
2017-08-18,80862035,23.5273,23.6,23.0533,23.164
2017-08-21,97347701,23.0547,23.0547,22.1233,22.524
2017-08-22,64713988,22.742,22.816,22.4915,22.7567
2017-08-23,74129168,22.5993,23.566,22.5536,23.518
2017-08-24,68573576,23.5013,23.7773,23.316,23.5287
2017-08-25,52127764,23.616,23.7127,23.1533,23.2033
2017-08-28,56193572,23.152,23.1567,22.648,23.044
2017-08-29,61039514,22.632,23.27,22.5833,23.1573
2017-08-30,51062449,23.3113,23.5647,23.1333,23.5453
2017-08-31,60949920,23.57,23.896,23.5213,23.7267
2017-09-01,45728227,23.7413,23.8393,23.5794,23.6933
2017-09-05,57546001,23.5867,23.6993,23.0593,23.306
2017-09-06,61229984,23.3,23.3986,22.7707,22.9687
2017-09-07,63525643,23.0653,23.4987,22.8967,23.374
2017-09-08,48919971,23.266,23.3187,22.82,22.8933
2017-09-11,114764943,23.4233,24.2473,23.3333,24.246
2017-09-12,89493015,24.2993,24.584,24.0267,24.1833
2017-09-13,62567744,24.2547,24.538,23.9727,24.4153
2017-09-14,107553891,24.2887,25.1973,24.1753,25.176
2017-09-15,81108364,24.9673,25.3333,24.8467,25.3207
2017-09-18,107666541,25.35,25.974,25.1787,25.6667
2017-09-19,96528072,25.3333,25.4927,24.9047,25.0067
2017-09-20,73649333,24.8667,25.2166,24.738,24.9273
2017-09-21,69163045,24.9933,25.122,24.3007,24.432
2017-09-22,122143364,24.4327,24.66,23.392,23.406
2017-09-25,113807313,23.5433,23.8313,22.8587,22.9993
2017-09-26,107244681,23.3953,23.416,22.7267,23.0167
2017-09-27,90410580,23.3267,23.4326,22.7,22.7313
2017-09-28,79646645,22.6587,22.85,22.36,22.64
2017-09-29,76485727,22.7907,22.9787,22.5734,22.74
2017-10-02,78413166,22.8347,22.9133,22.3673,22.7687
2017-10-03,151838174,22.3933,23.2367,22.0853,23.2093
2017-10-04,122219864,23.4167,23.908,23.3067,23.6673
2017-10-05,62518664,23.7333,23.829,23.4233,23.6887
2017-10-06,64092958,23.54,24.0066,23.4833,23.792
2017-10-09,111921859,23.31,23.45,22.8447,22.8627
2017-10-10,104583893,23.12,23.7087,23.0354,23.706
2017-10-11,67420961,23.5927,23.84,23.41,23.64
2017-10-12,61103249,23.53,23.9853,23.5093,23.712
2017-10-13,53082078,23.7987,23.8993,23.5787,23.7047
2017-10-16,80596310,23.584,23.632,23.144,23.3733
2017-10-17,49354325,23.394,23.748,23.338,23.7167
2017-10-18,74040323,23.7313,24.2,23.6087,23.9767
2017-10-19,75835687,23.704,23.8098,23.2133,23.454
2017-10-20,73884818,23.5127,23.6367,22.956,23.0067
2017-10-23,86093927,23.3253,23.33,22.4167,22.468
2017-10-24,67285346,22.5867,22.8533,22.4107,22.4893
2017-10-25,128754221,22.4467,22.5,21.5707,21.7227
2017-10-26,75151267,21.852,22.0153,21.5467,21.7447
2017-10-27,104525423,21.3167,21.6393,21.1107,21.3913
2017-10-30,63714253,21.2787,21.5853,21.15,21.3387
2017-10-31,84750888,21.3487,22.13,21.3453,22.102
2017-11-01,123637243,22.15,22.1739,21.3507,21.4053
2017-11-02,296569052,20.0087,20.5793,19.5087,19.9507
2017-11-03,133288928,19.9667,20.4167,19.6753,20.406
2017-11-06,97210286,20.4667,20.5,19.934,20.1853
2017-11-07,79272620,20.068,20.4333,20.002,20.4033
2017-11-08,70880290,20.3667,20.4593,20.0867,20.2927
2017-11-09,81602554,20.1667,20.2973,19.7533,20.1993
2017-11-10,69316165,20.1667,20.5573,20.1233,20.1993
2017-11-13,113478573,20.0087,21.12,19.9407,21.0267
2017-11-14,84928518,21.0,21.09,20.46,20.58
2017-11-15,89277480,20.4007,20.8327,20.1,20.7533
2017-11-16,86916092,20.9327,21.2093,20.7533,20.8333
2017-11-17,205812347,21.7113,21.778,20.8767,21.0033
2017-11-20,123627253,20.9193,21.0333,20.3167,20.5827
2017-11-21,108845661,20.724,21.2153,20.5807,21.1873
2017-11-22,73699208,21.118,21.1613,20.7893,20.84
2017-11-24,48660951,20.9193,21.094,20.7333,21.0367
2017-11-27,68066651,20.8833,21.156,20.634,21.1207
2017-11-28,74125508,21.0907,21.3333,20.928,21.17
2017-11-29,131361879,21.1533,21.2,20.082,20.5027
2017-11-30,65181477,20.5707,20.7133,20.3027,20.59
2017-12-01,64291198,20.3627,20.688,20.3367,20.4353
2017-12-04,87513361,20.4333,20.551,20.0407,20.3467
2017-12-05,69655585,20.1333,20.5333,20.0667,20.2467
2017-12-06,107767101,20.0067,20.8927,20.0,20.884
2017-12-07,71693814,20.8,21.2423,20.7367,20.7493
2017-12-08,51991294,20.9733,21.132,20.7507,21.0087
2017-12-11,118891291,20.9753,21.934,20.9167,21.9273
2017-12-12,130733485,22.03,22.7627,22.002,22.7353
2017-12-13,93265468,22.7287,22.948,22.4333,22.602
2017-12-14,86880317,22.734,23.1627,22.46,22.526
2017-12-15,103818638,22.8027,22.9267,22.384,22.8967
2017-12-18,81998149,22.9933,23.1153,22.5053,22.5913
2017-12-19,102312969,22.684,22.7662,22.02,22.0733
2017-12-20,88610626,22.1793,22.2067,21.6693,21.932
2017-12-21,65549877,21.9727,22.2493,21.814,22.1107
2017-12-22,63113998,21.9673,22.0614,21.6547,21.68
2017-12-26,65530452,21.5887,21.596,21.1053,21.1527
2017-12-27,70576225,21.0667,21.1787,20.7167,20.776
2017-12-28,64601158,20.7833,21.0547,20.636,21.024
2017-12-29,56542532,21.0787,21.094,20.6667,20.7567
2018-01-02,65184192,20.8,21.474,20.7333,21.3687
2018-01-03,66577767,21.4,21.6833,21.0367,21.15
2018-01-04,149168820,20.858,21.2367,20.3787,20.9747
2018-01-05,68830886,21.108,21.1493,20.8,21.1053
2018-01-08,147489076,21.0667,22.468,21.0333,22.4273
2018-01-09,107017821,22.344,22.5867,21.827,22.246
2018-01-10,64545763,22.1467,22.4667,22.0,22.32
2018-01-11,99612895,22.3493,22.9873,22.2173,22.53
2018-01-12,72337599,22.5753,22.694,22.2447,22.4147
2018-01-16,96438462,22.5027,23.0,22.32,22.6707
2018-01-17,106388257,22.698,23.2667,22.65,23.144
2018-01-18,85194392,23.0447,23.4867,22.916,22.9713
2018-01-19,73067678,23.0,23.3727,22.84,23.3347
2018-01-22,92996609,23.2933,23.8553,23.28,23.4373
2018-01-23,81714289,24.0,24.0333,23.4,23.5193
2018-01-24,79160750,23.6387,23.65,22.9013,23.0593
2018-01-25,100878070,23.218,23.28,22.4267,22.5093
2018-01-26,68031821,22.7667,22.9333,22.3807,22.8567
2018-01-29,71073084,22.6567,23.39,22.552,23.302
2018-01-30,70660225,23.0093,23.218,22.8113,23.0547
2018-01-31,92990549,23.1673,23.746,23.0127,23.6207
2018-02-01,62811569,23.4,23.9773,23.242,23.2833
2018-02-02,55442327,23.2293,23.4633,22.7007,22.9167
2018-02-05,66617457,22.5313,22.9647,22.2,22.2087
2018-02-06,76200442,21.6807,22.4147,21.5667,22.2647
2018-02-07,100945180,22.5993,23.0667,22.3773,23.0
2018-02-08,154446223,22.8873,23.2413,20.9733,21.0153
2018-02-09,193866353,21.3287,21.399,19.6507,20.6947
2018-02-12,93367138,21.0753,21.2053,20.4167,21.0487
2018-02-13,68319431,21.0013,21.6127,20.834,21.5773
2018-02-14,59221125,21.3893,21.7447,21.2347,21.4873
2018-02-15,88647301,21.6333,22.2747,21.4933,22.271
2018-02-16,84602718,22.1667,22.8747,22.1093,22.366
2018-02-20,60089400,22.298,22.7227,22.1,22.318
2018-02-21,48108726,22.402,22.6462,22.2113,22.22
2018-02-22,104428148,22.3687,23.1627,22.3167,23.078
2018-02-23,87212611,23.1887,23.666,23.14,23.47
2018-02-26,65017467,23.5667,23.9333,23.4903,23.828
2018-02-27,71775294,23.75,23.9993,23.334,23.3993
2018-02-28,90990615,23.5047,23.6827,22.8147,22.8707
2018-03-01,103088228,23.0007,23.2447,22.0047,22.062
2018-03-02,76331797,21.7987,22.348,21.5313,22.3413
2018-03-05,57310501,22.1593,22.5167,21.9529,22.2233
2018-03-06,63547213,22.25,22.4247,21.802,21.88
2018-03-07,75029062,21.696,22.1667,21.4493,22.1533
2018-03-08,52715479,22.1907,22.22,21.7516,21.94
2018-03-09,82541644,21.6067,21.8993,21.4913,21.8113
2018-03-12,123793723,21.9073,23.1473,21.7667,23.034
2018-03-13,89409495,22.9947,23.008,22.4176,22.7893
2018-03-14,119282220,22.4507,22.654,21.5953,21.7753
2018-03-15,98318471,21.9587,22.19,21.4067,21.7067
2018-03-16,91700429,21.7307,21.8267,21.2713,21.4233
2018-03-19,112018294,21.1,21.3833,20.6447,20.904
2018-03-20,71415429,20.9913,21.0833,20.584,20.7033
2018-03-21,89313660,20.6833,21.496,20.6793,21.102
2018-03-22,73873883,20.926,21.2547,20.5453,20.6067
2018-03-23,99599350,20.75,20.774,20.03,20.1027
2018-03-26,125473992,20.4893,20.506,19.424,20.2787
2018-03-27,206805797,20.2667,20.2847,18.4787,18.612
2018-03-28,314434043,17.6387,17.912,16.8067,17.1853
2018-03-29,225216487,17.0993,18.064,16.5473,17.742
2018-04-02,241399229,17.084,17.3555,16.306,16.832
2018-04-03,282444609,17.988,18.2233,16.966,17.8353
2018-04-04,298202551,16.852,19.2247,16.8,19.1293
2018-04-05,285387757,19.2893,20.4173,19.2133,20.3813
2018-04-06,202747849,20.0667,20.6187,19.7,19.9533
2018-04-09,153621073,20.0247,20.6333,19.2807,19.3107
2018-04-10,165255067,19.9313,20.4733,19.5787,20.3133
2018-04-11,112053004,20.0493,20.5987,19.9773,20.062
2018-04-12,113932818,20.1547,20.2633,19.5787,19.6053
2018-04-13,109788320,20.24,20.2633,19.732,20.0227
2018-04-16,94342408,19.9333,19.9773,19.2673,19.414
2018-04-17,103967228,19.258,19.478,18.834,19.1793
2018-04-18,97973396,19.4053,20.016,19.2107,19.5567
2018-04-19,91256954,19.4053,20.0673,19.2367,20.0053
2018-04-20,84339408,19.678,19.9987,19.3167,19.3493
2018-04-23,73211108,19.4193,19.4413,18.822,18.8913
2018-04-24,85173587,19.0,19.1393,18.564,18.8973
2018-04-25,60006285,18.9,19.0107,18.4833,18.7127
2018-04-26,65221587,18.5833,19.0527,18.4333,19.032
2018-04-27,65202777,19.0247,19.6313,18.922,19.605
2018-04-30,63360988,19.574,19.9153,19.5,19.5933
2018-05-01,69224155,19.5673,20.0547,19.548,19.9947
2018-05-02,125192577,19.9047,20.4567,19.8523,20.0767
2018-05-03,260086220,18.586,19.2027,18.3487,18.9633
2018-05-04,128482526,18.8667,19.7907,18.6347,19.606
2018-05-07,130096285,19.8333,20.3973,19.678,20.1847
2018-05-08,88911661,20.053,20.5167,19.9333,20.1313
2018-05-09,85683782,20.0273,20.4673,20.0033,20.4567
2018-05-10,84641523,20.5,20.866,20.2741,20.3347
2018-05-11,69979780,20.5133,20.592,19.9387,20.0707
2018-05-14,108982461,20.2213,20.3293,19.4413,19.4647
2018-05-15,142646224,19.0007,19.1307,18.7,18.9453
2018-05-16,85044617,18.922,19.254,18.7707,19.0987
2018-05-17,66273837,19.06,19.2792,18.9313,18.9693
2018-05-18,108655431,18.9767,18.9767,18.2667,18.4547
2018-05-21,137517591,18.7553,19.4327,18.7533,18.966
2018-05-22,134077448,19.1841,19.2,18.2281,18.334
2018-05-23,89583510,18.5173,18.6607,18.2667,18.6047
2018-05-24,62561804,18.56,18.7407,18.326,18.5233
2018-05-25,58089286,18.5083,18.6427,18.374,18.59
2018-05-29,84857253,18.5673,19.1,18.41,18.9173
2018-05-30,112103794,18.886,19.667,18.7733,19.448
2018-05-31,88692331,19.1473,19.358,18.862,18.982
2018-06-01,81269719,19.0573,19.4633,18.9226,19.4547
2018-06-04,71906769,19.6227,19.9333,19.5699,19.7827
2018-06-05,88168051,19.8467,19.8533,19.116,19.4087
2018-06-06,281135859,20.0333,21.478,19.832,21.3
2018-06-07,215041542,21.0767,22.0,20.9053,21.0727
2018-06-08,122882564,21.2667,21.632,21.1433,21.1773
2018-06-11,197490651,21.5007,22.3107,21.5,22.14
2018-06-12,333846283,22.98,23.6647,22.5333,22.8513
2018-06-13,141021934,23.1137,23.1467,22.6533,22.9853
2018-06-14,164417168,23.1753,23.9167,23.1067,23.848
2018-06-15,162413319,23.5893,24.3113,23.4167,23.878
2018-06-18,180381660,23.6933,24.9153,23.6333,24.722
2018-06-19,191022504,24.344,24.6667,23.0833,23.5033
2018-06-20,125553957,23.8693,24.292,23.4667,24.148
2018-06-21,119247630,24.1333,24.4143,23.0847,23.1673
2018-06-22,153806473,23.436,23.4833,22.1333,22.242
2018-06-25,103876283,22.008,22.5647,21.8333,22.2007
2018-06-26,111521179,22.4036,22.9033,21.7199,22.8
2018-06-27,124707193,23.0,23.386,22.6333,22.9667
2018-06-28,125822517,23.244,23.8013,23.074,23.3287
2018-06-29,97138496,23.5553,23.5907,22.8273,22.8633
2018-07-02,280990510,24.0047,24.3187,21.99,22.338
2018-07-03,184239508,22.1167,22.166,20.646,20.724
2018-07-05,261863419,20.9173,20.9593,19.748,20.6107
2018-07-06,132902904,20.3303,20.8047,20.1333,20.5933
2018-07-09,113693058,20.7993,21.2347,20.5333,21.234
2018-07-10,141563284,21.6373,21.8452,21.28,21.498
2018-07-11,73178888,21.0533,21.4627,21.0047,21.264
2018-07-12,85677722,21.4287,21.5487,20.8513,21.114
2018-07-13,88001596,21.0387,21.3057,20.6167,21.258
2018-07-16,117006751,20.7807,21.0107,20.4167,20.6733
2018-07-17,104816678,20.5873,21.6493,20.5667,21.5127
2018-07-18,84151233,21.6667,21.7,21.0833,21.59
2018-07-19,88606696,21.0887,21.5693,20.934,21.3487
2018-07-20,77397426,21.4153,21.5493,20.7806,20.9053
2018-07-23,164622218,20.1227,20.3667,19.524,20.2133
2018-07-24,143792718,20.2947,20.5145,19.503,19.8287
2018-07-25,105470677,19.7827,20.6413,19.6335,20.5827
2018-07-26,69293470,20.3233,20.7133,20.2428,20.4433
2018-07-27,85420307,20.4833,20.5129,19.6894,19.812
2018-07-30,101993664,19.7267,19.74,19.0753,19.3447
2018-07-31,75826372,19.4833,19.888,19.2713,19.876
2018-08-01,131521419,19.866,20.2,19.5333,20.056
2018-08-02,347387226,21.896,23.3327,21.544,23.3027
2018-08-03,204699498,23.1873,23.6667,22.8353,23.2113
2018-08-06,128051426,23.0307,23.6653,22.788,22.7993
2018-08-07,458945771,22.9227,25.8307,22.61,25.3047
2018-08-08,368031116,24.606,25.5093,24.4747,24.6893
2018-08-09,254276873,24.37,24.4673,23.0487,23.4967
2018-08-10,172957564,23.6,24.0,23.0667,23.6993
2018-08-13,156673722,24.0753,24.2127,23.268,23.7607
2018-08-14,104227613,23.8967,23.9466,23.14,23.176
2018-08-15,136095427,22.7937,22.966,22.1427,22.5793
2018-08-16,90680835,22.6607,22.8187,22.2547,22.3633
2018-08-17,283438058,21.5667,21.7847,20.2353,20.3667
2018-08-20,260706320,19.4469,20.5667,19.2133,20.5627
2018-08-21,197216451,20.7073,21.6527,20.6,21.46
2018-08-22,89037750,21.3913,21.592,20.978,21.4427
2018-08-23,77080236,21.276,21.8213,21.2067,21.34
2018-08-24,53890983,21.38,21.59,21.2933,21.5213
2018-08-27,195939652,21.2,21.4957,20.5873,21.2847
2018-08-28,114591738,21.2273,21.2587,20.746,20.7907
2018-08-29,111158014,20.6847,20.79,20.246,20.334
2018-08-30,108159321,20.1507,20.3067,19.848,20.21
2018-08-31,80505680,20.1333,20.3539,19.9067,20.1107
2018-09-04,124568503,19.796,19.8793,19.2,19.2633
2018-09-05,115610072,19.0033,19.1187,18.4787,18.716
2018-09-06,112091284,18.9867,19.4113,18.592,18.73
2018-09-07,336634482,17.34,17.89,16.817,17.5493
2018-09-10,213483643,18.2173,19.0687,18.0667,19.0333
2018-09-11,137415846,18.6313,18.8,18.2367,18.6293
2018-09-12,150032175,18.7627,19.5,18.5764,19.3693
2018-09-13,94999168,19.2013,19.6667,19.012,19.2973
2018-09-14,101364729,19.2507,19.8217,19.1013,19.68
2018-09-17,102993069,19.336,20.058,19.2087,19.656
2018-09-18,247414076,19.7793,20.176,18.3667,18.9973
2018-09-19,123965233,18.7007,20.0,18.7,19.9347
2018-09-20,109987100,20.2373,20.3987,19.5553,19.8887
2018-09-21,75577417,19.8467,20.0387,19.6913,19.94
2018-09-24,72515724,19.8987,20.2,19.572,19.9787
2018-09-25,67084271,20.0,20.3067,19.7667,20.066
2018-09-26,117537886,20.1273,20.926,20.074,20.6387
2018-09-27,110066345,20.86,20.9973,20.4607,20.5013
2018-09-28,503959098,18.0173,18.5333,17.3703,17.6513
2018-10-01,325712987,20.3847,20.7627,20.07,20.7133
2018-10-02,175495262,20.93,21.1227,19.9433,20.068
2018-10-03,119734020,20.222,20.3067,19.438,19.6533
2018-10-04,144583203,19.5967,19.6,18.5113,18.7887
2018-10-05,268510516,18.31,18.3253,17.3333,17.4633
2018-10-08,200567600,17.6347,17.8507,16.6,16.704
2018-10-09,180566610,17.0167,17.7847,16.8867,17.52
2018-10-10,191723304,17.6407,17.7007,16.518,17.1253
2018-10-11,121922699,17.1687,17.4833,16.602,16.8153
2018-10-12,107838801,17.4,17.466,16.8007,17.252
2018-10-15,92835344,17.2707,17.552,16.9691,17.306
2018-10-16,142516729,17.7133,18.4917,17.4827,18.4393
2018-10-17,129554170,18.8267,18.8467,17.7202,18.1187
2018-10-18,81028024,17.9527,18.0667,17.5333,17.594
2018-10-19,140171390,17.826,17.9773,16.9,17.3333
2018-10-22,83922783,17.3787,17.4573,16.8393,17.3967
2018-10-23,284343008,17.5913,19.862,17.4733,19.6093
2018-10-24,290256605,20.07,20.296,19.0487,19.2333
2018-10-25,311574894,21.148,21.4,20.0673,20.9907
2018-10-26,410703095,20.55,22.66,20.4433,22.06
2018-10-29,216827142,22.498,23.144,21.7667,22.3233
2018-10-30,136636732,21.8927,22.5267,21.484,21.9933
2018-10-31,114012543,22.1693,22.8,21.94,22.488
2018-11-01,119714130,22.5507,23.1893,22.315,22.952
2018-11-02,116998742,22.916,23.28,22.7273,23.094
2018-11-05,117312616,22.7,22.9303,22.0093,22.76
2018-11-06,101278899,22.6047,23.2533,22.406,22.7373
2018-11-07,110500535,22.8893,23.412,22.72,23.2107
2018-11-08,106202992,23.2333,23.8384,23.2293,23.4267
2018-11-09,76401802,23.2667,23.6,23.0153,23.3673
2018-11-12,103754423,23.2247,23.3187,22.0227,22.0853
2018-11-13,81341299,22.2107,22.98,22.1467,22.582
2018-11-14,75481207,22.8467,23.1407,22.4767,22.9333
2018-11-15,69001915,22.822,23.2387,22.6027,23.2293
2018-11-16,107916816,23.0127,23.7133,23.008,23.6207
2018-11-19,145478312,23.756,24.45,23.5253,23.5647
2018-11-20,119868735,22.7833,23.32,22.2367,23.166
2018-11-21,70160800,23.4667,23.54,22.4933,22.546
2018-11-23,63039598,22.2897,22.5,21.7033,21.722
2018-11-26,119596725,21.6667,23.0813,21.6667,23.0667
2018-11-27,95205012,22.67,23.1307,22.3667,22.928
2018-11-28,61710539,23.066,23.2187,22.814,23.1913
2018-11-29,46140367,23.1333,23.1667,22.6367,22.7447
2018-11-30,84316518,22.7887,23.44,22.551,23.3653
2018-12-03,124437583,24.0,24.4,23.4667,23.8993
2018-12-04,126453132,23.7367,24.5787,23.4667,23.98
2018-12-06,117430276,23.734,24.492,23.384,24.204
2018-12-07,172265164,24.6,25.2993,23.8433,23.8643
2018-12-10,98630066,24.0,24.3987,23.5413,24.3433
2018-12-11,94477033,24.6607,24.8113,24.0153,24.4507
2018-12-12,75295837,24.628,24.794,24.344,24.44
2018-12-13,110222465,24.6767,25.1627,24.45,25.1193
2018-12-14,94914328,25.0,25.1913,24.2887,24.3807
2018-12-17,114972423,24.1333,24.38,22.9253,23.228
2018-12-18,106273252,23.3693,23.4367,22.246,22.4687
2018-12-19,123845548,22.5067,23.134,21.9827,22.198
2018-12-20,135740767,21.8036,22.0193,20.7913,21.0253
2018-12-21,119958225,21.16,21.5647,20.8293,21.318
2018-12-24,83398653,20.9,20.9667,19.6797,19.6927
2018-12-26,122146469,20.0,21.798,19.606,21.7393
2018-12-27,128510711,21.3227,21.4781,20.1,21.0753
2018-12-28,148781581,21.54,22.416,21.2273,22.258
2018-12-31,94414423,22.5193,22.614,21.684,22.1867
2019-01-02,174168963,20.4067,21.0087,19.92,20.6747
2019-01-03,104228603,20.4667,20.6267,19.8253,20.024
2019-01-04,110741270,20.4,21.2,20.182,21.1793
2019-01-07,113135013,21.448,22.4493,21.1834,22.3307
2019-01-08,104916353,22.7973,22.934,21.8013,22.3567
2019-01-09,81399229,22.3667,22.9002,22.098,22.5687
2019-01-10,90744270,22.2933,23.026,22.1193,22.998
2019-01-11,75526132,22.806,23.2273,22.5847,23.1507
2019-01-14,78490311,22.8253,22.8333,22.2667,22.2933
2019-01-15,90718305,22.3333,23.2533,22.3,22.962
2019-01-16,70158370,22.9853,23.4667,22.9,23.07
2019-01-17,54917403,23.0807,23.4333,22.9433,23.154
2019-01-18,361188719,21.5333,21.8087,19.982,20.1507
2019-01-22,180781860,20.3213,20.5333,19.7,19.928
2019-01-23,187696106,19.5,19.6333,18.7793,19.1727
2019-01-24,119863605,18.8687,19.5787,18.6189,19.434
2019-01-25,106541662,19.626,19.9013,19.3033,19.8027
2019-01-28,96142107,19.5273,19.8307,19.1833,19.7587
2019-01-29,69043960,19.6847,19.9038,19.4533,19.8307
2019-01-30,158910521,20.03,20.6,19.8993,20.5847
2019-01-31,188177756,20.0667,20.7709,19.6,20.468
2019-02-01,108954216,20.3613,21.0733,20.2333,20.814
2019-02-04,110161085,20.8653,21.02,20.1253,20.8593
2019-02-05,101021034,20.8327,21.496,20.8166,21.4233
2019-02-06,75470482,21.306,21.616,21.0416,21.148
2019-02-07,97677401,20.8867,20.98,20.2,20.5007
2019-02-08,87526126,20.4553,20.4963,19.9,20.3867
2019-02-11,106710127,20.7733,21.24,20.7,20.856
2019-02-12,82281244,21.08,21.2127,20.6413,20.7873
2019-02-13,76955932,20.8233,20.85,20.3713,20.5447
2019-02-14,77863266,20.2253,20.4513,20.0667,20.2513
2019-02-15,58437196,20.3,20.5333,20.26,20.5253
2019-02-19,61807769,20.4373,20.7696,20.3647,20.376
2019-02-20,106994482,20.294,20.42,19.9333,20.1707
2019-02-21,133212383,20.1207,20.216,19.3667,19.4153
2019-02-22,85970657,19.6327,19.7667,19.4733,19.6473
2019-02-25,93205468,19.8607,20.1936,19.8,19.918
2019-02-26,128574071,19.4813,20.134,19.2513,19.8573
2019-02-27,167161416,20.1187,21.0863,20.0367,20.9827
2019-02-28,144993288,21.2613,21.3333,20.7207,21.3253
2019-03-01,342731079,20.4627,20.4753,19.46,19.6527
2019-03-04,256033222,19.8747,19.9333,18.852,19.024
2019-03-05,280946860,18.8,18.9333,18.0067,18.436
2019-03-06,154790473,18.432,18.7671,18.2927,18.416
2019-03-07,141160384,18.5893,18.98,18.2833,18.4393
2019-03-08,132086514,18.4607,19.0393,18.3927,18.9427
2019-03-11,110584415,18.9013,19.4187,18.7,19.3947
2019-03-12,112320499,19.0993,19.2047,18.7373,18.8907
2019-03-13,102267759,18.9267,19.466,18.8467,19.264
2019-03-14,105722017,19.4967,19.6927,19.2193,19.3307
2019-03-15,221360289,18.9007,18.915,18.2933,18.362
2019-03-18,153974323,18.4,18.5367,17.82,17.966
2019-03-19,176614862,17.8333,18.22,17.564,17.8313
2019-03-20,103229588,17.9793,18.3313,17.7533,18.24
2019-03-21,88963831,18.1733,18.43,17.8967,18.268
2019-03-22,130829185,18.172,18.1867,17.6,17.6353
2019-03-25,153076123,17.314,17.5453,16.964,17.3613
2019-03-26,110127965,17.6293,18.0173,17.6287,17.8513
2019-03-27,131285694,17.9167,18.358,17.8789,18.322
2019-03-28,101473764,18.4773,18.6887,18.34,18.5747
2019-03-29,89705280,18.58,18.6773,18.3,18.6573
2019-04-01,121396949,18.8413,19.28,18.7521,19.2787
2019-04-02,81407719,19.22,19.296,18.9253,19.0587
2019-04-03,118749691,19.1547,19.7447,19.1447,19.454
2019-04-04,355202372,17.4593,18.08,17.3727,17.852
2019-04-05,195341002,17.9907,18.4067,17.7407,18.3307
2019-04-08,155468922,18.5127,18.744,18.0293,18.2133
2019-04-09,88398661,18.11,18.3333,17.974,18.154
2019-04-10,105675457,18.4493,18.5587,18.1928,18.404
2019-04-11,146719337,17.8867,18.0333,17.7067,17.8947
2019-04-12,101030739,18.0147,18.13,17.7887,17.8467
2019-04-15,150487275,17.9087,17.9253,17.242,17.7587
2019-04-16,108997506,17.7167,18.3333,17.648,18.224
2019-04-17,76770127,18.3167,18.3193,17.9023,18.082
2019-04-18,87922126,18.082,18.3227,17.9833,18.2173
2019-04-22,181525259,17.9333,17.9787,17.4987,17.5167
2019-04-23,163640168,17.3433,17.7067,17.05,17.5933
2019-04-24,144855843,17.59,17.688,17.2,17.244
2019-04-25,327350536,17.0,17.2667,16.4047,16.5087
2019-04-26,332267234,16.4333,16.4453,15.4087,15.676
2019-04-29,250299175,15.724,16.2653,15.478,16.098
2019-04-30,141704404,16.1373,16.2807,15.8,15.9127
2019-05-01,160565170,15.9233,16.0,15.4333,15.6007
2019-05-02,272389964,16.368,16.4753,15.848,16.2733
2019-05-03,355601372,16.2573,17.1073,16.2327,17.002
2019-05-06,162509019,16.668,17.2233,16.5667,17.0227
2019-05-07,151971074,17.12,17.1473,16.34,16.4707
2019-05-08,92646554,16.4627,16.7066,16.28,16.3227
2019-05-09,100670680,16.1333,16.2453,15.7962,16.132
2019-05-10,105124987,15.9833,16.1327,15.7347,15.968
2019-05-13,162521919,15.4673,15.498,14.9667,15.134
2019-05-14,108786126,15.2867,15.6333,15.2,15.4873
2019-05-15,109439585,15.288,15.496,15.0167,15.4633
2019-05-16,112249039,15.2993,15.4,15.1,15.222
2019-05-17,266799917,14.7973,14.816,13.928,14.0687
2019-05-20,307892846,13.52,13.7333,13.0167,13.6907
2019-05-21,270058365,13.184,13.8267,13.0693,13.672
2019-05-22,280277710,13.2733,13.596,12.7853,12.8487
2019-05-23,398206901,12.956,13.2977,12.4147,13.0327
2019-05-24,212048444,13.322,13.332,12.5834,12.7087
2019-05-28,154693423,12.7467,13.0,12.5233,12.58
2019-05-29,179529510,12.4733,12.826,12.336,12.6573
2019-05-30,118897066,12.5833,12.817,12.468,12.548
2019-05-31,156100872,12.34,12.6614,12.2733,12.344
2019-06-03,195966052,12.3673,12.4453,11.7995,11.9313
2019-06-04,207112696,12.0733,12.932,11.974,12.9067
2019-06-05,202661299,13.2453,13.4186,12.7899,13.106
2019-06-06,303632098,13.6293,14.0667,13.4533,13.73
2019-06-07,240052830,13.6667,14.0563,13.5666,13.6333
2019-06-10,158775521,14.0167,14.4627,13.934,14.192
2019-06-11,174803013,14.6096,14.7267,14.2333,14.4733
2019-06-12,227962986,14.8633,14.892,13.9333,13.9507
2019-06-13,122523839,14.0253,14.3267,13.834,14.2607
2019-06-14,111500974,14.0833,14.4433,14.0267,14.328
2019-06-17,184751908,14.3653,15.1333,14.2847,15.002
2019-06-18,190736755,15.248,15.6493,14.8373,14.9827
2019-06-19,98626976,15.0073,15.1847,14.7373,15.0953
2019-06-20,177951811,14.8667,15.1267,14.4233,14.6413
2019-06-21,123031108,14.4147,14.812,14.3667,14.7907
2019-06-24,86261522,14.8827,15.0573,14.7347,14.9093
2019-06-25,92731019,14.9593,15.0227,14.6327,14.6507
2019-06-26,127608056,14.6873,15.1487,14.54,14.618
2019-06-27,95095602,14.63,14.86,14.49,14.856
2019-06-28,102770709,14.7327,15.0113,14.72,14.8973
2019-07-01,123569398,15.3473,15.54,15.0853,15.1447
2019-07-02,138885336,15.2593,15.2767,14.8147,14.97
2019-07-03,213017143,15.9593,16.1047,15.634,15.66
2019-07-05,105986017,15.638,15.6967,15.3867,15.54
2019-07-08,88208086,15.416,15.4833,15.244,15.356
2019-07-09,92862479,15.2647,15.4,15.152,15.3373
2019-07-10,137185971,15.61,15.9293,15.5427,15.928
2019-07-11,112716394,15.876,16.1,15.72,15.9067
2019-07-12,138007746,15.9833,16.3587,15.9807,16.3387
2019-07-15,165001267,16.5333,16.9613,16.324,16.9
2019-07-16,122234774,16.62,16.902,16.5288,16.8253
2019-07-17,146470832,17.0447,17.2207,16.89,16.9907
2019-07-18,71467209,17.0033,17.05,16.7923,16.9027
2019-07-19,105726097,17.046,17.3307,16.9747,17.212
2019-07-22,102694044,17.25,17.477,16.9461,17.0453
2019-07-23,75346777,17.114,17.3653,16.9667,17.3447
2019-07-24,166092517,17.278,17.738,17.2107,17.6587
2019-07-25,336273582,15.5667,15.6333,15.0367,15.2547
2019-07-26,150415425,15.128,15.3507,14.8167,15.2027
2019-07-29,139099895,15.1393,15.7293,15.0688,15.718
2019-07-30,121635149,15.5267,16.224,15.4787,16.1507
2019-07-31,137673051,16.2,16.4453,15.7767,16.1073
2019-08-01,123892678,16.1767,16.3007,15.4513,15.59
2019-08-02,92047169,15.4233,15.7513,15.282,15.6227
2019-08-05,105424132,15.3067,15.4245,15.0517,15.2213
2019-08-06,83462958,15.4587,15.5,15.05,15.3833
2019-08-07,71647464,15.1,15.5713,15.0533,15.5613
2019-08-08,79115195,15.63,15.9867,15.51,15.8867
2019-08-09,58473631,15.7369,15.9307,15.5873,15.6673
2019-08-12,69959020,15.5327,15.718,15.25,15.2673
2019-08-13,73034933,15.254,15.7333,15.17,15.6667
2019-08-14,143438793,15.414,15.4333,14.446,14.6413
2019-08-15,123479218,14.724,14.7707,14.1033,14.376
2019-08-16,78110601,14.444,14.816,14.4013,14.6627
2019-08-19,79676180,14.9473,15.1887,14.78,15.122
2019-08-20,62557874,15.1747,15.2727,14.9693,15.0573
2019-08-21,116996102,14.8007,14.8813,14.5067,14.722
2019-08-22,98474411,14.8533,15.0267,14.548,14.81
2019-08-23,128395496,14.6647,14.7447,14.0667,14.0933
2019-08-26,75816172,14.24,14.3347,14.1027,14.3333
2019-08-27,81310864,14.3827,14.5867,14.1353,14.272
2019-08-28,48579351,14.246,14.4833,14.154,14.3727
2019-08-29,77746521,14.6,14.8933,14.5333,14.7807
2019-08-30,139916555,15.2767,15.496,14.9475,15.0407
2019-09-03,80408150,14.9387,15.2633,14.8773,15.0007
2019-09-04,86530397,15.126,15.2307,14.6137,14.712
2019-09-05,111049774,14.8333,15.32,14.7233,15.3053
2019-09-06,62840549,15.1467,15.3093,15.0113,15.1633
2019-09-09,72039999,15.3333,15.584,15.282,15.4527
2019-09-10,73255673,15.3867,15.7027,15.2627,15.7027
2019-09-11,150641625,15.8253,16.5449,15.7333,16.4733
2019-09-12,128718086,16.5133,16.9,16.2933,16.3913
2019-09-13,79697135,16.464,16.5633,16.3243,16.3467
2019-09-16,70921405,16.4,16.4953,16.078,16.1873
2019-09-17,59203605,16.1647,16.3733,16.0247,16.3193
2019-09-18,63421513,16.3333,16.5446,16.158,16.2327
2019-09-19,73246988,16.4,16.5293,16.3227,16.44
2019-09-20,97593911,16.4327,16.4631,15.8773,16.0413
2019-09-23,65874417,16.0,16.3453,15.948,16.082
2019-09-24,194116553,16.1013,16.1327,14.8407,14.8807
2019-09-25,141664219,14.9707,15.2653,14.5573,15.2467
2019-09-26,181181759,15.3773,16.2207,15.16,16.1707
2019-09-27,166847617,16.1467,16.5807,15.9153,16.142
2019-09-30,89192370,16.2,16.2653,15.7407,16.058
2019-10-01,92944304,16.1,16.3967,15.942,16.3127
2019-10-02,93848173,16.2193,16.31,15.962,16.2087
2019-10-03,227066286,15.4573,15.632,14.952,15.5353
2019-10-04,120317640,15.4407,15.652,15.2047,15.4287
2019-10-07,121304294,15.32,15.904,15.2367,15.848
2019-10-08,130535005,15.7247,16.2627,15.6333,16.0033
2019-10-09,104025443,16.088,16.4863,16.0433,16.302
2019-10-10,94701208,16.352,16.6187,16.1053,16.316
2019-10-11,127322321,16.4767,16.7387,16.454,16.526
2019-10-14,153402823,16.5267,17.2367,16.4753,17.1307
2019-10-15,97191791,17.18,17.3333,16.9413,17.1927
2019-10-16,100564495,17.1593,17.4733,17.128,17.3167
2019-10-17,71685609,17.5,17.652,17.3447,17.4647
2019-10-18,86304947,17.38,17.52,17.0067,17.13
2019-10-21,76621477,17.222,17.3,16.6787,16.9
2019-10-22,69376390,16.9547,17.222,16.7233,17.0387
2019-10-23,168242616,16.9667,17.076,16.7567,16.9787
2019-10-24,447288226,19.8913,20.3287,19.28,19.9787
2019-10-25,450091125,19.848,22.0,19.7407,21.8753
2019-10-28,283054208,21.836,22.7227,21.5067,21.8473
2019-10-29,190263955,21.3327,21.62,20.9833,21.0813
2019-10-30,144627078,20.8667,21.2527,20.6647,21.0007
2019-10-31,76004302,20.8733,21.2667,20.8667,20.9947
2019-11-01,95758887,21.088,21.0987,20.6533,20.8873
2019-11-04,131805534,20.9867,21.4627,20.6173,21.1647
2019-11-05,104151203,21.308,21.5673,21.0745,21.148
2019-11-06,119113920,21.2,21.7813,20.9667,21.772
2019-11-07,217010141,21.9427,22.7667,21.868,22.3693
2019-11-08,91113269,22.3,22.4973,22.1667,22.476
2019-11-11,149905260,22.93,23.2793,22.8,23.006
2019-11-12,110390690,23.1267,23.358,22.936,23.3287
2019-11-13,127017881,23.6667,23.7553,23.012,23.074
2019-11-14,97075496,23.074,23.5893,22.8607,23.29
2019-11-15,72188409,23.376,23.52,23.224,23.478
2019-11-18,66127542,23.5278,23.5433,23.0733,23.3327
2019-11-19,116041112,23.45,23.9993,23.1867,23.968
2019-11-20,101009424,24.0,24.08,23.3047,23.4813
2019-11-21,91650149,23.634,24.056,23.6003,23.6553
2019-11-22,253059473,22.6773,22.7333,22.0,22.2027
2019-11-25,185186457,22.9547,22.9713,22.2973,22.4227
2019-11-26,119343525,22.3513,22.3667,21.8067,21.928
2019-11-27,83451843,22.0747,22.262,21.9047,22.086
2019-11-29,36984417,22.074,22.084,21.8333,21.996
2019-12-02,91229744,21.96,22.4255,21.9125,22.3247
2019-12-03,99202090,22.1747,22.5273,22.1457,22.4133
2019-12-04,83043783,22.5167,22.524,22.19,22.202
2019-12-05,56054612,22.1887,22.2949,21.8167,22.0247
2019-12-06,114283998,22.3333,22.5907,22.318,22.3927
2019-12-09,135603187,22.4393,22.9633,22.3387,22.6353
2019-12-10,132599199,22.664,23.382,22.6207,23.256
2019-12-11,103787378,23.4584,23.8127,23.406,23.5133
2019-12-12,116643107,23.6613,24.1827,23.5487,23.9787
2019-12-13,98614166,24.07,24.3473,23.6427,23.8927
2019-12-16,273313963,24.17,25.574,24.1667,25.4333
2019-12-17,127556561,25.266,25.7,25.06,25.266
2019-12-18,212045744,25.3753,26.348,25.372,26.21
2019-12-19,271804514,26.488,27.1233,26.4333,26.936
2019-12-20,221778039,27.3527,27.5333,26.679,27.0393
2019-12-23,199992200,27.452,28.134,27.3333,27.948
2019-12-24,120820740,27.8907,28.3647,27.5125,28.35
2019-12-26,159724270,28.5273,28.8987,28.4233,28.7293
2019-12-27,149352330,29.0,29.0207,28.4073,28.692
2019-12-30,189018955,28.586,28.6,27.2839,27.6467
2019-12-31,154386823,27.0,28.086,26.8053,27.8887
2020-01-02,143375718,28.3,28.7131,28.114,28.684
2020-01-03,266920367,29.3667,30.2667,29.128,29.534
2020-01-06,152362424,29.3647,30.104,29.3333,30.1027
2020-01-07,273136963,30.76,31.442,30.2237,31.2707
2020-01-08,467990616,31.58,33.2327,31.2153,32.8093
2020-01-09,426947637,33.14,33.2533,31.5247,32.0893
2020-01-10,194652353,32.1193,32.3293,31.58,31.8767
2020-01-13,399518050,32.9,35.042,32.8,34.9907
2020-01-14,435920482,36.2837,36.494,34.9934,35.8614
2020-01-15,260532320,35.3174,35.856,34.4524,34.5667
2020-01-16,326049587,32.9167,34.2974,32.8113,34.2327
2020-01-17,204435948,33.8407,34.378,33.544,34.0334
2020-01-21,267051916,35.35,36.572,35.2274,36.48
2020-01-22,470535215,38.126,39.6334,37.2734,37.9707
2020-01-23,294765453,37.6167,38.8,37.0402,38.1467
2020-01-24,215303892,38.042,38.2574,36.9507,37.6547
2020-01-27,204120948,36.1327,37.6294,35.952,37.2014
2020-01-28,176827262,37.8994,38.454,37.2054,37.7934
2020-01-29,273249913,38.3794,39.32,37.8287,38.7327
2020-01-30,435084982,42.1614,43.392,41.2,42.7207
2020-01-31,235788932,42.6667,43.5334,42.168,43.3714
2020-02-03,708502146,44.9127,52.4094,44.9014,52.0
2020-02-04,914080943,58.864,64.5994,55.592,59.1374
2020-02-05,726357237,54.884,56.3987,46.9407,48.98
2020-02-06,598210951,46.6614,53.0554,45.8,49.9307
2020-02-07,255952672,48.7034,51.3167,48.6667,49.8714
2020-02-10,370337215,53.3334,54.666,50.16,51.4187
2020-02-11,175461962,51.2527,52.2338,50.5334,51.6254
2020-02-12,180336960,51.858,52.65,50.8914,51.1527
2020-02-13,394340053,49.456,54.5334,49.0,53.6
2020-02-14,235405532,52.4814,54.198,52.3667,53.3354
2020-02-18,250475425,56.1067,57.3334,55.4907,57.2267
2020-02-19,381344209,61.5667,62.9854,60.068,61.1614
2020-02-20,264523218,60.7967,60.8,57.3294,59.9607
2020-02-21,215091642,60.4654,60.8707,58.6967,60.0667
2020-02-24,227882286,55.9334,57.5667,54.8134,55.586
2020-02-25,259357070,56.6,57.1067,52.4667,53.3274
2020-02-26,212307494,52.1667,54.2207,51.7407,51.92
2020-02-27,364157218,48.6667,49.318,44.6,45.2667
2020-02-28,368462366,41.98,46.0347,40.768,44.5327
2020-03-02,302924699,47.4174,49.5794,45.778,49.5747
2020-03-03,386759807,53.6667,53.7987,47.7407,49.7007
2020-03-04,225734587,50.9307,51.1014,48.3157,49.9667
2020-03-05,162789819,48.2514,49.7167,47.8714,48.3027
2020-03-06,189943705,46.0003,47.1334,45.618,46.8987
2020-03-09,256105972,40.3594,44.1999,40.3334,40.5334
2020-03-10,233916483,43.962,44.5334,40.5334,43.022
2020-03-11,201203749,42.68,43.572,40.8667,42.282
2020-03-12,283635608,38.726,39.6334,36.4167,37.37
2020-03-13,339603580,39.6667,40.5047,33.4667,36.4414
2020-03-16,307341746,31.3,32.9913,29.478,29.6713
2020-03-17,359918520,29.334,31.4567,26.4,28.68
2020-03-18,356792222,25.9333,26.9907,23.3673,24.0813
2020-03-19,452931674,24.9798,30.1333,23.8973,28.5093
2020-03-20,424282288,29.2133,31.8,28.386,28.502
2020-03-23,246818127,28.9067,29.4667,27.3667,28.9527
2020-03-24,343427378,31.82,34.246,31.6,33.6667
2020-03-25,318341091,36.35,37.1334,34.074,35.95
2020-03-26,261331069,36.4927,37.3334,34.15,35.2107
2020-03-27,215661042,33.6667,35.0534,32.9353,34.2907
2020-03-30,179970960,34.0174,34.4432,32.7487,33.4754
2020-03-31,266572217,33.4167,36.1974,33.1333,34.9334
2020-04-01,200297600,33.6,34.2637,31.6733,32.104
2020-04-02,297876301,32.0687,32.9507,29.76,30.298
2020-04-03,338431031,33.9667,34.366,31.226,32.0007
2020-04-06,223527488,34.08,34.7334,33.1973,34.416
2020-04-07,268796566,36.3334,37.6667,35.4894,36.3634
2020-04-08,189840205,36.9467,37.1472,35.5554,36.5894
2020-04-09,204749898,37.4727,38.3455,37.1407,38.2
2020-04-13,337131131,39.344,43.4667,38.702,43.3967
2020-04-14,458647421,46.598,49.4587,46.162,47.326
2020-04-15,353654823,49.4667,50.2087,47.3334,48.6554
2020-04-16,309867745,47.796,50.63,47.1144,49.6807
2020-04-17,196923352,51.4854,51.6634,49.844,50.2594
2020-04-20,221195439,48.8467,51.038,47.4807,49.7574
2020-04-21,303136198,48.6747,50.222,44.9194,45.7814
2020-04-22,213372343,46.932,48.9334,45.914,48.8074
2020-04-23,198550401,48.5067,48.9334,46.8754,47.042
2020-04-24,198564051,47.3874,48.7154,46.5454,48.3434
2020-04-27,310221445,49.174,53.2994,49.0,53.25
2020-04-28,228329286,53.0427,53.6667,50.446,51.2747
2020-04-29,243239578,52.678,53.5467,52.2107,53.3674
2020-04-30,427077536,57.0127,57.988,50.9,52.1254
2020-05-01,487976906,50.3334,51.518,45.536,46.7547
2020-05-04,288556206,46.7334,50.8,46.5334,50.746
2020-05-05,254874773,52.6527,53.2614,50.812,51.214
2020-05-06,166848367,51.7667,52.6534,50.7407,52.172
2020-05-07,172915264,51.814,53.0934,51.49,52.0027
2020-05-08,241951229,52.918,54.9334,52.4674,54.628
2020-05-11,247793876,52.7007,54.9334,52.3334,54.086
2020-05-12,238603531,55.1334,56.2194,53.8667,53.9607
2020-05-13,285982207,54.722,55.0667,50.8867,52.7307
2020-05-14,205232747,52.0,53.5574,50.9334,53.5554
2020-05-15,157776371,52.69,53.6699,52.4368,53.278
2020-05-18,175471412,55.1854,55.648,53.592,54.242
2020-05-19,144547758,54.3447,54.8047,53.7387,53.8674
2020-05-20,109639010,54.7,55.0667,54.12,54.3707
2020-05-21,183818608,54.4,55.5,53.0667,55.1734
2020-05-22,149812050,54.8116,55.452,54.1334,54.4587
2020-05-26,121345979,55.6334,55.64,54.3804,54.5914
2020-05-27,173242863,54.724,55.1807,52.3334,54.682
2020-05-28,109136555,54.234,54.9834,53.446,53.7207
2020-05-29,177187261,53.9167,55.6667,53.614,55.6667
2020-06-01,226279387,57.2,59.9334,56.94,59.8734
2020-06-02,203483898,59.6467,60.5774,58.0667,58.7707
2020-06-03,119241975,59.208,59.8627,58.6734,58.864
2020-06-04,133315628,59.3254,59.7167,57.2294,57.6254
2020-06-05,117178696,58.5227,59.1014,57.7467,59.044
2020-06-08,212620844,61.2667,63.3334,60.6107,63.328
2020-06-09,170822165,62.6674,63.6294,61.5954,62.7114
2020-06-10,278451011,66.1254,68.4987,65.5,68.3367
2020-06-11,238747081,66.0134,67.9307,64.8,64.856
2020-06-12,251450424,65.3334,65.8654,60.84,62.352
2020-06-15,235457582,61.186,66.5894,60.5667,66.06
2020-06-16,210766095,67.4567,67.5254,64.1594,65.4754
2020-06-17,148361926,65.8474,67.0,65.5048,66.1194
2020-06-18,146278967,66.8667,67.9467,66.2981,66.9307
2020-06-19,130196170,67.5187,67.7314,66.0894,66.7267
2020-06-22,95435202,66.6634,67.2587,66.0014,66.288
2020-06-23,95479017,66.592,67.4667,66.2674,66.7854
2020-06-24,164393768,66.274,66.7257,63.5428,64.0567
2020-06-25,138818166,63.618,65.732,62.4767,65.732
2020-06-26,132823554,66.3187,66.3334,63.658,63.9827
2020-06-29,135395992,64.6007,67.3334,63.2347,67.29
2020-06-30,253777373,67.1,72.5127,66.9154,71.9874
2020-07-01,199903400,72.2,75.6887,72.0334,74.642
2020-07-02,258751671,81.432,81.8667,79.04,80.5774
2020-07-06,308547746,85.1127,91.8527,84.403,91.4387
2020-07-07,322344739,93.6674,95.3,89.114,92.6574
2020-07-08,244669528,93.6667,94.484,87.4227,91.0587
2020-07-09,175763912,93.1327,93.904,90.0854,92.952
2020-07-10,350063075,93.0667,103.2611,91.7341,102.9767
2020-07-13,584780108,110.6001,119.6661,98.0741,99.804
2020-07-14,351271924,103.7334,106.0001,95.4,101.1201
2020-07-15,245517327,102.8667,103.3334,97.1334,103.0674
2020-07-16,214511743,98.4774,102.1141,97.7334,100.0427
2020-07-17,139949510,100.8967,102.5007,99.3334,100.0561
2020-07-20,256820422,101.2674,110.0001,99.2,109.5334
2020-07-21,242359079,109.3287,111.6667,103.8667,104.5574
2020-07-22,212416094,106.6001,108.4281,104.1334,106.1554
2020-07-23,364927318,111.9301,112.6001,98.718,100.8714
2020-07-24,290949155,94.4007,97.6667,91.1027,94.4667
2020-07-27,240729930,95.6667,103.1961,94.2001,102.6401
2020-07-28,237130381,100.2667,104.3134,98.2947,98.4327
2020-07-29,141403324,100.0667,102.3207,99.1334,99.9407
2020-07-30,114315528,99.2,100.8827,98.0667,99.166
2020-07-31,183704308,101.0001,101.1367,94.732,95.384
2020-08-03,132140124,96.6134,100.6541,96.2923,99.0
2020-08-04,126224787,99.6674,101.8274,97.4667,99.1334
2020-08-05,74670188,99.5327,99.9893,97.8874,99.0014
2020-08-06,89884650,99.3887,101.1541,98.484,99.3054
2020-08-07,133446233,99.9692,99.9834,94.334,96.8474
2020-08-10,112833904,96.5334,97.1667,92.3894,94.5714
2020-08-11,129387445,93.0667,94.6667,91.0,91.626
2020-08-12,328482286,98.0,105.6667,95.6667,103.6507
2020-08-13,306379497,107.4001,110.0787,104.4841,108.0667
2020-08-14,188664056,110.9994,111.2534,108.4427,110.0474
2020-08-17,303634648,111.8001,123.0574,111.5221,122.3761
2020-08-18,247117226,126.5994,128.2601,123.0074,125.8061
2020-08-19,183079858,124.3334,127.4001,122.7474,125.2354
2020-08-20,309176845,124.0454,134.7994,123.8041,133.4554
2020-08-21,322343239,136.3174,139.6994,135.0034,136.6654
2020-08-24,300954150,141.7517,141.9334,128.5014,134.2801
2020-08-25,159883270,131.6594,135.1967,131.2001,134.8894
2020-08-26,213590593,137.3334,144.4001,136.9087,143.5447
2020-08-27,355395422,145.3641,153.0401,142.8334,149.2501
2020-08-28,301217549,153.0081,154.5661,145.7681,147.5601
2020-08-31,355123236,148.2033,166.7133,146.7033,166.1067
2020-09-01,270358287,167.38,167.4966,156.8367,158.35
2020-09-02,288528419,159.6633,159.68,135.0402,149.1233
2020-09-03,262788296,135.7433,143.9333,134.0,135.6667
2020-09-04,330965733,134.27,142.6667,124.0067,139.44
2020-09-08,346397135,118.6667,122.9133,109.96,110.07
2020-09-09,238397334,118.8667,123.0,113.8367,122.0933
2020-09-10,254791855,128.7367,132.9967,120.1867,123.78
2020-09-11,182152398,127.3133,127.5,120.1667,124.24
2020-09-14,249061855,126.9833,140.0,124.4333,139.8733
2020-09-15,291894719,145.52,153.98,143.5667,149.92
2020-09-16,217640302,146.6233,152.5967,145.1033,147.2533
2020-09-17,230337503,138.5333,145.93,136.0,141.1433
2020-09-18,259220486,149.3133,150.3333,142.9333,147.3833
2020-09-21,328430433,151.0433,151.8933,135.69,149.7967
2020-09-22,238742424,143.2,145.92,139.2,141.41
2020-09-23,285222569,135.0533,137.3833,125.2934,126.7867
2020-09-24,289683209,121.2667,133.1667,117.1,129.2633
2020-09-25,201625400,131.1567,136.2441,130.4333,135.78
2020-09-28,149158695,141.54,142.6933,138.5167,140.4
2020-09-29,151024215,138.6667,142.8333,137.2,139.69
2020-09-30,144436724,140.44,144.6433,140.1567,143.0033
2020-10-01,152224365,146.92,149.6267,144.8067,149.3867
2020-10-02,214290111,140.4633,146.3767,138.3333,138.3633
2020-10-05,134168383,141.1167,144.5467,139.7767,141.8933
2020-10-06,147438795,141.2633,142.9266,135.35,137.9933
2020-10-07,129383143,139.9567,143.3,137.9483,141.7667
2020-10-08,121263372,146.1467,146.3333,141.7667,141.9733
2020-10-09,86776989,143.3767,144.8633,142.1534,144.6667
2020-10-12,116373402,147.3333,149.58,146.1933,147.4333
2020-10-13,103391020,147.7833,149.63,145.5333,148.8833
2020-10-14,144136184,149.9267,155.3,149.1167,153.7667
2020-10-15,107017061,150.1033,152.19,147.5,149.6267
2020-10-16,98327650,151.48,151.9833,146.2833,146.5567
2020-10-19,108863531,148.7467,149.0,142.9567,143.61
2020-10-20,94968879,143.9167,143.9167,139.6834,140.6467
2020-10-21,97111390,140.9,144.3167,140.4167,140.88
2020-10-22,119979582,147.3067,148.41,141.5033,141.93
2020-10-23,101150950,140.6133,140.962,135.7934,140.21
2020-10-26,84717488,137.21,141.92,136.6667,140.0933
2020-10-27,68059537,141.2533,143.5,140.0333,141.56
2020-10-28,76354238,138.8267,139.5333,135.3333,135.34
2020-10-29,67965937,136.6533,139.3533,135.4867,136.9433
2020-10-30,127762933,135.6318,135.8638,126.37,129.3467
2020-11-02,87063369,131.3333,135.66,130.7667,133.5033
2020-11-03,103055170,136.5767,142.59,135.5633,141.3
2020-11-04,96429190,143.54,145.1333,139.0333,140.3267
2020-11-05,85243569,142.7667,146.6667,141.3334,146.03
2020-11-06,65118037,145.3667,145.5233,141.4267,143.3167
2020-11-09,104499100,146.5,150.8333,140.3333,140.42
2020-11-10,90852669,140.03,140.03,132.01,136.7867
2020-11-11,52073165,138.8167,139.565,136.86,139.0433
2020-11-12,59821506,138.35,141.0,136.5067,137.2533
2020-11-13,59491056,136.95,137.5106,133.8867,136.1667
2020-11-16,80515928,136.31,137.4833,134.6956,136.03
2020-11-17,183564858,153.39,154.0,144.3367,147.2033
2020-11-18,234132083,149.45,165.3333,147.8334,162.2133
2020-11-19,187426069,164.0,169.537,162.5233,166.4233
2020-11-20,98735770,165.9967,167.5,163.02,163.2033
2020-11-23,150780915,167.8333,175.3333,167.2633,173.95
2020-11-24,160945486,180.1333,186.6633,175.4,185.1266
2020-11-25,146790495,183.3533,191.3333,181.79,191.3333
2020-11-27,112683251,193.72,199.5933,192.8166,195.2533
2020-11-30,189009169,200.7366,202.6,184.8366,189.2
2020-12-01,121148502,199.1966,199.2833,190.6833,194.92
2020-12-02,143326964,185.48,190.5133,180.4033,189.6066
2020-12-03,127656013,196.6733,199.6566,194.1433,197.7933
2020-12-04,88203939,197.0033,199.68,195.1666,199.68
2020-12-07,168929147,201.6399,216.2618,201.0166,213.92
2020-12-08,192795109,208.5016,217.0933,206.1666,216.6266
2020-12-09,213873591,217.8966,218.1066,196.0,201.4933
2020-12-10,201249470,191.4566,209.25,188.78,209.0233
2020-12-11,139424924,205.0033,208.0,198.9333,203.33
2020-12-14,156121966,206.3333,214.2499,203.4,213.2766
2020-12-15,135670694,214.4266,215.6333,207.9333,211.0833
2020-12-16,126287443,209.41,210.8333,201.6666,207.59
2020-12-17,168810437,209.3966,219.6066,206.5,218.6333
2020-12-18,666378667,222.9666,231.6666,209.5133,231.6666
2020-12-21,174135797,222.08,222.8333,215.3566,216.62
2020-12-22,155584936,216.0,216.6266,204.7433,213.4466
2020-12-23,99518920,210.7333,217.1666,207.5233,215.3266
2020-12-24,68596717,214.33,222.03,213.6666,220.59
2020-12-28,96835690,224.8366,227.1333,220.2666,221.23
2020-12-29,68732437,220.3333,223.3,218.3333,221.9966
2020-12-30,128538073,224.0,232.2,222.7867,231.5933
2020-12-31,148949805,233.33,239.5733,230.3733,235.2233
2021-01-04,145914585,239.82,248.1633,239.0631,243.2566
2021-01-05,96735520,241.22,246.9466,239.7333,245.0366
2021-01-06,134099923,252.83,258.0,249.7,251.9933
2021-01-07,154496865,259.21,272.33,258.4,272.0133
2021-01-08,225166613,285.3333,294.83,279.4633,293.34
2021-01-11,178662468,283.1333,284.81,267.874,270.3966
2021-01-12,138812174,277.0,289.3333,275.78,283.1466
2021-01-13,99937510,284.2533,286.8233,277.3333,284.8033
2021-01-14,93798999,281.13,287.6666,279.5833,281.6666
2021-01-15,116332812,284.0,286.6333,273.0333,275.3866
2021-01-19,76100948,279.2666,283.3333,277.6666,281.5166
2021-01-20,76997648,286.2466,286.5,279.0933,283.4833
2021-01-21,61794396,285.0,285.2399,280.4733,281.6633
2021-01-22,60199506,278.1033,282.6666,276.2066,282.2133
2021-01-25,123520212,285.0,300.1333,279.6067,293.6
2021-01-26,69394807,297.1266,298.6333,290.5333,294.3633
2021-01-27,82001888,290.1166,297.1666,286.22,288.0533
2021-01-28,79134158,273.3333,282.6666,267.0,278.4766
2021-01-29,104972260,276.6666,280.8033,260.0333,264.51
2021-02-01,76174178,271.43,280.6666,265.1867,279.9366
2021-02-02,73038637,281.56,293.5,280.7335,290.93
2021-02-03,55030536,292.34,292.6933,284.3548,284.8966
2021-02-04,47437985,285.0,285.5,277.8066,283.33
2021-02-05,55699926,281.6666,288.2566,279.6566,284.0766
2021-02-08,60485166,289.89,292.59,284.9166,287.8066
2021-02-09,45472955,285.04,286.6,280.5833,283.1533
2021-02-10,108648281,281.2116,281.6066,266.6733,268.2733
2021-02-11,64868256,270.8133,276.6266,267.2416,270.5533
2021-02-12,71304937,267.0866,272.4433,261.7768,272.04
2021-02-16,59406966,272.6666,273.6666,264.1466,265.4066
2021-02-17,78236708,259.6966,266.6133,254.0033,266.05
2021-02-18,53871185,260.3,264.8966,258.7566,262.46
2021-02-19,56874786,265.0,265.5966,259.1233,260.4333
2021-02-22,111809171,254.2133,256.1666,236.7333,238.1666
2021-02-23,199820660,220.71,237.8699,206.3333,232.9466
2021-02-24,110300861,237.2833,248.3333,231.39,247.34
2021-02-25,117071592,242.05,245.7355,223.5266,227.4066
2021-02-26,123267522,233.3333,235.5666,219.8366,225.1666
2021-03-01,81408728,230.0366,290.6666,228.35,239.4766
2021-03-02,71196487,239.4266,240.37,228.3333,228.8133
2021-03-03,90623889,229.33,233.5666,217.235,217.7333
2021-03-04,197758610,218.6,291.3133,200.0,207.1466
2021-03-05,268189407,208.6866,209.2806,179.83,199.3166
2021-03-08,155360896,200.1833,206.7083,186.2633,187.6666
2021-03-09,202570010,202.7266,226.03,198.4033,224.5266
2021-03-10,181817028,233.4333,239.2833,218.3533,222.6866
2021-03-11,108761681,233.1333,234.1666,225.7266,233.2
2021-03-12,100751530,223.3333,231.6266,222.0464,231.2433
2021-03-15,88270449,231.3633,237.7266,228.0133,235.98
2021-03-16,96587020,234.45,235.9733,223.6666,225.6266
2021-03-17,121117362,218.9566,234.5766,217.0033,233.9366
2021-03-18,100107070,228.0966,229.7433,217.3333,217.72
2021-03-19,128681953,215.5333,219.0766,208.2067,218.29
2021-03-22,118536672,228.1966,233.2066,222.9166,223.3333
2021-03-23,91475619,225.2566,225.9333,219.17,220.72
2021-03-24,101385520,222.6366,222.6733,210.0366,210.09
2021-03-25,117674562,204.3333,215.1666,203.1666,213.4633
2021-03-26,101558500,213.9566,214.6066,199.9633,206.2366
2021-03-29,85910979,205.2133,205.4933,198.6733,203.7633
2021-03-30,118297092,200.5833,212.5533,197.0033,211.8733
2021-03-31,100011880,215.54,224.0,213.7033,222.6433
2021-04-01,105895151,229.4566,230.8067,219.8066,220.5833
2021-04-05,125528323,235.9033,236.0533,228.2333,230.35
2021-04-06,84815528,230.1,232.1833,227.1233,230.54
2021-04-07,78928298,229.0,230.46,222.6133,223.6566
2021-04-08,71772997,225.7933,229.8499,223.8816,227.9333
2021-04-09,64311276,225.9233,226.99,223.1433,225.6733
2021-04-12,87407019,228.5666,234.9333,227.3633,233.9933
2021-04-13,133958443,237.5666,254.3333,236.8866,254.1066
2021-04-14,147052305,256.9,260.2633,242.6766,244.0766
2021-04-15,83546708,247.7,247.8966,240.4366,246.2833
2021-04-16,83938598,242.8833,249.8033,241.5333,246.5933
2021-04-19,119058702,239.8666,241.8,230.6,238.21
2021-04-20,106827131,239.14,245.75,236.895,239.6633
2021-04-21,93646539,234.9233,248.28,232.6666,248.04
2021-04-22,106770791,247.1666,251.2566,239.3466,239.8966
2021-04-23,85241679,239.9333,245.7866,238.4866,243.1333
2021-04-26,93115509,247.0,249.7666,244.2017,246.0666
2021-04-27,88311009,239.32,241.3333,234.45,234.9133
2021-04-28,66813157,232.1366,236.1666,231.2,231.4666
2021-04-29,86536359,233.17,234.0833,222.8334,225.6666
2021-04-30,122276172,222.53,238.49,222.0466,236.48
2021-05-03,81129428,234.6,235.3333,226.8333,228.3
2021-05-04,89217969,226.3133,227.8154,219.2336,224.5333
2021-05-05,65705677,227.02,228.4318,222.4466,223.6466
2021-05-06,83353868,226.92,227.0066,216.6666,221.18
2021-05-07,70407517,221.9333,230.0,220.0733,224.1233
2021-05-10,94177269,221.6333,221.6833,209.2033,209.68
2021-05-11,139511714,199.7466,209.0333,198.5333,205.7333
2021-05-12,101470960,200.83,206.8033,195.5883,196.63
2021-05-13,132554773,200.515,202.1533,186.55,190.5633
2021-05-14,100112590,194.47,197.6233,190.1533,196.58
2021-05-17,96743410,191.851,196.5766,187.0666,192.2766
2021-05-18,110491721,189.3333,198.75,187.7933,192.6233
2021-05-19,118735212,184.1833,188.7366,182.3266,187.82
2021-05-20,92463369,191.6666,196.2833,190.3566,195.5933
2021-05-21,78091808,198.7033,198.8933,193.3333,193.6266
2021-05-24,103674280,193.8666,204.8266,191.2166,202.1466
2021-05-25,84017798,202.4366,204.6633,198.57,201.5633
2021-05-26,85917939,202.52,208.7233,200.5,206.3766
2021-05-27,79111778,206.7466,210.3766,205.4033,210.2833
2021-05-28,68211127,209.5,211.8633,207.46,208.4066
2021-06-01,54254675,209.2666,211.2666,206.85,207.9666
2021-06-02,69908347,206.71,207.7866,199.7133,201.7066
2021-06-03,90335679,200.6,201.5166,190.4066,190.9466
2021-06-04,72110707,193.2366,200.2033,192.4,199.6833
2021-06-07,67631047,197.275,203.3333,194.2933,201.71
2021-06-08,78160238,207.67,207.6966,198.5,201.1966
2021-06-09,49753715,200.7233,203.93,199.21,199.5933
2021-06-10,71758837,201.2933,205.53,200.1666,203.3733
2021-06-11,48615905,203.41,204.1866,200.5066,203.2966
2021-06-14,61271946,204.0766,208.4966,203.06,205.8966
2021-06-15,53292455,205.5633,205.5966,199.41,199.7866
2021-06-16,66432397,199.1783,202.8333,197.8333,201.6233
2021-06-17,68104057,200.6293,207.1566,200.4466,205.5333
2021-06-18,73682737,204.4566,209.45,203.9333,207.77
2021-06-21,74438227,208.16,210.4633,202.96,206.9433
2021-06-22,57476676,206.0833,209.5231,205.1666,207.9033
2021-06-23,93297699,210.6666,219.068,210.0133,218.8566
2021-06-24,137947184,224.9966,232.54,222.5366,226.6066
2021-06-25,97490140,229.86,231.27,222.9,223.9566
2021-06-28,64884486,223.88,231.5666,223.44,229.5733
2021-06-29,52143935,228.2166,229.1699,225.2966,226.92
2021-06-30,56774586,226.59,230.9366,226.0466,226.5666
2021-07-01,55903566,227.9733,229.33,224.2666,225.9733
2021-07-02,81292118,226.3266,233.3333,224.42,226.3
2021-07-06,69853357,227.2371,228.0,217.1334,219.86
2021-07-07,56375886,221.4233,221.9,212.7733,214.8833
2021-07-08,68319967,209.4566,218.1433,206.82,217.6033
2021-07-09,54421655,217.7283,219.6366,214.8966,218.9833
2021-07-12,77781128,220.7333,229.08,220.7203,228.5666
2021-07-13,62898276,228.7733,231.0933,222.0986,222.8466
2021-07-14,64923576,223.5833,226.2033,217.6133,217.7933
2021-07-15,60628716,219.4633,222.0466,212.6266,216.8666
2021-07-16,49112915,218.2266,218.8999,214.0666,214.74
2021-07-19,63891276,209.9633,215.7333,207.0966,215.4066
2021-07-20,46461395,217.33,220.7972,213.5003,220.1666
2021-07-21,41860024,219.87,221.6199,216.7633,218.43
2021-07-22,45317195,218.8142,220.7233,214.8667,216.42
2021-07-23,43814824,215.4533,216.2666,212.4333,214.46
2021-07-26,76009688,216.99,222.7333,215.7033,219.2066
2021-07-27,98439880,221.1333,222.1666,209.08,214.9266
2021-07-28,48019805,215.665,218.3233,213.1333,215.66
2021-07-29,91183929,216.5966,227.8966,216.2666,225.7833
2021-07-30,88969239,223.9193,232.51,223.0,229.0666
2021-08-02,100847320,233.3333,242.3133,232.8,236.5566
2021-08-03,64860756,239.6666,240.8833,233.67,236.58
2021-08-04,51007955,237.0,241.6333,236.31,236.9733
2021-08-05,38758924,238.6666,240.3166,237.1366,238.21
2021-08-06,46869155,237.3,238.7766,232.5433,233.0333
2021-08-09,44146054,236.7233,239.6766,235.0433,237.92
2021-08-10,40296934,237.9966,238.8633,233.96,236.6633
2021-08-11,29401677,237.57,238.3933,234.7366,235.94
2021-08-12,53045075,235.4466,240.9333,233.1333,240.75
2021-08-13,50194415,241.2366,243.3,238.1133,239.0566
2021-08-16,69309907,235.0233,236.5,225.4666,228.7233
2021-08-17,71163847,224.22,224.86,216.28,221.9033
2021-08-18,61048146,223.2493,231.9233,223.1166,229.6633
2021-08-19,42940474,226.07,228.85,222.53,224.49
2021-08-20,44525614,227.6166,230.7099,224.5666,226.7533
2021-08-23,60794586,228.4806,237.3766,226.9168,235.4333
2021-08-24,39249214,236.8933,238.4066,234.2133,236.1633
2021-08-25,37936684,235.6766,238.99,234.6666,237.0666
2021-08-26,39642874,236.1033,238.4666,232.54,233.72
2021-08-27,41501284,235.0,238.3333,234.0333,237.3066
2021-08-30,55812666,238.2383,243.6666,237.5766,243.6366
2021-08-31,62566326,244.3333,246.7966,242.1466,245.24
2021-09-01,39613024,244.6933,247.33,243.7567,244.6966
2021-09-02,38390224,244.8333,246.99,243.5133,244.13
2021-09-03,45813155,244.083,244.6666,241.4,244.5233
2021-09-07,60119496,246.6666,253.4,246.42,250.9733
2021-09-08,56379126,253.86,254.8166,246.9244,251.29
2021-09-09,42233194,251.1366,254.0333,250.5433,251.62
2021-09-10,45552515,253.2,254.2033,244.84,245.4233
2021-09-13,68857447,246.738,248.26,236.2833,247.6666
2021-09-14,55574646,247.5233,251.49,245.4666,248.1633
2021-09-15,46073075,248.3333,252.2866,246.12,251.9433
2021-09-16,41770174,250.9433,252.97,249.2033,252.33
2021-09-17,84612548,252.3833,253.68,250.0,253.1633
2021-09-20,74272957,244.8525,247.3333,239.5416,243.39
2021-09-21,48992165,244.93,248.2466,243.48,246.46
2021-09-22,45378815,247.8421,251.2233,246.3733,250.6466
2021-09-23,35842594,251.6666,252.7333,249.3066,251.2133
2021-09-24,64119066,248.63,258.2666,248.1866,258.13
2021-09-27,84211988,257.7066,266.3333,256.4366,263.7866
2021-09-28,76144268,262.4,265.2133,255.3933,259.1866
2021-09-29,62828646,259.9333,264.5,256.8933,260.4366
2021-09-30,53867885,260.3333,263.0435,258.3333,258.4933
2021-10-01,51094235,259.4666,260.26,254.53,258.4066
2021-10-04,91450029,265.5,268.9899,258.7066,260.51
2021-10-05,55297896,261.5986,265.77,258.0666,260.1966
2021-10-06,43898314,258.7333,262.22,257.74,260.9166
2021-10-07,57587346,261.82,268.3333,261.1266,264.5366
2021-10-08,50215805,265.4033,265.46,260.3033,261.83
2021-10-11,42600964,262.55,267.08,261.8333,263.98
2021-10-12,66060127,266.9766,270.7733,265.5233,268.5733
2021-10-13,42360244,270.1566,271.8033,268.5933,270.36
2021-10-14,36741514,271.83,273.4166,271.1167,272.7733
2021-10-15,56773716,274.5793,281.07,274.1166,281.01
2021-10-18,72621727,283.93,291.7533,283.8233,290.0366
2021-10-19,52143395,292.51,292.65,287.5033,288.09
2021-10-20,42096154,288.45,289.83,285.7933,288.6
2021-10-21,94444359,285.3333,300.0,285.1682,298.0
2021-10-22,68642527,298.5,303.3333,296.9866,303.2266
2021-10-25,188556319,316.8433,348.34,314.7333,341.62
2021-10-26,187244929,341.5633,364.98,333.8133,339.4766
2021-10-27,115579392,346.5533,356.96,343.5933,345.9533
2021-10-28,81639518,356.1016,360.3333,351.4,359.0133
2021-10-29,89755269,360.62,371.7366,357.735,371.3333
2021-11-01,168146177,381.6666,403.25,372.8866,402.8633
2021-11-02,128213413,386.4516,402.8633,382.0,390.6666
2021-11-03,103885570,392.4433,405.13,384.2066,404.62
2021-11-04,76192238,411.47,414.4966,405.6666,409.97
2021-11-05,64886436,409.3333,413.29,402.6666,407.3633
2021-11-08,100337170,383.2616,399.0,377.6666,387.6466
2021-11-09,177317538,391.2,391.5,337.1733,341.1666
2021-11-10,128408173,336.8033,359.3666,329.1033,355.9833
2021-11-11,67189717,367.59,368.3233,351.56,354.5033
2021-11-12,76719458,349.1666,351.5,339.7333,344.4733
2021-11-15,104326960,339.21,343.9933,326.2,337.7966
2021-11-16,79627088,334.4366,352.3999,334.06,351.5766
2021-11-17,94336119,354.5033,373.2133,351.8333,363.0033
2021-11-18,62696796,368.85,370.6666,358.34,365.46
2021-11-19,64926786,366.29,379.5733,364.2333,379.02
2021-11-22,99217540,387.4433,400.65,377.4766,385.6233
2021-11-23,108515111,389.17,393.4999,354.2333,369.6766
2021-11-24,67680727,360.13,377.59,354.0,372.0
2021-11-26,35042674,366.49,369.5942,360.3333,360.64
2021-11-29,58393416,366.9966,380.89,366.73,378.9966
2021-11-30,81276128,381.4566,389.3333,372.6666,381.5866
2021-12-01,68804107,386.8983,390.9466,363.5866,365.0
2021-12-02,73114867,366.3533,371.0,352.2166,361.5333
2021-12-03,92322009,361.5966,363.5251,333.4033,338.3233
2021-12-06,81663128,333.8366,340.5466,316.8333,336.3366
2021-12-07,56084586,348.0666,352.5579,342.27,350.5833
2021-12-08,41906374,350.9033,357.46,344.3333,356.32
2021-12-09,59438496,353.5466,354.1633,334.12,334.6
2021-12-10,59664366,336.25,340.3265,327.51,339.01
2021-12-13,78595508,333.6966,335.0,317.14,322.1366
2021-12-14,70806277,315.0,322.1366,310.0,319.5033
2021-12-15,75169238,317.7366,326.2499,309.4167,325.33
2021-12-16,82771448,331.5,331.66,307.2833,308.9733
2021-12-17,100880260,304.9233,320.2199,303.0133,310.8566
2021-12-20,56480016,303.5666,307.2294,297.7966,299.98
2021-12-21,71517937,305.6233,313.1666,295.3733,312.8433
2021-12-22,93634089,321.8866,338.5533,319.0166,336.29
2021-12-23,92713299,335.6,357.6589,332.52,355.6666
2021-12-27,71145817,357.89,372.3333,356.905,364.6466
2021-12-28,60323916,369.83,372.9999,359.4733,362.8233
2021-12-29,56154066,366.2133,368.0,354.7133,362.0633
2021-12-30,47040935,353.7766,365.1833,351.05,356.78
2021-12-31,40733644,357.8148,360.6666,351.53,352.26
2022-01-03,104686060,382.5833,400.3566,378.68,399.9266
2022-01-04,100248280,396.5166,402.6666,374.35,383.1966
2022-01-05,80119808,382.2166,390.1133,360.3367,362.7066
2022-01-06,90336489,359.0,362.6666,340.1666,354.9
2022-01-07,84164768,360.1233,360.3099,336.6666,342.32
2022-01-10,91814889,333.3333,353.0333,326.6666,352.7066
2022-01-11,66063217,351.2233,358.6166,346.2733,354.8
2022-01-12,83739038,359.6166,371.6133,357.53,368.74
2022-01-13,97209790,369.6883,371.8666,342.1797,343.8533
2022-01-14,72924427,339.96,350.6666,337.7929,349.87
2022-01-18,66989407,342.2016,356.9299,338.6866,343.5033
2022-01-19,75442508,347.235,351.5566,331.6666,331.8833
2022-01-20,70488757,336.5766,347.22,331.3333,332.09
2022-01-21,103416040,332.1133,334.85,313.5,314.6333
2022-01-24,152375145,301.5866,311.171,283.8233,310.0
2022-01-25,86595909,304.7333,317.0866,301.07,306.1333
2022-01-26,104867290,317.4766,329.23,302.0,312.47
2022-01-27,147109575,311.12,311.7966,276.3333,276.3666
2022-01-28,134788963,277.1866,285.8333,264.0033,282.1166
2022-01-31,104436100,290.9033,312.6633,287.35,312.24
2022-02-01,73138357,311.7366,314.5666,301.6666,310.4166
2022-02-02,66793057,309.3933,310.5,296.47,301.8866
2022-02-03,78855578,294.0,312.3333,293.5066,297.0466
2022-02-04,73625467,299.0733,312.1666,293.7233,307.7733
2022-02-07,60994476,307.93,315.9233,300.9029,302.4466
2022-02-08,50729015,301.8433,308.7633,298.2666,307.3333
2022-02-09,52259555,311.6666,315.4233,306.6666,310.6666
2022-02-10,66126847,302.79,314.6033,298.9,301.5166
2022-02-11,79645868,303.21,305.32,283.5666,286.6666
2022-02-14,67756417,287.19,299.6266,284.3833,291.92
2022-02-15,57649536,300.0,307.6666,297.7924,307.4766
2022-02-16,51294395,304.6833,308.8099,300.4033,307.7966
2022-02-17,55178436,304.42,306.1666,291.3666,292.1166
2022-02-18,68501857,295.3333,295.6233,279.2033,285.66
2022-02-22,83288198,278.0433,285.5779,267.0333,273.8433
2022-02-23,95257030,276.81,278.4332,253.52,254.68
2022-02-24,135322304,233.4633,267.4933,233.3333,266.9233
2022-02-25,76067768,269.7433,273.1666,260.8001,269.9566
2022-02-28,99006880,271.67,292.2866,271.5691,290.1433
2022-03-01,74766877,289.8933,296.6266,284.5933,288.1233
2022-03-02,74643457,290.71,295.4933,281.424,293.2966
2022-03-03,61623516,292.9233,295.4796,277.5333,279.7633
2022-03-04,67179877,283.0333,285.2166,275.0536,279.43
2022-03-07,72494167,285.4333,288.7133,268.19,268.1933
2022-03-08,80399108,265.1766,283.33,260.7233,274.8
2022-03-09,59183976,279.8266,286.8533,277.3366,286.3233
2022-03-10,58648656,283.8166,284.8166,270.12,279.4333
2022-03-11,67037167,280.0656,281.2673,264.59,265.1166
2022-03-14,71152267,260.2033,266.9,252.0133,255.4566
2022-03-15,66841147,258.4233,268.5233,252.19,267.2966
2022-03-16,84028838,269.6666,280.6666,267.42,280.0766
2022-03-17,66582967,276.9966,291.6666,275.2392,290.5333
2022-03-18,100414210,291.4966,302.6166,289.13,301.7966
2022-03-21,81981668,304.9933,314.2833,302.3633,307.0533
2022-03-22,105868571,310.0,332.62,307.25,331.3266
2022-03-23,120676152,326.6466,346.9,325.4666,333.0366
2022-03-24,68920897,336.5766,341.4966,329.6,337.9733
2022-03-25,62031546,336.0,340.5999,332.44,336.88
2022-03-28,102506080,355.0333,365.9599,351.2,363.9466
2022-03-29,73614817,369.33,371.59,357.7033,366.5233
2022-03-30,59865006,363.7233,371.3166,361.3333,364.6633
2022-03-31,48992765,364.8566,367.7133,358.8803,359.2
2022-04-01,54263225,360.3833,364.9166,355.5466,361.53
2022-04-04,82177718,363.1266,383.3033,357.51,381.8166
2022-04-05,80075018,378.7666,384.29,362.4333,363.7533
2022-04-06,89348559,357.8233,359.6666,342.5666,348.5866
2022-04-07,79447058,350.7966,358.8633,340.5133,352.42
2022-04-08,55013706,347.7366,349.48,340.8116,341.83
2022-04-11,59357226,326.8,336.156,324.88,325.31
2022-04-12,65976097,332.5466,340.3973,325.5333,328.9833
2022-04-13,55121226,327.025,342.08,324.3656,340.79
2022-04-14,58422426,333.0966,337.5699,327.3966,328.3333
2022-04-18,51715235,329.6766,338.3066,324.47,334.7633
2022-04-19,49847825,335.02,344.98,331.775,342.7166
2022-04-20,70711327,343.3333,344.6666,325.0833,325.7333
2022-04-21,105416351,358.2433,364.0733,332.1383,336.26
2022-04-22,69696577,338.3033,344.95,331.3333,335.0166
2022-04-25,68341357,326.3233,336.2066,325.1,332.6733
2022-04-26,136133684,331.81,333.3333,291.6666,292.14
2022-04-27,76956398,299.5266,306.0,292.4533,293.8366
2022-04-28,124948542,299.9933,300.0,273.9,292.5033
2022-04-29,88133019,300.75,311.4666,290.0,290.2533
2022-05-02,75781388,286.9233,302.1199,282.6766,300.98
2022-05-03,63709596,301.06,308.0266,296.1966,303.0833
2022-05-04,81643718,301.3133,318.5,295.0933,317.54
2022-05-05,92519199,313.07,315.2,285.9,291.0933
2022-05-06,72903127,295.6666,296.0,281.035,288.55
2022-05-09,90810219,278.8166,281.8766,260.3833,262.37
2022-05-10,84401648,273.1033,275.12,258.0833,266.68
2022-05-11,97224460,265.0,269.9233,242.4,244.6666
2022-05-12,140312864,233.6666,253.22,226.6666,242.6666
2022-05-13,92150739,257.8266,262.4499,250.5216,256.53
2022-05-16,86098539,255.72,256.5866,239.6961,241.4566
2022-05-17,80236118,249.12,254.8266,242.95,253.87
2022-05-18,87811809,248.1733,253.5,233.6033,236.6033
2022-05-19,90296679,235.6666,244.6666,231.37,236.4733
2022-05-20,144973334,237.9966,240.5273,211.0,221.3
2022-05-23,88903659,218.34,226.6517,212.6866,224.9666
2022-05-24,89092539,217.8433,217.9733,206.8566,209.3866
2022-05-25,92139339,207.95,223.1066,207.67,219.6
2022-05-26,106003361,220.4733,239.5566,217.8866,235.91
2022-05-27,89294979,241.0833,253.2666,240.177,253.21
2022-05-31,101914390,257.9466,259.6,244.7433,252.7533
2022-06-01,77247968,251.72,257.3266,243.64,246.79
2022-06-02,93473139,244.1566,264.21,242.0666,258.3333
2022-06-03,112393751,243.225,247.7966,233.4178,234.5166
2022-06-06,84204518,244.3533,244.8666,234.35,238.28
2022-06-07,72808597,234.0,239.9966,230.0933,238.8866
2022-06-08,76210628,240.0866,249.9633,239.1766,241.8666
2022-06-09,96491320,249.34,255.5466,239.3266,239.7066
2022-06-10,98090920,235.1566,239.5,227.9133,232.23
2022-06-13,102767260,223.1666,226.6333,214.6833,215.7366
2022-06-14,97988800,218.2866,226.33,211.7366,220.89
2022-06-15,119131962,220.9166,235.6633,218.15,233.0
2022-06-16,107390711,222.7366,225.1666,208.6933,213.1
2022-06-17,92641779,213.4333,220.9694,213.1966,216.76
2022-06-21,122792982,224.6033,243.5773,224.3333,237.0366
2022-06-22,101527270,234.5033,246.8333,233.8266,236.0866
2022-06-23,104202700,237.905,239.3166,228.6366,235.07
2022-06-24,95770720,237.4683,246.0666,236.0866,245.7066
2022-06-27,89178309,249.3666,252.07,242.5655,244.92
2022-06-28,90666519,244.4833,249.97,232.3433,232.6633
2022-06-29,82897268,230.5,231.1733,222.2733,228.49
2022-06-30,94600449,224.51,229.4566,218.8633,224.4733
2022-07-01,74460457,227.0,230.23,222.12,227.2633
2022-07-05,84779108,223.0,233.1466,216.1667,233.0666
2022-07-06,71853637,230.78,234.5633,227.1866,231.7333
2022-07-07,81930698,233.92,245.3616,232.21,244.5433
2022-07-08,101854090,242.3333,254.9799,241.1614,250.7633
2022-07-11,99509230,252.1033,253.0633,233.6266,234.3433
2022-07-12,87930969,236.8466,239.7733,228.3683,233.07
2022-07-13,97954510,225.5,242.0599,225.0333,237.04
2022-07-14,78557498,234.8966,238.6533,229.3333,238.3133
2022-07-15,69683017,240.0,243.6233,236.89,240.0666
2022-07-18,82537448,244.9366,250.5166,239.6033,240.5466
2022-07-19,80890118,245.0,247.14,236.9766,245.53
2022-07-20,88864089,246.7833,250.6633,243.483,247.5
2022-07-21,142032194,255.1066,273.2666,254.8666,271.7066
2022-07-22,103472860,276.22,280.7866,270.7133,272.2433
2022-07-25,64073526,272.2166,274.1466,267.4,268.4333
2022-07-26,66820777,266.5133,267.3099,256.2633,258.86
2022-07-27,88110009,263.81,275.9256,261.79,274.82
2022-07-28,84723008,280.0666,283.3,272.8,280.9
2022-07-29,95312890,280.7,298.32,279.1,297.15
2022-08-01,117042912,301.275,311.8782,295.0,297.2766
2022-08-02,95577490,294.0033,307.8333,292.6666,300.5866
2022-08-03,80091128,305.0,309.55,301.15,307.3966
2022-08-04,72256327,311.0,313.6066,305.0,308.6333
2022-08-05,113172911,302.67,304.6066,285.5446,288.17
2022-08-08,99365290,295.0,305.2,289.0854,290.4233
2022-08-09,86244699,290.2933,292.3966,279.3533,283.3333
2022-08-10,94918869,297.0666,297.51,283.37,294.3566
2022-08-11,70155067,296.5133,298.2366,285.8333,286.63
2022-08-12,79657298,289.415,300.16,285.0333,300.03
2022-08-15,89359179,301.7866,313.1333,301.23,309.32
2022-08-16,88136319,311.6666,314.6666,302.8833,306.5633
2022-08-17,68765977,303.3966,309.6566,300.0333,303.9966
2022-08-18,47500535,306.0,306.5,301.8533,302.87
2022-08-19,61395396,299.0,300.36,292.5,296.6666
2022-08-22,55843356,291.9133,292.4,286.2966,289.9133
2022-08-23,63985056,291.4533,298.8266,287.9233,296.4533
2022-08-24,57259716,297.5633,303.6466,296.5,297.0966
2022-08-25,53230010,302.36,302.96,291.6,296.07
2022-08-26,57163950,297.43,302.0,287.47,288.09
2022-08-29,41864740,282.83,287.74,280.7,284.82
2022-08-30,50541760,287.865,288.48,272.65,277.7
2022-08-31,52107340,280.62,281.25,271.81,275.61
2022-09-01,54287020,272.575,277.58,266.15,277.16
2022-09-02,50890090,281.065,282.35,269.08,270.21
2022-09-06,55859980,272.675,275.99,265.74,274.42
2022-09-07,50028920,273.1,283.84,272.27,283.7
2022-09-08,53713120,281.3,289.5,279.76,289.26
2022-09-09,54470850,291.67,299.85,291.245,299.68
2022-09-12,48674600,300.72,305.49,300.4,304.42
2022-09-13,68229620,292.9,297.3999,290.4,292.13
2022-09-14,72628650,292.24,306.0,291.64,302.61
2022-09-15,64795520,301.825,309.12,300.7247,303.75
2022-09-16,87087790,299.605,303.71,295.6005,303.35
2022-09-19,60231160,300.09,309.84,297.8,309.07
2022-09-20,61642780,306.91,313.33,305.58,308.73
2022-09-21,62555660,308.29,313.8,300.63,300.8
2022-09-22,70545410,299.86,301.29,285.82,288.59
2022-09-23,63748360,283.09,284.5,272.82,275.33
2022-09-26,58076910,271.83,284.09,270.31,276.01
2022-09-27,61925190,283.84,288.67,277.51,282.94
2022-09-28,54664810,283.08,289.0,277.57,287.81
2022-09-29,77620640,282.76,283.65,265.78,268.21
2022-09-30,67726600,266.145,275.57,262.47,265.25
2022-10-03,98363540,254.5,255.16,241.01,242.4
2022-10-04,109578500,250.52,257.5,242.01,249.44
2022-10-05,86982670,245.01,246.6697,233.27,240.81
2022-10-06,69298440,239.44,244.58,235.35,238.13
2022-10-07,83916800,233.935,234.5715,222.02,223.07
2022-10-10,67925020,223.93,226.99,218.3582,222.96
2022-10-11,77013200,220.945,225.75,215.0,216.5
2022-10-12,66860700,215.33,219.2999,211.51,217.24
2022-10-13,91483050,208.3,222.99,206.22,221.72
2022-10-14,94124510,224.01,226.26,204.16,204.99
2022-10-17,79428810,210.04,221.86,209.45,219.35
2022-10-18,75891910,229.5,229.82,217.25,220.19
2022-10-19,66571480,219.8,222.93,217.78,222.04
2022-10-20,117798100,208.28,215.55,202.0,207.28
2022-10-21,75713750,206.415,214.66,203.8,214.44
2022-10-24,100446800,205.82,213.5,198.5863,211.25
2022-10-25,96507870,210.1,224.3498,210.0,222.415
2022-10-26,85327080,219.4,230.6,218.2,224.64
2022-10-27,61638820,229.77,233.81,222.85,225.09
2022-10-28,69152390,225.4,228.86,216.35,228.52
2022-10-31,61554340,226.19,229.85,221.94,227.54
2022-11-01,62688820,234.05,237.3951,227.28,227.82
2022-11-02,63070290,226.04,227.8699,214.82,214.98
2022-11-03,56538850,211.36,221.2,210.14,215.31
2022-11-04,98622210,222.6,223.8,203.08,207.47
2022-11-07,93916520,208.65,208.9,196.66,197.08
2022-11-08,128803400,194.02,195.2,186.75,191.3
2022-11-09,127062700,190.775,195.89,177.12,177.59
2022-11-10,132703000,189.9,191.0,180.03,190.72
2022-11-11,114403600,186.0,196.52,182.59,195.97
2022-11-14,92226650,192.77,195.73,186.34,190.95
2022-11-15,91293790,195.88,200.8237,192.06,194.42
2022-11-16,66567600,191.51,192.57,185.66,186.92
2022-11-17,64335970,183.96,186.16,180.9,183.17
2022-11-18,76048870,185.05,185.19,176.55,180.19
2022-11-21,92882710,175.85,176.77,167.54,167.87
2022-11-22,78452330,168.63,170.92,166.185,169.91
2022-11-23,109536700,173.57,183.62,172.5,183.2
2022-11-25,50672740,185.06,185.2,180.63,182.86
2022-11-28,93038150,179.96,188.5,179.0,182.92
2022-11-29,83357110,184.99,186.38,178.75,180.83
2022-11-30,109186400,182.43,194.76,180.6301,194.7
2022-12-01,80046210,197.08,198.92,191.8,194.7
2022-12-02,73645920,191.78,196.25,191.11,194.86
2022-12-05,93122670,189.44,191.27,180.55,182.45
2022-12-06,92150820,181.215,183.65,175.33,179.82
2022-12-07,84213280,175.03,179.38,172.218,174.04
2022-12-08,97624490,172.2,175.2,169.06,173.44
2022-12-09,104872300,173.84,182.5,173.36,179.05
2022-12-12,109794500,176.1,177.37,167.52,167.82
2022-12-13,175862700,174.87,175.05,156.91,160.95
2022-12-14,140682300,159.25,161.62,155.31,156.8
2022-12-15,122334500,153.44,160.9299,153.28,157.67
2022-12-16,139032200,159.635,160.99,150.04,150.23
2022-12-19,139390600,154.0,155.25,145.82,149.87
2022-12-20,159563300,146.05,148.47,137.66,137.8
2022-12-21,145417400,139.335,141.26,135.89,137.57
2022-12-22,210090300,136.0,136.63,122.26,125.35
2022-12-23,166989700,126.37,128.6173,121.02,123.15
2022-12-27,208643400,117.495,119.67,108.76,109.1
2022-12-28,221070500,110.35,116.27,108.24,112.71
2022-12-29,221923300,120.385,123.57,117.495,121.82
2022-12-30,157777300,119.95,124.48,119.75,123.18
2023-01-03,231402800,118.47,118.8,104.64,108.1
2023-01-04,180389000,109.11,114.59,107.52,113.64
2023-01-05,157986300,110.51,111.75,107.1601,110.34
2023-01-06,220911100,103.0,114.39,101.81,113.06
2023-01-09,190284000,118.96,123.52,117.11,119.77
2023-01-10,167642500,121.07,122.76,114.92,118.85
2023-01-11,183810800,122.09,125.95,120.51,123.22
2023-01-12,169400900,122.56,124.1311,117.0,123.56
2023-01-13,180714100,116.55,122.63,115.6,122.4
2023-01-17,186477000,125.695,131.7,125.02,131.49
2023-01-18,195680300,136.555,136.68,127.01,128.78
2023-01-19,170291900,127.26,129.99,124.3082,127.17
2023-01-20,138858100,128.68,133.51,127.3466,133.42
2023-01-23,203119200,135.87,145.3793,134.27,143.75
2023-01-24,158699100,143.0,146.5,141.1,143.89
2023-01-25,192734300,141.905,146.41,138.07,144.43
2023-01-26,234815100,159.965,161.42,154.76,160.27
2023-01-27,306590600,162.43,180.68,161.17,177.9
2023-01-30,230878800,178.05,179.77,166.5,166.66
2023-01-31,196813500,164.57,174.3,162.78,173.22
2023-02-01,213806300,173.89,183.805,169.93,181.41
2023-02-02,217448300,187.325,196.7501,182.61,188.27
2023-02-03,232662000,183.95,199.0,183.69,189.98
2023-02-06,186188100,193.01,198.17,189.92,194.76
2023-02-07,186010300,196.43,197.5,189.55,196.81
2023-02-08,180673600,196.1,203.0,194.31,201.29
2023-02-09,215431400,207.775,214.0,204.77,207.32
2023-02-10,204754100,202.225,206.2,192.89,196.89
2023-02-13,172475500,194.415,196.3,187.61,194.64
2023-02-14,216455700,191.94,209.82,189.44,209.25
2023-02-15,182108600,211.755,214.66,206.11,214.24
2023-02-16,229586500,210.78,217.65,201.84,202.04
2023-02-17,213738500,199.985,208.44,197.5,208.31
2023-02-21,180018600,204.99,209.71,197.22,197.37
2023-02-22,191828500,197.93,201.99,191.78,200.86
2023-02-23,146360000,203.91,205.14,196.33,202.07
2023-02-24,142228100,196.325,197.6695,192.8,196.88
2023-02-27,161028300,202.03,209.42,201.26,207.63
2023-02-28,153144900,210.59,211.23,203.75,205.71
2023-03-01,156852800,206.21,207.2,198.52,202.77
2023-03-02,181979200,186.74,193.7499,186.01,190.9
2023-03-03,154193300,194.795,200.48,192.88,197.79
2023-03-06,128100100,198.54,198.6,192.3,193.81
2023-03-07,148125800,191.38,194.2,186.1,187.71
2023-03-08,151897800,185.04,186.5,180.0,182.0
2023-03-09,170023800,180.25,185.18,172.5124,172.92
2023-03-10,191488900,175.13,178.29,168.44,173.44
2023-03-13,167790300,167.455,177.35,163.91,174.48
2023-03-14,143717900,177.31,183.8,177.1401,183.26
2023-03-15,145995600,180.8,182.34,176.03,180.45
2023-03-16,121374500,180.365,185.81,178.84,184.13
2023-03-17,133197100,184.515,186.2199,177.33,180.13
2023-03-20,129684400,178.08,186.44,176.35,183.25
2023-03-21,153391400,188.28,198.0,188.04,197.58
2023-03-22,150376400,199.3,200.66,190.95,191.15
2023-03-23,144193900,195.26,199.31,188.65,192.22
2023-03-24,116531600,191.65,192.36,187.15,190.41
2023-03-27,120851600,194.415,197.39,189.94,191.81
2023-03-28,98654640,192.0,192.35,185.43,189.19
2023-03-29,123660000,193.13,195.29,189.44,193.88
2023-03-30,110252200,195.58,197.33,194.42,195.28
2023-03-31,170222100,197.53,207.79,197.2,207.46
2023-04-03,169545900,199.91,202.6897,192.2,194.77
2023-04-04,126463800,197.32,198.7446,190.32,192.58
2023-04-05,133882500,190.515,190.68,183.76,185.52
2023-04-06,123857900,183.08,186.39,179.74,185.06
2023-04-10,142154600,179.94,185.1,176.11,184.51
2023-04-11,115770900,186.69,189.19,185.6475,186.79
2023-04-12,150256300,190.74,191.5846,180.31,180.54
2023-04-13,112933000,182.955,186.5,180.94,185.9
2023-04-14,96438660,183.95,186.28,182.01,185.0
2023-04-17,116662200,186.32,189.69,182.69,187.04
2023-04-18,92067020,187.15,187.69,183.5775,184.31
2023-04-19,125732700,179.1,183.5,177.65,180.59
2023-04-20,210970800,166.165,169.7,160.56,162.99
2023-04-21,123539000,164.8,166.0,161.3208,165.08
2023-04-24,140006600,164.65,165.65,158.61,162.55
2023-04-25,121999300,159.82,163.47,158.75,160.67
2023-04-26,153364100,160.29,160.67,153.14,153.75
2023-04-27,127015200,152.64,160.48,152.37,160.19
2023-04-28,122515800,160.9,165.0,157.32,164.31
2023-05-01,109015000,163.17,163.28,158.83,161.83
2023-05-02,128259700,161.88,165.49,158.93,160.31
2023-05-03,119728000,160.01,165.0,159.91,160.61
2023-05-04,95108490,162.71,162.95,159.65,161.2
2023-05-05,107607300,163.97,170.7899,163.51,170.06
2023-05-08,112249400,173.72,173.8,169.19,171.79
2023-05-09,88965040,168.95,169.82,166.56,169.15
2023-05-10,119840700,172.55,174.43,166.68,168.54
2023-05-11,103889900,168.7,173.57,166.79,172.08
2023-05-12,157849600,176.07,177.38,167.23,167.98
2023-05-15,105592500,167.655,169.76,164.5499,166.35
2023-05-16,98288790,165.65,169.5184,164.35,166.52
2023-05-17,125473600,168.41,174.5,167.185,173.86
2023-05-18,109520300,174.22,177.06,172.45,176.89
2023-05-19,136196700,177.17,181.95,176.31,180.14
2023-05-22,132001400,180.7,189.32,180.11,188.87
2023-05-23,156952100,186.2,192.96,185.26,185.77
2023-05-24,137605100,182.23,184.22,178.22,182.9
2023-05-25,96870720,186.54,186.78,180.58,184.47
2023-05-26,162061500,184.62,198.6,184.53,193.17
2023-05-30,128818700,200.1,204.48,197.53,201.16
2023-05-31,150711700,199.78,203.95,195.12,203.93
2023-06-01,148029900,202.59,209.8,199.37,207.52
2023-06-02,164398400,210.15,217.25,209.752,213.97
2023-06-05,151143100,217.8,221.29,214.52,217.61
2023-06-06,146911600,216.14,221.91,212.53,221.31
2023-06-07,185710800,228.0,230.8296,223.2,224.57
2023-06-08,164489700,224.22,235.23,223.01,234.86
2023-06-09,200242400,249.07,252.42,242.02,244.4
2023-06-12,150740500,247.94,250.97,244.59,249.83
2023-06-13,162384300,253.51,259.68,251.34,258.71
2023-06-14,170575500,260.17,261.57,250.5,256.79
2023-06-15,160171200,248.4,258.95,247.29,255.9
2023-06-16,167915600,258.92,263.6,257.2091,260.54
2023-06-20,165611200,261.5,274.75,261.12,274.45
2023-06-21,211797100,275.13,276.99,257.78,259.46
2023-06-22,166875900,250.77,265.0,248.25,264.61
2023-06-23,177460800,259.29,262.45,252.8,256.6
2023-06-26,179990600,250.065,258.37,240.7,241.05
2023-06-27,164968200,243.24,250.3899,240.85,250.21
2023-06-28,159770800,249.7,259.88,248.89,256.24
2023-06-29,131283400,258.03,260.74,253.61,257.5
2023-06-30,112620800,260.6,264.45,259.89,261.77
2023-07-03,118999000,276.49,284.25,275.11,279.82
2023-07-05,131530900,278.82,283.85,277.6,282.48
2023-07-06,120707400,278.09,279.97,272.88,276.54
2023-07-07,113879200,278.43,280.78,273.77,274.43
2023-07-10,119425400,276.47,277.52,265.1,269.61
2023-07-11,91972360,268.65,270.9,266.37,269.79
2023-07-12,95672140,276.325,276.52,271.46,271.99
2023-07-13,112681500,274.59,279.45,270.6,277.9
2023-07-14,120062400,277.01,285.3,276.31,281.38
2023-07-17,131569600,286.625,292.23,283.57,290.38
2023-07-18,112434700,290.15,295.26,286.01,293.34
2023-07-19,142355400,296.04,299.29,289.5201,291.26
2023-07-20,175158300,279.56,280.93,261.2,262.9
2023-07-21,161796100,268.0,268.0,255.8,260.02
2023-07-24,137005000,255.85,269.85,254.12,269.06
2023-07-25,112757300,272.38,272.9,265.0,265.28
2023-07-26,95856180,263.25,268.04,261.75,264.35
2023-07-27,103697300,268.31,269.13,255.3,255.71
2023-07-28,111446000,259.86,267.25,258.2312,266.44
2023-07-31,84582170,267.48,269.08,263.78,267.43
2023-08-01,83645720,266.26,266.47,260.25,261.07
2023-08-02,101752900,255.57,259.52,250.49,254.11
2023-08-03,97829550,252.04,260.49,252.0,259.32
2023-08-04,99539910,260.97,264.77,253.11,253.86
2023-08-07,111097900,251.45,253.6511,242.76,251.45
2023-08-08,96642180,247.45,250.92,245.01,249.7
2023-08-09,101596300,250.87,251.1,241.9,242.19
2023-08-10,109498600,245.4,251.8,243.0,245.34
2023-08-11,99038640,241.77,243.79,238.02,242.65
2023-08-14,98595330,235.7,240.66,233.75,239.76
2023-08-15,88197600,238.73,240.5,232.61,232.96
2023-08-16,112484500,228.02,233.97,225.38,225.6
2023-08-17,120718400,226.06,226.74,218.83,219.22
2023-08-18,136276600,214.12,217.58,212.36,215.49
2023-08-21,135702700,221.5512,232.1343,220.58,231.28
2023-08-22,130597900,240.25,240.82,229.55,233.19
2023-08-23,101077600,229.34,238.98,229.29,236.86
2023-08-24,99777430,238.66,238.92,228.1801,230.04
2023-08-25,106612200,231.31,239.0,230.35,238.59
2023-08-28,107673700,242.58,244.38,235.35,238.82
2023-08-29,134047600,238.58,257.48,237.77,257.18
2023-08-30,121988400,254.2,260.51,250.59,256.9
2023-08-31,108861700,255.98,261.18,255.05,258.08
2023-09-01,132541600,257.26,259.0794,242.01,245.01
2023-09-05,129469600,245.0,258.0,244.86,256.49
2023-09-06,116959800,255.135,255.39,245.06,251.92
2023-09-07,115312900,245.07,252.81,243.265,251.49
2023-09-08,118559600,251.22,256.52,246.67,248.5
2023-09-11,174667900,264.27,274.85,260.61,273.58
2023-09-12,135999900,270.76,278.39,266.6,267.48
2023-09-13,111673700,270.07,274.98,268.1,271.3
2023-09-14,107709800,271.32,276.7094,270.42,276.04
2023-09-15,133692300,277.55,278.98,271.0,274.39
2023-09-18,101543300,271.16,271.44,263.7601,265.28
2023-09-19,103704000,264.35,267.85,261.2,266.5
2023-09-20,122514600,267.04,273.93,262.4606,262.59
2023-09-21,119951500,257.85,260.86,254.21,255.7
2023-09-22,127524100,257.4,257.7888,244.48,244.88
2023-09-25,104636600,243.38,247.1,238.31,246.99
2023-09-26,101993600,242.98,249.55,241.6601,244.12
2023-09-27,136597200,244.262,245.33,234.58,240.5
2023-09-28,117058900,240.02,247.55,238.65,246.38
2023-09-29,128522700,250.0,254.77,246.35,250.22
2023-10-02,123810400,244.81,254.2799,242.62,251.6
2023-10-03,101985300,248.61,250.02,244.45,246.53
2023-10-04,129721600,248.14,261.86,247.6,261.16
2023-10-05,119159200,260.0,263.6,256.25,260.05
2023-10-06,118121800,253.98,261.65,250.65,260.53
2023-10-09,101377900,255.31,261.36,252.05,259.67
2023-10-10,122656000,257.75,268.94,257.65,263.62
2023-10-11,103706300,266.2,268.6,260.9,262.99
2023-10-12,111508100,262.92,265.41,256.6307,258.87
2023-10-13,102296800,258.9,259.6,250.22,251.12
2023-10-16,88917180,250.05,255.3999,248.48,253.92
2023-10-17,93562910,250.1,257.183,247.08,254.85
2023-10-18,125147800,252.7,254.63,242.08,242.68
2023-10-19,170772700,225.95,230.61,216.78,220.11
2023-10-20,138010100,217.01,218.8606,210.42,211.99
2023-10-23,150683400,210.0,216.98,202.51,212.08
2023-10-24,118231100,216.5,222.05,214.11,216.52
2023-10-25,107065100,215.88,220.1,212.2,212.42
2023-10-26,115112600,211.32,214.8,204.88,205.76
2023-10-27,94881170,210.6,212.41,205.77,207.3
2023-10-30,136448200,209.28,210.88,194.67,197.36
2023-10-31,118068300,196.12,202.8,194.07,200.84
2023-11-01,121661700,204.04,205.99,197.85,205.66
2023-11-02,125987600,212.97,219.2,211.45,218.51
2023-11-03,119534800,221.15,226.3701,218.4,219.96
2023-11-06,117335800,223.98,226.32,215.0,219.27
2023-11-07,116900100,219.98,223.12,215.72,222.18
2023-11-08,106584800,223.15,224.15,217.64,222.11
2023-11-09,142110500,219.75,220.8,206.68,209.98
2023-11-10,131310100,210.03,215.38,205.69,214.65
2023-11-13,140447600,215.6,225.4,211.6101,223.71
2023-11-14,149771600,235.03,238.135,230.72,237.41
2023-11-15,150354000,239.29,246.7,236.45,242.84
2023-11-16,136816800,239.49,240.88,230.96,233.59
2023-11-17,142766200,232.0,237.39,226.54,234.3
2023-11-20,116562400,234.04,237.1,231.02,235.6
2023-11-21,122288000,235.04,243.62,233.34,241.2
2023-11-22,118117100,242.04,244.01,231.4,234.21
2023-11-24,65125200,233.75,238.75,232.33,235.45
2023-11-27,112031800,236.89,238.33,232.1,236.08
2023-11-28,148549900,236.68,247.0,234.01,246.72
2023-11-29,135401300,249.21,252.75,242.76,244.14
2023-11-30,132353200,245.14,245.22,236.91,240.08
2023-12-01,121331700,233.14,240.19,231.9,238.83
2023-12-04,104099800,235.75,239.3733,233.2902,235.58
2023-12-05,137971100,233.87,246.66,233.7,238.72
2023-12-06,126436200,242.92,246.57,239.1709,239.37
2023-12-07,107142300,241.55,244.08,236.98,242.64
2023-12-08,103126800,240.27,245.27,239.2701,243.84
2023-12-11,97913890,242.74,243.441,237.45,239.74
2023-12-12,95328310,238.55,238.99,233.87,237.01
2023-12-13,146286300,234.19,240.3,228.2,239.29
2023-12-14,160829200,241.22,253.88,240.79,251.05
2023-12-15,135932800,251.21,254.13,248.3,253.5
2023-12-18,116416500,253.78,258.74,251.36,252.08
2023-12-19,106737400,253.48,258.3399,253.01,257.22
2023-12-20,125097000,256.41,259.84,247.0,247.14
2023-12-21,109594200,251.9,254.7999,248.55,254.5
2023-12-22,93370090,256.76,258.22,251.37,252.54
2023-12-26,86892380,254.49,257.97,252.91,256.61
2023-12-27,106494400,258.35,263.34,257.52,261.44
2023-12-28,113619900,263.66,265.13,252.71,253.18
2023-12-29,100891600,255.1,255.19,247.43,248.48
2024-01-02,104654200,250.08,251.25,244.41,248.42
2024-01-03,121082600,244.98,245.68,236.32,238.45
2024-01-04,102629300,239.25,242.7,237.73,237.93
2024-01-05,92488940,236.86,240.1196,234.9001,237.49
2024-01-08,85166580,236.14,241.25,235.3,240.45
2024-01-09,96705660,238.11,238.9646,232.04,234.96
2024-01-10,91628500,235.1,235.5,231.29,233.94
2024-01-11,105873600,230.57,230.93,225.37,227.22
2024-01-12,123043800,220.08,225.34,217.1501,218.89
2024-01-16,115355000,215.1,223.49,212.18,219.91
2024-01-17,103164400,214.86,215.67,212.01,215.55
2024-01-18,108595400,216.88,217.45,208.74,211.88
2024-01-19,102260300,209.99,213.19,207.56,212.19
2024-01-22,117952500,212.26,217.8,206.27,208.8
2024-01-23,106605900,211.3,215.65,207.7516,209.14
2024-01-24,123369900,211.88,212.73,206.77,207.83
2024-01-25,198076800,189.7,193.0,180.06,182.63
2024-01-26,107343200,185.5,186.78,182.1,183.25
2024-01-29,125013100,185.63,191.48,183.67,190.93
2024-01-30,109982300,195.33,196.3593,190.61,191.59
2024-01-31,103221400,186.995,193.97,185.8459,187.29
2024-02-01,91843280,188.5,189.88,184.28,188.86
2024-02-02,110612700,185.04,188.69,182.0,187.91
2024-02-05,134294400,184.26,184.68,175.01,181.06
2024-02-06,122676000,177.21,186.49,177.11,185.1
2024-02-07,111535200,188.18,189.79,182.68,187.58
2024-02-08,83034040,189.0,191.6171,185.58,189.56
2024-02-09,84476350,190.18,194.12,189.48,193.57
2024-02-12,95498600,192.11,194.73,187.28,188.13
2024-02-13,86759480,183.99,187.26,182.1087,184.02
2024-02-14,81202990,185.3,188.89,183.35,188.71
2024-02-15,120831800,189.16,200.88,188.8595,200.45
2024-02-16,111346700,202.06,203.17,197.4,199.95
2024-02-20,104545800,196.13,198.6,189.13,193.76
2024-02-21,103844000,193.36,199.44,191.95,194.77
2024-02-22,92739460,194.0,198.32,191.36,197.41
2024-02-23,78841920,195.31,197.57,191.5,191.97
2024-02-26,111747100,192.29,201.78,192.0,199.4
2024-02-27,108645400,204.04,205.6,198.26,199.73
2024-02-28,99806170,200.42,205.3,198.44,202.04
2024-02-29,85906970,204.18,205.28,198.4463,201.88
2024-03-01,82243120,200.52,204.52,198.5,202.64
2024-03-04,134334900,198.73,199.75,186.72,188.14
2024-03-05,119660800,183.05,184.59,177.57,180.74
2024-03-06,107920900,179.99,181.576,173.7,176.54
2024-03-07,102129000,174.35,180.04,173.7,178.65
2024-03-08,85544640,181.5,182.73,174.7,175.34
2024-03-11,85391530,175.445,182.87,174.8,177.77
2024-03-12,87391680,177.77,179.43,172.4101,177.54
2024-03-13,106524500,173.05,176.05,169.15,169.48
2024-03-14,126325700,167.77,171.17,160.51,162.5
2024-03-15,97146830,163.16,165.1845,160.76,163.57
2024-03-18,108214400,170.02,174.72,165.9,173.8
2024-03-19,77271430,172.36,172.82,167.42,171.32
2024-03-20,83846730,173.0,176.25,170.82,175.66
2024-03-21,73178010,176.39,178.18,171.8,172.82
2024-03-22,75580640,166.69,171.2,166.3,170.83
2024-03-25,74228620,168.76,175.24,168.73,172.63
2024-03-26,113186200,178.58,184.25,177.38,177.67
2024-03-27,81804040,181.41,181.91,176.0,179.83
2024-03-28,77654840,177.45,179.57,175.3,175.79
2024-04-01,81562130,176.17,176.75,170.21,175.22
2024-04-02,116650600,164.75,167.69,163.43,166.63
2024-04-03,82950140,164.02,168.82,163.28,168.38
2024-04-04,123162000,170.07,177.19,168.01,171.11
2024-04-05,143157600,169.08,170.86,160.51,164.9
2024-04-08,104423300,169.34,174.5,167.79,172.98
2024-04-09,103232700,172.91,179.22,171.92,176.88
2024-04-10,84532410,173.04,174.93,170.01,171.76
2024-04-11,94515990,172.55,175.88,168.51,174.6
2024-04-12,64722670,172.34,173.8099,170.3644,171.05
2024-04-15,100245300,170.24,170.69,161.38,161.48
2024-04-16,96999960,156.742,158.19,153.75,157.11
2024-04-17,82439720,157.64,158.33,153.78,155.45
2024-04-18,96098830,151.25,152.2,148.7,149.93
2024-04-19,87074500,148.97,150.94,146.22,147.05
2024-04-22,107097600,140.56,144.44,138.8025,142.05
2024-04-23,124545100,143.33,147.26,141.11,144.68
2024-04-24,181178000,162.84,167.97,157.51,162.13
2024-04-25,126427500,158.96,170.88,158.36,170.18
2024-04-26,109815700,168.85,172.12,166.37,168.29
2024-04-29,243869700,188.42,198.87,184.54,194.05
2024-04-30,127031800,186.98,190.95,182.8401,183.28
2024-05-01,92829720,182.0,185.86,179.01,179.99
2024-05-02,89148040,182.86,184.6,176.02,180.01
2024-05-03,75491540,182.1,184.78,178.42,181.19
2024-05-06,84390250,183.8,187.56,182.2,184.76
2024-05-07,75045850,182.4,183.26,177.4,177.81
2024-05-08,79969490,171.59,176.06,170.15,174.72
2024-05-09,65950290,175.01,175.62,171.37,171.97
2024-05-10,72627180,173.05,173.0599,167.75,168.47
2024-05-13,67018900,170.0,175.4,169.0,171.89
2024-05-14,86407420,174.496,179.49,174.07,177.55
2024-05-15,79662990,179.9,180.0,173.11,173.99
2024-05-16,59812220,174.1,175.79,171.43,174.84
2024-05-17,77445850,173.55,179.63,172.75,177.46
2024-05-20,61727430,177.56,177.754,173.52,174.95
2024-05-21,115266500,175.51,186.875,174.71,186.6
2024-05-22,88313480,182.85,183.8,178.12,180.11
2024-05-23,71975500,181.8,181.9,173.26,173.74
2024-05-24,65584480,174.835,180.08,173.73,179.24
2024-05-28,59736620,176.4,178.25,173.16,176.75
2024-05-29,54782650,174.19,178.15,173.93,176.19
2024-05-30,77784760,178.575,182.67,175.38,178.79
2024-05-31,67314600,178.5,180.32,173.82,178.08
2024-06-03,68568920,178.13,182.6389,174.49,176.29
2024-06-04,60056340,174.775,177.755,174.0,174.77
2024-06-05,57953760,175.35,176.15,172.13,175.0
2024-06-06,69887020,174.6,179.73,172.73,177.94
2024-06-07,56244930,176.13,179.35,175.58,177.48
2024-06-10,50869680,176.06,178.57,173.17,173.79
2024-06-11,64761930,173.92,174.75,167.41,170.66
2024-06-12,90389450,171.12,180.55,169.8,177.29
2024-06-13,118984100,188.39,191.08,181.23,182.47
2024-06-14,82038190,185.8,186.0,176.92,178.01
2024-06-17,109786100,177.92,188.81,177.0,187.44
2024-06-18,68982270,186.56,187.2,182.37,184.86
2024-06-20,55893140,184.68,185.21,179.66,181.57
2024-06-21,63029480,182.3,183.95,180.69,183.01
2024-06-24,61992070,184.97,188.8,182.55,182.58
2024-06-25,63678270,184.4,187.97,182.01,187.35
2024-06-26,95737070,186.54,197.755,186.36,196.37
2024-06-27,72746520,195.17,198.72,194.05,197.42
2024-06-28,95438070,199.55,203.2,195.26,197.88
2024-07-01,135691400,201.02,213.23,200.85,209.86
2024-07-02,205047900,218.89,231.3,218.06,231.26
2024-07-03,166561500,234.56,248.35,234.25,246.39
2024-07-05,154501200,249.81,252.37,242.4601,251.52
2024-07-08,157219600,247.71,259.439,244.57,252.94
2024-07-09,160742500,251.0,265.61,250.3,262.33
2024-07-10,128519400,262.8,267.59,257.86,263.26
2024-07-11,221707300,263.3,271.0,239.65,241.03
2024-07-12,155955800,235.8,251.84,233.0912,248.23
2024-07-15,146912900,255.97,265.6,251.73,252.64
2024-07-16,126332500,255.31,258.62,245.8001,256.56
2024-07-17,115584800,252.73,258.47,246.182,248.5
2024-07-18,110869000,251.09,257.14,247.2,249.23
2024-07-19,87403900,247.79,249.44,236.83,239.2
2024-07-22,101225400,244.21,253.21,243.75,251.51
2024-07-23,111928200,253.6,255.7594,245.63,246.38
2024-07-24,167942900,225.42,225.99,214.71,215.99
2024-07-25,100636500,216.8,226.0,216.231,220.25
2024-07-26,94604150,221.19,222.2799,215.33,219.8
2024-07-29,129201800,224.9,234.27,224.7,232.1
2024-07-30,100560300,232.25,232.41,220.0,222.62
2024-07-31,67497010,227.9,234.68,226.7875,232.07
2024-08-01,83861900,227.69,231.867,214.3328,216.86
2024-08-02,82880120,214.88,216.13,205.78,207.67
2024-08-05,100308800,185.22,203.8799,182.0,198.88
2024-08-06,73783940,200.75,202.9,192.67,200.64
2024-08-07,71159780,200.77,203.49,191.48,191.76
2024-08-08,65033870,195.7,200.7,192.04,198.84
2024-08-09,58648270,197.05,200.88,195.11,200.0
2024-08-12,64044900,199.02,199.26,194.67,197.49
2024-08-13,76247390,198.47,208.49,197.06,207.83
2024-08-14,70250010,207.39,208.44,198.75,201.38
2024-08-15,89848530,205.02,215.88,204.82,214.14
2024-08-16,88765120,211.15,219.8,210.8,216.12
2024-08-19,76435220,217.07,222.98,214.09,222.72
2024-08-20,74001180,224.88,228.22,219.56,221.1
2024-08-21,70145960,222.67,224.6594,218.86,223.27
2024-08-22,79514480,223.82,224.8,210.32,210.66
2024-08-23,81525210,214.455,221.48,214.21,220.32
2024-08-26,59301190,218.75,219.09,211.01,213.21
2024-08-27,62821390,213.25,215.66,206.94,209.21
2024-08-28,64116350,209.72,211.84,202.59,205.75
2024-08-29,62308820,209.8,214.89,205.97,206.28
2024-08-30,63370610,208.63,214.5701,207.03,214.11
2024-09-03,76714220,215.26,219.9043,209.64,210.6
2024-09-04,80651770,210.59,222.22,210.57,219.41
2024-09-05,119355000,223.49,235.0,222.25,230.17
2024-09-06,112177000,232.6,233.6,210.51,210.73
2024-09-09,67443520,216.2,219.87,213.67,216.27
2024-09-10,78891140,220.07,226.4,218.6377,226.17
2024-09-11,83548630,224.55,228.47,216.8003,228.13
2024-09-12,72020040,224.66,231.45,223.83,229.81
2024-09-13,59515110,228.0,232.67,226.32,230.29
2024-09-16,54323000,229.3,229.96,223.53,226.78
2024-09-17,66761640,229.45,234.57,226.5533,227.87
2024-09-18,78010200,230.09,235.68,226.88,227.2
2024-09-19,102694600,234.0,244.24,232.13,243.92
2024-09-20,99879070,241.52,243.99,235.92,238.25
2024-09-23,86927190,242.61,250.0,241.92,250.0
2024-09-24,88491000,254.08,257.19,249.0501,254.27
2024-09-25,65034320,252.54,257.05,252.28,257.02
2024-09-26,67142190,260.6,261.75,251.53,254.22
2024-09-27,70988070,257.375,260.6999,254.12,260.46
2024-09-30,80873380,259.04,264.86,255.77,261.63
2024-10-01,87397610,262.67,263.98,248.53,258.02
2024-10-02,93983930,247.55,251.1585,241.5,249.02
2024-10-03,80729240,244.48,249.79,237.81,240.66
2024-10-04,86726290,246.69,250.96,244.58,250.08
2024-10-07,68113270,249.0,249.83,240.7,240.83
2024-10-08,56303160,243.56,246.21,240.56,244.5
2024-10-09,66289530,243.82,247.43,239.51,241.05
2024-10-10,83087060,241.81,242.7899,232.34,238.77
2024-10-11,142628900,220.13,223.34,214.38,217.8
2024-10-14,86291920,220.13,221.91,213.74,219.16
2024-10-15,62988790,220.01,224.26,217.12,219.57
2024-10-16,49632820,221.4,222.8199,218.93,221.33
2024-10-17,50791780,221.59,222.08,217.9,220.89
2024-10-18,49611870,220.71,222.28,219.23,220.7
2024-10-21,47328990,218.9,220.48,215.726,218.85
2024-10-22,43268740,217.31,218.22,215.26,217.97
2024-10-23,80938890,217.125,218.72,212.11,213.65
2024-10-24,204491900,244.68,262.1199,242.65,260.48
2024-10-25,161611900,256.01,269.49,255.32,269.19
2024-10-28,107653600,270.0,273.536,262.24,262.51
2024-10-29,80521750,264.51,264.98,255.51,259.52
2024-10-30,53993580,258.035,263.35,255.8201,257.55
2024-10-31,66575290,257.99,259.75,249.25,249.85
2024-11-01,57544760,252.043,254.0,246.63,248.98
2024-11-04,68802350,244.56,248.9,238.88,242.84
2024-11-05,69282510,247.34,255.2799,246.2101,251.44
2024-11-06,165228700,284.67,289.59,275.62,288.53
2024-11-07,117309200,288.89,299.75,285.52,296.91
2024-11-08,204782800,299.14,328.71,297.66,321.22
2024-11-11,210521600,346.3,358.64,336.0,350.0
2024-11-12,155726000,342.74,345.84,323.31,328.49
2024-11-13,125405600,335.85,344.5999,322.5,330.24
2024-11-14,120726100,327.69,329.98,310.37,311.18
2024-11-15,114440300,310.57,324.6799,309.22,320.72
2024-11-18,126547500,340.73,348.5499,330.01,338.74
2024-11-19,88852450,335.76,347.3799,332.75,346.0
2024-11-20,66340650,345.0,346.5999,334.3,342.03
2024-11-21,58011720,343.81,347.9899,335.28,339.64
2024-11-22,89140720,341.085,361.53,337.7,352.56
2024-11-25,95890900,360.14,361.93,338.2,338.59
2024-11-26,62295860,341.0,346.96,335.66,338.23
2024-11-27,57896440,341.8,342.55,326.59,332.89
2024-11-29,37167620,336.08,345.45,334.6501,345.16
2024-12-02,77986480,352.38,360.0,351.1501,357.09
2024-12-03,58267200,351.8,355.69,348.2,351.42
2024-12-04,50810870,353.0,358.1,348.6,357.93
2024-12-05,81403570,359.87,375.43,359.5,369.49
2024-12-06,81455830,377.42,389.49,370.8,389.22
