Date,Open,High,Low,Close,Volume,Asset_Name,MA_7,MA_30,Daily_Return,Volatility_7
2004-06-11,384.0,384.8,382.8,384.1,272,Gold,,,,
2004-06-14,384.3,385.8,381.8,382.8,1902,Gold,,,-0.003384535277271561,
2004-06-15,382.8,388.8,381.1,388.6,1951,Gold,,,0.015151515151515138,
2004-06-16,387.1,389.8,382.6,383.8,2014,Gold,,,-0.012352032938754531,
2004-06-17,383.6,389.3,383.0,387.6,1568,Gold,,,0.00990099009900991,
2004-06-18,388.6,395.8,385.8,394.3,2257,Gold,,,0.0172858617131062,
2004-06-21,394.3,396.8,392.1,393.1,1674,Gold,387.75714285714287,,-0.0030433679939132485,
2004-06-22,392.8,396.3,392.3,394.1,1407,Gold,389.1857142857143,,0.0025438819638767818,0.010869125165137062
2004-06-23,394.0,396.6,392.3,395.6,1829,Gold,391.0142857142857,,0.0038061405734584053,0.01041509900791607
2004-06-24,394.0,402.8,393.1,401.1,1991,Gold,392.80000000000007,,0.013902932254802769,0.010216188156322498
2004-06-25,402.0,402.8,400.1,401.1,1608,Gold,395.2714285714286,,0.0,0.007514037923128605
2004-06-28,401.8,404.6,398.8,399.8,2124,Gold,397.0142857142858,,-0.003241087010720567,0.00809598092117396
2004-06-29,399.8,400.5,390.3,391.3,2175,Gold,396.5857142857143,,-0.02126063031515757,0.010633549496985382
2004-06-30,391.5,396.3,391.1,393.3,2131,Gold,396.61428571428576,,0.00511116790186561,0.010822710701112953
2004-07-01,391.6,395.8,391.5,395.0,1736,Gold,396.7428571428572,,0.0043224002034070175,0.010909537911586912
2004-07-02,395.1,399.8,391.3,397.8,1516,Gold,397.0571428571429,,0.007088607594936791,0.011149392696048551
2004-07-06,397.8,398.8,388.5,392.1,1008,Gold,395.7714285714286,,-0.014328808446455454,0.010737742592979205
2004-07-07,394.1,403.1,394.1,401.8,792,Gold,395.87142857142857,,0.02473858709512866,0.01513298442767343
2004-07-08,401.8,408.6,399.3,407.3,914,Gold,396.9428571428572,,0.013688402190144444,0.015801962025546446
2004-07-09,407.3,407.8,405.0,407.1,793,Gold,399.2,,-0.0004910385465258793,0.01204110818059044
2004-07-12,407.3,408.3,405.0,406.6,866,Gold,401.09999999999997,,-0.001228199459592183,0.012330566429788503
2004-07-13,407.1,407.3,399.6,403.1,1589,Gold,402.25714285714287,,-0.008607968519429465,0.013345533345861124
2004-07-14,400.8,405.8,400.8,404.8,990,Gold,403.25714285714287,,0.004217315802530264,0.013241926806179062
2004-07-15,404.3,405.1,400.8,403.1,1900,Gold,404.8285714285715,,-0.0041996047430830075,0.011530374890477344
2004-07-16,403.1,407.1,401.8,406.1,882,Gold,405.4428571428572,,0.007442322004465485,0.007497791134709531
2004-07-19,405.5,407.5,403.8,404.8,858,Gold,405.0857142857143,,-0.0032011819748830606,0.0053485849350209174
2004-07-20,405.0,406.3,398.6,400.8,1707,Gold,404.1857142857143,,-0.00988142292490124,0.006326759601100731
2004-07-21,399.3,401.6,393.8,396.1,1908,Gold,402.6857142857143,,-0.011726546906187574,0.007234832266266419
2004-07-22,396.0,397.8,392.8,393.3,1907,Gold,401.2857142857143,,-0.0070689219893966815,0.00708290183175
2004-07-23,394.3,395.0,386.5,389.3,1899,Gold,399.07142857142856,396.6566666666667,-0.010170353419781342,0.006540978650977335
2004-07-26,389.3,392.1,388.1,389.8,1992,Gold,397.1714285714285,396.84666666666664,0.0012843565373747978,0.007038295424580631
2004-07-27,390.5,393.1,385.1,386.6,3054,Gold,394.38571428571424,396.97333333333336,-0.008209338122113885,0.004568419020519094
2004-07-28,386.1,389.6,384.5,387.3,3205,Gold,391.8857142857143,396.93000000000006,0.0018106570098292973,0.0055496686662971926
2004-07-29,387.3,390.8,385.3,387.1,2521,Gold,389.92857142857144,397.04,-0.0005163955589981839,0.005664464051218542
2004-07-30,387.1,391.8,386.3,390.5,2803,Gold,389.12857142857143,397.13666666666666,0.008783260139498816,0.006767463045330405
2004-08-02,390.3,393.8,390.3,391.1,1926,Gold,388.8142857142857,397.03,0.0015364916773368265,0.006470939840034555
2004-08-03,391.3,394.3,388.1,393.1,3214,Gold,389.35714285714283,397.03000000000003,0.0051137816415238735,0.005236367966596035
2004-08-04,393.8,393.8,389.6,391.8,3037,Gold,389.64285714285717,396.9533333333333,-0.0033070465530399273,0.005532514986091343
2004-08-05,391.3,393.0,389.8,391.8,1900,Gold,390.3857142857143,396.8266666666667,0.0,0.003966694708869318
2004-08-06,391.8,400.3,390.8,398.8,1878,Gold,392.02857142857147,396.75,0.0178662582950484,0.007210426074240143
2004-08-09,399.1,400.3,397.1,399.8,1449,Gold,393.84285714285716,396.7066666666667,0.0025075225677031465,0.006966458883533982
2004-08-10,399.6,400.6,397.3,399.1,1442,Gold,395.07142857142856,396.68333333333334,-0.0017508754377187907,0.007060151182455015
2004-08-11,398.1,399.1,392.3,394.6,1523,Gold,395.57142857142856,396.7933333333333,-0.011275369581558503,0.008951779835020974
2004-08-12,395.1,397.3,392.8,393.3,1730,Gold,395.59999999999997,396.79333333333335,-0.003294475418144982,0.00892002427906152
2004-08-13,393.5,399.1,391.8,398.1,2692,Gold,396.50000000000006,396.89666666666665,0.012204424103737566,0.009812695373759195
2004-08-16,398.3,403.1,397.6,401.3,1423,Gold,397.85714285714283,397.0133333333334,0.008038181361466945,0.009964759978796991
2004-08-17,402.1,404.8,399.6,404.8,1031,Gold,398.7142857142857,397.43666666666667,0.008721654622476871,0.008207464303364385
2004-08-18,403.8,404.8,401.1,403.8,641,Gold,399.2857142857143,397.50333333333333,-0.0024703557312253377,0.00838648243928018
2004-08-19,403.8,407.5,403.1,406.1,1445,Gold,400.2857142857143,397.4633333333333,0.005695889053987102,0.008384600231624649
2004-08-20,406.1,413.8,404.6,412.2,1898,Gold,402.8,397.6333333333333,0.015020930805220267,0.006941850958716985
2004-08-23,411.8,411.8,407.8,409.3,1919,Gold,405.08571428571435,397.7233333333333,-0.007035419699175094,0.007881619861122496
2004-08-24,409.6,409.6,401.6,401.6,1996,Gold,405.5857142857143,397.67333333333335,-0.0188126068898119,0.011520149759028498
2004-08-25,401.8,407.6,401.6,406.8,3058,Gold,406.3714285714286,397.74,0.01294820717131473,0.012131466967611937
2004-08-26,406.3,408.8,404.1,406.3,1680,Gold,406.5857142857143,397.84666666666664,-0.0012291052114060674,0.011792160036271161
2004-08-27,406.5,408.5,400.8,402.3,2561,Gold,406.3714285714286,397.72,-0.009844942160964765,0.012423479103329442
2004-08-30,402.3,408.6,402.1,408.1,940,Gold,406.65714285714284,397.83,0.01441710166542376,0.013532164429022001
2004-08-31,406.8,410.8,406.3,409.3,1100,Gold,406.2428571428572,398.1133333333334,0.002940455770644501,0.012108856357402392
2004-09-01,409.6,409.8,405.8,407.8,1866,Gold,406.0285714285714,398.50333333333333,-0.0036647935499632966,0.011891374480890577
2004-09-02,407.8,408.3,404.8,405.6,1236,Gold,406.6,398.91333333333336,-0.0053948013732221245,0.009222631803497286
2004-09-03,405.1,406.3,398.6,399.8,1547,Gold,405.59999999999997,399.2633333333333,-0.01429980276134124,0.00931214712952715
2004-09-07,400.6,401.6,396.3,397.8,1421,Gold,404.3857142857143,399.53000000000003,-0.005002501250625291,0.009339584315335544
2004-09-08,397.8,399.8,394.3,399.1,2418,Gold,403.92857142857144,399.9466666666667,0.0032679738562091387,0.009043160650765585
2004-09-09,398.3,400.3,396.6,397.6,2887,Gold,402.42857142857144,400.29,-0.0037584565271862047,0.005910127305825037
2004-09-10,397.8,402.3,397.5,402.3,2744,Gold,401.42857142857144,400.79666666666674,0.011820925553319928,0.008115266053784148
2004-09-13,401.1,404.3,398.1,403.3,2562,Gold,400.78571428571433,401.22333333333336,0.002485707183693675,0.008290741130768272
2004-09-14,403.3,406.6,401.6,405.6,1495,Gold,400.7857142857143,401.7066666666667,0.005702950657079153,0.008492594610430395
2004-09-15,405.3,405.5,402.1,404.6,2017,Gold,401.4714285714286,402.09000000000003,-0.002465483234713961,0.005966557979845418
2004-09-16,403.3,405.3,401.6,403.8,2710,Gold,402.3285714285715,402.49,-0.001977261492832505,0.005488769693740841
2004-09-17,403.8,406.6,402.5,405.0,2792,Gold,403.17142857142863,402.93,0.002971768202080227,0.005479882761569013
2004-09-20,404.8,405.3,402.8,404.3,1873,Gold,404.12857142857143,403.1133333333334,-0.0017283950617283939,0.005161953152552457
2004-09-21,404.5,409.7,403.5,409.3,1498,Gold,405.12857142857143,403.43,0.012367054167697233,0.00532945730683336
2004-09-22,408.3,409.3,403.5,406.3,2461,Gold,405.5571428571429,403.67,-0.007329587099926704,0.006491963459907427
2004-09-23,406.3,411.6,405.6,410.1,2355,Gold,406.2,404.18666666666667,0.009352695052916582,0.007048122268844794
2004-09-24,410.1,411.0,405.8,407.1,1891,Gold,406.5571428571429,404.64666666666665,-0.007315288953913646,0.007720508825965682
2004-09-27,407.3,409.6,406.6,408.8,988,Gold,407.2714285714286,405.00333333333333,0.0041758781626135555,0.007687755391671991
2004-09-28,408.3,412.6,408.0,411.6,2444,Gold,408.2142857142857,405.34666666666664,0.006849315068493178,0.007923608459717579
2004-09-29,411.7,413.7,410.2,412.1,3798,Gold,409.3285714285715,405.59000000000003,0.0012147716229349292,0.007747959611247813
2004-09-30,412.2,418.6,410.5,417.8,4044,Gold,410.54285714285714,406.0566666666666,0.013831594273234549,0.00806397056532926
2004-10-01,417.8,419.3,416.3,419.0,1356,Gold,412.35714285714283,406.4866666666667,0.002872187649593183,0.006698964240072008
2004-10-04,418.3,418.8,411.3,418.8,936,Gold,413.59999999999997,406.7066666666667,-0.0004773269689737347,0.006522019790976212
2004-10-05,413.6,419.3,412.3,418.3,869,Gold,415.2,407.0066666666667,-0.0011938872970391756,0.005176655194467701
2004-10-06,418.6,419.8,415.6,417.3,1059,Gold,416.4142857142857,407.53000000000003,-0.0023906287353574474,0.005687282056995821
2004-10-07,418.1,419.7,416.7,417.1,3365,Gold,417.2,407.87333333333333,-0.0004792715073088649,0.005523752075414037
2004-10-08,417.3,423.3,416.8,422.3,713,Gold,418.6571428571429,408.4066666666667,0.012467034284344258,0.006781434283076801
2004-10-11,422.5,422.6,420.6,421.6,748,Gold,419.2,409.05000000000007,-0.001657589391427905,0.005197538548122724
2004-10-12,421.3,422.1,412.6,414.8,909,Gold,418.59999999999997,409.27333333333337,-0.016129032258064502,0.00828681433790776
2004-10-13,414.8,416.1,409.1,415.3,1355,Gold,418.09999999999997,409.47333333333336,0.0012054001928640812,0.008342553665455407
2004-10-14,415.1,418.5,413.8,417.3,1467,Gold,417.9571428571429,409.79,0.004815795810257706,0.00864328518414254
2004-10-15,417.3,420.8,417.2,418.3,1030,Gold,418.09999999999997,410.2133333333333,0.0023963575365444356,0.00864057951249981
2004-10-18,418.1,419.8,415.3,415.3,1128,Gold,417.84285714285716,410.7300000000001,-0.007171886206072231,0.009108353429759658
2004-10-19,415.3,420.2,414.3,419.3,1286,Gold,417.4142857142857,411.44666666666666,0.00963159162051519,0.008472153429953272
2004-10-20,419.3,425.5,419.3,423.1,1002,Gold,417.62857142857143,412.24666666666667,0.009062723586930721,0.009262782109916176
2004-10-21,423.1,425.8,421.5,423.3,1274,Gold,418.8428571428572,413.10333333333335,0.00047270148900957487,0.005736170927136626
2004-10-22,423.8,424.7,421.5,423.7,1034,Gold,420.04285714285714,413.81666666666666,0.0009449562957712931,0.005749944402194493
2004-10-25,426.0,430.2,426.0,427.8,1206,Gold,421.54285714285714,414.6333333333333,0.009676658012744976,0.006290916330009193
2004-10-26,428.3,428.6,424.3,426.3,1015,Gold,422.6857142857143,415.3233333333334,-0.003506311360448766,0.00684607089091037
2004-10-27,426.1,428.3,422.8,423.8,1267,Gold,423.90000000000003,415.9633333333333,-0.0058644147314097506,0.00654197167546743
2004-10-28,423.3,426.8,420.3,423.8,1450,Gold,424.5428571428571,416.63000000000005,0.0,0.005872988834069009
2004-10-29,424.3,428.3,423.3,428.1,1388,Gold,425.25714285714287,417.4,0.010146295422369,0.006113635725400655
2004-11-01,429.6,430.1,425.7,426.8,1246,Gold,425.7571428571428,418.15,-0.003036673674375212,0.006369189944594994
2004-11-02,426.6,427.0,416.8,421.1,1255,Gold,425.38571428571424,418.54333333333335,-0.0133552014995314,0.0084243048978139
2004-11-03,420.7,426.8,418.8,426.3,1257,Gold,425.1714285714285,419.21000000000004,0.012348610781287128,0.00902014844843243
2004-11-04,426.6,432.6,425.3,429.1,1230,Gold,425.57142857142856,419.84333333333336,0.006568144499178974,0.009255010528971796
2004-11-05,429.1,433.6,424.5,433.1,1493,Gold,426.90000000000003,420.71000000000004,0.009321836401771089,0.009164755953060351
2004-11-08,433.6,434.8,430.7,431.6,1067,Gold,428.0142857142858,421.47,-0.0034634033710458922,0.009451641191963917
2004-11-09,432.1,436.2,430.8,434.8,1311,Gold,428.9714285714286,422.2433333333334,0.007414272474513428,0.009141688200111868
2004-11-10,434.3,437.6,432.0,433.3,1338,Gold,429.90000000000003,422.95,-0.003449862005519777,0.009182805632136646
2004-11-11,432.3,435.1,431.6,434.1,869,Gold,431.7571428571428,423.4933333333334,0.0018462958689129394,0.006206983676741027
2004-11-12,433.8,438.5,433.8,437.3,1318,Gold,433.3285714285715,424.1033333333334,0.00737157337019112,0.005369148796996033
2004-11-15,438.3,439.8,435.2,436.0,1315,Gold,434.31428571428575,424.6766666666666,-0.002972787560027501,0.005707722056814649
2004-11-16,435.8,440.3,434.8,439.3,2127,Gold,435.2,425.3766666666667,0.007568807339449535,0.00537691996379811
2004-11-17,438.1,444.6,438.0,444.1,2145,Gold,436.9857142857143,426.27000000000004,0.010926473935807035,0.0056631099279077085
2004-11-18,444.6,445.7,439.7,441.6,1204,Gold,437.9571428571429,427.0866666666667,-0.005629362756136014,0.006478343003763174
2004-11-19,441.8,447.8,441.3,446.6,1412,Gold,439.85714285714283,427.89666666666665,0.011322463768115965,0.006718572277983573
2004-11-22,446.3,448.5,445.6,448.3,811,Gold,441.8857142857143,428.7866666666667,0.00380653828929689,0.00663729893031675
2004-11-23,448.3,449.2,445.5,447.1,1004,Gold,443.2857142857143,429.8633333333334,-0.0026767789426722643,0.007020496664477426
2004-11-24,446.8,449.1,446.7,448.8,1362,Gold,445.11428571428576,430.97999999999996,0.0038022813688212143,0.006474721248667372
2004-11-26,453.6,454.8,449.0,451.3,349,Gold,446.8285714285715,432.11333333333334,0.005570409982174729,0.006342069965813202
2004-11-29,451.3,454.3,449.0,452.8,1042,Gold,448.07142857142856,433.2633333333334,0.0033237314424994224,0.005532447851228304
2004-11-30,452.6,453.3,447.6,450.3,1587,Gold,449.31428571428575,434.43,-0.005521201413427601,0.005505102708576195
2004-12-01,450.7,455.2,449.8,453.8,1294,Gold,450.34285714285716,435.58000000000004,0.007772596047079805,0.004693237516283607
2004-12-02,454.3,456.3,446.6,448.3,1264,Gold,450.34285714285716,436.42,-0.01211987659762015,0.007088537766628673
2004-12-06,455.1,455.8,450.5,451.8,940,Gold,451.0142857142858,437.37,0.007807271916127512,0.007517951511004648
2004-12-07,451.6,454.6,449.8,450.3,1473,Gold,451.2285714285714,438.2566666666667,-0.0033200531208499307,0.007638480725036007
2004-12-08,449.8,450.1,432.8,439.7,2677,Gold,449.5714285714286,438.65333333333336,-0.02353986231401295,0.011411493341392893
2004-12-09,439.3,440.8,431.5,436.8,4025,Gold,447.2857142857143,439.00333333333333,-0.00659540595860808,0.01100897844749822
2004-12-10,437.0,437.0,431.5,433.7,1189,Gold,444.9142857142857,439.3333333333333,-0.007097069597069683,0.011035732536180452
2004-12-13,434.3,439.6,434.1,438.8,951,Gold,442.7714285714286,439.8333333333333,0.011759280608715672,0.011892374755411675
2004-12-14,438.6,439.1,434.5,435.0,1188,Gold,440.87142857142857,440.0633333333334,-0.008659981768459502,0.011602381824938255
2004-12-15,435.6,441.0,434.8,440.8,1047,Gold,439.3,440.53,0.01333333333333342,0.012694883635220986
2004-12-16,440.6,442.3,435.1,436.6,1645,Gold,437.34285714285716,441.0466666666667,-0.009528130671506374,0.012899839162636529
2004-12-17,436.8,441.5,436.8,441.0,1236,Gold,437.5285714285714,441.5366666666667,0.010077874484654137,0.010612289580811268
2004-12-20,441.3,443.6,440.3,442.1,704,Gold,438.2857142857143,441.97,0.0024943310657596918,0.010149704618549332
2004-12-21,441.8,443.1,440.1,441.1,769,Gold,439.34285714285716,442.2366666666667,-0.0022619316896629327,0.009595181902164183
2004-12-22,441.2,442.6,438.3,439.2,829,Gold,439.40000000000003,442.49,-0.004307413284969419,0.008895929997744207
2004-12-23,439.3,442.1,439.2,441.8,701,Gold,440.3714285714286,442.72333333333336,0.005919854280510117,0.008162157740144688
2004-12-27,442.6,445.1,441.8,443.8,546,Gold,440.8,443.0733333333334,0.004526935264825616,0.006719803552107607
2004-12-28,444.3,445.1,442.3,443.3,626,Gold,441.75714285714287,443.38,-0.0011266336187472081,0.005078063729220708
2004-12-29,443.1,443.6,433.1,435.8,1873,Gold,441.0142857142858,443.33,-0.016918565305662048,0.007675391754518727
2004-12-30,435.7,438.3,433.3,437.0,925,Gold,440.2857142857143,443.3633333333334,0.0027535566773748688,0.007699406952453495
2005-01-03,437.1,437.3,426.7,428.5,1308,Gold,438.4857142857142,443.00333333333333,-0.0194508009153318,0.010252138166031542
2005-01-04,429.3,429.5,423.7,426.8,1579,Gold,436.7142857142857,442.4266666666666,-0.003967327887981265,0.01025172068618475
2005-01-05,425.3,428.0,424.8,426.1,1327,Gold,434.47142857142853,441.90999999999997,-0.0016401124648547372,0.009389883356348385
2005-01-06,426.1,427.1,420.0,420.8,1174,Gold,431.1857142857143,441.05,-0.01243839474301811,0.00864561703276674
2005-01-07,421.7,424.5,416.5,418.6,1473,Gold,427.65714285714284,440.06,-0.005228136882129197,0.00826922724317402
2005-01-10,419.1,421.3,418.3,419.3,1079,Gold,425.30000000000007,439.1333333333333,0.0016722408026754731,0.007954499312817226
2005-01-11,419.5,422.3,419.0,421.6,1742,Gold,423.1,438.2266666666667,0.0054853326973527405,0.008475235548545117
2005-01-12,422.0,427.3,420.1,425.8,2358,Gold,422.7142857142857,437.3766666666667,0.009962049335863421,0.0073845962486186875
2005-01-13,425.8,426.5,422.7,424.5,1651,Gold,422.3857142857143,436.43333333333334,-0.0030530765617661215,0.007328748810589846
2005-01-14,425.1,425.2,420.1,422.6,1711,Gold,421.8857142857143,435.51000000000005,-0.004475853945818509,0.0074633804828043125
2005-01-17,421.8,422.6,421.0,421.2,107,Gold,421.9428571428571,434.4233333333333,-0.003312825366777128,0.005768203710053862
2005-01-18,421.3,423.3,420.8,422.5,779,Gold,422.5,433.56333333333333,0.0030864197530864335,0.005314381607873381
2005-01-19,422.7,426.6,421.5,422.6,1998,Gold,422.9714285714286,432.59000000000003,0.0002366863905325367,0.005327006365767356
2005-01-20,422.3,422.7,419.6,421.7,1628,Gold,422.9857142857143,431.63666666666666,-0.00212967345007109,0.005060883316759385
2005-01-21,421.5,427.8,420.6,426.7,2070,Gold,423.1142857142857,431.2033333333333,0.011856770215793233,0.0056911206411297535
2005-01-24,426.5,427.6,426.0,426.8,1143,Gold,423.4428571428571,430.87,0.0002343566908835637,0.005499220590912699
2005-01-25,426.8,427.3,420.3,421.6,2104,Gold,423.3,430.46666666666675,-0.012183692596063667,0.007228112372916415
2005-01-26,421.5,427.3,420.8,426.1,1828,Gold,424.0,430.0433333333333,0.01067362428842511,0.008137552245970743
2005-01-27,426.0,427.6,423.6,426.0,1573,Gold,424.5,429.7433333333333,-0.00023468669326454084,0.008138843286614371
2005-01-28,426.1,427.2,423.5,426.5,1711,Gold,425.0571428571428,429.26666666666665,0.0011737089201877549,0.008127910924411848
2005-01-31,425.5,425.5,419.2,422.1,2276,Gold,425.11428571428576,428.78333333333336,-0.010316529894489945,0.00922553584462272
2005-02-01,422.1,422.1,419.1,420.5,1747,Gold,424.22857142857146,428.1,-0.0037905709547501054,0.007690385066713776
2005-02-02,420.8,422.3,419.6,421.3,1294,Gold,423.4428571428571,427.4066666666667,0.0019024970273484598,0.007798538924699017
2005-02-03,420.8,421.2,414.2,416.8,1960,Gold,422.75714285714287,426.59666666666664,-0.010681224780441534,0.007480098630515664
2005-02-04,416.7,417.3,413.3,414.2,1761,Gold,421.0571428571428,425.7633333333334,-0.0062380038387716,0.005249909147933979
2005-02-07,413.8,415.7,412.2,413.0,1850,Gold,419.19999999999993,424.80333333333334,-0.002897151134717446,0.005020868250869223
2005-02-08,412.7,413.8,410.2,412.3,1915,Gold,417.1714285714285,423.75333333333333,-0.0016949152542372614,0.004587876080544095
2005-02-09,412.2,413.3,409.8,412.8,1579,Gold,415.84285714285716,422.7366666666667,0.001212709192335737,0.004347507704431064
2005-02-10,413.1,418.3,411.3,417.2,2231,Gold,415.37142857142857,422.1166666666667,0.01065891472868219,0.006762865744754848
2005-02-11,416.8,421.6,415.8,420.3,1894,Gold,415.22857142857146,421.56,0.007430488974113247,0.007459508005027391
2005-02-14,420.5,425.8,420.5,425.3,2289,Gold,416.4428571428571,421.4533333333333,0.011896264572924142,0.007103150354160115
2005-02-15,424.7,426.8,423.2,424.8,2146,Gold,417.9571428571429,421.38666666666666,-0.0011756407241947375,0.006219275542972277
2005-02-16,424.8,425.5,421.6,424.7,2130,Gold,419.62857142857143,421.34000000000003,-0.0002354048964219313,0.0058221722091057835
2005-02-17,424.1,428.1,423.7,426.6,1903,Gold,421.6714285714285,421.5333333333334,0.0044737461737698325,0.005253246208168804
2005-02-18,426.2,427.7,425.3,426.8,1485,Gold,423.6714285714285,421.8066666666667,0.00046882325363339916,0.005346828708679748
2005-02-22,430.1,435.5,429.8,434.8,2003,Gold,426.1857142857143,422.3233333333333,0.018744142455482615,0.007331396877830414
2005-02-23,434.3,435.3,431.2,433.3,2065,Gold,428.0428571428571,422.7133333333333,-0.003449862005519777,0.008078801565155303
2005-02-24,433.1,436.3,431.8,433.2,2008,Gold,429.17142857142863,422.96,-0.00023078698361422845,0.007478558823652862
2005-02-25,432.8,435.2,430.6,434.8,1926,Gold,430.59999999999997,423.30333333333334,0.003693444136657398,0.007286709583195006
2005-02-28,434.6,437.7,434.5,435.0,2174,Gold,432.07142857142856,423.71666666666664,0.0004599816007360147,0.007234201351883213
2005-03-01,435.0,435.1,430.3,431.8,2032,Gold,432.8142857142857,424.07,-0.007356321839080415,0.008264075795600428
2005-03-02,432.1,433.2,428.3,432.6,1164,Gold,433.64285714285717,424.4066666666667,0.0018527095877720612,0.008244531861660838
2005-03-03,431.8,433.1,428.6,429.2,1575,Gold,432.84285714285716,424.6266666666667,-0.007859454461396242,0.004497960078463737
2005-03-04,429.2,434.8,428.7,433.8,2059,Gold,432.9142857142857,425.03,0.01071761416589001,0.006427280758898268
2005-03-07,433.8,434.8,431.8,434.0,1385,Gold,433.0285714285714,425.27333333333337,0.0004610419548178868,0.0064251860402676254
2005-03-08,434.3,440.3,433.8,440.0,711,Gold,433.7714285714286,425.7133333333333,0.01382488479262678,0.008214018239744096
2005-03-09,439.8,442.1,438.5,440.1,1325,Gold,434.5,426.33,0.00022727272727274261,0.008220476928570242
2005-03-10,439.7,442.3,439.5,441.6,1021,Gold,435.90000000000003,426.8466666666667,0.0034083162917519783,0.007186841026523433
2005-03-11,441.8,446.6,439.6,444.3,896,Gold,437.57142857142856,427.4566666666667,0.006114130434782483,0.007230766260440398
2005-03-14,444.8,444.8,439.6,440.0,984,Gold,439.1142857142857,427.9066666666667,-0.00967814539725409,0.00773629496746375
2005-03-15,440.1,443.8,439.2,440.2,879,Gold,440.02857142857147,428.51000000000005,0.00045454545454548523,0.007105415600774767
2005-03-16,440.1,443.5,439.3,442.7,976,Gold,441.2714285714286,429.25,0.005679236710586011,0.007176226367564187
2005-03-17,442.6,443.6,437.1,438.3,969,Gold,441.02857142857147,429.81666666666666,-0.009939010616670352,0.006732634226572715
2005-03-18,438.5,439.3,435.5,438.8,867,Gold,440.84285714285716,430.55,0.0011407711613049543,0.006758638404640792
2005-03-21,439.2,439.2,428.7,430.8,959,Gold,439.3,431.1033333333333,-0.01823154056517773,0.009224184468010956
2005-03-22,431.1,432.1,425.6,426.3,1225,Gold,436.72857142857146,431.5466666666667,-0.010445682451253435,0.008439375237481842
2005-03-23,425.8,428.2,423.5,424.8,1455,Gold,434.5571428571429,431.9633333333333,-0.0035186488388458947,0.008294795523543239
2005-03-24,424.7,426.0,423.6,423.8,1424,Gold,432.2142857142857,432.33000000000004,-0.002354048964218425,0.008052494240891056
2005-03-28,424.3,426.1,423.1,425.8,479,Gold,429.80000000000007,432.6166666666667,0.004719207173194961,0.007838039050868797
2005-03-29,425.5,427.3,425.1,425.3,1028,Gold,427.9428571428571,432.7833333333334,-0.001174260216063927,0.0077132447293779246
2005-03-30,425.2,427.6,424.8,425.3,1789,Gold,426.0142857142858,432.78333333333336,0.0,0.0075910453913184805
2005-03-31,425.3,428.5,425.2,427.8,1479,Gold,425.5857142857143,432.8833333333333,0.005878203620973466,0.005453527479041868
2005-04-01,427.7,428.3,424.0,425.1,1624,Gold,425.4142857142857,432.89666666666665,-0.006311360448807868,0.004375496993586227
2005-04-04,425.1,426.2,421.8,423.3,1620,Gold,425.2,432.7866666666667,-0.004234297812279464,0.004468044711276746
2005-04-05,423.3,425.1,422.0,424.0,1478,Gold,425.2285714285714,432.6933333333334,0.0016536735175998185,0.004447095694244104
2005-04-06,424.1,426.8,423.3,426.3,1533,Gold,425.30000000000007,432.41,0.005424528301886777,0.004575959692714455
2005-04-07,425.7,428.0,424.7,425.3,1679,Gold,425.30000000000007,432.1433333333333,-0.002345765892563967,0.0046543525200795815
2005-04-08,424.8,427.0,423.8,426.1,1297,Gold,425.4142857142857,431.9066666666667,0.00188102515871158,0.004707721522048742
2005-04-11,425.8,429.3,425.3,427.5,1542,Gold,425.3714285714286,431.6633333333333,0.0032856137057029056,0.00427588389420344
2005-04-12,427.8,429.6,425.7,427.7,1522,Gold,425.74285714285713,431.42,0.00046783625730983935,0.00328561806405829
2005-04-13,427.8,429.0,426.3,428.1,1791,Gold,426.42857142857144,431.29666666666674,0.0009352349777882463,0.0024097528051876555
2005-04-14,428.3,428.8,421.8,423.8,1785,Gold,426.40000000000003,431.00333333333333,-0.010044382153702403,0.005020331894815339
2005-04-15,422.8,425.3,421.7,423.8,1695,Gold,426.04285714285714,430.8233333333333,0.0,0.004415496125663031
2005-04-18,424.0,427.6,422.8,426.5,1126,Gold,426.2142857142857,430.58,0.006370929683813031,0.005094230011048859
2005-04-19,426.3,433.5,425.7,433.1,1788,Gold,427.2142857142857,430.55,0.015474794841735084,0.007681043426045843
2005-04-20,433.1,435.2,431.0,433.5,1566,Gold,428.07142857142856,430.3333333333333,0.0009235742322788454,0.007685265842135357
2005-04-21,433.6,434.7,431.2,431.8,1629,Gold,428.6571428571429,430.0566666666667,-0.0039215686274509665,0.008005263023663826
2005-04-22,432.5,435.0,431.2,433.7,1352,Gold,429.4571428571429,429.7933333333333,0.004400185270958756,0.008079152160702378
2005-04-25,433.7,434.3,431.7,433.8,1463,Gold,430.88571428571424,429.4433333333334,0.00023057412958271684,0.006284319232987569
2005-04-26,433.6,437.2,433.5,436.1,1557,Gold,432.64285714285717,429.31333333333333,0.005301982480405698,0.0061303171174570325
2005-04-27,436.3,436.3,431.1,431.8,1643,Gold,433.4,429.03333333333336,-0.00986012382481083,0.007936734719636176
2005-04-28,431.8,433.3,429.8,430.6,1634,Gold,433.04285714285714,428.63000000000005,-0.002779064381658203,0.0052289909828354885
2005-04-29,430.8,436.3,430.3,434.0,1646,Gold,433.11428571428576,428.4866666666667,0.007895959126799745,0.006190937676181081
2005-05-02,433.8,434.1,427.8,428.7,1478,Gold,432.6714285714285,428.15,-0.012211981566820351,0.007712594768916622
2005-05-03,428.3,429.6,425.3,426.8,1712,Gold,431.6857142857143,428.0166666666667,-0.004432003732213641,0.007397304914894831
2005-05-04,426.0,429.3,425.8,428.3,1706,Gold,430.9,428.0833333333333,0.0035145267104030875,0.007680655538722534
2005-05-05,429.5,430.8,427.3,429.6,2019,Gold,429.9714285714286,428.2433333333334,0.0030352556619193116,0.007373164453645647
2005-05-06,429.8,430.7,423.2,425.3,1643,Gold,429.04285714285714,428.2933333333333,-0.01000931098696467,0.00739943652477388
2005-05-09,425.3,425.8,423.8,425.3,2212,Gold,428.2857142857143,428.2766666666667,0.0,0.0074339660079371294
2005-05-10,425.5,427.5,425.3,425.8,1866,Gold,427.1142857142857,428.2933333333333,0.0011756407241947375,0.006334135525563183
2005-05-11,425.8,428.0,424.6,426.6,3002,Gold,426.81428571428575,428.3366666666667,0.0018788163457021945,0.004881312142364553
2005-05-12,426.6,426.7,420.0,420.8,1919,Gold,425.95714285714286,428.10333333333335,-0.01359587435536802,0.006873949363321728
2005-05-13,420.8,422.1,418.2,419.3,1834,Gold,424.67142857142863,427.91,-0.0035646387832699578,0.00643407632953953
2005-05-16,419.8,420.2,417.6,418.7,1596,Gold,423.11428571428576,427.7566666666666,-0.0014309563558312366,0.005936747296938111
2005-05-17,419.0,420.8,417.7,417.8,1712,Gold,422.04285714285714,427.55,-0.0021495103893001133,0.00523524876746504
2005-05-18,418.3,421.3,418.0,420.8,2207,Gold,421.40000000000003,427.3666666666667,0.007180469123982736,0.006389125300812623
2005-05-19,420.6,422.8,418.7,420.1,1512,Gold,420.58571428571435,427.1933333333334,-0.0016634980988592396,0.006280084533123258
2005-05-20,420.3,420.7,416.3,417.1,747,Gold,419.2285714285714,426.8933333333334,-0.007141156867412568,0.006299308564240523
2005-05-23,417.2,417.8,415.8,416.3,1251,Gold,418.58571428571435,426.52000000000004,-0.0019180052745145781,0.004321631784709887
2005-05-24,417.0,418.8,415.3,417.7,1551,Gold,418.35714285714283,426.18666666666667,0.003362959404275667,0.004563613738968797
2005-05-25,417.3,419.1,416.2,418.3,1447,Gold,418.30000000000007,425.85999999999996,0.0014364376346660546,0.004598563697062551
2005-05-26,418.1,419.6,416.1,417.0,1619,Gold,418.1857142857143,425.6333333333333,-0.0031078173559646594,0.004682295632544587
2005-05-27,417.1,419.8,416.8,419.6,956,Gold,418.0142857142857,425.4933333333334,0.006235011990407768,0.00443906872314225
2005-05-31,417.1,417.3,413.3,416.8,525,Gold,417.54285714285714,425.17,-0.006673021925643452,0.005039956075216426
2005-06-01,416.6,417.3,414.2,414.5,791,Gold,417.1714285714285,424.55,-0.005518234165067248,0.004745258235883081
2005-06-02,416.1,423.1,415.8,421.3,987,Gold,417.88571428571424,424.1433333333334,0.016405307599517416,0.00801004099108502
2005-06-03,421.5,424.3,421.2,421.8,808,Gold,418.4714285714286,423.81,0.0011868027533823433,0.007978466613778518
2005-06-06,422.3,426.8,422.1,425.6,962,Gold,419.5142857142857,423.54,0.009009009009009139,0.0084782408649197
2005-06-07,425.6,427.1,423.8,424.1,667,Gold,420.5285714285714,423.21666666666664,-0.003524436090225569,0.008525542396777025
2005-06-08,424.1,426.1,422.6,423.2,657,Gold,421.04285714285714,422.7866666666667,-0.0021221410044801603,0.008491558386553799
2005-06-09,423.0,424.5,420.6,423.2,671,Gold,421.95714285714286,422.5,0.0,0.007800010235647741
2005-06-10,423.3,427.8,421.7,426.6,892,Gold,423.68571428571425,422.3666666666667,0.008034026465028488,0.00722411950090902
2005-06-13,425.8,430.2,423.5,428.2,966,Gold,424.67142857142863,422.1733333333333,0.0037505860290669712,0.004830369966578075
2005-06-14,427.7,427.7,426.0,426.3,595,Gold,425.3142857142857,422.09333333333336,-0.004437178888369919,0.005477263920321331
2005-06-15,426.6,429.5,425.5,428.3,672,Gold,425.7,422.1433333333333,0.004691531785127934,0.0046797278708871695
2005-06-16,428.1,435.8,427.8,435.1,924,Gold,427.2714285714286,422.37,0.015876721923885118,0.0068537267680103585
2005-06-17,435.3,438.8,435.0,437.1,982,Gold,429.2571428571428,422.62,0.004596644449551768,0.00635745697215896
2005-06-20,437.0,440.8,436.8,437.6,683,Gold,431.31428571428575,423.03000000000003,0.0011439029970259362,0.0062316283535198596
2005-06-21,437.3,438.5,433.6,438.0,806,Gold,432.9428571428572,423.4533333333333,0.000914076782449591,0.006198293658667666
2005-06-22,438.1,438.6,435.8,437.7,589,Gold,434.3,423.85,-0.00068493150684934,0.00642565099309578
2005-06-23,437.8,441.8,435.3,440.6,981,Gold,436.34285714285716,424.31666666666666,0.0066255426090930936,0.005546833798862224
2005-06-24,440.3,443.2,437.8,439.3,916,Gold,437.9142857142857,424.93333333333334,-0.0029505220154335543,0.00626321166360501
2005-06-27,439.3,439.8,438.1,439.3,579,Gold,438.5142857142858,425.6,0.0,0.0032418378195348454
2005-06-28,439.1,439.5,434.8,435.1,693,Gold,438.22857142857146,426.1466666666667,-0.0095606646938311,0.004894108900385135
2005-06-29,435.3,437.8,433.5,436.6,658,Gold,438.0857142857143,426.77333333333337,0.003447483337163826,0.005107223744350258
2005-06-30,436.8,438.3,434.3,434.5,803,Gold,437.5857142857143,427.2300000000001,-0.004809894640403156,0.005330865118886869
2005-07-01,434.2,436.2,426.3,426.8,787,Gold,436.02857142857147,427.4533333333333,-0.017721518987341756,0.008205827672007346
2005-07-04,427.2,427.6,425.8,426.5,114,Gold,434.0142857142858,427.76666666666665,-0.0007029053420806175,0.00707878579902067
2005-07-05,426.5,426.5,421.3,423.2,655,Gold,431.7142857142857,427.9966666666667,-0.007737397420867542,0.00712238511644989
2005-07-06,423.3,424.3,422.8,423.2,560,Gold,429.41428571428565,428.18,0.0,0.00712238511644989
2005-07-07,423.2,428.3,421.5,424.0,837,Gold,427.82857142857137,428.37,0.001890359168241984,0.007293107833721386
2005-07-08,424.1,424.5,421.6,422.6,617,Gold,425.8285714285715,428.5566666666667,-0.0033018867924528017,0.006610773892758003
2005-07-11,423.3,426.1,423.2,425.3,603,Gold,424.5142857142857,428.74666666666667,0.006389020350213048,0.007805962434444563
2005-07-12,425.8,427.3,424.5,426.3,845,Gold,424.4428571428571,429.0633333333334,0.002351281448389475,0.0044908966259168326
2005-07-13,426.3,427.1,422.8,423.6,663,Gold,424.0285714285714,429.36666666666673,-0.006333567909922566,0.00507134997819844
2005-07-14,423.6,424.2,418.6,419.2,965,Gold,423.45714285714286,429.2966666666667,-0.010387157695939675,0.005718827048857161
2005-07-15,419.2,421.1,417.8,421.1,752,Gold,423.1571428571429,429.27333333333337,0.004532442748091725,0.006137326209583812
2005-07-18,421.3,422.3,419.8,420.6,506,Gold,422.67142857142863,429.1066666666667,-0.0011873664212775914,0.006030624763287824
2005-07-19,420.8,421.6,418.5,419.6,655,Gold,422.24285714285713,428.9566666666667,-0.002377555872563053,0.005985190761007937
2005-07-20,419.8,422.8,419.6,422.8,624,Gold,421.8857142857143,428.9433333333334,0.007626310772163913,0.006252153358822799
2005-07-21,422.5,425.3,422.5,425.3,623,Gold,421.74285714285713,429.0133333333333,0.00591296121097451,0.0066837650026007845
2005-07-22,425.8,426.5,423.8,424.5,570,Gold,421.8714285714286,428.9433333333333,-0.001881025158711469,0.006210807310987174
2005-07-25,424.7,426.5,423.8,425.3,681,Gold,422.7428571428572,428.8466666666667,0.00188457008244991,0.004036101228656721
2005-07-26,425.3,425.6,422.0,422.8,854,Gold,422.9857142857143,428.72999999999996,-0.005878203620973466,0.00482058793907795
2005-07-27,423.0,425.3,421.5,425.1,657,Gold,423.62857142857143,428.62333333333333,0.005439924314096567,0.005059217780718028
2005-07-28,424.5,428.8,424.1,427.6,836,Gold,424.7714285714286,428.37333333333333,0.005880969183721385,0.004957362505957538
2005-07-29,427.5,430.3,426.8,429.3,822,Gold,425.7,428.11333333333334,0.003975678203928856,0.004527633449935217
2005-08-01,429.2,432.1,428.6,431.3,893,Gold,426.55714285714294,427.90333333333336,0.004658746797111535,0.004378129037256087
2005-08-02,431.3,432.8,430.6,431.6,783,Gold,427.5714285714286,427.68999999999994,0.0006955715279388652,0.004095515311087117
2005-08-03,432.45,437.1,431.1,436.2,1083,Gold,429.12857142857143,427.64000000000004,0.01065801668211308,0.005130468878678545
2005-08-04,436.3,438.8,435.1,437.0,1190,Gold,431.15714285714284,427.52000000000004,0.0018340210912426436,0.0032199206722292612
2005-08-05,437.0,438.8,436.5,436.8,856,Gold,432.8285714285715,427.43666666666667,-0.0004576659038901809,0.0037350124550191307
2005-08-08,436.7,437.3,433.8,434.6,914,Gold,433.8285714285715,427.28,-0.005036630036630019,0.004872419079199431
2005-08-09,434.3,435.3,432.6,434.6,691,Gold,434.5857142857143,427.2633333333333,0.0,0.004880669285437239
2005-08-10,434.5,437.1,434.0,436.8,650,Gold,435.3714285714286,427.2699999999999,0.005062126092959085,0.004922735686432883
2005-08-11,437.0,446.8,436.8,445.3,1103,Gold,437.3285714285715,427.63,0.01945970695970689,0.008214957293401985
2005-08-12,446.0,449.1,443.5,445.7,934,Gold,438.6857142857143,428.26,0.0008982708286546792,0.007814638915002264
2005-08-15,445.7,445.7,440.8,442.3,661,Gold,439.4428571428572,428.7866666666667,-0.007628449629795808,0.008824954914806483
2005-08-16,441.8,446.5,440.0,445.8,934,Gold,440.7285714285714,429.54,0.007913181098801791,0.009039418936934851
2005-08-17,445.3,445.7,437.8,440.3,1022,Gold,441.54285714285714,430.11,-0.012337371018393939,0.010429186560290531
2005-08-18,439.8,442.0,437.5,439.3,884,Gold,442.2142857142857,430.62,-0.002271178741766966,0.010533305992918286
2005-08-19,438.2,440.2,435.6,435.8,817,Gold,442.07142857142856,431.06,-0.007967220578192546,0.010959094599788133
2005-08-22,436.1,440.2,435.5,437.6,774,Gold,440.97142857142853,431.47,0.004130335016062414,0.0072681220550561395
2005-08-23,437.7,440.0,437.5,438.7,875,Gold,439.9714285714286,431.8833333333333,0.0025137111517365973,0.0074168747604925755
2005-08-24,439.2,440.3,435.3,437.0,948,Gold,439.2142857142857,432.33,-0.0038750854798267342,0.007090490945239076
2005-08-25,437.1,439.5,436.8,437.8,690,Gold,438.07142857142856,432.95,0.0018306636155607237,0.00600594830251407
2005-08-26,438.0,439.6,436.0,437.2,648,Gold,437.62857142857143,433.4866666666667,-0.0013704888076747634,0.004188089941154362
2005-08-29,438.1,440.2,436.0,436.1,662,Gold,437.17142857142863,434.00333333333333,-0.0025160109789569285,0.004201463370892586
2005-08-30,436.2,437.1,429.0,431.2,989,Gold,436.5142857142857,434.39,-0.011235955056179803,0.005170149878734936
2005-08-31,431.0,435.0,430.6,434.6,703,Gold,436.08571428571435,434.78333333333336,0.007884972170686622,0.005982896739595679
2005-09-01,434.8,444.8,434.3,442.8,887,Gold,436.6714285714285,435.36666666666673,0.018867924528301883,0.009642499837433472
2005-09-02,442.5,446.8,441.6,443.8,611,Gold,437.64285714285717,436.01000000000005,0.002258355916892496,0.009361070898702506
2005-09-06,444.2,445.7,442.5,443.3,781,Gold,438.42857142857144,436.60999999999996,-0.0011266336187472081,0.009449237412254254
2005-09-07,443.3,445.6,442.3,444.3,1141,Gold,439.4428571428571,437.3266666666667,0.0022558087074215916,0.009343783104737144
2005-09-08,444.2,449.3,443.3,446.7,752,Gold,440.95714285714286,438.0466666666667,0.005401755570560329,0.009134697565034962
2005-09-09,446.5,449.3,445.6,448.3,1560,Gold,443.40000000000003,438.7366666666667,0.00358182225207071,0.006493178943875266
2005-09-12,449.8,451.3,446.6,449.2,2565,Gold,445.4857142857142,439.4,0.0020075842070041983,0.0065267419569855385
2005-09-13,448.5,449.3,444.5,445.8,1358,Gold,445.9142857142857,439.8833333333333,-0.0075690115761353205,0.004245828438840837
2005-09-14,446.1,450.3,446.0,450.3,794,Gold,446.84285714285716,440.5066666666667,0.010094212651413192,0.005491480760000548
2005-09-15,449.6,455.3,448.1,455.3,971,Gold,448.5571428571429,441.1433333333334,0.011103708638685372,0.006196979475228503
2005-09-16,454.8,459.8,453.8,459.3,952,Gold,450.7,441.88666666666666,0.008785416209093011,0.006406762933187333
2005-09-19,458.8,468.1,458.2,463.8,1021,Gold,453.14285714285717,442.7866666666667,0.009797517962116364,0.00668800727748128
2005-09-20,463.6,470.6,463.3,464.1,1126,Gold,455.40000000000003,443.77000000000004,0.0006468305304010435,0.006909340894953432
2005-09-21,465.1,472.3,463.6,471.6,1373,Gold,458.6,445.00333333333333,0.01616031027795728,0.007894708014724507
2005-09-22,472.3,475.0,462.8,465.2,1713,Gold,461.37142857142857,445.95000000000005,-0.013570822731128196,0.009829782380779018
2005-09-23,465.3,466.1,460.5,462.8,1132,Gold,463.15714285714284,446.53333333333336,-0.005159071367153878,0.010477797371277962
2005-09-26,462.2,467.1,458.6,466.1,1180,Gold,464.7,447.21333333333337,0.007130509939498708,0.010128504522771616
2005-09-27,466.1,466.1,457.6,462.7,1378,Gold,465.1857142857143,447.8933333333333,-0.007294571980261844,0.010519109701107495
2005-09-28,462.8,469.8,460.8,468.7,1033,Gold,465.88571428571424,448.6566666666667,0.012967365463583347,0.011012511412650776
2005-09-29,469.0,473.3,467.8,471.3,1124,Gold,466.9142857142857,449.68999999999994,0.005547258374226649,0.011100611335823268
2005-09-30,471.3,474.1,467.3,468.8,1217,Gold,466.5142857142857,450.67333333333335,-0.00530447697856995,0.009462956018256528
2005-10-03,467.3,468.3,463.6,465.3,794,Gold,466.52857142857147,451.6566666666667,-0.007465870307167277,0.008301073930282551
2005-10-04,465.1,469.1,464.1,465.8,1045,Gold,466.95714285714286,452.5966666666667,0.0010745755426606607,0.007975842678417878
2005-10-05,466.1,466.6,462.8,464.8,987,Gold,466.7714285714286,453.46666666666664,-0.002146844139115478,0.007536502525041586
2005-10-06,464.6,473.6,464.1,473.3,1319,Gold,468.2857142857143,454.6766666666666,0.018287435456110224,0.009554145148284475
2005-10-07,473.1,475.6,469.6,474.3,1182,Gold,469.0857142857143,455.8933333333334,0.0021128248468202937,0.008547651532215386
2005-10-10,473.8,478.3,472.1,475.1,794,Gold,469.62857142857143,457.1566666666667,0.0016866961838499783,0.008383214750994312
2005-10-11,474.8,478.2,474.1,475.3,1286,Gold,470.5571428571429,458.4633333333333,0.0004209640075774068,0.00791138519362806
2005-10-12,475.3,480.0,469.7,470.8,1622,Gold,471.34285714285716,459.78333333333336,-0.009467704607616256,0.008335225268540731
2005-10-13,471.7,473.8,467.3,471.2,1347,Gold,472.11428571428576,461.00333333333333,0.000849617672047609,0.008338515193598043
2005-10-14,471.2,471.6,465.3,469.2,1553,Gold,472.7428571428572,461.8833333333333,-0.004244482173174857,0.008534254393055357
2005-10-17,469.0,475.0,468.8,473.6,1011,Gold,472.7857142857143,462.87666666666667,0.009377664109121886,0.00582701153361226
2005-10-18,473.8,474.2,470.3,471.1,957,Gold,472.3285714285715,463.80333333333334,-0.005278716216216228,0.006067312177681331
2005-10-19,470.8,471.3,461.6,464.0,1427,Gold,470.74285714285713,464.46,-0.015071110167692692,0.007886496709558025
2005-10-20,464.1,464.6,459.5,460.8,1244,Gold,468.67142857142863,464.93000000000006,-0.006896551724137945,0.0077885082025689785
2005-10-21,460.8,466.8,460.3,466.3,1021,Gold,468.0285714285714,465.53,0.01193576388888884,0.00948047487313412
2005-10-24,465.6,468.3,462.8,464.5,937,Gold,467.07142857142856,466.04,-0.003860175852455572,0.009466912801534
2005-10-25,465.2,473.2,464.0,472.1,1105,Gold,467.4857142857143,466.9166666666667,0.016361679224973225,0.011614721131949168
2005-10-26,472.2,474.0,470.1,470.6,1148,Gold,467.0571428571429,467.59333333333336,-0.003177292946409671,0.011049956344148744
2005-10-27,470.2,475.5,469.8,473.1,1077,Gold,467.34285714285716,468.18666666666667,0.0053123671908201775,0.011068394769725237
2005-10-28,473.3,474.3,469.3,472.1,1165,Gold,468.5,468.61333333333334,-0.0021137180300148106,0.008863348881232651
2005-10-31,472.3,472.8,464.6,465.2,1089,Gold,469.12857142857143,468.66,-0.014615547553484487,0.010548503499400267
2005-11-01,465.6,466.3,457.7,459.0,1179,Gold,468.08571428571435,468.49,-0.013327601031814296,0.010666611406415963
2005-11-02,459.7,463.5,459.3,462.6,967,Gold,467.81428571428575,468.19,0.007843137254901933,0.011264021386424695
2005-11-03,462.7,464.8,458.5,460.7,1068,Gold,466.18571428571425,468.03999999999996,-0.00410722006052755,0.008454212511570774
2005-11-04,460.8,464.0,454.8,456.3,1109,Gold,464.14285714285717,467.8233333333334,-0.009550683742131527,0.008757073594732875
2005-11-07,456.7,459.3,455.8,458.8,910,Gold,462.1,467.58,0.00547885163269779,0.008787910732175393
2005-11-08,458.8,462.2,456.2,460.7,981,Gold,460.4714285714286,467.5133333333334,0.0041412380122056724,0.00935212051322163
2005-11-09,460.2,467.6,460.1,466.1,1247,Gold,460.59999999999997,467.4266666666667,0.011721293683525147,0.009408242404888814
2005-11-10,466.8,469.6,465.1,465.8,1065,Gold,461.57142857142856,467.2433333333334,-0.0006436387041407476,0.007336290974017943
2005-11-11,465.3,468.6,464.6,468.2,749,Gold,462.37142857142857,467.22333333333336,0.005152425933877103,0.0070517972135989
2005-11-14,468.7,470.3,466.3,467.2,867,Gold,463.30000000000007,467.2866666666667,-0.0021358393848782686,0.006814654689226072
2005-11-15,467.3,469.5,466.1,468.3,945,Gold,465.0142857142857,467.37,0.0023544520547946757,0.004555954815290199
2005-11-16,468.6,478.8,467.8,478.7,1063,Gold,467.85714285714283,467.8333333333333,0.022207986333546925,0.008397760461239535
2005-11-17,479.6,486.7,477.5,485.1,1660,Gold,471.34285714285716,468.2266666666667,0.013369542510967225,0.0087532819067106
2005-11-18,485.2,488.6,482.8,484.8,2021,Gold,474.0142857142858,468.57666666666665,-0.0006184291898577721,0.008985044890001067
2005-11-21,484.8,491.5,484.3,490.8,1019,Gold,477.5857142857143,469.1,0.012376237623762387,0.008806191581535549
2005-11-22,491.3,495.0,489.3,493.2,1318,Gold,481.1571428571429,469.69666666666666,0.004889975550122161,0.008818548821411478
2005-11-23,491.6,493.1,487.1,491.6,942,Gold,484.64285714285717,470.39000000000004,-0.0032441200324411223,0.009027682509970493
2005-11-28,498.1,498.8,492.8,498.3,751,Gold,488.92857142857144,471.29333333333335,0.013628966639544382,0.008996975075016329
2005-11-29,498.7,502.2,494.3,498.5,1280,Gold,491.7571428571428,472.27000000000004,0.0004013646397751369,0.007243358155358102
2005-12-01,491.5,504.2,490.3,503.8,1391,Gold,494.42857142857144,473.2766666666667,0.010631895687061244,0.006830509956063594
2005-12-02,504.3,506.3,499.8,502.8,1353,Gold,497.0,474.3333333333333,-0.001984914648670122,0.007048495438466879
2005-12-05,503.8,509.6,503.5,508.5,1135,Gold,499.52857142857147,475.81666666666666,0.011336515513126422,0.006882110560291516
2005-12-06,510.3,511.2,503.8,510.7,1251,Gold,502.0285714285714,477.47999999999996,0.004326450344149357,0.006888191420896665
2005-12-07,508.8,516.2,508.3,514.7,1216,Gold,505.3285714285715,479.09333333333336,0.007832386919913947,0.0058723742036590225
2005-12-08,514.7,520.7,512.2,520.2,1187,Gold,508.4571428571429,480.95,0.010685836409559002,0.005368673692704189
2005-12-09,520.7,530.2,519.2,525.7,1205,Gold,512.3428571428573,482.7366666666667,0.010572856593617841,0.004901515905824387
2005-12-12,528.2,540.5,526.2,527.2,1723,Gold,515.6857142857143,484.62333333333333,0.0028533384059350464,0.004988162943278505
2005-12-13,526.2,529.2,517.1,517.1,1784,Gold,517.7285714285714,486.09,-0.019157814871016754,0.010755552214930115
2005-12-14,513.7,516.0,504.6,505.1,1861,Gold,517.2428571428571,487.19,-0.023206343067105006,0.014226914622978903
2005-12-15,502.5,508.8,499.5,501.2,1384,Gold,515.8857142857144,488.39000000000004,-0.007721243318154936,0.014222168376671127
2005-12-16,497.7,507.0,492.8,502.7,1798,Gold,514.1714285714286,489.84666666666664,0.002992817238627321,0.013740457497877683
2005-12-19,501.3,508.8,500.8,503.5,1213,Gold,511.7857142857143,491.21,0.001591406405410778,0.01258052808070797
2005-12-20,503.6,507.8,491.3,492.1,1736,Gold,506.9857142857144,492.2566666666667,-0.02264150943396226,0.012168852588224205
2005-12-21,490.5,494.8,489.3,494.3,1338,Gold,502.2857142857143,493.52333333333337,0.004470636049583421,0.012450745983907172
2005-12-22,495.0,504.2,493.2,504.0,1444,Gold,500.4142857142857,495.03000000000003,0.019623710297390184,0.01548574914918325
2005-12-23,502.6,505.8,499.7,502.3,851,Gold,500.0142857142858,496.4166666666667,-0.003373015873015861,0.012887625185369563
2005-12-27,505.8,508.0,504.8,507.1,736,Gold,500.85714285714283,497.78333333333336,0.009556042205853155,0.012977970553469095
2005-12-28,508.5,517.6,508.2,516.5,1180,Gold,502.8285714285715,499.47333333333336,0.018536777755866707,0.014470856297958622
2005-12-29,516.7,517.5,510.3,515.5,1207,Gold,504.54285714285714,501.05,-0.0019361084220715918,0.01462791122925779
2005-12-30,513.7,517.1,511.6,514.6,658,Gold,507.7571428571428,502.63000000000005,-0.0017458777885547283,0.009722765741120463
2006-01-02,516.8,516.8,516.3,516.3,2,Gold,510.90000000000003,504.22999999999996,0.003303536727555345,0.009772195721059222
2006-01-03,519.2,534.6,518.5,533.6,980,Gold,515.1285714285715,506.06000000000006,0.0335076505907419,0.013593548901079066
2006-01-04,534.6,535.2,525.1,533.6,1689,Gold,519.6,507.6766666666667,0.0,0.01316532503561745
2006-01-05,534.0,534.0,522.1,524.7,1538,Gold,522.1142857142858,509.0066666666667,-0.016679160419790007,0.016265561373221587
2006-01-06,524.0,539.7,522.7,539.2,1246,Gold,525.3571428571429,510.62,0.0276348389555936,0.017817181821387574
2006-01-09,539.2,551.1,535.0,547.7,1755,Gold,529.9571428571429,512.4366666666667,0.015764094955489583,0.017709541418894862
2006-01-10,548.0,548.5,539.0,542.0,2360,Gold,533.8714285714286,514.1166666666667,-0.01040715720284835,0.018837939050434637
2006-01-11,542.2,549.2,539.2,548.2,2025,Gold,538.4285714285714,515.78,0.01143911439114409,0.01878034712397824
2006-01-12,549.2,549.2,541.7,545.0,1912,Gold,540.0571428571428,517.33,-0.005837285662167124,0.015785095504646875
2006-01-13,544.2,557.2,544.2,556.7,1504,Gold,543.3571428571429,519.0933333333334,0.021467889908256987,0.017105705035805826
2006-01-17,558.2,560.1,551.6,554.2,1675,Gold,547.5714285714286,520.8066666666667,-0.004490749056942689,0.01486217815899451
2006-01-18,555.7,557.0,542.1,542.5,2562,Gold,548.0428571428572,521.94,-0.021111512089498463,0.015501734977626873
2006-01-19,540.5,558.7,540.2,557.2,3163,Gold,549.4,523.49,0.02709677419354839,0.0177346522899592
2006-01-20,560.7,567.6,552.1,554.0,2399,Gold,551.1142857142858,524.8,-0.005743000717875146,0.017245657964106854
2006-01-23,551.5,560.2,549.0,558.6,1773,Gold,552.6,526.08,0.008303249097473042,0.01703725846744115
2006-01-24,559.0,559.2,552.7,558.0,1655,Gold,554.4571428571429,527.1566666666666,-0.0010741138560688146,0.016726514985240394
2006-01-25,557.7,566.1,556.7,562.7,1491,Gold,555.3142857142857,528.3399999999999,0.008422939068100543,0.015030780469403381
2006-01-26,562.5,562.5,554.2,559.7,1211,Gold,556.1,529.76,-0.005331437711036058,0.015091066393121693
2006-01-27,557.7,564.2,555.1,559.0,1021,Gold,558.4571428571429,531.5566666666667,-0.0012506700017868022,0.011590370025842223
2006-01-30,557.7,568.7,557.5,568.1,974,Gold,560.0142857142857,533.7866666666666,0.016279069767441978,0.008307710646652967
2006-01-31,568.5,572.2,565.7,568.7,1365,Gold,562.1142857142858,535.9866666666667,0.0010561520859004858,0.007500563179616205
2006-02-01,569.2,571.2,563.0,569.5,1515,Gold,563.6714285714286,538.1866666666667,0.0014067170740283963,0.007255122114183661
2006-02-02,567.7,574.7,567.7,571.7,1294,Gold,565.6285714285715,540.84,0.0038630377524144777,0.007054416035432713
2006-02-03,571.6,573.6,564.7,568.2,1123,Gold,566.4142857142857,543.3033333333334,-0.006122092006296986,0.007488772385288131
2006-02-06,568.2,573.2,567.7,568.6,893,Gold,567.6857142857143,545.4566666666667,0.0007039774727208847,0.006907543418150176
2006-02-07,568.2,571.2,546.2,548.7,1821,Gold,566.2142857142857,547.0033333333334,-0.03499824129440732,0.01581432486231335
2006-02-08,548.7,552.6,544.7,549.6,1741,Gold,563.5714285714287,548.42,0.0016402405686166688,0.013742448764196993
2006-02-09,552.5,566.5,552.5,564.7,1708,Gold,563.0,550.0266666666666,0.027474526928675358,0.018403336869373055
2006-02-10,567.7,568.2,546.2,550.5,1704,Gold,560.2857142857143,551.1933333333333,-0.025146095271825875,0.020477474607515343
2006-02-13,548.6,551.2,538.1,540.0,1409,Gold,555.7571428571429,552.0400000000001,-0.019073569482288777,0.020720951055211437
2006-02-14,537.6,547.5,534.6,547.0,1413,Gold,552.7285714285714,553.0633333333334,0.012962962962963065,0.022201431704839035
2006-02-15,547.2,547.6,535.7,539.5,1544,Gold,548.5714285714286,553.26,-0.013711151736745864,0.02223049688589339
2006-02-16,537.7,549.0,535.2,548.7,1581,Gold,548.5714285714287,553.7633333333334,0.017052826691380973,0.020001227224045383
2006-02-17,547.6,554.0,543.7,551.6,960,Gold,548.8571428571429,554.6600000000001,0.005285219609987291,0.020093076258782417
2006-02-21,552.2,555.7,551.0,553.7,761,Gold,547.2857142857143,555.1433333333333,0.0038071065989848663,0.016506434700357665
2006-02-22,553.7,555.6,547.1,555.5,989,Gold,548.0,555.4033333333334,0.003250857865269907,0.013232123401208336
2006-02-23,554.1,554.5,547.6,549.1,1039,Gold,549.3000000000001,555.64,-0.01152115211521143,0.011479418965010766
2006-02-24,547.0,559.5,547.0,558.5,822,Gold,550.9428571428572,555.9833333333333,0.017118921872154358,0.012198890059332746
2006-02-27,558.5,558.5,551.7,553.1,892,Gold,552.8857142857144,556.2533333333334,-0.009668755595344636,0.011339102230690989
2006-02-28,552.7,562.2,552.6,562.0,829,Gold,554.7857142857143,556.4300000000001,0.0160911227626106,0.011153499202551492
2006-03-01,562.1,566.1,559.7,562.5,885,Gold,556.3428571428572,556.7066666666667,0.000889679715302405,0.011158690699065367
2006-03-02,561.7,570.7,561.2,569.2,907,Gold,558.5571428571428,557.5966666666667,0.011911111111111206,0.011682341748075583
2006-03-03,568.7,570.2,564.2,564.7,668,Gold,559.8714285714285,557.8466666666667,-0.007905832747716057,0.012533271982740698
2006-03-06,566.1,568.0,551.5,554.5,855,Gold,560.6428571428571,557.8633333333333,-0.018062688153001716,0.013913558042624901
2006-03-07,553.7,558.2,548.1,552.1,948,Gold,559.7285714285714,557.6466666666668,-0.004328223624887273,0.012145327078785054
2006-03-08,553.0,553.7,538.0,542.5,1107,Gold,558.2142857142857,557.13,-0.01738815431986962,0.013297749799605948
2006-03-09,538.2,550.0,538.0,545.5,791,Gold,555.8571428571429,556.5566666666667,0.0055299539170508005,0.011254596236258263
2006-03-10,544.7,546.6,533.7,540.5,762,Gold,552.7142857142857,555.9166666666666,-0.00916590284142993,0.011138803971426556
2006-03-13,540.0,546.2,540.0,545.2,705,Gold,549.2857142857143,555.4566666666667,0.008695652173913215,0.010331946181971833
2006-03-14,546.2,552.0,538.2,550.5,776,Gold,547.2571428571429,554.87,0.009721203228173048,0.011851722017419198
2006-03-15,550.6,556.7,549.7,552.6,776,Gold,546.9857142857143,554.3333333333334,0.003814713896457711,0.01015670954503587
2006-03-16,552.1,556.2,547.0,554.7,904,Gold,547.3571428571429,553.84,0.003800217155266017,0.010103378266111294
2006-03-17,554.5,557.1,551.6,553.6,598,Gold,548.9428571428572,553.2366666666668,-0.0019830539030106786,0.006558843359422044
2006-03-20,554.2,556.0,550.0,553.5,608,Gold,550.0857142857143,552.7466666666667,-0.00018063583815031148,0.006534645406246002
2006-03-21,553.6,556.0,546.7,551.7,839,Gold,551.6857142857143,552.1833333333333,-0.003252032520325132,0.005048650905919957
2006-03-22,551.7,553.1,546.7,550.2,694,Gold,552.4,552.2333333333333,-0.0027188689505165398,0.004714041007781877
2006-03-23,550.5,551.0,544.7,549.6,652,Gold,552.2714285714286,552.2333333333333,-0.0010905125408942062,0.002936710934181827
2006-03-24,549.2,560.7,548.2,559.6,573,Gold,553.2714285714286,552.0633333333334,0.0181950509461426,0.007586469476649253
2006-03-27,559.5,568.2,558.2,566.7,702,Gold,554.9857142857143,552.6033333333332,0.012687634024303174,0.008642443607390861
2006-03-28,566.5,569.0,562.0,563.6,824,Gold,556.4142857142857,553.39,-0.005470266454914441,0.009073620367620097
2006-03-29,563.2,573.7,560.0,572.7,850,Gold,559.157142857143,554.2466666666667,0.016146202980837465,0.01026164878046652
2006-03-30,573.0,589.1,571.0,588.0,1397,Gold,564.3428571428573,555.8633333333333,0.026715557883708607,0.012324022881402736
2006-03-31,587.5,588.6,578.6,583.5,1208,Gold,569.1,557.0233333333333,-0.007653061224489832,0.01322792997999798
2006-04-03,572.2,591.2,572.2,587.7,791,Gold,574.5428571428572,558.2266666666667,0.007197943444730237,0.01258106818413977
2006-04-04,587.6,589.7,584.2,585.6,948,Gold,578.2571428571429,559.2900000000001,-0.0035732516590097907,0.012816106004690086
2006-04-05,585.6,589.2,581.7,588.5,889,Gold,581.3714285714285,560.39,0.004952185792349795,0.012531915489627924
2006-04-06,588.0,596.5,587.0,595.6,1030,Gold,585.9428571428572,561.94,0.012064570943075559,0.01170499327024062
2006-04-07,595.1,597.7,584.7,588.3,1005,Gold,588.1714285714287,562.9333333333333,-0.012256548018804714,0.013225903121853724
2006-04-10,588.3,599.7,588.0,599.7,947,Gold,589.8428571428573,564.4866666666668,0.019377868434472312,0.011263356191412608
2006-04-11,599.6,603.7,592.5,593.2,1172,Gold,591.2285714285715,565.5266666666668,-0.010838752709688149,0.01181060521368254
2006-04-12,593.7,599.7,593.2,597.7,1061,Gold,592.657142857143,566.7,0.007585974376264293,0.01183766012294229
2006-04-13,597.5,598.2,590.2,596.0,833,Gold,594.1428571428571,567.5933333333334,-0.0028442362389159426,0.011778659259770553
2006-04-17,605.5,615.2,603.2,613.5,883,Gold,597.7142857142857,569.2199999999999,0.02936241610738266,0.015594340552807335
2006-04-18,613.2,622.2,612.0,621.2,1112,Gold,601.3714285714286,571.4433333333333,0.012550937245313865,0.01562657989926315
2006-04-19,621.6,642.1,621.0,639.0,1636,Gold,608.6142857142858,574.34,0.02865421764327092,0.015247913779660642
2006-04-20,639.2,645.2,607.5,613.2,1692,Gold,610.5428571428572,576.6966666666667,-0.04037558685446008,0.024396402510282498
2006-04-21,613.1,634.2,610.1,633.5,1109,Gold,616.3000000000001,579.63,0.0331050228310501,0.025726719335131577
2006-04-24,638.5,639.5,619.0,619.6,1190,Gold,619.4285714285714,582.2666666666667,-0.02194159431728493,0.028415144222684513
2006-04-25,619.7,634.6,618.2,630.2,939,Gold,624.3142857142858,585.1,0.01710781149128482,0.028439129884746207
2006-04-26,629.0,640.7,628.0,638.7,954,Gold,627.9142857142858,588.0400000000001,0.013487781656617015,0.02708517191725728
2006-04-27,639.6,643.2,627.5,633.2,1264,Gold,629.6285714285715,590.7266666666668,-0.008611241584468465,0.02742199485118757
2006-04-28,633.6,655.5,633.6,653.7,1264,Gold,631.7285714285715,594.0266666666668,0.03237523689197719,0.028030130019681233
2006-05-01,654.1,661.1,650.7,654.5,1802,Gold,637.6285714285715,597.39,0.0012238029677220652,0.020572361812791
2006-05-02,654.2,669.1,652.5,668.7,1083,Gold,642.657142857143,601.2299999999999,0.02169595110771594,0.018766485363970672
2006-05-03,668.7,677.0,657.7,664.0,1429,Gold,649.0,604.9733333333334,-0.007028562883206302,0.015348697124679105
2006-05-04,662.7,680.2,660.7,679.7,1619,Gold,656.0714285714286,609.2900000000001,0.023644578313253062,0.01603421340466491
2006-05-05,678.7,684.2,674.7,683.2,1110,Gold,662.4285714285714,613.7433333333333,0.005149330587023604,0.01612543692383561
2006-05-08,680.7,686.1,670.5,678.2,1364,Gold,668.8571428571429,617.6966666666667,-0.007318501170960223,0.015885342086140758
2006-05-09,679.7,700.6,677.7,699.7,1315,Gold,675.4285714285714,622.13,0.03170156296077864,0.015728194658747807
2006-05-10,700.5,709.2,693.2,708.7,1495,Gold,683.1714285714286,626.9666666666667,0.012862655423752978,0.015270760109641882
2006-05-11,707.5,726.2,704.2,713.7,1753,Gold,689.6000000000001,631.6666666666666,0.007055171440665919,0.01463568669268532
2006-05-12,712.6,729.7,707.7,714.2,1673,Gold,696.7714285714286,635.8733333333333,0.0007005744710661954,0.013428080774954512
2006-05-15,712.7,719.7,676.1,679.5,3968,Gold,696.7428571428572,639.0733333333334,-0.048585830299636035,0.024701593555935465
2006-05-16,678.1,692.7,674.5,687.7,2912,Gold,697.3857142857142,642.4066666666666,0.012067696835908803,0.025067226067806272
2006-05-17,686.1,716.5,684.7,686.7,2937,Gold,698.6,645.7766666666668,-0.0014541224371091843,0.02483150494523772
2006-05-18,687.7,694.1,678.2,684.7,3413,Gold,696.4571428571429,648.9833333333335,-0.0029124799767001885,0.021110220571440474
2006-05-19,683.0,688.2,650.6,657.2,3077,Gold,689.1000000000001,651.0366666666666,-0.040163575288447495,0.02384948719133738
2006-05-22,655.1,660.6,636.1,655.3,2015,Gold,680.7571428571429,653.2700000000001,-0.0028910529519173833,0.022909085779000887
2006-05-23,656.7,674.5,650.7,666.1,2431,Gold,673.8857142857142,655.4833333333333,0.01648100106821304,0.02503269023150723
2006-05-24,665.7,669.6,635.6,642.1,2457,Gold,668.5428571428572,657.1133333333333,-0.036030626032127255,0.022048825697665402
2006-05-25,642.1,651.2,638.0,649.6,2017,Gold,663.1000000000001,658.8433333333335,0.011680423610029633,0.021990948305231375
2006-05-26,651.1,655.0,640.0,651.2,1395,Gold,658.0285714285714,660.6833333333335,0.0024630541871921707,0.022230803146836522
2006-05-30,651.5,664.6,650.7,652.5,1272,Gold,653.4285714285714,661.9833333333335,0.001996314496314433,0.02246984536149349
2006-05-31,652.2,659.5,638.2,642.7,3179,Gold,651.3571428571429,662.7,-0.015019157088122514,0.01772621406163654
2006-06-01,643.1,645.2,620.7,628.5,2254,Gold,647.5285714285716,662.35,-0.022094289715263837,0.019128754300728076
2006-06-02,629.1,638.7,618.7,637.7,1460,Gold,643.4714285714286,663.1666666666666,0.014638027048528235,0.018780666317594508
2006-06-05,638.5,645.1,634.5,634.7,2558,Gold,642.4142857142857,663.2066666666667,-0.004704406460718236,0.013411490302131204
2006-06-06,634.7,639.0,625.2,629.6,3050,Gold,639.5571428571429,663.5400000000001,-0.008035292264061744,0.01217663709058723
2006-06-07,629.6,630.7,616.5,626.7,3420,Gold,636.0571428571429,663.4233333333334,-0.0046060991105463245,0.011800524663656574
2006-06-08,626.6,626.7,607.1,613.2,3180,Gold,630.4428571428572,662.5733333333334,-0.021541407371948318,0.012662543498695894
2006-06-09,613.5,617.1,600.6,607.1,2907,Gold,625.3571428571429,661.7033333333333,-0.009947814742335304,0.012387235310889196
2006-06-12,604.7,611.2,602.2,604.2,1405,Gold,621.8857142857144,660.0533333333333,-0.004776807774666381,0.010731578107142413
2006-06-13,604.1,604.1,560.5,565.5,1944,Gold,611.5714285714286,657.0866666666666,-0.06405163853028806,0.021673801427832023
2006-06-14,564.5,570.7,542.5,558.2,3561,Gold,600.6428571428571,653.4033333333334,-0.012908930150309361,0.02112500083448425
2006-06-15,559.7,578.2,553.7,576.2,3512,Gold,593.0142857142857,650.4766666666668,0.032246506628448524,0.028488849698665913
2006-06-16,574.5,584.2,566.6,580.6,3732,Gold,586.4285714285714,647.1733333333334,0.007636237417563363,0.029395965998334963
2006-06-19,579.0,579.0,563.7,565.5,2524,Gold,579.6142857142858,643.25,-0.026007578367206352,0.029722771671385154
2006-06-20,564.7,577.2,560.7,575.0,1286,Gold,575.0285714285714,639.81,0.016799292661361598,0.03156036978480646
2006-06-21,574.7,590.2,570.5,586.5,1381,Gold,572.5,636.0366666666666,0.020000000000000018,0.03323478107919453
2006-06-22,588.1,594.7,578.7,580.6,1255,Gold,574.657142857143,631.7666666666668,-0.010059676044330779,0.0208763744467271
2006-06-23,580.6,586.0,571.7,583.0,1359,Gold,578.2,627.4100000000001,0.004133654839820755,0.01953195453345298
2006-06-26,584.0,587.5,577.5,585.0,1072,Gold,579.4571428571428,623.1033333333334,0.0034305317324185847,0.01586774445544237
2006-06-27,584.2,595.5,578.2,579.2,1411,Gold,579.2571428571429,619.7600000000001,-0.00991452991452979,0.01626133897775799
2006-06-28,579.7,586.0,576.7,579.5,1072,Gold,581.2571428571429,616.1533333333333,0.000517955801104808,0.011706201018116784
2006-06-29,580.5,600.0,579.7,598.7,1076,Gold,584.6428571428571,613.2199999999999,0.03313201035375335,0.01572358704343123
2006-06-30,598.1,616.0,596.7,615.2,973,Gold,588.7428571428572,610.9033333333333,0.02755971271087354,0.017057187255307426
2006-07-03,617.0,624.7,614.1,623.0,412,Gold,594.8000000000001,609.7633333333334,0.012678803641092307,0.015353289568681197
2006-07-04,623.5,623.6,620.7,620.7,17,Gold,600.1857142857143,608.61,-0.0036918138041732718,0.016135279818449047
2006-07-05,626.0,629.2,617.7,627.1,934,Gold,606.1999999999999,607.31,0.010310939262123453,0.015940615138827184
2006-07-06,627.7,634.6,622.0,633.0,958,Gold,613.8857142857142,607.0066666666667,0.009408387816935093,0.013365173505173482
2006-07-07,633.2,637.0,627.2,628.7,1051,Gold,620.9142857142858,606.31,-0.0067930489731437005,0.014707313251797985
2006-07-10,628.5,632.0,620.2,623.2,908,Gold,624.4142857142858,605.3766666666667,-0.008748210593287786,0.013003202757512518
2006-07-11,623.1,643.2,621.2,640.2,1016,Gold,627.9857142857144,604.9666666666667,0.027278562259306804,0.012925052943648239
2006-07-12,640.5,655.0,639.2,650.2,1266,Gold,631.8714285714286,605.2166666666668,0.015620118712902142,0.013230988039184034
2006-07-13,650.7,665.2,644.6,663.8,1251,Gold,638.0285714285716,606.3933333333334,0.020916641033527972,0.01343304923055551
2006-07-14,665.0,667.2,659.0,663.6,1101,Gold,643.2428571428571,607.2566666666667,-0.0003012955709550402,0.013943506226691223
2006-07-17,670.1,676.0,640.6,642.6,1263,Gold,644.6142857142858,607.5200000000001,-0.03164556962025311,0.020460290877646538
2006-07-18,643.5,654.0,627.6,630.5,1271,Gold,644.8714285714286,607.5500000000001,-0.018829754123871778,0.021815926383717224
2006-07-19,632.5,645.6,617.2,642.2,1238,Gold,647.5857142857143,608.0666666666667,0.01855670103092799,0.022298907503254327
2006-07-20,643.2,644.7,627.2,628.6,1160,Gold,645.9285714285714,608.58,-0.021177203363438202,0.021563090820972696
2006-07-21,629.5,636.6,615.7,619.2,1597,Gold,641.5,608.9833333333335,-0.01495386573337576,0.02036586414172349
2006-07-24,618.1,620.2,602.1,615.0,1247,Gold,634.5285714285716,609.3433333333335,-0.006782945736434232,0.016391563165912507
2006-07-25,616.0,623.7,609.7,618.6,961,Gold,628.1,611.1133333333333,0.005853658536585371,0.017190065335528144
2006-07-26,618.6,627.2,613.1,623.0,969,Gold,625.3000000000001,613.2733333333333,0.00711283543485286,0.01511842100637144
2006-07-27,624.2,640.2,623.5,634.1,1035,Gold,625.8142857142857,615.2033333333333,0.017817014446227963,0.015593031955155757
2006-07-28,633.7,637.2,626.2,634.2,919,Gold,624.6714285714287,616.99,0.00015770383220314876,0.013539760768667355
2006-07-31,637.0,639.1,629.0,635.7,873,Gold,625.6857142857143,619.33,0.002365184484389715,0.010475582602511668
2006-08-01,635.2,648.0,630.2,647.5,1037,Gold,629.7285714285715,621.7466666666667,0.01856221488123322,0.009202343099807213
2006-08-02,646.1,655.5,644.7,651.2,993,Gold,634.9,623.9033333333334,0.005714285714285783,0.0072047126434051575
2006-08-03,651.0,652.6,639.2,644.7,888,Gold,638.6285714285715,626.0400000000001,-0.009981572481572498,0.010012633517959734
2006-08-04,646.2,653.7,643.2,646.0,963,Gold,641.9142857142858,628.14,0.0020164417558554693,0.010100077771299497
2006-08-07,646.0,651.6,645.2,648.2,822,Gold,643.9285714285714,630.2466666666667,0.003405572755418085,0.008440626162738447
2006-08-08,647.6,648.7,640.5,642.0,809,Gold,645.0428571428572,632.3400000000001,-0.009564949089787222,0.00972286105708211
2006-08-09,641.2,654.6,635.1,650.5,1017,Gold,647.157142857143,634.7066666666668,0.013239875389408073,0.010654566170962504
2006-08-10,651.0,653.5,633.7,637.2,1106,Gold,645.6857142857143,635.99,-0.020445810914680895,0.011532019076557083
2006-08-11,636.2,644.7,626.2,632.0,982,Gold,642.9428571428572,636.55,-0.008160703075957398,0.011123996224955213
2006-08-14,628.7,632.7,623.2,626.2,1107,Gold,640.3000000000001,636.6566666666666,-0.009177215189873356,0.011058438424210825
2006-08-15,626.1,628.0,621.2,624.5,821,Gold,637.2285714285715,636.7833333333333,-0.00271478760779309,0.0107630725549751
2006-08-16,624.6,632.2,623.5,628.5,831,Gold,634.4142857142857,636.83,0.006405124099279513,0.011194079354383924
2006-08-17,629.1,631.6,612.7,613.2,847,Gold,630.3000000000001,636.1700000000001,-0.024343675417661026,0.013498934851354095
2006-08-18,614.7,618.7,607.0,614.2,1048,Gold,625.1142857142858,635.6866666666667,0.0016307893020222064,0.011191707496560215
2006-08-21,614.7,629.2,613.2,627.5,855,Gold,623.7285714285715,635.83,0.021654184304786606,0.01433233725771408
2006-08-22,627.7,628.2,620.6,623.0,910,Gold,622.4428571428572,635.2566666666667,-0.007171314741035828,0.014267348468761253
2006-08-23,624.1,630.0,620.5,621.1,944,Gold,621.7142857142857,634.2866666666666,-0.0030497592295344322,0.013934810516430305
2006-08-24,621.2,626.2,618.2,620.7,950,Gold,621.1714285714286,632.85,-0.0006440186765416245,0.0139163934997886
2006-08-25,620.0,623.7,617.5,622.0,923,Gold,620.2428571428571,631.4633333333334,0.0020944095376187466,0.013637603658044744
2006-08-28,623.0,623.5,612.6,613.7,813,Gold,620.3142857142858,630.5,-0.013344051446945282,0.010916053479852252
2006-08-29,613.2,617.6,607.2,614.0,1099,Gold,620.2857142857143,629.95,0.0004888381945575837,0.010899054647304599
2006-08-30,614.2,620.2,612.2,618.7,853,Gold,619.0285714285714,629.1666666666667,0.007654723127035856,0.0067644012316900705
2006-08-31,618.1,627.1,618.1,624.6,1000,Gold,619.2571428571429,629.0333333333333,0.009536124131242829,0.0075373279009302565
2006-09-01,626.0,627.5,619.7,624.7,744,Gold,619.7714285714286,629.2166666666667,0.00016010246557796037,0.007389306992267975
2006-09-05,628.7,640.2,627.2,638.1,2140,Gold,622.2571428571429,629.9866666666666,0.021450296142148106,0.010646116187225567
2006-09-06,639.5,640.0,632.2,633.2,1562,Gold,623.8571428571429,630.4733333333334,-0.0076790471712897546,0.011541770220480996
2006-09-07,633.5,635.7,614.0,616.7,1275,Gold,624.2857142857143,630.2633333333334,-0.026058117498420685,0.014963848185454908
2006-09-08,617.6,619.0,606.2,610.2,1112,Gold,623.7428571428572,629.4666666666668,-0.010539970812388555,0.015569595910299655
2006-09-11,608.7,608.7,583.0,588.7,1061,Gold,619.4571428571428,627.95,-0.03523434939364145,0.01961060527459356
2006-09-12,590.1,599.2,584.2,585.7,3455,Gold,613.9,626.2833333333333,-0.005095974180397533,0.018301668029018447
2006-09-13,586.6,593.2,578.6,589.7,3906,Gold,608.9,624.3566666666667,0.006829434864265016,0.019017579413420686
2006-09-14,589.5,594.7,574.1,575.0,3651,Gold,599.8857142857142,621.8166666666667,-0.024927929455655473,0.014592378141344469
2006-09-15,575.6,581.6,570.2,578.7,3978,Gold,592.1000000000001,619.6166666666667,0.006434782608695677,0.01656185672825307
2006-09-18,582.2,587.7,577.2,586.7,3181,Gold,587.8142857142857,617.64,0.013824088474166274,0.01798204261674016
2006-09-19,588.5,588.7,571.7,571.7,3268,Gold,582.3142857142858,615.09,-0.025566729163115753,0.019327454424468433
2006-09-20,573.2,586.2,572.2,576.2,3422,Gold,580.5285714285715,612.8966666666668,0.007871261150953268,0.016234388414084765
2006-09-21,576.1,585.0,574.2,583.7,3439,Gold,580.2428571428571,610.6700000000001,0.013016313779937505,0.017246676942297107
2006-09-22,584.2,592.2,583.7,589.1,3654,Gold,580.157142857143,609.0666666666668,0.009251327736851112,0.017438167224386347
2006-09-25,588.6,591.7,581.7,589.1,1605,Gold,582.1714285714286,607.6366666666668,0.0,0.01363240479507657
2006-09-26,590.1,593.2,585.7,591.2,1808,Gold,583.9571428571429,606.47,0.0035647598030894567,0.013574122119378916
2006-09-28,602.6,606.5,599.7,600.7,3202,Gold,585.9571428571428,605.6766666666667,0.01606901217861978,0.01389149965137839
2006-09-29,600.6,603.2,593.7,597.7,2627,Gold,589.6714285714287,604.65,-0.004994173464291651,0.007375475054329735
2006-10-02,598.2,603.6,578.1,594.7,3024,Gold,592.3142857142857,604.0333333333333,-0.005019240421616167,0.008473519481381577
2006-10-03,595.2,597.7,573.6,574.1,4275,Gold,590.9428571428572,602.6966666666667,-0.034639313939801575,0.016181303367835187
2006-10-04,575.0,580.6,559.2,567.2,4387,Gold,587.8142857142857,600.6866666666666,-0.012018812053649186,0.015649378199978033
2006-10-05,567.0,574.1,562.2,572.7,4229,Gold,585.4714285714286,599.01,0.009696755994358153,0.016596315178069816
2006-10-06,572.6,573.7,560.2,573.2,2361,Gold,582.9,597.4133333333334,0.0008730574471800256,0.016424671105397744
2006-10-09,574.6,580.5,571.2,576.2,2291,Gold,579.4,595.9300000000001,0.005233775296580534,0.014594814583205135
2006-10-10,576.5,581.0,568.7,572.5,2820,Gold,575.8000000000001,594.2800000000001,-0.006421381464769227,0.014591025680430988
2006-10-11,572.1,578.6,570.1,572.6,2860,Gold,572.6428571428571,592.91,0.00017467248908298316,0.014782518185908144
2006-10-12,572.6,579.0,570.7,579.0,2470,Gold,573.3428571428572,591.7433333333333,0.01117708697170805,0.008386247835653785
2006-10-13,578.7,589.7,576.7,589.6,2604,Gold,576.5428571428572,590.7733333333333,0.018307426597582,0.008223830242335117
2006-10-16,592.7,596.2,589.7,596.2,2195,Gold,579.9,589.8266666666667,0.011194029850746245,0.008367054966596713
2006-10-17,596.6,597.2,585.7,589.5,2276,Gold,582.2285714285715,588.6533333333333,-0.011237839651123904,0.010526896017806339
2006-10-18,589.0,594.7,587.0,589.2,1783,Gold,584.0857142857143,587.0233333333333,-0.0005089058524172518,0.010643401254986121
2006-10-19,589.5,600.5,586.5,599.7,2629,Gold,587.9714285714286,585.9066666666666,0.017820773930753653,0.010916033964736876
2006-10-20,599.2,602.0,590.5,591.1,2758,Gold,590.6142857142858,585.0533333333334,-0.014340503585125952,0.013448023678450894
2006-10-23,590.5,592.6,579.2,580.7,3093,Gold,590.8571428571429,584.0699999999999,-0.017594315682625594,0.015372663381940804
2006-10-24,581.5,586.7,572.2,585.2,3262,Gold,590.2285714285715,583.9533333333334,0.007749268124677133,0.013771101981108915
2006-10-25,584.6,591.5,579.5,591.2,2720,Gold,589.5142857142857,584.1366666666668,0.01025290498974707,0.013636279185016217
2006-10-26,591.7,598.2,589.6,596.0,3248,Gold,590.4428571428572,584.3466666666667,0.008119079837618282,0.013198827934372458
2006-10-27,596.2,599.7,591.5,599.2,2508,Gold,591.8714285714286,585.1533333333334,0.005369127516778649,0.013226087324114065
2006-10-30,598.2,610.6,598.2,603.6,4032,Gold,592.4285714285714,585.9833333333333,0.007343124165553938,0.011706499816420234
2006-10-31,603.6,607.2,597.6,606.1,3466,Gold,594.5714285714286,586.63,0.0041418157720345405,0.009561453387078738
2006-11-01,606.0,619.2,605.1,616.7,2152,Gold,599.7142857142857,588.1299999999999,0.01748886322389054,0.004370025234361841
2006-11-02,616.0,625.6,613.7,624.2,3445,Gold,605.2857142857143,589.73,0.01216150478352529,0.004535584045243766
2006-11-03,623.6,629.0,617.1,626.9,2891,Gold,610.3857142857142,591.1700000000001,0.0043255366869592304,0.0048625894000239615
2006-11-06,628.2,629.3,622.2,623.0,3386,Gold,614.2428571428571,592.3,-0.006221087892805843,0.007380147265806035
2006-11-07,624.1,628.7,621.2,624.0,3494,Gold,617.7857142857143,593.4633333333334,0.0016051364365972098,0.007599319955117965
2006-11-08,624.1,626.5,612.7,615.7,4262,Gold,619.5142857142857,594.2800000000001,-0.013301282051282004,0.010404611987698108
2006-11-09,615.6,635.2,614.6,634.7,3681,Gold,623.6,595.4133333333333,0.030859184667857642,0.014880049670704438
2006-11-10,634.0,636.2,624.7,628.2,4426,Gold,625.2428571428572,596.4300000000001,-0.010241058767921807,0.015217242656931458
2006-11-13,628.2,632.2,620.1,624.6,3630,Gold,625.3000000000001,597.4266666666667,-0.005730659025787954,0.014869890860989079
2006-11-14,626.5,628.7,618.7,620.7,3517,Gold,624.4142857142858,598.9799999999999,-0.006243996157540788,0.01491594733320433
2006-11-15,621.6,624.2,615.0,622.2,4159,Gold,624.3000000000001,600.8133333333334,0.0024166263895601947,0.014800221621510056
2006-11-16,623.0,627.7,617.5,618.2,3395,Gold,623.4714285714286,602.33,-0.006428801028608211,0.014957449617595563
2006-11-17,617.5,622.1,614.2,621.2,3062,Gold,624.2571428571429,603.9300000000001,0.004852798447104512,0.014064529860608013
2006-11-20,620.7,626.7,619.7,622.2,2933,Gold,622.4714285714286,605.4633333333334,0.0016097875080489654,0.0056892920123685796
2006-11-21,623.2,628.7,621.7,627.7,2867,Gold,622.4,607.3033333333334,0.008839601414336151,0.006099319172756975
2006-11-22,627.2,634.2,625.7,627.9,2239,Gold,622.8714285714286,609.1466666666668,0.00031862354627998357,0.005574149544206635
2006-11-27,640.5,641.6,636.2,640.5,2843,Gold,625.6999999999999,611.1966666666667,0.02006688963210701,0.008275431846564218
2006-11-28,640.7,640.7,632.5,639.7,2601,Gold,628.2,612.8666666666667,-0.0012490241998438512,0.008542752579966654
2006-11-29,638.7,645.7,634.2,636.6,2720,Gold,630.8285714285714,614.2133333333334,-0.004846021572612158,0.00823611545146788
2006-11-30,636.2,648.2,636.2,647.2,1995,Gold,634.5428571428572,616.1366666666668,0.016650958215520095,0.00949620236099241
2006-12-01,646.1,649.6,643.2,645.0,2566,Gold,637.8000000000001,617.9966666666667,-0.0033992583436341928,0.010047247094521225
2006-12-04,647.0,647.6,640.1,645.7,2406,Gold,640.3714285714286,619.5300000000001,0.0010852713178295392,0.010006139773249635
2006-12-05,645.6,648.2,638.2,641.2,3180,Gold,642.2714285714286,621.2,-0.006969180734087033,0.01081069240835035
2006-12-06,639.1,640.6,627.2,630.7,4017,Gold,640.8714285714286,622.8666666666668,-0.01637554585152834,0.009993116012907328
2006-12-07,629.2,633.6,624.5,632.2,3434,Gold,639.8000000000001,624.4333333333333,0.00237830981449183,0.010141031424452896
2006-12-08,631.7,637.7,622.7,624.6,3121,Gold,638.0857142857143,625.5466666666667,-0.012021512179690053,0.010856597403684956
2006-12-11,625.0,630.2,622.7,629.2,2571,Gold,635.5142857142857,626.6533333333334,0.007364713416586621,0.008390219362334035
2006-12-12,629.6,630.7,626.2,629.0,2040,Gold,633.2285714285715,627.6466666666668,-0.00031786395422761515,0.008506470154187267
2006-12-13,629.1,630.1,623.1,628.2,2427,Gold,630.7285714285715,628.4666666666667,-0.0012718600953894876,0.008337333231336848
2006-12-14,628.0,628.7,624.7,628.5,1955,Gold,628.9142857142858,629.2133333333333,0.00047755491881562584,0.00835366839914692
2006-12-15,625.5,628.7,614.1,614.7,2529,Gold,626.6285714285714,629.1466666666668,-0.02195704057279224,0.009972327751257193
2006-12-18,615.6,617.7,611.1,614.7,2573,Gold,624.1285714285715,628.83,0.0,0.009772370248073873
2006-12-19,616.2,622.7,614.7,622.2,1925,Gold,623.7857142857143,628.6733333333334,0.012201073694485087,0.010688078512624153
2006-12-20,621.7,624.2,618.2,621.1,2008,Gold,622.6285714285715,628.61,-0.001767920282867319,0.010109732176330353
2006-12-21,620.2,622.1,617.5,618.1,2147,Gold,621.0714285714286,628.4133333333334,-0.004830140074062128,0.01014289556670686
2006-12-22,618.7,621.5,618.0,619.2,1338,Gold,619.7857142857143,628.5300000000001,0.001779647306261234,0.010266776426676422
2006-12-26,624.5,629.1,623.2,624.1,867,Gold,619.157142857143,628.1766666666667,0.007913436692506437,0.01093072840542554
2006-12-27,624.2,628.7,623.6,627.2,1734,Gold,620.9428571428572,628.1433333333334,0.004967152699887789,0.005875474196149902
2006-12-28,626.6,635.5,626.2,633.7,1685,Gold,623.657142857143,628.4466666666667,0.010363520408163351,0.006313832878941867
2006-12-29,634.0,636.2,631.6,636.2,1094,Gold,625.657142857143,628.9633333333334,0.0039450844248067884,0.0052976590886136135
2007-01-02,638.2,640.7,636.6,640.2,1044,Gold,628.3857142857144,629.5633333333334,0.0062873310279785155,0.0048996632033468214
2007-01-03,640.0,644.7,624.7,627.1,3025,Gold,629.6714285714286,629.8600000000001,-0.020462355513901964,0.010331196387625726
2007-01-04,627.2,630.2,620.2,621.7,3451,Gold,630.0285714285716,629.8766666666667,-0.008611066815499835,0.011104659025633106
2007-01-05,622.6,625.7,601.5,606.7,3630,Gold,627.5428571428572,629.36,-0.024127392633102818,0.013862649841844361
2007-01-08,608.2,610.5,603.2,608.5,2689,Gold,624.8714285714286,628.7199999999999,0.0029668699522003017,0.013667487368516742
2007-01-09,609.7,615.2,605.6,613.5,3236,Gold,621.9857142857144,628.24,0.008216926869350827,0.013304641870283638
2007-01-10,612.6,613.2,605.2,611.0,3036,Gold,618.3857142857142,627.2566666666667,-0.004074979625101838,0.012787371608210385
2007-01-11,610.5,615.7,608.6,611.5,2885,Gold,614.2857142857143,626.3166666666667,0.0008183306055646877,0.012081458779187182
2007-01-12,611.5,627.2,609.2,626.5,3118,Gold,614.1999999999999,625.98,0.024529844644317178,0.015008768748047187
2007-01-15,625.6,627.7,623.7,626.1,834,Gold,614.8285714285714,625.2766666666668,-0.0006384676775738063,0.01454531322570659
2007-01-16,626.2,627.7,622.5,624.6,2743,Gold,617.3857142857144,624.5966666666667,-0.002395783421178743,0.009813128320982694
2007-01-17,623.2,633.2,619.7,632.2,2928,Gold,620.7714285714286,624.1466666666668,0.012167787383925655,0.010227384215111523
2007-01-18,632.6,636.2,626.2,627.1,2852,Gold,622.7142857142857,623.6766666666666,-0.008067067383739412,0.011306149317587541
2007-01-19,627.7,636.1,627.0,634.7,2080,Gold,626.1000000000001,623.81,0.012119279221814772,0.01122806450950483
2007-01-22,635.2,639.5,631.6,632.7,2587,Gold,629.1285714285715,623.8266666666667,-0.0031510950055144704,0.01159833019457783
2007-01-23,633.5,647.5,633.2,645.6,2472,Gold,631.8571428571429,624.5266666666666,0.02038880986249403,0.010484617405512368
2007-01-24,645.6,648.7,638.5,647.7,2660,Gold,634.9428571428572,625.1433333333333,0.0032527881040893547,0.010277391498082518
2007-01-25,647.0,654.2,644.7,645.6,3273,Gold,637.9428571428572,625.6966666666666,-0.003242241778601218,0.010382015741815055
2007-01-26,645.1,647.7,640.6,645.5,3051,Gold,639.8428571428573,626.2733333333333,-0.00015489467162332904,0.009956804451062815
2007-01-29,647.1,647.6,640.7,643.0,2238,Gold,642.1142857142858,626.7566666666667,-0.0038729666924864903,0.009281684882021485
2007-01-30,642.1,647.2,640.7,646.0,1969,Gold,643.7285714285715,627.8,0.004665629860031162,0.008542211443637964
2007-01-31,646.6,654.2,641.7,652.7,2707,Gold,646.5857142857143,629.0666666666667,0.010371517027863764,0.00856570383253957
2007-02-01,652.5,661.0,651.5,657.0,2789,Gold,648.2142857142857,630.2266666666667,0.006588018998008094,0.005237113890409904
2007-02-02,656.6,659.2,642.7,647.2,2618,Gold,648.1428571428571,631.0966666666667,-0.014916286149162739,0.008373818856058096
2007-02-05,648.6,651.7,645.7,647.7,2312,Gold,648.4428571428572,632.0833333333334,0.0007725587144622459,0.008257833448943697
2007-02-06,647.7,658.1,647.6,652.7,2486,Gold,649.4714285714286,633.2000000000002,0.007719623282383736,0.008680352408957816
2007-02-07,653.1,656.2,649.7,651.5,2607,Gold,650.6857142857143,634.1133333333333,-0.0018385169296768478,0.008497993883371312
2007-02-08,651.2,660.7,647.5,659.2,1840,Gold,652.5714285714286,635.1800000000001,0.011818879508825875,0.00927894731732163
2007-02-09,660.1,668.6,656.7,666.2,2683,Gold,654.5,636.2633333333332,0.010618932038835016,0.009312424725725202
2007-02-12,666.6,666.7,659.6,660.6,2846,Gold,655.0142857142857,637.0766666666667,-0.008405884118883211,0.010036738354498507
2007-02-13,660.6,668.7,660.2,663.7,3633,Gold,657.3714285714286,637.8600000000001,0.004692703602785286,0.007265091043651875
2007-02-14,663.7,671.5,663.7,668.3,3907,Gold,660.3142857142858,639.2333333333333,0.006930842248003444,0.007234844849284638
2007-02-15,668.5,670.1,662.0,669.2,4324,Gold,662.6714285714286,640.8166666666668,0.0013467005835703372,0.007163562754583889
2007-02-16,668.2,669.5,662.5,668.5,3074,Gold,665.1,642.8766666666668,-0.0010460251046026103,0.007069021378106208
2007-02-19,667.7,672.8,667.2,670.1,1415,Gold,666.657142857143,644.9300000000001,0.0023934181002243093,0.006097502322136736
2007-02-20,670.6,671.6,655.3,657.2,3615,Gold,665.3714285714286,646.3866666666668,-0.01925085808088345,0.009078636812749693
2007-02-21,659.3,682.1,656.7,678.2,3359,Gold,667.8857142857142,648.6266666666668,0.03195374315276922,0.015088794140485983
2007-02-22,677.8,680.7,674.7,676.8,3413,Gold,669.7571428571429,650.8033333333334,-0.0020642878207020043,0.015242006845936086
2007-02-23,673.8,688.0,672.3,682.0,3917,Gold,671.7142857142857,652.6533333333334,0.0076832151300236795,0.015277821979059062
2007-02-26,683.3,687.7,682.1,686.1,2833,Gold,674.1285714285715,654.6533333333333,0.006011730205278676,0.015295304601614657
2007-02-27,686.3,688.1,657.7,664.6,3741,Gold,673.5714285714286,655.9866666666668,-0.031336539862993784,0.02031314409475986
2007-02-28,665.7,677.2,660.8,669.1,5185,Gold,673.4285714285714,657.2166666666667,0.006770990069214555,0.0204893816598063
2007-03-01,673.2,677.0,661.2,664.0,7160,Gold,674.4,658.4466666666667,-0.007622179046480326,0.019095564299336575
2007-03-02,659.3,663.8,639.1,642.0,7470,Gold,669.2285714285715,658.69,-0.033132530120481896,0.017660336895140342
2007-03-05,643.2,644.6,632.8,635.8,5818,Gold,663.3714285714286,658.7933333333333,-0.009657320872274222,0.01749102144946878
2007-03-06,632.7,647.5,632.5,646.3,4882,Gold,658.2714285714285,658.8166666666667,0.01651462724127084,0.019117209465218533
2007-03-07,647.5,651.2,642.3,649.2,4550,Gold,653.0,658.8666666666667,0.004487080303264834,0.018945617769839572
2007-03-08,647.2,655.5,647.2,652.1,4836,Gold,651.2142857142857,659.0833333333335,0.004467036352433729,0.01612770641714095
2007-03-09,652.3,657.7,647.2,648.7,4085,Gold,648.3000000000001,659.19,-0.0052139242447477585,0.015594923092134304
2007-03-12,650.1,653.5,645.2,649.8,3863,Gold,646.2714285714285,659.4166666666667,0.0016956990904886116,0.015662430287994102
2007-03-13,649.2,651.8,641.2,643.3,3165,Gold,646.4571428571428,659.3266666666667,-0.010003077870113897,0.00944684952265132
2007-03-14,642.7,645.6,636.5,643.7,4251,Gold,647.5857142857142,659.0266666666668,0.0006217938753305674,0.008374170923814123
2007-03-15,646.1,649.8,643.3,646.5,3304,Gold,647.6142857142858,658.6766666666667,0.0043498524157215,0.005619827187512887
2007-03-16,648.0,655.1,645.6,652.7,3383,Gold,648.1142857142858,658.86,0.009590100541376767,0.006544986160388395
2007-03-19,653.7,655.8,651.7,654.1,2741,Gold,648.4,659.0733333333334,0.0021449364179562114,0.006384239338368591
2007-03-20,654.7,660.7,652.2,657.7,3021,Gold,649.6857142857143,659.24,0.005503745604647614,0.006075816257884352
2007-03-21,658.1,664.4,656.6,663.3,3382,Gold,651.6142857142858,659.6333333333333,0.008514520298008144,0.006549633377258739
2007-03-22,663.8,666.3,661.6,662.8,3211,Gold,654.4,659.7533333333333,-0.0007538067239559743,0.0038925339546043492
2007-03-23,663.3,664.3,654.7,656.9,3346,Gold,656.2857142857143,659.4433333333334,-0.008901629450814741,0.006302877803546933
2007-03-26,657.2,664.8,656.7,663.2,3260,Gold,658.6714285714286,659.53,0.009590500837266092,0.006793056160184607
2007-03-27,663.6,665.2,661.3,664.2,2906,Gold,660.3142857142857,659.5466666666666,0.0015078407720143794,0.006287095224869021
2007-03-28,668.3,669.0,663.1,665.1,3656,Gold,661.8857142857142,659.44,0.0013550135501354532,0.006301919416421353
2007-03-29,665.1,665.6,655.0,661.3,3306,Gold,662.4,659.1766666666666,-0.00571342655239826,0.006789163689884621
2007-03-30,660.8,667.3,660.5,663.2,3322,Gold,662.3857142857142,659.0,0.002873128685921822,0.006010996009114222
2007-04-02,664.5,665.9,655.9,663.4,3786,Gold,662.4714285714286,658.7766666666666,0.00030156815440274265,0.006002344251187323
2007-04-03,663.5,667.1,661.5,664.0,4258,Gold,663.4857142857143,659.0033333333333,0.0009044317154054404,0.004493934603720501
2007-04-04,663.8,675.3,663.3,673.6,5916,Gold,664.9714285714286,658.85,0.014457831325301207,0.006052461773752106
2007-04-05,674.1,675.3,671.3,673.8,3661,Gold,666.342857142857,658.75,0.0002969121140141695,0.0060940685125578835
2007-04-06,673.6,674.3,672.6,673.9,104,Gold,667.6,658.4799999999999,0.00014841199168902364,0.0061345242174497515
2007-04-09,670.6,677.4,670.3,670.7,3823,Gold,668.9428571428571,657.9666666666667,-0.0047484790028192725,0.005942893539495456
2007-04-10,671.1,681.2,670.8,676.7,3544,Gold,670.8714285714286,658.37,0.008945877441479011,0.006502778481111986
2007-04-11,676.7,680.4,674.0,676.8,3827,Gold,672.7857142857143,658.6266666666667,0.0001477759716268512,0.006513275750416824
2007-04-12,676.7,679.4,670.9,675.5,3675,Gold,674.4285714285714,659.01,-0.0019208037825058089,0.006739625244253699
2007-04-13,676.1,685.4,675.9,684.6,3529,Gold,676.0,660.4300000000001,0.013471502590673534,0.00645150947906158
2007-04-16,686.6,690.7,682.6,690.0,4172,Gold,678.3142857142857,662.2366666666668,0.007887817703768674,0.0066856610793080765
2007-04-17,689.5,690.5,685.5,687.3,3830,Gold,680.2285714285715,663.6033333333334,-0.003913043478260936,0.007175107088754456
2007-04-18,686.6,690.5,685.1,689.5,3989,Gold,682.9142857142857,664.9466666666667,0.0032009311799796603,0.006356517407937181
2007-04-19,689.5,691.2,678.7,682.2,4689,Gold,683.6999999999999,665.95,-0.010587382160986203,0.007908336949739187
2007-04-20,683.4,693.2,682.9,691.3,3596,Gold,685.7714285714285,667.3700000000001,0.013339196716505297,0.009101934355074302
2007-04-23,692.8,693.3,686.5,688.7,4575,Gold,687.657142857143,668.6666666666666,-0.003761029943584404,0.00929458741553624
2007-04-24,688.9,691.4,680.5,682.8,4644,Gold,687.3999999999999,669.9833333333333,-0.008566865108174948,0.008798823572161683
2007-04-25,684.3,686.4,681.7,685.2,3701,Gold,686.7142857142857,671.3666666666667,0.0035149384885766466,0.00825552504820779
2007-04-26,684.5,686.4,671.0,674.4,4063,Gold,684.8714285714286,672.2966666666666,-0.015761821366024664,0.00999215615698977
2007-04-27,674.1,681.3,670.4,680.9,4103,Gold,683.6428571428571,673.2366666666668,0.009638196915777053,0.010878405280675126
2007-04-30,681.0,681.0,675.5,677.7,3156,Gold,683.0,674.0233333333333,-0.0046996622117784215,0.010292209660248432
2007-05-01,677.9,678.8,671.5,672.8,3325,Gold,680.3571428571429,674.5266666666666,-0.0072303379076288365,0.00829125655432531
2007-05-02,673.4,674.7,667.2,672.3,3691,Gold,678.0142857142857,674.8266666666666,-0.0007431629013079366,0.00837397884678426
2007-05-03,672.1,681.9,671.6,681.7,3188,Gold,677.8571428571429,675.4566666666667,0.013981853339283257,0.010196832377831103
2007-05-04,681.6,690.2,679.9,688.3,3103,Gold,678.3000000000001,676.5033333333333,0.00968167815754728,0.010817349258945402
2007-05-07,688.5,690.4,686.1,688.0,2602,Gold,680.2428571428571,677.33,-0.0004358564579397539,0.008154543430395195
2007-05-08,687.9,688.4,681.7,684.9,3470,Gold,680.8142857142857,678.0200000000001,-0.004505813953488369,0.007952040292892693
2007-05-09,684.6,686.3,675.4,680.3,3746,Gold,681.1857142857143,678.5266666666666,-0.006716308950211691,0.008219244056134169
2007-05-10,680.1,680.7,664.0,666.0,4462,Gold,680.2142857142857,678.6833333333333,-0.02102013817433479,0.01142821653342178
2007-05-11,665.9,672.5,664.3,670.5,3960,Gold,679.9571428571428,678.9266666666666,0.006756756756756799,0.011843422685771649
2007-05-14,671.1,674.7,666.1,668.9,3785,Gold,678.1285714285714,679.11,-0.002386278896346017,0.010024714505101088
2007-05-15,668.8,673.1,664.7,671.6,3512,Gold,675.7428571428571,679.3633333333333,0.004036477799372218,0.009045560354551138
2007-05-16,672.2,673.0,659.4,661.6,3791,Gold,671.9714285714286,678.9633333333333,-0.014889815366289416,0.009852001904306844
2007-05-17,662.1,664.3,653.3,657.2,4071,Gold,668.0142857142857,678.41,-0.006650544135429204,0.009848112522924064
2007-05-18,657.7,662.7,655.5,661.2,3667,Gold,665.2857142857143,677.9866666666668,0.0060864272671941055,0.010800700788031999
2007-05-22,662.8,664.9,657.9,658.7,3024,Gold,664.2428571428572,677.5866666666667,-0.0037810042347247164,0.007833356676572305
2007-05-23,658.6,664.3,657.1,660.9,3314,Gold,662.8714285714286,677.06,0.00333991194777572,0.007319284520871015
2007-05-24,660.9,662.5,651.5,654.1,3449,Gold,660.7571428571429,676.3033333333334,-0.010288999848691138,0.00796361736107898
2007-05-25,653.5,656.5,653.1,655.5,2628,Gold,658.4571428571429,675.6366666666668,0.002140345512918529,0.0077059613121123775
2007-05-28,655.2,656.4,654.6,655.2,566,Gold,657.5428571428572,674.6566666666665,-0.0004576659038900699,0.005833552907396592
2007-05-29,655.1,661.7,654.4,656.1,2447,Gold,657.3857142857142,673.5266666666666,0.0013736263736263687,0.005395623962941137
2007-05-30,656.5,658.3,651.6,653.2,2901,Gold,656.2428571428572,672.39,-0.004420057918000264,0.004772043296848677
2007-05-31,653.8,661.5,653.8,660.5,3171,Gold,656.5,671.4233333333334,0.011175750153092467,0.006670323904633411
2007-06-01,661.2,671.3,660.2,671.2,3168,Gold,657.9714285714286,671.0566666666666,0.01619984859954582,0.008982342732091428
2007-06-04,670.9,673.6,668.2,670.8,2909,Gold,660.3571428571429,670.3733333333333,-0.000595947556615184,0.00732143888892649
2007-06-05,670.9,673.0,668.7,669.6,2656,Gold,662.3714285714286,669.7366666666666,-0.0017889087656528524,0.007600080612388787
2007-06-06,669.5,671.7,664.8,670.5,3517,Gold,664.5571428571429,669.3266666666666,0.0013440860215052641,0.007490434708859775
2007-06-07,669.7,672.7,657.8,658.8,3433,Gold,664.9428571428572,668.4466666666666,-0.01744966442953022,0.01090774903930091
2007-06-08,658.3,661.1,643.6,648.2,4024,Gold,664.2285714285715,667.5733333333334,-0.016089860352155316,0.012574136271364531
2007-06-11,649.1,654.7,648.8,653.1,3110,Gold,663.1714285714286,666.6466666666666,0.0075593952483801186,0.012052579134594975
2007-06-12,653.3,654.3,645.5,646.8,2192,Gold,659.6857142857143,665.6166666666667,-0.009646302250803984,0.009370724025192243
2007-06-13,646.7,652.2,642.7,650.9,3477,Gold,656.842857142857,664.8866666666667,0.006338899196042025,0.010267025198117126
2007-06-14,651.2,653.8,645.6,650.8,3030,Gold,654.1571428571427,664.17,-0.0001536334306345699,0.01035055413680476
2007-06-15,653.3,655.5,649.7,654.8,3119,Gold,651.9142857142857,663.2733333333333,0.006146281499692652,0.010908944017608842
2007-06-18,656.0,658.8,654.3,655.7,2740,Gold,651.4714285714286,662.1866666666666,0.0013744654856446825,0.009000879675308437
2007-06-19,655.7,661.8,653.4,661.1,3038,Gold,653.3142857142857,661.2900000000001,0.008235473539728533,0.00634527256151833
2007-06-20,661.1,661.4,652.2,654.6,2953,Gold,653.5285714285714,660.28,-0.009832098018454083,0.007489423834057986
2007-06-21,654.4,656.3,647.5,651.4,3410,Gold,654.1857142857143,659.3166666666667,-0.00488848151542931,0.00659308754650852
2007-06-22,651.4,656.0,650.3,653.6,3118,Gold,654.5714285714286,658.9033333333333,0.003377341111452381,0.0062835058375939525
2007-06-25,653.5,653.7,648.5,650.5,3224,Gold,654.5285714285714,658.2366666666666,-0.004742962056303535,0.006607356075330663
2007-06-26,651.0,651.6,640.0,640.2,3538,Gold,652.4428571428572,657.2800000000001,-0.015833973866256623,0.00820355386472506
2007-06-27,639.8,644.4,639.8,642.9,3520,Gold,650.6142857142858,656.3233333333334,0.004217432052483483,0.008530873237314086
2007-06-28,643.2,649.6,642.6,648.7,2736,Gold,648.842857142857,655.8933333333333,0.009021620780836903,0.008703502435957074
2007-06-29,648.4,652.1,646.2,649.1,2560,Gold,648.0571428571428,655.6233333333333,0.0006166178510866871,0.008148506080724852
2007-07-02,650.1,658.3,648.3,657.0,3459,Gold,648.8571428571429,655.4833333333333,0.012170697889385185,0.009319952193463266
2007-07-03,657.1,657.8,651.7,652.9,2149,Gold,648.7571428571429,655.2899999999998,-0.006240487062404876,0.00965873680718684
2007-07-04,652.6,654.8,652.6,654.2,713,Gold,649.2857142857143,655.0666666666667,0.0019911165568999856,0.009453921439812486
2007-07-05,654.4,656.2,645.4,649.3,2500,Gold,650.5857142857143,654.9066666666665,-0.007490064200550428,0.007274753923883513
2007-07-06,648.2,655.6,645.0,655.3,3778,Gold,652.3571428571429,654.9,0.009240720776220623,0.007757004468565653
2007-07-09,656.0,662.9,653.3,660.2,4020,Gold,654.0,655.0666666666667,0.007477491225392985,0.007568890336704075
2007-07-10,660.0,664.6,658.4,663.2,3843,Gold,656.0142857142857,655.3033333333333,0.004544077552256942,0.007548262229858744
2007-07-11,663.6,665.6,659.5,660.3,3655,Gold,656.4857142857143,655.5399999999998,-0.0043727382388421,0.006785934736505691
2007-07-12,661.1,668.8,660.5,667.1,4218,Gold,658.5142857142857,655.76,0.010298349235196236,0.006831219441932972
2007-07-13,666.8,668.5,663.1,666.4,3848,Gold,660.2571428571429,655.6,-0.0010493179433368471,0.007007738207790335
2007-07-16,666.8,668.4,663.2,665.2,3015,Gold,662.5285714285714,655.4133333333333,-0.0018007202881151763,0.0058716003343625665
2007-07-17,665.0,667.1,662.3,664.8,3012,Gold,663.8857142857142,655.2533333333333,-0.000601322910403046,0.0054225641147789515
2007-07-18,664.6,673.8,664.2,672.7,4101,Gold,665.6714285714286,655.3266666666666,0.011883273164861707,0.006333828043124862
2007-07-19,673.2,677.4,671.0,677.4,3601,Gold,667.6999999999999,655.9466666666667,0.006986769733908105,0.006516984599203218
2007-07-20,676.8,686.4,674.9,682.7,4156,Gold,670.9,657.0966666666667,0.007824033067611591,0.005792080262501606
2007-07-23,683.2,684.5,679.8,680.9,3127,Gold,672.8714285714286,658.0233333333333,-0.0026365900102535145,0.005805752496255605
2007-07-24,680.7,687.5,680.4,681.1,3867,Gold,674.9714285714286,659.1666666666666,0.00029372888823631094,0.005672462112455679
2007-07-25,680.6,681.7,670.8,674.8,4630,Gold,676.342857142857,659.9633333333334,-0.009249743062692772,0.007236061478658361
2007-07-26,675.1,676.6,659.7,662.0,5325,Gold,675.9428571428572,660.3366666666667,-0.018968583283935914,0.01081287075244353
2007-07-27,662.9,666.5,656.5,660.6,4928,Gold,674.2142857142857,660.53,-0.002114803625377637,0.009321217981504926
2007-07-30,660.8,665.3,659.6,664.7,3000,Gold,672.4,660.83,0.006206478958522554,0.009191900506835595
2007-07-31,665.0,668.5,662.9,663.5,3670,Gold,669.657142857143,660.91,-0.0018053257108470167,0.00800463683145394
2007-08-01,663.4,666.8,658.8,666.5,4443,Gold,667.6,661.3066666666667,0.0045214770158250595,0.008645271666342694
2007-08-02,666.1,666.6,662.3,664.5,3416,Gold,665.2285714285714,661.7433333333333,-0.0030007501875468634,0.008523841626859178
2007-08-03,665.7,675.1,664.6,672.5,4133,Gold,664.9,662.3733333333333,0.012039127163280705,0.009823909747977033
2007-08-06,673.3,674.8,668.7,671.8,4045,Gold,666.3000000000001,663.0833333333334,-0.0010408921933086068,0.005633388257233188
2007-08-07,670.7,672.2,665.8,671.9,3321,Gold,667.9142857142857,664.14,0.00014885382554341575,0.005410678476774479
2007-08-08,671.2,676.4,669.3,674.3,3190,Gold,669.2857142857143,665.1866666666666,0.003571960113112116,0.005192106011393979
2007-08-09,674.1,674.1,658.9,661.1,4881,Gold,668.9428571428571,665.6,-0.019575856443719286,0.00974574769073511
2007-08-10,661.5,675.9,657.7,672.4,5210,Gold,669.7857142857143,666.3766666666667,0.01709272424746633,0.011768608897917277
2007-08-13,671.8,671.8,668.1,669.2,3160,Gold,670.4571428571428,666.7833333333333,-0.004759071980963592,0.011894277806993064
2007-08-14,668.7,671.0,665.2,668.6,3499,Gold,669.9,667.3066666666667,-0.0008965929468022216,0.010866120819892454
2007-08-15,669.5,670.6,661.7,667.0,4972,Gold,669.2142857142857,667.7333333333333,-0.002393060125635671,0.010883539779025298
2007-08-16,667.0,667.6,641.6,652.1,7849,Gold,666.3857142857142,667.8266666666667,-0.022338830584707647,0.013501272979686813
2007-08-17,652.5,663.9,645.3,657.2,6268,Gold,663.9428571428572,667.8899999999999,0.007820886367121638,0.013994657204315874
2007-08-20,656.0,660.4,652.7,657.9,5368,Gold,663.4857142857143,667.8133333333334,0.0010651247717587964,0.01210983000513868
2007-08-21,657.5,659.7,653.9,657.0,5756,Gold,661.2857142857143,667.6066666666667,-0.001367989056087482,0.00928850878597438
2007-08-22,656.8,661.4,654.2,660.1,4180,Gold,659.9857142857143,667.6,0.00471841704718412,0.009715696886037907
2007-08-23,660.3,664.5,658.2,659.5,4746,Gold,658.6857142857143,667.3466666666667,-0.0009089531889108216,0.009715482464220356
2007-08-24,659.3,668.6,657.2,668.0,4250,Gold,658.8285714285714,667.4,0.012888551933282866,0.011194466722812496
2007-08-27,667.7,668.2,665.3,667.0,2867,Gold,660.9571428571428,667.4600000000002,-0.0014970059880239361,0.005505773595898601
2007-08-28,666.1,668.0,661.8,662.1,4738,Gold,661.657142857143,667.3700000000001,-0.007346326836581651,0.006328147676667987
2007-08-29,662.8,668.8,660.7,666.6,4092,Gold,662.9,667.1666666666666,0.0067965564114182975,0.006686705130249878
2007-08-30,666.5,667.6,663.1,665.0,4268,Gold,664.0428571428572,666.7533333333333,-0.002400240024002409,0.006781436727435135
2007-08-31,664.8,674.5,664.3,672.8,4570,Gold,665.8571428571429,666.4233333333333,0.0117293233082707,0.007742511081865798
2007-09-03,672.5,673.3,671.1,672.3,719,Gold,667.6857142857143,666.1366666666668,-0.0007431629013079366,0.007729689786239757
2007-09-04,671.8,682.9,671.0,681.4,4345,Gold,669.6,666.1466666666666,0.013535623977391165,0.00787332424295099
2007-09-05,681.4,682.6,678.0,681.0,4149,Gold,671.6,666.3533333333332,-0.0005870267097152215,0.007796381273933234
2007-09-06,682.2,697.4,680.6,695.2,5237,Gold,676.3285714285714,667.4599999999999,0.020851688693098502,0.008783230569716837
2007-09-07,694.6,706.6,691.8,700.2,5706,Gold,681.1285714285714,668.7800000000001,0.0071921749136938384,0.008782780120084691
2007-09-10,699.6,706.5,698.7,702.8,4847,Gold,686.5285714285714,670.05,0.0037132247929161366,0.007946826097573564
2007-09-11,702.6,713.9,702.1,712.1,5005,Gold,692.1428571428571,671.67,0.013232783153102057,0.008084923158310693
2007-09-12,711.1,714.0,705.3,711.7,5140,Gold,697.7714285714286,673.1766666666666,-0.0005617188597106804,0.008051804745885759
2007-09-13,710.5,712.0,703.0,707.9,5549,Gold,701.5571428571428,674.6233333333333,-0.0053393283686947735,0.00906286995864271
2007-09-14,707.5,717.0,703.7,707.0,6133,Gold,705.2714285714285,675.7733333333333,-0.0012713660121486114,0.009142817065977521
2007-09-17,706.6,719.7,706.6,717.1,5906,Gold,708.4,677.2833333333333,0.014285714285714235,0.0074791014387679535
2007-09-18,716.1,726.8,711.3,723.8,7306,Gold,711.7714285714285,679.0133333333334,0.009343187839910616,0.007652038562467209
2007-09-19,725.2,725.4,719.3,721.4,6917,Gold,714.4285714285714,680.5833333333334,-0.003315833103067156,0.008251797269891345
2007-09-20,721.8,738.2,720.8,734.1,7291,Gold,717.5714285714286,683.0166666666667,0.017604657610202468,0.009198701469629221
2007-09-21,732.9,739.1,726.3,730.8,7996,Gold,720.3,684.9633333333334,-0.004495300367797439,0.009660335295304554
2007-09-24,729.9,735.9,725.5,729.9,6433,Gold,723.4428571428572,686.9866666666666,-0.0012315270935959743,0.00912014558867214
2007-09-25,728.8,733.2,721.6,731.1,7390,Gold,726.8857142857142,689.07,0.0016440608302508153,0.008880496684508975
2007-09-26,731.2,736.4,726.1,727.8,4287,Gold,728.4142857142857,691.0966666666667,-0.004513746409519959,0.008373767847049433
2007-09-27,727.4,735.6,726.9,734.1,4352,Gold,729.8857142857144,693.8299999999999,0.008656224237427956,0.008278875398045614
2007-09-28,734.0,745.4,733.0,742.9,6053,Gold,732.9571428571428,696.6866666666666,0.011987467647459393,0.008638579250627698
2007-10-01,743.7,747.4,740.8,747.1,4703,Gold,734.8142857142858,699.66,0.005653519989231359,0.006463150231660225
2007-10-02,746.4,746.9,724.2,731.1,5892,Gold,734.8571428571429,702.13,-0.021416142417347128,0.011058553719705093
2007-10-03,731.8,735.7,725.9,727.0,5836,Gold,734.4428571428571,704.3600000000001,-0.005607987963342942,0.011268847007995549
2007-10-04,728.0,738.2,720.3,736.8,6295,Gold,735.2571428571429,706.9366666666667,0.013480055020632653,0.0124704994596191
2007-10-05,736.1,744.0,726.5,742.2,5379,Gold,737.3142857142857,709.41,0.007328990228013144,0.012372721586349321
2007-10-08,740.6,741.9,730.8,732.9,4644,Gold,737.1428571428571,711.6066666666667,-0.012530315278900694,0.013279199832936123
2007-10-09,733.1,740.2,726.3,737.7,6991,Gold,736.4,714.1266666666667,0.006549324600900519,0.012591507739382597
2007-10-10,737.9,745.7,737.1,740.7,6239,Gold,735.4857142857143,716.5966666666667,0.004066693777958541,0.012466796830447293
2007-10-11,740.9,753.4,740.4,747.4,7538,Gold,737.8142857142858,719.3433333333335,0.00904549750236261,0.009072760340095045
2007-10-12,747.8,752.1,744.6,749.3,7118,Gold,741.0,721.8933333333333,0.0025421461065024964,0.008240251868042772
2007-10-15,747.3,759.8,747.3,758.8,6462,Gold,744.1428571428571,724.7766666666666,0.01267849993327097,0.008096626308264196
2007-10-16,758.4,766.7,753.3,760.5,9920,Gold,746.7571428571429,727.4133333333334,0.002240379546652571,0.008000946262228793
2007-10-17,761.4,764.6,751.3,754.6,10229,Gold,749.8571428571429,729.8666666666667,-0.007758053911899987,0.006461222392659433
2007-10-18,755.7,768.7,754.8,767.3,8506,Gold,754.0857142857142,732.27,0.016830108666843202,0.008056982308227082
2007-10-19,767.5,771.4,757.9,764.8,7347,Gold,757.5285714285714,734.4233333333334,-0.003258178026847358,0.008745218942050142
2007-10-22,766.4,768.2,745.0,753.8,9739,Gold,758.4428571428571,736.1233333333333,-0.014382845188284477,0.010968534999375274
2007-10-23,753.8,760.8,752.4,759.2,5727,Gold,759.8571428571429,737.6933333333333,0.007163703900239016,0.011194611629305497
2007-10-24,758.6,763.7,753.7,763.3,6097,Gold,760.5,739.4133333333334,0.0054004214963117025,0.010334971900501677
2007-10-25,763.3,769.1,761.4,768.7,5424,Gold,761.6714285714286,741.44,0.007074544739945177,0.010598339779142233
2007-10-26,768.6,785.5,768.5,784.7,8032,Gold,765.9714285714284,744.03,0.020814361909717638,0.011832194276893852
2007-10-29,788.4,793.9,784.4,791.8,8837,Gold,769.4714285714286,746.5200000000001,0.009048043838409514,0.010940064855322082
2007-10-30,790.0,790.0,778.8,779.3,7896,Gold,771.5428571428572,748.3700000000001,-0.01578681485223543,0.013218299644862354
2007-10-31,777.7,797.0,776.5,796.1,9911,Gold,777.5857142857143,750.86,0.02155780828949072,0.012404105253836348
2007-11-01,797.9,798.9,783.5,788.4,10359,Gold,781.7571428571429,752.67,-0.009672151739731238,0.014087717484771002
2007-11-02,790.0,807.6,787.6,806.3,9872,Gold,787.9,755.1866666666666,0.022704211060375457,0.015515038801253177
2007-11-05,804.2,811.3,800.6,806.0,8483,Gold,793.2285714285715,757.7233333333334,-0.0003720699491503998,0.015838027903876672
2007-11-06,806.9,824.7,805.8,823.9,9536,Gold,798.8285714285714,760.8166666666667,0.022208436724565628,0.016049519895948154
2007-11-07,824.3,845.4,822.2,829.1,17349,Gold,804.157142857143,764.1933333333333,0.006311445563782048,0.016027423485841075
2007-11-08,823.8,845.3,823.3,832.9,15900,Gold,811.8142857142857,767.4866666666668,0.004583283078036349,0.012783584289053983
2007-11-09,834.7,838.2,826.4,831.6,13024,Gold,816.8857142857144,770.4433333333333,-0.0015608116220433566,0.012155525212721431
2007-11-12,829.1,831.2,791.2,793.4,15204,Gold,817.6,771.9866666666668,-0.04593554593554594,0.022997035300175418
2007-11-13,790.5,808.8,790.5,801.1,14724,Gold,816.8571428571429,774.3199999999999,0.009705066801109163,0.021436863973271193
2007-11-14,802.7,815.6,800.4,812.2,10629,Gold,817.7428571428571,777.16,0.01385594807140178,0.022138709034977243
2007-11-15,812.2,817.8,782.2,787.6,13904,Gold,812.5571428571428,778.8533333333332,-0.030288106377739488,0.022762174360361227
2007-11-16,786.3,797.2,783.4,785.7,11454,Gold,806.3571428571429,780.3033333333333,-0.002412392077196568,0.022195399927320152
2007-11-19,790.0,793.8,774.7,780.9,6066,Gold,798.9285714285714,781.9033333333334,-0.006109201985490698,0.02159003412791562
2007-11-20,778.9,805.4,772.5,802.0,9655,Gold,794.6999999999999,784.0466666666667,0.027020105007043105,0.02556073280413062
2007-11-21,801.9,806.9,794.1,799.3,7763,Gold,795.5428571428572,786.0,-0.003366583541147161,0.018156795517516502
2007-11-22,799.1,805.2,799.1,803.7,1329,Gold,795.9142857142857,787.8766666666667,0.005504816714625438,0.017896443453728615
2007-11-23,803.1,825.2,802.4,823.3,6035,Gold,797.5,790.3433333333334,0.024387209157645806,0.019561652830357067
2007-11-26,824.8,836.6,820.7,823.0,12418,Gold,802.5571428571428,792.4833333333333,-0.0003643872221547051,0.013691898069695113
2007-11-27,823.8,828.8,807.2,812.6,11501,Gold,806.3999999999999,794.2199999999999,-0.012636695018225952,0.015243588447781124
2007-11-28,814.4,815.0,791.0,804.8,12636,Gold,809.8142857142857,795.8933333333333,-0.009598818606940784,0.015714167572809627
2007-11-29,804.0,807.7,792.0,792.9,11061,Gold,808.5142857142857,796.7466666666667,-0.014786282306162968,0.013479072367857657
2007-11-30,794.8,799.2,778.7,782.7,11041,Gold,806.1428571428571,797.3433333333334,-0.012864169504350986,0.014153370360427837
2007-12-03,784.6,794.5,776.8,794.3,9876,Gold,804.8000000000001,798.6933333333333,0.014820493164686255,0.01545444989442649
2007-12-04,790.0,805.0,786.2,800.6,9532,Gold,801.5571428571428,800.0733333333333,0.00793151202316511,0.011623326612615392
2007-12-05,802.1,806.5,790.8,794.8,10814,Gold,797.5285714285714,801.1233333333333,-0.007244566575068778,0.011562465011104011
2007-12-06,793.5,805.3,784.7,800.8,10636,Gold,795.8428571428573,802.1933333333333,0.007549068948162985,0.011828708353993444
2007-12-07,802.6,805.0,790.9,794.4,9534,Gold,794.3571428571429,802.5166666666667,-0.007992007992007943,0.01167184521559147
2007-12-10,795.2,811.8,793.9,808.2,7391,Gold,796.5428571428571,803.0633333333333,0.017371601208459264,0.012030771221538786
2007-12-11,806.9,813.2,795.5,796.1,8822,Gold,798.4571428571428,803.6233333333333,-0.014971541697599622,0.012504978300127192
2007-12-12,801.4,816.9,800.6,813.0,10567,Gold,801.1285714285714,804.1866666666667,0.021228488883306085,0.013732003170952994
2007-12-13,811.3,812.1,792.0,796.0,9942,Gold,800.4714285714286,804.44,-0.02091020910209107,0.01624613819043453
2007-12-14,799.8,803.1,787.4,794.4,10064,Gold,800.4142857142857,804.0433333333333,-0.0020100502512563345,0.016014035777984548
2007-12-17,795.1,798.5,784.8,793.5,7780,Gold,799.3714285714285,803.6266666666667,-0.0011329305135950873,0.015667807766776152
2007-12-18,795.8,806.2,790.0,801.8,8134,Gold,800.4285714285714,802.8899999999999,0.010459987397605452,0.015885808462855006
2007-12-19,799.8,804.3,797.5,802.3,6856,Gold,799.5857142857143,801.9966666666667,0.000623596906959234,0.014263704386795308
2007-12-20,802.3,802.3,793.1,795.7,5698,Gold,799.5285714285714,800.7566666666665,-0.008226349245917919,0.013358407456790691
2007-12-21,797.2,812.0,796.4,811.2,6050,Gold,799.2714285714285,800.0766666666666,0.019479703405806292,0.01290395137156236
2007-12-24,810.4,815.2,807.9,812.4,3482,Gold,801.6142857142858,800.7099999999999,0.0014792899408282434,0.009159596699260272
2007-12-26,812.4,824.8,812.3,822.9,1728,Gold,805.6857142857143,801.4366666666666,0.01292466765140321,0.009542172025130205
2007-12-28,823.7,839.4,823.6,839.1,3454,Gold,812.2,802.3333333333334,0.019686474662778064,0.010479030407374587
2007-12-31,841.1,841.8,828.5,831.8,1620,Gold,816.4857142857143,803.8066666666667,-0.008699797401978349,0.012121531868325174
2008-01-02,841.0,861.0,839.5,857.2,7298,Gold,824.3285714285714,806.19,0.030536186583313363,0.015095970887764125
2008-01-03,856.2,869.0,853.0,863.5,11609,Gold,834.0142857142857,808.9433333333333,0.007349510032664375,0.01303869896685515
2008-01-04,864.2,868.5,853.9,859.2,10650,Gold,840.8714285714286,810.85,-0.004979733642153983,0.01389395421622144
2008-01-07,861.5,864.7,854.8,857.2,9230,Gold,847.2714285714285,812.78,-0.002327746741154546,0.014275982382660982
2008-01-08,857.2,880.6,857.0,877.9,10093,Gold,855.1285714285715,815.2533333333333,0.024148390107326057,0.015525182978661622
2008-01-09,882.9,891.1,871.6,878.4,13977,Gold,860.7428571428571,817.09,0.000569540949994396,0.01508681254662179
2008-01-10,879.6,894.8,865.8,894.3,14348,Gold,869.6714285714286,819.4666666666667,0.018101092896174897,0.01389373524346737
2008-01-11,894.2,897.8,886.9,894.9,12959,Gold,875.0571428571428,822.2099999999999,0.0006709158000670623,0.010993038364413604
2008-01-14,896.9,914.0,891.0,904.4,12685,Gold,880.8999999999999,825.5300000000001,0.010615711252653925,0.011117638564379998
2008-01-15,904.9,913.8,887.0,887.7,12351,Gold,884.9714285714286,828.69,-0.018465280849181753,0.014213339732760955
2008-01-16,892.3,899.3,874.3,875.5,16159,Gold,887.5857142857143,831.7833333333333,-0.013743381773121621,0.015735376317115267
2008-01-17,877.6,890.0,875.5,877.2,13800,Gold,887.4857142857143,834.5466666666667,0.001941747572815622,0.01274572620803735
2008-01-18,879.6,888.1,869.8,882.7,12888,Gold,888.1,837.2833333333333,0.006269949840401301,0.012971580147283435
2008-01-21,881.9,882.7,860.6,863.7,6997,Gold,883.7285714285715,839.5799999999999,-0.021524866885691663,0.012792950745848214
2008-01-22,860.9,894.2,849.6,891.0,13645,Gold,883.1714285714287,842.5866666666666,0.03160819729072584,0.018914136656423868
2008-01-23,889.2,895.4,876.1,890.4,16295,Gold,881.1714285714287,845.7866666666667,-0.0006734006734007147,0.018281976192044164
2008-01-24,891.6,913.2,888.8,912.4,10570,Gold,884.6999999999999,849.26,0.024707996406109656,0.019098694332352964
2008-01-25,913.1,923.3,905.7,913.5,12453,Gold,890.1285714285714,853.1733333333333,0.0012056115738712236,0.017545717478423133
2008-01-28,916.3,929.1,914.1,928.3,10311,Gold,897.4285714285714,857.0166666666667,0.016201423097974788,0.01779236564790424
2008-01-29,926.4,932.9,919.5,923.1,9511,Gold,903.2,861.2533333333333,-0.005601637401701942,0.01856239806636391
2008-01-30,922.7,936.7,915.5,927.1,10209,Gold,912.2571428571429,865.6766666666666,0.004333225002708163,0.014071423917814319
2008-01-31,925.8,928.3,918.0,924.5,12310,Gold,917.0428571428571,870.0433333333333,-0.0028044439650523056,0.011055985756137298
2008-02-01,923.9,936.5,903.5,905.0,12582,Gold,919.1285714285714,873.4833333333333,-0.02109248242293127,0.014923671762123348
2008-02-04,909.7,912.5,891.8,903.3,8094,Gold,917.8285714285714,876.85,-0.001878453038674066,0.011233242109797502
2008-02-05,905.1,906.3,883.9,887.9,9892,Gold,914.1714285714286,879.9233333333334,-0.017048599579320256,0.01257280729938142
2008-02-06,887.1,907.1,885.6,900.7,9887,Gold,910.2285714285715,882.9066666666666,0.014416037842099438,0.01210444891768939
2008-02-07,898.6,911.3,895.8,911.1,10420,Gold,908.5142857142856,886.1966666666666,0.01154657488619959,0.013443966338615073
2008-02-08,909.6,922.4,907.1,922.1,9773,Gold,907.8000000000001,889.5033333333334,0.012073317967292274,0.01432117628704164
2008-02-11,922.9,926.7,915.6,922.4,9686,Gold,907.5,892.28,0.0003253443227415609,0.014292770376443085
2008-02-12,921.9,924.5,902.4,905.9,9952,Gold,907.6285714285715,894.75,-0.017888117953165694,0.013545251322854734
2008-02-13,906.6,910.4,895.8,904.7,10947,Gold,907.8285714285714,896.3333333333334,-0.0013246495198144803,0.013532557392125498
2008-02-14,906.6,913.6,901.3,907.1,9118,Gold,910.5714285714286,897.7866666666666,0.0026528130872112143,0.011164628799566782
2008-02-15,908.5,915.1,897.3,902.0,8352,Gold,910.7571428571428,899.2133333333333,-0.005622312865174783,0.010320994120098721
2008-02-18,904.0,907.2,899.9,905.2,3911,Gold,909.9142857142858,900.8133333333334,0.0035476718403548713,0.009249223793174912
2008-02-19,906.4,930.3,905.5,927.0,9021,Gold,910.6142857142858,902.45,0.024083075563411382,0.01257186804544431
2008-02-20,927.5,945.3,912.9,943.7,12358,Gold,913.657142857143,904.6266666666667,0.018015102481121925,0.014135435207122845
2008-02-21,940.7,953.4,937.5,945.5,11768,Gold,919.3142857142857,906.3333333333334,0.0019073858217653061,0.010753523063049488
2008-02-22,942.8,949.6,935.3,944.7,9482,Gold,925.0285714285714,907.9933333333335,-0.0008461131676361644,0.010699248123754156
2008-02-25,946.5,951.7,932.7,938.0,7823,Gold,929.4428571428572,909.1133333333333,-0.007092198581560294,0.01182030065426479
2008-02-26,937.5,949.9,926.0,948.0,9820,Gold,936.0142857142857,911.1233333333333,0.010660980810234477,0.010987409564328013
2008-02-27,949.8,964.7,948.9,958.4,10159,Gold,943.6142857142858,913.8866666666667,0.010970464135021007,0.01093623924185403
2008-02-28,958.5,972.0,952.8,969.4,9811,Gold,949.6714285714286,916.9599999999999,0.011477462437395669,0.008702999673591637
2008-02-29,968.8,975.8,964.1,973.5,10049,Gold,953.9285714285714,919.9866666666668,0.004229420259954653,0.007050521602492732
2008-03-03,976.1,989.1,975.2,983.2,8844,Gold,959.3142857142857,923.97,0.009964047252182917,0.0072176151219526885
2008-03-04,985.2,987.6,956.1,964.4,10835,Gold,962.1285714285715,926.4166666666666,-0.019121236777868256,0.011798984292047145
2008-03-05,967.2,992.5,958.7,988.8,11382,Gold,969.3857142857142,929.6966666666666,0.025300705101617638,0.013416668626777642
2008-03-06,986.4,991.8,964.7,974.6,12578,Gold,973.1857142857143,931.7700000000001,-0.014360841423948112,0.01562862865850406
2008-03-07,978.0,988.4,969.2,972.5,11054,Gold,975.1999999999999,933.7366666666668,-0.0021547301457007784,0.015448476386846408
2008-03-10,973.6,980.3,960.6,972.7,10645,Gold,975.6714285714286,935.2166666666667,0.00020565552699225442,0.01489674587659357
2008-03-11,973.8,985.0,964.6,973.4,8556,Gold,975.657142857143,936.8933333333333,0.0007196463452245894,0.01481228487778061
2008-03-12,972.4,983.7,967.8,982.0,9673,Gold,975.4857142857144,938.7233333333334,0.00883501130059594,0.014692369054880043
2008-03-13,983.1,999.2,981.1,993.6,11409,Gold,979.6571428571427,941.0266666666668,0.011812627291242439,0.012499994195605501
2008-03-14,995.1,1006.7,990.2,1002.5,7472,Gold,981.6142857142858,944.2766666666668,0.008957326892109485,0.008955513131769302
2008-03-17,1017.0,1032.2,993.7,1004.1,10856,Gold,985.8285714285714,947.6366666666667,0.0015960099750622625,0.00543525413693663
2008-03-18,1002.2,1011.7,976.2,983.0,8115,Gold,987.3285714285714,950.8066666666667,-0.021013843242704944,0.010991492539697419
2008-03-19,984.8,996.8,937.4,942.7,8818,Gold,983.0428571428572,952.2066666666667,-0.04099694811800603,0.01955283578233878
2008-03-20,938.8,939.1,904.4,909.6,10368,Gold,973.9285714285714,952.1566666666666,-0.03511191259149249,0.022489789154354033
2008-03-21,911.4,917.6,909.5,917.6,60,Gold,964.7285714285714,952.0066666666667,0.008795074758135346,0.022484391581504365
2008-03-24,914.0,926.5,906.1,912.5,7689,Gold,953.1428571428571,951.6766666666667,-0.005557977332170894,0.02063235730159234
2008-03-25,917.1,940.7,916.1,938.9,6771,Gold,944.0571428571429,952.7766666666666,0.028931506849315003,0.024931698779324742
2008-03-26,938.0,954.7,934.3,954.5,7323,Gold,936.9714285714286,954.4366666666666,0.016615187985941082,0.026591701661169656
2008-03-27,952.1,954.6,940.0,949.1,7416,Gold,932.1285714285714,955.8366666666667,-0.005657412257726535,0.02585709830388314
2008-03-28,949.7,949.7,922.9,931.2,7593,Gold,930.4857142857144,956.8100000000001,-0.01885997260562633,0.021699035037651148
2008-03-31,928.2,940.5,912.1,915.8,8165,Gold,931.3714285714285,957.1633333333334,-0.016537800687285276,0.017673009989094986
2008-04-01,915.4,920.5,871.8,883.3,10500,Gold,926.4714285714286,955.7066666666667,-0.03548809783795592,0.021884947620524474
2008-04-02,885.3,905.7,880.8,903.4,10215,Gold,925.1714285714287,954.3633333333333,0.02275557568210118,0.024296157319604442
2008-04-03,902.5,908.6,887.7,902.8,8884,Gold,920.0142857142856,952.94,-0.0006641576267434335,0.020454886596795237
2008-04-04,904.4,914.3,899.0,913.4,6123,Gold,914.1428571428571,951.8966666666666,0.011741249446167501,0.019647406777485325
2008-04-07,915.5,929.0,910.4,919.9,7244,Gold,909.9714285714286,951.2933333333333,0.00711626888548289,0.02027858731268854
2008-04-08,920.3,925.4,907.9,914.46,6666,Gold,907.5799999999999,950.1753333333332,-0.0059136862702466875,0.019293310030739
2008-04-09,916.6,935.2,902.7,933.8,7483,Gold,910.1514285714286,949.3553333333333,0.02114909345406013,0.019946703250681718
2008-04-10,932.7,939.3,921.8,928.5,7442,Gold,916.6085714285715,947.992,-0.005675733561790519,0.011949753643126343
2008-04-11,928.1,931.7,917.0,924.7,6314,Gold,919.6514285714286,946.3653333333333,-0.004092622509423771,0.01032944894101941
2008-04-14,920.1,931.2,914.0,923.6,6668,Gold,922.6228571428572,944.3786666666667,-0.0011895749972964387,0.010365580233702935
2008-04-15,923.8,935.9,923.1,927.5,5787,Gold,924.6371428571429,943.1486666666667,0.004222607189259486,0.009714829696294964
2008-04-16,926.6,948.6,924.1,944.6,5940,Gold,928.1657142857142,941.6753333333334,0.018436657681940805,0.011450762460931222
2008-04-17,944.2,952.4,937.1,938.5,5817,Gold,931.6,940.472,-0.006457759898369719,0.011529641227679906
2008-04-18,941.8,946.2,904.4,916.2,5943,Gold,929.0857142857143,938.5953333333333,-0.02376132125732544,0.012684870898845475
2008-04-21,917.6,928.4,910.8,916.2,6319,Gold,927.3285714285714,936.712,0.0,0.012640205955243396
2008-04-22,914.9,925.1,911.3,915.4,6227,Gold,926.0,934.7786666666667,-0.0008731717965509977,0.01260286774310608
2008-04-23,916.7,922.4,896.6,903.7,6366,Gold,923.1571428571427,932.1686666666667,-0.012781297793314272,0.01331587733997536
2008-04-24,904.3,906.4,882.8,887.8,6446,Gold,917.4857142857143,928.6419999999999,-0.017594334403009948,0.013876667193824249
2008-04-25,887.6,896.1,877.5,885.8,6659,Gold,909.0857142857143,924.752,-0.002252759630547385,0.009174391771282053
2008-04-28,887.1,895.4,886.9,893.2,6008,Gold,902.6142857142858,921.0553333333334,0.008354030255136813,0.011338904923329897
2008-04-29,892.3,892.6,868.5,870.6,6610,Gold,896.1000000000001,917.3086666666667,-0.025302283922973623,0.01172715652518054
2008-04-30,872.4,878.3,862.2,876.7,8424,Gold,890.4571428571428,915.1086666666666,0.007006662072134295,0.012703233493555888
2008-05-01,875.3,881.4,847.0,852.2,8873,Gold,881.4285714285714,913.1953333333333,-0.027945705486483452,0.014763109965775593
2008-05-02,853.2,858.8,844.9,855.9,7195,Gold,874.6000000000001,911.1386666666666,0.004341703825393006,0.015632673753120177
2008-05-05,861.6,874.0,860.2,873.7,5275,Gold,872.5857142857143,909.8453333333333,0.020796822058651854,0.018093898001723015
2008-05-06,873.2,882.4,871.2,875.4,5658,Gold,871.1,907.7286666666666,0.001945747968410183,0.01815912584847432
2008-05-07,875.6,880.7,863.4,867.9,6599,Gold,867.4857142857144,904.8420000000001,-0.008567511994516774,0.017743545189984642
2008-05-08,867.4,885.1,865.2,882.6,6812,Gold,869.1999999999999,902.6253333333333,0.016937435188385752,0.016408231418243054
2008-05-09,882.7,889.3,870.4,884.3,6316,Gold,870.2857142857143,901.0619999999999,0.0019261273510082777,0.016265400519679937
2008-05-12,885.1,889.4,877.5,882.4,6764,Gold,874.6,899.9486666666667,-0.0021485921067511127,0.010379663833991977
2008-05-13,882.4,885.2,860.5,866.1,7651,Gold,876.0571428571428,899.3753333333333,-0.018472348141432393,0.013687575741654955
2008-05-14,865.9,870.6,859.6,864.5,7369,Gold,874.7428571428571,898.0786666666667,-0.0018473617365200035,0.010817358868751677
2008-05-15,864.7,887.2,861.9,881.2,6590,Gold,875.5714285714286,897.3586666666666,0.019317524580682477,0.013410934426429343
2008-05-16,882.5,904.4,879.8,902.1,6640,Gold,880.4571428571428,896.9820000000001,0.02371765773944623,0.015019038000245063
2008-05-19,905.1,913.5,900.5,904.7,5912,Gold,883.6142857142858,896.4753333333333,0.0028821638399290084,0.014171462523077737
2008-05-20,905.5,923.1,902.5,919.0,5728,Gold,888.5714285714286,896.6266666666667,0.015806344644633485,0.014849003839891073
2008-05-21,919.0,932.3,916.0,931.0,5791,Gold,895.5142857142857,896.5333333333333,0.013057671381936808,0.014635915338903998
2008-05-22,934.2,934.9,917.0,920.9,7097,Gold,903.342857142857,896.2800000000001,-0.010848549946294361,0.012481923011184786
2008-05-23,921.1,928.8,914.7,924.5,5449,Gold,911.9142857142857,896.2733333333333,0.003909219242045792,0.011830830952263135
2008-05-26,923.9,928.8,923.2,928.6,1705,Gold,918.6857142857143,896.4399999999999,0.004434829637641968,0.011129151101178044
2008-05-27,927.9,930.5,904.0,905.0,6341,Gold,919.1,895.6899999999999,-0.025414602627611527,0.014289276831109528
2008-05-28,906.3,909.5,889.0,900.7,6445,Gold,918.5285714285714,894.2266666666667,-0.004751381215469586,0.014372379886275481
2008-05-29,902.5,902.9,873.2,876.9,7756,Gold,912.5142857142857,892.1733333333334,-0.026423892528033788,0.015204576855620613
2008-05-30,878.3,888.8,870.4,886.3,6293,Gold,906.1285714285714,891.1766666666666,0.010719580339833445,0.014719300792517317
2008-06-02,886.8,897.0,880.8,890.0,6328,Gold,901.7142857142857,890.3033333333333,0.004174658693444799,0.01513870628942337
2008-06-03,891.2,896.4,875.0,878.8,6466,Gold,895.1857142857143,889.0833333333334,-0.012584269662921366,0.014844389377284075
2008-06-04,881.2,886.3,875.7,878.1,6768,Gold,887.9714285714286,888.23,-0.0007965407373690114,0.014286883441556314
2008-06-05,877.5,879.4,864.6,877.9,5976,Gold,884.1,887.9,-0.0002277644915158472,0.01214192549524565
2008-06-06,877.4,901.9,877.3,901.8,7456,Gold,884.2571428571429,888.4333333333333,0.027224057409727775,0.016981054377880233
2008-06-09,903.4,908.8,890.8,892.3,8912,Gold,886.4571428571428,888.4033333333334,-0.010534486582390756,0.013523767011864786
2008-06-10,892.7,894.6,863.8,866.7,7882,Gold,883.6571428571427,888.2733333333332,-0.02868990249915937,0.017253409135655727
2008-06-11,868.4,882.5,867.0,880.0,6750,Gold,882.2285714285715,888.3833333333333,0.015345563632167991,0.018505511363866873
2008-06-12,880.8,881.9,857.1,868.8,6791,Gold,880.8000000000001,888.9366666666667,-0.01272727272727281,0.018519904030931074
2008-06-16,872.0,894.3,866.3,881.7,6342,Gold,881.3142857142857,889.7966666666666,0.014848066298342566,0.01953331362610572
2008-06-17,882.5,888.2,873.8,882.1,6982,Gold,881.9142857142858,890.0766666666666,0.00045366904842913947,0.01952933599099226
2008-06-18,881.8,895.4,880.0,893.7,6778,Gold,880.7571428571429,890.6866666666667,0.013150436458451376,0.016909871382678025
2008-06-19,895.0,908.3,886.5,898.1,7101,Gold,881.5857142857143,891.6933333333333,0.0049233523553764424,0.016486375919314736
2008-06-20,898.0,907.4,895.6,901.6,6796,Gold,886.5714285714286,892.3266666666666,0.0038971161340608518,0.010026422981885887
2008-06-23,903.6,907.1,875.8,883.4,6448,Gold,887.0571428571428,892.2966666666667,-0.02018633540372672,0.012908582006478
2008-06-24,883.0,893.7,882.5,889.4,5737,Gold,890.0,892.5300000000001,0.006791940230925997,0.011584453862254441
2008-06-25,888.6,890.3,873.2,885.8,7430,Gold,890.5857142857143,893.1866666666667,-0.004047672588261775,0.010638158272206056
2008-06-26,885.9,917.8,884.5,916.5,7171,Gold,895.5,894.9200000000001,0.03465793632874248,0.016654147613235797
2008-06-27,914.8,930.4,910.0,927.3,7686,Gold,900.3,896.4566666666667,0.011783960720130882,0.016558603811215985
2008-06-30,929.3,934.9,918.2,924.6,7472,Gold,904.0857142857143,897.2066666666666,-0.002911679068262618,0.01685851289066539
2008-07-01,925.4,945.6,921.7,939.3,7949,Gold,909.4714285714286,898.3600000000001,0.01589876703439308,0.01741379797768965
2008-07-02,939.6,945.3,931.4,944.8,7045,Gold,918.242857142857,899.22,0.0058554242521027255,0.013146319828780778
2008-07-03,943.4,946.2,927.5,933.5,8013,Gold,924.5428571428571,899.3033333333334,-0.011960203217612153,0.01553553273274324
2008-07-04,933.8,936.0,928.7,933.6,2515,Gold,931.3714285714285,899.7266666666667,0.00010712372790577795,0.015115020240948303
2008-07-07,932.0,932.1,914.7,926.0,9163,Gold,932.7285714285714,899.7766666666666,-0.008140531276778051,0.01022718166882693
2008-07-08,924.3,932.8,912.4,919.6,8339,Gold,931.6285714285715,899.4766666666668,-0.006911447084233191,0.009516149174860385
2008-07-09,917.2,928.5,915.7,928.0,7281,Gold,932.1142857142858,900.2433333333335,0.009134406263592743,0.010208832039961755
2008-07-10,927.8,947.4,925.2,946.6,7939,Gold,933.1571428571427,901.7733333333333,0.02004310344827598,0.01130712291817384
2008-07-11,945.6,967.4,941.3,963.7,9682,Gold,935.8571428571429,904.6666666666666,0.018064652440312745,0.012971146997328839
2008-07-14,963.7,974.9,953.7,972.2,8959,Gold,941.3857142857142,907.5300000000001,0.008820172252775649,0.011268076479932474
2008-07-15,970.8,988.0,968.0,977.0,10055,Gold,947.5857142857143,910.4300000000001,0.00493725570870196,0.011000801100175655
2008-07-16,977.5,980.9,957.3,960.0,9609,Gold,952.4428571428572,913.1366666666668,-0.017400204708290734,0.013366100129296968
2008-07-17,961.4,978.4,952.7,958.1,10515,Gold,957.9428571428572,915.8033333333333,-0.001979166666666643,0.01273373451904199
2008-07-18,959.0,964.3,949.5,954.5,8204,Gold,961.7285714285715,918.3566666666667,-0.003757436593257557,0.013122051117667849
2008-07-21,956.1,968.0,955.7,966.3,6228,Gold,964.5428571428572,920.5066666666667,0.01236249345206919,0.011824060764157027
2008-07-22,967.0,975.7,943.3,945.7,7546,Gold,961.9714285714284,922.2866666666666,-0.021318431129048854,0.012794888101638624
2008-07-23,947.0,948.7,917.6,920.2,8866,Gold,954.5428571428572,924.07,-0.026964153537062496,0.014497884748074277
2008-07-24,921.2,930.8,916.5,927.0,6209,Gold,947.4,925.6366666666668,0.007389697891762692,0.014879658469083458
2008-07-25,928.2,934.8,918.4,929.1,7612,Gold,942.9857142857143,927.6466666666666,0.0022653721682848182,0.014524959759662046
2008-07-28,928.1,932.5,922.4,930.4,6874,Gold,939.0285714285714,929.2700000000001,0.0013992035302980987,0.014680749563034109
2008-07-29,931.4,932.9,913.9,917.3,6897,Gold,933.7142857142857,930.4433333333333,-0.014079965606190958,0.015152739409237807
2008-07-30,918.9,919.3,893.6,905.8,7187,Gold,925.0714285714286,930.8466666666666,-0.012536792761364879,0.013015002447056107
2008-07-31,907.4,925.1,906.6,913.3,7300,Gold,920.4428571428571,931.3533333333332,0.008279973504084825,0.0131984199585012
2008-08-01,913.7,916.7,901.7,910.3,6841,Gold,919.0285714285714,931.6433333333334,-0.003284791415745114,0.008949014670510225
2008-08-04,912.7,915.1,893.6,894.7,8815,Gold,914.4142857142857,932.02,-0.01713720751400627,0.009657420585722805
2008-08-05,894.7,895.3,872.3,873.7,8584,Gold,906.5,931.4966666666666,-0.023471554711076315,0.011200353614257252
2008-08-06,873.5,886.0,872.5,879.1,7225,Gold,899.1714285714286,931.2733333333333,0.006180611193773666,0.012033052719639021
2008-08-07,879.6,884.5,867.5,872.8,8739,Gold,892.8142857142857,929.8166666666667,-0.007166420202479928,0.011731475381360214
2008-08-08,873.3,873.4,850.5,856.2,9447,Gold,885.7285714285715,927.4466666666667,-0.019019248395966915,0.012472075095840543
2008-08-11,861.3,865.6,818.1,822.6,9343,Gold,872.7714285714285,924.0466666666667,-0.03924316748423273,0.01487142962088969
2008-08-12,825.6,826.6,801.8,811.3,13202,Gold,858.6285714285714,919.78,-0.013736931680038977,0.01403120480635709
2008-08-13,815.0,829.4,804.9,826.1,10073,Gold,848.8285714285714,915.8233333333334,0.018242327129298852,0.019104048793172484
2008-08-14,826.4,836.3,804.4,806.0,9178,Gold,839.157142857143,911.5733333333334,-0.024331194770608966,0.01919880779061742
2008-08-15,804.9,804.9,772.6,787.1,11347,Gold,826.0142857142857,906.69,-0.02344913151364758,0.017927620566379258
2008-08-18,793.1,803.7,789.3,799.5,9202,Gold,815.5428571428571,902.4733333333334,0.015754033794943334,0.02145556787975753
2008-08-19,794.3,816.4,781.9,813.6,8817,Gold,809.4571428571428,898.9399999999999,0.01763602251407126,0.023867009076888195
2008-08-20,814.2,818.0,799.7,813.1,10182,Gold,808.1000000000001,895.11,-0.0006145526057030892,0.01917986297820512
2008-08-21,813.9,838.8,811.3,835.9,8666,Gold,811.6142857142858,891.42,0.0280408313860534,0.021137541779055587
2008-08-22,832.2,837.7,820.9,822.7,6181,Gold,811.1285714285714,886.7199999999999,-0.015791362603182146,0.02135429755122257
2008-08-25,822.1,825.7,815.8,821.1,8712,Gold,813.2857142857143,881.6833333333333,-0.001944815850249193,0.018680837341881824
2008-08-26,821.9,830.2,806.6,824.1,7816,Gold,818.5714285714286,876.5866666666666,0.003653635367190322,0.014721732825564255
2008-08-27,822.6,834.6,822.1,826.4,8990,Gold,822.4142857142857,872.1333333333333,0.0027909234316223497,0.014195423152722327
2008-08-28,828.3,843.7,825.0,833.7,8269,Gold,825.2857142857143,867.9866666666666,0.008833494675701825,0.013228289686276571
2008-08-29,833.0,838.4,829.1,830.7,7272,Gold,827.8000000000001,863.86,-0.003598416696653506,0.013431995758095472
2008-09-01,833.8,835.1,815.4,817.6,3800,Gold,825.1857142857143,858.9033333333334,-0.015769832671241102,0.00953850789776834
2008-09-02,816.1,819.6,790.4,804.5,9526,Gold,822.5857142857143,854.1966666666667,-0.016022504892367895,0.009589953660159663
2008-09-03,803.6,808.0,789.1,802.3,9640,Gold,819.9,850.2666666666667,-0.002734617775015602,0.009578035046877586
2008-09-04,801.3,814.4,793.0,793.0,8820,Gold,815.4571428571428,845.8,-0.01159167393742988,0.009475663522112833
2008-09-05,792.9,818.8,790.2,803.3,9241,Gold,812.157142857143,841.6066666666667,0.012988650693568582,0.011516486873819587
2008-09-08,812.3,817.8,796.6,801.8,7560,Gold,807.6,837.3199999999999,-0.001867297398232326,0.010161937529175272
2008-09-09,802.8,804.6,775.6,775.8,10010,Gold,799.7571428571429,832.6033333333332,-0.03242703916188572,0.014268403326056722
2008-09-10,777.1,783.4,751.3,752.1,11622,Gold,790.4,827.48,-0.03054911059551424,0.016279697636116384
2008-09-11,754.6,757.7,735.9,747.3,10297,Gold,782.2285714285715,821.9466666666667,-0.0063821300358996025,0.016265129101283235
2008-09-12,748.9,766.2,745.9,764.9,8534,Gold,776.8857142857142,817.1,0.023551451893483177,0.020739587898228194
2008-09-15,778.6,787.3,764.2,787.3,9478,Gold,776.0714285714286,813.5200000000001,0.029284873839717562,0.024514596121696187
2008-09-16,783.6,789.5,771.9,778.0,9397,Gold,772.4571428571428,810.33,-0.011812523815572185,0.02398083646110422
2008-09-17,778.5,868.1,777.0,863.5,10531,Gold,781.2714285714286,809.81,0.10989717223650386,0.049504777910357074
2008-09-18,867.0,909.7,835.9,851.7,12753,Gold,792.1142857142858,809.1066666666667,-0.013665315576143588,0.04717355182425598
2008-09-19,852.7,877.1,824.1,872.8,12019,Gold,809.3571428571429,809.66,0.024773981448866778,0.042836011528063205
2008-09-22,878.5,908.4,861.7,897.6,11444,Gold,830.8285714285714,812.16,0.028414298808432603,0.04093855505821917
2008-09-23,904.3,909.3,880.2,891.3,11808,Gold,848.8857142857142,814.8266666666666,-0.007018716577540163,0.04297340097915779
2008-09-24,886.4,900.6,875.0,881.0,8981,Gold,862.2714285714285,816.6566666666665,-0.011556153932458124,0.04469056806287375
2008-09-25,881.4,897.1,863.4,876.3,12207,Gold,876.3142857142857,819.0,-0.0053348467650398135,0.04405698992343604
2008-09-26,876.4,911.2,865.6,877.8,10961,Gold,878.3571428571429,822.0233333333333,0.001711742553919926,0.017220055104349208
2008-09-29,871.5,923.9,866.8,905.7,16437,Gold,886.0714285714286,825.5633333333334,0.03178400546821614,0.018630612761924667
2008-09-30,907.9,914.4,856.7,870.9,14682,Gold,885.8,827.4733333333334,-0.038423318979794674,0.024180291528701006
2008-10-01,872.4,893.1,864.4,869.9,13326,Gold,881.842857142857,829.3666666666667,-0.0011482374555058517,0.020710879709280032
2008-10-02,871.1,876.0,829.7,835.8,13161,Gold,873.9142857142857,829.3633333333333,-0.039199908035406406,0.024621673811208507
2008-10-03,834.0,847.1,819.0,835.3,11381,Gold,867.3857142857142,829.7833333333333,-0.0005982292414453694,0.024771132911770903
2008-10-06,829.0,875.8,825.4,858.6,10465,Gold,864.8571428571429,831.0333333333333,0.02789416975936798,0.02816533498353732
2008-10-07,860.6,891.1,859.1,888.0,9706,Gold,866.3142857142858,833.1633333333334,0.03424178895877006,0.03147809831574919
2008-10-08,885.4,920.9,877.5,908.1,9353,Gold,866.6571428571427,835.8866666666667,0.022635135135135265,0.030203274779264783
2008-10-09,905.7,924.2,881.2,913.0,9540,Gold,872.6714285714286,838.5300000000001,0.0053958815108468006,0.024779909382583374
2008-10-10,915.9,931.1,826.6,849.6,17232,Gold,869.7714285714285,839.16,-0.06944140197152238,0.038295305574986414
2008-10-13,862.5,871.9,822.6,831.6,10799,Gold,869.1714285714287,839.6266666666667,-0.021186440677966156,0.03597040661280731
2008-10-14,835.2,853.7,831.9,836.2,10152,Gold,869.3000000000001,840.6833333333333,0.005531505531505498,0.036032272049206525
2008-10-15,840.6,856.5,831.2,847.5,9464,Gold,867.7142857142857,842.19,0.013513513513513375,0.0346067643204309
2008-10-16,848.8,849.9,785.1,805.5,10041,Gold,855.9285714285714,842.6066666666667,-0.04955752212389386,0.03474459404040964
2008-10-17,800.2,814.8,772.4,782.8,10648,Gold,838.0285714285716,841.9233333333334,-0.028181253879577928,0.03110252522180362
2008-10-20,786.1,809.7,784.4,796.0,12979,Gold,821.3142857142858,841.73,0.016862544711292893,0.032944844744823794
2008-10-21,796.6,803.3,765.3,771.5,12684,Gold,810.157142857143,841.5866666666667,-0.030778894472361817,0.0254527903707267
2008-10-22,775.3,775.9,720.2,729.2,13837,Gold,795.5285714285714,840.8233333333334,-0.05482825664290336,0.02994742760001743
2008-10-23,723.2,735.0,698.4,723.9,13159,Gold,779.4857142857143,840.0433333333333,-0.007268239166209667,0.02861778142218698
2008-10-24,725.1,747.5,681.4,733.2,15402,Gold,763.1571428571427,838.9866666666666,0.012847078325735728,0.028488391382972586
2008-10-27,736.7,746.7,706.6,730.5,11028,Gold,752.4428571428571,837.0933333333334,-0.0036824877250409838,0.025733749566732914
2008-10-28,734.0,755.4,723.8,748.9,10293,Gold,747.6,836.1233333333333,0.02518822724161529,0.028448107349932278
2008-10-29,755.9,774.2,737.3,757.5,9870,Gold,742.1000000000001,832.59,0.011483509146748672,0.027794289199084398
2008-10-30,759.5,777.2,732.6,738.4,13862,Gold,737.3714285714286,828.8133333333333,-0.0252145214521452,0.027061434199644376
2008-10-31,734.8,740.9,717.1,723.7,12116,Gold,736.5857142857142,823.8433333333334,-0.0199079089924159,0.01836533458342906
2008-11-03,728.2,738.9,721.6,722.6,10453,Gold,736.4,818.01,-0.0015199668370872166,0.018162416880366256
2008-11-04,726.9,767.5,721.4,762.7,10219,Gold,740.6142857142858,813.7233333333334,0.05549404926653745,0.027820198901675513
2008-11-05,764.2,764.7,736.2,738.8,13180,Gold,741.8000000000001,808.9833333333333,-0.0313360430051135,0.03118094424830976
2008-11-06,743.0,760.1,729.1,731.6,12798,Gold,739.3285714285714,804.16,-0.009745533297238707,0.029612224533662593
2008-11-07,732.6,744.6,725.3,735.8,10966,Gold,736.2285714285714,799.4266666666666,0.005740841990158563,0.0292222467471138
2008-11-10,750.6,767.9,741.1,744.7,11769,Gold,737.1285714285715,794.06,0.012095678173416724,0.02804069146951821
2008-11-11,747.9,749.9,726.6,731.6,10675,Gold,738.2571428571429,789.4166666666666,-0.017590976232039757,0.02775749033632375
2008-11-12,731.5,738.7,708.9,710.6,11263,Gold,736.5428571428572,784.1066666666667,-0.028704209950792814,0.03011357459225653
2008-11-13,713.2,739.1,699.7,736.0,15442,Gold,732.7285714285715,780.7800000000001,0.035744441317196785,0.024166297951094283
2008-11-14,732.0,753.7,725.0,741.2,13897,Gold,733.0714285714286,777.6433333333333,0.00706521739130439,0.021339183737267172
2008-11-17,739.4,749.1,730.6,736.5,11755,Gold,733.7714285714285,773.5733333333333,-0.006341068537506822,0.021100011011057174
2008-11-18,738.0,745.8,731.2,737.6,11435,Gold,734.0285714285716,768.56,0.0014935505770536928,0.021006662764911
2008-11-19,738.7,761.6,731.5,735.2,14258,Gold,732.6714285714286,762.7966666666667,-0.0032537960954446277,0.02039119195945918
2008-11-20,735.4,752.1,734.1,745.0,13724,Gold,734.5857142857143,757.1966666666667,0.01332970620239382,0.019701195063591553
2008-11-21,743.9,801.3,742.2,800.0,14055,Gold,747.3571428571429,755.5433333333334,0.0738255033557047,0.02853933882682061
2008-11-24,801.7,829.3,785.9,821.0,18580,Gold,759.5,755.19,0.026250000000000107,0.027737044322344993
2008-11-25,816.9,830.5,803.1,820.4,13102,Gold,770.8142857142857,754.6633333333333,-0.0007308160779537776,0.02830868894238673
2008-11-26,816.0,822.9,808.5,810.5,11474,Gold,781.3857142857142,753.43,-0.012067284251584542,0.02909783840472614
2008-11-27,811.5,816.9,811.2,816.0,4301,Gold,792.5857142857142,753.78,0.006785934608266597,0.028782097380565655
2008-12-01,815.1,815.2,767.2,768.7,16186,Gold,797.3714285714286,753.31,-0.05796568627450971,0.03983332472478893
2008-12-02,770.8,785.7,762.1,781.8,18922,Gold,802.6285714285714,752.8366666666666,0.017041758813581165,0.03995520943346089
2008-12-03,777.1,783.0,764.1,773.9,16823,Gold,798.9,752.9166666666666,-0.010104886160143267,0.027381183542302016
2008-12-04,774.9,782.0,762.3,766.3,18482,Gold,791.0857142857143,754.1533333333333,-0.009820390231296106,0.023813717300022286
2008-12-05,767.1,772.5,741.1,755.7,10781,Gold,781.8428571428573,755.2133333333334,-0.013832702596894064,0.02351792575098001
2008-12-08,758.4,781.8,758.3,771.9,16492,Gold,776.3285714285714,756.5033333333333,0.021437078205637006,0.02657563118679267
2008-12-09,772.4,779.9,762.5,776.2,9147,Gold,770.6428571428571,758.0266666666666,0.0055706697758777235,0.02647711628752588
2008-12-10,774.9,812.9,774.8,809.3,11753,Gold,776.4428571428571,760.0399999999998,0.04264364854418945,0.020772861858588964
2008-12-11,803.9,834.3,801.6,819.9,12715,Gold,781.8857142857144,762.12,0.013097738786605806,0.020524897304894832
2008-12-12,819.4,828.5,807.6,821.3,6262,Gold,788.6571428571427,764.8833333333333,0.0017075253079643637,0.019335451750175328
2008-12-15,827.8,841.9,822.1,836.6,10452,Gold,798.6999999999999,768.6466666666668,0.018629002800438332,0.017719566647821126
2008-12-16,836.3,859.1,830.0,856.7,13115,Gold,813.1285714285714,773.1166666666667,0.024025818790341935,0.013537711023416695
2008-12-17,852.7,881.5,846.1,867.3,15086,Gold,826.7571428571429,776.6033333333334,0.012373059414030552,0.013605197939315083
2008-12-18,864.6,878.1,848.4,852.2,13737,Gold,837.6142857142858,780.3833333333333,-0.017410353972097226,0.01862950257137128
2008-12-19,850.2,853.3,829.6,837.5,13452,Gold,841.6428571428571,783.9133333333333,-0.0172494719549402,0.01671210111575865
2008-12-22,839.7,851.1,839.5,847.0,16945,Gold,845.5142857142857,787.62,0.01134328358208947,0.016583510711626538
2008-12-23,845.6,847.5,829.9,839.7,14641,Gold,848.1428571428571,790.7866666666666,-0.008618654073199505,0.017343618306869934
2008-12-24,836.4,848.3,834.4,847.4,7498,Gold,849.6857142857143,794.6466666666668,0.009169941645825741,0.01628640904002656
2008-12-26,842.9,871.1,842.6,867.0,4033,Gold,851.157142857143,799.86,0.02312957281095107,0.016086206830558347
2008-12-29,875.1,887.8,872.4,877.9,3726,Gold,852.6714285714286,804.5899999999999,0.012572087658592856,0.016108130025109458
2008-12-30,878.6,879.3,862.7,871.4,8245,Gold,855.4142857142857,808.9300000000001,-0.007404032349925926,0.014475508515445809
2008-12-31,870.3,870.8,855.3,866.8,4682,Gold,859.6,813.2733333333333,-0.005278861602019735,0.012169807325083304
2009-01-02,874.2,879.8,867.3,874.6,7562,Gold,863.5428571428572,817.84,0.008998615597600512,0.011996760215217101
2009-01-05,882.6,884.0,844.8,857.8,18091,Gold,866.1285714285715,821.9266666666666,-0.019208781157100452,0.014380268538933169
2009-01-06,854.9,869.8,839.0,863.0,18601,Gold,868.3571428571429,825.86,0.0060620191186757655,0.01421002909713422
2009-01-07,860.5,866.6,836.3,842.0,17291,Gold,864.7857142857143,827.26,-0.024333719582850466,0.01415852066831126
2009-01-08,837.0,863.7,837.0,856.1,18893,Gold,861.6714285714286,828.43,0.016745843230403734,0.015037488291300813
2009-01-09,855.3,868.0,844.4,853.0,16769,Gold,859.0428571428571,829.5166666666667,-0.003621072304637374,0.014940980991831644
2009-01-12,852.7,853.6,814.9,820.1,5180,Gold,852.3714285714286,829.8366666666667,-0.038569753810081986,0.02018476365845512
2009-01-13,822.1,830.1,813.6,820.7,16001,Gold,844.6714285714286,829.9933333333333,0.0007316180953542695,0.0192655555604374
2009-01-14,821.5,828.9,806.5,811.0,16994,Gold,837.9857142857143,831.4033333333333,-0.011819178749847725,0.018802461758918223
2009-01-15,812.3,820.8,801.9,816.7,18989,Gold,831.3714285714285,832.5666666666667,0.007028360049321947,0.0189246007708036
2009-01-16,816.0,842.7,815.0,841.7,10451,Gold,831.3285714285714,834.8266666666666,0.030610995469572577,0.022013804284291345
2009-01-19,840.6,842.5,831.9,834.8,9046,Gold,828.2857142857143,837.11,-0.00819769514078661,0.02087035172622164
2009-01-20,834.0,865.8,823.2,855.8,16973,Gold,828.6857142857143,840.4466666666666,0.025155725922376693,0.023490464275564095
2009-01-21,853.3,863.8,843.4,853.4,14340,Gold,833.4428571428572,843.1633333333334,-0.0028043935498948125,0.016318863906334618
2009-01-22,852.3,862.5,844.0,856.5,15912,Gold,838.5571428571428,845.84,0.0036325287086946823,0.01620468956391293
2009-01-23,855.1,902.7,852.2,898.7,19106,Gold,851.0857142857143,848.82,0.049270286047869316,0.020692902051750953
2009-01-26,896.4,915.4,888.8,903.5,13471,Gold,863.4857142857144,851.6066666666667,0.0053410481807054655,0.02081014221264506
2009-01-27,904.2,907.3,892.1,897.6,16449,Gold,871.4714285714284,854.15,-0.0065301604869949514,0.02081672759014118
2009-01-28,898.9,902.5,881.9,887.4,16035,Gold,878.9857142857144,855.8433333333334,-0.011363636363636465,0.02129200020024654
2009-01-29,885.3,908.9,874.2,908.8,19001,Gold,886.5571428571428,857.58,0.02411539328375034,0.021163332678521246
2009-01-30,905.6,929.2,900.6,926.5,19044,Gold,897.0,859.5533333333333,0.019476232394366244,0.020797969085867264
2009-02-02,923.7,924.8,900.8,903.8,12757,Gold,903.7571428571429,861.2733333333333,-0.024500809498111176,0.02498029121138911
2009-02-03,900.0,912.3,888.9,900.0,12031,Gold,903.9428571428571,863.3566666666667,-0.004204470015490069,0.017216112244287495
2009-02-04,897.3,908.9,895.2,904.9,10204,Gold,904.1428571428571,865.2866666666667,0.005444444444444363,0.017221168362347127
2009-02-05,903.7,923.9,901.8,914.1,10791,Gold,906.5,867.7666666666667,0.010166869267322465,0.017265963349267815
2009-02-06,909.0,919.4,904.1,910.7,7404,Gold,909.8285714285713,869.8766666666667,-0.0037195055245596853,0.0164481330036056
2009-02-09,906.3,907.7,890.4,894.4,10001,Gold,907.7714285714286,870.7900000000001,-0.01789831997364677,0.015445184392554682
2009-02-10,894.1,917.6,890.8,914.1,10355,Gold,906.0,871.9966666666667,0.02202593917710205,0.016058802858336205
2009-02-11,915.5,946.7,910.3,938.4,5498,Gold,910.9428571428572,874.23,0.02658352477847048,0.01563148725952515
2009-02-12,937.6,952.2,934.6,946.4,14880,Gold,917.5714285714286,876.8833333333333,0.008525149190110826,0.015045793141667187
2009-02-13,942.3,943.8,932.2,941.0,16191,Gold,922.7285714285714,879.0966666666666,-0.005705832628909557,0.015844516553150317
2009-02-16,940.6,943.8,935.7,941.1,3377,Gold,926.5857142857143,881.8733333333333,0.00010626992561113546,0.015829263230898408
2009-02-17,940.7,973.3,939.9,968.7,5829,Gold,934.8714285714285,885.3966666666666,0.029327382849856587,0.01784732843344761
2009-02-18,968.5,986.8,960.9,983.1,6406,Gold,947.5428571428572,890.1,0.014865283369464244,0.013348096818182068
2009-02-19,980.5,985.8,968.5,973.2,6707,Gold,955.9857142857144,894.0033333333334,-0.010070186145865079,0.015362209206557757
2009-02-20,976.0,1005.9,970.0,992.1,7518,Gold,963.657142857143,898.64,0.0194204685573367,0.014197143772938745
2009-02-23,995.2,997.7,975.6,991.2,6170,Gold,970.0571428571429,904.3433333333334,-0.000907166616268551,0.014588626068770613
2009-02-24,985.7,994.5,959.3,962.8,7749,Gold,973.1714285714287,909.08,-0.028652138821630424,0.019572562299480515
2009-02-25,960.2,978.0,944.0,952.2,13826,Gold,974.7571428571429,913.7866666666667,-0.011009555463232124,0.02032472589732724
2009-02-26,953.2,956.4,931.9,944.9,14973,Gold,971.3571428571429,918.06,-0.007666456626759133,0.01642595286995363
2009-02-27,943.1,962.6,927.5,941.6,15258,Gold,965.4285714285714,921.39,-0.0034924330616995514,0.014352486677575427
2009-03-02,947.5,957.9,921.4,925.0,13879,Gold,958.5428571428572,924.3966666666668,-0.017629566694987275,0.014975896872040527
2009-03-03,926.8,932.0,905.0,914.7,8517,Gold,947.4857142857143,926.3600000000001,-0.011135135135135088,0.009337794263648967
2009-03-04,913.8,922.4,899.5,905.2,32556,Gold,935.1999999999999,928.0866666666666,-0.010385918880507217,0.008158683095981929
2009-03-05,910.1,936.2,907.1,932.1,34818,Gold,930.8142857142857,930.6066666666667,0.029717189571365488,0.015680588378846127
2009-03-06,930.3,944.7,930.2,938.6,31937,Gold,928.8714285714286,931.9366666666666,0.0069735006973501434,0.01591056694898144
2009-03-09,937.4,940.3,911.1,920.0,21319,Gold,925.3142857142858,932.4866666666666,-0.019816748348604363,0.01724547266206805
2009-03-10,920.6,921.5,890.8,895.6,23885,Gold,918.7428571428571,932.4200000000001,-0.026521739130434763,0.019280057663266202
2009-03-11,895.1,912.9,891.9,908.4,23236,Gold,916.3714285714286,933.12,0.014292094685127266,0.020096767868331502
2009-03-12,908.7,930.5,906.8,925.1,28671,Gold,917.8571428571429,933.6633333333334,0.01838397181858209,0.02103614434415934
2009-03-13,924.2,938.3,919.3,929.0,21245,Gold,921.2571428571429,933.7466666666667,0.004215760458328832,0.020338061103018806
2009-03-16,925.1,929.4,915.3,923.6,21643,Gold,920.0428571428572,934.4066666666666,-0.00581270182992466,0.016974110058517324
2009-03-17,922.0,923.6,912.0,915.1,20058,Gold,916.6857142857142,934.9100000000001,-0.00920311823300135,0.016778510615196432
2009-03-18,913.5,948.6,883.0,937.2,31769,Gold,919.1428571428571,935.9866666666666,0.024150366080209817,0.01784557598699297
2009-03-19,935.0,961.7,925.1,954.2,38129,Gold,927.5142857142857,937.3233333333334,0.018139137857447807,0.012926633771213138
2009-03-20,952.9,966.7,946.2,951.4,29634,Gold,933.6571428571427,938.6800000000001,-0.0029343953049675298,0.013418606651490713
2009-03-23,950.6,956.7,935.3,937.7,25171,Gold,935.4571428571429,940.1233333333333,-0.014399831826781506,0.014351931054202597
2009-03-24,941.1,943.6,916.8,928.6,30707,Gold,935.4,940.6066666666667,-0.009704596352778094,0.01494930619736199
2009-03-25,929.3,940.3,916.1,932.4,29510,Gold,936.657142857143,940.4066666666666,0.004092181779022042,0.014771419990049005
2009-03-26,934.2,944.7,931.2,934.0,15200,Gold,939.3571428571429,939.9933333333335,0.001716001716001836,0.014016362234625658
2009-03-27,933.9,935.6,918.8,922.4,5016,Gold,937.2428571428571,939.3733333333333,-0.012419700214132745,0.01139255498961831
2009-03-30,923.8,931.8,908.6,915.1,22900,Gold,931.657142857143,938.5066666666667,-0.007914137033824709,0.0070700934790305205
2009-03-31,915.2,924.5,911.3,917.4,29206,Gold,926.8000000000001,936.7966666666667,0.0025133865151349966,0.007725277692076761
2009-04-01,916.9,932.6,916.3,926.2,24307,Gold,925.1571428571427,934.9,0.009592326139088891,0.008247035074611235
2009-04-02,926.6,928.9,894.6,903.8,30649,Gold,921.6142857142858,932.5866666666666,-0.024184841286979175,0.011681132673474587
2009-04-03,905.9,908.6,890.3,892.4,17345,Gold,915.8999999999999,929.2633333333334,-0.01261341004647043,0.011505012575245542
2009-04-06,892.3,893.6,865.1,869.2,32238,Gold,906.6428571428571,925.1966666666667,-0.025997310623038894,0.013002908237238561
2009-04-07,872.0,884.8,870.5,880.5,30688,Gold,900.657142857143,922.4533333333334,0.01300046019328116,0.015560327827077754
2009-04-08,883.1,890.0,878.1,880.1,28874,Gold,895.6571428571427,920.05,-0.0004542873367404665,0.015703313962829597
2009-04-09,880.8,886.3,874.7,878.9,25296,Gold,890.157142857143,917.8500000000001,-0.0013634814225657044,0.015441871499164372
2009-04-10,878.71,885.53,877.75,881.15,3251,Gold,883.7214285714286,915.8349999999999,0.002560018204573966,0.014455423470233859
2009-04-13,883.95,899.73,882.4,893.3,30056,Gold,882.2214285714286,914.7783333333333,0.013788798728933793,0.014054565073504817
2009-04-14,895.12,898.26,885.95,889.9,48492,Gold,881.8642857142858,913.9516666666666,-0.0038061121683644616,0.013275110584217167
2009-04-15,889.78,899.38,885.69,890.6,50977,Gold,884.9214285714286,913.465,0.0007866052365435028,0.007036017983872118
2009-04-16,890.24,893.5,871.65,875.15,50278,Gold,884.1571428571427,911.5666666666667,-0.01734785537839667,0.009218978302483763
2009-04-17,876.43,876.63,864.78,868.25,46081,Gold,882.4642857142857,909.2216666666667,-0.007884362680683266,0.009588341901551323
2009-04-20,868.51,888.33,864.54,884.53,44756,Gold,883.2685714285714,908.0393333333334,0.018750359919378123,0.012381295915644219
2009-04-21,882.98,894.99,878.7,883.2,43597,Gold,883.5614285714286,907.626,-0.001503623393214415,0.012390031368626151
2009-04-22,882.8,893.38,881.63,889.9,25205,Gold,883.0757142857143,907.0093333333334,0.007586050724637694,0.011459578732011507
2009-04-23,890.55,908.66,889.58,903.45,30795,Gold,885.0114285714286,906.2876666666666,0.015226429935947916,0.012728791813536427
2009-04-24,903.9,913.73,903.85,912.5,29537,Gold,888.14,905.7376666666665,0.010017156455808252,0.013028864683553673
2009-04-27,915.6,918.1,904.98,906.2,27442,Gold,892.5757142857144,905.1576666666666,-0.006904109589041085,0.010610621152153436
2009-04-28,905.2,906.46,884.24,892.22,30919,Gold,896.0,904.395,-0.015427058044581776,0.012377819980651138
2009-04-29,891.1,902.7,887.42,898.1,27068,Gold,897.9385714285715,903.0916666666667,0.006590302840106643,0.010695715880366698
2009-04-30,895.6,899.78,880.7,886.2,28384,Gold,898.3671428571428,900.825,-0.013250194855806696,0.012194885595799539
2009-05-01,885.9,889.58,880.03,886.05,25337,Gold,897.8171428571429,898.6466666666666,-0.00016926201760336657,0.011794669000751965
2009-05-04,886.7,907.1,885.1,902.85,24348,Gold,897.7314285714286,897.485,0.018960555273404456,0.01267892325847774
2009-05-05,903.85,915.73,894.43,896.3,31411,Gold,895.4171428571428,896.4083333333333,-0.007254804231046186,0.012064417010029572
2009-05-06,896.4,912.18,895.55,910.53,31702,Gold,896.0357142857143,895.6793333333333,0.015876380676112856,0.013645296051524057
2009-05-07,910.8,925.28,908.67,909.75,25593,Gold,898.5400000000001,894.8709999999999,-0.0008566439326546105,0.011743115245050725
2009-05-08,911.4,919.58,905.14,915.9,30640,Gold,901.0828571428572,894.6543333333334,0.006760098928277003,0.011752319112208328
2009-05-11,915.65,917.39,908.36,913.18,26429,Gold,904.9371428571428,894.5903333333333,-0.0029697565236379564,0.00989878790944695
2009-05-12,912.69,923.66,911.5,922.35,18098,Gold,910.1228571428571,894.7553333333333,0.010041831840382098,0.009876704792232587
2009-05-13,924.35,930.53,917.43,925.95,6335,Gold,913.4228571428572,894.747,0.0039030736705154556,0.007990849736362831
2009-05-14,926.75,928.31,920.34,925.05,17572,Gold,917.53,895.4553333333333,-0.0009719747286571767,0.006831547747148359
2009-05-15,925.51,933.98,923.68,931.15,25260,Gold,920.4757142857143,896.747,0.006594238149289167,0.004889211043093494
2009-05-18,930.97,933.38,915.82,918.2,27463,Gold,921.6828571428572,898.3803333333333,-0.013907533694893393,0.008120770977392175
2009-05-20,925.71,940.26,924.76,937.38,30054,Gold,924.7514285714286,900.2763333333332,0.020888695273360902,0.010951836319537785
2009-05-21,937.55,955.88,935.73,951.83,24167,Gold,930.2728571428571,902.6673333333333,0.015415306492564396,0.011374870017295324
2009-05-22,953.25,960.92,949.87,956.95,24087,Gold,935.2157142857143,905.269,0.005379111816185667,0.011234031710488292
2009-05-25,956.88,959.4,952.33,958.45,2097,Gold,939.8585714285715,907.8456666666666,0.0015674800146299184,0.01131780236413042
2009-05-26,955.4,957.15,941.11,951.75,24335,Gold,943.6728571428572,909.794,-0.006990453336115698,0.012051474175521026
2009-05-27,952.2,959.21,946.66,948.4,27173,Gold,946.1371428571429,911.744,-0.003519831888626257,0.012311029072819571
2009-05-28,945.08,964.75,944.19,957.89,28912,Gold,951.8071428571428,913.987,0.01000632644453825,0.01004742147555981
2009-05-29,960.75,980.02,958.67,978.57,26770,Gold,957.6914285714286,917.4343333333333,0.021589117748384457,0.010221153828109527
2009-06-01,976.74,988.37,973.25,974.45,29995,Gold,960.9228571428572,920.9743333333333,-0.004210225124416267,0.00996262700280204
2009-06-02,974.23,986.62,969.39,982.9,29958,Gold,964.63,924.2533333333334,0.008671558314946815,0.01014747271101078
2009-06-03,982.37,989.63,960.3,962.58,34082,Gold,965.22,926.8993333333333,-0.0206735171431478,0.013810600936449835
2009-06-04,964.23,981.56,960.69,979.6,39914,Gold,969.1985714285714,929.8893333333333,0.017681647239709886,0.014645027758630002
2009-06-05,981.94,983.61,952.4,954.79,40917,Gold,970.1114285714285,931.6006666666667,-0.025326663944467143,0.01840316555782865
2009-06-08,954.39,959.43,943.29,950.03,29594,Gold,968.9885714285714,932.8516666666668,-0.004985389457367595,0.018063890205249147
2009-06-09,952.65,961.53,947.09,954.25,33329,Gold,965.5142857142856,934.4533333333334,0.004441964990579361,0.01545922680432188
2009-06-10,955.17,965.02,946.93,954.25,34600,Gold,962.6285714285714,936.5210000000001,0.0,0.015508169434961408
2009-06-11,955.12,961.67,942.88,954.5,18906,Gold,958.5714285714286,938.4010000000001,0.00026198585276393516,0.01477203134752511
2009-06-12,954.75,957.78,936.23,938.8,9995,Gold,955.1742857142857,940.1543333333334,-0.016448402304871657,0.014049958784390516
2009-06-15,935.4,938.65,925.23,926.5,3955,Gold,947.5885714285714,941.5026666666668,-0.013101832126118373,0.010752263763635705
2009-06-16,928.35,938.98,928.15,934.6,4113,Gold,944.7042857142858,942.5609999999999,0.008742579600647726,0.009126506674779175
2009-06-17,933.45,939.92,927.74,938.63,25806,Gold,943.0757142857144,943.972,0.0043120051358869205,0.009461943666507808
2009-06-18,941.3,941.65,929.56,932.85,29918,Gold,940.0185714285715,944.716,-0.006157910997943827,0.009161481368033705
2009-06-19,931.77,938.74,930.48,933.48,26942,Gold,937.0514285714287,945.5070000000001,0.0006753497346840831,0.009204238138495724
2009-06-22,933.65,934.69,917.78,922.1,27428,Gold,932.4228571428572,945.7136666666667,-0.012190941423490642,0.009638801001819255
2009-06-23,922.28,926.67,912.88,925.65,31107,Gold,930.5442857142858,946.1293333333334,0.0038499078191085445,0.00857336133442605
2009-06-24,925.98,940.65,922.13,932.0,31892,Gold,931.33,946.4510000000001,0.006860044293199419,0.007512245587536334
2009-06-25,931.29,939.78,929.72,938.65,29094,Gold,931.9085714285713,946.8743333333333,0.007135193133047224,0.007251545975652847
2009-06-26,938.58,948.15,936.23,939.1,28896,Gold,931.9757142857143,947.3426666666668,0.00047941192137646027,0.007070564328450549
2009-06-29,936.28,942.55,934.19,937.56,21412,Gold,932.6485714285715,947.5563333333333,-0.0016398679586839826,0.0065950745563703944
2009-06-30,938.16,944.72,923.54,926.35,26489,Gold,931.63,947.828,-0.011956568112974075,0.008158168855747152
2009-07-01,927.49,945.68,927.28,940.48,23352,Gold,934.2557142857142,947.9313333333334,0.015253413936417104,0.008507846845602438
2009-07-02,940.85,941.25,926.38,929.15,24211,Gold,934.7557142857142,947.1753333333332,-0.012047039809459092,0.010159265964618016
2009-07-03,929.89,933.94,927.83,931.5,12733,Gold,934.6842857142857,946.3269999999999,0.002529193348759673,0.00984018516936333
2009-07-06,929.75,931.23,920.58,922.88,7425,Gold,932.4314285714287,945.1413333333334,-0.009253891572732154,0.009799439715288502
2009-07-07,924.7,931.33,921.08,923.4,27299,Gold,930.1885714285714,944.1963333333334,0.0005634535367544657,0.009803572424157182
2009-07-08,922.96,925.32,904.78,909.0,29214,Gold,926.1085714285715,942.883,-0.015594541910331383,0.010979912664168492
2009-07-09,908.5,918.34,906.15,911.24,15110,Gold,923.9499999999999,941.328,0.002464246424642491,0.010664950895321053
2009-07-10,912.81,915.17,907.11,912.58,8963,Gold,919.9642857142857,939.1283333333334,0.001470523682015834,0.007761676090826695
2009-07-13,913.77,923.0,907.73,920.5,9424,Gold,918.7285714285714,937.33,0.008678691183238607,0.008237646051234362
2009-07-14,920.2,927.47,917.65,925.1,9420,Gold,917.8142857142857,935.4033333333333,0.004997284084736542,0.008478458745069861
2009-07-15,926.2,941.78,924.3,938.95,24074,Gold,920.1099999999999,934.6156666666667,0.014971354448167773,0.009417808675834569
2009-07-16,939.61,940.19,932.6,936.86,23955,Gold,922.0328571428571,933.191,-0.00222589062250389,0.009571517763697074
2009-07-17,935.4,939.62,931.79,936.95,22866,Gold,926.0257142857143,932.5963333333334,9.606558076979965e-05,0.005847441884499996
2009-07-20,938.33,954.93,937.95,949.2,22297,Gold,931.4485714285714,932.5686666666666,0.013074336944340681,0.006603339423545383
2009-07-21,950.48,953.6,944.31,948.53,26268,Gold,936.5842857142858,932.378,-0.000705857564264667,0.0068898139065450646
2009-07-22,948.17,954.41,944.58,950.95,25173,Gold,940.9342857142858,932.268,0.002551316247245916,0.006815669131965708
2009-07-23,950.4,957.15,947.09,947.45,27932,Gold,944.1271428571429,932.0329999999999,-0.003680529996319515,0.0075028510004133365
2009-07-24,948.04,953.91,946.95,950.92,24018,Gold,945.8371428571429,932.437,0.003662462399071087,0.005576235487742672
2009-07-27,949.62,958.68,947.65,953.1,21834,Gold,948.1571428571427,933.3236666666667,0.0022925167206495622,0.005283034108760947
2009-07-28,952.63,956.48,934.14,937.16,25260,Gold,948.1871428571428,933.409,-0.016724373098310874,0.00903543410175603
2009-07-29,937.62,940.54,925.48,929.4,32915,Gold,945.3585714285715,933.1013333333334,-0.00828033633531089,0.007361849111828736
2009-07-30,929.17,936.78,928.3,933.92,34194,Gold,943.2714285714286,933.1370000000001,0.004863352700667178,0.007928177432523822
2009-07-31,934.37,956.4,932.28,953.5,35229,Gold,943.6357142857144,933.8043333333333,0.02096539318142887,0.01184843579530903
2009-08-03,952.97,962.09,951.63,956.3,38492,Gold,944.8999999999999,934.9443333333332,0.002936549554273693,0.011728004393453189
2009-08-04,956.33,969.82,951.0,967.25,38575,Gold,947.232857142857,936.3309999999999,0.011450381679389388,0.012333499835507952
2009-08-05,966.21,967.8,958.76,962.6,37833,Gold,948.59,937.351,-0.004807443783923504,0.012641549973316188
2009-08-06,963.17,971.46,955.97,962.83,39748,Gold,952.2571428571429,938.1569999999999,0.00023893621441928303,0.0098967596849101
2009-08-07,962.67,965.12,953.09,954.45,39046,Gold,955.8357142857142,938.6686666666666,-0.008703509446111979,0.009984533614937879
2009-08-10,953.95,956.59,942.96,945.65,37158,Gold,957.5114285714286,938.9383333333334,-0.009219969616009238,0.011102423905894145
2009-08-11,945.03,949.58,941.96,945.97,35305,Gold,956.4357142857142,939.5923333333333,0.00033839158250947854,0.007247520267190547
2009-08-12,946.23,951.96,939.88,947.05,36804,Gold,955.1142857142858,939.8113333333333,0.0011416852542891487,0.007110981114824223
2009-08-13,948.36,960.36,948.15,954.5,35244,Gold,953.2928571428572,940.6563333333335,0.00786653291800854,0.006090182937552364
2009-08-14,955.62,958.9,943.25,948.05,35707,Gold,951.2142857142857,941.2080000000001,-0.0067574646411734385,0.006287906711093875
2009-08-17,947.59,948.04,930.08,933.8,28795,Gold,947.0671428571429,941.572,-0.015030852803122219,0.007788115119057635
2009-08-18,935.65,939.68,934.13,938.25,24281,Gold,944.7528571428572,942.0669999999999,0.004765474405654446,0.008183567361570679
2009-08-19,938.28,944.79,931.78,941.55,33789,Gold,944.1671428571428,943.1519999999999,0.0035171862509990603,0.007826231617690853
2009-08-20,943.48,945.56,937.04,940.35,29118,Gold,943.3642857142858,944.1223333333334,-0.0012744941851201563,0.007817938934848806
2009-08-21,940.43,957.65,937.69,953.24,30808,Gold,944.2485714285714,945.4776666666666,0.013707662040729485,0.009587167954552727
2009-08-24,953.28,956.59,939.66,942.15,36142,Gold,942.4842857142858,946.1993333333334,-0.011634006126473917,0.010070415747962747
2009-08-25,942.6,954.2,942.32,944.71,40070,Gold,942.0071428571429,946.853,0.002717189407206888,0.009931199311104295
2009-08-26,945.03,949.8,940.01,945.2,34424,Gold,943.6357142857142,947.0613333333333,0.000518677689449687,0.007593109322669629
2009-08-27,945.27,950.27,941.48,947.75,32984,Gold,944.9928571428571,947.4243333333333,0.0026978417266185772,0.00749629276824139
2009-08-28,949.43,961.39,948.33,954.42,32043,Gold,946.8314285714285,948.0066666666665,0.007037720917963508,0.007770076779076985
2009-08-31,955.92,960.19,944.43,950.65,25968,Gold,948.3028571428571,948.0550000000001,-0.0039500429580268115,0.008017971862363379
2009-09-01,952.34,956.85,946.23,956.85,34537,Gold,948.8185714285715,948.3323333333333,0.006521853468679284,0.0065289657467194565
2009-09-02,955.45,980.07,951.27,977.6,39046,Gold,953.8828571428572,949.2206666666666,0.021685739666614356,0.00811243041844593
2009-09-03,977.57,997.16,974.13,991.1,44548,Gold,960.51,950.6756666666666,0.013809328968903412,0.008588962521725132
2009-09-04,993.96,996.32,985.36,993.37,36736,Gold,967.3914285714285,952.0906666666666,0.002290384421349989,0.008393348886173758
2009-09-07,994.25,996.52,990.75,994.5,20939,Gold,974.0699999999999,953.4706666666666,0.0011375419028156752,0.008550721932105227
2009-09-08,995.47,1007.4,992.43,996.19,39343,Gold,980.0371428571428,955.4383333333334,0.001699346405228841,0.008774968067110764
2009-09-09,1000.46,1002.89,987.05,992.15,39863,Gold,985.9657142857143,957.53,-0.004055451269336263,0.008795297128102177
2009-09-10,993.02,998.15,982.57,994.58,36748,Gold,991.3557142857143,959.552,0.0024492264274555975,0.008901091427723147
2009-09-11,996.05,1011.57,994.3,1004.71,37514,Gold,995.2285714285714,961.259,0.010185203804621068,0.006029798370624049
2009-09-14,1006.86,1008.65,993.16,999.55,33903,Gold,996.4357142857143,962.7006666666667,-0.005135810333330104,0.005024850755625882
2009-09-15,998.65,1009.37,992.12,1006.25,35575,Gold,998.2757142857143,964.0006666666667,0.006703016357360925,0.005440473325473096
2009-09-16,1007.86,1020.4,1005.95,1017.2,41692,Gold,1001.5185714285715,965.8206666666666,0.010881987577639807,0.006390158240636398
2009-09-17,1017.1,1023.87,1010.03,1013.03,36748,Gold,1003.9242857142856,967.494,-0.004099488792764561,0.006973451583838517
2009-09-18,1013.43,1017.62,1005.8,1007.13,32322,Gold,1006.0642857142857,969.25,-0.0058241118229469535,0.00727272844365544
2009-09-21,1003.16,1006.48,995.81,1003.2,45517,Gold,1007.2957142857143,971.1683333333333,-0.0039021774746059723,0.007619400052945615
2009-09-22,1003.44,1019.67,1003.2,1014.4,44517,Gold,1008.6800000000001,973.4493333333335,0.011164274322168932,0.007817002554225256
2009-09-23,1014.74,1018.42,1005.9,1007.65,50720,Gold,1009.8371428571428,975.4693333333332,-0.00665417981072558,0.00804623596785326
2009-09-24,1008.41,1018.83,990.59,994.45,39334,Gold,1008.1514285714286,976.8009999999999,-0.013099786632263077,0.009182331201924633
2009-09-25,993.8,998.99,985.0,990.6,48734,Gold,1004.3514285714285,978.2193333333332,-0.003871486751470643,0.007334281982204808
2009-09-28,994.37,996.5,985.88,990.55,38965,Gold,1001.1400000000001,980.1110000000001,-5.0474459923344206e-05,0.0074611793100811275
2009-09-29,991.31,995.71,984.99,991.9,28416,Gold,998.9642857142857,981.8993333333333,0.0013628792085205177,0.007530353400528758
2009-09-30,993.26,1008.95,991.5,1007.3,42677,Gold,999.55,984.091,0.01552575864502459,0.00996397061307331
2009-10-01,1009.4,1009.57,997.7,999.12,27484,Gold,997.3671428571428,986.05,-0.008120718753102274,0.009201235002282978
2009-10-02,1001.7,1007.28,986.55,1002.37,35777,Gold,996.6128571428571,987.6876666666667,0.003252862519016686,0.00915110527931676
2009-10-05,1003.03,1017.67,1000.85,1017.67,50133,Gold,999.93,990.2049999999999,0.01526382473537713,0.0090317569274562
2009-10-06,1016.49,1043.35,1015.32,1041.4,40891,Gold,1007.1871428571429,993.428,0.023317971444574592,0.011038379268406551
2009-10-07,1039.95,1048.48,1036.54,1044.37,33457,Gold,1014.8757142857143,996.7336666666666,0.002851930094103894,0.010770961567496153
2009-10-08,1046.1,1061.35,1042.82,1054.75,34859,Gold,1023.8542857142858,1000.3003333333332,0.009939006290873964,0.010420494153047924
2009-10-09,1052.2,1052.45,1043.63,1048.8,29905,Gold,1029.782857142857,1003.4463333333333,-0.005641147191277618,0.01120587661491354
2009-10-12,1052.29,1058.9,1046.94,1055.65,44879,Gold,1037.8585714285714,1006.9463333333333,0.006531273836765994,0.00938443420404573
2009-10-13,1056.12,1068.63,1050.77,1064.37,49490,Gold,1046.7157142857143,1010.5303333333334,0.008260313550892517,0.009156499122594754
2009-10-14,1064.85,1070.58,1056.0,1062.5,63865,Gold,1053.1200000000001,1013.3603333333333,-0.0017569078421976192,0.009363875362897461
2009-10-15,1063.1,1065.56,1046.36,1050.52,60768,Gold,1054.422857142857,1015.341,-0.01127529411764705,0.00783698642526015
2009-10-16,1051.42,1056.73,1043.16,1053.15,50574,Gold,1055.6771428571428,1017.3336666666668,0.002503522065262942,0.007826384635926399
2009-10-19,1054.72,1064.49,1047.89,1063.37,55649,Gold,1056.9085714285713,1019.6293333333334,0.009704220671319153,0.007783189434869049
2009-10-20,1063.77,1067.75,1052.06,1054.61,57313,Gold,1057.7385714285713,1021.5766666666666,-0.008237960446504933,0.008213036005465493
2009-10-21,1055.01,1064.73,1047.66,1059.1,62008,Gold,1058.2314285714285,1023.8083333333333,0.004257498032448126,0.007991410907609188
2009-10-22,1059.11,1061.41,1051.45,1060.0,61519,Gold,1057.607142857143,1025.989,0.0008497781134926274,0.0072472543265952
2009-10-23,1060.97,1067.24,1050.17,1055.07,60477,Gold,1056.5457142857142,1027.6676666666667,-0.0046509433962265145,0.007407359520772062
2009-10-26,1052.59,1059.54,1036.7,1037.92,52843,Gold,1054.7457142857143,1028.9466666666667,-0.01625484565005153,0.00868921551996681
2009-10-27,1038.23,1043.37,1032.32,1040.15,58604,Gold,1052.8885714285714,1030.0766666666668,0.0021485278248805084,0.008661654888339589
2009-10-28,1040.49,1041.65,1026.4,1027.31,53984,Gold,1047.7371428571428,1030.4136666666666,-0.012344373407681686,0.007769127288837905
2009-10-29,1029.67,1047.57,1028.47,1046.44,58552,Gold,1046.57,1031.5273333333332,0.018621448248338,0.01155199888152615
2009-10-30,1044.88,1048.75,1034.94,1044.96,49960,Gold,1044.55,1032.7883333333334,-0.0014143190245021753,0.011313874162295139
2009-11-02,1044.12,1062.37,1042.84,1058.95,57547,Gold,1044.4,1034.6466666666668,0.013388072270708928,0.012720151213079709
2009-11-04,1081.83,1097.31,1079.87,1092.05,55414,Gold,1049.6828571428573,1037.235,0.03125737759100988,0.017064585882157816
2009-11-05,1090.49,1094.01,1083.81,1089.8,61625,Gold,1057.0942857142857,1039.9733333333334,-0.0020603452222883734,0.014803531493247011
2009-11-06,1088.57,1100.94,1086.71,1094.72,50882,Gold,1064.89,1043.3156666666666,0.004514589832997018,0.014698666779110806
2009-11-09,1096.22,1110.97,1095.49,1103.0,46619,Gold,1075.702857142857,1047.0623333333335,0.007563577901198437,0.0118950214861868
2009-11-10,1105.0,1109.04,1096.83,1105.98,53069,Gold,1084.2085714285713,1050.91,0.0027017225747960616,0.011548353622160742
2009-11-11,1106.7,1118.43,1105.5,1116.85,55519,Gold,1094.4785714285715,1055.075,0.009828387493444612,0.010778079172623207
2009-11-12,1115.29,1122.7,1102.26,1103.55,57860,Gold,1100.85,1058.2833333333333,-0.011908492635537393,0.01325269330739657
2009-11-13,1104.57,1118.99,1100.94,1118.29,47448,Gold,1104.5985714285714,1062.2556666666667,0.013356893661365499,0.008403263155548228
2009-11-16,1124.11,1143.3,1122.98,1139.75,51959,Gold,1111.7342857142858,1066.835,0.019190013323914235,0.009810665877300069
2009-11-17,1137.0,1141.74,1127.69,1140.63,55088,Gold,1118.2928571428572,1070.9336666666668,0.000772099144549232,0.010034027404200783
2009-11-18,1140.84,1152.78,1135.97,1141.45,50353,Gold,1123.7857142857142,1074.2686666666666,0.0007189009582422301,0.01018064398796188
2009-11-19,1142.44,1145.77,1129.7,1144.37,54014,Gold,1129.27,1077.602,0.0025581497218449822,0.010186074762439582
2009-11-20,1143.59,1150.85,1132.7,1150.2,51777,Gold,1134.0342857142857,1080.7836666666667,0.00509450614748741,0.009961394233082939
2009-11-23,1159.16,1173.55,1158.84,1162.28,49468,Gold,1142.4242857142856,1084.5663333333332,0.01050252130064333,0.007087753890367202
2009-11-24,1160.79,1171.19,1157.94,1168.4,41013,Gold,1149.5828571428572,1088.3246666666666,0.005265512613139789,0.006608640881784702
2009-11-25,1167.4,1192.53,1166.61,1192.2,33025,Gold,1157.0757142857142,1092.5856666666666,0.02036973639164663,0.006995837446235675
2009-11-26,1187.92,1194.95,1180.36,1191.8,20040,Gold,1164.3857142857144,1096.8956666666668,-0.0003355141754739499,0.007156831550456478
2009-11-27,1186.33,1191.3,1137.58,1177.28,35882,Gold,1169.5042857142857,1101.1209999999999,-0.012183252223527452,0.009952342089157436
2009-11-30,1169.2,1181.78,1163.75,1179.32,37769,Gold,1174.4971428571428,1105.3266666666668,0.0017328078282141668,0.009983570589254146
2009-12-01,1179.66,1201.32,1175.23,1195.3,32010,Gold,1180.94,1109.7243333333333,0.013550181460502575,0.010582327814570058
2009-12-02,1196.68,1216.9,1196.58,1215.1,35429,Gold,1188.4857142857143,1115.074,0.01656487910984694,0.011279581088174381
2009-12-03,1220.17,1226.37,1204.28,1207.6,37003,Gold,1194.0857142857144,1120.0240000000001,-0.006172331495350125,0.012261036280008885
2009-12-04,1205.68,1212.24,1147.32,1160.82,39303,Gold,1189.6028571428571,1123.3846666666666,-0.03873799271281875,0.018505826375915135
2009-12-07,1156.87,1164.62,1135.53,1157.7,39423,Gold,1184.7314285714285,1126.8056666666666,-0.0026877552075256217,0.018456806966701916
2009-12-08,1157.26,1168.47,1124.35,1128.1,41097,Gold,1177.7057142857143,1129.8116666666667,-0.025567936425671678,0.020069853970002705
2009-12-09,1130.78,1146.85,1116.75,1128.2,42337,Gold,1170.402857142857,1132.7466666666664,8.864462370361537e-05,0.01997499951015631
2009-12-10,1133.04,1136.49,1120.9,1129.9,42589,Gold,1161.06,1136.1663333333333,0.0015068250310228404,0.018457676091995882
2009-12-11,1134.59,1142.13,1109.36,1115.05,40729,Gold,1146.7671428571427,1138.4533333333334,-0.013142755996105926,0.014997175474321391
2009-12-14,1113.48,1127.33,1113.29,1126.8,34669,Gold,1135.2242857142858,1141.1813333333334,0.010537644051836326,0.017257808742189896
2009-12-15,1127.31,1128.99,1111.32,1123.1,36047,Gold,1129.8357142857144,1143.3196666666668,-0.003283635072772517,0.011593317798654483
2009-12-16,1123.02,1141.02,1121.33,1137.84,37197,Gold,1126.9985714285715,1144.846,0.013124387855043995,0.013433702711167029
2009-12-17,1139.32,1141.51,1094.71,1097.29,39721,Gold,1122.597142857143,1145.0956666666668,-0.03563769950080853,0.01651501147939092
2009-12-18,1103.93,1116.4,1096.83,1112.98,31105,Gold,1120.422857142857,1145.7043333333336,0.014298863563871,0.017892794199866034
2009-12-21,1114.13,1117.9,1090.0,1091.9,13637,Gold,1114.9942857142858,1145.3343333333332,-0.018940142680012206,0.018903516483446865
2009-12-22,1095.9,1097.14,1074.48,1083.4,25528,Gold,1110.472857142857,1144.5816666666665,-0.007784595658943072,0.01861187004170336
2009-12-23,1085.5,1095.67,1079.15,1087.77,44002,Gold,1104.8971428571429,1143.6123333333335,0.004033597932434851,0.017917159575029123
2009-12-24,1091.4,1105.67,1090.25,1105.15,36743,Gold,1102.3328571428572,1143.6656666666665,0.015977642332478448,0.01960357869523595
2009-12-28,1108.24,1113.4,1101.2,1108.29,36564,Gold,1098.1114285714286,1143.332333333333,0.0028412432701441226,0.018630887518847904
2009-12-29,1105.19,1108.09,1096.3,1097.26,48347,Gold,1098.107142857143,1141.916,-0.009952268810509812,0.012925617815574471
2009-12-30,1094.37,1096.36,1085.99,1093.91,52111,Gold,1095.3828571428571,1140.3586666666667,-0.003053059438966055,0.011303628711615239
2009-12-31,1093.22,1106.72,1093.05,1097.51,39189,Gold,1096.1842857142858,1138.894,0.00329094715287348,0.008711414241909387
2010-01-04,1094.61,1124.0,1093.08,1121.05,32157,Gold,1101.5628571428572,1138.1166666666666,0.021448551721624298,0.010708067139708271
2010-01-05,1121.4,1128.85,1115.4,1117.65,18068,Gold,1105.8314285714284,1137.0316666666668,-0.00303287096918059,0.011132543762334024
2010-01-06,1119.2,1140.65,1117.3,1137.15,20033,Gold,1110.4028571428573,1136.194,0.017447322507045948,0.011408042945981044
2010-01-07,1136.6,1139.2,1128.6,1131.45,19126,Gold,1113.7114285714285,1134.9623333333334,-0.005012531328320802,0.01193142335045576
2010-01-08,1127.65,1139.7,1119.8,1138.25,19989,Gold,1119.567142857143,1133.164,0.0060099871845860076,0.010475623963341963
2010-01-11,1153.6,1161.63,1148.76,1149.55,61229,Gold,1127.5157142857145,1131.755666666667,0.009927520316274974,0.009882711160621664
2010-01-12,1148.48,1158.03,1125.43,1128.18,75774,Gold,1131.8971428571429,1130.1190000000001,-0.018589882997694707,0.013937014196060851
2010-01-13,1130.1,1138.65,1118.82,1137.86,78554,Gold,1134.2985714285714,1128.737,0.00858019110425623,0.011965508285987097
2010-01-14,1138.53,1145.99,1130.94,1141.69,79324,Gold,1137.7328571428573,1126.95,0.003365967693740979,0.011742345222326443
2010-01-15,1143.98,1145.63,1126.71,1130.9,69044,Gold,1136.84,1124.1433333333332,-0.009450901733395245,0.010613167060307146
2010-01-18,1132.54,1137.13,1129.21,1133.2,46509,Gold,1137.09,1121.6633333333334,0.0020337784065787012,0.010473470053192071
2010-01-19,1135.52,1140.57,1128.65,1138.11,73469,Gold,1137.07,1120.9063333333334,0.004332862689728101,0.010338541458185961
2010-01-20,1138.59,1141.3,1107.03,1111.75,81703,Gold,1131.6699999999998,1119.3746666666666,-0.023161205858836076,0.01241421035643691
2010-01-21,1115.33,1117.43,1088.45,1093.05,84637,Gold,1126.6514285714286,1118.2063333333333,-0.016820328311221044,0.012098184604250946
2010-01-22,1094.55,1098.46,1082.15,1092.76,86171,Gold,1120.2085714285715,1117.025,-0.0002653126572434994,0.010914984565328014
2010-01-25,1094.72,1103.89,1092.73,1102.39,77764,Gold,1114.5942857142857,1116.108,0.008812548043486412,0.011825869144031572
2010-01-26,1100.73,1103.29,1085.52,1097.9,78153,Gold,1109.8799999999999,1115.5363333333332,-0.004072968731574145,0.011656789513382077
2010-01-27,1098.76,1102.24,1083.39,1088.27,79684,Gold,1103.4614285714285,1114.252,-0.008771290645778418,0.011412298785781086
2010-01-28,1088.62,1095.96,1074.01,1085.92,83977,Gold,1096.0057142857145,1113.0126666666667,-0.002159390592408106,0.010702140476764191
2010-01-29,1085.48,1090.04,1074.63,1080.67,83963,Gold,1091.5657142857144,1111.107,-0.004834610284367158,0.00784562807918262
2010-02-01,1082.66,1107.47,1076.52,1106.46,78843,Gold,1093.4814285714288,1111.4126666666668,0.023864824599553858,0.011152253196154528
2010-02-02,1103.43,1117.89,1098.85,1114.5,84179,Gold,1096.587142857143,1111.4633333333334,0.0072664172224932155,0.011282768862508893
2010-02-03,1115.52,1124.8,1107.09,1110.44,80699,Gold,1097.737142857143,1112.0813333333333,-0.0036428891879766168,0.01117140541149474
2010-02-04,1106.31,1110.83,1059.58,1064.35,83208,Gold,1092.9442857142858,1111.4463333333333,-0.04150606966607839,0.019734102752761027
2010-02-05,1064.5,1068.61,1044.46,1065.95,93817,Gold,1089.7557142857142,1110.719,0.0015032649034623091,0.019724277886181755
2010-02-08,1065.28,1073.64,1061.65,1062.63,80897,Gold,1086.4285714285716,1109.3016666666667,-0.00311459261691438,0.01972251698359718
2010-02-09,1063.29,1082.99,1062.9,1077.91,80269,Gold,1086.0342857142857,1108.289,0.014379417106612724,0.020723819551126482
2010-02-10,1077.5,1082.05,1063.28,1071.77,80239,Gold,1081.0785714285716,1107.4393333333333,-0.005696208403299097,0.017815659634008687
2010-02-11,1073.95,1097.64,1072.39,1095.08,82373,Gold,1078.304285714286,1107.4783333333332,0.021749069296584045,0.020092018020485464
2010-02-12,1092.97,1093.21,1077.79,1093.05,79923,Gold,1075.82,1107.3296666666668,-0.0018537458450523792,0.02008394957814223
2010-02-15,1096.54,1102.13,1091.45,1100.58,51511,Gold,1080.9957142857143,1106.6473333333333,0.006888980376012155,0.010094079193022543
2010-02-16,1098.88,1120.93,1097.97,1118.94,74448,Gold,1088.5657142857142,1106.6903333333332,0.016682113067655324,0.010859970937234967
2010-02-17,1117.85,1126.83,1105.02,1106.55,76413,Gold,1094.84,1105.6703333333332,-0.011072979784438886,0.012402910252716086
2010-02-18,1106.94,1123.82,1097.78,1108.55,81947,Gold,1099.2171428571428,1104.907,0.0018074194568704627,0.011863530993566837
2010-02-19,1100.23,1126.55,1099.34,1118.99,77698,Gold,1105.962857142857,1104.2649999999999,0.009417707816517185,0.011142883978582235
2010-02-22,1124.85,1130.75,1109.97,1113.92,46900,Gold,1108.6542857142856,1103.0773333333334,-0.0045308715895583385,0.009321481884423518
2010-02-23,1114.87,1120.93,1099.08,1103.0,50409,Gold,1110.0757142857144,1102.238,-0.00980321746624535,0.010363075034278451
2010-02-24,1105.88,1107.94,1089.65,1097.28,46249,Gold,1109.6042857142859,1100.8853333333332,-0.005185856754306495,0.010290435110711716
2010-02-25,1100.65,1108.94,1088.1,1106.05,51033,Gold,1107.7628571428572,1099.6973333333333,0.007992490522018114,0.008200511941625981
2010-02-26,1104.38,1118.7,1104.38,1117.3,49010,Gold,1109.2985714285714,1099.244,0.01017133041001772,0.008050951766669725
2010-03-01,1117.83,1123.28,1112.05,1118.5,47972,Gold,1110.72,1098.754,0.0010740177212924529,0.008049687770254785
2010-03-02,1116.85,1137.37,1114.74,1134.33,46974,Gold,1112.9114285714284,1098.6280000000002,0.014152883325882826,0.008989187742919345
2010-03-03,1135.61,1144.62,1132.13,1139.58,48537,Gold,1116.5771428571427,1099.5556666666666,0.004628282774853831,0.008538563784925885
2010-03-04,1139.03,1141.33,1125.72,1131.78,47333,Gold,1120.6885714285713,1100.8466666666668,-0.00684462696783017,0.00782592212398371
2010-03-05,1131.39,1140.32,1127.35,1134.55,42460,Gold,1126.012857142857,1102.2396666666668,0.00244747212355767,0.006850349136938084
2010-03-08,1134.85,1137.5,1118.55,1123.37,30818,Gold,1128.4871428571428,1102.9389999999999,-0.009854127186990524,0.008570553357686072
2010-03-09,1122.92,1124.28,1108.45,1121.53,33625,Gold,1129.0914285714284,1103.7266666666667,-0.001637928732296512,0.007887303103324785
2010-03-10,1122.25,1127.8,1103.47,1108.25,35749,Gold,1127.6271428571429,1104.3926666666666,-0.011840967250095868,0.00915713380218161
2010-03-11,1109.07,1111.62,1100.45,1109.35,44718,Gold,1124.0585714285714,1105.1736666666666,0.0009925558312653404,0.006395421590517498
2010-03-12,1111.34,1119.1,1098.45,1101.49,54665,Gold,1118.6171428571429,1105.8676666666665,-0.007085230089692085,0.005486245720711012
2010-03-15,1104.22,1109.7,1101.24,1108.75,48145,Gold,1115.3271428571427,1105.944,0.006591072093255601,0.0068463684836344045
2010-03-16,1108.88,1128.43,1108.19,1125.7,51499,Gold,1114.0628571428572,1106.3173333333332,0.015287485907553577,0.009662584221206243
2010-03-17,1126.7,1132.97,1118.22,1124.45,46108,Gold,1114.217142857143,1106.7843333333333,-0.0011104201829972293,0.00887181791788737
2010-03-18,1122.47,1129.04,1118.04,1126.13,50315,Gold,1114.8742857142856,1108.8436666666666,0.0014940637645071142,0.008844322481680591
2010-03-19,1125.98,1126.82,1101.38,1106.64,50731,Gold,1114.6442857142858,1110.2,-0.017307060463712,0.010256297708427743
2010-03-22,1105.62,1108.65,1092.41,1101.63,38764,Gold,1113.5414285714287,1111.5,-0.0045272175233137535,0.010364312584404341
2010-03-23,1105.0,1107.84,1094.39,1104.85,64495,Gold,1114.0214285714287,1112.3980000000001,0.0029229414594735825,0.010063004033150694
2010-03-24,1102.85,1105.02,1085.05,1086.52,70723,Gold,1110.8457142857144,1112.8896666666667,-0.01659048739647906,0.011436862131088977
2010-03-25,1086.83,1095.65,1086.54,1089.8,70816,Gold,1105.7171428571428,1112.7136666666665,0.0030188123550418666,0.008843083498848025
2010-03-26,1091.01,1109.13,1089.16,1107.1,64616,Gold,1103.2385714285715,1113.182,0.0158744723802533,0.011793549712676328
2010-03-29,1110.18,1114.53,1103.43,1109.61,53247,Gold,1100.8785714285714,1113.483,0.0022671845361756926,0.011837004559014219
2010-03-30,1109.95,1113.22,1101.56,1103.33,52352,Gold,1100.4057142857143,1112.9626666666666,-0.005659646181991884,0.01001274704313186
2010-03-31,1102.81,1117.86,1102.49,1112.89,58087,Gold,1102.0142857142857,1113.174,0.008664678745253118,0.010339281650654609
2010-04-01,1112.98,1127.69,1111.45,1126.5,62526,Gold,1105.107142857143,1113.7723333333333,0.012229420697463356,0.01112154571936374
2010-04-02,1125.4,1126.71,1118.6,1122.18,42126,Gold,1110.2014285714286,1113.8786666666667,-0.0038348868175764883,0.008022621358139942
2010-04-05,1125.39,1133.15,1122.45,1131.58,50932,Gold,1116.17,1114.4673333333335,0.008376552781193647,0.00809614117762774
2010-04-06,1131.55,1138.43,1122.64,1133.98,56854,Gold,1120.01,1115.5,0.002120928259601751,0.006680353149197053
2010-04-07,1135.78,1152.9,1132.3,1149.04,57784,Gold,1125.642857142857,1117.225333333333,0.0132806575071871,0.007589824503444304
2010-04-08,1148.86,1153.53,1143.46,1150.24,56037,Gold,1132.3442857142857,1118.6983333333333,0.001044350066142119,0.006336282233043206
2010-04-09,1150.17,1164.37,1149.31,1161.54,53818,Gold,1139.2942857142857,1120.173,0.00982403672277088,0.006432479424838076
2010-04-12,1167.03,1169.44,1154.09,1156.1,56078,Gold,1143.5228571428572,1121.4263333333333,-0.004683437505380805,0.006925292033239254
2010-04-13,1155.31,1156.9,1145.05,1150.37,58005,Gold,1147.55,1121.961,-0.004956318657555636,0.007139197095618291
2010-04-14,1151.63,1161.65,1150.12,1155.06,59147,Gold,1150.9042857142856,1122.4769999999999,0.0040769491554890624,0.006835477518524472
2010-04-15,1155.29,1161.21,1150.12,1158.79,51885,Gold,1154.4485714285713,1123.3773333333334,0.0032292694751787643,0.0068256813795039535
2010-04-16,1159.92,1160.08,1129.89,1137.11,63287,Gold,1152.7442857142855,1123.4626666666668,-0.018709170772961525,0.009186917291835506
2010-04-19,1134.76,1137.78,1123.78,1135.5,61199,Gold,1150.6385714285714,1123.8669999999997,-0.001415870056546753,0.00912226500998328
2010-04-20,1135.51,1145.79,1133.39,1140.5,49152,Gold,1147.6328571428571,1124.4993333333332,0.004403346543373043,0.008148684941355065
2010-04-21,1139.91,1150.23,1137.65,1146.4,52880,Gold,1146.2471428571428,1125.771,0.005173169662428867,0.008565446108759764
2010-04-23,1141.4,1157.56,1134.82,1157.37,60295,Gold,1147.2471428571428,1127.3716666666667,0.009569085833914581,0.00922937066704055
2010-04-26,1157.77,1159.71,1150.74,1153.37,45297,Gold,1147.0057142857142,1129.1009999999999,-0.0034561117015301512,0.009236894534843458
2010-04-27,1153.36,1172.4,1146.35,1167.57,62081,Gold,1148.26,1131.0616666666667,0.012311747314391885,0.010363542427128464
2010-04-28,1166.31,1174.02,1160.41,1165.45,62388,Gold,1152.3085714285714,1132.3866666666668,-0.0018157369579553384,0.0060400906077700085
2010-04-29,1164.83,1170.98,1162.09,1166.6,54562,Gold,1156.7514285714285,1133.7916666666667,0.0009867433180315022,0.005774038260213245
2010-04-30,1169.18,1181.41,1167.65,1178.72,53743,Gold,1162.2114285714285,1135.544666666667,0.010389165095148423,0.006284808809999084
2010-05-03,1177.78,1187.44,1176.42,1182.04,45302,Gold,1167.3028571428572,1138.058,0.002816614632821901,0.006320556403946919
2010-05-04,1183.43,1191.97,1167.08,1170.85,64102,Gold,1169.2285714285713,1140.3653333333334,-0.009466684714561358,0.007675768158910364
2010-05-05,1172.29,1176.33,1157.62,1174.71,70982,Gold,1172.277142857143,1142.694,0.0032967502241962876,0.007339541547945904
2010-05-06,1176.19,1210.98,1172.39,1208.05,77411,Gold,1178.06,1146.745,0.028381472874156044,0.011938912993450177
2010-05-07,1204.44,1213.13,1192.88,1207.87,85810,Gold,1184.1200000000001,1150.6806666666666,-0.00014900045527921346,0.011797478415087386
2010-05-10,1200.43,1205.49,1184.06,1202.64,47415,Gold,1189.2685714285712,1153.8653333333334,-0.004329936168627202,0.01227390734464358
2010-05-11,1202.64,1234.13,1200.55,1232.33,49875,Gold,1196.9271428571428,1157.956,0.0246873544867956,0.014432767619481986
2010-05-12,1230.1,1248.21,1226.58,1238.64,73755,Gold,1205.0128571428572,1162.4663333333333,0.0051203817159366505,0.01436187028248637
2010-05-13,1238.66,1242.88,1227.31,1232.51,62249,Gold,1213.8214285714287,1166.4536666666668,-0.004948976296583418,0.013590282439854598
2010-05-14,1234.3,1249.12,1218.07,1232.46,70417,Gold,1222.0714285714287,1169.9856666666667,-4.056762216930743e-05,0.01381638521336133
2010-05-17,1232.97,1242.06,1219.1,1222.22,63849,Gold,1224.0957142857144,1173.3203333333333,-0.008308586079872837,0.011009876080167496
2010-05-18,1223.99,1228.72,1206.74,1224.83,71795,Gold,1226.5185714285715,1176.4286666666665,0.0021354584281061406,0.010979103065524866
2010-05-19,1223.82,1227.48,1186.81,1193.46,85959,Gold,1225.207142857143,1178.4113333333332,-0.025611717544475443,0.015181113204828048
2010-05-20,1193.89,1197.85,1175.01,1182.16,78158,Gold,1218.0400000000002,1179.5153333333333,-0.00946826873125195,0.010233408719580853
2010-05-21,1182.36,1187.34,1166.34,1176.81,84210,Gold,1209.207142857143,1180.401,-0.004525614130067135,0.00909187987261916
2010-05-24,1180.82,1196.55,1179.35,1191.38,69528,Gold,1203.3314285714284,1181.3956666666668,0.012380928102242672,0.011784446829449227
2010-05-25,1191.15,1204.04,1185.24,1204.02,77840,Gold,1199.2685714285715,1182.993,0.010609545233258855,0.013110718407215676
2010-05-26,1202.62,1216.34,1200.85,1211.39,61009,Gold,1197.7214285714285,1185.0269999999998,0.006121160778060242,0.013316576946808156
2010-05-27,1212.97,1218.26,1205.77,1212.27,44438,Gold,1195.9271428571428,1186.9340000000002,0.0007264382238585387,0.013268423008965597
2010-05-28,1211.92,1215.19,1202.0,1214.05,52696,Gold,1198.8685714285714,1188.776,0.0014683197637490597,0.007887900474965797
2010-05-31,1214.05,1217.73,1209.81,1216.0,28205,Gold,1203.702857142857,1191.4056666666665,0.0016061941435689953,0.005971403923388219
2010-06-01,1216.65,1228.62,1214.57,1225.47,58959,Gold,1210.6542857142856,1194.4046666666666,0.007787828947368514,0.004700815497960747
2010-06-02,1226.39,1226.91,1213.77,1223.24,64400,Gold,1215.2057142857143,1197.1626666666666,-0.0018197099888206392,0.004452274280594246
2010-06-03,1223.41,1224.54,1201.14,1206.36,65478,Gold,1215.5400000000002,1199.1613333333332,-0.013799417939243441,0.0070296183339522275
2010-06-04,1206.89,1219.85,1196.8,1219.58,74267,Gold,1216.7099999999998,1201.2350000000001,0.010958586160018546,0.007883342047383092
2010-06-07,1219.81,1244.47,1210.52,1240.05,69751,Gold,1220.6785714285713,1204.1243333333334,0.016784466783646756,0.009877998297660293
2010-06-08,1240.02,1251.69,1233.31,1236.39,76679,Gold,1223.8700000000001,1206.4183333333335,-0.0029514938913752786,0.010150869628236029
2010-06-09,1237.15,1240.73,1221.8,1233.0,62285,Gold,1226.2985714285714,1208.6700000000003,-0.0027418532987164568,0.01035650463529281
2010-06-10,1231.16,1233.98,1215.24,1216.28,70455,Gold,1224.9857142857143,1210.326,-0.013560421735604233,0.01146295651785504
2010-06-11,1218.25,1230.44,1216.42,1226.25,64390,Gold,1225.4157142857143,1211.9103333333333,0.008197125661854265,0.011960693815529718
2010-06-14,1230.32,1233.95,1216.54,1221.0,29204,Gold,1227.5071428571428,1213.209,-0.004281345565749217,0.01053139891606201
2010-06-15,1220.63,1236.7,1219.66,1233.93,29875,Gold,1229.5571428571427,1215.3116666666667,0.010589680589680572,0.010478557272065786
2010-06-16,1233.55,1237.59,1226.82,1228.85,27520,Gold,1227.957142857143,1217.1163333333332,-0.004116927216292754,0.008200608121197397
2010-06-17,1229.98,1250.88,1229.48,1244.81,27159,Gold,1229.1599999999999,1218.3416666666667,0.012987752776986605,0.009725815544839445
2010-06-18,1244.52,1262.08,1241.68,1256.58,23876,Gold,1232.5285714285715,1219.9653333333333,0.009455258232180075,0.010029358096115146
2010-06-21,1259.55,1265.02,1230.55,1233.45,29853,Gold,1234.9814285714288,1220.9923333333331,-0.018407104999283663,0.011414865053098426
2010-06-22,1234.45,1242.59,1231.97,1239.68,28851,Gold,1236.8999999999999,1221.2373333333333,0.005050873566013969,0.011192748696259773
2010-06-23,1240.22,1246.14,1224.56,1236.99,21494,Gold,1239.1842857142858,1221.1823333333334,-0.0021699148167269033,0.01103482160728363
2010-06-24,1237.6,1248.07,1227.93,1243.1,27534,Gold,1240.4942857142855,1221.5353333333333,0.004939409372751502,0.010487413640905052
2010-06-25,1242.07,1258.18,1241.39,1255.45,24048,Gold,1244.2942857142857,1222.3016666666665,0.009934840318558624,0.010664487177200282
2010-06-28,1254.3,1262.5,1235.45,1238.65,29146,Gold,1243.4142857142856,1222.849333333333,-0.013381655979927465,0.011236965884158056
2010-06-29,1239.55,1244.9,1227.18,1240.3,31290,Gold,1241.0885714285716,1223.3650000000002,0.0013320954264721685,0.010407822895410411
2010-06-30,1241.2,1247.25,1234.64,1242.13,29140,Gold,1242.3285714285716,1224.9873333333335,0.0014754494880271363,0.007404637482128225
2010-07-01,1242.53,1243.73,1196.35,1198.4,37941,Gold,1236.4314285714286,1225.5286666666666,-0.035205654802637376,0.015242387038389179
2010-07-02,1201.8,1213.17,1200.46,1211.33,34807,Gold,1232.7657142857145,1226.6793333333335,0.010789385847796984,0.016351144479382414
2010-07-05,1210.93,1214.28,1205.7,1208.6,15358,Gold,1227.837142857143,1227.2533333333333,-0.002253721116458829,0.01600055825916537
2010-07-06,1206.5,1213.42,1189.28,1192.3,31710,Gold,1218.8157142857142,1226.8626666666667,-0.01348667880191956,0.015045375952601688
2010-07-07,1193.6,1203.78,1184.78,1202.48,29398,Gold,1213.6485714285716,1226.5656666666666,0.008538119600771665,0.015817119737538653
2010-07-08,1203.1,1207.65,1187.38,1197.91,26980,Gold,1207.5928571428572,1226.087,-0.0038004790100458763,0.015640458214995035
2010-07-09,1196.85,1213.53,1194.3,1211.54,23852,Gold,1203.222857142857,1226.0033333333333,0.011378150278401389,0.016718542163804303
2010-07-12,1211.08,1212.25,1196.26,1196.55,25095,Gold,1202.9585714285713,1225.355,-0.012372682701355275,0.01059135563520816
2010-07-13,1196.75,1217.75,1196.75,1212.03,22873,Gold,1203.0585714285714,1224.907,0.012937194433997767,0.01098562143116204
2010-07-14,1211.84,1217.73,1202.45,1208.16,24643,Gold,1202.9957142857145,1224.4043333333334,-0.0031929902725179593,0.011025314808517157
2010-07-15,1208.77,1217.07,1203.82,1208.03,29452,Gold,1205.2428571428572,1224.46,-0.00010760164216672141,0.009326420039599917
2010-07-16,1208.35,1210.62,1186.0,1192.68,29116,Gold,1203.8428571428574,1223.5633333333333,-0.012706638080180022,0.010224061838963282
2010-07-19,1192.55,1194.78,1177.6,1182.64,28079,Gold,1201.6614285714284,1221.6496666666667,-0.00841801656772978,0.01056870952520451
2010-07-20,1184.01,1193.63,1175.66,1191.85,29939,Gold,1198.8485714285714,1220.165,0.007787661503077636,0.00988874888518475
2010-07-21,1190.7,1197.8,1183.29,1184.78,29659,Gold,1197.1671428571428,1218.5576666666666,-0.0059319545244787,0.009059806780033939
2010-07-22,1184.6,1200.46,1180.97,1194.64,26994,Gold,1194.6828571428573,1217.8363333333332,0.008322220159016958,0.007943818434722217
2010-07-23,1196.2,1203.75,1183.82,1188.82,29475,Gold,1191.92,1216.5886666666665,-0.004871760530369085,0.008009661398685485
2010-07-26,1189.2,1194.53,1179.6,1183.3,25293,Gold,1188.387142857143,1215.3319999999999,-0.004643259702898694,0.00798852088648131
2010-07-27,1184.17,1186.98,1157.88,1161.3,23420,Gold,1183.9042857142856,1212.911,-0.018592073016141297,0.00937860578249946
2010-07-28,1161.35,1165.88,1157.0,1163.0,21894,Gold,1181.0985714285712,1210.7160000000001,0.0014638766899164324,0.009304727617352706
2010-07-29,1163.45,1169.2,1159.37,1167.8,22791,Gold,1177.662857142857,1208.1490000000001,0.004127257093723191,0.008724680936951225
2010-07-30,1166.13,1183.28,1165.56,1180.55,25051,Gold,1177.0585714285714,1205.6146666666668,0.01091796540503509,0.009975508650637831
2010-08-02,1181.13,1189.64,1174.53,1182.48,24847,Gold,1175.3214285714287,1203.9156666666668,0.0016348312227352224,0.00929005076286347
2010-08-03,1180.95,1190.43,1179.4,1185.88,22571,Gold,1174.9014285714288,1202.1223333333335,0.0028753129016982903,0.009272204995653415
2010-08-04,1187.68,1202.75,1187.68,1194.52,25927,Gold,1176.5042857142857,1200.7066666666665,0.00728572874152511,0.009439183168262527
2010-08-05,1195.35,1199.6,1189.83,1194.67,22501,Gold,1181.2714285714285,1199.0923333333333,0.00012557345209796011,0.003806705020125562
2010-08-06,1194.95,1210.74,1192.29,1204.98,22910,Gold,1187.2685714285715,1197.41,0.00862999824219246,0.003952494346882247
2010-08-09,1205.3,1209.65,1198.98,1201.02,18510,Gold,1192.0142857142857,1196.1556666666665,-0.003286361599362686,0.005083429724844585
2010-08-10,1201.19,1207.23,1190.58,1203.98,24740,Gold,1195.3614285714286,1194.945,0.0024645717806530687,0.004077997826731896
2010-08-11,1203.25,1207.75,1192.26,1197.85,27963,Gold,1197.5571428571427,1193.469,-0.0050914467017725284,0.005074176794244835
2010-08-12,1199.95,1215.23,1197.68,1213.63,25196,Gold,1201.5214285714285,1193.9766666666667,0.013173602704846354,0.006662689602079369
2010-08-13,1213.98,1217.38,1210.7,1215.2,23466,Gold,1204.4757142857143,1194.1056666666666,0.0012936397419311962,0.006451149746356068
2010-08-16,1214.7,1227.23,1214.05,1224.93,19965,Gold,1208.7985714285714,1194.65,0.008006912442396263,0.0066576689274226225
2010-08-17,1224.6,1228.79,1222.38,1224.53,20312,Gold,1211.5914285714284,1195.7243333333333,-0.00032654927220343577,0.006384630403005238
2010-08-18,1224.15,1232.3,1217.69,1229.13,21310,Gold,1215.607142857143,1196.6126666666667,0.0037565433268276216,0.005889802722363682
2010-08-19,1230.63,1237.25,1227.7,1231.71,22100,Gold,1219.5685714285714,1197.7393333333334,0.0020990456664469193,0.005900316861530917
2010-08-20,1231.1,1232.75,1221.98,1227.58,23428,Gold,1223.8157142857142,1198.2740000000001,-0.0033530620032313774,0.005513484686771923
2010-08-23,1227.55,1231.79,1221.73,1225.83,21239,Gold,1225.5585714285714,1199.25,-0.0014255690056860226,0.0037249603909300195
2010-08-24,1224.98,1235.29,1210.71,1230.28,26606,Gold,1227.712857142857,1199.8583333333333,0.003630193419968508,0.0038137244556368036
2010-08-25,1230.94,1241.28,1228.98,1239.8,26065,Gold,1229.8371428571427,1200.913,0.007738075885164397,0.0037411072929386716
2010-08-26,1239.28,1243.94,1233.98,1237.28,23901,Gold,1231.6585714285716,1201.888,-0.002032585900951789,0.003947391459254724
2010-08-27,1234.18,1242.1,1231.98,1237.8,25609,Gold,1232.8971428571426,1203.392,0.0004202767360661497,0.003827354226506453
2010-08-30,1237.2,1238.23,1233.3,1236.69,17248,Gold,1233.6085714285714,1205.1936666666666,-0.0008967523024719926,0.0038528099598867257
2010-08-31,1237.1,1249.7,1231.79,1247.2,25708,Gold,1236.4114285714284,1207.0386666666668,0.008498491942200648,0.004400058907506602
2010-09-01,1247.4,1254.48,1242.41,1243.9,24674,Gold,1238.9928571428572,1209.0093333333332,-0.0026459268762026866,0.004591189999560587
2010-09-02,1243.8,1252.95,1243.25,1250.71,24912,Gold,1241.9114285714288,1210.8783333333336,0.005474716617091424,0.004743928253432169
2010-09-03,1250.6,1253.6,1237.7,1246.34,24281,Gold,1242.8457142857144,1212.7956666666666,-0.003494015399253314,0.004517900854717068
2010-09-06,1248.15,1250.9,1246.75,1249.7,9612,Gold,1244.6200000000001,1215.0089999999998,0.0026958935763918834,0.004382122050956621
2010-09-07,1250.45,1259.43,1244.58,1255.43,22090,Gold,1247.1385714285714,1218.1466666666665,0.004585100424101762,0.004502301675822467
2010-09-08,1255.5,1262.05,1253.49,1254.8,22596,Gold,1249.7257142857143,1221.2066666666665,-0.0005018200935138495,0.004461790137880958
2010-09-09,1255.4,1258.68,1242.28,1243.4,23452,Gold,1249.182857142857,1223.7266666666667,-0.00908511316544458,0.005147856675532943
2010-09-10,1244.7,1250.35,1236.5,1245.75,18642,Gold,1249.447142857143,1225.9,0.0018899790895929858,0.005106939817690911
2010-09-13,1244.93,1248.83,1241.01,1245.35,22307,Gold,1248.6814285714286,1227.9956666666667,-0.00032109171182026497,0.004553532301924682
2010-09-14,1246.49,1274.58,1246.49,1267.94,27320,Gold,1251.7671428571427,1230.731,0.018139478861364466,0.008170418307773007
2010-09-15,1268.95,1271.75,1263.13,1267.75,25596,Gold,1254.3457142857144,1233.172,-0.00014984936195727716,0.008228826489715778
2010-09-16,1267.08,1277.57,1264.65,1274.93,26329,Gold,1257.1314285714286,1235.8473333333336,0.0056635772037074705,0.008293399712153296
2010-09-17,1274.93,1282.58,1271.79,1273.93,24158,Gold,1259.8642857142859,1238.1456666666668,-0.0007843567882158675,0.00830960293659619
2010-09-20,1276.9,1283.48,1274.18,1277.93,24498,Gold,1264.797142857143,1240.7093333333335,0.0031398899468573216,0.0066663582859489605
2010-09-21,1277.88,1290.63,1270.93,1286.97,29941,Gold,1270.685714285714,1243.4756666666665,0.007073939887161318,0.0066886152081004
2010-09-22,1287.72,1295.88,1286.37,1291.09,54366,Gold,1277.2199999999998,1246.5836666666667,0.0032013178240362095,0.006374780304683806
2010-09-23,1289.45,1295.78,1286.76,1292.13,62560,Gold,1280.6757142857143,1249.2003333333334,0.000805520916435043,0.002949859872580911
2010-09-24,1294.4,1299.66,1291.45,1296.18,65533,Gold,1284.7371428571428,1251.8996666666667,0.003134359545866161,0.0026673723280040674
2010-09-27,1295.61,1299.77,1293.92,1294.12,52301,Gold,1287.4785714285715,1254.206,-0.0015892854387509203,0.0029353862836251354
2010-09-28,1294.77,1309.84,1282.75,1308.7,71568,Gold,1292.445714285714,1257.0116666666665,0.011266343152103397,0.004196959944400003
2010-09-29,1309.45,1313.15,1305.55,1309.48,60587,Gold,1296.952857142857,1259.69,0.0005960113089324981,0.0043761895624070835
2010-09-30,1307.69,1315.59,1295.98,1307.94,34242,Gold,1299.9485714285713,1262.231,-0.001176039343861679,0.004363628947723213
2010-10-01,1307.35,1320.44,1306.72,1318.72,58947,Gold,1303.8957142857143,1265.269,0.008241968286006873,0.004914491295619947
2010-10-04,1319.82,1319.91,1312.27,1314.95,54642,Gold,1307.1557142857143,1268.2396666666668,-0.0028588328075709324,0.005366521111525636
2010-10-05,1312.78,1341.4,1312.55,1340.36,65694,Gold,1313.467142857143,1271.909,0.01932392866648902,0.008341328314337197
2010-10-06,1340.35,1349.6,1338.75,1348.63,74317,Gold,1321.2542857142857,1275.5366666666666,0.006169984183353794,0.007847155312043023
2010-10-08,1335.28,1349.49,1324.97,1347.21,78526,Gold,1326.7557142857145,1279.201,-0.001052920371043209,0.007834314669446969
2010-10-11,1353.13,1355.12,1340.13,1353.77,65477,Gold,1333.0828571428572,1283.0666666666666,0.004869322525812514,0.007673545253365703
2010-10-12,1353.93,1353.98,1340.53,1350.15,75940,Gold,1339.1128571428574,1286.8486666666665,-0.002674014049653839,0.007885553369908082
2010-10-13,1352.06,1373.94,1350.5,1371.87,73734,Gold,1346.7057142857143,1291.0043333333333,0.016087101433174045,0.00897583518147562
2010-10-14,1372.24,1387.03,1370.69,1380.83,85124,Gold,1356.1171428571429,1295.5686666666668,0.006531231093325207,0.008147902582977111
2010-10-15,1380.13,1385.11,1362.41,1368.17,76917,Gold,1360.0900000000001,1299.484,-0.00916839871671371,0.008103162330069823
2010-10-18,1367.83,1374.76,1352.73,1368.2,75658,Gold,1362.8857142857144,1303.5459999999998,2.1927099702612196e-05,0.008030880254003872
2010-10-19,1370.25,1370.82,1328.27,1331.68,80782,Gold,1360.667142857143,1306.2786666666666,-0.026692004092968902,0.013610484372394788
2010-10-20,1333.18,1346.92,1330.4,1345.93,80485,Gold,1359.547142857143,1309.2953333333332,0.01070076895350236,0.01423480873021369
2010-10-21,1347.55,1349.02,1317.8,1325.39,84532,Gold,1356.01,1311.6483333333333,-0.015260823371200605,0.015276408242694068
2010-10-22,1323.56,1328.33,1315.14,1328.18,70435,Gold,1349.7685714285715,1314.474333333333,0.0021050407804494853,0.013209152829622069
2010-10-25,1331.66,1349.03,1331.43,1339.65,60169,Gold,1343.8857142857144,1317.6043333333332,0.008635877667183767,0.01352330362501767
2010-10-26,1339.2,1343.5,1327.9,1339.3,28987,Gold,1339.7614285714285,1320.736,-0.0002612622699960099,0.013400428109735976
2010-10-27,1342.95,1343.4,1318.8,1324.72,39268,Gold,1333.55,1322.6286666666667,-0.010886283879638525,0.013627603787101915
2010-10-28,1324.9,1345.4,1322.76,1343.73,31427,Gold,1335.2714285714285,1325.1613333333332,0.014350202306902649,0.01109307494935484
2010-10-29,1341.3,1359.3,1334.99,1359.0,27929,Gold,1337.1385714285714,1327.9636666666665,0.011363890067201066,0.011188750021105556
2010-11-01,1361.2,1365.3,1348.9,1352.65,26032,Gold,1341.0328571428574,1330.5876666666666,-0.004672553348049946,0.009070644626252908
2010-11-02,1354.1,1359.6,1350.2,1356.3,24606,Gold,1345.05,1333.2,0.0026984068310351716,0.009064226084590874
2010-11-03,1354.65,1364.3,1325.55,1347.95,38163,Gold,1346.2357142857143,1335.2326666666668,-0.006156455061564481,0.009262329539894597
2010-11-04,1348.73,1393.45,1347.55,1391.2,32932,Gold,1353.65,1338.5696666666665,0.03208575985756146,0.014917637693279197
2010-11-05,1387.13,1397.95,1373.65,1393.25,29097,Gold,1363.44,1341.9403333333335,0.0014735480161012227,0.013292194476441466
2010-11-08,1397.7,1410.3,1386.8,1409.25,34067,Gold,1372.8,1345.7093333333332,0.011483940427059025,0.01308151381012383
2010-11-09,1405.7,1424.3,1382.6,1392.37,38391,Gold,1377.567142857143,1348.9843333333333,-0.0119780024835906,0.014635671924835315
2010-11-10,1396.5,1410.0,1383.9,1402.9,36179,Gold,1384.7457142857143,1352.1243333333334,0.007562644986605749,0.014212826777452748
2010-11-11,1400.8,1413.1,1399.8,1412.0,11688,Gold,1392.702857142857,1355.5416666666667,0.00648656354693844,0.01416886671876722
2010-11-15,1373.08,1376.6,1355.55,1360.3,43633,Gold,1394.4671428571426,1357.287,-0.03661473087818701,0.02133533537474696
2010-11-16,1356.6,1364.4,1329.5,1337.65,43881,Gold,1386.817142857143,1357.9180000000001,-0.016650738807615917,0.017252125838299506
2010-11-17,1339.33,1344.55,1330.8,1335.6,41681,Gold,1378.5814285714284,1358.6063333333334,-0.001532538406907813,0.017087327651882256
2010-11-18,1340.75,1359.1,1340.6,1353.75,35445,Gold,1370.652857142857,1359.0526666666667,0.013589398023360344,0.017458656865568887
2010-11-19,1361.25,1362.0,1341.45,1353.15,39984,Gold,1365.05,1359.2033333333334,-0.00044321329639884777,0.01729897925050384
2010-11-22,1358.3,1367.75,1348.35,1365.97,35509,Gold,1359.7742857142857,1359.8286666666668,0.009474189853305282,0.017524497601301595
2010-11-23,1364.2,1382.18,1356.1,1375.0,36611,Gold,1354.4885714285715,1360.5363333333332,0.006610686911132646,0.01753654600327903
2010-11-24,1372.4,1381.2,1369.15,1372.35,30193,Gold,1356.2099999999998,1361.2763333333335,-0.0019272727272727774,0.00991426916383603
2010-11-25,1373.33,1374.9,1367.48,1374.6,20202,Gold,1361.4885714285715,1361.3673333333334,0.0016395234451853646,0.00605178946129339
2010-11-26,1373.7,1374.25,1350.7,1363.1,24766,Gold,1365.4171428571428,1360.7763333333335,-0.008366070129492198,0.007463625053832295
2010-11-29,1358.15,1369.18,1353.2,1366.65,26360,Gold,1367.26,1360.7256666666667,0.0026043577140342222,0.005826516756787213
2010-11-30,1365.3,1389.7,1362.73,1386.4,29048,Gold,1372.01,1361.3323333333333,0.014451395748728668,0.00752576484647566
2010-12-01,1383.2,1396.7,1381.8,1386.6,30257,Gold,1374.9571428571428,1363.1630000000002,0.00014425851125210443,0.00710542449146086
2010-12-02,1387.2,1398.2,1382.75,1384.65,35132,Gold,1376.3357142857144,1364.4536666666668,-0.0014063176114235132,0.0069129716202365205
2010-12-03,1386.9,1415.45,1385.4,1413.4,30680,Gold,1382.2000000000003,1367.3873333333333,0.02076336980464366,0.00995236927702418
2010-12-06,1410.17,1427.2,1408.7,1422.75,30129,Gold,1389.0785714285714,1370.5396666666668,0.006615253997452886,0.009911495474566686
2010-12-07,1422.9,1430.88,1395.88,1400.9,34568,Gold,1394.4785714285715,1372.5813333333333,-0.015357582147250026,0.011675013968924463
2010-12-08,1402.65,1403.23,1371.38,1381.0,44176,Gold,1396.5285714285715,1373.9713333333334,-0.014205153829681016,0.013577309973498073
2010-12-09,1382.6,1394.15,1380.6,1387.15,35219,Gold,1396.6357142857144,1376.0523333333333,0.004453294713975486,0.012478022744818431
2010-12-10,1387.07,1392.0,1372.0,1385.7,32632,Gold,1396.507142857143,1377.4513333333334,-0.00104530872652564,0.012486114381526869
2010-12-14,1403.5,1407.8,1391.7,1395.4,23434,Gold,1398.0428571428572,1378.6646666666668,0.007000072165692428,0.012733057056929138
2010-12-15,1394.8,1396.9,1377.6,1380.6,29390,Gold,1393.3571428571431,1379.5963333333334,-0.010606277769815264,0.009893516596511954
2010-12-16,1380.25,1386.2,1361.19,1370.95,30166,Gold,1385.9571428571428,1380.0846666666666,-0.006989714616833176,0.008906663614808238
2010-12-17,1369.0,1378.63,1364.63,1374.85,29117,Gold,1382.2357142857143,1380.9813333333334,0.0028447426966700107,0.008082955096218638
2010-12-20,1382.61,1387.95,1375.92,1385.01,60634,Gold,1382.8085714285714,1380.7750000000003,0.007389897079681518,0.006983931958958045
2010-12-21,1384.05,1391.84,1380.9,1385.28,62987,Gold,1382.5414285714287,1380.5093333333332,0.00019494444083445472,0.006757395162232609
2010-12-22,1389.13,1390.83,1382.96,1385.15,58858,Gold,1382.462857142857,1379.7059999999997,-9.38438438438105e-05,0.00674648708876384
2010-12-23,1386.86,1388.23,1372.18,1379.65,60628,Gold,1380.212857142857,1379.282,-0.003970689095043833,0.006080658023520277
2010-12-24,1380.91,1384.6,1378.03,1383.0,1967,Gold,1380.5557142857142,1378.6186666666665,0.002428152067553313,0.004704673236136493
2010-12-27,1376.82,1384.6,1376.32,1383.29,60265,Gold,1382.3185714285714,1377.6616666666666,0.0002096890817064878,0.003485143380282808
2010-12-28,1385.1,1406.18,1384.52,1405.3,38529,Gold,1386.6685714285716,1379.1616666666666,0.015911341801068568,0.006582224797371796
2010-12-29,1402.4,1413.63,1400.9,1411.25,31003,Gold,1390.4171428571428,1381.6150000000002,0.0042339713940084955,0.006347533690092511
2010-12-30,1410.72,1414.48,1402.75,1404.37,30332,Gold,1393.1442857142854,1383.907333333333,-0.0048751107174491715,0.006942640534489368
2010-12-31,1406.0,1409.0,1405.4,1408.13,3972,Gold,1396.4271428571428,1385.72,0.002677357106745548,0.006883591609993134
2011-01-03,1415.71,1423.77,1412.9,1414.54,35547,Gold,1401.4114285714284,1387.7663333333335,0.004552136521485783,0.006303745851172341
2011-01-04,1415.88,1417.04,1374.8,1380.3,45266,Gold,1401.0257142857142,1388.244,-0.024205748865355536,0.012304447568375634
2011-01-05,1384.36,1384.58,1363.9,1377.98,50511,Gold,1400.2671428571427,1388.3433333333335,-0.0016807940302832058,0.012314347154117894
2011-01-06,1374.82,1379.64,1364.72,1371.31,45803,Gold,1395.4114285714284,1388.3086666666668,-0.004840418583724082,0.009987638167451539
2011-01-07,1370.23,1378.46,1352.79,1368.78,49262,Gold,1389.3442857142857,1388.1146666666666,-0.0018449511780705974,0.009458602847613538
2011-01-10,1369.34,1375.9,1365.58,1375.19,41563,Gold,1385.1757142857145,1388.5176666666666,0.004683002381683066,0.010036802877628108
2011-01-11,1375.11,1386.5,1373.18,1381.22,43849,Gold,1381.3314285714284,1389.0033333333333,0.004384848639097161,0.010215555284540821
2011-01-12,1382.98,1388.61,1376.73,1387.52,43495,Gold,1377.4714285714288,1389.0406666666668,0.0045611850393130204,0.010216627503102746
2011-01-13,1386.01,1393.0,1369.53,1373.27,61125,Gold,1376.467142857143,1388.5963333333334,-0.010270122232472367,0.005679113792990505
2011-01-14,1374.86,1377.91,1354.95,1361.78,84605,Gold,1374.152857142857,1387.834,-0.008366890706124841,0.006386732421619312
2011-01-17,1363.49,1365.62,1357.12,1362.24,57256,Gold,1372.857142857143,1386.1286666666667,0.0003377931824524172,0.006256945248637117
2011-01-18,1361.77,1376.04,1361.33,1367.91,83108,Gold,1372.732857142857,1384.3006666666668,0.004162262156448326,0.006517204976191068
2011-01-19,1368.27,1378.77,1367.1,1369.68,85403,Gold,1371.945714285714,1383.26,0.0012939447770685675,0.0062243461308257395
2011-01-20,1369.62,1370.9,1343.32,1345.88,93850,Gold,1366.8971428571429,1382.0893333333333,-0.017376321476549217,0.008399259797396577
2011-01-21,1348.61,1350.06,1337.61,1342.35,91479,Gold,1360.4442857142858,1380.596,-0.0026228192706632125,0.007630226096845538
2011-01-24,1345.82,1353.08,1332.58,1334.02,78134,Gold,1354.837142857143,1378.8733333333334,-0.006205535069095158,0.007281657024153194
2011-01-25,1337.65,1338.32,1322.63,1331.98,89964,Gold,1350.5800000000002,1376.7593333333332,-0.0015292124555853492,0.007071187798849794
2011-01-26,1331.85,1346.49,1324.94,1345.44,79421,Gold,1348.18,1375.5873333333334,0.010105256835688303,0.008656509831755707
2011-01-27,1344.52,1347.8,1310.15,1313.45,65449,Gold,1340.3999999999999,1373.6706666666664,-0.023776608395766452,0.011466875186446193
2011-01-28,1314.08,1346.87,1307.88,1336.31,87339,Gold,1335.6328571428571,1372.386,0.017404545281510364,0.014362763935501606
2011-01-31,1344.47,1344.8,1322.96,1332.4,93965,Gold,1333.707142857143,1370.6323333333332,-0.0029259677769378767,0.012997559289724432
2011-02-01,1332.31,1342.74,1325.25,1340.96,94821,Gold,1333.5085714285713,1369.155,0.006424497148003638,0.013297919502609388
2011-02-02,1341.46,1342.76,1326.64,1334.82,88458,Gold,1333.6228571428571,1367.4773333333333,-0.004578809211311374,0.013186612959916817
2011-02-03,1333.23,1355.63,1324.82,1353.95,91206,Gold,1336.7614285714285,1366.6206666666667,0.01433152035480445,0.014173595143362057
2011-02-04,1352.9,1357.87,1345.02,1348.65,84660,Gold,1337.2199999999998,1365.4756666666667,-0.00391447246944121,0.013895479955447723
2011-02-07,1346.52,1352.96,1344.99,1350.9,74814,Gold,1342.57,1364.3960000000002,0.0016683350016684084,0.008962113716679525
2011-02-08,1350.54,1367.71,1348.25,1363.52,82309,Gold,1346.457142857143,1363.0033333333333,0.009341920201347165,0.007330623884629722
2011-02-09,1361.82,1366.92,1358.02,1363.31,83779,Gold,1350.8728571428571,1361.4053333333331,-0.00015401314245488962,0.007031814098438145
2011-02-10,1363.39,1365.75,1351.03,1363.44,80774,Gold,1354.0842857142857,1360.0410000000002,9.535615523992291e-05,0.0069701441870722155
2011-02-11,1363.51,1368.0,1353.96,1356.63,76985,Gold,1357.2,1358.3243333333332,-0.004994719239570511,0.0070409473234026194
2011-02-14,1354.1,1366.49,1354.1,1361.48,35646,Gold,1358.2757142857142,1356.5556666666666,0.003575035197511456,0.004806781130934109
2011-02-15,1361.18,1376.3,1361.18,1373.45,31833,Gold,1361.8185714285714,1356.3273333333334,0.00879190292916543,0.005117734567176288
2011-02-16,1372.1,1381.66,1368.05,1374.1,37279,Gold,1365.1328571428571,1356.198,0.0004732607666824151,0.005174303674608556
2011-02-17,1374.92,1384.74,1374.1,1383.67,59137,Gold,1368.0114285714285,1356.6100000000001,0.006964558620187855,0.004702859783873743
2011-02-18,1383.83,1391.65,1381.68,1389.79,43367,Gold,1371.794285714286,1357.3103333333336,0.004423019939725492,0.004653981222946584
2011-02-21,1391.4,1408.26,1390.63,1405.83,46726,Gold,1377.8500000000001,1358.3316666666665,0.011541311996776438,0.005495833920492576
2011-02-22,1408.72,1410.78,1392.64,1398.78,94483,Gold,1383.8714285714286,1358.9170000000001,-0.0050148310962206954,0.005501563911152287
2011-02-23,1398.75,1416.46,1395.41,1411.3,83475,Gold,1390.9885714285713,1359.7096666666666,0.00895065700110087,0.005738368120850959
2011-02-24,1413.26,1417.94,1392.39,1402.47,93655,Gold,1395.1342857142859,1360.683,-0.006256642811592106,0.006860678536987332
2011-02-25,1402.99,1411.27,1399.66,1410.15,83188,Gold,1400.2842857142857,1362.2953333333332,0.005476052963699907,0.00681258897929721
2011-02-28,1413.85,1416.23,1404.67,1411.12,87312,Gold,1404.2057142857143,1363.9246666666666,0.0006878700847425812,0.00672787583856979
2011-03-01,1410.87,1434.63,1409.1,1433.0,87012,Gold,1410.3785714285716,1366.0943333333332,0.015505414139123541,0.00828831271145357
2011-03-02,1432.17,1440.01,1427.48,1434.1,86396,Gold,1414.4171428571426,1368.2416666666666,0.0007676203768318679,0.007725146772456324
2011-03-03,1432.74,1436.07,1410.07,1415.7,93874,Gold,1416.8342857142857,1370.569,-0.012830346558817318,0.009431595910493964
2011-03-04,1414.85,1431.82,1414.59,1430.64,85960,Gold,1419.597142857143,1373.512,0.01055308328035598,0.009652157100726928
2011-03-07,1434.65,1444.48,1428.03,1431.71,94758,Gold,1423.7742857142857,1376.7683333333332,0.0007479170161606152,0.008995973934615677
2011-03-08,1430.9,1436.55,1423.16,1428.67,91083,Gold,1426.42,1379.9913333333336,-0.002123335032932605,0.009103408764190177
2011-03-09,1428.14,1436.01,1422.92,1430.64,80707,Gold,1429.2085714285713,1382.8313333333333,0.0013789048555650218,0.009091798006556961
2011-03-10,1429.1,1431.34,1402.87,1411.45,89163,Gold,1426.1299999999999,1386.0980000000002,-0.013413577140300892,0.008482022021409772
2011-03-11,1412.49,1423.9,1404.65,1417.2,92352,Gold,1423.7157142857145,1388.794333333333,0.004073824790109537,0.008757920683795677
2011-03-14,1425.68,1430.23,1418.6,1423.88,89425,Gold,1424.8842857142859,1391.8436666666669,0.004713519616144524,0.007439199277623718
2011-03-15,1425.73,1425.93,1380.88,1399.83,112299,Gold,1420.4828571428573,1393.806,-0.016890468297890426,0.008610823466308063
2011-03-16,1393.2,1405.75,1392.2,1399.39,100623,Gold,1415.8657142857141,1395.9583333333333,-0.00031432388218555207,0.008541337775870968
2011-03-17,1387.71,1404.87,1387.67,1402.1,99241,Gold,1412.07,1397.5633333333333,0.0019365580717312092,0.00876356637758947
2011-03-18,1409.27,1423.59,1405.71,1418.16,37390,Gold,1410.287142857143,1399.8803333333333,0.01145424720062782,0.010237979650835864
2011-03-21,1424.28,1434.65,1423.61,1426.75,13797,Gold,1412.472857142857,1402.4086666666665,0.006057144468889275,0.008929887635636858
2011-03-22,1427.35,1431.93,1419.32,1428.31,17610,Gold,1414.0600000000002,1404.5683333333334,0.0010933940774486839,0.008861723571385694
2011-03-23,1426.96,1440.75,1425.51,1437.75,13991,Gold,1416.0414285714287,1407.0496666666668,0.006609209485335832,0.009016390152904251
2011-03-24,1437.65,1447.4,1423.8,1430.75,15512,Gold,1420.4585714285713,1409.2933333333335,-0.0048687184837419295,0.005344477274846177
2011-03-25,1432.5,1437.7,1422.35,1429.32,15086,Gold,1424.734285714286,1411.7163333333335,-0.0009994757994059578,0.00542392883050768
2011-03-28,1424.9,1427.95,1410.08,1419.92,19707,Gold,1427.2800000000002,1413.6643333333334,-0.006576553885763725,0.0065501525393205536
2011-03-29,1420.42,1423.0,1410.95,1418.15,18171,Gold,1427.2785714285715,1415.1543333333334,-0.0012465491013577967,0.005017864878121613
2011-03-30,1416.78,1429.8,1411.8,1422.6,18457,Gold,1426.6857142857145,1416.771,0.0031378909142190103,0.004528995957589144
2011-03-31,1423.2,1439.3,1420.25,1431.9,17917,Gold,1427.1985714285715,1418.3786666666667,0.006537326022775236,0.005241061298205685
2011-04-01,1432.48,1435.83,1412.74,1428.35,17713,Gold,1425.8557142857142,1419.664,-0.002479223409456055,0.004513144894597698
2011-04-04,1428.45,1438.53,1427.6,1433.65,14162,Gold,1426.2700000000002,1420.5913333333335,0.0037105751391466324,0.0044287201781305725
2011-04-05,1435.55,1456.95,1429.75,1455.6,18763,Gold,1430.0242857142857,1422.4853333333333,0.01531057092037802,0.00711081413713431
2011-04-06,1454.43,1462.0,1451.2,1459.35,19191,Gold,1435.6571428571426,1424.087,0.0025762572135201722,0.0058693889292165315
2011-04-07,1459.15,1464.7,1452.4,1457.8,14932,Gold,1441.3214285714287,1425.9313333333334,-0.0010621166957891504,0.005842603955732294
2011-04-08,1457.85,1474.83,1456.25,1474.53,14841,Gold,1448.7399999999998,1428.0773333333334,0.01147619700919189,0.006463669342981002
2011-04-11,1475.2,1476.2,1459.25,1462.9,16904,Gold,1453.1685714285716,1429.8033333333335,-0.007887258991000401,0.0080527035242664
2011-04-12,1462.5,1467.2,1445.63,1452.6,20122,Gold,1456.632857142857,1430.4566666666667,-0.0070408093512887016,0.008734416822024582
2011-04-13,1452.35,1462.1,1451.1,1456.97,22590,Gold,1459.9642857142858,1431.219,0.003008398733305828,0.008721421792304378
2011-04-14,1456.18,1474.55,1452.3,1473.75,23550,Gold,1462.5571428571427,1433.154,0.011517052513092318,0.00785607289561004
2011-04-15,1476.85,1487.85,1471.34,1486.35,18501,Gold,1466.4142857142858,1435.011,0.00854961832061063,0.008268269928292077
2011-04-18,1485.3,1497.4,1477.3,1495.0,15083,Gold,1471.7285714285713,1437.1206666666667,0.0058196252565008155,0.008161547740636762
2011-04-19,1495.9,1498.95,1489.4,1496.65,2327,Gold,1474.8885714285716,1439.3866666666665,0.0011036789297660388,0.007407339364956362
2011-04-20,1499.55,1505.65,1495.83,1502.1,2330,Gold,1480.4885714285713,1441.7686666666666,0.0036414659406005523,0.00593907568624776
2011-04-21,1507.6,1507.95,1501.95,1504.95,905,Gold,1487.967142857143,1444.8853333333332,0.001897343718793687,0.003793024514426332
2011-04-25,1516.23,1517.98,1503.18,1508.43,1242,Gold,1495.3185714285714,1447.9263333333333,0.0023123691817004133,0.0038647275182964427
2011-04-26,1499.5,1506.1,1493.15,1505.9,9995,Gold,1499.9114285714284,1450.6603333333333,-0.00167724057463714,0.00332319006137843
2011-04-27,1506.25,1530.0,1502.8,1526.65,18203,Gold,1505.6685714285716,1454.8876666666665,0.013779135400757037,0.00494603727696857
2011-04-28,1528.3,1538.2,1523.78,1535.75,17125,Gold,1511.49,1459.433,0.005960763763796395,0.004955732902327526
2011-04-29,1535.13,1569.0,1531.5,1563.3,15431,Gold,1521.0114285714285,1464.8063333333334,0.01793911769493728,0.0070415628230882325
2011-05-02,1547.25,1575.13,1538.85,1545.05,19236,Gold,1527.1471428571426,1469.036,-0.011674022900275083,0.009822670498474016
2011-05-03,1538.93,1550.85,1527.0,1535.55,29298,Gold,1531.5185714285715,1472.6626666666668,-0.006148668327885853,0.010563069864715393
2011-05-04,1535.72,1542.95,1505.9,1515.82,32536,Gold,1532.5742857142857,1475.5796666666668,-0.012848816385008677,0.012145935867549437
2011-05-05,1517.5,1521.8,1462.35,1473.9,42383,Gold,1528.0028571428572,1476.7846666666667,-0.02765499861461118,0.016280276903316276
2011-05-06,1473.62,1498.1,1470.9,1495.0,39330,Gold,1523.4814285714285,1478.9263333333333,0.014315760906438602,0.016373176751657077
2011-05-09,1494.25,1513.7,1489.8,1512.85,31069,Gold,1520.2099999999998,1481.7106666666666,0.011939799331103673,0.01705267295748627
2011-05-11,1515.9,1526.37,1495.6,1501.45,30165,Gold,1511.3742857142856,1484.4283333333333,-0.007535446342994967,0.014629693241674272
2011-05-12,1499.93,1507.75,1478.08,1506.3,28782,Gold,1505.8385714285716,1487.3666666666666,0.003230210796230315,0.014692646891617705
2011-05-13,1506.2,1516.3,1482.7,1494.6,27193,Gold,1499.9885714285713,1489.7666666666667,-0.00776737701653063,0.014753363943894557
2011-05-16,1490.5,1504.26,1487.1,1489.6,19289,Gold,1496.242857142857,1491.6899999999998,-0.003345376689415258,0.014204670446997901
2011-05-17,1490.5,1497.5,1471.68,1485.2,21091,Gold,1497.857142857143,1493.585,-0.0029538131041889626,0.009000802217491577
2011-05-18,1487.15,1499.6,1484.75,1496.15,19117,Gold,1498.0214285714285,1495.6683333333333,0.007372744411527021,0.0075746909354053975
2011-05-19,1496.93,1499.5,1486.15,1493.4,22276,Gold,1495.242857142857,1496.9283333333333,-0.0018380509975604031,0.005502424981359832
2011-05-20,1494.8,1515.65,1486.78,1512.85,30150,Gold,1496.8714285714286,1498.7116666666666,0.01302397214410056,0.007182425942207857
2011-05-23,1512.15,1518.75,1503.8,1516.15,31318,Gold,1498.2785714285712,1500.6566666666665,0.002181313415077657,0.007141479907367602
2011-05-24,1517.15,1527.5,1513.05,1525.86,28900,Gold,1502.7442857142855,1502.3676666666665,0.00640437951390016,0.006204514047882197
2011-05-25,1525.89,1532.1,1520.95,1524.75,25569,Gold,1507.7657142857145,1504.4293333333333,-0.0007274586135030958,0.005827275653889161
2011-05-26,1526.25,1530.8,1514.5,1519.15,23919,Gold,1512.6157142857141,1506.6476666666667,-0.003672733234956538,0.005961717099517174
2011-05-27,1519.55,1538.15,1519.45,1535.96,13240,Gold,1518.3028571428572,1509.2806666666665,0.011065398413586447,0.0065242375513129
2011-05-30,1535.95,1539.0,1534.05,1537.95,4740,Gold,1524.6671428571428,1511.4206666666664,0.0012956066564233648,0.00617281257048205
2011-05-31,1538.4,1540.45,1532.15,1535.6,10066,Gold,1527.9171428571428,1513.0623333333335,-0.0015280080626809411,0.005066666135580148
2011-06-01,1535.05,1549.88,1529.2,1539.38,12673,Gold,1531.2357142857145,1514.5416666666667,0.0024615785360773135,0.005068103464319322
2011-06-02,1540.35,1544.15,1519.55,1533.15,21289,Gold,1532.277142857143,1515.7583333333334,-0.004047083890917125,0.005156811889365196
2011-06-03,1533.25,1545.43,1523.85,1542.15,22351,Gold,1534.7628571428572,1517.0933333333335,0.005870267097152881,0.0054487162246798625
2011-06-06,1541.9,1553.43,1540.15,1544.6,19128,Gold,1538.3985714285716,1518.4150000000002,0.001588691113056262,0.004932992159593262
2011-06-07,1544.4,1549.9,1536.0,1543.55,21188,Gold,1539.482857142857,1519.5856666666666,-0.0006797876472872666,0.003172313644266349
2011-06-08,1544.6,1546.15,1530.8,1537.0,18382,Gold,1539.347142857143,1520.6223333333332,-0.004243464740371183,0.003655554005553798
2011-06-09,1537.83,1549.3,1533.0,1543.85,16216,Gold,1540.5257142857142,1521.1956666666667,0.0044567338972023585,0.003949206535140245
2011-06-10,1544.7,1545.2,1525.9,1531.12,16432,Gold,1539.345714285714,1521.0413333333333,-0.008245619716941377,0.005093646897606955
2011-06-13,1528.83,1532.58,1510.83,1515.7,18679,Gold,1536.8528571428571,1519.4546666666668,-0.010071059093996415,0.00614291274793428
2011-06-14,1515.13,1525.95,1511.97,1523.6,16026,Gold,1534.202857142857,1518.7396666666668,0.005212113215016023,0.0060128614205868245
2011-06-15,1524.85,1534.33,1513.93,1530.6,20462,Gold,1532.202857142857,1518.5746666666666,0.004594381727487606,0.006383715308010943
2011-06-16,1530.1,1532.73,1521.6,1529.25,35793,Gold,1530.16,1519.0223333333333,-0.0008820070560563442,0.00638099082552977
2011-06-17,1529.0,1541.9,1522.4,1539.38,36176,Gold,1530.5,1521.2049999999997,0.006624162170999037,0.006853265548452862
2011-06-20,1539.7,1546.68,1532.84,1540.33,29358,Gold,1529.9971428571428,1522.716,0.000617131572451024,0.006608937727605357
2011-06-21,1539.6,1547.95,1538.53,1545.64,26662,Gold,1532.0714285714287,1523.809,0.003447313238072569,0.005680606966974011
2011-06-22,1546.9,1557.86,1541.09,1548.82,32432,Gold,1536.8028571428572,1525.388,0.0020574001708029144,0.0026565155855282616
2011-06-23,1546.98,1548.58,1512.73,1521.22,45424,Gold,1536.462857142857,1525.8853333333332,-0.01782001782001774,0.008160388984039346
2011-06-24,1522.45,1525.38,1498.37,1502.29,42159,Gold,1532.4185714285716,1526.1416666666667,-0.012443959453596443,0.008992540834873655
2011-06-27,1498.7,1505.23,1490.96,1498.17,76104,Gold,1527.9785714285713,1526.4273333333333,-0.0027424798141503226,0.008959750408589935
2011-06-28,1497.14,1506.17,1495.63,1500.86,69010,Gold,1522.4757142857143,1526.9493333333332,0.0017955238724576272,0.00826362295715042
2011-06-29,1501.6,1512.73,1500.04,1511.62,67644,Gold,1518.3742857142859,1527.4650000000001,0.007169222978825385,0.009143087355113875
2011-06-30,1511.25,1513.97,1498.48,1500.0,69531,Gold,1511.8542857142857,1527.6850000000002,-0.007687117132612609,0.008870383059645073
2011-07-01,1500.75,1502.47,1478.05,1487.25,71512,Gold,1503.0585714285714,1526.8316666666667,-0.008499999999999952,0.008511714600498965
2011-07-05,1494.85,1516.31,1492.85,1515.51,61618,Gold,1502.2428571428572,1526.8103333333333,0.01900151285930418,0.010860752911845448
2011-07-06,1514.67,1533.57,1509.98,1528.48,69438,Gold,1505.9842857142855,1526.8976666666667,0.008558175135762847,0.00986204008346619
2011-07-07,1528.63,1534.32,1522.85,1531.34,71537,Gold,1510.7228571428573,1527.1173333333331,0.0018711399560347175,0.00960299502710155
2011-07-08,1531.85,1545.2,1524.64,1543.75,65257,Gold,1516.8500000000001,1527.937333333333,0.008104013478391625,0.009747151935818326
2011-07-11,1542.46,1556.66,1541.65,1553.43,67288,Gold,1522.822857142857,1528.5196666666666,0.0062704453441295716,0.009705411905316267
2011-07-12,1552.5,1573.18,1540.43,1567.89,81740,Gold,1532.5214285714285,1529.5176666666669,0.009308433595334176,0.008340172807184944
2011-07-13,1565.89,1587.61,1564.11,1581.35,77887,Gold,1545.9642857142858,1531.0426666666667,0.008584785922481686,0.005153072303569835
2011-07-14,1583.83,1594.07,1578.8,1587.09,76915,Gold,1556.1900000000003,1532.633,0.0036298099724918487,0.0028478632187211154
2011-07-15,1586.65,1593.41,1575.63,1592.79,70732,Gold,1565.3771428571429,1534.6209999999999,0.003591478744116694,0.002902143761404037
2011-07-18,1593.55,1607.03,1495.75,1604.86,22017,Gold,1575.8799999999999,1536.7113333333332,0.007577897902422803,0.0023226354669142286
2011-07-19,1604.93,1609.75,1582.33,1588.03,64950,Gold,1582.205714285714,1538.1589999999999,-0.01048689605323827,0.006798256274513163
2011-07-20,1588.64,1601.39,1580.88,1600.83,72007,Gold,1588.9771428571426,1540.0683333333334,0.00806030112781242,0.00692733475708896
2011-07-21,1600.48,1604.28,1584.73,1590.49,78670,Gold,1592.205714285714,1541.8513333333333,-0.006459149316292101,0.007570039675364276
2011-07-22,1588.46,1606.73,1583.23,1600.85,65830,Gold,1594.9914285714283,1543.7513333333332,0.006513715898873951,0.007309004570656959
2011-07-25,1608.45,1623.68,1603.09,1613.93,73255,Gold,1598.8257142857142,1546.5116666666665,0.00817065933722727,0.007692474774681183
2011-07-26,1613.95,1620.02,1607.79,1619.03,69023,Gold,1602.5742857142857,1549.9559999999997,0.0031599883514155103,0.007683283634224595
2011-07-27,1618.18,1628.32,1608.71,1612.98,67132,Gold,1603.7342857142855,1552.9353333333333,-0.0037368053711172022,0.007592826967126905
2011-07-28,1614.51,1619.91,1603.0,1616.23,69601,Gold,1607.7628571428572,1555.7896666666668,0.0020149040905652615,0.005759211437876682
2011-07-29,1616.27,1632.35,1610.42,1626.27,70502,Gold,1611.3971428571429,1559.0236666666667,0.006211987155293475,0.005500046194483913
2011-08-01,1610.2,1631.65,1607.88,1619.78,76259,Gold,1615.5814285714284,1561.7036666666668,-0.003990727247013104,0.004892879691680506
2011-08-02,1619.02,1658.74,1616.2,1658.29,76314,Gold,1623.787142857143,1565.6356666666666,0.023774833619380376,0.009428904976100938
2011-08-03,1660.73,1672.35,1651.73,1660.87,49384,Gold,1630.4928571428572,1569.4766666666667,0.0015558195490534832,0.009399707798869825
2011-08-04,1663.05,1681.8,1641.37,1646.86,29184,Gold,1634.4685714285713,1572.7446666666667,-0.008435338105932444,0.010552499743801196
2011-08-05,1647.84,1669.69,1641.7,1665.12,60872,Gold,1641.9171428571428,1577.5413333333333,0.01108776702330494,0.010583274576739089
2011-08-08,1684.1,1720.03,1682.3,1717.9,58940,Gold,1656.4414285714286,1584.7283333333332,0.03169741520130698,0.01456933811471263
2011-08-09,1715.08,1777.1,1714.72,1738.4,48973,Gold,1672.4599999999998,1592.736,0.01193317422434359,0.014557606211577255
2011-08-10,1742.38,1796.69,1737.1,1792.09,67366,Gold,1697.0757142857142,1602.4436666666666,0.030884721583064767,0.015065987086048697
2011-08-11,1797.68,1813.77,1732.56,1763.58,89772,Gold,1712.1171428571429,1610.8423333333333,-0.015908799223253278,0.018197647247172658
2011-08-12,1761.94,1767.51,1723.37,1742.98,63171,Gold,1723.847142857143,1618.9416666666666,-0.01168078567459363,0.0197208647364314
2011-08-15,1744.97,1765.7,1727.67,1765.33,52719,Gold,1740.7714285714285,1628.2109999999998,0.012822866584814463,0.0185340264283795
2011-08-16,1765.04,1786.63,1760.84,1784.41,44030,Gold,1757.812857142857,1637.1743333333334,0.010808177507888095,0.018531893099812805
2011-08-17,1787.08,1794.46,1778.97,1790.62,40552,Gold,1768.2014285714286,1645.9123333333334,0.0034801418956404984,0.015932466271303524
2011-08-18,1789.73,1828.24,1783.73,1823.92,42692,Gold,1780.4185714285716,1655.6650000000002,0.018596910567289626,0.016530529764928966
2011-08-19,1824.91,1876.66,1820.9,1851.51,72950,Gold,1788.9071428571428,1665.9236666666668,0.015126759945611523,0.013537946720748947
2011-08-22,1865.66,1897.88,1858.04,1896.45,81448,Gold,1807.8885714285714,1677.3576666666668,0.02427208062608366,0.011714610802386304
2011-08-23,1907.64,1911.63,1823.34,1829.31,83113,Gold,1820.2214285714288,1686.0716666666665,-0.035402989796725515,0.019822535472509437
2011-08-24,1834.5,1853.69,1749.68,1759.89,85981,Gold,1819.4442857142858,1692.023,-0.03794873476884719,0.025774797936640156
2011-08-25,1749.66,1773.79,1702.55,1770.07,82737,Gold,1817.3957142857143,1698.1223333333332,0.005784452437368248,0.025487077058259117
2011-08-26,1770.62,1826.88,1757.0,1825.27,70551,Gold,1822.3457142857144,1705.8716666666667,0.031185207364680556,0.02827400788911125
2011-08-29,1832.26,1834.21,1775.74,1786.78,81685,Gold,1817.0399999999997,1711.9356666666667,-0.021087291195275193,0.0286223477508211
2011-08-30,1786.48,1839.6,1783.58,1834.24,69194,Gold,1814.5728571428572,1720.1426666666666,0.026561747948824266,0.030090140620863945
2011-08-31,1835.55,1838.9,1812.49,1824.56,59982,Gold,1804.3028571428572,1727.6003333333333,-0.005277390090718814,0.027959660738783303
2011-09-01,1824.75,1830.5,1813.41,1825.93,48095,Gold,1803.82,1735.4483333333333,0.0007508659622046387,0.024578779228904196
2011-09-02,1825.85,1884.33,1824.14,1881.92,44810,Gold,1821.2528571428572,1744.8173333333334,0.03066382610505336,0.02021940642525953
2011-09-05,1880.85,1902.7,1874.11,1899.54,34948,Gold,1839.7485714285715,1754.3376666666668,0.009362778439040875,0.02014614401682351
2011-09-06,1901.2,1920.61,1858.38,1875.63,71042,Gold,1846.9428571428573,1762.891,-0.012587257967718424,0.01936434095829184
2011-09-07,1869.05,1880.21,1792.41,1816.93,69380,Gold,1851.25,1769.6893333333333,-0.03129615115987694,0.021804255110195004
2011-09-08,1815.95,1870.28,1813.5,1868.77,62803,Gold,1856.182857142857,1778.1073333333331,0.028531644036919435,0.022174669608976526
2011-09-09,1868.06,1885.84,1822.77,1857.02,68244,Gold,1860.82,1785.799,-0.006287558126468196,0.022239783396065527
2011-09-12,1857.46,1861.28,1801.08,1815.87,70654,Gold,1859.3828571428571,1792.3353333333332,-0.022159158221236264,0.0241812735648615
2011-09-13,1815.49,1843.55,1794.28,1833.37,66539,Gold,1852.4471428571428,1798.1713333333332,0.009637253768166154,0.02071710623049525
2011-09-14,1833.54,1844.38,1808.41,1819.3,62063,Gold,1840.9842857142855,1803.4523333333334,-0.007674391966706051,0.019934251046725474
2011-09-15,1820.99,1826.21,1772.58,1788.28,60712,Gold,1828.5057142857142,1808.1663333333333,-0.017050513933930644,0.020249822600922198
2011-09-16,1787.81,1821.43,1762.44,1808.8,54755,Gold,1827.3442857142857,1812.9556666666665,0.011474713132171743,0.017874564271812134
2011-09-19,1818.58,1827.68,1770.62,1777.55,56151,Gold,1814.3128571428572,1814.944,-0.01727664750110569,0.01326324401807671
2011-09-20,1776.9,1811.34,1769.65,1803.48,57120,Gold,1806.6642857142856,1817.1133333333335,0.014587494022671788,0.015603137740893884
2011-09-21,1803.21,1816.36,1778.45,1781.87,59658,Gold,1801.8071428571427,1816.7726666666667,-0.01198238960232445,0.014031256085514138
2011-09-22,1780.81,1786.17,1720.81,1740.1,74742,Gold,1788.482857142857,1815.99,-0.02344166521687885,0.014769149441687928
2011-09-23,1739.2,1755.09,1628.82,1653.92,78455,Gold,1764.8571428571427,1813.0213333333334,-0.04952588931670587,0.021749641587586053
2011-09-26,1647.36,1663.46,1531.94,1627.65,94756,Gold,1741.91,1808.432,-0.015883476830801935,0.021720701326105537
2011-09-27,1623.97,1677.0,1614.67,1650.17,76096,Gold,1719.2485714285715,1803.9573333333333,0.013835898381101552,0.02218031226046483
2011-09-28,1651.42,1669.05,1598.41,1608.16,73791,Gold,1695.05,1797.8753333333332,-0.02545798311689096,0.022665013538062405
2011-09-29,1609.18,1634.83,1582.84,1614.23,76435,Gold,1668.0142857142857,1790.8856666666666,0.003774500049746221,0.020674500642556333
2011-09-30,1614.13,1640.26,1606.4,1623.68,62291,Gold,1645.4157142857143,1783.2913333333333,0.005854184347955371,0.022225026617014833
2011-10-03,1623.68,1664.24,1621.38,1657.46,58964,Gold,1633.6100000000001,1775.325,0.02080459203783991,0.024885706608442398
2011-10-04,1662.35,1678.35,1595.65,1621.57,70454,Gold,1628.9885714285717,1768.4003333333335,-0.02165361456686743,0.018220684376114883
2011-10-05,1626.31,1646.78,1597.3,1640.25,65153,Gold,1630.7885714285715,1764.4123333333334,0.011519700043784775,0.017849913294422374
2011-10-06,1641.73,1654.83,1631.28,1652.2,54977,Gold,1631.0785714285714,1760.4833333333333,0.007285474775186707,0.017240807790900085
2011-10-07,1651.25,1666.03,1625.8,1636.48,51764,Gold,1635.1242857142856,1754.1903333333332,-0.009514586611790388,0.014023133764534321
2011-10-10,1638.97,1677.51,1638.83,1676.07,44254,Gold,1643.9585714285713,1750.5,0.02419216855690265,0.01625799512272914
2011-10-11,1682.12,1684.38,1653.76,1661.9,53298,Gold,1649.4185714285716,1744.7553333333335,-0.008454300834690565,0.01708427430772284
2011-10-12,1662.69,1692.03,1660.3,1677.47,56187,Gold,1652.277142857143,1739.8523333333333,0.009368794752993459,0.015633822916281393
2011-10-13,1676.11,1684.37,1652.82,1667.82,53570,Gold,1658.8842857142856,1734.5819999999999,-0.0057527109277663024,0.012494649154936152
2011-10-14,1667.14,1683.4,1661.07,1680.62,45918,Gold,1664.6514285714286,1727.8719999999998,0.007674689115132249,0.01219460984594058
2011-10-17,1682.44,1694.79,1664.77,1670.31,54563,Gold,1667.2385714285715,1720.231,-0.006134640787328505,0.012557650578693087
2011-10-18,1670.9,1676.42,1626.74,1657.98,58352,Gold,1670.31,1712.9759999999999,-0.007381863246942122,0.012264775088261392
2011-10-19,1655.13,1664.99,1639.58,1640.68,53664,Gold,1665.2542857142855,1707.1009999999999,-0.010434384009457287,0.008047336828937744
2011-10-20,1642.97,1644.56,1603.52,1621.73,62882,Gold,1659.515714285714,1698.8663333333336,-0.01155008898749299,0.008469967266767811
2011-10-21,1619.24,1648.32,1611.2,1641.77,52974,Gold,1654.4157142857143,1691.6913333333332,0.012357174128862392,0.009262495691385694
2011-10-24,1638.8,1661.87,1635.28,1653.36,50228,Gold,1652.3500000000001,1686.2743333333335,0.007059454125730058,0.009880451654341817
2011-10-25,1652.73,1708.73,1643.54,1704.59,53172,Gold,1655.7742857142857,1681.9816666666666,0.030985387332462366,0.015627520518242878
2011-10-26,1705.38,1726.46,1694.73,1724.14,53934,Gold,1663.4642857142858,1678.8096666666668,0.011469033609255108,0.01549195926873062
2011-10-27,1723.13,1749.72,1705.82,1744.28,56922,Gold,1675.7928571428572,1677.343,0.011681185982576725,0.014679969636123735
2011-10-28,1744.85,1752.22,1732.17,1743.07,48636,Gold,1690.42,1675.1520000000003,-0.0006936959662440234,0.01308653005796425
2011-10-31,1741.49,1744.76,1704.14,1713.95,54160,Gold,1703.5942857142857,1673.032,-0.01670615637926176,0.014489962868289004
2011-11-01,1710.93,1723.96,1680.97,1719.15,55272,Gold,1714.6485714285716,1670.221,0.0030339274774644487,0.014453485204641186
2011-11-02,1715.47,1744.0,1714.15,1735.59,50653,Gold,1726.3957142857143,1668.6783333333333,0.009562865369513895,0.014495065763285773
2011-11-03,1738.85,1767.41,1722.55,1763.07,51937,Gold,1734.75,1669.444,0.015833232503068118,0.011045437846406644
2011-11-04,1759.63,1763.61,1748.8,1754.18,45819,Gold,1739.0414285714287,1672.7859999999998,-0.0050423409166964195,0.011166895816685797
2011-11-07,1753.0,1798.18,1752.8,1794.77,46463,Gold,1746.2542857142855,1678.3566666666668,0.0231390165205394,0.013357671559244184
2011-11-08,1794.05,1802.79,1776.66,1785.25,46849,Gold,1752.28,1682.8593333333333,-0.005304300829632735,0.013745006204185605
2011-11-09,1786.01,1799.55,1763.7,1770.67,56077,Gold,1760.3828571428571,1688.2763333333335,-0.008166923400083959,0.011908840970665593
2011-11-10,1770.44,1775.2,1735.47,1758.18,56627,Gold,1765.9585714285713,1693.0746666666666,-0.007053827082403874,0.012729298152526651
2011-11-11,1757.39,1788.45,1744.06,1787.98,46713,Gold,1773.4428571428568,1698.5513333333333,0.016949345345755207,0.013612348551779603
2011-11-14,1787.96,1796.01,1773.6,1780.12,46490,Gold,1775.8785714285714,1702.6399999999999,-0.004396022326871751,0.01289308853717969
2011-11-15,1780.17,1786.04,1760.07,1781.15,51571,Gold,1779.7314285714288,1707.9593333333332,0.0005786126777971301,0.012593158614011734
2011-11-16,1780.58,1783.37,1753.09,1762.98,57110,Gold,1775.19,1712.0503333333334,-0.010201274457513398,0.009231951866665032
2011-11-17,1763.67,1766.79,1710.32,1721.15,59902,Gold,1766.0328571428574,1714.3486666666665,-0.023726871547039674,0.012282157172062042
2011-11-18,1722.48,1737.38,1710.59,1723.6,52611,Gold,1759.3085714285714,1717.2526666666668,0.0014234668680823681,0.012423009888805951
2011-11-21,1722.09,1726.23,1666.33,1677.18,61740,Gold,1747.7371428571428,1717.2896666666668,-0.026932002784868736,0.015248089284199053
2011-11-22,1678.23,1705.35,1667.73,1699.57,58385,Gold,1735.107142857143,1718.5453333333332,0.013349789527659528,0.014355539578215238
2011-11-23,1699.52,1709.97,1677.06,1692.42,56955,Gold,1722.5785714285714,1719.0436666666667,-0.00420694646292874,0.014361715848294812
2011-11-24,1691.14,1701.67,1687.44,1694.67,33485,Gold,1710.2242857142858,1719.9386666666664,0.0013294572269295646,0.01443127782131051
2011-11-25,1693.79,1697.73,1671.84,1682.33,44295,Gold,1698.702857142857,1719.9956666666667,-0.007281653655283993,0.01436520330011397
2011-11-28,1687.71,1720.46,1686.84,1712.21,52242,Gold,1697.4257142857143,1721.3923333333332,0.017761081357403175,0.01466602594115889
2011-11-29,1710.87,1719.84,1703.48,1715.05,49956,Gold,1696.2042857142858,1723.294666666667,0.0016586750457010524,0.014671839076344334
2011-11-30,1715.63,1749.93,1700.7,1746.03,58799,Gold,1706.0400000000002,1726.8063333333334,0.018063613305734583,0.010479083792355957
2011-12-01,1747.83,1754.12,1733.5,1744.49,52148,Gold,1712.457142857143,1730.8983333333333,-0.0008820008820008551,0.010147931865806715
2011-12-02,1745.32,1763.03,1737.91,1745.82,48977,Gold,1720.0857142857144,1734.3666666666666,0.0007624004723443267,0.009658288177967371
2011-12-05,1750.16,1754.5,1717.7,1722.71,55787,Gold,1724.0914285714287,1736.6783333333333,-0.013237332600153473,0.011786819819868965
2011-12-06,1722.37,1732.85,1701.95,1728.65,59544,Gold,1730.7085714285715,1737.4803333333334,0.0034480556797140682,0.01098752912507556
2011-12-07,1727.12,1742.64,1719.95,1741.6,52069,Gold,1734.9071428571428,1738.062333333333,0.00749139501923457,0.009406222205865589
2011-12-08,1741.57,1755.87,1703.78,1707.94,55200,Gold,1733.8914285714286,1736.8509999999999,-0.019327055581074837,0.012533221479804188
2011-12-09,1705.77,1723.71,1703.05,1710.48,56433,Gold,1728.8128571428572,1735.7646666666665,0.0014871716805040514,0.009675742995242272
2011-12-12,1713.53,1714.48,1657.28,1666.51,58219,Gold,1717.672857142857,1734.1833333333334,-0.02570623450727283,0.012845490515311182
2011-12-13,1664.41,1677.7,1622.16,1631.42,65548,Gold,1701.3300000000002,1731.2589999999998,-0.021055979262050606,0.013439841934094641
2011-12-14,1627.62,1641.35,1563.56,1573.4,74933,Gold,1680.0,1725.8526666666667,-0.03556410979392188,0.016710189657433577
2011-12-15,1577.82,1593.71,1560.08,1569.41,69101,Gold,1657.2514285714285,1719.3973333333336,-0.002535909495360422,0.015875860085970025
2011-12-16,1571.38,1600.86,1570.99,1598.64,60040,Gold,1636.8285714285714,1714.2126666666668,0.018624833536169616,0.018655548877487375
2011-12-19,1601.92,1608.65,1583.25,1593.86,58476,Gold,1620.5314285714287,1707.5156666666667,-0.0029900415353051324,0.018609599131955742
2011-12-20,1592.92,1618.35,1592.11,1614.55,49719,Gold,1606.8271428571427,1701.8256666666666,0.012981064836309342,0.020198117170493718
2011-12-21,1614.91,1641.61,1605.65,1614.81,50179,Gold,1599.4414285714286,1696.6303333333335,0.0001610355826699994,0.018739923128299526
2011-12-22,1613.8,1616.75,1597.69,1605.73,49420,Gold,1595.7714285714287,1691.5486666666666,-0.0056229525455007145,0.0172978847591246
2011-12-23,1607.41,1613.71,1602.58,1606.56,29707,Gold,1600.5085714285713,1685.5013333333334,0.0005168988559720589,0.009118316637852085
2011-12-27,1605.06,1605.43,1589.47,1593.01,33049,Gold,1603.8799999999999,1679.2643333333333,-0.008434169903396072,0.009951663154494106
2011-12-28,1589.58,1592.86,1549.55,1555.75,48057,Gold,1597.7528571428572,1671.751,-0.023389683680579476,0.01099344852763172
2011-12-29,1556.2,1561.0,1522.64,1545.38,50727,Gold,1590.8271428571427,1664.4976666666666,-0.006665595372006949,0.011034599688973964
2011-12-30,1546.71,1581.27,1546.47,1564.11,44788,Gold,1583.6214285714286,1659.2630000000001,0.012119996376295683,0.010811741743695086
2012-01-03,1567.37,1607.27,1566.07,1603.13,51029,Gold,1581.9528571428575,1655.2473333333332,0.02494709451381305,0.015586803759411632
2012-01-04,1605.82,1618.45,1592.7,1611.6,63967,Gold,1582.7914285714285,1653.0613333333333,0.00528341432073498,0.015584918480797181
2012-01-05,1611.27,1625.6,1596.68,1621.88,65571,Gold,1584.98,1650.4716666666666,0.006378754033258938,0.015734878407214225
2012-01-06,1620.83,1631.14,1608.43,1616.55,56814,Gold,1588.3428571428572,1647.9426666666666,-0.003286309714652269,0.015309780810593332
2012-01-09,1614.34,1623.61,1605.03,1610.63,59646,Gold,1596.1828571428573,1645.1413333333333,-0.003662119946800213,0.011032842511921076
2012-01-10,1610.63,1640.11,1608.13,1632.45,56114,Gold,1608.6214285714286,1643.4786666666666,0.013547493837815061,0.010068786135290032
2012-01-11,1631.11,1647.08,1630.06,1640.51,56812,Gold,1619.5357142857142,1641.0886666666668,0.004937364084657947,0.00993260340860827
2012-01-12,1641.41,1661.98,1640.05,1649.55,55914,Gold,1626.1671428571426,1638.9053333333331,0.005510481496607822,0.005963039372848296
2012-01-13,1648.49,1649.55,1625.26,1638.21,63080,Gold,1629.9685714285715,1635.3113333333333,-0.006874602164226529,0.0072030459180266685
2012-01-16,1635.47,1647.05,1631.45,1643.38,36725,Gold,1633.0399999999997,1631.941,0.003155883555832295,0.007003939722194311
2012-01-17,1641.78,1667.63,1641.57,1651.75,59198,Gold,1638.0685714285714,1628.8053333333335,0.005093161654638578,0.006677464810731664
2012-01-18,1651.66,1662.34,1642.52,1659.67,64897,Gold,1645.0742857142857,1626.7040000000002,0.004794914484637536,0.005978319502976756
2012-01-19,1660.29,1670.05,1649.14,1657.45,59630,Gold,1648.6457142857143,1624.3306666666665,-0.001337615309067508,0.00464275751395755
2012-01-20,1656.23,1666.9,1644.92,1666.81,52325,Gold,1652.402857142857,1621.8376666666668,0.00564722917735061,0.004720060836140521
2012-01-23,1666.22,1681.4,1662.56,1677.15,47386,Gold,1656.3457142857146,1620.8113333333333,0.006203466501880861,0.004805500128228143
2012-01-24,1675.7,1679.55,1661.39,1665.65,50594,Gold,1660.2657142857145,1619.317,-0.006856870285901651,0.004799808012857745
2012-01-25,1665.84,1713.01,1648.99,1709.91,58683,Gold,1669.77,1620.7636666666667,0.02657220904751889,0.010362505578939132
2012-01-26,1709.94,1730.3,1702.88,1720.52,54930,Gold,1679.5942857142857,1623.7336666666667,0.006205004941780556,0.010359621414831651
2012-01-27,1718.54,1739.73,1714.26,1738.65,50973,Gold,1690.877142857143,1629.242,0.010537511915002407,0.01048508746676207
2012-01-30,1735.59,1739.88,1716.16,1729.55,58603,Gold,1701.1771428571428,1634.5800000000002,-0.0052339458775487735,0.011070594366632573
2012-01-31,1731.16,1747.52,1726.18,1738.18,62784,Gold,1711.3728571428571,1639.2313333333334,0.004989737214882606,0.011078392292620177
2012-02-01,1738.07,1751.14,1732.53,1743.75,67022,Gold,1720.8871428571426,1644.2276666666667,0.0032045012599384304,0.011129769721513081
2012-02-02,1744.08,1761.0,1740.98,1759.19,59691,Gold,1734.25,1649.049,0.008854480286738298,0.009681646037219419
2012-02-03,1756.59,1763.16,1723.46,1725.37,53708,Gold,1736.4585714285713,1652.7343333333333,-0.019224756848322366,0.01038951816281136
2012-02-06,1728.59,1738.04,1711.68,1719.79,54108,Gold,1736.3542857142857,1656.5363333333335,-0.0032340889200577205,0.010263612575481399
2012-02-07,1720.53,1749.81,1710.07,1745.05,55425,Gold,1737.2685714285712,1661.1526666666664,0.014687839794393476,0.011063525312042485
2012-02-08,1744.19,1752.02,1723.98,1733.1,53483,Gold,1737.7757142857142,1665.8223333333335,-0.006847941319732986,0.011220533808062885
2012-02-09,1731.09,1752.59,1725.8,1729.99,57648,Gold,1736.6057142857142,1671.6303333333335,-0.0017944723328139345,0.011044301642263981
2012-02-10,1730.52,1734.61,1704.64,1721.39,56582,Gold,1733.4114285714288,1677.4973333333332,-0.004971127000734099,0.011004413231543395
2012-02-13,1727.96,1733.25,1716.07,1722.75,51573,Gold,1728.2057142857143,1682.7853333333333,0.0007900591963470038,0.010088306409164562
2012-02-14,1720.42,1727.66,1712.0,1720.59,57909,Gold,1727.5228571428572,1686.7006666666666,-0.0012538093164998765,0.007097317040083615
2012-02-15,1721.02,1737.27,1718.36,1727.95,53426,Gold,1728.6885714285713,1690.5790000000002,0.004277602450322382,0.007160538325883055
2012-02-16,1728.12,1729.84,1705.23,1728.26,55861,Gold,1726.2900000000002,1694.1250000000002,0.00017940333921706575,0.003699806811725538
2012-02-17,1727.81,1735.8,1717.06,1722.87,44870,Gold,1724.8285714285714,1697.669,-0.0031187437075440583,0.002978457436189
2012-02-20,1727.67,1737.14,1727.67,1734.44,31514,Gold,1725.4642857142858,1701.796,0.006715538607091842,0.004063733944298086
2012-02-21,1733.29,1760.1,1730.76,1759.45,50454,Gold,1730.9014285714286,1706.0293333333332,0.014419639768455506,0.005973183831592973
2012-02-22,1759.62,1781.61,1749.25,1776.05,48569,Gold,1738.515714285714,1710.5473333333332,0.009434766546363882,0.006290551509883397
2012-02-23,1775.53,1787.26,1772.21,1779.85,49903,Gold,1746.9814285714288,1714.8906666666667,0.002139579403732883,0.005902913490515558
2012-02-24,1778.21,1782.79,1770.41,1772.05,49367,Gold,1753.2814285714285,1719.352,-0.004382391774587768,0.006873912683473975
2012-02-27,1773.98,1779.34,1761.47,1767.15,50095,Gold,1758.837142857143,1723.4776666666664,-0.002765158996642203,0.007202293337385108
2012-02-28,1767.78,1790.31,1765.8,1784.05,49743,Gold,1767.577142857143,1727.8876666666665,0.009563421328127042,0.006936274023723569
2012-02-29,1785.06,1790.56,1685.96,1696.35,61953,Gold,1762.1357142857144,1729.1103333333333,-0.04915781508365802,0.021505127591216696
2012-03-02,1716.46,1724.1,1704.75,1711.38,53046,Gold,1755.2685714285712,1730.9080000000001,0.00886019984083486,0.020848775236177463
2012-03-05,1711.98,1716.7,1693.59,1706.25,57168,Gold,1745.297142857143,1732.2226666666668,-0.0029975808996248743,0.02005190051906685
2012-03-06,1704.81,1708.89,1662.86,1674.24,60974,Gold,1730.2099999999998,1732.1256666666668,-0.0187604395604396,0.020273608460737592
2012-03-07,1674.22,1688.08,1671.12,1684.55,50529,Gold,1717.7100000000003,1732.7556666666667,0.006158017966360729,0.021010185783467722
2012-03-08,1684.93,1703.86,1682.7,1699.8,49632,Gold,1708.0885714285712,1732.4186666666667,0.009052862782345406,0.02186592178196644
2012-03-09,1701.74,1714.85,1676.6,1713.69,53569,Gold,1698.037142857143,1732.191,0.00817154959406996,0.02171375791473518
2012-03-12,1713.4,1713.55,1691.93,1700.97,48985,Gold,1698.6971428571428,1730.9350000000002,-0.007422579346322844,0.010644620776550718
2012-03-13,1699.85,1705.62,1661.9,1673.67,57032,Gold,1693.31,1729.0723333333333,-0.01604966577893785,0.011489749572506314
2012-03-14,1676.08,1682.24,1634.44,1644.17,60523,Gold,1684.4414285714286,1725.9386666666664,-0.017625935817694005,0.012727206340284873
2012-03-15,1643.65,1666.48,1636.02,1658.21,54224,Gold,1682.1514285714288,1723.0873333333332,0.008539262971590578,0.012047815225966553
2012-03-16,1657.96,1664.66,1639.57,1659.31,50651,Gold,1678.5457142857142,1719.7580000000003,0.0006633659186712215,0.01165260183645117
2012-03-19,1660.42,1669.72,1652.3,1663.86,44920,Gold,1673.4114285714288,1717.7076666666665,0.0027421036454911007,0.01086370908991773
2012-03-20,1663.15,1664.26,1641.5,1650.51,47570,Gold,1664.3857142857144,1715.3983333333333,-0.008023511593523436,0.009756778705287007
2012-03-21,1649.97,1661.8,1646.54,1650.05,53492,Gold,1657.1114285714286,1712.2316666666668,-0.00027870173461541636,0.009872038362642636
2012-03-22,1651.17,1656.26,1628.08,1645.54,67241,Gold,1653.0928571428572,1709.3129999999999,-0.0027332505075603475,0.008401943122080409
2012-03-23,1646.68,1666.46,1642.06,1661.26,61071,Gold,1655.5342857142857,1707.022,0.009553095032633685,0.006170191802488223
2012-03-26,1664.21,1693.5,1655.47,1690.66,62461,Gold,1660.1699999999998,1705.9976666666666,0.017697410399335478,0.008459208936375638
2012-03-27,1690.17,1696.95,1679.47,1680.27,54153,Gold,1663.1642857142856,1704.5816666666665,-0.006145528965019631,0.009112477467250055
2012-03-28,1680.25,1684.19,1654.62,1663.18,90547,Gold,1663.0671428571427,1702.6680000000001,-0.010170984425122098,0.010145606687414271
2012-03-29,1662.42,1664.84,1645.19,1661.28,121511,Gold,1664.6057142857142,1700.4456666666665,-0.001142389879628225,0.009556529717630617
2012-03-30,1661.44,1670.92,1659.9,1666.95,133176,Gold,1667.02,1698.4019999999998,0.0034130309159203787,0.009578070772017163
2012-04-02,1671.34,1683.46,1662.81,1677.61,144750,Gold,1671.6014285714286,1696.8933333333334,0.006394912864812863,0.009527571375485166
2012-04-03,1676.46,1680.94,1639.0,1645.11,156736,Gold,1669.294285714286,1693.9156666666668,-0.01937279820697302,0.012049502194971732
2012-04-04,1645.64,1647.92,1612.39,1620.56,184611,Gold,1659.2800000000002,1689.286,-0.014923014266523205,0.009501799763947322
2012-04-05,1620.5,1631.27,1619.88,1630.65,95258,Gold,1652.1914285714286,1684.4393333333333,0.006226242780273505,0.010560232453919674
2012-04-09,1644.61,1648.44,1635.4,1640.23,130647,Gold,1648.912857142857,1679.7853333333333,0.005874957838898576,0.010793390906533256
2012-04-10,1640.91,1662.73,1631.8,1659.03,165305,Gold,1648.5914285714284,1676.018,0.011461807185577655,0.01193787678704019
2012-04-11,1659.3,1662.63,1652.92,1658.22,143640,Gold,1647.3442857142857,1672.387,-0.0004882371024031995,0.011835411863550646
2012-04-12,1658.67,1679.85,1650.83,1675.47,125414,Gold,1647.0385714285715,1668.7676666666666,0.010402720989977299,0.01232216994708338
2012-04-13,1675.08,1677.83,1649.19,1655.57,80028,Gold,1648.532857142857,1667.4083333333333,-0.011877264290020118,0.010571232057277738
2012-04-16,1653.14,1657.69,1641.31,1651.41,128915,Gold,1652.94,1665.4093333333333,-0.002512729754706733,0.00825070643978766
2012-04-17,1652.53,1657.39,1634.62,1649.26,110930,Gold,1655.5985714285714,1663.5096666666664,-0.001301917755130555,0.008209070347114107
2012-04-18,1649.57,1654.34,1637.81,1641.52,131044,Gold,1655.782857142857,1662.419,-0.004693013836508553,0.008274359886553017
2012-04-19,1642.36,1653.66,1631.09,1642.56,153580,Gold,1653.43,1661.0193333333334,0.0006335591403090479,0.006660023743170263
2012-04-20,1642.28,1647.11,1638.55,1642.56,122403,Gold,1651.1928571428573,1659.1113333333335,0.0,0.006673770515055897
2012-04-23,1639.87,1643.19,1623.21,1637.77,129102,Gold,1645.8071428571427,1656.5806666666665,-0.002916179622053372,0.004215162438861347
2012-04-24,1637.18,1649.17,1633.94,1641.72,108683,Gold,1643.8285714285714,1654.6056666666666,0.0024118160669690525,0.002405796921718838
2012-04-25,1641.4,1646.21,1624.41,1644.18,153264,Gold,1642.7957142857142,1653.6226666666666,0.0014984284774504086,0.0025153610165476086
2012-04-26,1644.2,1660.57,1642.18,1656.74,130507,Gold,1643.8642857142856,1654.0416666666667,0.0076390662822805044,0.003965665106187264
2012-04-27,1655.35,1667.44,1650.54,1662.37,130159,Gold,1646.8428571428572,1654.1803333333335,0.0033982399169452115,0.0032648803549704965
2012-04-30,1664.05,1665.96,1647.29,1664.42,107131,Gold,1649.9657142857143,1654.3506666666665,0.0012331791358122235,0.0032366360290106934
2012-05-01,1664.55,1671.45,1657.59,1661.56,91893,Gold,1652.68,1654.2740000000001,-0.0017183162903594562,0.00346164421353306
2012-05-02,1662.77,1663.0,1646.91,1653.0,138043,Gold,1654.8557142857142,1654.357,-0.005151785069452797,0.004012392718793851
2012-05-03,1652.86,1653.39,1631.06,1636.24,133535,Gold,1654.0728571428572,1653.8966666666668,-0.0101391409558379,0.00583759518438865
2012-05-04,1635.83,1647.11,1626.43,1641.17,127505,Gold,1653.642857142857,1653.751,0.0030130054270767204,0.005949405019352148
2012-05-07,1639.73,1642.6,1632.13,1638.37,111256,Gold,1651.0185714285715,1652.988,-0.0017060999165230406,0.004827768746449951
2012-05-08,1638.09,1638.92,1595.42,1604.99,148958,Gold,1642.8214285714287,1650.1323333333335,-0.02037390821365126,0.008036037038922127
2012-05-09,1605.35,1606.52,1579.67,1589.78,165714,Gold,1632.1585714285713,1647.1160000000002,-0.00947669455884459,0.007667571530006558
2012-05-10,1590.02,1601.86,1585.64,1593.63,137373,Gold,1622.4542857142858,1644.7976666666666,0.0024217187283774866,0.008237076238518173
2012-05-11,1593.46,1594.88,1574.42,1579.11,140439,Gold,1611.8985714285714,1642.0586666666668,-0.009111274260650393,0.008311454234157023
2012-05-14,1582.16,1585.62,1556.1,1556.26,148001,Gold,1600.472857142857,1638.369,-0.014470176238513988,0.008777245211055539
2012-05-15,1556.9,1564.12,1541.39,1543.75,149458,Gold,1586.5557142857142,1633.907,-0.008038502563838978,0.0075651537359054674
2012-05-16,1544.33,1552.22,1526.96,1538.13,172312,Gold,1572.2357142857145,1630.341,-0.003640485829959461,0.007298618309423472
2012-05-17,1539.31,1579.81,1538.29,1573.6,150188,Gold,1567.7514285714283,1628.7756666666667,0.02306046953118379,0.01254833982300828
2012-05-18,1574.09,1597.59,1567.94,1592.18,160080,Gold,1568.0942857142857,1627.493333333333,0.011807320793085996,0.013208246285724702
2012-05-21,1592.76,1599.13,1584.79,1593.42,126071,Gold,1568.0642857142855,1625.9330000000002,0.0007788064163598563,0.01317861459437425
2012-05-22,1593.14,1594.37,1561.3,1568.14,135973,Gold,1566.497142857143,1622.9033333333332,-0.015865245823448948,0.014171418319152007
2012-05-23,1567.0,1568.65,1533.14,1561.07,168631,Gold,1567.1842857142858,1619.6650000000002,-0.004508526024462167,0.013037529270309574
2012-05-24,1561.84,1577.73,1551.38,1558.73,152857,Gold,1569.3242857142857,1615.7736666666667,-0.0014989718590453505,0.012547696999818555
2012-05-25,1557.86,1574.07,1551.24,1572.56,131247,Gold,1574.242857142857,1613.006666666667,0.008872607828167789,0.012593262152973331
2012-05-28,1575.45,1583.94,1571.44,1573.74,78616,Gold,1574.2628571428572,1610.4176666666667,0.0007503688253549523,0.009069814154508611
2012-05-29,1573.64,1582.66,1549.16,1554.86,141050,Gold,1568.9314285714286,1607.2710000000002,-0.011996899106586967,0.008360830235793055
2012-05-30,1555.05,1569.28,1533.21,1562.61,151124,Gold,1564.5300000000002,1604.6406666666667,0.0049843715832935676,0.008844304929544789
2012-05-31,1562.83,1572.99,1552.17,1560.9,155376,Gold,1563.4957142857143,1601.918666666667,-0.0010943229596634962,0.006695088539640418
2012-06-01,1559.49,1629.53,1544.92,1623.04,172942,Gold,1572.3485714285712,1601.2679999999998,0.03981036581459407,0.01637966715704174
2012-06-04,1623.78,1628.11,1608.62,1618.89,173633,Gold,1580.9428571428573,1600.6386666666667,-0.0025569302050472142,0.016461727695460632
2012-06-05,1618.71,1623.55,1611.45,1617.26,152318,Gold,1587.3285714285716,1599.8233333333333,-0.001006862726930291,0.01655150106557742
2012-06-06,1617.51,1640.63,1615.31,1618.74,168416,Gold,1593.757142857143,1598.9753333333333,0.0009151280560948383,0.016546015024397266
2012-06-07,1621.64,1629.13,1578.64,1589.47,173909,Gold,1598.7014285714286,1596.733,-0.01808196498511183,0.017658238447039093
2012-06-08,1589.66,1594.87,1560.99,1592.32,176270,Gold,1602.945714285714,1594.398,0.0017930505136931618,0.017648136990208167
2012-06-11,1600.94,1608.1,1581.74,1597.29,114303,Gold,1608.1442857142858,1592.1603333333333,0.0031212319131832533,0.017563808547792416
2012-06-12,1594.09,1617.53,1586.16,1609.3,119688,Gold,1606.1814285714286,1590.4183333333335,0.007518985281320223,0.008113811949059678
2012-06-13,1609.61,1624.76,1605.97,1616.77,104964,Gold,1605.8785714285714,1589.2106666666666,0.004641769713540134,0.0083633579501067
2012-06-14,1617.94,1627.89,1609.26,1622.67,108999,Gold,1606.6514285714286,1588.7583333333334,0.0036492512849695125,0.008468985705209544
2012-06-15,1623.49,1633.63,1619.23,1623.99,99102,Gold,1607.4014285714286,1588.1856666666667,0.0008134740890013425,0.008468258777755895
2012-06-18,1623.08,1629.92,1602.62,1627.65,121507,Gold,1612.8557142857142,1587.8283333333336,0.002253708458795911,0.0022073455576162733
2012-06-19,1626.93,1633.18,1617.39,1618.1,109007,Gold,1616.5385714285715,1588.2653333333333,-0.005867354775289657,0.004166014122011842
2012-06-20,1618.59,1622.41,1589.86,1605.88,132427,Gold,1617.7657142857145,1588.802,-0.007552067239354643,0.005542914355162066
2012-06-21,1606.63,1606.99,1564.32,1566.5,136805,Gold,1611.6514285714288,1587.8976666666667,-0.024522380252571918,0.010266899232614219
2012-06-22,1565.65,1573.2,1558.1,1571.29,104894,Gold,1605.1542857142856,1587.637,0.0030577721034152905,0.010065368586487806
2012-06-25,1572.36,1588.22,1566.29,1584.69,105078,Gold,1599.7285714285715,1588.5846666666666,0.008528024744000273,0.010825459949314019
2012-06-26,1585.72,1586.69,1567.74,1571.87,100993,Gold,1592.282857142857,1589.522,-0.008089910329465155,0.010780858162949446
2012-06-27,1572.26,1583.08,1562.69,1574.13,93576,Gold,1584.637142857143,1590.7220000000002,0.0014377779332896967,0.010698516795038386
2012-06-28,1574.37,1578.87,1547.9,1552.53,110454,Gold,1575.27,1590.0196666666668,-0.013721865411370215,0.011237770368058297
2012-06-29,1552.27,1606.79,1551.06,1596.56,129228,Gold,1573.9385714285713,1590.1656666666668,0.028360160512196142,0.01702951118173539
2012-07-02,1597.61,1602.37,1587.08,1597.02,99384,Gold,1578.2985714285714,1590.2856666666667,0.0002881194568322698,0.013453105173148846
2012-07-03,1596.91,1624.93,1594.82,1617.13,107661,Gold,1584.847142857143,1591.9186666666667,0.012592202978046751,0.01395255088109925
2012-07-04,1617.24,1620.29,1611.44,1614.98,59288,Gold,1589.1742857142856,1593.7156666666667,-0.0013295158707092858,0.013940281888727117
2012-07-05,1615.65,1623.76,1597.49,1604.0,106392,Gold,1593.7642857142857,1595.2246666666667,-0.006798845806139986,0.01377994664999652
2012-07-06,1604.5,1609.68,1576.39,1582.5,110062,Gold,1594.9599999999998,1595.556,-0.01340399002493764,0.015131503609120042
2012-07-09,1579.15,1592.77,1576.4,1587.42,89122,Gold,1599.9442857142856,1596.012,0.0031090047393365072,0.013698512942114615
2012-07-10,1588.95,1601.17,1564.42,1566.21,105834,Gold,1595.6085714285714,1596.3903333333333,-0.013361303246777867,0.009340257100859343
2012-07-11,1567.13,1583.18,1566.82,1575.71,99764,Gold,1592.564285714286,1596.827,0.006065597844478132,0.009887601180425058
2012-07-12,1576.62,1577.86,1554.94,1571.38,102773,Gold,1586.0285714285715,1597.176333333333,-0.002747967582867328,0.007576550286792279
2012-07-13,1572.39,1596.72,1565.89,1588.72,97714,Gold,1582.277142857143,1596.0323333333333,0.011034886532856447,0.00951447204670233
2012-07-16,1590.57,1594.71,1577.87,1589.12,92877,Gold,1580.1514285714288,1595.04,0.00025177501384754386,0.009330297220505957
2012-07-17,1589.11,1598.93,1571.56,1582.68,117859,Gold,1580.177142857143,1593.8873333333333,-0.004052557390253564,0.007861039604521312
2012-07-18,1583.45,1585.95,1567.7,1573.18,115461,Gold,1578.142857142857,1592.3686666666665,-0.0060024768114843585,0.00802142053267334
2012-07-19,1573.27,1591.57,1572.46,1580.87,104497,Gold,1580.2371428571428,1592.082,0.004888188255634862,0.0061886808213477305
2012-07-20,1581.93,1586.86,1573.65,1583.53,112755,Gold,1581.3542857142857,1591.7890000000002,0.0016826177990600932,0.005843975715364207
2012-07-23,1580.48,1582.84,1563.16,1576.97,108717,Gold,1582.152857142857,1591.111666666667,-0.0041426433348278335,0.0060035920357066385
2012-07-24,1576.23,1584.47,1568.78,1580.53,109048,Gold,1580.9828571428573,1590.1526666666666,0.0022574938014039425,0.004036464850254234
2012-07-25,1581.14,1610.38,1578.68,1604.18,123573,Gold,1583.1342857142856,1589.7330000000002,0.014963335083800988,0.007213281265884901
2012-07-26,1604.92,1621.82,1601.2,1615.43,110485,Gold,1587.812857142857,1589.4916666666666,0.0070129287237092885,0.0070370735351837
2012-07-27,1615.17,1629.38,1611.74,1622.35,107736,Gold,1594.837142857143,1589.4370000000001,0.004283689172542182,0.005825397349783457
2012-07-30,1624.04,1625.9,1614.26,1621.88,58471,Gold,1600.695714285714,1589.2446666666665,-0.00028970320830878915,0.006079361924380343
2012-07-31,1621.7,1627.89,1610.81,1613.98,111387,Gold,1605.0457142857144,1589.1073333333334,-0.004870890571435638,0.0068891097374919425
2012-08-01,1614.74,1618.5,1591.65,1599.51,119829,Gold,1608.2657142857145,1588.895,-0.008965414689153572,0.007864788176573805
2012-08-02,1599.28,1614.95,1583.83,1588.33,115817,Gold,1609.3800000000003,1589.6226666666666,-0.006989640577426903,0.00857025131921464
2012-08-03,1589.04,1606.52,1585.58,1602.24,100927,Gold,1609.1028571428574,1590.6543333333334,0.008757625934157298,0.007036920170593448
2012-08-06,1601.38,1615.33,1600.74,1610.38,85732,Gold,1608.3814285714286,1591.5106666666666,0.005080387457559565,0.006740660819674203
2012-08-07,1610.64,1618.23,1608.82,1612.0,97024,Gold,1606.902857142857,1592.8483333333336,0.0010059737453271822,0.006467127963761361
2012-08-08,1611.71,1616.62,1603.32,1611.83,104476,Gold,1605.4671428571426,1594.105,-0.00010545905707204373,0.006470380676178636
2012-08-09,1612.39,1618.21,1609.52,1616.75,91776,Gold,1605.862857142857,1596.2456666666667,0.003052431087645857,0.0063455892666154125
2012-08-10,1617.53,1626.39,1605.46,1619.48,94934,Gold,1608.715714285714,1597.0096666666666,0.0016885727539817097,0.0048694250443533
2012-08-13,1620.09,1625.6,1607.49,1609.53,96901,Gold,1611.7442857142855,1597.4266666666665,-0.006143947439918973,0.004619537408683425
2012-08-14,1609.96,1616.26,1589.2,1598.99,96585,Gold,1611.28,1596.8220000000001,-0.006548495523537867,0.004454926527580422
2012-08-15,1599.27,1606.34,1589.93,1603.17,91672,Gold,1610.25,1596.4283333333333,0.0026141501823027102,0.004038238998540194
2012-08-16,1603.39,1618.6,1600.5,1614.74,85952,Gold,1610.6414285714286,1596.7863333333332,0.007216951415008888,0.005021273118374234
2012-08-17,1614.83,1620.13,1611.7,1614.76,82953,Gold,1611.06,1597.8616666666667,1.2385894942790188e-05,0.005020066613930344
2012-08-20,1617.42,1622.28,1609.75,1620.13,70899,Gold,1611.5428571428572,1598.952,0.0033255716019717774,0.005046288901906028
2012-08-21,1620.3,1641.22,1618.43,1637.33,85315,Gold,1614.0928571428572,1601.3226666666667,0.01061643201471485,0.006399711883050877
2012-08-22,1637.23,1655.63,1634.22,1653.94,90084,Gold,1620.437142857143,1603.9303333333335,0.010144564626556773,0.006074183657784364
2012-08-23,1652.78,1674.81,1652.27,1670.55,112333,Gold,1630.66,1607.2359999999999,0.010042685949913421,0.004286125898462033
2012-08-24,1669.93,1673.49,1662.44,1669.44,89261,Gold,1640.127142857143,1609.9266666666667,-0.0006644518272425071,0.0048902716155266365
2012-08-27,1671.38,1676.88,1663.08,1664.2,86543,Gold,1647.1928571428573,1612.4293333333333,-0.003138777074947252,0.005864311592699095
2012-08-28,1664.63,1672.28,1657.12,1666.56,88860,Gold,1654.5928571428574,1615.2253333333333,0.001418098786203581,0.005713792949064935
2012-08-29,1666.77,1669.88,1652.29,1656.03,83300,Gold,1659.7214285714285,1617.987,-0.006318404377880116,0.007058437324767753
2012-08-30,1656.91,1664.11,1651.28,1655.08,80148,Gold,1662.2571428571428,1620.4606666666666,-0.0005736611051732066,0.006315579806619716
2012-08-31,1655.76,1692.78,1645.91,1690.8,94190,Gold,1667.5228571428572,1624.0363333333332,0.021582038330473452,0.00955554887291904
2012-09-03,1689.15,1692.3,1685.35,1692.3,56152,Gold,1670.6299999999999,1627.8806666666667,0.0008871540099362196,0.009076213505662933
2012-09-04,1692.83,1698.97,1688.08,1695.72,92490,Gold,1674.3842857142856,1631.7203333333334,0.002020918276901318,0.009007004772016656
2012-09-05,1695.35,1695.76,1687.21,1692.8,93581,Gold,1678.47,1634.6743333333332,-0.0017219824027552288,0.008880279833753509
2012-09-06,1693.66,1713.44,1691.48,1700.04,139104,Gold,1683.252857142857,1637.4946666666665,0.004276937618147514,0.008889542377937919
2012-09-07,1701.3,1741.75,1689.07,1735.7,131382,Gold,1694.6342857142859,1641.2730000000001,0.020975977035834426,0.010088160803773288
2012-09-10,1734.91,1739.99,1724.77,1726.0,127633,Gold,1704.7657142857145,1644.7436666666665,-0.005588523362332176,0.010846805961319006
2012-09-11,1726.4,1738.1,1725.69,1732.03,117144,Gold,1710.6557142857143,1648.6786666666667,0.003493626882966394,0.008415214181400819
2012-09-12,1732.0,1747.11,1725.1,1730.64,148405,Gold,1716.1328571428571,1653.0496666666668,-0.0008025265151295757,0.008525419141322571
2012-09-13,1731.15,1772.66,1715.46,1766.12,160859,Gold,1726.19,1658.9759999999999,0.020501086303332805,0.0106763172957828
2012-09-14,1768.72,1777.72,1765.51,1770.35,175212,Gold,1737.2685714285712,1664.5796666666668,0.002395080741965483,0.010294541083369154
2012-09-17,1775.13,1776.34,1753.91,1761.14,135402,Gold,1745.9971428571428,1669.605,-0.0052023611150336935,0.011212785681437326
2012-09-18,1761.85,1773.32,1751.84,1771.25,171110,Gold,1751.0757142857142,1674.9133333333334,0.005740599838740756,0.00884946841119618
2012-09-19,1771.68,1779.25,1761.85,1770.02,150312,Gold,1757.3642857142856,1680.1863333333333,-0.0006944248412138476,0.008236001141603682
2012-09-20,1770.16,1772.18,1755.22,1768.5,156605,Gold,1762.5742857142857,1685.2446666666665,-0.0008587473587868821,0.008410713341289532
2012-09-21,1768.62,1787.39,1766.62,1773.03,160799,Gold,1768.6299999999999,1690.363,0.0025614927905004414,0.008251074315228892
2012-09-24,1771.81,1772.19,1755.54,1764.15,158365,Gold,1768.3485714285714,1695.517,-0.005008375492800421,0.004050877313981992
2012-09-25,1765.22,1775.0,1758.78,1760.84,161054,Gold,1766.99,1700.912,-0.0018762576878383896,0.003922869165261722
2012-09-26,1760.39,1765.5,1736.63,1752.21,145485,Gold,1765.7142857142858,1705.88,-0.00490106994389039,0.0038672964444099733
2012-09-27,1752.99,1780.31,1750.82,1777.05,157052,Gold,1766.5428571428572,1711.2903333333334,0.014176382967794998,0.0065793230291027235
2012-09-28,1776.65,1783.24,1767.19,1771.68,162483,Gold,1766.7800000000002,1716.521,-0.0030218620747868297,0.006706474433821629
2012-10-01,1769.47,1791.61,1763.33,1775.27,167993,Gold,1767.7471428571428,1721.6923333333334,0.0020263252957644085,0.006722560953652923
2012-10-02,1776.04,1784.28,1770.34,1774.74,138237,Gold,1767.9914285714283,1726.2726666666667,-0.00029854613664404006,0.0066677016751315234
2012-10-03,1773.49,1781.81,1770.83,1777.46,143811,Gold,1769.892857142857,1730.3899999999999,0.0015326188624813497,0.006269677042494561
2012-10-04,1778.12,1795.1,1777.54,1790.09,162704,Gold,1774.0714285714287,1734.3746666666668,0.00710564513406764,0.006476856002516215
2012-10-05,1790.94,1795.87,1772.41,1780.29,142510,Gold,1778.0828571428572,1738.0696666666665,-0.005474585076727934,0.006586917379585994
2012-10-08,1777.25,1779.55,1766.35,1774.86,126742,Gold,1777.77,1741.7583333333334,-0.003050064877070602,0.004188094094579721
2012-10-09,1775.73,1779.7,1760.45,1764.16,142444,Gold,1776.695714285714,1745.0116666666665,-0.006028644512806491,0.004657396353038734
2012-10-10,1765.14,1768.2,1756.92,1762.32,139661,Gold,1774.8457142857144,1748.5546666666667,-0.0010429892980229338,0.004511320325324026
2012-10-11,1761.36,1774.82,1758.45,1767.13,136168,Gold,1773.7585714285717,1752.2896666666666,0.0027293567570021438,0.004733574187475361
2012-10-12,1767.08,1773.26,1752.06,1754.19,132074,Gold,1770.4342857142858,1754.4026666666666,-0.007322607844357787,0.005225116788106873
2012-10-15,1751.86,1751.97,1728.48,1737.87,151689,Gold,1762.9742857142858,1755.9216666666666,-0.009303439194158103,0.004083872687646019
2012-10-16,1736.89,1748.13,1734.73,1747.52,120529,Gold,1758.2928571428572,1757.6483333333333,0.0055527743732270984,0.00542342543186232
2012-10-17,1748.42,1753.46,1742.76,1749.86,122319,Gold,1754.7214285714285,1759.5503333333334,0.0013390404687785296,0.005618063063369063
2012-10-18,1749.9,1752.11,1738.04,1741.07,124267,Gold,1751.422857142857,1760.9180000000001,-0.005023259003577363,0.0055100437294819254
2012-10-19,1741.72,1743.3,1715.52,1721.75,157457,Gold,1745.6271428571429,1760.453,-0.011096624489537965,0.006483633201596213
2012-10-22,1718.34,1729.35,1713.41,1728.14,142462,Gold,1740.0571428571427,1760.5243333333333,0.003711340206185687,0.006644545835306673
2012-10-23,1729.03,1730.03,1703.84,1707.3,161733,Gold,1733.3585714285712,1759.7,-0.012059208166005142,0.007343167584151356
2012-10-24,1707.71,1714.33,1698.5,1701.71,151086,Gold,1728.1928571428573,1758.7356666666667,-0.003274175598898754,0.00693793232320044
2012-10-25,1701.92,1717.94,1701.82,1711.43,142500,Gold,1723.037142857143,1756.9126666666668,0.005711901557844845,0.006970727805326084
2012-10-26,1711.72,1718.75,1700.7,1710.89,151299,Gold,1717.47,1754.9306666666666,-0.0003155256130837891,0.006827400735957489
2012-10-29,1711.77,1717.19,1705.94,1709.14,95588,Gold,1712.9085714285716,1753.1973333333333,-0.0010228594474220865,0.006816006504074499
2012-10-30,1706.97,1715.14,1704.73,1708.62,97453,Gold,1711.0328571428574,1751.1096666666667,-0.0003042465801514904,0.005710133657126741
2012-10-31,1710.56,1725.9,1709.24,1720.32,144815,Gold,1709.9157142857143,1749.4530000000002,0.006847631421849298,0.006246498925037754
2012-11-01,1719.89,1726.98,1713.58,1713.97,130774,Gold,1710.8685714285714,1747.6353333333332,-0.0036911737351189577,0.004140622905442176
2012-11-02,1716.02,1716.82,1674.43,1677.42,153330,Gold,1707.3985714285714,1744.4483333333335,-0.021324760643418483,0.009315997765006093
2012-11-05,1677.93,1686.16,1672.63,1684.46,141576,Gold,1703.5457142857142,1741.7920000000001,0.004196921462722436,0.009122175808231771
2012-11-06,1685.4,1720.84,1683.54,1716.02,148775,Gold,1704.2785714285715,1740.2979999999998,0.018735974733742555,0.012133712657121454
2012-11-07,1714.92,1731.69,1703.09,1717.18,216437,Gold,1705.427142857143,1739.1303333333333,0.0006759827974034405,0.012115360868208065
2012-11-08,1717.62,1734.99,1712.68,1731.57,154056,Gold,1708.7057142857143,1737.6143333333334,0.008380018402264211,0.012431853042857781
2012-11-09,1730.83,1738.77,1727.09,1730.84,163334,Gold,1710.2085714285713,1736.2530000000002,-0.000421582725503411,0.012259343105206705
2012-11-12,1733.65,1737.96,1725.57,1728.47,131417,Gold,1712.2800000000002,1734.693,-0.0013692773451040585,0.012144153369477838
2012-11-13,1728.2,1732.9,1717.8,1725.2,155808,Gold,1719.1057142857146,1733.0416666666667,-0.0018918465463675371,0.007421830147838554
2012-11-14,1724.97,1734.0,1720.68,1726.72,157111,Gold,1725.142857142857,1731.3503333333333,0.0008810572687225626,0.00751564785700336
2012-11-15,1726.65,1727.86,1704.68,1716.05,149782,Gold,1725.1471428571426,1728.8823333333332,-0.006179345811712422,0.004383171793586817
2012-11-16,1717.16,1717.21,1705.75,1713.57,152689,Gold,1724.6314285714284,1726.6583333333333,-0.0014451793362664223,0.004402791846885901
2012-11-19,1714.57,1735.5,1714.29,1731.63,127797,Gold,1724.6399999999999,1725.2173333333335,0.010539400199583326,0.00512766972435781
2012-11-20,1731.1,1735.6,1722.11,1727.63,138072,Gold,1724.1814285714283,1723.9996666666666,-0.0023099622898655747,0.005203649980498502
2012-11-21,1727.75,1731.84,1720.5,1728.6,130916,Gold,1724.2,1722.8756666666666,0.0005614628132180055,0.005185795791102743
2012-11-22,1729.03,1732.5,1728.43,1729.74,66040,Gold,1724.8485714285714,1721.6293333333335,0.0006594932315169277,0.005118062713720108
2012-11-23,1728.84,1754.28,1727.95,1751.13,113917,Gold,1728.3357142857144,1721.5273333333332,0.012366020326754379,0.006850590657241064
2012-11-26,1750.35,1752.19,1745.86,1748.56,137325,Gold,1732.98,1721.8836666666664,-0.0014676237629417388,0.006100225043117967
2012-11-27,1749.15,1751.71,1740.37,1742.01,144757,Gold,1737.0428571428572,1721.7,-0.0037459395159444853,0.006414700017737606
2012-11-28,1741.65,1743.05,1705.59,1719.3,171957,Gold,1735.2814285714285,1720.6813333333334,-0.013036664542683485,0.007507758554766809
2012-11-29,1719.6,1728.48,1718.0,1725.7,146739,Gold,1735.0057142857145,1720.169,0.0037224451811783688,0.007676146909112457
2012-11-30,1725.45,1731.65,1708.43,1714.13,152626,Gold,1732.9385714285713,1719.915,-0.006704525699716024,0.008048598405000086
2012-12-03,1714.96,1722.51,1712.51,1715.53,136897,Gold,1730.9085714285716,1719.4946666666667,0.0008167408539607734,0.008054780501856103
2012-12-04,1716.31,1717.33,1691.21,1697.38,176260,Gold,1723.23,1719.164,-0.010579820813392815,0.006059464648822898
2012-12-05,1696.47,1706.86,1684.75,1693.74,151166,Gold,1715.3985714285716,1718.8983333333333,-0.002144481495010009,0.0060095475497958465
2012-12-06,1693.68,1703.21,1685.9,1699.87,157322,Gold,1709.3785714285714,1718.513,0.003619209559908798,0.006765772234066249
2012-12-07,1699.52,1705.47,1684.01,1703.59,149323,Gold,1707.1342857142859,1718.2696666666666,0.002188402642554932,0.005509237672036175
2012-12-10,1703.68,1717.21,1702.61,1712.85,100652,Gold,1705.2985714285714,1718.3933333333334,0.005435580157197473,0.005799787716604744
2012-12-11,1712.88,1714.31,1704.75,1709.91,118929,Gold,1704.6957142857143,1718.4363333333333,-0.001716437516419922,0.005272067901014934
2012-12-12,1710.11,1723.27,1707.11,1711.51,161499,Gold,1704.1214285714286,1718.1426666666666,0.0009357217631336123,0.005276609097400213
2012-12-13,1709.82,1711.12,1689.39,1697.22,189204,Gold,1704.0985714285714,1717.5843333333335,-0.00834935232630829,0.004574665620913197
2012-12-14,1696.93,1700.41,1693.18,1695.38,133274,Gold,1704.3328571428572,1718.183,-0.0010841258057293635,0.00450907971127129
2012-12-17,1699.48,1699.78,1686.49,1698.01,126078,Gold,1704.067142857143,1718.6346666666666,0.0015512746404935385,0.004306886701535694
2012-12-18,1698.36,1703.07,1660.87,1670.48,161673,Gold,1699.337142857143,1717.1166666666666,-0.016213096507087688,0.007251840598696865
2012-12-19,1672.3,1676.72,1663.22,1666.83,144253,Gold,1692.7628571428572,1715.4383333333333,-0.002185000718356478,0.006326397579566801
2012-12-20,1666.15,1671.78,1635.48,1647.15,151076,Gold,1683.797142857143,1712.6243333333334,-0.011806842929392825,0.0068803325743225585
2012-12-21,1647.92,1659.61,1635.44,1657.04,145699,Gold,1676.0157142857145,1710.1643333333334,0.006004310475669961,0.007845821079337406
2012-12-24,1657.22,1665.8,1651.81,1658.25,74420,Gold,1670.4485714285713,1707.8236666666667,0.0007302177376526942,0.0078699230945706
2012-12-26,1655.61,1667.89,1655.23,1659.96,57387,Gold,1665.3885714285714,1705.6490000000001,0.0010312075983718305,0.008007972052215555
2012-12-27,1658.74,1665.35,1652.54,1663.86,90737,Gold,1660.51,1703.5536666666667,0.002349454203715684,0.008088589566341772
2012-12-28,1664.37,1666.08,1653.49,1655.16,79158,Gold,1658.3214285714287,1701.5240000000001,-0.005228805308138851,0.005814353818289106
2012-12-31,1656.02,1675.21,1655.82,1674.87,61932,Gold,1659.4699999999998,1700.2340000000002,0.011908214311607157,0.00761754379391164
2013-01-02,1673.25,1694.77,1670.1,1686.61,121895,Gold,1665.107142857143,1698.7333333333333,0.00700949924471761,0.0054848194821457245
2013-01-03,1686.12,1689.84,1660.56,1663.17,127627,Gold,1665.982857142857,1696.5846666666666,-0.013897700120359624,0.008330330920055322
2013-01-04,1663.98,1664.09,1625.8,1655.75,199229,Gold,1665.6257142857144,1694.1563333333334,-0.004461359933139786,0.008540829753988583
2013-01-07,1658.6,1662.47,1642.67,1646.98,146341,Gold,1663.7714285714285,1691.3976666666667,-0.0052966933413860495,0.00872367004411434
2013-01-08,1647.98,1662.41,1646.44,1658.65,142438,Gold,1663.0271428571427,1688.3149999999998,0.007085696244034656,0.009205116743330962
2013-01-09,1659.86,1665.81,1651.34,1657.57,129479,Gold,1663.3714285714284,1685.282,-0.0006511319446538266,0.008965334187084485
2013-01-10,1657.83,1678.77,1653.72,1674.68,122691,Gold,1663.3442857142857,1683.0376666666666,0.010322339328052488,0.008635371496877911
2013-01-11,1675.71,1676.79,1653.26,1662.71,133064,Gold,1659.93,1681.1513333333335,-0.007147634174887174,0.008378434067749815
2013-01-14,1661.58,1674.7,1659.88,1667.59,112860,Gold,1660.5614285714287,1679.2143333333333,0.002934967613113404,0.006629909262409644
2013-01-15,1667.9,1685.06,1666.33,1679.12,141704,Gold,1663.8999999999999,1678.0473333333334,0.0069141695500691824,0.006634437609959714
2013-01-16,1679.73,1684.76,1673.39,1679.41,121528,Gold,1668.532857142857,1676.8433333333332,0.00017270951450765182,0.005911368185701313
2013-01-17,1680.72,1696.1,1666.69,1687.6,141146,Gold,1672.6685714285716,1676.5173333333332,0.004876712655039528,0.005699908446141563
2013-01-18,1687.14,1695.17,1683.31,1683.31,118047,Gold,1676.3457142857144,1676.169666666667,-0.002542071580943328,0.005914300665882854
2013-01-21,1688.48,1691.2,1685.81,1689.62,70148,Gold,1678.48,1675.828,0.0037485668118171223,0.004836877239344257
2013-01-22,1690.19,1695.99,1686.59,1691.93,115621,Gold,1682.6542857142856,1675.4393333333333,0.0013671713166274468,0.0031359137218747155
2013-01-23,1693.1,1694.94,1683.62,1685.73,105798,Gold,1685.2457142857143,1674.5353333333335,-0.003664454203188061,0.0038846040479774777
2013-01-24,1684.31,1685.98,1664.86,1667.77,139698,Gold,1683.6242857142859,1673.1306666666667,-0.010654137969900335,0.005271461237931001
2013-01-25,1668.41,1672.27,1655.87,1658.91,138580,Gold,1680.6957142857143,1671.3773333333334,-0.005312483136163837,0.005479219832459492
2013-01-28,1659.66,1662.29,1651.89,1655.67,122744,Gold,1676.1342857142859,1669.9923333333331,-0.0019530896793678032,0.004649919703189505
2013-01-29,1654.94,1665.94,1654.73,1663.65,110612,Gold,1673.3257142857144,1668.9346666666668,0.004819801047310168,0.005458066733175192
2013-01-30,1663.39,1683.74,1662.65,1676.71,132965,Gold,1671.4814285714288,1668.2246666666665,0.007850208878069198,0.00629238463984624
2013-01-31,1675.85,1680.72,1657.77,1663.44,137185,Gold,1667.4114285714284,1667.9900000000002,-0.007914308377715895,0.006658474741064451
2013-02-01,1663.93,1682.11,1659.85,1667.11,139153,Gold,1664.7514285714285,1667.9993333333334,0.002206271341316679,0.006840500937512447
2013-02-04,1668.8,1677.6,1661.48,1674.16,125490,Gold,1665.6642857142856,1668.8996666666667,0.004228875119218323,0.005774649785117131
2013-02-05,1674.5,1684.97,1666.62,1672.74,146732,Gold,1667.6399999999999,1669.4229999999998,-0.0008481865532565802,0.005239633393600478
2013-02-06,1672.91,1679.87,1668.31,1677.47,122367,Gold,1670.7542857142857,1670.0636666666664,0.002827695876226999,0.005069172880846681
2013-02-07,1677.39,1683.16,1664.16,1671.4,151941,Gold,1671.8614285714286,1670.445,-0.0036185445939420635,0.005253940998645255
2013-02-08,1672.09,1673.64,1665.03,1666.97,131345,Gold,1670.4699999999998,1670.5486666666666,-0.002650472657652281,0.004271368122313975
2013-02-11,1667.36,1669.54,1643.77,1647.84,124084,Gold,1668.2414285714287,1670.3046666666667,-0.011475911384128179,0.005336125783861336
2013-02-12,1647.29,1653.3,1639.21,1650.85,139770,Gold,1665.9185714285716,1669.5040000000001,0.001826633653752685,0.005295938114951835
2013-02-13,1652.38,1653.46,1640.48,1642.35,140440,Gold,1661.3742857142859,1668.0286666666666,-0.0051488627070902515,0.004801557785640522
2013-02-14,1641.86,1650.07,1632.79,1634.25,152293,Gold,1655.8757142857144,1667.0646666666667,-0.004931957256370412,0.004783317570585713
2013-02-15,1634.03,1635.99,1597.87,1609.23,184003,Gold,1646.1271428571429,1665.514,-0.015309775126204683,0.005724236378810682
2013-02-18,1609.22,1618.79,1607.03,1609.63,115575,Gold,1637.302857142857,1664.269,0.00024856608440071426,0.006151891007601642
2013-02-19,1610.13,1615.2,1600.72,1604.65,167818,Gold,1628.4,1662.469,-0.003093878717469245,0.006121685057277611
2013-02-20,1604.55,1609.53,1558.65,1563.94,260439,Gold,1616.4142857142856,1659.3480000000002,-0.02537001838407127,0.009650724569838124
2013-02-21,1567.62,1584.98,1555.04,1575.91,261656,Gold,1605.7085714285713,1656.0556666666669,0.00765374630740312,0.0107658270547029
2013-02-22,1577.73,1587.24,1569.85,1580.46,195112,Gold,1596.8671428571429,1653.3139999999999,0.002887220716919048,0.011354332725801991
2013-02-25,1580.91,1596.99,1575.17,1593.83,203096,Gold,1591.0928571428572,1650.8553333333334,0.00845956240588186,0.012518112655037607
2013-02-26,1592.22,1620.1,1584.44,1613.66,262589,Gold,1591.7257142857143,1648.6733333333332,0.012441728415201192,0.012550304126137982
2013-02-27,1613.52,1614.83,1592.15,1597.05,192178,Gold,1589.9285714285713,1645.928,-0.010293370350631603,0.013195932924494534
2013-02-28,1596.96,1603.01,1574.99,1579.99,213538,Gold,1586.4057142857143,1642.3410000000001,-0.010682195297579855,0.013694569510716117
2013-03-01,1580.61,1587.28,1564.81,1576.23,232651,Gold,1588.1614285714288,1638.7716666666668,-0.002379761897227217,0.009216471484757613
2013-03-04,1580.2,1584.89,1569.38,1573.63,174615,Gold,1587.8357142857144,1634.9053333333334,-0.0016495054655728536,0.008783814677851958
2013-03-05,1574.39,1586.51,1571.95,1575.3,157403,Gold,1587.0985714285714,1631.0176666666666,0.0010612405711634132,0.008704517119263963
2013-03-06,1575.28,1584.91,1567.39,1583.46,162240,Gold,1585.6171428571429,1627.6086666666667,0.005179965720815138,0.008220830264675964
2013-03-07,1584.45,1585.46,1574.91,1578.76,152290,Gold,1580.6314285714286,1624.6416666666667,-0.0029681835979438187,0.005740904781874317
2013-03-08,1578.08,1583.74,1561.41,1578.55,186238,Gold,1577.9885714285713,1621.963,-0.0001330157845398361,0.004833065712545999
2013-03-11,1578.6,1583.39,1575.5,1581.59,110765,Gold,1578.2171428571426,1619.4936666666665,0.0019258179975294443,0.002849722218605943
2013-03-12,1582.01,1598.39,1580.02,1592.74,124787,Gold,1580.5757142857142,1617.13,0.007049867538363452,0.003588584557706375
2013-03-13,1593.07,1599.35,1585.63,1587.54,121769,Gold,1582.5628571428572,1614.1576666666667,-0.003264814093951296,0.003865733051847815
2013-03-14,1589.23,1593.34,1576.31,1590.13,131802,Gold,1584.6814285714286,1611.714,0.0016314549554656832,0.0038667459571865917
2013-03-15,1590.66,1599.08,1588.52,1591.95,108470,Gold,1585.8942857142858,1609.2086666666664,0.0011445605076314536,0.0034814802405491777
2013-03-18,1604.62,1611.24,1591.67,1605.01,158218,Gold,1589.6442857142858,1606.9036666666666,0.008203775244197242,0.004004052333038072
2013-03-19,1605.75,1615.6,1600.02,1612.23,131529,Gold,1594.455714285714,1604.8866666666668,0.004498414340097678,0.003903805325762721
2013-03-20,1613.17,1614.77,1602.9,1605.95,118721,Gold,1597.9357142857145,1602.5026666666668,-0.0038952258672769746,0.004713495911705248
2013-03-21,1606.43,1616.84,1604.49,1614.49,98110,Gold,1601.0428571428572,1600.6056666666666,0.005317724711230154,0.004454526105304816
2013-03-22,1615.76,1616.15,1603.52,1608.42,97701,Gold,1604.0257142857142,1598.654,-0.0037597012059535917,0.0045538671482871895
2013-03-25,1608.32,1613.79,1589.65,1605.14,138673,Gold,1606.1699999999998,1597.2306666666668,-0.0020392683503065445,0.004792012707565816
2013-03-26,1604.08,1606.01,1594.61,1599.22,104315,Gold,1607.2085714285715,1595.5096666666664,-0.0036881518123029755,0.005160953404209141
2013-03-27,1600.65,1608.35,1591.29,1605.11,119462,Gold,1607.222857142857,1594.2683333333332,0.003683045484673686,0.004265091216213263
2013-03-28,1605.01,1607.64,1593.97,1596.1,115745,Gold,1604.9185714285716,1592.9966666666667,-0.005613322451420766,0.004206155823714399
2013-04-01,1600.84,1601.04,1594.79,1599.5,77749,Gold,1603.9971428571428,1592.6723333333334,0.0021301923438381554,0.0042335090264123834
2013-04-02,1599.28,1603.92,1573.59,1575.96,120519,Gold,1598.4928571428572,1591.55,-0.014717099093466635,0.005997028888983735
2013-04-03,1576.18,1577.14,1549.44,1557.2,163329,Gold,1591.1757142857143,1589.9683333333335,-0.011903855427802701,0.006807123551365501
2013-04-04,1557.26,1559.51,1540.12,1554.66,181372,Gold,1583.9642857142858,1589.659,-0.0016311328024659622,0.006834332515235357
2013-04-05,1553.8,1581.25,1549.31,1580.79,163780,Gold,1581.3314285714284,1589.8216666666667,0.01680753347998909,0.010606580978582152
2013-04-08,1582.24,1582.65,1567.35,1573.53,110685,Gold,1576.8200000000002,1589.5906666666667,-0.004592640388666469,0.010377485939819643
2013-04-09,1572.43,1590.38,1570.39,1585.19,119768,Gold,1575.2614285714285,1589.3026666666665,0.007410090687816728,0.01093890675165928
2013-04-10,1585.01,1588.61,1555.7,1557.91,160878,Gold,1569.32,1587.4443333333334,-0.017209293523173907,0.012384467508233849
2013-04-11,1557.75,1568.4,1553.38,1560.99,131722,Gold,1567.1814285714286,1586.2423333333331,0.001977007657695262,0.011481764325905799
2013-04-12,1559.95,1564.71,1481.75,1482.33,272265,Gold,1556.4857142857145,1582.987,-0.050391097957065756,0.021895223567798123
2013-04-15,1482.82,1495.57,1337.09,1348.0,679039,Gold,1526.9628571428573,1575.3793333333333,-0.09062084690993233,0.03817407780958668
2013-04-16,1362.17,1403.44,1321.54,1366.31,455308,Gold,1496.3228571428572,1568.4686666666666,0.013583086053412519,0.03767895022845372
2013-04-17,1372.33,1395.12,1364.88,1375.74,313402,Gold,1468.0671428571427,1561.8166666666666,0.006901801201777191,0.03869787245234685
2013-04-18,1376.33,1402.07,1336.14,1390.5,297097,Gold,1440.2542857142857,1555.3846666666666,0.010728771424833194,0.03908425890305532
2013-04-19,1394.58,1425.11,1385.8,1403.53,190124,Gold,1418.2000000000003,1549.543666666667,0.009370729953254164,0.040426305484388546
2013-04-22,1405.88,1439.05,1403.6,1425.5,241277,Gold,1398.8442857142857,1544.442,0.015653388242502952,0.04164295811406748
2013-04-23,1426.06,1432.84,1404.93,1414.16,247831,Gold,1389.1057142857146,1538.861,-0.007955103472465752,0.038077613529686576
2013-04-24,1413.42,1433.37,1412.23,1431.45,204042,Gold,1401.027142857143,1533.4846666666667,0.012226339310968948,0.007850680972909972
2013-04-25,1430.77,1469.19,1427.08,1466.52,211498,Gold,1415.3428571428572,1529.4506666666666,0.024499633239023266,0.009830039820249367
2013-04-26,1466.07,1485.21,1447.91,1461.01,272629,Gold,1427.5242857142857,1525.1466666666668,-0.003757193901208322,0.011162067368586572
2013-04-29,1466.69,1478.76,1462.14,1474.77,185909,Gold,1439.5628571428572,1521.2406666666668,0.00941814224406401,0.011132946172386214
2013-04-30,1474.78,1479.94,1461.0,1476.59,181761,Gold,1450.0,1516.96,0.001234090739572924,0.011446469093201999
2013-05-01,1475.67,1478.07,1440.41,1457.02,217863,Gold,1454.502857142857,1511.7863333333332,-0.013253509775902561,0.01304630287416996
2013-05-02,1457.65,1473.87,1448.84,1466.96,198123,Gold,1462.0457142857142,1507.1533333333332,0.0068221438278128765,0.012101460425443009
2013-05-03,1466.32,1488.08,1456.11,1470.45,218108,Gold,1467.6171428571429,1502.352,0.002379069640617404,0.011730510566052831
2013-05-06,1470.21,1478.85,1464.48,1469.15,146684,Gold,1467.9928571428572,1497.7096666666664,-0.000884083103811717,0.007443471218662916
2013-05-07,1469.37,1470.65,1441.37,1452.07,210265,Gold,1466.7157142857143,1492.6073333333334,-0.011625770003063085,0.008650935084948847
2013-05-08,1451.43,1476.68,1447.67,1473.65,179296,Gold,1466.5557142857142,1488.4216666666664,0.014861542487621282,0.009883948310731255
2013-05-09,1472.38,1475.82,1453.33,1457.13,183765,Gold,1463.7757142857142,1483.4890000000003,-0.011210260238184055,0.010696726319154854
2013-05-10,1457.32,1462.18,1419.74,1447.39,266095,Gold,1462.4,1478.532,-0.006684372705249353,0.00977763268129103
2013-05-13,1445.98,1446.74,1425.87,1430.81,186923,Gold,1457.2357142857143,1472.9089999999999,-0.01145510194211663,0.009810290761158682
2013-05-14,1430.66,1445.47,1421.23,1425.56,229151,Gold,1450.8228571428572,1467.8956666666666,-0.0036692502848036934,0.009464709792312774
2013-05-15,1425.51,1430.8,1388.37,1392.86,280997,Gold,1439.9242857142856,1462.4176666666667,-0.022938354050338172,0.011548052338544093
2013-05-16,1395.6,1398.31,1369.62,1386.09,298414,Gold,1430.4985714285715,1456.7986666666666,-0.004860502850250525,0.011430805688025356
2013-05-17,1384.84,1393.06,1355.26,1358.89,300361,Gold,1414.1042857142857,1449.4019999999998,-0.01962354536862676,0.007365541807087139
2013-05-20,1364.59,1399.54,1337.95,1393.41,359215,Gold,1405.0014285714283,1443.398,0.025403086342529635,0.015785766895564837
2013-05-21,1393.33,1401.66,1359.7,1376.38,300545,Gold,1394.857142857143,1436.437666666667,-0.01222181554603452,0.015948419890595318
2013-05-22,1376.41,1414.31,1354.44,1369.5,364168,Gold,1386.0985714285714,1430.1573333333333,-0.004998619567270768,0.01583766195467935
2013-05-23,1369.42,1398.07,1356.61,1390.8,323651,Gold,1381.1328571428571,1424.4843333333333,0.015553121577217999,0.017871301716250062
2013-05-24,1391.37,1398.45,1382.36,1385.79,192061,Gold,1380.1228571428571,1421.2663333333333,-0.0036022433132010256,0.015708573444644075
2013-05-27,1387.9,1396.83,1384.33,1394.4,70795,Gold,1381.31,1422.8129999999999,0.006213062585240348,0.01576800634588128
2013-05-28,1393.86,1399.48,1373.69,1380.98,201743,Gold,1384.4657142857143,1423.3020000000001,-0.00962421113023526,0.01393933770288736
2013-05-29,1381.97,1395.35,1380.09,1393.51,183292,Gold,1384.48,1423.8943333333332,0.009073266810525782,0.010350237217584409
2013-05-30,1393.21,1418.05,1388.78,1413.95,208571,Gold,1389.847142857143,1424.676,0.014667996641574144,0.010018576657281049
2013-05-31,1412.93,1421.9,1384.72,1387.64,204048,Gold,1392.4385714285713,1424.1463333333334,-0.01860744722232044,0.0129299736663327
2013-06-03,1389.5,1417.04,1388.97,1411.29,198939,Gold,1395.3657142857144,1423.6726666666666,0.017043325358161887,0.013200641390201202
2013-06-04,1410.8,1415.07,1389.07,1399.4,186007,Gold,1397.31,1423.1806666666669,-0.008424916211409283,0.013669407989180375
2013-06-05,1399.2,1410.52,1395.81,1403.74,214863,Gold,1398.6442857142858,1422.257,0.003101329141060427,0.01353971332874328
2013-06-06,1402.06,1423.89,1391.78,1413.53,236309,Gold,1403.294285714286,1420.4906666666668,0.006974225996267069,0.012795276430516905
2013-06-07,1413.11,1417.97,1377.78,1381.96,252479,Gold,1401.6442857142858,1417.8556666666666,-0.02233415633201974,0.015661559610483947
2013-06-10,1379.18,1388.95,1375.79,1386.28,195881,Gold,1397.6914285714286,1414.906,0.0031259949636748274,0.014272945278539782
2013-06-11,1386.3,1387.53,1365.29,1377.88,223094,Gold,1396.297142857143,1411.6156666666668,-0.006059381943041675,0.012641476586802968
2013-06-12,1378.26,1394.63,1373.12,1388.46,167939,Gold,1393.0357142857142,1409.3303333333336,0.0076784625656804995,0.010779672252638857
2013-06-13,1388.08,1394.88,1374.46,1385.12,214395,Gold,1390.9957142857143,1406.6023333333333,-0.002405542831626528,0.010442306342658655
2013-06-14,1386.32,1392.34,1378.43,1390.25,176325,Gold,1389.0685714285714,1403.9289999999999,0.0037036502252514314,0.01048812436014131
2013-06-17,1389.19,1391.93,1380.47,1385.09,122520,Gold,1385.0057142857142,1401.1270000000002,-0.0037115626685848557,0.009835168949748367
2013-06-18,1384.87,1386.06,1361.13,1367.92,167686,Gold,1383.0,1398.3220000000001,-0.012396306377202793,0.00680592122825443
2013-06-19,1368.24,1376.66,1349.01,1351.03,175965,Gold,1377.9642857142858,1394.2346666666667,-0.012347213287326797,0.00754880999412801
2013-06-20,1350.93,1351.15,1276.13,1284.42,464971,Gold,1364.6128571428574,1388.4776666666667,-0.04930312428295436,0.018944275768440218
2013-06-21,1281.77,1302.47,1269.43,1295.57,316103,Gold,1351.3428571428572,1383.4170000000001,0.008680961056352077,0.019101794105142095
2013-06-24,1298.87,1301.51,1276.05,1282.52,278081,Gold,1336.6857142857145,1378.474,-0.010072786495519348,0.018832895724205274
2013-06-25,1282.54,1289.56,1271.72,1277.47,234810,Gold,1320.5742857142857,1373.5376666666668,-0.003937560427907494,0.018059158330587105
2013-06-26,1277.08,1277.97,1221.58,1226.89,409809,Gold,1297.9742857142858,1368.0053333333335,-0.039593884787901046,0.02030986268376277
2013-06-27,1224.69,1244.63,1196.48,1200.29,332479,Gold,1274.027142857143,1361.8120000000001,-0.021680835282706812,0.02026254560353634
2013-06-28,1202.43,1235.14,1180.17,1234.86,384718,Gold,1257.4314285714286,1357.6776666666667,0.028801373001524633,0.027099991862333587
2013-07-01,1235.51,1261.74,1225.05,1252.2,267695,Gold,1252.8285714285714,1352.9706666666668,0.01404207764442944,0.02300762619995358
2013-07-02,1254.16,1267.47,1239.55,1243.18,205123,Gold,1245.3442857142857,1348.5306666666665,-0.007203322153010672,0.02239328407420047
2013-07-03,1244.34,1260.02,1236.82,1252.93,201562,Gold,1241.1171428571429,1344.645,0.007842790263678623,0.0228249964871247
2013-07-04,1251.81,1257.88,1244.79,1249.45,111136,Gold,1237.1142857142856,1339.9333333333334,-0.002777489564460889,0.022822148500928133
2013-07-05,1249.75,1250.54,1208.14,1222.92,246460,Gold,1236.547142857143,1334.5043333333335,-0.021233342670775146,0.018565322555727033
2013-07-08,1223.59,1238.76,1215.65,1236.73,196304,Gold,1241.7528571428572,1329.2486666666666,0.011292643836064542,0.016283834160071765
2013-07-09,1236.78,1260.57,1233.58,1251.14,222132,Gold,1244.0785714285716,1324.9206666666664,0.011651694387619038,0.012948300104746352
2013-07-10,1251.21,1265.88,1243.97,1257.61,220313,Gold,1244.8514285714286,1320.3906666666667,0.005171283789184189,0.01196368836120515
2013-07-11,1265.34,1298.83,1265.12,1285.8,274363,Gold,1250.94,1316.119,0.022415534227622214,0.01380744785209367
2013-07-12,1286.44,1288.57,1267.84,1285.31,159909,Gold,1255.5657142857142,1312.7079999999999,-0.0003810857053974104,0.013865966208528853
2013-07-15,1288.52,1294.77,1273.92,1284.53,149161,Gold,1260.577142857143,1308.4826666666665,-0.0006068574896328505,0.013719571184142965
2013-07-16,1283.2,1295.62,1277.17,1291.93,179576,Gold,1270.435714285714,1304.9003333333333,0.005760861949506868,0.008054509948726654
2013-07-17,1292.27,1300.55,1270.27,1275.24,246353,Gold,1275.937142857143,1300.617,-0.012918656583561061,0.011010936926161518
2013-07-18,1275.94,1288.7,1274.1,1284.11,173635,Gold,1280.6471428571429,1296.3029999999999,0.006955553464445874,0.010635087144007219
2013-07-19,1284.39,1297.89,1282.37,1295.75,150934,Gold,1286.0957142857144,1293.4293333333333,0.009064643994673327,0.010820715365478429
2013-07-22,1296.7,1339.58,1296.42,1335.54,196173,Gold,1293.2014285714286,1291.738,0.030708084121165324,0.013300800045963143
2013-07-23,1335.3,1346.68,1326.53,1342.55,160980,Gold,1301.3785714285714,1290.5603333333333,0.005248813214130621,0.013052987370647397
2013-07-24,1345.58,1346.6,1313.19,1322.07,167774,Gold,1306.7414285714287,1288.3473333333334,-0.015254552903057661,0.01532425535739883
2013-07-25,1321.71,1337.72,1308.9,1333.97,182019,Gold,1312.7471428571428,1286.6423333333335,0.009001036253753592,0.015427022487827858
2013-07-26,1333.87,1340.72,1312.4,1333.06,180722,Gold,1321.0071428571428,1284.736,-0.0006821742617900695,0.013695808787773794
2013-07-29,1333.38,1338.29,1322.88,1328.09,157575,Gold,1327.2900000000002,1282.836,-0.0037282642941802724,0.014213577885390903
2013-07-30,1327.33,1330.13,1317.25,1326.16,131875,Gold,1331.6342857142859,1281.444,-0.0014532147670713869,0.014256830447535514
2013-07-31,1326.47,1339.07,1305.61,1325.06,243082,Gold,1330.1371428571426,1280.5783333333334,-0.0008294625082947427,0.007637299179981943
2013-08-01,1324.21,1331.09,1307.67,1310.73,188979,Gold,1325.5914285714284,1281.455333333333,-0.010814604621677493,0.007822875022137268
2013-08-02,1306.18,1318.46,1283.1,1312.43,203914,Gold,1324.2142857142858,1282.0173333333332,0.0012969871750856399,0.005907565547620899
2013-08-05,1312.02,1320.72,1297.52,1302.85,131831,Gold,1319.7685714285712,1282.695,-0.007299436922350244,0.004284149629196808
2013-08-06,1303.55,1306.98,1279.33,1283.08,167136,Gold,1312.6285714285714,1282.882,-0.015174425298384309,0.005952178934313328
2013-08-07,1282.12,1289.43,1272.8,1287.24,158376,Gold,1306.792857142857,1284.8936666666666,0.0032421984599557696,0.006805948163207585
2013-08-08,1286.71,1314.32,1282.93,1312.92,173838,Gold,1304.9014285714288,1288.648,0.019949659737112047,0.011533472920044469
2013-08-09,1312.54,1317.25,1304.84,1314.24,145957,Gold,1303.3557142857142,1291.294,0.0010053925600950198,0.011568749774081817
2013-08-12,1317.59,1344.1,1316.41,1337.07,177883,Gold,1307.1185714285714,1294.123,0.0173712563915267,0.012497310443070658
2013-08-13,1337.85,1341.34,1318.79,1321.41,188501,Gold,1308.4014285714286,1296.7306666666666,-0.011712176625008341,0.013688233067617402
2013-08-14,1321.35,1336.08,1315.89,1335.53,176048,Gold,1313.07,1299.484,0.010685555580780992,0.013545982035508728
2013-08-15,1335.83,1370.1,1318.9,1365.61,277662,Gold,1324.8600000000001,1303.356,0.022522893532904487,0.012259298625952778
2013-08-16,1365.78,1379.57,1357.74,1376.56,257506,Gold,1337.6200000000001,1308.4773333333333,0.008018394710056276,0.012015312610190608
2013-08-19,1378.68,1384.4,1362.34,1365.9,204997,Gold,1345.1885714285713,1312.783,-0.00774394141918977,0.012618853247805883
2013-08-20,1365.69,1377.61,1352.35,1371.13,205722,Gold,1353.3157142857144,1316.7826666666667,0.0038289772311297376,0.012486897246124265
2013-08-21,1369.1,1379.17,1359.84,1366.56,234750,Gold,1357.5285714285715,1320.4143333333334,-0.003333017292306506,0.011816943613888813
2013-08-22,1366.98,1381.74,1355.1,1375.72,212011,Gold,1365.287142857143,1323.4116666666666,0.006702962182414396,0.009831876436341605
2013-08-23,1376.98,1400.01,1368.66,1397.68,201752,Gold,1374.1657142857143,1327.1573333333333,0.015962550519001084,0.010450694401777198
2013-08-26,1398.85,1406.97,1389.45,1404.39,172220,Gold,1379.7057142857143,1331.1526666666666,0.004800812775456409,0.007734252405384156
2013-08-27,1404.39,1423.76,1395.79,1414.4,215977,Gold,1385.1114285714286,1335.2350000000001,0.007127649726927698,0.007664784856629018
2013-08-28,1417.5,1433.73,1413.37,1417.73,241073,Gold,1392.5157142857145,1339.9846666666665,0.002354355203619818,0.005839528562527858
2013-08-29,1417.71,1418.33,1402.47,1407.53,233344,Gold,1397.7157142857143,1344.098666666667,-0.007194599818018954,0.007552882024368615
2013-08-30,1406.19,1411.2,1392.18,1394.81,185686,Gold,1401.7514285714285,1347.400666666667,-0.009037107557210211,0.00867224762304478
2013-09-02,1391.41,1398.3,1373.8,1391.84,129325,Gold,1404.0542857142857,1349.2773333333332,-0.0021293222732845507,0.0086793433710608
2013-09-03,1390.94,1416.35,1384.5,1412.69,191607,Gold,1406.1985714285713,1351.6153333333334,0.01498017013449826,0.008414138066805878
2013-09-04,1411.85,1414.98,1384.71,1391.28,185417,Gold,1404.3257142857144,1353.9223333333332,-0.01515548351018281,0.01030125051247039
2013-09-05,1392.61,1399.88,1364.74,1367.94,183408,Gold,1397.6885714285713,1355.0546666666667,-0.016775918578575078,0.01098377139220732
2013-09-06,1366.25,1393.33,1359.91,1391.13,180048,Gold,1393.8885714285716,1356.9903333333334,0.016952497916575382,0.013618149548927889
2013-09-09,1389.9,1391.95,1382.07,1386.84,108892,Gold,1390.9328571428573,1358.9486666666667,-0.0030838239416878244,0.013476036115031896
2013-09-10,1386.78,1391.11,1357.78,1363.67,144392,Gold,1386.484285714286,1360.199,-0.016707046234605172,0.014419015185921723
2013-09-11,1364.58,1368.58,1356.68,1365.09,129065,Gold,1382.6628571428573,1361.5333333333333,0.0010413076477446825,0.014505277222997263
2013-09-12,1365.52,1365.81,1320.59,1322.01,200581,Gold,1369.7085714285713,1361.9093333333333,-0.03155835878953028,0.01568038618209385
2013-09-13,1323.63,1330.88,1304.91,1326.15,214761,Gold,1360.4042857142856,1362.3666666666666,0.0031315950711416907,0.016066046924188955
2013-09-16,1329.26,1334.71,1303.86,1310.68,202492,Gold,1352.2242857142858,1362.6276666666668,-0.01166534705727107,0.0156431680035602
2013-09-17,1311.25,1323.95,1306.19,1310.41,166839,Gold,1340.6928571428573,1363.5386666666668,-0.0002059999389629752,0.012473235794374442
2013-09-18,1310.33,1367.38,1291.79,1364.02,268928,Gold,1337.432857142857,1366.0980000000002,0.04091085995985977,0.022595713007234813
2013-09-19,1365.21,1375.08,1358.64,1366.09,210444,Gold,1337.7785714285712,1367.8703333333333,0.0015175730561134415,0.021669903989874735
2013-09-20,1365.68,1368.21,1324.67,1325.65,202734,Gold,1332.1442857142858,1368.2506666666666,-0.02960273481249398,0.02444846276682707
2013-09-23,1325.71,1331.87,1313.36,1322.32,209810,Gold,1332.1885714285713,1367.7589999999998,-0.002511975257420973,0.021229732107859865
2013-09-24,1322.91,1329.32,1305.8,1323.04,215356,Gold,1331.7442857142858,1367.8133333333333,0.0005444975497610471,0.021193182952879037
2013-09-25,1322.68,1338.09,1316.66,1334.03,196189,Gold,1335.08,1367.7633333333333,0.008306627161688285,0.020722870275239152
2013-09-26,1332.89,1339.23,1318.82,1323.79,183891,Gold,1336.9914285714287,1366.3693333333333,-0.0076759892955931,0.021087099121352707
2013-09-27,1323.93,1344.09,1319.72,1336.46,296524,Gold,1333.0542857142857,1365.0326666666665,0.009571004464454358,0.01321906352380402
2013-09-30,1347.77,1347.77,1322.6,1328.65,148109,Gold,1327.7057142857143,1363.7910000000002,-0.005843796297681947,0.013107350342841962
2013-10-01,1327.47,1337.67,1282.3,1288.68,225395,Gold,1322.4242857142858,1361.0426666666667,-0.030083167124524968,0.013264756043887485
2013-10-02,1289.15,1323.88,1277.81,1316.07,234815,Gold,1321.5314285714287,1359.3596666666667,0.021254306732470418,0.01637330866433214
2013-10-03,1316.76,1322.03,1301.97,1316.72,230387,Gold,1320.6285714285714,1357.393,0.000493894701649733,0.01637275042503581
2013-10-04,1316.65,1324.39,1305.75,1310.51,169446,Gold,1317.2685714285712,1354.4873333333335,-0.004716264657634195,0.01593015330790524
2013-10-07,1313.89,1328.97,1308.56,1322.6,193362,Gold,1317.0985714285714,1351.761,0.009225416059396752,0.016279284266052598
2013-10-08,1323.04,1330.09,1315.52,1319.18,233068,Gold,1314.6299999999999,1348.587,-0.0025858158173294177,0.015725339353395994
2013-10-09,1318.36,1321.45,1294.76,1304.64,281425,Gold,1311.2,1344.8173333333334,-0.01102199851422847,0.016068032481531977
2013-10-10,1306.2,1311.78,1282.49,1286.74,252191,Gold,1310.922857142857,1340.791,-0.01372025999509452,0.012080242765762998
2013-10-11,1285.59,1294.58,1262.13,1272.08,309223,Gold,1304.6385714285716,1336.7,-0.011393133033868574,0.008076704695850876
2013-10-14,1273.8,1289.3,1268.71,1271.9,101232,Gold,1298.2357142857143,1332.7020000000002,-0.00014150053455741496,0.008010369551909726
2013-10-15,1272.45,1288.11,1251.67,1282.95,114621,Gold,1294.2985714285714,1328.3773333333334,0.008687789920591271,0.009523029552436403
2013-10-16,1282.15,1288.3,1269.3,1282.52,109244,Gold,1288.5728571428572,1324.7520000000002,-0.00033516504930053426,0.008050354268065704
2013-10-17,1282.21,1324.41,1274.54,1320.2,116352,Gold,1288.7185714285715,1323.1606666666667,0.02937965879674387,0.015154786227913821
2013-10-18,1319.57,1327.19,1311.76,1316.08,79955,Gold,1290.3528571428571,1320.659,-0.0031207392819270208,0.014457153529004084
2013-10-21,1315.07,1324.15,1313.24,1315.92,63097,Gold,1294.5214285714285,1318.2949999999998,-0.00012157315664684809,0.012929639454839416
2013-10-22,1314.88,1344.73,1310.19,1340.09,63043,Gold,1304.2371428571428,1317.5089999999998,0.018367377956106656,0.012171650010295331
2013-10-23,1339.89,1342.27,1329.27,1333.4,70408,Gold,1313.0228571428572,1316.4526666666668,-0.0049922020162823655,0.012802960485688892
2013-10-24,1330.99,1352.07,1330.36,1346.6,71583,Gold,1322.1157142857141,1317.2723333333333,0.009899505024748567,0.012840277892952633
2013-10-25,1347.87,1355.8,1336.66,1350.44,67899,Gold,1331.8185714285714,1318.0819999999999,0.0028516263181346257,0.012590472499090882
2013-10-28,1352.65,1361.77,1346.43,1352.85,61611,Gold,1336.482857142857,1319.4876666666667,0.001784603536624907,0.00810780468015766
2013-10-29,1352.04,1360.61,1340.29,1344.85,71735,Gold,1340.5928571428572,1320.6356666666668,-0.005913441992829949,0.008546130111672937
2013-10-30,1344.09,1359.59,1334.81,1344.35,77542,Gold,1344.6542857142856,1319.98,-0.00037178867531695303,0.008562480687584433
2013-10-31,1341.25,1342.03,1319.15,1322.87,78922,Gold,1342.1942857142858,1318.5393333333334,-0.01597798192435007,0.008180555190429139
2013-11-01,1323.33,1327.45,1306.15,1315.85,75437,Gold,1339.6871428571428,1318.2126666666668,-0.005306643887910356,0.008201731728543476
2013-11-04,1314.57,1322.54,1311.19,1314.3,55499,Gold,1335.0728571428572,1317.9453333333333,-0.001177945814492487,0.006431886409934796
2013-11-05,1314.11,1320.14,1305.95,1311.15,65181,Gold,1329.4599999999998,1317.549,-0.002396713079205526,0.00585571671450942
2013-11-06,1312.02,1322.05,1309.19,1317.69,58437,Gold,1324.4371428571428,1317.0043333333335,0.004987987644434311,0.0064915008959386036
2013-11-07,1317.41,1326.34,1296.77,1307.41,72924,Gold,1319.0885714285712,1316.4583333333333,-0.007801531467947709,0.006634670105288583
2013-11-08,1308.05,1313.74,1281.07,1287.8,70632,Gold,1311.01,1314.8363333333334,-0.014999120398344945,0.007540753753615565
2013-11-11,1288.43,1288.63,1279.09,1283.71,55533,Gold,1305.4157142857143,1313.3383333333334,-0.0031759589998446858,0.006173027025204066
2013-11-12,1282.21,1285.27,1261.33,1268.87,74687,Gold,1298.7042857142858,1312.6779999999999,-0.011560243357144673,0.006771997170077542
2013-11-13,1266.12,1279.66,1265.8,1273.35,70325,Gold,1292.8542857142857,1311.2540000000001,0.0035307005445790463,0.007434924361563796
2013-11-14,1283.86,1294.25,1278.12,1287.65,79398,Gold,1289.4971428571428,1310.285,0.011230219499744898,0.009555326330438728
2013-11-15,1287.56,1291.13,1280.37,1287.97,62212,Gold,1285.2514285714285,1309.5336666666665,0.00024851473614728725,0.00908947266635772
2013-11-18,1288.78,1289.54,1269.98,1273.64,61487,Gold,1280.4271428571428,1307.9016666666664,-0.011126035544306134,0.009448625062144458
2013-11-19,1274.96,1278.79,1269.15,1274.11,68866,Gold,1278.4714285714288,1306.3993333333333,0.00036902107345859747,0.008068403784064872
2013-11-20,1274.79,1276.35,1241.05,1244.35,82380,Gold,1272.8485714285712,1304.3896666666667,-0.023357480908241857,0.01160060453591246
2013-11-21,1243.85,1250.37,1236.71,1243.18,77277,Gold,1269.1785714285713,1302.937666666667,-0.0009402499296820022,0.011192439382439993
2013-11-22,1243.78,1248.9,1241.08,1243.15,56523,Gold,1264.8642857142856,1301.9733333333331,-2.4131662349713423e-05,0.010931562277694973
2013-11-25,1237.81,1253.83,1226.77,1248.74,71353,Gold,1259.3057142857144,1301.2013333333334,0.004496641595945761,0.00965414551918273
2013-11-26,1250.82,1257.87,1239.6,1242.89,58079,Gold,1252.8657142857144,1299.8660000000002,-0.004684722199977509,0.009441645877063407
2013-11-27,1242.91,1254.63,1236.28,1237.99,57705,Gold,1247.7728571428572,1298.3816666666667,-0.003942424510616438,0.009052017245200909
2013-11-28,1238.15,1245.65,1234.72,1244.33,32713,Gold,1243.5185714285715,1295.8526666666667,0.005121204533154566,0.009597127271264359
2013-11-29,1244.65,1254.75,1240.74,1252.92,45446,Gold,1244.7428571428572,1293.7473333333332,0.006903313429717395,0.004575592371400045
2013-12-02,1249.5,1249.75,1217.77,1219.77,72703,Gold,1241.3985714285714,1290.5423333333333,-0.026458193659611218,0.011418314376460828
2013-12-03,1221.03,1226.12,1215.19,1223.12,63810,Gold,1238.537142857143,1286.6433333333334,0.002746419406937317,0.01157171364404636
2013-12-04,1223.5,1251.49,1211.71,1243.48,80144,Gold,1237.7857142857142,1283.6460000000002,0.01664595460788809,0.013503801560081019
2013-12-05,1242.42,1242.69,1217.04,1224.81,84743,Gold,1235.202857142857,1279.5863333333334,-0.015014314665294237,0.014557525546295287
2013-12-06,1225.22,1244.53,1212.7,1228.61,75537,Gold,1233.8628571428574,1275.5253333333335,0.003102522023824106,0.014644099455067346
2013-12-09,1231.01,1243.03,1225.24,1240.34,64408,Gold,1233.292857142857,1271.775,0.009547374675446196,0.015042261748795405
2013-12-10,1239.55,1267.76,1237.85,1260.87,74250,Gold,1234.4285714285713,1268.9756666666665,0.016551913185094413,0.01621519169900267
2013-12-11,1261.59,1263.28,1251.08,1251.08,76635,Gold,1238.9014285714286,1265.8666666666666,-0.007764480081213776,0.011901585005870597
2013-12-12,1253.61,1256.92,1223.89,1225.35,78399,Gold,1239.2199999999998,1262.6160000000002,-0.020566230776609018,0.01505336878427394
2013-12-13,1225.85,1238.65,1220.54,1238.41,74625,Gold,1238.4957142857143,1260.0346666666665,0.010658179295711667,0.014114367372259042
2013-12-16,1237.69,1251.86,1227.75,1241.16,76242,Gold,1240.8314285714284,1257.5966666666668,0.002220589304027021,0.012579879634421816
2013-12-17,1240.02,1248.0,1227.41,1230.89,73750,Gold,1241.1571428571428,1254.9213333333332,-0.008274517386960611,0.013131173486390077
2013-12-18,1230.25,1244.45,1216.06,1217.81,80189,Gold,1237.9385714285713,1251.5919999999999,-0.010626457278879675,0.012986351183731171
2013-12-19,1217.33,1226.46,1187.14,1189.7,93007,Gold,1227.7714285714285,1247.6683333333335,-0.02308241843965797,0.011865302335121036
2013-12-20,1189.77,1207.43,1188.76,1202.93,73911,Gold,1220.892857142857,1244.8393333333333,0.011120450533748105,0.01394659175398653
2013-12-23,1203.57,1206.12,1192.65,1198.56,51167,Gold,1217.0657142857144,1242.001,-0.003632796588330267,0.012266624806615195
2013-12-24,1197.99,1203.02,1196.1,1202.91,29420,Gold,1211.9942857142858,1239.8023333333335,0.0036293552262716133,0.011194687765048342
2013-12-26,1204.44,1215.78,1204.13,1210.39,26122,Gold,1207.5985714285714,1237.7036666666668,0.00621825406722043,0.011662602366369106
2013-12-27,1211.31,1219.02,1208.94,1213.13,52165,Gold,1205.0614285714287,1235.2196666666669,0.0022637331769099767,0.011626861251409803
2013-12-30,1215.12,1216.11,1195.12,1196.29,63724,Gold,1201.9871428571428,1232.1636666666668,-0.013881447165596583,0.012084705787985652
2013-12-31,1197.61,1214.54,1182.42,1208.26,49477,Gold,1204.6385714285716,1229.9843333333336,0.010005935015757084,0.008672946955314825
2014-01-02,1225.12,1230.78,1213.57,1224.56,56067,Gold,1207.7285714285715,1228.3326666666667,0.013490473904623101,0.009112253099287107
2014-01-03,1223.18,1240.14,1223.06,1236.05,69410,Gold,1213.0842857142857,1228.0559999999998,0.009382962043509524,0.008958742079723423
2014-01-06,1237.32,1248.33,1214.21,1237.71,75934,Gold,1218.0557142857142,1227.8736666666668,0.0013429877432142856,0.009034757271031878
2014-01-07,1237.74,1245.25,1224.9,1231.71,72641,Gold,1221.1014285714286,1227.4923333333334,-0.004847662214896853,0.00955885069758326
2014-01-08,1231.36,1232.34,1218.43,1225.28,70825,Gold,1222.8371428571427,1226.7103333333332,-0.00522038466846908,0.010002716888478879
2014-01-09,1225.89,1231.32,1223.49,1227.65,57178,Gold,1227.317142857143,1226.2023333333334,0.0019342517628624378,0.007407410022135093
2014-01-10,1227.98,1248.84,1227.16,1247.78,62217,Gold,1232.962857142857,1226.5286666666666,0.016397181607135547,0.008607091844122217
2014-01-13,1250.1,1254.99,1243.57,1252.93,57204,Gold,1237.0157142857145,1226.8153333333332,0.00412733013832578,0.007680055863910478
2014-01-14,1252.61,1255.19,1241.64,1245.06,56721,Gold,1238.3028571428572,1226.5533333333333,-0.006281276687444715,0.007892189700839514
2014-01-15,1244.88,1244.89,1234.21,1241.6,60041,Gold,1238.8585714285714,1227.281,-0.0027789825389941125,0.008020687944722578
2014-01-16,1241.63,1245.3,1236.31,1242.1,55807,Gold,1240.3428571428572,1227.9136666666668,0.0004027061855669256,0.007678073376930026
2014-01-17,1242.91,1254.87,1237.72,1253.75,55796,Gold,1244.4099999999999,1228.256,0.009379277030834965,0.007617871491087973
2014-01-20,1257.35,1259.81,1250.15,1250.81,32412,Gold,1247.7185714285715,1229.1226666666666,-0.0023449651046859588,0.007912801959514604
2014-01-21,1255.06,1255.68,1235.58,1241.05,56450,Gold,1246.7571428571428,1229.5373333333332,-0.007802943692487241,0.005982177883494896
2014-01-22,1242.06,1243.54,1235.89,1236.5,48568,Gold,1244.4099999999999,1229.4093333333333,-0.003666250352523992,0.0056369164972595595
2014-01-23,1236.49,1265.43,1231.48,1264.43,70092,Gold,1247.1771428571428,1229.5279999999998,0.022587949858471568,0.010411045833904918
2014-01-24,1263.84,1272.48,1256.85,1269.22,70466,Gold,1251.1228571428571,1230.1326666666666,0.003788268231535108,0.010175160367490742
2014-01-27,1270.5,1278.93,1251.92,1256.64,72540,Gold,1253.2,1231.1756666666665,-0.009911599249933012,0.011327913651714473
2014-01-28,1255.23,1261.88,1248.83,1256.28,54189,Gold,1253.5614285714287,1231.7713333333334,-0.00028647822765481834,0.01081600791786496
2014-01-29,1249.56,1270.1,1248.91,1267.59,62342,Gold,1255.9585714285715,1232.6523333333332,0.009002770083102352,0.011190820467998179
2014-01-30,1266.8,1267.67,1238.0,1243.44,66634,Gold,1256.3,1233.0706666666667,-0.01905190164012016,0.013413227843212135
2014-01-31,1243.84,1254.86,1238.45,1243.85,61128,Gold,1257.3500000000001,1233.9386666666667,0.00032973042527162377,0.013298261421987485
2014-02-03,1243.65,1266.23,1240.76,1257.41,59131,Gold,1256.347142857143,1236.1956666666665,0.010901636049363006,0.010581021755194035
2014-02-04,1257.39,1260.91,1247.21,1254.66,59118,Gold,1254.267142857143,1237.9199999999998,-0.002187035255008296,0.010393547665594608
2014-02-05,1254.47,1274.27,1252.37,1258.01,59110,Gold,1254.462857142857,1239.9016666666669,0.0026700460682573812,0.009786912890558927
2014-02-06,1258.4,1266.75,1252.75,1257.66,54850,Gold,1254.6599999999999,1241.7266666666665,-0.0002782171842830028,0.009786845376485824
2014-02-07,1257.03,1271.83,1256.16,1267.35,60041,Gold,1254.6257142857144,1243.6253333333332,0.007704785077047749,0.009602791271556154
2014-02-10,1269.36,1277.83,1265.1,1274.59,52232,Gold,1259.0757142857142,1245.674,0.0057127076182585945,0.004738132004595727
2014-02-11,1274.35,1293.78,1273.68,1291.52,67835,Gold,1265.8857142857144,1248.8483333333331,0.013282702673016455,0.0057019399843183695
2014-02-12,1290.74,1296.25,1283.93,1290.83,64027,Gold,1270.66,1251.6006666666665,-0.0005342542120911897,0.005497862311713983
2014-02-13,1290.91,1302.83,1286.18,1302.72,64497,Gold,1277.5257142857142,1254.206,0.00921112772402255,0.005115035841976259
2014-02-14,1301.44,1321.1,1299.77,1318.14,73764,Gold,1286.1157142857141,1256.9423333333334,0.01183677229182023,0.005462573776534348
2014-02-17,1320.16,1329.71,1319.06,1328.33,49567,Gold,1296.2114285714285,1259.963,0.007730590073891763,0.004512212306867868
2014-02-18,1330.02,1331.99,1312.61,1321.43,73478,Gold,1303.9371428571428,1262.9536666666668,-0.005194492332477485,0.0066896354485838725
2014-02-19,1322.51,1322.82,1308.86,1311.47,67558,Gold,1309.2057142857143,1265.8266666666668,-0.007537289148876636,0.008433796987668041
2014-02-20,1311.81,1324.93,1307.28,1322.56,67785,Gold,1313.6399999999999,1268.9903333333334,0.008456159881659486,0.007726911654634694
2014-02-21,1322.74,1328.43,1316.03,1324.09,57949,Gold,1318.3914285714286,1271.5339999999999,0.0011568473263972034,0.007608047756624307
2014-02-24,1324.66,1338.87,1318.76,1336.73,63186,Gold,1323.25,1274.3273333333334,0.009546178885121215,0.007649690493412863
2014-02-25,1335.21,1343.57,1331.21,1340.41,59954,Gold,1326.4314285714286,1277.5056666666667,0.0027529867662130503,0.0067608484895884625
2014-02-26,1340.46,1345.32,1322.38,1330.9,66680,Gold,1326.7985714285714,1280.4823333333334,-0.007094844114860388,0.007130478434677768
2014-02-27,1330.65,1336.13,1323.8,1330.96,65893,Gold,1328.1599999999999,1283.4443333333331,4.5082275152097395e-05,0.006721081657936536
2014-02-28,1331.07,1333.24,1319.77,1326.21,69861,Gold,1330.2657142857145,1285.8596666666665,-0.00356885255755246,0.006005668427851695
2014-03-03,1335.44,1354.66,1330.65,1350.44,75560,Gold,1334.2485714285715,1289.1806666666666,0.018270108052269363,0.008497769065369363
2014-03-04,1350.08,1352.48,1331.18,1334.71,73978,Gold,1335.7657142857145,1292.3026666666667,-0.011648055448594596,0.010176856595705976
2014-03-05,1335.09,1341.74,1332.59,1336.84,62468,Gold,1335.7814285714287,1295.6473333333336,0.0015958522825181287,0.009510148528060118
2014-03-06,1336.74,1353.52,1331.11,1351.02,59514,Gold,1337.297142857143,1298.5336666666667,0.010607103318273081,0.010311694682800777
2014-03-07,1349.96,1352.88,1327.97,1340.17,70297,Gold,1338.6214285714286,1300.8986666666667,-0.008030969193646209,0.010442027772279145
2014-03-10,1338.85,1344.53,1328.07,1339.22,63069,Gold,1339.8014285714287,1303.6513333333335,-0.0007088652932091266,0.010457860130002414
2014-03-11,1340.04,1352.5,1337.56,1348.43,59006,Gold,1342.9757142857143,1306.7229999999997,0.00687713743821039,0.010454046646457158
2014-03-12,1348.61,1370.76,1345.38,1363.65,74216,Gold,1344.862857142857,1309.925,0.011287200670409225,0.008908820788323136
2014-03-13,1366.54,1374.95,1364.44,1366.3,77093,Gold,1349.3757142857144,1314.0203333333334,0.00194331390019431,0.006821045436495539
2014-03-14,1371.0,1387.9,1367.8,1382.27,70674,Gold,1355.8657142857144,1318.6343333333332,0.011688501793164052,0.007424212937923889
2014-03-17,1388.3,1388.91,1361.88,1366.68,70760,Gold,1358.1028571428571,1322.2766666666669,-0.01127854905336867,0.009013707460980581
2014-03-18,1366.12,1367.49,1350.66,1355.44,70782,Gold,1360.2842857142857,1325.636,-0.008224310006731628,0.009048661123061182
2014-03-19,1356.38,1359.61,1327.68,1327.9,78233,Gold,1358.6671428571428,1327.9656666666667,-0.020318125479549032,0.012339401167566877
2014-03-20,1327.77,1334.56,1320.48,1327.56,73744,Gold,1355.6857142857145,1330.2956666666666,-0.00025604337676043976,0.011851241501691881
2014-03-21,1330.63,1342.32,1329.11,1333.55,56770,Gold,1351.3857142857144,1332.5023333333334,0.004512037120732781,0.010799454417121487
2014-03-24,1330.15,1334.19,1307.84,1308.58,61403,Gold,1343.1399999999999,1333.6353333333332,-0.01872445727569272,0.011944724304126344
2014-03-25,1309.38,1317.26,1305.67,1310.86,64498,Gold,1332.9385714285713,1334.28,0.0017423466658514908,0.009893427432596006
2014-03-26,1310.22,1316.29,1298.59,1304.27,61815,Gold,1324.0228571428572,1334.728,-0.005027234029568284,0.009777678648185443
2014-03-27,1304.1,1306.73,1288.99,1291.13,61072,Gold,1314.8357142857144,1334.3416666666667,-0.010074601117866622,0.009853195319668467
2014-03-28,1291.75,1298.62,1285.68,1294.83,57007,Gold,1310.1114285714284,1333.5646666666667,0.0028657067839796824,0.008366917128615124
2014-03-31,1293.58,1298.47,1282.38,1283.82,60604,Gold,1303.8628571428574,1332.081,-0.008503046732003416,0.008403706534714098
2014-04-01,1284.67,1287.91,1277.63,1279.17,60388,Gold,1296.0942857142857,1330.6723333333332,-0.0036220030845444118,0.007414666230578815
2014-04-02,1279.48,1294.43,1279.48,1289.77,56278,Gold,1293.4071428571428,1329.9489999999998,0.0082866233573331,0.006617690370274675
2014-04-03,1290.52,1293.82,1281.54,1286.49,55882,Gold,1289.9257142857143,1328.7466666666667,-0.0025430890778975757,0.006403415982835068
2014-04-04,1286.64,1306.68,1284.12,1303.9,56994,Gold,1289.8728571428571,1328.0736666666667,0.01353294623355028,0.008692968076624688
2014-04-07,1302.75,1304.09,1295.55,1297.16,44337,Gold,1290.7342857142855,1326.7546666666667,-0.0051691080604341355,0.007908551268839069
2014-04-08,1297.17,1314.28,1296.86,1308.41,54737,Gold,1292.6742857142856,1325.6880000000003,0.00867279287057876,0.008459856215211014
2014-04-09,1308.72,1314.98,1300.79,1311.47,64462,Gold,1296.6242857142859,1325.0403333333334,0.002338716457379597,0.0072201689253175915
2014-04-10,1312.35,1324.42,1310.7,1318.89,67518,Gold,1302.2985714285714,1324.638,0.005657773338315186,0.006612846433474652
2014-04-11,1318.25,1323.79,1314.12,1318.16,60059,Gold,1306.3542857142857,1324.3696666666667,-0.0005534957426320819,0.006590229958243439
2014-04-14,1322.41,1331.04,1318.67,1327.06,58262,Gold,1312.1499999999999,1323.5903333333333,0.006751835892456093,0.00617937208999186
2014-04-15,1327.0,1328.18,1284.61,1302.33,78408,Gold,1311.9257142857143,1322.511,-0.018635178514912698,0.009420325522755292
2014-04-16,1302.54,1307.0,1293.49,1302.54,65770,Gold,1312.6942857142858,1321.3676666666665,0.00016124945290374448,0.009157229047782064
2014-04-17,1302.01,1304.06,1293.08,1294.74,57101,Gold,1310.7414285714287,1319.4916666666666,-0.005988299783499906,0.008674381125845383
2014-04-21,1294.38,1301.69,1281.82,1289.8,55784,Gold,1307.6457142857143,1317.812666666667,-0.0038154378485255602,0.008535155816530129
2014-04-22,1290.09,1292.78,1277.42,1283.96,57696,Gold,1302.6557142857143,1315.9706666666668,-0.004527833772677847,0.00777789258451866
2014-04-23,1283.86,1288.9,1280.79,1283.52,56527,Gold,1297.707142857143,1313.807,-0.00034268980342067046,0.007792955847631344
2014-04-24,1283.86,1298.58,1268.41,1292.98,75042,Gold,1292.8385714285712,1311.4513333333334,0.007370356519571297,0.007934376139127182
2014-04-25,1293.91,1305.0,1290.31,1302.55,61469,Gold,1292.8700000000001,1309.3263333333334,0.007401506597163099,0.005479612208952103
2014-04-28,1304.11,1306.4,1291.9,1296.49,59759,Gold,1292.0057142857145,1306.467,-0.004652412575332998,0.005756469635391871
2014-04-29,1296.13,1301.29,1286.2,1295.76,55583,Gold,1292.1514285714286,1304.103,-0.0005630587200826653,0.005262041403532283
2014-04-30,1295.37,1298.07,1284.88,1291.08,65105,Gold,1292.3342857142857,1301.9576666666665,-0.0036117799592517708,0.00523713173879915
2014-05-01,1291.3,1292.8,1277.21,1283.97,52802,Gold,1292.3357142857144,1300.493333333333,-0.0055070173807973966,0.005393742941825245
2014-05-02,1284.64,1304.54,1273.21,1300.05,64629,Gold,1294.6971428571428,1299.5763333333334,0.012523657094791973,0.00715636623392474
2014-05-05,1301.12,1315.55,1299.36,1310.06,59513,Gold,1297.1371428571426,1298.7933333333335,0.007699703857543927,0.0071996482637508765
2014-05-06,1309.49,1313.95,1304.28,1308.07,58575,Gold,1297.9257142857143,1298.7763333333335,-0.0015190143962872105,0.006843984928339845
2014-05-07,1308.03,1314.38,1286.5,1289.97,68008,Gold,1296.9942857142855,1298.0800000000002,-0.013837179967432833,0.008662947975714493
2014-05-08,1290.1,1295.27,1284.91,1289.05,66080,Gold,1296.0357142857142,1297.5726666666665,-0.0007131948805011445,0.00866277348130947
2014-05-09,1290.39,1294.28,1285.41,1288.62,57279,Gold,1295.6842857142856,1297.489,-0.0003335789922811472,0.008567799765347078
2014-05-12,1288.65,1303.84,1277.58,1295.8,66167,Gold,1297.3742857142859,1297.5213333333334,0.0055718520587915155,0.008455430213188163
2014-05-13,1295.47,1298.68,1288.96,1293.32,64854,Gold,1296.412857142857,1297.838,-0.00191387559808609,0.006889029347882642
2014-05-14,1294.23,1308.92,1291.5,1305.9,61947,Gold,1295.8185714285714,1298.729,0.009726904401076375,0.007330469925599112
2014-05-15,1305.01,1307.03,1290.8,1295.93,66202,Gold,1294.0842857142857,1298.9343333333336,-0.007634581514664229,0.007829195011290672
2014-05-16,1295.79,1298.2,1287.68,1293.28,53262,Gold,1294.5571428571427,1299.1606666666667,-0.002044863534295893,0.005648002076355425
2014-05-19,1290.95,1305.34,1290.49,1292.9,57987,Gold,1295.107142857143,1298.7940000000003,-0.0002938265495483483,0.0056366888620921875
2014-05-20,1292.61,1296.79,1285.83,1294.02,65825,Gold,1295.8785714285714,1298.6893333333333,0.0008662696264212233,0.005627489999531349
2014-05-21,1294.04,1296.23,1283.26,1291.83,62004,Gold,1295.3114285714287,1298.1366666666665,-0.0016924004265777004,0.005214895430162758
2014-05-22,1292.19,1303.6,1289.97,1293.58,59276,Gold,1295.3485714285714,1297.5403333333334,0.0013546674097983935,0.005205857228197187
2014-05-23,1293.51,1295.4,1286.58,1292.13,53463,Gold,1293.3814285714286,1296.6483333333335,-0.0011209202368619442,0.0029808634816904313
2014-05-26,1291.9,1294.07,1290.76,1291.34,25962,Gold,1292.7257142857143,1295.7543333333333,-0.0006113935904283885,0.0012619499683251497
2014-05-27,1292.23,1293.32,1264.28,1264.77,65094,Gold,1288.652857142857,1293.678,-0.020575526197593175,0.007755808011887158
2014-05-28,1264.57,1267.1,1255.86,1258.23,61337,Gold,1283.7,1292.2079999999999,-0.005170900638060694,0.007674757877404468
2014-05-29,1259.35,1260.4,1251.43,1255.59,61893,Gold,1278.2099999999998,1290.643,-0.002098185546362874,0.007449625325470975
2014-05-30,1255.73,1260.31,1242.15,1249.23,59271,Gold,1272.1242857142856,1289.126,-0.005065347764795725,0.0073634349545086885
2014-06-02,1249.56,1250.7,1240.93,1243.83,52894,Gold,1265.0171428571427,1287.5936666666666,-0.004322662760260387,0.0068747256304233255
2014-06-03,1243.86,1247.59,1240.56,1244.75,53832,Gold,1258.2485714285715,1286.2866666666666,0.0007396509169259602,0.007107280813191699
2014-06-04,1244.88,1248.94,1242.77,1243.53,50918,Gold,1251.4185714285716,1284.9536666666668,-0.0009801164892548897,0.007067992696522812
2014-06-05,1244.23,1257.53,1240.99,1253.66,59917,Gold,1249.8314285714284,1283.643,0.008146164547699009,0.00469770283131658
2014-06-06,1253.41,1257.68,1245.8,1253.04,56369,Gold,1249.09,1281.9926666666665,-0.0004945519518849695,0.004368171717815411
2014-06-09,1251.96,1256.92,1251.46,1252.43,42220,Gold,1248.6385714285714,1280.5240000000001,-0.0004868160633338947,0.0043171236383178525
2014-06-10,1252.22,1263.41,1250.31,1260.0,47968,Gold,1250.1771428571428,1279.3319999999999,0.006044249978042648,0.00433760318375472
2014-06-11,1259.39,1265.2,1258.51,1260.99,46141,Gold,1252.6285714285714,1278.3290000000002,0.0007857142857143895,0.0036164849323885853
2014-06-12,1261.03,1274.76,1259.8,1272.63,58900,Gold,1256.6114285714286,1277.951,0.00923084243332628,0.004462182345165367
2014-06-13,1273.32,1277.81,1270.68,1276.63,57749,Gold,1261.3400000000001,1277.1703333333332,0.0031430973652986083,0.004077368818016686
2014-06-16,1277.84,1284.82,1270.58,1272.07,58031,Gold,1263.97,1275.904,-0.003571904153905292,0.004374450184218745
2014-06-17,1271.19,1273.2,1258.54,1270.46,55385,Gold,1266.4585714285713,1274.6503333333335,-0.0012656536196906654,0.004459353314083736
2014-06-18,1271.2,1278.35,1266.23,1277.46,55670,Gold,1270.0342857142857,1274.2333333333333,0.005509815342474411,0.004481793932494901
2014-06-19,1278.29,1321.51,1275.87,1319.67,74124,Gold,1278.5585714285714,1275.254,0.03304213047766669,0.01237149565994275
2014-06-20,1321.47,1321.88,1306.37,1314.9,69922,Gold,1286.2600000000002,1276.13,-0.003614539998636035,0.01282533768531907
2014-06-23,1314.38,1318.49,1309.87,1317.37,55354,Gold,1292.6514285714286,1276.849,0.0018784698456155713,0.012824177562005174
2014-06-24,1317.7,1325.88,1313.77,1317.81,56506,Gold,1298.5342857142857,1277.6653333333334,0.0003339988006407779,0.012936065977256684
2014-06-25,1318.13,1324.77,1310.49,1319.08,56472,Gold,1305.25,1278.1046666666666,0.000963720111397004,0.012565885963520053
2014-06-26,1318.45,1319.68,1306.17,1316.76,53057,Gold,1311.8642857142856,1278.7989999999998,-0.0017588015889862252,0.012609900578540913
2014-06-27,1316.37,1322.19,1312.61,1315.88,51997,Gold,1317.3528571428571,1279.5523333333333,-0.0006683070567148341,0.012798867508613358
2014-06-30,1315.92,1329.34,1310.28,1327.17,54711,Gold,1318.4242857142856,1280.6946666666665,0.00857980970909189,0.0038756114423250695
2014-07-01,1326.64,1332.26,1323.69,1325.71,55940,Gold,1319.9685714285715,1281.751,-0.0011000851435761794,0.003494256761021203
2014-07-02,1326.08,1331.93,1321.23,1326.41,50253,Gold,1321.26,1282.9036666666666,0.0005280189483372055,0.003486249977849931
2014-07-03,1327.12,1327.37,1309.25,1319.61,53625,Gold,1321.5171428571427,1283.7713333333336,-0.005126619974216262,0.004194559834013437
2014-07-04,1319.93,1323.18,1318.54,1319.6,31770,Gold,1321.5914285714284,1284.6870000000001,-7.57799652928437e-06,0.004181227109409654
2014-07-07,1319.7,1319.84,1311.41,1319.57,54002,Gold,1321.992857142857,1285.6280000000002,-2.2734161867266067e-05,0.004105912239468358
2014-07-08,1319.65,1324.75,1313.4,1319.26,48339,Gold,1322.4757142857143,1287.4443333333334,-0.00023492501345134809,0.004091914196028482
2014-07-09,1319.25,1332.1,1317.73,1327.75,50613,Gold,1322.5585714285714,1289.7616666666668,0.006435425920591875,0.0033963199511172254
2014-07-10,1327.58,1345.05,1326.32,1335.04,54325,Gold,1323.8914285714286,1292.4099999999999,0.005490491432875055,0.0038955593200550084
2014-07-11,1335.54,1339.04,1333.57,1337.83,39424,Gold,1325.5228571428572,1295.3633333333335,0.0020898250239693716,0.003908134311126966
2014-07-14,1338.97,1338.97,1302.39,1306.79,59495,Gold,1323.6914285714286,1297.462,-0.02320175209107278,0.010012856476363149
2014-07-15,1307.24,1313.59,1291.97,1294.51,59089,Gold,1320.107142857143,1299.1206666666667,-0.009397072215122537,0.010423523403653216
2014-07-16,1294.92,1303.58,1293.83,1298.44,49090,Gold,1317.0885714285712,1300.951,0.003035897752817762,0.01061636758489812
2014-07-17,1298.78,1323.83,1297.53,1318.93,65546,Gold,1317.0414285714285,1303.1266666666666,0.015780475031576424,0.012654288669183226
2014-07-18,1319.17,1324.53,1304.41,1310.34,53300,Gold,1314.5542857142857,1305.0366666666666,-0.006512855117405847,0.012508001616735468
2014-07-21,1309.86,1318.23,1307.31,1312.18,39336,Gold,1311.2885714285715,1307.0283333333332,0.0014042156997422506,0.012201753488869349
2014-07-22,1312.04,1315.69,1301.86,1307.14,47515,Gold,1306.9042857142856,1308.5996666666665,-0.003840936456888544,0.012042892135030996
2014-07-23,1307.32,1311.21,1302.98,1304.72,39721,Gold,1306.6085714285714,1310.0573333333334,-0.001851370166929378,0.00825471375599752
2014-07-24,1304.26,1305.01,1287.51,1293.44,54407,Gold,1306.4557142857143,1310.751,-0.008645533141210304,0.00811888805402557
2014-07-25,1293.91,1308.42,1290.77,1307.03,41439,Gold,1307.6828571428573,1311.7643333333333,0.010506865413161703,0.009037394386657191
2014-07-28,1305.59,1309.06,1301.21,1303.91,48988,Gold,1305.537142857143,1312.8256666666666,-0.0023870913444985487,0.006259384784007455
2014-07-29,1303.97,1312.04,1296.02,1298.67,46146,Gold,1303.8700000000001,1313.7659999999998,-0.00401868227101565,0.00599992859303892
2014-07-30,1299.27,1303.48,1291.65,1295.9,48878,Gold,1301.544285714286,1314.3806666666667,-0.0021329514041288355,0.005885842162806823
2014-07-31,1296.16,1297.15,1280.48,1282.96,47112,Gold,1298.0900000000001,1313.157,-0.009985338374874697,0.0066546235944105105
2014-08-01,1283.12,1296.99,1279.37,1292.9,52906,Gold,1296.4014285714288,1312.4236666666666,0.007747708424268973,0.007745073480041193
2014-08-04,1293.13,1295.29,1285.97,1288.03,35245,Gold,1295.6285714285714,1311.4456666666665,-0.0037667259648852536,0.0071692237695562345
2014-08-05,1288.15,1293.83,1282.38,1288.49,45739,Gold,1292.98,1310.4683333333335,0.00035713453879182566,0.005349431540102424
2014-08-06,1288.22,1309.4,1287.31,1305.72,67117,Gold,1293.2385714285715,1310.023,0.013372241926596251,0.007886826901309964
2014-08-07,1305.98,1314.67,1301.79,1312.0,66710,Gold,1295.142857142857,1309.8643333333334,0.004809606960144652,0.007800555358505718
2014-08-08,1312.32,1322.53,1305.61,1310.35,80883,Gold,1297.207142857143,1309.68,-0.0012576219512195896,0.007739651792099763
2014-08-11,1309.02,1311.3,1305.01,1307.97,52190,Gold,1300.78,1309.04,-0.0018163086198342837,0.006152930662510733
2014-08-12,1307.92,1317.67,1305.56,1309.19,55307,Gold,1303.107142857143,1308.4893333333334,0.0009327431057286617,0.005762284740943329
2014-08-13,1308.23,1314.84,1304.71,1312.05,59722,Gold,1306.5385714285715,1308.0106666666666,0.002184556863404019,0.0052164880779478635
2014-08-14,1312.23,1319.19,1308.59,1313.12,63171,Gold,1310.0571428571427,1307.794333333333,0.0008155177013071668,0.005185626398985353
2014-08-15,1311.91,1314.98,1292.41,1304.4,73510,Gold,1309.8685714285714,1307.2876666666666,-0.006640672596563757,0.003612104428230936
2014-08-18,1301.74,1303.47,1295.39,1298.37,49742,Gold,1307.9214285714284,1306.581,-0.004622815087396703,0.003193530111805612
2014-08-19,1298.43,1302.15,1293.68,1295.41,43746,Gold,1305.787142857143,1305.7859999999998,-0.002279781572278927,0.003204676842758944
2014-08-20,1295.44,1297.74,1287.63,1291.44,52620,Gold,1303.4257142857143,1304.5756666666668,-0.0030646667850333653,0.003251017114035953
2014-08-21,1290.75,1290.95,1272.61,1276.41,53626,Gold,1298.742857142857,1302.6213333333335,-0.011638171343616444,0.004652798251215138
2014-08-22,1276.88,1282.75,1274.06,1279.8,45576,Gold,1294.1357142857144,1300.6870000000001,0.002655886431475629,0.0047529055926553675
2014-08-25,1278.17,1280.73,1273.52,1276.63,39489,Gold,1288.9228571428573,1299.6816666666666,-0.002476949523362859,0.004399935111674326
2014-08-26,1276.05,1290.76,1275.26,1281.4,60478,Gold,1285.6371428571426,1299.2446666666665,0.0037363997399402216,0.005063777897937143
2014-08-27,1280.84,1287.22,1279.97,1282.31,44344,Gold,1283.3428571428572,1298.707,0.0007101607616668559,0.005097001968719228
2014-08-28,1282.36,1296.3,1281.97,1288.86,65065,Gold,1282.4071428571428,1297.704666666667,0.0051079692118130016,0.00570170704849538
2014-08-29,1289.72,1291.17,1283.24,1286.66,42849,Gold,1281.7242857142858,1296.9153333333334,-0.0017069348106076854,0.005630905953245658
2014-09-01,1287.47,1289.71,1284.32,1285.77,16543,Gold,1283.0614285714287,1296.035,-0.0006917134285671089,0.0028708829901004074
2014-09-02,1286.34,1287.35,1262.34,1265.19,64542,Gold,1280.9742857142858,1294.6366666666665,-0.016005973074500024,0.006927554528593495
2014-09-03,1265.88,1271.46,1261.08,1269.07,58196,Gold,1279.8942857142858,1293.4483333333333,0.003066733059856608,0.007127017888025621
2014-09-04,1269.4,1277.17,1260.4,1260.94,69089,Gold,1276.9714285714285,1292.3650000000002,-0.0064062660058151755,0.007075662582620573
2014-09-05,1261.39,1273.56,1257.12,1268.65,60159,Gold,1275.0200000000002,1291.0856666666666,0.006114486018367282,0.007721091116324555
2014-09-08,1269.21,1271.63,1251.29,1254.87,64031,Gold,1270.1642857142856,1289.451,-0.010861939857328862,0.007801059122082103
2014-09-09,1256.82,1257.98,1247.38,1255.12,72650,Gold,1265.6585714285716,1287.9993333333334,0.00019922382398185334,0.007918058630501181
2014-09-10,1254.52,1257.58,1243.62,1249.41,71088,Gold,1260.4642857142858,1286.4496666666669,-0.004549365797692495,0.007822707361249338
2014-09-11,1249.09,1249.98,1234.8,1240.49,73402,Gold,1256.935714285714,1285.034,-0.007139369782537375,0.006093334089841989
2014-09-12,1240.23,1241.45,1225.7,1229.12,69841,Gold,1251.2285714285715,1282.908,-0.009165732895871859,0.005881925465541828
2014-09-15,1228.94,1238.34,1225.43,1232.98,54925,Gold,1247.2342857142855,1281.073,0.0031404582140068804,0.006456879862484092
2014-09-16,1232.49,1241.89,1231.6,1235.24,63506,Gold,1242.4614285714285,1279.2979999999998,0.001832957550000902,0.005571782093261236
2014-09-17,1234.07,1239.05,1221.26,1222.37,60865,Gold,1237.8185714285714,1276.5196666666668,-0.01041902788122151,0.0054798711880440195
2014-09-18,1221.77,1227.78,1215.58,1224.52,73403,Gold,1233.447142857143,1273.6036666666666,0.001758878244721318,0.005693729540112566
2014-09-19,1225.5,1228.44,1213.64,1215.33,79512,Gold,1228.5785714285714,1270.4363333333333,-0.007504981543788647,0.005890207964336983
2014-09-22,1215.83,1220.28,1207.82,1214.45,68805,Gold,1224.8585714285714,1267.319,-0.000724083170825951,0.0058057668349211404
2014-09-23,1214.86,1234.99,1213.42,1223.72,74219,Gold,1224.087142857143,1264.47,0.007633084935567469,0.006289737701765315
2014-09-24,1222.42,1225.92,1215.52,1216.59,59313,Gold,1221.7457142857143,1261.288,-0.005826496257313907,0.0063112533879825005
2014-09-25,1216.67,1224.31,1206.77,1221.5,69849,Gold,1219.782857142857,1258.2340000000002,0.0040358707534995375,0.006577311576959261
2014-09-26,1220.8,1231.14,1212.13,1217.49,58378,Gold,1219.0857142857142,1255.337,-0.003282848956201345,0.0054319338724469835
2014-09-29,1217.89,1223.12,1214.75,1215.78,58922,Gold,1217.837142857143,1252.5839999999998,-0.001404528989971232,0.005337764700439918
2014-09-30,1214.89,1219.96,1204.31,1207.83,70633,Gold,1216.7657142857145,1249.6646666666668,-0.006539011992301225,0.005151106354959879
2014-10-01,1208.21,1219.17,1204.46,1213.46,66508,Gold,1216.6242857142859,1247.0653333333332,0.004661251997383875,0.005562694712773298
2014-10-02,1213.09,1222.28,1208.48,1213.91,71180,Gold,1215.222857142857,1244.982,0.00037084040677082264,0.004444118828386892
2014-10-03,1213.53,1215.08,1189.82,1191.77,58449,Gold,1211.6771428571428,1242.0476666666666,-0.018238584409058456,0.007819563864753801
2014-10-06,1187.27,1208.93,1182.77,1206.72,63073,Gold,1209.5657142857142,1239.7173333333335,0.012544366782181182,0.009549776597734832
2014-10-07,1206.28,1213.31,1202.81,1208.6,58478,Gold,1208.2957142857142,1237.2906666666668,0.0015579421904003965,0.0095910955404168
2014-10-08,1209.04,1223.91,1204.79,1221.1,71473,Gold,1209.0557142857142,1235.2503333333332,0.010342545093496636,0.010495007949308905
2014-10-09,1219.81,1233.19,1218.62,1224.28,69169,Gold,1211.4057142857143,1233.0976666666663,0.002604209319466033,0.01000562670868013
2014-10-10,1223.82,1225.32,1217.2,1222.75,56357,Gold,1212.7328571428573,1230.9673333333333,-0.0012497141176854853,0.009990800282181167
2014-10-13,1227.15,1237.58,1224.9,1235.46,62288,Gold,1215.8114285714287,1229.2903333333336,0.010394602330811686,0.01056517480973188
2014-10-14,1235.97,1238.13,1230.81,1231.74,68755,Gold,1221.5214285714285,1228.1753333333334,-0.0030110242338886595,0.006257173540711811
2014-10-15,1232.34,1249.51,1221.7,1241.85,107805,Gold,1226.5399999999997,1227.268,0.008207901018072006,0.005527940070771795
2014-10-16,1239.82,1245.07,1235.28,1238.27,97874,Gold,1230.7785714285715,1226.5123333333331,-0.002882795828803797,0.006096648959901925
2014-10-17,1238.1,1241.57,1231.53,1238.31,59364,Gold,1233.2371428571428,1225.501,3.230313259616757e-05,0.005365874915302604
2014-10-20,1237.21,1248.61,1234.54,1246.81,46846,Gold,1236.4557142857143,1225.2323333333334,0.006864193941743091,0.005676593543070665
2014-10-21,1246.72,1255.13,1245.22,1248.32,60814,Gold,1240.1085714285714,1225.0056666666667,0.0012110907034752483,0.005469257557846357
2014-10-22,1248.82,1249.61,1239.73,1241.35,44669,Gold,1240.95,1224.7369999999999,-0.005583504229684677,0.005182710093019397
2014-10-23,1241.5,1244.48,1226.14,1231.22,52611,Gold,1240.8757142857141,1224.4279999999999,-0.008160470455552349,0.006083037190642518
2014-10-24,1232.01,1234.14,1228.54,1230.09,45402,Gold,1239.195714285714,1224.4603333333334,-0.000917788859830182,0.004878255166503317
2014-10-27,1228.38,1231.92,1224.42,1224.77,38099,Gold,1237.2671428571427,1224.1866666666667,-0.004324886796901017,0.00498318853378841
2014-10-28,1226.17,1235.39,1222.38,1227.12,52646,Gold,1235.6685714285716,1223.9160000000002,0.001918727597834513,0.005132067302454368
2014-10-29,1228.17,1230.44,1208.2,1210.77,46089,Gold,1230.52,1223.5293333333332,-0.013323880305104563,0.005451986933234742
2014-10-30,1210.76,1215.53,1195.78,1197.97,75373,Gold,1223.327142857143,1222.6443333333334,-0.01057178489721411,0.005331810391085987
2014-10-31,1200.1,1202.55,1161.42,1171.52,108595,Gold,1213.3514285714284,1221.184,-0.02207901700376469,0.008113193362217256
2014-11-03,1167.31,1173.66,1161.49,1165.7,53326,Gold,1203.9914285714283,1219.5590000000002,-0.004967904944004342,0.008205548495546115
2014-11-04,1165.19,1174.51,1163.75,1168.31,55350,Gold,1195.1657142857143,1217.712,0.0022389980269366117,0.008714723443385619
2014-11-05,1168.75,1169.53,1137.58,1141.25,93892,Gold,1183.2342857142855,1215.2006666666666,-0.023161660860559263,0.010389720873644953
2014-11-06,1142.05,1149.47,1137.96,1141.32,73975,Gold,1170.9771428571428,1212.5279999999998,6.133625410731369e-05,0.010053090363207012
2014-11-07,1140.6,1178.58,1131.44,1176.24,103942,Gold,1166.0442857142857,1211.1529999999998,0.03059615182420372,0.018213807229928405
2014-11-10,1174.45,1177.14,1147.18,1151.32,70329,Gold,1159.3799999999999,1209.0043333333333,-0.02118615248588729,0.019265207419914113
2014-11-11,1151.19,1173.1,1145.95,1164.1,82040,Gold,1158.32,1207.5466666666666,0.011100302261751738,0.01857557620422101
2014-11-12,1164.04,1170.0,1157.15,1162.31,71623,Gold,1157.8357142857142,1205.8416666666667,-0.0015376685851730132,0.01849111729063716
2014-11-13,1161.68,1167.96,1153.79,1162.02,72061,Gold,1156.9371428571428,1204.1119999999999,-0.0002495031445999274,0.018458738342817218
2014-11-14,1162.36,1193.45,1146.72,1188.33,91906,Gold,1163.662857142857,1203.9973333333332,0.022641606857024765,0.01721485376934426
2014-11-17,1184.7,1194.06,1181.22,1186.13,88992,Gold,1170.0642857142857,1203.3110000000001,-0.001851337591409652,0.017338044203134784
2014-11-18,1186.59,1204.52,1183.23,1197.11,69721,Gold,1173.0457142857142,1202.9279999999999,0.009256995438948312,0.01371782334153086
2014-11-19,1195.79,1202.08,1174.94,1182.78,103247,Gold,1177.5400000000002,1201.650666666667,-0.011970495610261311,0.01128070296870149
2014-11-20,1182.28,1196.96,1176.65,1193.41,92138,Gold,1181.7271428571428,1200.6216666666667,0.008987301104178336,0.01108285677333172
2014-11-21,1192.95,1207.63,1186.71,1201.13,85941,Gold,1187.2728571428572,1199.901,0.006468858145985079,0.010874122963267965
2014-11-24,1201.54,1204.08,1192.62,1196.81,56861,Gold,1192.2428571428572,1198.6126666666667,-0.0035966131892469777,0.01119956648768921
2014-11-25,1198.0,1202.82,1190.22,1200.72,70471,Gold,1194.0128571428572,1197.5786666666668,0.003267018156599688,0.007774994081838562
2014-11-26,1201.4,1201.53,1192.82,1197.56,45647,Gold,1195.6457142857143,1196.1023333333333,-0.0026317542807648975,0.007836558385522259
2014-11-27,1197.05,1199.47,1185.49,1190.62,49320,Gold,1194.7185714285715,1194.5140000000001,-0.005795116737365991,0.0073717959054720545
2014-11-28,1188.92,1190.64,1165.06,1165.88,68176,Gold,1192.304285714286,1192.0996666666665,-0.02077908988594157,0.009917899128232764
2014-12-01,1158.49,1220.8,1141.74,1210.8,138509,Gold,1194.7885714285715,1190.8993333333335,0.038528836586955606,0.018202804414431242
2014-12-02,1211.04,1212.51,1191.85,1198.5,104108,Gold,1194.412857142857,1189.2386666666669,-0.01015857284440036,0.018634032411930092
2014-12-03,1197.07,1214.96,1194.22,1209.47,66218,Gold,1196.2214285714285,1188.176,0.009153108051731307,0.018864558681612784
2014-12-04,1208.55,1213.28,1201.17,1205.45,64221,Gold,1196.8971428571426,1187.317,-0.0033237699157482314,0.018935031112970197
2014-12-05,1204.78,1207.37,1186.15,1191.87,63802,Gold,1196.0842857142857,1186.043,-0.011265502509436476,0.019463073045173925
2014-12-08,1187.34,1208.71,1186.96,1203.22,53029,Gold,1197.8842857142859,1185.3246666666666,0.009522850646463299,0.019631521074813578
2014-12-09,1203.03,1238.09,1199.26,1230.62,92298,Gold,1207.1328571428571,1185.4413333333332,0.0227722278552549,0.018179262683331122
2014-12-10,1235.6,1238.25,1224.62,1226.72,145586,Gold,1209.4071428571428,1185.9730000000002,-0.0031691342575286274,0.012369864031746693
2014-12-11,1226.11,1232.72,1215.88,1227.57,173285,Gold,1213.56,1186.9596666666666,0.0006929046563193264,0.011229352883998978
2014-12-12,1227.21,1228.08,1214.29,1222.36,155731,Gold,1215.4014285714286,1188.6543333333334,-0.004244157156007455,0.011243624254654633
2014-12-15,1221.51,1224.03,1190.46,1192.14,90298,Gold,1213.5,1189.5356666666667,-0.02472266762655828,0.01505780960973584
2014-12-16,1193.08,1223.34,1187.34,1196.3,116306,Gold,1214.1328571428571,1190.4686666666666,0.0034895230425955326,0.0144826896184918
2014-12-17,1195.53,1202.81,1183.4,1188.83,92993,Gold,1212.0771428571427,1192.0546666666667,-0.006244253113767417,0.014088053294433878
2014-12-18,1188.8,1213.69,1188.66,1197.92,72081,Gold,1207.4057142857143,1193.9413333333332,0.007646173128201816,0.01039764031150902
2014-12-19,1197.88,1201.15,1193.39,1195.19,61025,Gold,1202.9014285714288,1194.573,-0.0022789501803125445,0.010411977351467845
2014-12-22,1194.02,1203.21,1170.48,1175.5,57995,Gold,1195.462857142857,1195.3790000000001,-0.016474368092102565,0.011205731478431543
2014-12-23,1176.58,1184.77,1172.47,1175.75,76122,Gold,1188.804285714286,1195.7673333333332,0.00021267545725223158,0.01145383842682135
2014-12-24,1176.54,1180.95,1172.71,1174.38,32671,Gold,1186.2671428571427,1196.1696666666664,-0.0011652136933870683,0.007705846229983411
2014-12-26,1186.39,1198.92,1185.31,1195.13,19974,Gold,1186.1000000000001,1197.2733333333335,0.017668897631090363,0.01070504838141391
2014-12-29,1196.12,1197.37,1178.82,1182.94,79319,Gold,1185.2585714285717,1197.0936666666666,-0.010199727226326893,0.011177949371536535
2014-12-30,1182.69,1210.69,1180.63,1200.19,113495,Gold,1185.5828571428574,1197.562333333333,0.014582311867043174,0.012288772489686224
2014-12-31,1199.84,1203.71,1182.63,1186.83,52363,Gold,1184.3885714285716,1197.2196666666669,-0.01113157083461791,0.013035458780260717
2015-01-02,1186.94,1195.03,1167.33,1188.82,97717,Gold,1186.2914285714287,1197.4209999999998,0.0016767355055062882,0.011087719478785564
2015-01-05,1187.73,1207.28,1178.0,1204.32,122116,Gold,1190.3728571428571,1197.7846666666667,0.013038138658501675,0.011842051881512515
2015-01-06,1202.87,1222.92,1201.52,1218.35,82009,Gold,1196.6542857142856,1198.3586666666667,0.01164972764713701,0.011991038455765336
2015-01-07,1217.66,1218.48,1208.85,1210.52,68381,Gold,1198.8528571428571,1198.8156666666666,-0.006426724668609163,0.011295751566922264
2015-01-08,1210.97,1216.54,1204.42,1208.69,57027,Gold,1202.5314285714285,1199.081333333333,-0.0015117470178104275,0.010167705766294501
2015-01-09,1207.5,1223.91,1206.16,1222.36,65756,Gold,1205.6985714285713,1199.908,0.011309765117606618,0.00961323428237713
2015-01-12,1223.9,1235.74,1217.4,1233.25,73324,Gold,1212.33,1201.329,0.008908995713210688,0.007594329210723302
2015-01-13,1231.85,1244.02,1227.14,1230.77,95422,Gold,1218.3228571428572,1203.492,-0.0020109466855868785,0.008021325035176559
2015-01-14,1231.54,1244.24,1224.89,1228.89,121171,Gold,1221.8328571428572,1204.095,-0.0015274990453130188,0.007456095546125661
2015-01-15,1229.28,1266.64,1225.87,1262.31,120643,Gold,1228.1128571428574,1206.222,0.02719527378365827,0.011635667931175424
2015-01-16,1262.97,1282.01,1254.87,1280.04,80925,Gold,1238.0442857142857,1208.5743333333335,0.014045678161465958,0.010787579611445658
2015-01-19,1278.61,1279.03,1271.89,1276.66,42896,Gold,1247.7542857142857,1210.9479999999999,-0.002640542483047348,0.010961516821517896
2015-01-21,1294.74,1305.07,1284.48,1293.47,109866,Gold,1257.912857142857,1214.3346666666666,0.013167170585747234,0.011079734296585576
2015-01-22,1291.97,1307.53,1279.29,1301.38,106626,Gold,1267.6457142857143,1217.6066666666668,0.006115333173556392,0.01109866565385989
2015-01-23,1300.63,1302.07,1284.29,1293.76,82609,Gold,1276.6442857142858,1219.7113333333332,-0.005855322811169739,0.01173955882593135
2015-01-26,1294.62,1299.0,1275.71,1281.22,89390,Gold,1284.1200000000001,1221.5279999999998,-0.009692678703932645,0.013081832175186634
2015-01-27,1280.55,1297.42,1272.07,1292.25,95334,Gold,1288.3971428571429,1223.684,0.008608982063970316,0.009458696399771026
2015-01-28,1292.29,1293.8,1279.57,1284.72,80657,Gold,1289.0657142857144,1225.7626666666665,-0.00582704585026117,0.008678516823066177
2015-01-29,1284.66,1285.75,1251.88,1257.3,95034,Gold,1286.3,1227.9346666666668,-0.02134317205305447,0.012049895988192994
2015-01-30,1258.23,1284.63,1256.95,1283.56,74027,Gold,1284.8842857142859,1230.8433333333335,0.020886025610435066,0.013893876351516319
2015-02-02,1280.42,1283.27,1266.3,1274.98,77929,Gold,1281.1128571428574,1233.7150000000001,-0.006684533640811452,0.013638945502509292
2015-02-03,1274.76,1285.55,1255.38,1259.87,105581,Gold,1276.2714285714285,1235.78,-0.011851166292804693,0.014041905664270103
2015-02-04,1261.74,1272.33,1256.54,1269.31,87264,Gold,1274.57,1238.2506666666668,0.007492836562502436,0.014319241118383496
2015-02-05,1270.01,1273.82,1256.18,1264.52,90532,Gold,1270.6085714285714,1241.218,-0.0037737038233370823,0.013648089536287421
2015-02-06,1266.87,1268.62,1228.21,1233.12,95619,Gold,1263.2371428571428,1243.1303333333335,-0.024831556638092,0.01599012057699574
2015-02-09,1237.11,1243.65,1235.04,1239.27,55476,Gold,1260.6614285714284,1245.2933333333335,0.004987349163098509,0.014754187263388742
2015-02-10,1238.6,1245.82,1230.84,1233.22,65148,Gold,1253.47,1246.5629999999999,-0.004881906283537907,0.010781578703811022
2015-02-11,1234.04,1238.59,1216.41,1217.18,63611,Gold,1245.212857142857,1247.7043333333334,-0.01300660060654224,0.01114156915217661
2015-02-12,1218.3,1232.82,1218.02,1222.17,73890,Gold,1239.827142857143,1248.4370000000001,0.004099640151826289,0.0115024647550307
2015-02-13,1223.45,1234.82,1222.71,1228.99,68298,Gold,1234.067142857143,1249.8423333333333,0.005580238428369189,0.011194994319047686
2015-02-16,1228.34,1236.59,1228.02,1230.79,35244,Gold,1229.2485714285715,1251.2413333333332,0.0014646172873660213,0.011427928207720876
2015-02-17,1231.86,1233.84,1203.64,1209.18,72862,Gold,1225.8285714285714,1251.4033333333332,-0.017557828711640355,0.009335899267908093
2015-02-18,1208.9,1213.3,1197.42,1211.83,67989,Gold,1221.9085714285716,1251.1860000000001,0.0021915678393620297,0.009003133428210703
2015-02-19,1212.47,1222.81,1205.25,1206.77,72713,Gold,1218.1299999999999,1251.061,-0.004175503164635219,0.008984537686918273
2015-02-20,1207.31,1215.29,1198.19,1201.66,69132,Gold,1215.912857142857,1250.8266666666668,-0.004234444011700589,0.007913517633354161
2015-02-23,1202.87,1210.22,1190.61,1201.03,55854,Gold,1212.892857142857,1250.1156666666668,-0.0005242747532581138,0.007521835143654539
2015-02-24,1202.16,1204.42,1190.3,1199.81,71210,Gold,1208.7242857142858,1249.001,-0.001015794776150547,0.006715973459335355
2015-02-25,1201.16,1211.77,1200.99,1204.51,65518,Gold,1204.97,1248.1256666666666,0.003917286903759809,0.007067305181561994
2015-02-26,1204.67,1219.84,1203.49,1209.12,76910,Gold,1204.9614285714285,1247.4666666666667,0.0038272824634082436,0.003451285162220828
2015-02-27,1209.56,1219.17,1204.34,1212.78,65613,Gold,1205.097142857143,1245.8156666666666,0.003026994839222086,0.0035527348917361473
2015-03-02,1213.85,1223.18,1204.54,1206.79,71866,Gold,1205.1,1243.374,-0.0049390656178367465,0.003714544240409567
2015-03-03,1205.89,1214.76,1195.34,1203.4,75592,Gold,1205.3485714285712,1240.9320000000002,-0.002809105146711399,0.0034745203035890975
2015-03-04,1204.71,1209.01,1198.21,1200.13,63211,Gold,1205.22,1237.8206666666667,-0.002717300980555115,0.00364657318898379
2015-03-05,1200.25,1209.35,1196.35,1198.47,60158,Gold,1205.0285714285715,1234.3903333333333,-0.0013831834884554528,0.0036645271506610066
2015-03-06,1199.08,1200.66,1163.81,1167.13,88833,Gold,1199.6885714285713,1230.1693333333335,-0.026150007926773244,0.010088347459897522
2015-03-09,1168.52,1175.29,1165.66,1166.6,45406,Gold,1193.6142857142859,1226.3486666666665,-0.0004541053695820141,0.009621941519134617
2015-03-10,1161.56,1170.45,1154.93,1161.63,66083,Gold,1186.3071428571427,1221.9946666666667,-0.004260243442482214,0.008973408793762561
2015-03-11,1162.4,1165.19,1147.42,1154.43,67557,Gold,1178.827142857143,1217.6516666666669,-0.006198187030293623,0.008958823392523803
2015-03-12,1154.95,1166.58,1148.57,1153.52,75999,Gold,1171.7014285714286,1214.1923333333332,-0.0007882678031583268,0.009120478047196031
2015-03-13,1154.14,1161.83,1151.32,1158.18,60661,Gold,1165.7085714285715,1210.013,0.0040398085858937005,0.00985311868860686
2015-03-16,1156.68,1163.97,1150.23,1154.52,62388,Gold,1159.43,1205.9976666666666,-0.003160130549655582,0.009766078876149728
2015-03-17,1154.64,1159.74,1142.7,1149.24,71060,Gold,1156.8742857142856,1202.3100000000002,-0.004573329175761365,0.0034341662567095995
2015-03-18,1149.37,1175.5,1145.84,1167.43,90034,Gold,1156.9928571428572,1198.9140000000002,0.015827851449653707,0.007690023187087521
2015-03-19,1167.7,1177.71,1159.49,1170.81,93514,Gold,1158.3042857142857,1195.7903333333334,0.002895248537385431,0.007482453465771342
2015-03-20,1170.66,1187.88,1168.65,1182.22,82226,Gold,1162.2742857142857,1194.0936666666666,0.009745389943714322,0.007297550956158263
2015-03-23,1185.8,1191.47,1179.23,1189.32,72867,Gold,1167.3885714285714,1192.4286666666667,0.006005650386560868,0.0070924521668140885
2015-03-24,1189.57,1194.91,1185.34,1193.1,64734,Gold,1172.3771428571429,1191.0913333333333,0.0031782867520935287,0.007107147550826754
2015-03-25,1192.18,1199.57,1186.52,1195.17,50086,Gold,1178.1842857142856,1190.3576666666665,0.0017349761126479457,0.006465615689289348
2015-03-26,1195.13,1219.57,1194.39,1204.54,73284,Gold,1186.0842857142857,1189.77,0.007839888886099766,0.004930995458629585
2015-03-27,1204.32,1206.05,1192.45,1198.09,61530,Gold,1190.4642857142858,1188.7400000000002,-0.005354741229016913,0.004928960664063788
2015-03-30,1197.39,1198.3,1182.23,1185.61,60571,Gold,1192.5785714285714,1187.2340000000002,-0.010416579722725361,0.007298784109192616
2015-03-31,1186.04,1190.62,1178.29,1183.57,68569,Gold,1192.7714285714285,1186.3803333333335,-0.001720633260515636,0.006462107972849489
2015-04-01,1183.76,1208.51,1180.74,1204.14,71299,Gold,1194.8885714285714,1186.124,0.01737962266701598,0.00907320749394964
2015-04-02,1203.83,1207.21,1194.75,1202.07,64193,Gold,1196.1699999999998,1185.9673333333335,-0.0017190692112214467,0.009138321848268693
2015-04-03,1201.41,1201.45,1199.64,1199.64,178,Gold,1196.8085714285714,1185.9,-0.0020215128902641988,0.009205297094604685
2015-04-06,1215.64,1224.13,1213.82,1214.39,64901,Gold,1198.2157142857143,1186.3453333333334,0.012295355273248543,0.009918212263285438
2015-04-07,1214.56,1215.66,1207.34,1208.91,55653,Gold,1199.7614285714285,1186.648666666667,-0.004512553627747273,0.009830078883563253
2015-04-08,1208.49,1212.21,1197.34,1202.03,67102,Gold,1202.107142857143,1186.566,-0.005691077085970053,0.009017947789431997
2015-04-09,1202.79,1203.18,1192.52,1194.15,54065,Gold,1203.6185714285714,1186.0669999999998,-0.006555576815886366,0.009521638054775678
2015-04-10,1194.59,1210.59,1193.19,1207.24,59643,Gold,1204.0614285714287,1185.8823333333335,0.010961771971695233,0.007884783608335437
2015-04-13,1207.15,1209.41,1196.32,1198.39,70430,Gold,1203.5357142857142,1185.6023333333333,-0.00733077101487678,0.00840363112551642
2015-04-14,1198.93,1201.34,1183.87,1192.3,90805,Gold,1202.4871428571428,1185.2323333333331,-0.0050818181059589795,0.008579342969300182
2015-04-15,1192.77,1204.48,1188.78,1202.35,81096,Gold,1200.767142857143,1185.3063333333334,0.008429086639268668,0.007668500862600359
2015-04-16,1202.37,1209.08,1194.63,1198.23,93548,Gold,1199.2414285714287,1185.2983333333332,-0.0034266228635587703,0.0076057025216400695
2015-04-17,1198.92,1207.6,1197.3,1204.27,82120,Gold,1199.5614285714287,1186.5363333333335,0.005040768466821888,0.007640997216324339
2015-04-20,1205.29,1209.02,1191.27,1195.69,76820,Gold,1199.7814285714287,1187.506,-0.007124648127081024,0.007728507449135263
2015-04-21,1196.64,1204.15,1192.97,1202.05,58147,Gold,1199.0399999999997,1188.8533333333332,0.005319104450149936,0.006637383820887399
2015-04-22,1202.45,1204.71,1185.68,1186.88,73679,Gold,1197.3957142857143,1189.935,-0.012620107316667184,0.007741124930316688
2015-04-23,1187.53,1197.91,1184.26,1193.8,77602,Gold,1197.6100000000001,1191.2776666666666,0.005830412510110516,0.007960479129268807
2015-04-24,1194.03,1195.88,1175.14,1179.24,71362,Gold,1194.3085714285714,1191.9796666666666,-0.01219634779695089,0.008222703494302335
2015-04-27,1179.54,1207.12,1178.57,1201.79,86267,Gold,1194.817142857143,1193.5553333333332,0.019122485668735756,0.011622678877167598
2015-04-28,1201.77,1214.96,1199.16,1212.06,82748,Gold,1195.93,1195.6493333333333,0.0085455861673005,0.011923412207171488
2015-04-29,1212.17,1213.99,1201.32,1204.92,78776,Gold,1197.2485714285715,1196.8990000000001,-0.005890797485272881,0.011791987344838719
2015-04-30,1205.37,1207.22,1177.0,1183.97,97688,Gold,1194.6657142857143,1197.3376666666666,-0.017387046442917442,0.013461581915740392
2015-05-01,1184.55,1185.13,1169.66,1178.4,67609,Gold,1193.4542857142858,1197.2103333333332,-0.0047045110940310275,0.012742379218058816
2015-05-04,1179.89,1192.76,1177.65,1188.28,63281,Gold,1192.6657142857143,1197.1756666666665,0.00838424983027819,0.013002909404679108
2015-05-05,1188.3,1199.86,1185.65,1192.83,60489,Gold,1194.607142857143,1197.1666666666667,0.003829063857003323,0.011990068641364603
2015-05-06,1193.37,1197.55,1188.16,1192.01,65546,Gold,1193.2099999999998,1197.0613333333336,-0.000687440792065841,0.009207424284183136
2015-05-07,1191.51,1192.72,1178.77,1184.22,63954,Gold,1189.2328571428573,1196.3840000000002,-0.006535180073992675,0.008284173516230002
2015-05-08,1184.15,1193.46,1181.6,1188.38,80884,Gold,1186.8700000000001,1196.0603333333333,0.0035128607860026584,0.00854931053579106
2015-05-11,1188.64,1191.67,1178.83,1183.66,60825,Gold,1186.8257142857144,1195.9953333333333,-0.003971793534054746,0.00545255329820939
2015-05-12,1183.82,1196.98,1180.73,1193.65,69913,Gold,1189.0042857142857,1196.331333333333,0.008439923626717194,0.005823063017360095
2015-05-13,1193.35,1218.8,1191.22,1215.69,85395,Gold,1192.92,1196.7163333333333,0.01846437397897205,0.008388597140546137
2015-05-14,1215.14,1227.08,1212.26,1220.86,83976,Gold,1196.9242857142858,1197.3426666666667,0.004252728902927494,0.008394634670573624
2015-05-15,1221.2,1226.09,1210.94,1223.78,77251,Gold,1201.462857142857,1198.1473333333333,0.002391756630572006,0.008226580350607662
2015-05-18,1223.74,1232.22,1221.53,1225.35,68206,Gold,1207.3385714285716,1198.5126666666665,0.0012829103270195485,0.007035019574799985
2015-05-19,1225.29,1225.39,1205.67,1207.63,75306,Gold,1210.0885714285712,1198.47,-0.014461174358346485,0.010198866775209248
2015-05-20,1208.53,1213.3,1203.19,1209.74,65436,Gold,1213.814285714286,1198.7269999999999,0.0017472239013605062,0.009831165560832472
2015-05-21,1209.34,1212.67,1201.38,1206.03,69723,Gold,1215.5828571428572,1199.123,-0.003066774678856632,0.009762886652071843
2015-05-22,1206.27,1214.82,1201.36,1206.26,66088,Gold,1214.2357142857143,1199.0903333333333,0.00019070835717194257,0.0063071907108986115
2015-05-25,1204.88,1209.15,1202.73,1206.55,24977,Gold,1212.1914285714286,1199.3623333333335,0.00024041251471484948,0.005910047456680254
2015-05-26,1206.48,1207.45,1185.53,1187.18,69766,Gold,1206.962857142857,1199.1916666666666,-0.016054038373875867,0.007653400961985742
2015-05-27,1187.16,1190.86,1183.53,1187.98,60925,Gold,1201.6242857142856,1198.7126666666666,0.0006738657996259168,0.007582448291381032
2015-05-28,1187.41,1192.14,1180.3,1188.13,69205,Gold,1198.8385714285712,1198.376,0.0001262647519320037,0.006238713042272848
2015-05-29,1187.83,1193.95,1185.58,1190.42,68363,Gold,1196.0785714285714,1197.9143333333334,0.0019273985169971919,0.00625856295249161
2015-06-01,1190.47,1204.2,1184.5,1189.15,67192,Gold,1193.6671428571428,1197.6963333333333,-0.0010668503553367126,0.006262324245513954
2015-06-02,1189.12,1196.25,1185.92,1192.77,68673,Gold,1191.74,1197.387,0.003044191229029103,0.006516017583165076
2015-06-03,1193.3,1195.48,1179.37,1184.81,70283,Gold,1188.6342857142859,1197.318,-0.006673541420391227,0.0067138649397941634
2015-06-04,1185.22,1186.17,1172.86,1176.43,72060,Gold,1187.0985714285714,1196.739,-0.007072864003511037,0.004030575902108227
2015-06-05,1177.14,1178.53,1162.63,1171.52,63856,Gold,1184.7471428571428,1196.4816666666668,-0.004173643990717735,0.004052961929630319
2015-06-08,1169.98,1177.57,1169.05,1173.78,73628,Gold,1182.697142857143,1195.548,0.0019291177273967897,0.004261347367397401
2015-06-09,1174.09,1182.87,1172.4,1176.79,62808,Gold,1180.75,1194.3723333333335,0.0025643647020736626,0.004358080597735837
2015-06-10,1176.78,1192.23,1175.19,1185.85,71468,Gold,1180.2785714285715,1193.7366666666667,0.007698909746003846,0.005624202531292823
2015-06-11,1186.5,1187.89,1175.55,1182.04,58475,Gold,1178.7457142857143,1193.6723333333334,-0.003212885272167565,0.005484145727001152
2015-06-12,1181.71,1183.91,1176.96,1181.47,51874,Gold,1178.2685714285715,1193.774666666667,-0.0004822171838515521,0.004941167276885022
2015-06-15,1182.17,1190.37,1172.73,1186.11,63576,Gold,1179.6514285714286,1193.7023333333336,0.0039273108923627564,0.004148161112479124
2015-06-16,1185.69,1187.84,1175.98,1182.04,54633,Gold,1181.1542857142856,1193.3426666666667,-0.0034313849474331137,0.0039952059142480375
2015-06-17,1181.79,1189.05,1174.56,1184.82,57723,Gold,1182.7314285714285,1193.1029999999998,0.002351866265100977,0.0040097386112250095
2015-06-18,1184.22,1205.68,1183.54,1201.95,78919,Gold,1186.3257142857142,1193.694,0.014457892338076705,0.006412459761075248
2015-06-19,1202.07,1204.11,1198.28,1200.19,59780,Gold,1188.3742857142856,1194.0876666666668,-0.0014642871999667184,0.006236763757008067
2015-06-22,1200.69,1200.88,1182.1,1185.78,57414,Gold,1188.9085714285716,1194.1583333333333,-0.01200643231488352,0.008027923571203695
2015-06-23,1185.66,1188.02,1176.14,1178.42,54326,Gold,1188.472857142857,1193.650666666667,-0.0062068849196308395,0.008423977275045067
2015-06-24,1178.51,1180.22,1169.82,1175.07,50859,Gold,1186.8957142857143,1192.2966666666666,-0.002842789497802256,0.008239157015472363
2015-06-25,1174.88,1178.05,1171.54,1172.74,51993,Gold,1185.567142857143,1190.6926666666666,-0.001982860595538982,0.008194951609806187
2015-06-26,1173.71,1178.57,1168.5,1175.18,64677,Gold,1184.19,1189.0726666666667,0.0020805975749100813,0.008176533528522385
2015-06-29,1186.25,1187.9,1173.76,1179.32,99165,Gold,1180.957142857143,1187.5383333333334,0.003522864582446772,0.005204929473423302
2015-06-30,1180.04,1180.47,1166.69,1171.83,94315,Gold,1176.9057142857143,1186.345,-0.006351117593189293,0.005337604348201521
2015-07-01,1174.14,1175.0,1167.53,1168.48,56807,Gold,1174.4342857142856,1184.9696666666669,-0.002858776443682043,0.003767695452817602
2015-07-02,1168.35,1169.51,1155.98,1165.63,58933,Gold,1172.607142857143,1183.623,-0.0024390661372037936,0.0033248525639310933
2015-07-03,1165.68,1170.18,1164.65,1168.58,38406,Gold,1171.68,1182.367,0.0025308202431302274,0.0035874091923111997
2015-07-06,1172.0,1174.67,1162.84,1170.05,74381,Gold,1171.2957142857142,1181.1503333333333,0.0012579369833474185,0.003616114503376078
2015-07-07,1170.33,1170.33,1147.84,1156.74,82212,Gold,1168.6614285714286,1180.1356666666668,-0.011375582240075177,0.005307061406717762
2015-07-08,1153.25,1164.64,1147.13,1157.4,94992,Gold,1165.53,1179.1163333333332,0.0005705690129156338,0.00487177544286055
2015-07-09,1159.08,1167.69,1155.93,1159.73,75070,Gold,1163.8014285714287,1178.169666666667,0.0020131328840504725,0.004843082195478994
2015-07-10,1159.63,1165.33,1157.39,1163.59,61425,Gold,1163.1028571428571,1177.2753333333333,0.003328360911591499,0.005105209039801429
2015-07-13,1162.73,1164.13,1151.07,1157.78,60952,Gold,1161.9814285714285,1176.2296666666668,-0.004993167696525358,0.005345210911487562
2015-07-14,1158.07,1159.75,1152.88,1155.35,51846,Gold,1160.0914285714284,1174.9823333333334,-0.0020988443400301593,0.005124219034953044
2015-07-15,1155.65,1156.71,1143.21,1149.34,54948,Gold,1157.1328571428571,1173.8,-0.0052018868741073865,0.005102451223032794
2015-07-16,1149.02,1149.39,1142.22,1145.23,67061,Gold,1155.4885714285715,1172.76,-0.003575965336627851,0.0034272161773575577
2015-07-17,1145.08,1145.68,1131.06,1134.23,68641,Gold,1152.1785714285713,1171.5169999999998,-0.009605057499366909,0.004447171393450279
2015-07-20,1132.56,1133.1,1069.72,1096.7,106585,Gold,1143.1742857142856,1168.9476666666667,-0.03308852701832954,0.011772317617268673
2015-07-21,1098.26,1109.82,1096.91,1100.92,76550,Gold,1134.2214285714285,1166.4186666666667,0.0038479073584389845,0.01185617851683425
2015-07-22,1102.66,1103.33,1087.02,1094.01,80365,Gold,1125.1114285714286,1163.3573333333334,-0.006276568688006523,0.011815094015131982
2015-07-23,1094.43,1105.72,1087.23,1090.63,82574,Gold,1115.8657142857144,1160.3103333333333,-0.0030895512838089445,0.011738310731903156
2015-07-24,1091.23,1101.48,1077.2,1099.08,105864,Gold,1108.6857142857143,1157.5639999999999,0.007747815482794129,0.013207302955296853
2015-07-27,1095.58,1104.93,1088.34,1094.13,91505,Gold,1101.3857142857144,1154.4979999999998,-0.004503766786766894,0.013180137471469715
2015-07-28,1094.68,1098.94,1091.55,1095.23,68499,Gold,1095.814285714286,1151.6043333333334,0.001005364993190927,0.013362189865464398
2015-07-29,1095.09,1101.89,1090.36,1096.78,83764,Gold,1095.8257142857144,1148.669666666667,0.001415227851684131,0.004950928503403053
2015-07-30,1096.11,1098.57,1082.47,1088.53,79074,Gold,1094.0557142857144,1144.889,-0.0075220190010758525,0.005336233526434074
2015-07-31,1088.65,1103.46,1079.98,1095.48,87255,Gold,1094.2657142857145,1141.3986666666667,0.006384757425151433,0.0056261602822623175
2015-08-03,1095.72,1097.68,1085.79,1086.66,78495,Gold,1093.6985714285715,1138.0946666666666,-0.008051265198816937,0.0063733950981731576
2015-08-04,1085.32,1094.78,1080.94,1087.61,85634,Gold,1092.06,1135.0676666666666,0.0008742384922604263,0.005335208785549577
2015-08-05,1087.31,1092.48,1082.92,1084.77,85788,Gold,1090.722857142857,1132.0576666666666,-0.002611230128446662,0.0052030731107157845
2015-08-06,1084.82,1094.0,1083.46,1089.33,79571,Gold,1089.8799999999999,1129.2773333333332,0.004203656074559525,0.005558810852847
2015-08-07,1089.77,1099.43,1082.74,1094.17,96099,Gold,1089.5071428571428,1126.577,0.004443098051095662,0.005865458281789039
2015-08-10,1093.04,1108.84,1089.58,1104.43,84629,Gold,1091.7785714285715,1124.0806666666665,0.009376970671833407,0.005887477987229702
2015-08-11,1104.32,1119.32,1093.75,1108.75,112470,Gold,1093.6742857142856,1121.9779999999998,0.003911519969576949,0.005656362574947164
2015-08-12,1108.83,1125.75,1101.74,1123.91,120889,Gold,1098.9957142857143,1120.4923333333334,0.013673055242390042,0.005342901703488726
2015-08-13,1125.26,1126.71,1113.6,1115.09,87429,Gold,1102.9214285714286,1118.8076666666666,-0.007847603455792829,0.0071372115413350454
2015-08-14,1115.18,1121.01,1111.69,1114.82,80331,Gold,1107.2142857142858,1117.0156666666667,-0.00024213292200625514,0.006844142745552937
2015-08-17,1114.7,1122.74,1113.48,1117.34,76327,Gold,1111.2157142857143,1115.2586666666664,0.0022604546025366545,0.006870608356260588
2015-08-18,1117.4,1121.12,1109.63,1117.49,82603,Gold,1114.547142857143,1113.9503333333334,0.00013424740902512333,0.006980233721306975
2015-08-19,1118.0,1134.56,1116.24,1134.19,98757,Gold,1118.7985714285714,1113.1766666666665,0.014944205317273473,0.008056970173541175
2015-08-20,1133.46,1153.95,1132.58,1152.08,110290,Gold,1124.9885714285715,1112.9216666666666,0.0157733713046313,0.00923710905628865
2015-08-21,1153.8,1168.16,1148.91,1160.54,121955,Gold,1130.2214285714285,1112.82,0.0073432400527742026,0.008594317420912897
2015-08-24,1164.32,1170.01,1145.63,1154.97,176041,Gold,1135.9185714285716,1112.7263333333333,-0.004799489892636122,0.00790685005513322
2015-08-25,1153.47,1156.53,1134.58,1140.5,133203,Gold,1139.587142857143,1112.2313333333334,-0.012528463942786394,0.010285627854456025
2015-08-26,1140.32,1146.36,1117.68,1124.77,131151,Gold,1140.6485714285714,1111.4123333333334,-0.013792196405085555,0.01217334024263054
2015-08-27,1125.89,1129.19,1118.23,1124.56,127733,Gold,1141.6585714285713,1110.7233333333331,-0.0001867048374334379,0.012177795166363931
2015-08-28,1125.45,1140.76,1123.72,1134.02,121652,Gold,1141.6342857142856,1110.7163333333333,0.008412178985558905,0.011133561783885077
2015-08-31,1133.77,1136.56,1125.64,1134.71,91804,Gold,1139.152857142857,1111.9833333333333,0.0006084548773390708,0.00878840376403621
2015-09-01,1134.6,1147.85,1134.31,1139.97,104047,Gold,1136.2142857142858,1113.285,0.004635545646024086,0.00835038609165494
2015-09-02,1139.71,1142.36,1132.03,1133.78,95640,Gold,1133.1871428571428,1114.6106666666667,-0.005429967455284013,0.008382390417272418
2015-09-03,1133.68,1134.24,1121.83,1125.11,80403,Gold,1130.9885714285715,1115.76,-0.007646986187796689,0.0075850022523713465
2015-09-04,1125.09,1132.86,1116.72,1122.33,82804,Gold,1130.6399999999999,1116.5349999999999,-0.002470869514980767,0.005569368294156292
2015-09-07,1122.99,1124.73,1116.04,1118.94,54255,Gold,1129.837142857143,1117.362,-0.00302050199139281,0.005662240484862962
2015-09-08,1120.17,1126.67,1118.58,1121.27,81359,Gold,1128.0157142857145,1118.2299999999998,0.0020823279174932985,0.004307542254850688
2015-09-09,1121.64,1125.32,1101.23,1107.35,92310,Gold,1124.107142857143,1118.5823333333333,-0.012414494278808919,0.005759356155836556
2015-09-10,1106.98,1114.97,1103.79,1110.37,92997,Gold,1119.8785714285714,1119.3103333333333,0.0027272316792341655,0.0053419773667117
2015-09-11,1111.03,1112.83,1098.71,1107.68,74339,Gold,1116.15,1119.717,-0.0024226158847949764,0.005304118356342811
2015-09-14,1107.44,1110.4,1103.46,1108.77,63770,Gold,1113.8157142857142,1120.4540000000002,0.0009840387115411797,0.005128014135322566
2015-09-15,1108.47,1109.31,1102.15,1105.24,53142,Gold,1111.3742857142856,1121.0416666666667,-0.0031837080729095746,0.005144205325182885
2015-09-16,1105.26,1124.11,1103.92,1119.15,91648,Gold,1111.4042857142856,1122.1876666666665,0.012585501791466225,0.007541479350339232
2015-09-17,1119.21,1135.13,1115.35,1132.34,95903,Gold,1112.9857142857143,1123.6213333333333,0.011785730241701042,0.008768947600525613
2015-09-18,1130.88,1141.68,1127.47,1139.04,108431,Gold,1117.5128571428572,1125.117,0.005916950739177418,0.006344980641726525
2015-09-21,1139.11,1139.81,1129.56,1133.3,63524,Gold,1120.7885714285715,1126.0793333333334,-0.005039331366765043,0.00723299773678259
2015-09-22,1132.95,1136.51,1121.28,1124.3,81493,Gold,1123.162857142857,1126.5976666666668,-0.007941410041471864,0.008157485168653113
2015-09-23,1124.8,1134.14,1121.79,1129.98,70563,Gold,1126.1928571428573,1126.8,0.005052032375700399,0.008204658052965073
2015-09-24,1130.72,1156.65,1130.31,1153.98,116270,Gold,1133.1557142857143,1128.0963333333334,0.02123931397015877,0.01021314780904509
2015-09-25,1149.55,1151.14,1140.71,1145.56,107928,Gold,1136.9285714285713,1129.1209999999999,-0.007296486940848279,0.010892578407744376
2015-09-28,1145.33,1148.14,1127.95,1132.17,105852,Gold,1136.9042857142856,1129.6153333333334,-0.011688606445755645,0.011474293683492575
2015-09-29,1132.01,1134.63,1124.17,1127.11,93674,Gold,1135.2,1129.9360000000001,-0.004469293480661163,0.011256329305014086
2015-09-30,1127.25,1128.08,1111.3,1114.47,103593,Gold,1132.51,1129.2786666666666,-0.011214522096334778,0.011812815715632188
2015-10-01,1115.56,1119.13,1110.99,1113.52,79751,Gold,1130.97,1127.9933333333333,-0.000852423124893531,0.011552705815321017
2015-10-02,1113.48,1141.21,1104.59,1138.72,110938,Gold,1132.2185714285713,1127.266,0.022630936130469292,0.014660825975135286
2015-10-05,1136.78,1141.92,1130.06,1135.43,97784,Gold,1129.5685714285714,1126.6146666666668,-0.0028892089363495854,0.01169946514987266
2015-10-06,1135.63,1151.18,1134.92,1146.97,81537,Gold,1129.77,1126.830333333333,0.01016355037298644,0.012291537623561123
2015-10-07,1146.93,1153.57,1141.72,1145.32,82652,Gold,1131.6485714285714,1127.5153333333333,-0.0014385729356478638,0.011195289524224956
2015-10-08,1145.09,1151.21,1136.56,1139.07,86947,Gold,1133.357142857143,1127.999,-0.005456990186148869,0.011291874700994709
2015-10-09,1138.96,1159.61,1138.91,1156.53,94957,Gold,1139.3657142857141,1128.7493333333334,0.015328294134688836,0.010728447927330463
2015-10-12,1155.83,1168.9,1154.73,1163.78,66846,Gold,1146.5457142857142,1129.7183333333335,0.006268752215679685,0.010373481988051271
2015-10-13,1163.52,1168.6,1151.74,1168.09,97313,Gold,1150.7414285714285,1130.6556666666665,0.003703449105501022,0.007497325336746962
2015-10-14,1168.08,1189.7,1163.35,1184.58,103596,Gold,1157.762857142857,1132.349,0.014117062897550658,0.00776866740498198
2015-10-15,1184.54,1191.44,1174.23,1182.7,97079,Gold,1162.8671428571429,1134.2686666666666,-0.0015870603927129467,0.008009554945849458
2015-10-16,1182.06,1184.34,1174.24,1177.14,93245,Gold,1167.412857142857,1136.0956666666666,-0.004701107635072255,0.008487876043187556
2015-10-19,1176.54,1178.13,1167.59,1170.2,81548,Gold,1171.8600000000001,1137.8043333333333,-0.00589564537778009,0.008570149998307311
2015-10-20,1170.01,1180.67,1167.31,1176.35,83392,Gold,1174.6914285714286,1139.6403333333333,0.005255511878311303,0.007038361946331321
2015-10-21,1176.19,1179.13,1163.61,1166.95,93348,Gold,1175.1442857142858,1141.627,-0.00799081905895338,0.007774486272817654
2015-10-22,1167.62,1171.72,1162.55,1165.43,102740,Gold,1174.7642857142857,1143.4623333333332,-0.00130254081151715,0.007650781199124588
2015-10-23,1166.0,1179.29,1158.88,1164.37,112168,Gold,1171.8771428571429,1145.3519999999999,-0.0009095355362399582,0.0043098695729727275
2015-10-26,1162.9,1169.59,1162.04,1163.0,82123,Gold,1169.0628571428572,1147.1596666666667,-0.0011766019392460692,0.004326285149012657
2015-10-27,1163.79,1168.63,1160.73,1166.5,81747,Gold,1167.5428571428572,1149.2016666666668,0.003009458297506429,0.004611574681295675
2015-10-28,1167.11,1182.86,1152.26,1155.77,112138,Gold,1165.4814285714288,1150.4223333333332,-0.009198456922417497,0.00528191555967369
2015-10-29,1157.37,1162.59,1144.63,1145.78,118813,Gold,1161.1142857142856,1150.8703333333333,-0.008643588257179258,0.004795626109431375
2015-10-30,1145.64,1149.97,1139.23,1141.74,113116,Gold,1157.5128571428572,1150.9603333333332,-0.0035259823002670165,0.004418854008806172
2015-11-02,1141.45,1142.94,1131.75,1133.46,92714,Gold,1152.9457142857143,1150.9656666666667,-0.0072520889169163105,0.004583113223937017
2015-11-03,1133.72,1138.25,1114.33,1117.61,101449,Gold,1146.2657142857142,1150.7426666666665,-0.013983731230039154,0.00566961003158202
2015-11-04,1118.11,1122.76,1106.35,1107.51,110545,Gold,1138.3385714285714,1149.9936666666667,-0.009037141757858191,0.0053659303515100395
2015-11-05,1107.94,1111.45,1102.9,1103.57,93812,Gold,1129.3485714285714,1148.3133333333333,-0.0035575299545828054,0.003627468939625603
2015-11-06,1104.55,1110.38,1085.39,1088.62,88147,Gold,1119.7557142857142,1146.4153333333334,-0.013546943102838993,0.004214615648649752
2015-11-09,1090.33,1095.59,1088.31,1091.95,90859,Gold,1112.0657142857142,1145.0746666666666,0.003058918630927332,0.006065736610622124
2015-11-10,1092.27,1094.79,1085.22,1089.6,78257,Gold,1104.6171428571429,1143.8243333333335,-0.0021521131919960412,0.006211131841331189
2015-11-11,1089.88,1093.58,1083.63,1085.84,81237,Gold,1097.8142857142857,1142.87,-0.0034508076358296114,0.00631388446233824
2015-11-12,1086.5,1089.52,1074.08,1084.9,100139,Gold,1093.1414285714286,1141.916,-0.0008656892359830692,0.005473229402273011
2015-11-13,1085.0,1088.54,1079.57,1083.54,112820,Gold,1089.7171428571428,1140.0766666666666,-0.001253571757765859,0.005110488794963689
2015-11-16,1088.11,1098.01,1081.06,1082.68,110982,Gold,1086.7328571428573,1138.3183333333332,-0.0007936947413107465,0.005176461447567547
2015-11-17,1083.85,1085.01,1065.44,1070.06,107615,Gold,1084.0814285714284,1135.7546666666667,-0.011656260390881967,0.004525453979376285
2015-11-18,1071.57,1075.39,1064.64,1070.87,113157,Gold,1081.07,1133.2730000000001,0.0007569668990523581,0.004124763598415247
2015-11-19,1071.57,1087.38,1069.46,1082.04,113792,Gold,1079.99,1131.372,0.010430771242074366,0.006499136981613818
2015-11-20,1081.9,1088.01,1075.76,1077.98,109556,Gold,1078.8671428571429,1128.7536666666665,-0.003752171823592443,0.006519229853060864
2015-11-23,1076.15,1076.65,1066.62,1068.92,112216,Gold,1076.5842857142857,1125.5916666666667,-0.008404608619825948,0.00708760806773643
2015-11-24,1069.07,1081.01,1068.93,1075.31,104752,Gold,1075.4085714285716,1122.499,0.005977996482430692,0.007728898601992293
2015-11-25,1075.69,1080.74,1067.83,1071.1,82995,Gold,1073.7542857142857,1118.7163333333333,-0.00391515004975318,0.007800486621109195
2015-11-26,1071.18,1074.8,1069.6,1071.65,49246,Gold,1073.9814285714285,1115.0146666666667,0.0005134908038466612,0.006390744413910106
2015-11-27,1071.76,1073.73,1052.67,1058.04,75836,Gold,1072.1485714285716,1111.0446666666664,-0.012700041991321909,0.00802161061032359
2015-11-30,1058.29,1069.68,1053.13,1064.37,87117,Gold,1069.6242857142856,1107.5169999999998,0.00598276057615954,0.007014082578827508
2015-12-01,1064.81,1074.58,1063.18,1069.24,88741,Gold,1068.3757142857144,1103.9466666666667,0.004575476572996395,0.0074264263435194966
2015-12-02,1068.87,1071.36,1050.58,1053.49,96760,Gold,1066.1714285714286,1100.1646666666668,-0.014730088661105034,0.008728581395329168
2015-12-03,1053.84,1065.39,1046.23,1062.1,134196,Gold,1064.2842857142857,1096.7203333333334,0.008172835053014138,0.009096373806001562
2015-12-04,1063.35,1088.78,1058.07,1086.76,144590,Gold,1066.5214285714285,1094.1333333333334,0.023218152716316887,0.012966969901563872
2015-12-07,1084.82,1086.55,1066.11,1070.76,131128,Gold,1066.3942857142858,1091.0586666666666,-0.014722661857263786,0.014477705211151643
2015-12-08,1070.96,1079.03,1067.57,1074.52,125797,Gold,1068.7485714285715,1087.9926666666665,0.0035115245246366555,0.013367007535552788
2015-12-09,1074.53,1085.3,1069.29,1072.67,125023,Gold,1069.9342857142858,1085.2226666666668,-0.0017216989911773561,0.013329105662474148
2015-12-10,1072.2,1076.42,1069.35,1071.21,116921,Gold,1070.2157142857143,1082.737,-0.0013610896174965914,0.013266231462774185
2015-12-11,1071.75,1079.53,1062.36,1074.66,129556,Gold,1073.24,1080.501,0.0032206570140309587,0.01148319101152158
2015-12-14,1073.72,1077.48,1058.53,1060.12,112686,Gold,1072.9571428571428,1078.0563333333332,-0.01352986060707595,0.012689514971366299
2015-12-15,1061.16,1068.6,1058.89,1060.8,111618,Gold,1069.2485714285715,1076.1626666666666,0.0006414368184735064,0.007590809623629732
2015-12-16,1061.21,1078.27,1060.83,1072.18,108256,Gold,1069.4514285714286,1074.985,0.01072775263951753,0.007368365729768521
2015-12-17,1071.97,1072.84,1047.58,1051.55,117110,Gold,1066.1699999999998,1073.251,-0.019241172191236666,0.010160147578495985
2015-12-18,1050.92,1071.49,1050.84,1065.85,103139,Gold,1065.1957142857143,1072.492,0.013598972944700582,0.01197836308669724
2015-12-21,1066.16,1081.71,1063.91,1078.28,101124,Gold,1066.2057142857143,1072.0363333333332,0.011662053759909918,0.012864185143780288
2015-12-22,1078.06,1080.69,1071.69,1072.6,88689,Gold,1065.9114285714284,1071.4696666666666,-0.005267648477204512,0.013020344596525138
2015-12-23,1072.87,1075.43,1068.26,1070.2,74884,Gold,1067.3514285714284,1070.9483333333333,-0.0022375536080551095,0.011729261083345459
2015-12-24,1070.36,1076.74,1070.02,1076.05,56090,Gold,1069.53,1070.6533333333334,0.005466267987292106,0.011817863327732332
2015-12-28,1075.86,1076.86,1066.37,1068.9,87770,Gold,1069.0614285714287,1070.1653333333334,-0.006644672645323091,0.011524836539239948
2015-12-29,1068.8,1075.17,1067.43,1068.62,92846,Gold,1071.5,1069.6966666666667,-0.00026195153896546586,0.008059806877743037
2015-12-30,1069.01,1072.01,1059.33,1061.08,63736,Gold,1070.8185714285714,1069.3973333333333,-0.007055829013119741,0.006951659188321593
2015-12-31,1061.37,1063.46,1058.13,1060.81,64624,Gold,1068.322857142857,1069.0620000000001,-0.00025445772232068897,0.004452607111865762
2016-01-04,1064.88,1083.44,1061.66,1074.43,146141,Gold,1068.5842857142857,1068.8083333333334,0.012839245482225925,0.006991819484327489
2016-01-05,1073.15,1081.9,1072.56,1078.07,124689,Gold,1069.7085714285713,1068.8113333333333,0.0033878428562119645,0.006979592096864475
2016-01-06,1077.75,1095.13,1074.89,1093.01,138041,Gold,1072.1314285714286,1069.6143333333334,0.013858098268201502,0.008430783052896825
2016-01-07,1093.59,1110.01,1091.33,1108.93,185177,Gold,1077.85,1070.735,0.01456528302577298,0.008505261423727834
2016-01-08,1108.62,1113.12,1091.78,1103.85,165997,Gold,1082.8828571428571,1071.8266666666666,-0.004580992488254609,0.009110834234180474
2016-01-11,1107.4,1108.42,1094.2,1095.4,144178,Gold,1087.7857142857142,1072.6183333333333,-0.007655025592245179,0.009241352235620658
2016-01-12,1095.19,1099.14,1083.41,1089.48,143643,Gold,1091.8814285714286,1073.6663333333333,-0.005404418477268691,0.009874972063660366
2016-01-13,1087.48,1095.4,1079.71,1093.65,138239,Gold,1094.6271428571429,1074.6423333333335,0.0038275140433969845,0.009063087847805178
2016-01-14,1093.24,1095.15,1071.33,1077.18,154005,Gold,1094.5,1074.907,-0.015059662597723289,0.011213098592856586
2016-01-15,1078.22,1097.34,1076.2,1088.72,164366,Gold,1093.8871428571429,1076.0813333333333,0.010713158432202663,0.010609035243570325
2016-01-18,1090.14,1093.22,1087.47,1088.88,108815,Gold,1091.0228571428572,1076.974,0.0001469615695497417,0.008353437096134004
2016-01-19,1089.43,1094.45,1082.45,1087.18,169169,Gold,1088.6414285714286,1076.988,-0.0015612372345896741,0.008310331511040082
2016-01-20,1087.77,1109.56,1087.52,1100.83,190122,Gold,1089.4171428571428,1077.9903333333334,0.012555418605934454,0.009501150364732086
2016-01-21,1100.93,1104.44,1092.36,1101.16,193392,Gold,1091.0857142857144,1078.8783333333333,0.0002997738070367184,0.009122877044474257
2016-01-22,1101.12,1102.78,1093.97,1097.78,149487,Gold,1091.6757142857143,1079.7153333333333,-0.003069490355625093,0.009209235823740282
2016-01-25,1097.73,1108.88,1097.13,1107.67,128229,Gold,1096.0314285714285,1080.9306666666666,0.009009091074714481,0.006490943125493979
2016-01-26,1108.26,1122.84,1106.91,1120.09,138653,Gold,1100.5128571428572,1082.445,0.011212725811839075,0.00657903172016125
2016-01-27,1119.87,1127.94,1114.81,1124.76,137199,Gold,1105.6385714285714,1084.5996666666667,0.004169307823478574,0.006349430500420169
2016-01-28,1125.57,1125.75,1111.49,1114.28,133390,Gold,1109.51,1086.3823333333335,-0.009317543298125841,0.008061797047068487
2016-01-29,1115.33,1118.38,1108.32,1117.99,138402,Gold,1111.9614285714285,1087.9093333333335,0.00332950425386791,0.007032914434279295
2016-02-01,1115.86,1129.65,1115.86,1128.37,139898,Gold,1115.8485714285714,1090.47,0.009284519539530578,0.007429889621191094
2016-02-02,1128.08,1131.0,1122.25,1128.62,128043,Gold,1120.2542857142855,1092.5623333333335,0.00022155853133276615,0.007037414110344156
2016-02-03,1128.12,1145.45,1124.33,1142.34,181190,Gold,1125.2071428571428,1094.6976666666667,0.012156438836809613,0.007497269003652603
2016-02-04,1141.56,1157.29,1139.51,1155.36,203585,Gold,1130.2457142857143,1097.4563333333333,0.01139765743999166,0.007525399132410215
2016-02-05,1155.5,1174.4,1145.15,1173.06,186469,Gold,1137.1457142857141,1100.885,0.015319900290818422,0.008561660324448132
2016-02-08,1168.46,1200.81,1164.23,1190.02,190763,Gold,1147.9657142857143,1104.684,0.01445791349121106,0.005676046861306101
2016-02-09,1190.68,1198.82,1185.59,1188.76,194216,Gold,1158.0757142857142,1108.6793333333333,-0.0010588057343573487,0.006627599764390274
2016-02-10,1189.41,1197.65,1181.4,1197.41,182414,Gold,1167.9385714285713,1112.9723333333334,0.007276489787678031,0.006647851417508146
2016-02-11,1196.72,1263.34,1196.72,1248.7,185283,Gold,1185.0928571428572,1119.2263333333333,0.04283411696912509,0.013618351420801473
2016-02-12,1247.92,1248.19,1232.37,1238.13,165314,Gold,1198.777142857143,1125.137,-0.00846480339553135,0.016222954805051478
2016-02-15,1232.0,1234.76,1202.13,1209.07,94178,Gold,1206.45,1129.625,-0.023470879471461092,0.0209799386066957
2016-02-16,1209.06,1216.9,1190.8,1199.53,172139,Gold,1210.2314285714288,1133.6736666666666,-0.007890362013779129,0.021223113256936117
2016-02-17,1202.54,1213.66,1195.6,1208.31,172778,Gold,1212.8442857142857,1137.5169999999998,0.00731953348394776,0.020768934149182856
2016-02-18,1208.01,1239.84,1200.64,1230.65,170619,Gold,1218.8285714285716,1141.5743333333332,0.018488632883945533,0.021532181446867846
2016-02-19,1231.06,1234.44,1219.87,1227.29,140206,Gold,1223.097142857143,1145.6889999999999,-0.0027302644943729693,0.021699473039881515
2016-02-22,1224.92,1226.16,1201.83,1208.42,113869,Gold,1217.3428571428572,1149.456333333333,-0.015375339161893153,0.014003788385696082
2016-02-23,1209.07,1228.1,1207.1,1226.44,101351,Gold,1215.672857142857,1154.0216666666668,0.014912033895499999,0.015619646559498384
2016-02-24,1227.03,1253.24,1221.76,1229.17,149964,Gold,1218.5442857142857,1158.539,0.0022259547959948556,0.012164140096878275
2016-02-25,1226.79,1242.71,1221.04,1233.2,166868,Gold,1223.3542857142857,1163.7396666666668,0.003278635176582556,0.01128699894555367
2016-02-26,1232.34,1240.25,1211.39,1223.32,120019,Gold,1225.4985714285715,1168.2263333333333,-0.008011676938047496,0.012004049511691782
2016-02-29,1218.98,1241.0,1217.23,1238.3,136668,Gold,1226.5914285714284,1173.2069999999999,0.012245365072098835,0.010723380843726926
2016-03-01,1239.05,1248.47,1227.1,1231.57,143242,Gold,1227.202857142857,1178.02,-0.005434870386820667,0.010924294448274701
2016-03-02,1231.35,1243.98,1224.68,1240.09,114608,Gold,1231.7271428571428,1182.662,0.006917998976915696,0.008485677070194726
2016-03-03,1241.45,1268.24,1237.34,1265.51,150224,Gold,1237.3085714285714,1188.1403333333333,0.0204985122047594,0.009863143563759554
2016-03-04,1262.38,1279.71,1250.43,1258.78,159467,Gold,1241.5385714285715,1193.507,-0.005318014081279521,0.010545579901121826
2016-03-07,1259.79,1273.1,1256.65,1267.22,135615,Gold,1246.3985714285714,1198.8253333333332,0.006704904749042839,0.010615382880471445
2016-03-08,1266.42,1278.04,1260.15,1261.5,128475,Gold,1251.8528571428571,1203.539,-0.004513817648080121,0.010024740291220156
2016-03-09,1261.61,1264.88,1242.91,1252.88,108827,Gold,1253.935714285714,1207.8096666666668,-0.006833135156559589,0.010142676806475903
2016-03-10,1252.7,1273.27,1236.99,1271.98,119533,Gold,1259.7085714285715,1213.0663333333332,0.015244875806142533,0.010708167954563133
2016-03-11,1269.91,1283.36,1248.16,1249.23,115887,Gold,1261.0142857142857,1217.441,-0.017885501344360732,0.013563915990403715
2016-03-14,1251.44,1261.01,1229.3,1235.0,76552,Gold,1256.6557142857143,1220.9953333333333,-0.011391016866389658,0.011106508063985833
2016-03-15,1235.18,1238.0,1225.6,1232.44,87443,Gold,1252.892857142857,1224.456,-0.0020728744939271238,0.011082139826323865
2016-03-16,1232.78,1263.86,1226.64,1262.04,110446,Gold,1252.152857142857,1228.446,0.02401739638440814,0.014880447973167267
2016-03-17,1259.46,1270.84,1254.33,1257.72,145518,Gold,1251.6128571428574,1231.858,-0.0034230293810021406,0.014836942853868721
2016-03-18,1258.68,1266.88,1247.78,1255.04,112531,Gold,1251.9214285714286,1234.5906666666667,-0.002130839932576456,0.014598215751664588
2016-03-21,1254.55,1255.32,1240.54,1243.44,86935,Gold,1247.8442857142857,1236.3713333333333,-0.009242733299337003,0.013307333400085395
2016-03-22,1243.57,1260.12,1242.31,1248.0,98124,Gold,1247.6685714285716,1238.3460000000002,0.0036672457054622853,0.011732962468144315
2016-03-23,1247.72,1249.31,1215.31,1220.13,82254,Gold,1245.5442857142857,1239.1033333333332,-0.022331730769230673,0.014000151362183409
2016-03-24,1222.61,1223.71,1211.95,1217.12,70484,Gold,1243.3557142857142,1238.0506666666668,-0.0024669502430070267,0.01400294964883943
2016-03-28,1214.3,1223.05,1208.15,1221.34,53551,Gold,1237.5414285714287,1237.4909999999998,0.0034672012619956227,0.008957478527884364
2016-03-29,1220.8,1242.9,1215.24,1240.72,87796,Gold,1235.1128571428574,1238.5459999999998,0.01586781731540765,0.011883041598645894
2016-03-30,1241.41,1243.99,1223.18,1224.46,71651,Gold,1230.7442857142855,1239.377,-0.013105293700432008,0.012622384351733448
2016-03-31,1225.85,1240.32,1223.75,1232.44,70310,Gold,1229.172857142857,1240.1813333333334,0.0065171585841923285,0.012820744681477836
2016-04-01,1231.56,1235.21,1208.93,1222.16,85225,Gold,1225.4814285714285,1239.8983333333335,-0.00834117685242286,0.012864602451656678
2016-04-04,1220.3,1222.54,1214.56,1215.55,65568,Gold,1224.827142857143,1239.507,-0.005408457157819013,0.009842288365384621
2016-04-05,1215.7,1236.74,1214.69,1230.47,77927,Gold,1226.7342857142855,1240.242,0.01227427913290291,0.010873255690780083
2016-04-06,1230.41,1232.1,1216.64,1222.03,77171,Gold,1226.8328571428572,1240.095,-0.00685916763513128,0.011272494815647481
2016-04-07,1222.95,1243.19,1222.64,1240.6,91006,Gold,1226.8157142857142,1240.4759999999999,0.015196026284133746,0.011118028654923812
2016-04-08,1239.37,1242.6,1229.54,1240.49,76620,Gold,1229.1057142857142,1240.719,-8.866677414143265e-05,0.009528039183712625
2016-04-11,1244.78,1258.78,1243.93,1257.51,94172,Gold,1232.6871428571428,1241.8586666666665,0.013720384686696452,0.010453968642585408
2016-04-12,1256.15,1262.54,1251.11,1255.41,79886,Gold,1237.4371428571428,1242.429,-0.0016699668392298195,0.009517590265306745
2016-04-13,1255.62,1256.63,1239.71,1243.16,81193,Gold,1241.3814285714286,1242.8153333333332,-0.009757768378457987,0.010332179388661676
2016-04-14,1242.43,1244.04,1223.77,1226.33,91768,Gold,1240.7900000000002,1242.3566666666666,-0.013538080375816608,0.011152154632071878
2016-04-15,1227.36,1235.79,1225.2,1233.73,70164,Gold,1242.4614285714285,1241.2973333333334,0.006034264838991277,0.010976339511543762
2016-04-18,1234.66,1241.55,1230.04,1232.57,76059,Gold,1241.314285714286,1240.4236666666666,-0.0009402381396254045,0.009140323025395343
2016-04-19,1231.77,1256.62,1227.66,1250.21,89031,Gold,1242.702857142857,1239.8566666666668,0.01431156039819248,0.010817701368587772
2016-04-20,1249.69,1257.91,1242.34,1243.7,82997,Gold,1240.73,1239.2633333333333,-0.0052071252029658455,0.009433552660680158
2016-04-21,1243.77,1270.19,1242.78,1248.77,104670,Gold,1239.7814285714287,1239.1263333333334,0.004076545790785424,0.00966731555132912
2016-04-22,1247.66,1252.48,1227.32,1232.73,93715,Gold,1238.2914285714287,1237.818,-0.01284463912489886,0.010203946956359145
2016-04-25,1232.22,1242.23,1229.94,1237.5,71006,Gold,1239.887142857143,1237.427,0.0038694604657953935,0.008693405143729073
2016-04-26,1237.83,1244.79,1231.27,1243.68,65536,Gold,1241.3085714285714,1237.7163333333333,0.0049939393939395504,0.008608024047197013
2016-04-27,1242.81,1252.65,1239.34,1245.98,79744,Gold,1243.2242857142858,1238.1676666666667,0.0018493503151935098,0.008557937811053575
2016-04-28,1245.4,1269.47,1237.68,1266.29,96239,Gold,1245.5214285714285,1238.3093333333336,0.016300422157659034,0.00906889475641718
2016-04-29,1265.94,1296.62,1264.91,1293.68,96250,Gold,1252.6614285714284,1239.5080000000003,0.021630116324064863,0.01104048316821462
2016-05-02,1292.65,1303.65,1287.56,1291.24,99542,Gold,1258.7285714285715,1240.7146666666667,-0.0018860923876075075,0.011410123724348686
2016-05-03,1292.09,1301.69,1282.19,1286.33,102227,Gold,1266.3857142857144,1242.1443333333334,-0.0038025463895171585,0.009410354735430278
2016-05-04,1285.54,1289.74,1271.71,1279.71,98324,Gold,1272.4157142857143,1243.2013333333334,-0.005146424323462795,0.010343106153518983
2016-05-05,1279.62,1286.37,1268.79,1278.09,96179,Gold,1277.3314285714284,1245.1333333333334,-0.0012659118081441711,0.010595947902491184
2016-05-06,1277.49,1295.47,1274.38,1288.8,102307,Gold,1283.4485714285713,1247.5226666666667,0.008379691571016146,0.010666989330883897
2016-05-09,1284.19,1287.46,1261.21,1263.09,96939,Gold,1282.9914285714283,1248.9143333333334,-0.01994878957169466,0.012790268429385365
2016-05-10,1264.03,1269.61,1256.78,1266.15,91863,Gold,1279.0585714285714,1249.762,0.002422630216374344,0.00871449070924807
2016-05-11,1266.06,1279.02,1264.72,1277.12,87526,Gold,1277.0414285714285,1251.5173333333335,0.008664060340401791,0.009792077236600019
2016-05-12,1277.49,1280.78,1261.78,1263.42,93150,Gold,1273.7685714285712,1252.55,-0.010727261338010385,0.010391572833800095
2016-05-13,1264.09,1276.26,1262.88,1273.3,90621,Gold,1272.8528571428571,1254.2546666666667,0.00782004400753511,0.010983639219709102
2016-05-16,1272.72,1288.62,1270.92,1273.62,92683,Gold,1272.2142857142858,1256.1903333333332,0.000251315479462777,0.010984776591738356
2016-05-17,1274.08,1282.27,1269.02,1279.26,94465,Gold,1270.8514285714284,1257.8166666666666,0.004428322419560038,0.010548374293043665
2016-05-18,1280.28,1281.27,1254.97,1257.88,103028,Gold,1270.107142857143,1259.0116666666665,-0.016712787080030544,0.009609294183799714
2016-05-19,1258.63,1261.23,1243.66,1254.2,100902,Gold,1268.4,1259.4650000000001,-0.0029255572868636115,0.009545908152353545
2016-05-20,1255.67,1260.12,1248.74,1251.91,82634,Gold,1264.7985714285714,1259.8456666666666,-0.0018258650932865272,0.008482483150414066
2016-05-23,1250.34,1255.94,1243.08,1249.0,78173,Gold,1262.7385714285715,1259.5620000000001,-0.0023244482430846425,0.007737715146075885
2016-05-24,1248.74,1252.09,1226.19,1226.7,86387,Gold,1256.0814285714284,1258.605,-0.017854283426741335,0.008562300433889109
2016-05-25,1227.47,1230.08,1217.74,1224.33,84579,Gold,1249.0400000000002,1257.9773333333333,-0.0019320127170457946,0.00836469217199443
2016-05-26,1223.38,1234.17,1218.3,1219.62,86816,Gold,1240.52,1257.7536666666667,-0.003847002033765423,0.007218695477196141
2016-05-27,1220.13,1223.5,1206.67,1211.64,80364,Gold,1233.9142857142856,1257.0173333333332,-0.006543021596890686,0.005761479373651818
2016-05-30,1212.93,1213.36,1199.62,1207.4,62275,Gold,1227.2285714285715,1256.1783333333333,-0.0034993892575352348,0.0057256745733578075
2016-05-31,1207.08,1218.15,1207.03,1215.08,83395,Gold,1221.967142857143,1255.0073333333335,0.006360775219479642,0.00721950964135992
2016-06-01,1216.02,1220.32,1205.91,1212.57,73639,Gold,1216.7628571428572,1253.9696666666669,-0.0020657076077295056,0.0072315692062562675
2016-06-02,1212.84,1217.57,1209.75,1211.03,80029,Gold,1214.5242857142857,1252.7116666666666,-0.0012700297714770548,0.004011151825917629
2016-06-03,1210.32,1244.59,1206.85,1244.51,95621,Gold,1217.4071428571428,1253.1043333333334,0.02764588821086189,0.011833988404427688
2016-06-06,1244.0,1248.65,1239.92,1244.89,85382,Gold,1221.0171428571427,1253.3506666666667,0.00030534105792656696,0.011569939839435666
2016-06-07,1244.94,1246.53,1234.72,1244.29,69437,Gold,1225.6814285714286,1253.371,-0.0004819702945643156,0.010947620725653482
2016-06-08,1244.63,1264.31,1242.98,1261.84,80519,Gold,1233.4585714285713,1253.8996666666667,0.0141044290318173,0.010998073229601835
2016-06-09,1261.6,1271.68,1256.74,1269.32,73682,Gold,1241.207142857143,1254.0006666666666,0.005927851391618555,0.01099935909859646
2016-06-10,1269.28,1278.09,1264.51,1274.07,79664,Gold,1249.9928571428572,1253.347,0.0037421611571550883,0.010468563457374265
2016-06-13,1274.69,1287.09,1272.35,1283.87,91161,Gold,1260.3985714285714,1253.1013333333333,0.007691885061260395,0.009795095756651858
2016-06-14,1283.26,1289.73,1276.31,1285.87,76324,Gold,1266.3071428571427,1253.0859999999998,0.0015577901189371968,0.005096709204205866
2016-06-15,1284.83,1296.76,1278.38,1291.51,83090,Gold,1272.967142857143,1253.4793333333332,0.00438613545692812,0.004731567661189582
2016-06-16,1293.17,1315.54,1277.97,1278.75,137495,Gold,1277.8899999999999,1253.5013333333334,-0.009879908014649552,0.007282930024754162
2016-06-17,1278.98,1299.5,1276.48,1298.55,92386,Gold,1283.1342857142856,1253.8263333333334,0.015483870967741842,0.007615110979198547
2016-06-20,1286.09,1292.2,1277.93,1289.75,83381,Gold,1286.052857142857,1254.7150000000001,-0.006776789495976265,0.008569385733551198
2016-06-21,1289.73,1294.12,1264.44,1267.18,93994,Gold,1285.0685714285714,1254.7493333333334,-0.017499515409963085,0.011304327646697063
2016-06-22,1269.6,1270.6,1261.13,1266.06,71268,Gold,1282.5242857142857,1254.3806666666667,-0.0008838523335280568,0.010688750284598236
2016-06-23,1263.54,1271.38,1254.37,1255.96,79771,Gold,1278.2514285714285,1254.132,-0.007977505015560049,0.010775253120628492
2016-06-24,1253.05,1358.25,1250.34,1315.67,222646,Gold,1281.702857142857,1255.544333333333,0.047541322972069144,0.022199600221100745
2016-06-27,1326.11,1335.23,1317.57,1324.88,207364,Gold,1288.292857142857,1257.2530000000002,0.007000235621394513,0.02149078824905039
2016-06-28,1324.04,1325.94,1305.4,1312.01,179203,Gold,1290.2157142857143,1258.3446666666666,-0.009714087313568154,0.021604791966729896
2016-06-29,1311.83,1327.78,1311.41,1318.6,145538,Gold,1294.337142857143,1260.3686666666667,0.005022827569911792,0.0212939972831118
2016-06-30,1317.62,1324.06,1312.73,1321.58,154092,Gold,1302.1085714285714,1262.6146666666666,0.002259972698316348,0.019283379884344774
2016-07-01,1322.58,1344.49,1320.47,1342.28,142318,Gold,1312.9971428571428,1265.627,0.015663069961712628,0.0192875654164724
2016-07-04,1339.61,1357.31,1339.5,1350.83,100936,Gold,1326.55,1269.0213333333334,0.00636975891766256,0.01795583402009108
2016-07-05,1349.21,1357.38,1338.05,1356.03,171215,Gold,1332.3157142857142,1273.332333333333,0.003849485131363739,0.00754937861486256
2016-07-06,1356.93,1375.05,1355.94,1363.68,151669,Gold,1337.8585714285714,1277.9773333333333,0.005641468109112591,0.007487095410692097
2016-07-07,1362.58,1370.65,1350.69,1360.28,179163,Gold,1344.7542857142855,1282.6660000000002,-0.0024932535492198094,0.0054882173957936965
2016-07-08,1359.21,1370.18,1335.17,1364.93,160797,Gold,1351.3728571428571,1287.775666666667,0.00341841385597097,0.005529592737462726
2016-07-11,1368.43,1374.83,1350.57,1354.57,199384,Gold,1356.0857142857144,1292.6813333333334,-0.007590132827324569,0.007300481846464061
2016-07-12,1355.19,1357.59,1330.31,1332.68,173381,Gold,1354.7142857142858,1296.601333333333,-0.016160109850358317,0.008336173566203413
2016-07-13,1333.88,1345.17,1327.46,1342.48,172637,Gold,1353.5214285714285,1300.9316666666666,0.007353603265600084,0.00848795013892668
2016-07-14,1342.93,1347.03,1320.08,1334.53,201427,Gold,1350.45,1305.0483333333332,-0.005921875931112597,0.008388339123840296
2016-07-15,1335.38,1338.64,1322.41,1338.29,165966,Gold,1346.8228571428572,1308.1743333333332,0.0028174713194908385,0.008004671490464757
2016-07-18,1334.11,1335.36,1323.38,1328.37,141084,Gold,1342.2642857142857,1310.9569999999999,-0.007412444238543259,0.008201743727144812
2016-07-19,1328.15,1334.89,1325.45,1331.93,150333,Gold,1337.5499999999997,1313.8783333333333,0.0026799762114473324,0.008104251759511188
2016-07-20,1332.17,1338.25,1312.53,1315.34,144844,Gold,1331.945714285714,1315.6616666666666,-0.012455609529029465,0.008703789901319509
2016-07-21,1313.87,1333.79,1310.77,1331.12,148769,Gold,1331.722857142857,1317.7216666666668,0.011996898140404832,0.008738324161167774
2016-07-22,1330.84,1333.75,1319.58,1322.39,129787,Gold,1328.8528571428571,1319.3323333333333,-0.006558386922290826,0.008323596070870706
2016-07-25,1321.77,1323.69,1312.25,1315.76,104376,Gold,1326.1714285714286,1320.3953333333334,-0.0050136495285052485,0.008261338091349678
2016-07-26,1315.22,1324.46,1313.76,1320.2,107185,Gold,1323.587142857143,1321.5396666666668,0.003374475588253212,0.00831787476756222
2016-07-27,1319.27,1342.32,1315.67,1339.46,129785,Gold,1325.1714285714286,1323.138,0.014588698682017842,0.009899664727047387
2016-07-28,1338.41,1345.52,1332.36,1335.32,130598,Gold,1325.6557142857143,1325.0236666666667,-0.0030907977841817535,0.009998613150002215
2016-07-29,1335.37,1354.9,1328.27,1351.11,160832,Gold,1330.7657142857145,1326.7756666666667,0.01182488092741818,0.008949727100069816
2016-08-01,1350.61,1354.77,1346.17,1352.73,110164,Gold,1333.8528571428571,1328.875,0.0011990141439262025,0.008217016344249489
2016-08-02,1353.03,1367.21,1347.01,1363.67,125971,Gold,1339.75,1332.0913333333333,0.008087349286258094,0.0073999742663828786
2016-08-03,1363.17,1366.33,1354.07,1358.15,114393,Gold,1345.8057142857142,1335.161,-0.004047900151796235,0.007201016081534439
2016-08-04,1357.65,1364.93,1349.05,1360.96,121475,Gold,1351.6285714285714,1338.661,0.0020689909067481693,0.007253618034286506
2016-08-05,1360.97,1364.59,1334.61,1336.87,118610,Gold,1351.2585714285717,1339.3676666666665,-0.017700740653656344,0.009572642029960703
2016-08-08,1332.89,1338.2,1329.77,1334.97,116933,Gold,1351.2085714285713,1339.704,-0.0014212301869290789,0.009510283740428914
2016-08-09,1334.94,1342.51,1330.42,1340.45,103184,Gold,1349.685714285714,1340.6520000000003,0.004104961160176002,0.00827853507906294
2016-08-10,1339.96,1357.11,1339.87,1346.0,132126,Gold,1348.7242857142858,1341.5653333333332,0.004140400611734929,0.008486786360404265
2016-08-11,1346.97,1353.22,1335.68,1338.46,110706,Gold,1345.1228571428571,1342.1280000000002,-0.005601783060921184,0.007667121427401606
2016-08-12,1338.02,1356.27,1333.08,1336.58,125937,Gold,1342.0414285714287,1341.9379999999999,-0.0014045993156315273,0.0076511137182753465
2016-08-15,1337.13,1343.73,1335.7,1339.2,85940,Gold,1338.9328571428573,1341.5503333333334,0.001960226847626201,0.007640963024435569
2016-08-16,1339.6,1357.94,1339.24,1346.37,119843,Gold,1340.2900000000002,1341.2283333333335,0.005353942652329691,0.003970878555588838
2016-08-17,1345.52,1351.57,1335.57,1348.44,112120,Gold,1342.2142857142858,1340.7203333333334,0.0015374674123755927,0.003822558093018435
2016-08-18,1349.59,1355.95,1345.98,1352.17,122309,Gold,1343.8885714285714,1340.45,0.002766159413841285,0.0036985670246838377
2016-08-19,1352.11,1352.71,1337.71,1340.92,106137,Gold,1343.162857142857,1339.649666666667,-0.008319959768372298,0.0048842003702746235
2016-08-22,1338.34,1339.95,1331.66,1338.63,131355,Gold,1343.1871428571428,1339.118333333333,-0.0017077827163439752,0.004408871235293102
2016-08-23,1338.84,1344.58,1335.19,1338.06,105543,Gold,1343.3985714285716,1339.2976666666664,-0.0004258084758298475,0.004371280555998884
2016-08-24,1337.75,1339.99,1323.65,1323.9,104373,Gold,1341.212857142857,1338.6783333333333,-0.010582485090354532,0.0058379942145353305
2016-08-25,1325.32,1326.98,1317.93,1321.46,89477,Gold,1337.6542857142856,1338.2426666666665,-0.0018430395044943815,0.004973736417036492
2016-08-26,1321.86,1342.12,1318.29,1321.85,120480,Gold,1333.8557142857142,1337.6946666666668,0.0002951281158718455,0.00481901961211684
2016-08-29,1319.53,1324.99,1314.87,1323.25,106883,Gold,1329.7242857142858,1337.5240000000001,0.0010591216855164731,0.004522644625887107
2016-08-30,1323.31,1325.34,1309.18,1310.36,103213,Gold,1325.3585714285714,1336.8049999999998,-0.009741167579822463,0.004819501998468067
2016-08-31,1311.35,1315.99,1304.16,1308.81,104367,Gold,1321.0985714285712,1336.5873333333334,-0.0011828810403247125,0.004851978685681003
2016-09-01,1309.79,1315.01,1302.41,1312.94,100334,Gold,1317.51,1335.9813333333334,0.0031555382370245244,0.005356246223845119
2016-09-02,1313.77,1329.99,1303.19,1324.8,105971,Gold,1317.6385714285714,1336.0616666666667,0.00903316221609507,0.005662223266941943
2016-09-05,1324.73,1328.5,1321.68,1326.81,59067,Gold,1318.402857142857,1336.4299999999998,0.00151721014492745,0.0056111769903010944
2016-09-06,1326.2,1352.45,1324.73,1350.26,110084,Gold,1322.4614285714285,1337.432,0.01767396989772463,0.008539225843676808
2016-09-07,1348.18,1352.51,1342.62,1344.74,94447,Gold,1325.5314285714285,1337.608,-0.004088101550812406,0.008953182934894471
2016-09-08,1345.04,1349.28,1335.49,1337.65,107699,Gold,1329.43,1337.6856666666667,-0.005272394663652369,0.00806343257040105
2016-09-09,1338.24,1339.46,1326.83,1327.83,100365,Gold,1332.1471428571429,1336.9096666666667,-0.00734123275894305,0.008886813202432375
2016-09-12,1328.49,1330.14,1320.3,1327.38,121848,Gold,1334.2099999999998,1336.0646666666664,-0.00033889880481674517,0.008915534238673911
2016-09-13,1327.41,1331.88,1315.51,1317.84,128347,Gold,1333.2157142857143,1334.537,-0.007187090358450665,0.008767561998854255
2016-09-14,1318.84,1325.85,1313.29,1321.98,114114,Gold,1332.5257142857142,1333.331333333333,0.003141504279730478,0.00885765634339501
2016-09-15,1322.67,1327.95,1309.19,1314.41,121635,Gold,1327.4042857142856,1331.7796666666666,-0.005726259096204167,0.0038758093155309924
2016-09-16,1315.24,1317.98,1306.14,1309.66,92001,Gold,1322.392857142857,1330.8726666666666,-0.003613788696068987,0.0038746981429576507
2016-09-19,1309.83,1318.27,1309.32,1313.21,82810,Gold,1318.9014285714288,1330.1473333333336,0.0027106271856818243,0.004483278605630328
2016-09-20,1313.18,1317.8,1311.94,1314.86,70883,Gold,1317.0485714285714,1329.294333333333,0.0012564631703990692,0.004139500443757058
2016-09-21,1314.81,1335.92,1307.78,1335.92,128717,Gold,1318.2685714285715,1328.9583333333333,0.016016914348295774,0.007816870518697554
2016-09-22,1333.89,1343.55,1331.1,1337.72,93925,Gold,1321.1085714285714,1328.9336666666668,0.0013473860710222496,0.006955657544584268
2016-09-23,1337.43,1340.56,1333.73,1338.72,74257,Gold,1323.5,1329.0049999999999,0.0007475405914540989,0.006958313809470288
2016-09-26,1336.59,1342.02,1332.61,1337.86,115569,Gold,1326.8500000000001,1328.9603333333332,-0.000642404685072373,0.006270773390066721
2016-09-27,1338.21,1339.42,1324.63,1326.87,115460,Gold,1329.3085714285714,1328.3103333333333,-0.00821461139431634,0.007196762997511798
2016-09-28,1326.78,1327.45,1317.92,1321.47,80671,Gold,1330.4885714285715,1327.4113333333335,-0.004069728006511508,0.007516892646593676
2016-09-29,1321.69,1325.71,1315.94,1320.4,125920,Gold,1331.2800000000002,1326.3523333333333,-0.000809704344404305,0.007542013181335813
2016-09-30,1321.27,1327.97,1313.13,1315.89,146441,Gold,1328.4185714285716,1325.518,-0.0034156316267797138,0.003335750039958784
2016-10-03,1317.19,1319.52,1309.28,1311.73,106678,Gold,1324.7057142857143,1324.6213333333333,-0.003161358472212772,0.00296201453010151
2016-10-04,1311.76,1312.97,1266.92,1268.45,138909,Gold,1314.6671428571428,1322.3010000000002,-0.03299459492426027,0.011470622451250877
2016-10-05,1268.35,1277.05,1262.05,1266.69,116982,Gold,1304.5,1320.394,-0.0013875202018210908,0.011398359063605446
2016-10-06,1267.7,1269.32,1249.75,1254.39,111758,Gold,1294.1457142857143,1318.1583333333333,-0.009710347440968103,0.011423128260591166
2016-10-07,1255.2,1265.28,1241.3,1256.54,119165,Gold,1284.8700000000001,1315.9813333333332,0.001713980500482215,0.011946528908267673
2016-10-10,1257.4,1264.85,1256.55,1259.47,74373,Gold,1276.1657142857143,1313.8553333333332,0.0023318000222833923,0.012277058458602223
2016-10-11,1259.29,1262.15,1250.91,1252.59,98085,Gold,1267.1228571428571,1311.929666666667,-0.005462615227040057,0.012211088206849244
2016-10-12,1253.15,1258.82,1249.69,1255.24,99118,Gold,1259.0528571428572,1310.144,0.002115616442730728,0.012639545907739146
2016-10-13,1255.59,1262.23,1253.03,1257.68,109662,Gold,1257.5142857142857,1308.3020000000001,0.0019438513750358322,0.004698805482033151
2016-10-14,1258.03,1259.33,1246.03,1250.43,117249,Gold,1255.1914285714286,1305.823,-0.005764582405699437,0.00500777491160823
2016-10-17,1251.17,1257.11,1250.03,1254.92,104418,Gold,1255.267142857143,1303.4266666666667,0.003590764776916666,0.0039277258143241515
2016-10-18,1255.23,1264.61,1254.92,1262.52,100528,Gold,1256.1214285714286,1300.5020000000002,0.00605616294265765,0.004528179001634598
2016-10-19,1262.7,1273.23,1260.17,1269.58,95663,Gold,1257.5657142857142,1297.9966666666667,0.005591990621930609,0.004879544534268032
2016-10-20,1269.27,1274.52,1264.67,1265.66,94397,Gold,1259.432857142857,1295.5970000000002,-0.0030876352809589003,0.004402091056800767
2016-10-21,1265.7,1267.93,1261.03,1266.79,79280,Gold,1261.0828571428572,1293.5623333333335,0.0008928148159852434,0.004397493808881478
2016-10-24,1265.89,1271.81,1260.28,1264.16,83255,Gold,1262.0085714285713,1291.4550000000002,-0.002076113641566346,0.004561513190692708
2016-10-25,1264.49,1276.51,1262.01,1273.87,104708,Gold,1265.357142857143,1289.9893333333334,0.007680989748132916,0.004179235579164766
2016-10-26,1273.73,1276.37,1264.57,1266.48,50994,Gold,1267.0085714285713,1288.1393333333333,-0.005801219904699728,0.005212139506067653
2016-10-27,1266.51,1272.69,1264.99,1268.52,104870,Gold,1267.8657142857141,1286.6096666666667,0.0016107636914912682,0.004793227683726991
2016-10-28,1267.98,1284.07,1261.88,1275.71,120046,Gold,1268.7414285714287,1285.478,0.005668022577491882,0.00480626259136456
2016-10-31,1277.21,1279.41,1271.11,1276.87,101082,Gold,1270.3428571428572,1284.2666666666667,0.0009092975676288084,0.004509813561394478
2016-11-01,1276.63,1291.8,1275.59,1288.04,107918,Gold,1273.3785714285714,1283.3726666666666,0.008747953981219858,0.0053073143465739965
2016-11-02,1288.31,1307.96,1287.24,1296.69,124504,Gold,1278.0257142857142,1282.0649999999998,0.006715629949380464,0.005110511361604645
2016-11-03,1298.27,1306.7,1285.5,1301.84,119602,Gold,1282.0214285714285,1280.869,0.00397165089574214,0.004805782408367505
2016-11-04,1303.98,1307.09,1294.67,1304.27,103449,Gold,1287.4199999999998,1279.7206666666668,0.001866588828120186,0.0029494641646248855
2016-11-07,1292.27,1295.77,1278.09,1281.38,122663,Gold,1289.2571428571428,1277.838,-0.017550047152813386,0.008818546211738611
2016-11-08,1282.47,1290.57,1272.76,1275.54,122472,Gold,1289.2328571428573,1276.127,-0.004557586352214149,0.00885518294275161
2016-11-09,1273.1,1337.16,1267.91,1277.11,339333,Gold,1289.267142857143,1274.6483333333333,0.0012308512473149236,0.008861428438123658
2016-11-10,1278.44,1292.13,1252.18,1259.29,202991,Gold,1285.16,1272.6113333333333,-0.013953379113780251,0.009295652470373337
2016-11-11,1259.14,1265.31,1219.03,1227.24,173763,Gold,1275.2385714285715,1269.6563333333331,-0.025450849288090827,0.011317837454803694
2016-11-14,1228.97,1231.15,1211.44,1220.09,199718,Gold,1263.56,1266.6016666666667,-0.0058260812880936985,0.010170314210522068
2016-11-15,1221.37,1231.45,1218.77,1228.35,156186,Gold,1252.7142857142858,1265.2649999999999,0.006769992377611445,0.011176797377725657
2016-11-16,1228.05,1232.96,1221.39,1224.81,136210,Gold,1244.6328571428571,1263.869,-0.0028819147637073605,0.010549607625296772
2016-11-17,1225.33,1231.33,1210.95,1216.73,151950,Gold,1236.2314285714285,1262.6136666666669,-0.006596941566446968,0.010518965688739862
2016-11-18,1216.54,1217.63,1202.74,1208.51,139676,Gold,1226.4314285714286,1261.0126666666667,-0.006755812711119136,0.009935806780181211
2016-11-21,1207.44,1217.53,1205.47,1213.94,116054,Gold,1219.952857142857,1259.495,0.00449313617595215,0.010467956813240904
2016-11-22,1213.33,1220.95,1206.04,1211.85,116763,Gold,1217.7542857142857,1258.137,-0.0017216666392080304,0.005446774823811114
2016-11-23,1213.11,1214.87,1181.58,1186.87,130605,Gold,1213.0085714285713,1255.858,-0.0206131121838512,0.008989182194953878
2016-11-24,1188.36,1190.8,1180.23,1184.03,74544,Gold,1206.6771428571428,1253.4029999999998,-0.0023928484164229546,0.007759345482400559
2016-11-25,1184.9,1193.14,1170.11,1183.71,113243,Gold,1200.8057142857142,1251.1789999999999,-0.00027026342237945755,0.00795037373126763
2016-11-28,1185.72,1197.53,1182.91,1192.84,155438,Gold,1197.392857142857,1249.1096666666667,0.00771303782176358,0.00916876008060696
2016-11-29,1193.28,1194.94,1180.98,1188.15,144061,Gold,1194.4842857142855,1246.6306666666667,-0.003931793031755948,0.009026330326680225
2016-11-30,1188.19,1194.83,1170.63,1172.62,161280,Gold,1188.5814285714284,1243.3986666666667,-0.013070740226402533,0.00923319273274124
2016-12-01,1173.73,1176.6,1160.63,1171.29,156452,Gold,1182.7871428571427,1240.253,-0.0011342122767818985,0.009269475218148736
2016-12-02,1172.43,1178.04,1166.6,1176.87,125907,Gold,1181.3585714285714,1237.2556666666667,0.004763978177906303,0.006654312143130649
2016-12-05,1185.41,1187.93,1157.04,1170.03,189670,Gold,1179.3585714285714,1234.118,-0.005812026816895632,0.0068791035017923
2016-12-06,1169.85,1175.24,1166.68,1169.44,119117,Gold,1177.32,1230.637,-0.0005042605745151363,0.006871690426490669
2016-12-07,1169.38,1180.17,1165.51,1173.5,112045,Gold,1174.5571428571427,1227.5376666666668,0.0034717471610343775,0.006038771316905185
2016-12-08,1174.18,1178.57,1169.12,1170.35,125955,Gold,1172.0142857142857,1224.2653333333333,-0.0026842778014487534,0.0060014575948090275
2016-12-09,1170.07,1171.96,1156.16,1158.35,108360,Gold,1169.9757142857143,1220.3533333333332,-0.010253343017046168,0.005185043148825857
2016-12-12,1158.46,1165.72,1151.14,1161.83,120294,Gold,1168.6242857142856,1216.5186666666666,0.0030042733198083482,0.005491961115358998
2016-12-13,1163.08,1164.87,1154.51,1158.06,126017,Gold,1165.9371428571428,1212.1860000000001,-0.0032448809206165885,0.004852880169226713
2016-12-14,1158.47,1165.09,1139.04,1142.94,148724,Gold,1162.067142857143,1207.0610000000001,-0.013056318325475269,0.006289269591198654
2016-12-15,1142.16,1144.28,1122.62,1127.96,150441,Gold,1156.1414285714286,1201.2649999999999,-0.013106549775141363,0.007099201408072008
2016-12-16,1128.33,1141.16,1126.54,1134.65,79262,Gold,1150.5914285714284,1195.611,0.005931061385155534,0.007636059111861687
2016-12-19,1135.79,1142.24,1134.73,1138.47,91901,Gold,1146.037142857143,1190.8473333333336,0.0033666769488387427,0.008231198027529295
2016-12-20,1138.46,1139.73,1125.67,1131.73,91025,Gold,1142.2342857142855,1186.0536666666667,-0.005920226268588569,0.007827546917187515
2016-12-21,1132.56,1137.03,1129.25,1131.59,80712,Gold,1137.9142857142856,1181.2030000000002,-0.00012370441713138725,0.007490397782301427
2016-12-22,1131.34,1134.03,1127.37,1128.2,72957,Gold,1133.6485714285716,1176.8333333333333,-0.0029957846923354126,0.00749371234668779
2016-12-23,1128.3,1135.72,1126.77,1133.39,38802,Gold,1132.2842857142857,1173.7050000000002,0.004600248182946354,0.006754947369070246
2016-12-27,1134.39,1150.69,1131.58,1138.86,58082,Gold,1133.8414285714284,1170.9973333333332,0.004826229276771343,0.0045019880069031605
2016-12-28,1139.11,1144.41,1136.45,1141.55,67686,Gold,1134.827142857143,1168.104,0.0023620111339410776,0.004083805713058307
2016-12-29,1142.37,1159.4,1141.65,1157.83,77501,Gold,1137.5928571428572,1165.8713333333333,0.014261311374885066,0.0065335450786828805
2016-12-30,1157.87,1163.15,1146.41,1151.32,73464,Gold,1140.3914285714286,1163.6909999999998,-0.005622587081004937,0.006470812480597794
2017-01-03,1151.67,1164.35,1145.95,1159.09,133304,Gold,1144.32,1162.0436666666667,0.006748775318764499,0.006532317305090369
2017-01-04,1158.75,1167.83,1156.07,1162.64,130369,Gold,1149.24,1160.3336666666667,0.003062747500194307,0.005906675184470751
2017-01-05,1163.1,1184.94,1162.87,1180.3,155316,Gold,1155.9414285714286,1159.2820000000002,0.015189568568086287,0.007204010185055589
2017-01-06,1179.64,1182.92,1170.84,1172.59,125240,Gold,1160.76,1158.806,-0.006532237566720389,0.008610379919841466
2017-01-09,1172.87,1186.08,1172.38,1181.01,126697,Gold,1166.3971428571429,1158.7053333333336,0.00718068549109252,0.008630616434079233
2017-01-10,1181.87,1190.53,1180.11,1187.41,113957,Gold,1170.6228571428571,1158.8286666666668,0.005419090439539032,0.00761972907323803
2017-01-11,1187.53,1198.17,1177.11,1191.44,155211,Gold,1176.3542857142857,1158.782,0.003393941435561487,0.006469159682583346
2017-01-12,1192.25,1206.88,1191.87,1195.38,143183,Gold,1181.5385714285715,1159.023,0.003306922715369698,0.006438007219252772
2017-01-13,1194.36,1201.18,1187.86,1197.33,124284,Gold,1186.4942857142855,1159.8466666666668,0.0016312804296541028,0.006511051234679947
2017-01-16,1198.74,1208.48,1198.07,1202.5,77904,Gold,1189.6657142857143,1160.887,0.004317940751505489,0.004421712675020921
2017-01-17,1202.95,1218.77,1202.77,1216.56,141768,Gold,1195.9471428571428,1162.2099999999998,0.011692307692307669,0.003327625764881486
2017-01-18,1216.48,1217.41,1202.26,1203.59,115042,Gold,1199.1728571428573,1163.3286666666668,-0.010661208653909404,0.0067253379201189225
2017-01-19,1204.57,1206.41,1195.79,1204.73,155941,Gold,1201.6471428571429,1164.5049999999999,0.0009471663938718233,0.0066390136217036756
2017-01-20,1204.6,1214.87,1198.53,1209.94,146135,Gold,1204.2900000000002,1165.7196666666666,0.0043246204543756495,0.006678684718745763
2017-01-23,1210.98,1219.39,1209.19,1217.8,140358,Gold,1207.4928571428572,1167.3013333333333,0.0064961898937137,0.006870989441304734
2017-01-24,1219.0,1219.4,1206.52,1208.67,100602,Gold,1209.1128571428574,1168.9786666666666,-0.007497125964854523,0.007893061940703725
2017-01-25,1209.31,1209.73,1193.22,1199.6,108302,Gold,1208.6985714285713,1170.2376666666667,-0.007504116094550373,0.0084063194850809
2017-01-26,1200.67,1202.52,1184.31,1188.38,119209,Gold,1204.6728571428573,1171.2483333333332,-0.009353117705901748,0.007050455887068099
2017-01-27,1189.02,1191.59,1180.48,1191.49,124536,Gold,1202.9442857142858,1172.8666666666666,0.0026170080277352348,0.00651216552641734
2017-01-30,1192.87,1199.33,1188.2,1195.2,141904,Gold,1201.5828571428572,1175.108,0.003113748331920574,0.006692642696785686
2017-01-31,1195.28,1215.23,1193.65,1210.36,164411,Gold,1201.642857142857,1177.6316666666667,0.012684069611780258,0.008362470379458467
2017-02-01,1210.48,1213.14,1198.1,1209.7,165205,Gold,1200.4857142857143,1180.0059999999999,-0.0005452923097258866,0.007871033658720801
2017-02-02,1208.91,1225.21,1208.26,1215.74,174513,Gold,1201.4957142857143,1182.8063333333334,0.004992973464495343,0.007542077271403914
2017-02-03,1214.92,1221.31,1207.0,1219.95,142665,Gold,1204.402857142857,1185.7516666666666,0.003462911477783104,0.006595177413021951
2017-02-06,1222.26,1235.55,1219.11,1235.45,148425,Gold,1211.127142857143,1189.3266666666668,0.012705438747489639,0.005138857681551077
2017-02-07,1234.33,1235.71,1227.68,1233.49,139312,Gold,1217.1271428571429,1192.6633333333334,-0.0015864664697073927,0.005751331710005722
2017-02-08,1233.76,1244.64,1229.99,1241.68,143583,Gold,1223.767142857143,1196.0906666666667,0.0066396971195550325,0.005715409169657886
2017-02-09,1240.85,1244.44,1225.4,1227.53,131164,Gold,1226.22,1198.9566666666665,-0.011395850782810468,0.0075939735104295445
2017-02-10,1228.48,1237.04,1221.57,1233.68,135270,Gold,1229.6457142857143,1201.4850000000001,0.00501006085390987,0.007569122971477895
2017-02-13,1230.76,1232.22,1219.26,1225.2,108468,Gold,1230.9971428571428,1203.9476666666667,-0.006873743596394588,0.00829839889397262
2017-02-14,1225.23,1234.42,1221.84,1228.57,119784,Gold,1232.2285714285715,1206.2636666666665,0.002750571335292218,0.008269446010304295
2017-02-15,1228.39,1233.16,1216.64,1232.81,98959,Gold,1231.8514285714286,1208.6026666666667,0.003451166803682293,0.006679808936392774
2017-02-16,1233.43,1242.3,1231.99,1239.01,113850,Gold,1232.6399999999999,1210.5596666666665,0.005029161022379824,0.006928579640526666
2017-02-17,1238.66,1243.71,1234.24,1234.83,99356,Gold,1231.6614285714288,1212.6343333333332,-0.0033736612295300894,0.006508910107174135
2017-02-20,1235.66,1238.89,1232.7,1237.42,53883,Gold,1233.0742857142857,1214.5146666666665,0.002097454710365154,0.004537740988655632
2017-02-21,1237.07,1238.75,1226.04,1235.75,86656,Gold,1233.3700000000001,1216.126,-0.0013495821952126397,0.004265971011508719
2017-02-22,1235.82,1240.54,1231.14,1237.45,105695,Gold,1235.1200000000001,1217.6596666666667,0.0013756827837345664,0.0028876907337041487
2017-02-23,1236.83,1251.03,1235.69,1249.19,100487,Gold,1238.0657142857142,1219.4533333333336,0.009487252010182301,0.004218627294390072
2017-02-24,1249.35,1260.05,1247.68,1256.98,81651,Gold,1241.5185714285715,1221.4416666666666,0.0062360409545385576,0.0044599867015737375
2017-02-27,1256.22,1263.79,1250.91,1252.7,89506,Gold,1243.4742857142858,1223.115,-0.0034049865550764835,0.004873126125119308
2017-02-28,1252.56,1258.32,1247.58,1248.0,82704,Gold,1245.3557142857142,1224.163,-0.0037518959048455924,0.0049388755906558165
2017-03-01,1248.5,1250.57,1236.86,1249.23,134415,Gold,1247.042857142857,1225.6843333333334,0.0009855769230768807,0.004935354925959226
2017-03-02,1248.49,1248.92,1230.93,1234.17,86241,Gold,1246.817142857143,1226.6656666666668,-0.012055426142503767,0.007101435157665684
2017-03-03,1234.2,1236.21,1222.84,1234.42,96754,Gold,1246.3842857142859,1227.4816666666668,0.00020256528679185593,0.007072908636656624
2017-03-06,1233.17,1236.76,1224.81,1225.18,78325,Gold,1242.9542857142858,1227.7276666666667,-0.007485296738549252,0.005970313002314349
2017-03-07,1225.58,1227.12,1214.12,1215.72,71979,Gold,1237.06,1227.9626666666666,-0.00772131441910584,0.004653131104873548
2017-03-08,1215.85,1218.49,1206.59,1207.75,74632,Gold,1230.6385714285714,1228.2343333333333,-0.0065557858717467665,0.00465404234762478
2017-03-09,1208.26,1208.92,1199.17,1200.24,95199,Gold,1223.8157142857142,1228.6296666666667,-0.006218174291036993,0.004619602861909114
2017-03-10,1200.8,1206.25,1194.91,1204.43,100924,Gold,1217.4157142857143,1229.0610000000001,0.0034909684729720336,0.0052626273722322725
2017-03-13,1206.11,1211.11,1202.39,1203.7,66023,Gold,1213.0628571428572,1229.3443333333335,-0.000606095829562503,0.004497473668760446
2017-03-14,1202.07,1207.53,1197.23,1198.47,74402,Gold,1207.9271428571428,1228.948,-0.004344936445958347,0.004181377332198593
2017-03-15,1199.11,1221.97,1197.47,1218.59,86424,Gold,1206.9857142857143,1229.2443333333333,0.016788071457775278,0.008667183001416154
2017-03-16,1218.88,1233.67,1218.54,1226.01,80643,Gold,1208.4557142857143,1229.5866666666666,0.006089004505206885,0.008379740059837973
2017-03-17,1226.43,1231.6,1224.42,1229.25,64890,Gold,1211.527142857143,1229.8966666666668,0.0026427190642817067,0.007643332714531422
2017-03-20,1230.53,1235.45,1229.29,1234.12,56183,Gold,1216.3671428571429,1229.8523333333333,0.003961765304047127,0.006593627163426922
2017-03-21,1234.42,1247.53,1226.82,1244.85,81053,Gold,1222.1414285714286,1230.231,0.008694454348037395,0.006815843143602913
2017-03-22,1245.36,1251.23,1243.89,1248.78,90917,Gold,1228.5814285714284,1230.4676666666667,0.0031570068682973407,0.0064625598340646824
2017-03-23,1247.43,1253.22,1242.71,1245.37,85149,Gold,1235.2814285714285,1231.0623333333335,-0.0027306651291660877,0.006079120153483004
2017-03-24,1244.78,1251.77,1240.92,1245.57,74402,Gold,1239.1357142857144,1231.4586666666667,0.00016059484329966622,0.0037374908440259993
2017-03-27,1248.09,1260.97,1248.04,1254.09,81982,Gold,1243.1471428571426,1232.4216666666666,0.006840241816999493,0.0038455312871509715
2017-03-28,1253.61,1258.33,1247.61,1251.47,79818,Gold,1246.3214285714287,1233.1850000000002,-0.0020891642545589617,0.0043519265268910845
2017-03-29,1250.94,1254.57,1247.25,1253.07,77876,Gold,1249.0285714285712,1233.8603333333333,0.0012784964881298322,0.004327070637605684
2017-03-30,1252.74,1253.74,1242.32,1243.43,68366,Gold,1248.8257142857142,1234.0076666666669,-0.007693105732321293,0.0046413967010955764
2017-03-31,1243.57,1250.5,1239.61,1248.96,70404,Gold,1248.8514285714284,1234.4786666666666,0.004447375405129295,0.004817102981071761
2017-04-03,1247.94,1253.62,1244.41,1252.8,64214,Gold,1249.912857142857,1234.9913333333336,0.003074558032282848,0.0047619029104980755
2017-04-04,1254.15,1261.22,1253.95,1255.98,65265,Gold,1251.3999999999999,1235.6656666666668,0.002538314176245171,0.004788439527383145
2017-04-05,1255.73,1257.24,1243.65,1255.21,85874,Gold,1251.56,1236.2576666666666,-0.0006130670870555521,0.004105013932171038
2017-04-06,1255.76,1258.82,1249.72,1251.77,74106,Gold,1251.6028571428574,1236.3436666666666,-0.0027405772739222956,0.0041706905503401635
2017-04-07,1251.71,1270.83,1250.52,1254.3,127140,Gold,1251.7785714285715,1236.2543333333333,0.00202113806849491,0.004216587472772739
2017-04-10,1254.6,1257.01,1247.08,1254.63,74464,Gold,1253.3785714285714,1236.3186666666666,0.00026309495336063193,0.0024552002748284315
2017-04-11,1255.08,1275.06,1253.0,1273.93,90396,Gold,1256.9457142857143,1237.183,0.015383021289145038,0.005885725609628567
2017-04-12,1273.74,1286.62,1271.82,1286.55,92969,Gold,1261.767142857143,1238.427,0.00990635278233487,0.006467489957203438
2017-04-13,1285.1,1288.54,1281.78,1287.44,81149,Gold,1266.2614285714285,1240.2026666666668,0.0006917725700517074,0.0065655183433597965
2017-04-17,1291.28,1295.45,1281.31,1284.84,66665,Gold,1270.4942857142855,1241.8833333333334,-0.0020195115888896886,0.006733829303461263
2017-04-18,1284.47,1292.24,1278.9,1289.8,83455,Gold,1275.9271428571428,1244.0373333333332,0.0038604028517170708,0.006176610969582613
2017-04-19,1289.49,1290.61,1273.98,1279.14,78687,Gold,1279.4757142857143,1246.1513333333335,-0.008264847263141473,0.007815468034749177
2017-04-20,1279.44,1283.36,1276.58,1281.43,80568,Gold,1283.304285714286,1248.6073333333334,0.0017902653345216457,0.007752887890206863
2017-04-21,1281.47,1288.18,1278.42,1284.29,85988,Gold,1284.7842857142857,1251.4089999999999,0.0022318815698085803,0.0055451551199427835
2017-04-24,1268.39,1277.34,1265.4,1275.39,90180,Gold,1283.19,1253.7743333333333,-0.006929899010348017,0.004713688629432908
2017-04-25,1275.49,1278.05,1261.56,1263.32,76278,Gold,1279.7442857142855,1255.7616666666665,-0.009463771865860782,0.005516558537213103
2017-04-26,1263.39,1270.54,1260.0,1269.2,83165,Gold,1277.51,1258.1193333333333,0.004654402684988845,0.006186764931710311
2017-04-27,1268.83,1269.49,1261.12,1264.23,74163,Gold,1273.857142857143,1259.6406666666667,-0.003915852505515294,0.005693818578787107
2017-04-28,1263.98,1268.46,1262.95,1267.99,61003,Gold,1272.2642857142857,1261.04,0.002974142363335819,0.005490976621833159
2017-05-01,1268.56,1271.15,1254.15,1256.87,53720,Gold,1268.7557142857145,1261.9606666666666,-0.008769785250672402,0.005951936736509107
2017-05-02,1255.78,1257.7,1251.92,1256.75,59440,Gold,1264.8214285714287,1262.715,-9.547526792741401e-05,0.005686644539440409
2017-05-03,1256.23,1256.87,1235.81,1238.55,70561,Gold,1259.5585714285714,1262.505,-0.014481798289238124,0.007083892749975923
2017-05-04,1237.87,1241.22,1225.68,1227.46,76896,Gold,1254.435714285714,1261.7943333333335,-0.00895401881232083,0.007022600825366904
2017-05-05,1228.61,1235.51,1226.01,1227.56,83379,Gold,1248.4871428571428,1261.2006666666666,8.14690499078008e-05,0.006243731430403767
2017-05-08,1224.98,1236.5,1224.98,1226.21,68262,Gold,1243.0557142857142,1260.5553333333332,-0.0010997425787740989,0.006394390667037316
2017-05-09,1226.4,1228.54,1214.23,1221.26,68323,Gold,1236.3799999999999,1259.461,-0.004036828928160818,0.005552362228701802
2017-05-10,1220.91,1225.58,1217.51,1218.99,63870,Gold,1230.9685714285715,1258.3783333333333,-0.0018587360594795044,0.005453712290618004
2017-05-11,1219.1,1227.65,1216.92,1224.83,63868,Gold,1226.4085714285716,1257.4370000000001,0.004790851442587618,0.006331065853549375
2017-05-12,1225.34,1231.69,1224.36,1228.48,60293,Gold,1224.9699999999998,1256.9386666666667,0.00298000538850296,0.004538872552896807
2017-05-15,1229.93,1237.27,1226.9,1230.08,59349,Gold,1225.3442857142857,1256.3093333333334,0.0013024225058608785,0.0029952680260484817
2017-05-16,1231.09,1239.05,1230.23,1236.95,60443,Gold,1226.685714285714,1255.781,0.005585002601457001,0.003589169586298939
2017-05-17,1236.57,1261.12,1236.39,1260.41,101591,Gold,1231.5714285714287,1255.9286666666667,0.01896600509317281,0.00746481966041454
2017-05-18,1259.85,1265.0,1245.96,1246.56,122842,Gold,1235.185714285714,1255.6403333333335,-0.01098848787299378,0.009008911181461188
2017-05-19,1246.43,1256.33,1246.43,1255.33,75658,Gold,1240.3771428571429,1255.7589999999998,0.007035361314337019,0.008840300898744867
2017-05-22,1255.04,1262.48,1251.74,1260.09,60685,Gold,1245.4142857142856,1255.9520000000002,0.0037918316299299093,0.008837965802227149
2017-05-23,1260.32,1263.72,1249.92,1251.33,79338,Gold,1248.6785714285713,1255.8419999999999,-0.006951884389210239,0.009792656818729602
2017-05-24,1251.49,1258.87,1247.85,1258.33,74541,Gold,1252.7142857142858,1255.322,0.005594047932999224,0.009826526913898273
2017-05-25,1258.01,1259.58,1253.77,1255.69,72024,Gold,1255.3914285714286,1254.2933333333335,-0.0020980188026986646,0.009955726386718985
2017-05-26,1255.56,1269.39,1253.12,1266.94,71672,Gold,1256.3242857142857,1253.6100000000001,0.008959217641296924,0.007581069428177759
2017-05-29,1267.29,1269.1,1264.94,1266.5,28242,Gold,1259.172857142857,1252.9986666666666,-0.00034729347877571204,0.005653778822513004
2017-05-30,1266.75,1270.41,1259.31,1263.1,58105,Gold,1260.282857142857,1252.1086666666667,-0.0026845637583893245,0.005483195794098546
2017-05-31,1262.52,1274.08,1259.51,1268.7,61766,Gold,1261.5128571428572,1251.7606666666666,0.0044335365370913316,0.005544722754084957
2017-06-01,1268.67,1270.24,1261.45,1265.62,60651,Gold,1263.5542857142857,1251.2336666666667,-0.0024276818790889276,0.004657948901419813
2017-06-02,1265.68,1279.4,1258.93,1278.56,70249,Gold,1266.4442857142856,1251.0426666666667,0.01022423792291538,0.0055563485204996365
2017-06-05,1279.53,1283.34,1277.7,1279.43,49310,Gold,1269.8357142857144,1251.1773333333333,0.0006804530096360395,0.00528279875052362
2017-06-06,1280.07,1296.01,1279.58,1293.92,66589,Gold,1273.69,1252.1973333333333,0.011325355822514815,0.00580099000172852
2017-06-07,1294.18,1294.37,1282.63,1286.83,69730,Gold,1276.5942857142857,1252.7849999999999,-0.0054794732286386205,0.006571940954166048
2017-06-08,1286.59,1288.85,1271.29,1278.69,76531,Gold,1278.8214285714287,1253.267,-0.006325621877015464,0.007150463320977874
2017-06-09,1279.93,1280.67,1264.57,1266.6,77130,Gold,1278.5214285714285,1253.2206666666668,-0.009454989090397325,0.008147461314726165
2017-06-12,1266.5,1270.26,1263.51,1265.66,71986,Gold,1278.527142857143,1253.5136666666667,-0.0007421443233852631,0.008095678305430357
2017-06-13,1265.67,1268.87,1259.11,1266.26,58156,Gold,1276.77,1253.8306666666665,0.000474060964239964,0.00678212766482407
2017-06-14,1266.44,1280.85,1257.16,1261.83,93812,Gold,1274.2557142857142,1254.6066666666666,-0.0034984916209941375,0.006756424334574078
2017-06-15,1260.02,1266.64,1251.36,1253.91,76330,Gold,1268.5399999999997,1255.4883333333335,-0.006276598273935341,0.003460749737900171
2017-06-16,1254.32,1257.07,1251.76,1253.38,56148,Gold,1263.7614285714285,1256.349,-0.0004226778636424733,0.0037324844605482388
2017-06-19,1253.34,1255.58,1242.97,1243.25,57679,Gold,1258.6985714285713,1256.9170000000001,-0.008082145877547187,0.003985040961978242
2017-06-20,1243.86,1248.04,1241.25,1242.82,59374,Gold,1255.3014285714287,1257.6356666666666,-0.00034586768550171065,0.0033424823578126353
2017-06-21,1243.7,1247.76,1240.78,1246.08,62840,Gold,1252.5042857142855,1258.5386666666668,0.0026230668962521353,0.0038710736347382915
2017-06-22,1246.32,1254.68,1246.08,1250.4,69114,Gold,1250.2385714285715,1259.3909999999998,0.0034668721109401,0.004353246955757122
2017-06-23,1250.99,1258.8,1249.76,1256.61,51300,Gold,1249.492857142857,1260.3286666666665,0.0049664107485603015,0.004936470726073907
2017-06-26,1257.36,1258.03,1236.01,1244.3,65575,Gold,1248.1200000000001,1260.8026666666667,-0.009796197706527843,0.005728857828737284
2017-06-27,1244.29,1253.06,1241.26,1246.8,65405,Gold,1247.18,1261.131,0.00200916177770627,0.005848163593122273
2017-06-28,1247.07,1254.76,1247.02,1248.85,78582,Gold,1247.9799999999998,1260.7456666666667,0.0016442091754891308,0.00488892780133892
2017-06-29,1249.29,1253.11,1239.75,1245.1,84537,Gold,1248.3057142857142,1260.697,-0.0030027625415381953,0.005078805189664927
2017-06-30,1245.86,1248.15,1239.17,1241.43,82053,Gold,1247.6414285714286,1260.2336666666667,-0.0029475544132999687,0.005085620751873253
2017-07-03,1242.12,1242.63,1218.41,1219.46,73040,Gold,1243.2214285714285,1258.8793333333333,-0.017697332914461517,0.007855334371065448
2017-07-04,1221.5,1226.46,1220.53,1223.38,44915,Gold,1238.4742857142858,1257.9476666666667,0.0032145375822085764,0.007561326261626822
2017-07-05,1224.02,1228.76,1217.38,1226.83,69538,Gold,1235.9785714285715,1256.8976666666667,0.002820055910673469,0.007394676017022912
2017-07-06,1226.91,1229.09,1222.45,1224.6,70057,Gold,1232.8071428571427,1255.8613333333333,-0.0018176927528671394,0.007187943853813207
2017-07-07,1224.79,1228.33,1207.26,1212.2,71105,Gold,1227.5714285714287,1254.0366666666666,-0.010125755348685206,0.0074187039637378435
2017-07-10,1213.48,1215.5,1204.81,1214.25,58142,Gold,1223.1642857142856,1252.2949999999998,0.0016911400758949924,0.007751962371946412
2017-07-11,1214.4,1217.35,1208.13,1217.21,58263,Gold,1219.7042857142858,1250.7653333333333,0.0024377187564339486,0.008082117347272964
2017-07-12,1216.7,1225.67,1213.39,1220.14,67786,Gold,1219.8014285714287,1249.1466666666668,0.0024071442068336335,0.004807311763989307
2017-07-13,1218.45,1224.36,1216.47,1217.5,57211,Gold,1218.9614285714285,1247.5426666666667,-0.0021636861343781177,0.004651904239290952
2017-07-14,1217.39,1232.77,1214.73,1228.81,63232,Gold,1219.2442857142855,1245.8843333333332,0.00928952772073921,0.005929962353269919
2017-07-17,1229.55,1235.95,1228.19,1233.61,51972,Gold,1220.5314285714285,1244.357,0.003906218211114698,0.005992363651868419
2017-07-18,1233.94,1244.51,1232.75,1242.03,68233,Gold,1224.792857142857,1242.6273333333334,0.006825495902270662,0.003706144425242861
2017-07-19,1242.79,1243.95,1235.84,1241.13,56584,Gold,1228.6328571428571,1241.104,-0.0007246201782564743,0.004001693666046821
2017-07-20,1241.05,1247.5,1235.23,1244.62,71861,Gold,1232.5485714285714,1239.9683333333332,0.00281195362290787,0.003993243390744336
2017-07-21,1244.22,1255.63,1243.33,1254.7,68625,Gold,1237.4857142857143,1239.5716666666667,0.008098857482605304,0.004368375015944031
2017-07-24,1255.3,1258.74,1251.86,1255.31,62675,Gold,1242.887142857143,1239.2266666666665,0.00048617199330514005,0.003825701126006872
2017-07-25,1254.62,1257.68,1249.05,1249.71,70347,Gold,1245.8728571428571,1238.675,-0.004461049461885858,0.004377926752064636
2017-07-26,1249.71,1263.46,1243.69,1260.84,91151,Gold,1249.7628571428572,1238.642,0.00890606620736012,0.005021323360693912
2017-07-27,1260.1,1265.17,1254.44,1258.42,102405,Gold,1252.1042857142857,1238.7923333333333,-0.0019193553504012195,0.005037839118222314
2017-07-28,1259.16,1270.76,1257.29,1268.91,87407,Gold,1256.0728571428572,1239.31,0.00833584971631085,0.005405969053625088
2017-07-31,1270.54,1271.04,1265.7,1269.37,61900,Gold,1259.6085714285714,1240.1806666666666,0.0003625158600686351,0.005511980994546805
2017-08-01,1269.47,1274.04,1262.57,1268.92,75688,Gold,1261.6399999999999,1241.0506666666665,-0.00035450656624924637,0.005073806433647838
2017-08-02,1268.61,1272.75,1262.79,1266.18,67133,Gold,1263.1928571428573,1241.7206666666666,-0.0021593165841817807,0.005267364901127919
2017-08-03,1266.13,1270.75,1256.77,1268.85,72462,Gold,1265.9271428571428,1242.3356666666668,0.0021087049234704835,0.004627829463854577
2017-08-04,1268.41,1270.1,1254.12,1258.73,69616,Gold,1265.6257142857144,1242.4063333333334,-0.007975726051148602,0.00492920455932841
2017-08-07,1257.14,1259.82,1255.69,1257.67,56695,Gold,1265.5185714285715,1242.8519999999999,-0.0008421186433944516,0.004884240352736772
2017-08-08,1257.07,1265.12,1251.44,1260.74,70843,Gold,1264.3514285714286,1243.3166666666666,0.002441021889684869,0.003506169138032047
2017-08-09,1260.91,1278.64,1260.71,1277.39,92912,Gold,1265.4971428571428,1244.268,0.013206529498548614,0.0064295005233095896
2017-08-10,1277.32,1287.76,1274.57,1286.25,86767,Gold,1267.9728571428573,1245.6396666666667,0.0069360179741504435,0.006770499275255855
2017-08-11,1286.13,1291.93,1281.23,1290.41,84718,Gold,1271.4342857142858,1247.2723333333333,0.0032342079689018366,0.006526160187387461
2017-08-14,1289.31,1289.43,1278.54,1281.3,71735,Gold,1273.212857142857,1249.3336666666667,-0.007059771700467343,0.007516492367213988
2017-08-15,1280.97,1281.87,1267.23,1271.52,69919,Gold,1275.0400000000002,1250.9383333333333,-0.007632872863498008,0.00744584868357608
2017-08-16,1271.35,1283.75,1267.7,1283.08,73030,Gold,1278.67,1252.8133333333333,0.009091481062035944,0.007866683489756127
2017-08-17,1283.65,1290.08,1281.74,1287.74,93880,Gold,1282.527142857143,1254.9180000000001,0.003631885774854293,0.007868280505738201
2017-08-18,1288.59,1300.74,1283.4,1284.62,102322,Gold,1283.56,1257.3319999999999,-0.0024228493329400136,0.006628422420167568
2017-08-21,1282.99,1293.68,1280.51,1291.59,69750,Gold,1284.3228571428572,1259.9099999999999,0.005425729009356894,0.006417600192306223
2017-08-22,1290.75,1292.49,1281.9,1284.96,64645,Gold,1283.5442857142857,1262.1683333333335,-0.00513320790653371,0.006623246149990505
2017-08-23,1284.55,1291.42,1282.72,1290.44,63937,Gold,1284.8500000000001,1264.5116666666665,0.004264724193749236,0.006144045836195959
2017-08-24,1290.36,1291.1,1284.4,1286.15,69416,Gold,1286.94,1266.8,-0.0033244474752797126,0.005287430423352323
2017-08-25,1286.06,1294.52,1276.37,1291.47,81092,Gold,1288.1385714285714,1268.8886666666667,0.004136376005908993,0.004378293922480216
2017-08-28,1292.48,1312.03,1291.78,1309.61,68345,Gold,1291.2628571428572,1271.422,0.014046009585975572,0.006633876249819764
2017-08-29,1314.13,1325.94,1304.97,1309.48,117617,Gold,1294.814285714286,1273.6703333333332,-9.926619375222323e-05,0.006404911686297081
2017-08-30,1310.24,1313.68,1305.11,1308.15,81126,Gold,1297.18,1275.9043333333332,-0.0010156703424260005,0.006420696335591938
2017-08-31,1308.4,1323.53,1298.78,1321.41,87433,Gold,1302.387142857143,1278.4640000000002,0.010136452241715332,0.006248633524553517
2017-09-01,1321.85,1328.76,1316.35,1324.59,86568,Gold,1307.2657142857145,1280.7936666666667,0.002406520307852933,0.006275944762584003
2017-09-04,1335.18,1339.72,1331.73,1333.96,57399,Gold,1314.0957142857144,1283.4153333333334,0.007073887014094948,0.005504119007905542
2017-09-05,1333.49,1344.25,1326.22,1339.95,103529,Gold,1321.0214285714285,1286.4233333333334,0.00449038951692704,0.0054938988405341185
2017-09-06,1339.61,1342.39,1331.55,1334.01,87303,Gold,1324.5071428571428,1288.8623333333333,-0.004433001231389233,0.005003807835655087
2017-09-07,1334.05,1349.78,1332.48,1349.31,100329,Gold,1330.197142857143,1291.892,0.01146917939145875,0.005792219238334512
2017-09-08,1348.58,1357.42,1342.71,1346.48,101482,Gold,1335.6728571428573,1294.4776666666667,-0.002097368284530554,0.0059695088790145245
2017-09-11,1338.93,1339.96,1326.34,1327.25,82571,Gold,1336.5071428571428,1296.407,-0.014281682609470603,0.008490132845592507
2017-09-12,1327.45,1331.8,1322.52,1331.26,123378,Gold,1337.4599999999998,1298.4850000000001,0.003021284611037789,0.008514341662386689
2017-09-13,1333.21,1334.59,1320.77,1323.0,89613,Gold,1335.8942857142858,1300.3790000000001,-0.0062046482279944914,0.008347888253157356
2017-09-14,1323.07,1330.55,1315.6,1329.56,82706,Gold,1334.4099999999999,1302.4026666666666,0.004958427815570543,0.008402272899827864
2017-09-15,1330.58,1334.24,1319.49,1320.29,84096,Gold,1332.45,1304.4546666666668,-0.0069722314149042175,0.008623013292727378
2017-09-18,1318.33,1319.59,1304.56,1307.19,68185,Gold,1326.4328571428573,1306.1053333333334,-0.009922062577160995,0.006902922674413458
2017-09-19,1307.67,1311.6,1305.06,1310.9,69007,Gold,1321.3500000000001,1307.7773333333332,0.0028381490066478055,0.007421764294667236
2017-09-20,1310.63,1315.94,1295.91,1300.08,83129,Gold,1317.4685714285715,1308.5336666666665,-0.00825387138607081,0.006261150551730551
2017-09-21,1301.41,1301.61,1288.08,1291.22,82306,Gold,1311.7485714285715,1308.6993333333332,-0.0068149652329086985,0.005787852104870822
2017-09-22,1291.63,1298.61,1291.2,1296.89,69251,Gold,1308.0185714285715,1308.9153333333334,0.004391195923235447,0.006553456868136314
2017-09-25,1295.97,1311.88,1289.64,1310.28,89656,Gold,1305.2642857142857,1309.8813333333335,0.01032469985889306,0.007809250376564533
2017-09-26,1309.55,1313.56,1292.06,1293.8,80084,Gold,1301.48,1310.624,-0.012577464358763057,0.00864024006329143
2017-09-27,1293.26,1296.14,1281.4,1282.16,78717,Gold,1297.9042857142856,1310.5933333333335,-0.00899675374864728,0.008520423435193275
2017-09-28,1283.22,1288.71,1277.65,1286.98,74134,Gold,1294.4871428571428,1310.568,0.0037592812129529918,0.008627141706414026
2017-09-29,1286.63,1290.25,1275.92,1279.37,70719,Gold,1291.5285714285715,1310.393,-0.005913067802141514,0.008413989852457227
2017-10-02,1278.95,1279.12,1269.52,1270.95,64641,Gold,1288.6328571428571,1309.7050000000002,-0.006581364265224154,0.00839335559419604
2017-10-03,1270.67,1274.68,1268.22,1271.54,54806,Gold,1285.0114285714285,1309.2576666666669,0.0004642196781934338,0.007999214707680394
2017-10-04,1271.44,1282.12,1270.44,1274.64,58284,Gold,1279.9199999999998,1308.731,0.0024379885807761514,0.00619673171426449
2017-10-05,1274.97,1278.92,1266.09,1267.57,53927,Gold,1276.1728571428573,1308.1116666666667,-0.005546664156154013,0.005016033414230837
2017-10-06,1268.72,1276.24,1260.54,1276.17,72066,Gold,1275.317142857143,1307.6016666666665,0.006784635168077591,0.0053595820038816735
2017-10-09,1275.91,1285.36,1275.16,1283.94,59990,Gold,1274.8828571428571,1306.7459999999999,0.00608853052493008,0.0057383449916458065
2017-10-10,1283.73,1294.13,1282.02,1287.92,71848,Gold,1276.1042857142857,1306.0273333333332,0.003099833325544754,0.0052669738799816365
2017-10-11,1287.85,1293.42,1284.49,1291.32,70878,Gold,1279.0142857142857,1305.4663333333333,0.0026399155227032622,0.004086094075900641
2017-10-12,1291.53,1297.39,1289.52,1293.27,105456,Gold,1282.1185714285714,1304.5283333333332,0.0015100827060683386,0.004027280188428022
2017-10-13,1293.66,1303.64,1290.82,1303.3,153698,Gold,1286.212857142857,1303.8186666666666,0.007755534420500032,0.004502390677837926
2017-10-16,1303.33,1305.91,1290.31,1294.57,144860,Gold,1290.07,1302.5056666666667,-0.00669838103276299,0.004880079083800918
2017-10-17,1295.88,1296.11,1281.22,1285.14,157036,Gold,1291.3514285714286,1300.6786666666667,-0.007284271997651581,0.00587057153204723
2017-10-18,1284.93,1288.78,1276.85,1280.81,132546,Gold,1290.9042857142856,1298.9053333333334,-0.00336928272406134,0.0055901870944539385
2017-10-19,1281.37,1290.18,1276.45,1289.36,188691,Gold,1291.1100000000001,1296.907,0.006675463183454244,0.006096786329638684
2017-10-20,1289.44,1290.9,1277.83,1280.11,176638,Gold,1289.5085714285713,1294.6946666666668,-0.007174101880002448,0.006547396669498712
2017-10-23,1277.23,1283.13,1272.39,1281.93,151233,Gold,1287.8885714285714,1293.1840000000002,0.0014217528181172945,0.006541326013228857
2017-10-24,1281.54,1283.51,1273.6,1276.47,158740,Gold,1284.0557142857142,1291.3576666666668,-0.004259202920596339,0.005233397219547437
2017-10-25,1276.32,1279.95,1270.88,1277.36,187228,Gold,1281.597142857143,1289.8363333333332,0.0006972353443479573,0.0050965576540250215
2017-10-26,1277.97,1282.38,1265.6,1266.9,182397,Gold,1278.9914285714287,1287.7476666666666,-0.008188764326423126,0.005264545895610257
2017-10-27,1267.59,1273.66,1263.62,1273.43,181508,Gold,1277.9371428571428,1286.1856666666667,0.005154313679059053,0.005855234562755107
2017-10-30,1273.28,1278.67,1268.8,1276.01,143456,Gold,1276.03,1285.1463333333334,0.0020260242023510955,0.0050764313654064735
2017-10-31,1275.99,1278.01,1267.53,1271.0,140083,Gold,1274.7285714285715,1283.8163333333332,-0.003926301518013209,0.00459421861887191
2017-11-01,1270.32,1280.71,1267.85,1274.52,175043,Gold,1273.67,1282.9643333333333,0.0027694728560188064,0.004739101293068359
2017-11-02,1275.35,1283.96,1273.28,1276.15,179550,Gold,1273.6242857142856,1282.462,0.001278912845620317,0.0045264050248121435
2017-11-03,1277.25,1280.05,1265.37,1270.03,141849,Gold,1272.577142857143,1281.5666666666666,-0.004795674489676105,0.004844848335894525
2017-11-06,1269.42,1282.79,1265.98,1281.49,153270,Gold,1274.6614285714288,1280.6070000000002,0.009023408895852958,0.004844610312043778
2017-11-07,1281.09,1281.3,1271.71,1275.23,158484,Gold,1274.9185714285716,1279.988,-0.004884938626130486,0.005111941913524477
2017-11-08,1276.68,1287.07,1275.84,1281.16,156715,Gold,1275.6542857142856,1279.9546666666668,0.004650141543094177,0.005357381633675943
2017-11-09,1281.48,1288.31,1279.82,1284.63,209480,Gold,1277.6014285714286,1279.8763333333334,0.0027084829373380526,0.005000666436419795
2017-11-10,1285.26,1286.93,1273.32,1275.6,170897,Gold,1277.7557142857142,1279.7506666666666,-0.007029261343733384,0.005890099559842642
2017-11-13,1274.95,1279.62,1274.19,1277.94,136369,Gold,1278.0114285714285,1279.9836666666667,0.0018344308560678257,0.005911769562029646
2017-11-14,1277.89,1283.45,1269.8,1280.32,165572,Gold,1279.4814285714288,1280.2763333333335,0.0018623722553483546,0.005491892059277578
2017-11-15,1279.84,1289.39,1276.57,1278.34,203828,Gold,1279.0314285714287,1280.3996666666667,-0.0015464883779054972,0.004294018347779619
2017-11-16,1278.37,1281.67,1274.99,1278.3,159599,Gold,1279.47,1280.7573333333335,-3.129057997086626e-05,0.003802192616176072
2017-11-17,1278.52,1296.77,1278.16,1294.11,182172,Gold,1281.32,1281.3553333333334,0.012367988735038749,0.005833453736101795
2017-11-20,1293.14,1294.62,1274.46,1276.65,180803,Gold,1280.18,1281.1123333333335,-0.01349189790666927,0.008046050600224754
2017-11-21,1277.74,1284.6,1276.18,1280.37,164875,Gold,1280.8614285714284,1280.8606666666667,0.0029138761602629515,0.0076434330609697785
2017-11-22,1280.68,1294.52,1278.93,1291.94,164347,Gold,1282.8614285714286,1280.8813333333335,0.009036450401056051,0.008300313597734383
2017-11-23,1291.58,1293.44,1286.82,1290.93,80544,Gold,1284.3771428571429,1280.8033333333333,-0.0007817700512408043,0.008345749532312263
2017-11-24,1290.91,1293.13,1285.49,1288.27,118970,Gold,1285.7957142857142,1280.3023333333335,-0.002060530005499994,0.00837624758407855
2017-11-27,1288.1,1299.08,1286.62,1294.26,151753,Gold,1288.0757142857144,1280.292,0.004649646425050724,0.008454003118956818
2017-11-28,1294.55,1297.28,1290.53,1293.75,149232,Gold,1288.0242857142857,1280.579,-0.000394047563858857,0.007057011907551941
2017-11-29,1293.42,1296.54,1281.9,1283.24,181904,Gold,1288.9657142857143,1280.66,-0.008123671497584528,0.005459718203744708
2017-11-30,1284.25,1285.16,1270.22,1274.7,192758,Gold,1288.1557142857143,1280.1713333333332,-0.006655029456687722,0.0059985443733150765
2017-12-01,1275.02,1289.07,1271.5,1279.88,220393,Gold,1286.4328571428573,1280.1636666666666,0.00406370126304223,0.004848854213527997
2017-12-04,1273.95,1277.02,1270.89,1275.94,176081,Gold,1284.2914285714287,1279.964,-0.003078413601275143,0.004883247769414527
2017-12-05,1276.38,1276.9,1260.86,1265.66,172695,Gold,1281.0614285714287,1279.6036666666666,-0.008056805178926929,0.005457960118714105
2017-12-06,1265.99,1269.13,1262.43,1263.12,173237,Gold,1276.6128571428574,1279.1290000000001,-0.0020068580819494475,0.004497256555985355
2017-12-07,1263.66,1264.31,1243.78,1246.64,167703,Gold,1269.8828571428571,1278.4536666666668,-0.01304705807840889,0.005490594380685117
2017-12-08,1247.58,1252.23,1243.6,1248.04,151920,Gold,1264.8542857142859,1277.6073333333334,0.0011230186741961745,0.005794104484591246
2017-12-11,1247.73,1251.4,1240.58,1241.54,127261,Gold,1260.1171428571429,1276.4583333333333,-0.005208166404922943,0.005706716766473168
2017-12-12,1242.1,1246.09,1236.37,1243.77,131161,Gold,1254.9585714285713,1275.5506666666665,0.0017961563864232755,0.005234447149462274
2017-12-13,1243.8,1256.92,1240.12,1255.51,153717,Gold,1252.0400000000002,1274.9170000000001,0.009439044196274171,0.00734258544990923
2017-12-14,1254.01,1258.95,1250.35,1252.5,162244,Gold,1250.16,1274.1286666666667,-0.002397432119218501,0.006898662420988478
2017-12-15,1252.95,1261.72,1252.94,1255.33,144619,Gold,1249.047142857143,1273.6386666666667,0.0022594810379241714,0.007030689918384718
2017-12-18,1254.14,1263.83,1252.62,1261.62,134640,Gold,1251.1871428571428,1272.976333333333,0.00501063465383611,0.004761264545487536
2017-12-19,1261.66,1265.11,1259.11,1261.64,126836,Gold,1253.1299999999999,1272.5233333333335,1.5852633915347525e-05,0.004802516601922032
2017-12-20,1261.44,1267.7,1261.25,1265.37,124844,Gold,1256.5342857142857,1271.9969999999998,0.0029564693573442824,0.0037641807001751984
2017-12-21,1265.76,1268.8,1262.64,1266.52,115585,Gold,1259.7842857142857,1271.3933333333334,0.0009088250867335113,0.0038152963897465355
2017-12-22,1266.21,1276.02,1264.84,1275.28,99995,Gold,1262.6085714285712,1271.3826666666669,0.006916590342039619,0.003116762293659773
2017-12-26,1278.14,1283.58,1276.92,1283.08,55849,Gold,1266.9771428571428,1271.554,0.0061163038705225325,0.0026291216767515713
2017-12-27,1282.27,1288.8,1281.22,1287.01,109205,Gold,1271.502857142857,1271.7769999999998,0.003062942295102511,0.002585411008534908
2017-12-28,1287.32,1295.07,1286.59,1294.86,104846,Gold,1276.2514285714285,1272.3276666666668,0.0060994087070029845,0.0027160011850235876
2017-12-29,1294.06,1307.41,1293.73,1302.33,109777,Gold,1282.064285714286,1273.1286666666667,0.005768963440063057,0.002234180391463689
2018-01-02,1309.81,1318.8,1308.4,1317.82,102695,Gold,1289.5571428571427,1273.919,0.011894066787987656,0.003415312795823387
2018-01-03,1317.27,1321.24,1307.31,1312.78,142284,Gold,1296.1657142857143,1275.1233333333332,-0.003824498034632917,0.004756029529656859
2018-01-04,1312.74,1325.84,1305.7,1322.69,151996,Gold,1302.9385714285713,1276.534,0.007548865765779622,0.004801014426568615
2018-01-05,1321.96,1323.26,1313.55,1319.9,136053,Gold,1308.1985714285713,1277.4660000000001,-0.0021093377888998788,0.005505219239442326
2018-01-08,1320.69,1322.0,1314.65,1320.27,112389,Gold,1312.95,1278.444,0.0002803242669897621,0.00568692283242586
2018-01-09,1319.49,1320.04,1308.26,1312.61,145871,Gold,1315.4857142857143,1279.2553333333335,-0.005801843562301734,0.006551292097014767
2018-01-10,1311.82,1327.6,1307.96,1316.59,189476,Gold,1317.5228571428572,1279.9996666666666,0.0030321268312751837,0.006365484484357281
2018-01-11,1317.13,1323.79,1315.58,1322.34,160080,Gold,1318.1685714285716,1280.9526666666668,0.004367342908574434,0.0047666537120986015
2018-01-12,1322.35,1339.21,1321.62,1338.17,178622,Gold,1321.7957142857142,1282.7836666666665,0.011971202565149719,0.005966592544601034
2018-01-15,1336.05,1344.6,1335.92,1339.93,114118,Gold,1324.2585714285713,1284.9579999999999,0.0013152290067779404,0.005584928106860382
2018-01-16,1339.42,1342.13,1331.66,1338.37,172948,Gold,1326.8971428571429,1286.9076666666667,-0.0011642399229812028,0.00548333615049048
2018-01-17,1339.2,1343.82,1326.28,1326.61,201740,Gold,1327.802857142857,1288.5966666666668,-0.008786807833409238,0.0068563287183337806
2018-01-18,1327.51,1332.96,1324.14,1327.04,183343,Gold,1329.8642857142856,1290.6426666666669,0.00032413444795387214,0.006251718467764686
2018-01-19,1327.54,1337.86,1326.66,1331.43,174190,Gold,1331.9842857142855,1292.9196666666664,0.0033081142994937363,0.006263263366663993
2018-01-22,1335.05,1335.44,1328.27,1333.87,142730,Gold,1333.6314285714286,1295.8273333333334,0.001832616059424641,0.006150157822044134
2018-01-23,1333.4,1341.64,1331.24,1341.11,167286,Gold,1334.0514285714285,1298.9296666666667,0.005427815304340111,0.004535673156791756
2018-01-24,1340.92,1362.02,1339.42,1357.97,196575,Gold,1336.6285714285714,1302.8106666666667,0.01257167570147133,0.006511422652283557
2018-01-25,1357.25,1365.92,1342.33,1348.22,245829,Gold,1338.0357142857142,1306.2923333333335,-0.007179834606066415,0.007333059566723993
2018-01-26,1347.0,1356.96,1344.46,1350.0,215417,Gold,1341.3771428571429,1309.442,0.0013202593048611266,0.0059292075429470004
2018-01-29,1351.03,1352.39,1337.57,1340.32,177086,Gold,1343.2742857142857,1312.3693333333333,-0.0071703703703703825,0.006975135681714207
2018-01-30,1341.3,1348.9,1334.44,1338.59,207275,Gold,1344.297142857143,1315.1446666666666,-0.0012907365405276927,0.006986899785208876
2018-01-31,1337.42,1347.57,1332.75,1344.94,214777,Gold,1345.8785714285714,1317.922,0.0047437975780486585,0.007144354621555974
2018-02-01,1343.39,1350.97,1337.24,1348.39,211212,Gold,1346.9185714285716,1320.8136666666664,0.0025651701934659155,0.0069412762774819035
2018-02-02,1347.81,1350.06,1327.43,1332.57,233006,Gold,1343.2900000000002,1323.0536666666667,-0.011732510623781112,0.006095306375853686
2018-02-05,1331.64,1341.59,1328.99,1339.56,249575,Gold,1342.0528571428572,1325.4883333333332,0.005245503050496314,0.006368805091671137
2018-02-06,1338.91,1346.08,1320.18,1324.4,352486,Gold,1338.3957142857143,1327.1256666666666,-0.011317148914568809,0.007349313390413953
2018-02-07,1324.64,1332.3,1311.38,1318.29,259360,Gold,1335.2485714285715,1328.2993333333332,-0.004613409845968031,0.007151439137957137
2018-02-08,1317.34,1322.02,1307.04,1318.34,286441,Gold,1332.3557142857142,1329.3436666666666,3.792792177748083e-05,0.007201472361814601
2018-02-09,1319.11,1322.63,1311.12,1315.64,294243,Gold,1328.17,1330.0363333333335,-0.002048030098456999,0.006545013622028989
2018-02-12,1315.38,1326.69,1315.13,1322.86,145037,Gold,1324.5228571428572,1330.7206666666666,0.005487823416739923,0.0070426699376638265
2018-02-13,1323.63,1331.02,1321.59,1328.99,156092,Gold,1324.0114285714285,1331.093,0.004633899278835285,0.006214441851645182
2018-02-14,1329.72,1355.5,1317.3,1350.14,193377,Gold,1325.5228571428572,1332.3383333333334,0.015914340965695883,0.008651112951261213
2018-02-15,1350.64,1357.07,1348.53,1353.07,175472,Gold,1329.6185714285714,1333.3509999999999,0.0021701453182632058,0.006689540801695301
2018-02-16,1353.79,1361.69,1344.71,1347.43,166978,Gold,1333.7814285714285,1334.2686666666666,-0.00416829875763991,0.006605778111614879
2018-02-19,1349.69,1351.34,1345.78,1346.6,87111,Gold,1337.8185714285714,1335.1463333333334,-0.0006159874724476211,0.006661459588753309
2018-02-20,1347.9,1348.09,1328.44,1329.33,141385,Gold,1339.7742857142857,1335.7036666666668,-0.012824892321402048,0.008904629782111543
2018-02-21,1329.49,1336.22,1322.14,1324.37,158486,Gold,1339.99,1335.963,-0.0037312029368178345,0.008900668742334082
2018-02-22,1324.39,1332.07,1320.93,1331.85,148392,Gold,1340.3985714285714,1336.28,0.005647968468026399,0.00899269879548927
2018-02-23,1331.78,1332.13,1325.78,1328.78,120542,Gold,1337.347142857143,1335.967,-0.0023050643841272533,0.0058064611301304435
2018-02-26,1329.83,1341.0,1326.65,1332.93,137233,Gold,1334.4699999999998,1335.7336666666667,0.0031231656105601413,0.005937374228572296
2018-02-27,1333.3,1336.7,1313.41,1318.29,156960,Gold,1330.3071428571427,1335.0643333333333,-0.010983322455042743,0.006821237520879889
2018-02-28,1318.39,1322.49,1315.59,1318.08,143439,Gold,1326.232857142857,1334.7799999999997,-0.00015929727146535289,0.006851057284922144
2018-03-01,1319.02,1321.07,1302.76,1317.16,191255,Gold,1324.4942857142855,1334.4506666666666,-0.00069798494780271,0.005325878892888133
2018-03-02,1316.47,1325.42,1315.2,1322.12,162142,Gold,1324.172857142857,1334.1403333333333,0.0037656776701386896,0.005506413194140889
2018-03-05,1323.71,1327.73,1317.53,1319.88,175261,Gold,1322.462857142857,1333.674,-0.001694248630986439,0.004861725703170529
2018-03-06,1320.55,1338.46,1320.21,1334.3,187973,Gold,1323.2514285714285,1333.4470000000001,0.010925235627481156,0.006641983978841313
2018-03-07,1339.55,1340.37,1322.2,1325.35,206644,Gold,1322.1685714285716,1332.3596666666667,-0.006707636963201757,0.007049196721627226
2018-03-08,1325.64,1329.0,1318.87,1322.14,183041,Gold,1322.7185714285715,1331.4903333333334,-0.002422001735390533,0.005575071677656326
2018-03-09,1321.32,1325.14,1312.83,1323.36,181330,Gold,1323.4728571428573,1330.6023333333333,0.0009227464565022547,0.005571009670301172
2018-03-12,1322.86,1324.13,1315.04,1322.7,117427,Gold,1324.2642857142857,1330.0149999999999,-0.000498730504171041,0.005563868933207285
2018-03-13,1323.54,1328.28,1313.73,1326.31,152139,Gold,1324.862857142857,1329.6056666666666,0.002729265895516697,0.005479136069187708
2018-03-14,1325.85,1330.01,1321.46,1324.74,143936,Gold,1325.5571428571427,1328.9323333333334,-0.0011837353258287164,0.005448920197053715
2018-03-15,1323.8,1327.88,1314.93,1316.44,131712,Gold,1323.0057142857145,1327.8673333333331,-0.006265380376526686,0.0035193452832000677
2018-03-16,1315.92,1321.72,1309.6,1313.47,122528,Gold,1321.3085714285714,1327.2306666666666,-0.0022560845917778405,0.002847714077295126
2018-03-19,1313.14,1319.58,1307.76,1317.02,128966,Gold,1320.5771428571427,1326.4793333333334,0.002702764433142768,0.0031486396480862487
2018-03-20,1317.3,1318.24,1307.17,1311.06,120402,Gold,1318.82,1326.0346666666667,-0.004525367875962472,0.003388195088631535
2018-03-21,1311.54,1336.6,1309.79,1331.8,146322,Gold,1320.1200000000001,1326.4850000000001,0.015819260750842945,0.007350583016872879
2018-03-22,1331.83,1334.86,1324.77,1328.61,167242,Gold,1320.4485714285713,1326.8273333333334,-0.0023952545427241567,0.007404982877097599
2018-03-23,1330.61,1350.2,1330.61,1347.51,174572,Gold,1323.7014285714286,1327.8896666666665,0.014225393456319013,0.009015678963032483
2018-03-26,1348.15,1355.87,1343.46,1353.44,136353,Gold,1328.9871428571428,1328.909,0.004400709456701568,0.008152879246464358
2018-03-27,1352.9,1356.84,1339.84,1344.59,143930,Gold,1333.4328571428573,1329.4289999999999,-0.006538893486227826,0.008832619471646493
2018-03-28,1345.61,1346.99,1323.44,1324.83,175573,Gold,1334.5485714285714,1328.5853333333332,-0.014695929614231829,0.011189793565413598
2018-03-29,1324.36,1328.3,1321.21,1325.04,144155,Gold,1336.5457142857142,1327.651,0.0001585109032857801,0.01094884665803673
2018-04-02,1325.8,1344.84,1324.81,1341.04,139842,Gold,1337.8657142857141,1327.4379999999999,0.012075107166576116,0.010202608332125331
2018-04-03,1340.61,1342.45,1328.88,1332.54,162340,Gold,1338.4271428571428,1326.9693333333335,-0.00633836425460832,0.010527113365402737
2018-04-04,1332.58,1348.22,1331.49,1333.24,177158,Gold,1336.3885714285714,1327.0996666666665,0.0005253125609738785,0.00864952949536344
2018-04-05,1333.1,1334.85,1322.72,1326.37,144548,Gold,1332.5214285714285,1327.1663333333336,-0.005152860700249118,0.008312726096883537
2018-04-06,1327.25,1335.42,1319.5,1332.69,191028,Gold,1330.8214285714287,1327.1943333333331,0.00476488460987512,0.008571159764789163
2018-04-09,1333.49,1337.95,1326.85,1336.06,152343,Gold,1332.4257142857143,1327.4370000000001,0.002528720107451754,0.00621106291747779
2018-04-10,1336.61,1342.53,1331.06,1339.08,167225,Gold,1334.4314285714286,1327.6419999999998,0.0022603775279552707,0.0062018212864395714
2018-04-11,1339.54,1365.2,1339.49,1353.08,184524,Gold,1336.1514285714286,1328.8016666666665,0.010454939211996361,0.005756649948386768
2018-04-12,1352.57,1353.15,1333.71,1334.87,179163,Gold,1336.4842857142855,1329.3613333333335,-0.013458184290655373,0.007647830660534265
2018-04-13,1335.54,1347.1,1333.05,1345.07,155453,Gold,1338.1742857142856,1330.2916666666667,0.00764119352446313,0.00814354586129329
2018-04-16,1342.69,1350.48,1340.11,1345.59,141294,Gold,1340.9199999999998,1331.0739999999998,0.0003865969800826985,0.007668243031880828
2018-04-17,1345.89,1349.36,1337.65,1347.17,141914,Gold,1342.9885714285715,1331.9836666666665,0.001174206110330811,0.0075784862045086806
2018-04-18,1347.12,1355.67,1342.27,1349.21,148657,Gold,1344.8671428571429,1332.4806666666666,0.001514285502200785,0.0075667809569022575
2018-04-19,1349.17,1354.65,1340.93,1345.7,167626,Gold,1345.8128571428572,1333.1589999999999,-0.002601522372351228,0.007699274874043208
2018-04-20,1345.68,1346.15,1334.94,1335.44,137528,Gold,1343.2928571428572,1333.6023333333333,-0.007624284758861566,0.006882422153377428
2018-04-23,1334.69,1335.43,1322.11,1324.76,142291,Gold,1341.8485714285712,1333.649,-0.007997364164619936,0.005522893308808408
2018-04-24,1324.78,1332.64,1322.11,1330.77,150220,Gold,1339.8057142857142,1333.9180000000001,0.004536670793200193,0.004781424492094563
2018-04-25,1330.06,1332.03,1318.76,1322.88,132330,Gold,1336.5614285714287,1333.8036666666667,-0.005928898306995056,0.004955284260079401
2018-04-26,1322.09,1326.57,1315.26,1317.01,137840,Gold,1332.2528571428572,1333.5459999999998,-0.004437288340590317,0.004725864449348242
2018-04-27,1317.36,1325.19,1315.37,1322.91,124453,Gold,1328.4957142857145,1333.7616666666668,0.004479844496245278,0.005316941439803272
2018-04-30,1322.78,1324.88,1310.18,1314.98,119509,Gold,1324.107142857143,1333.8120000000001,-0.005994360916464547,0.005449244484955807
2018-05-01,1316.11,1316.32,1301.74,1304.0,121515,Gold,1319.6157142857144,1333.378,-0.008349936881169362,0.005551585964791499
2018-05-02,1304.61,1313.43,1303.88,1304.92,164714,Gold,1316.7814285714287,1333.1733333333332,0.0007055214723927783,0.005315856069868685
2018-05-03,1305.61,1318.06,1305.39,1312.19,161484,Gold,1314.1271428571429,1332.5196666666666,0.005571222756950656,0.005542029943957831
2018-05-04,1312.34,1315.32,1307.93,1314.6,138486,Gold,1312.9442857142858,1332.0526666666667,0.0018366242693510504,0.005398317079880024
2018-05-07,1314.89,1318.86,1310.21,1314.2,117778,Gold,1312.5428571428572,1330.9423333333334,-0.00030427506465835474,0.005165936030163327
2018-05-08,1314.3,1317.77,1305.92,1314.67,157331,Gold,1311.3657142857144,1329.65,0.00035763201947958123,0.0047492454403638305
2018-05-09,1314.99,1317.38,1304.28,1312.36,150024,Gold,1310.9914285714287,1328.5756666666668,-0.0017570949363719945,0.004230858025746359
2018-05-10,1312.19,1322.82,1310.72,1321.05,151321,Gold,1313.4271428571428,1328.4496666666666,0.006621658691212895,0.0031038816723396438
2018-05-11,1321.28,1325.9,1316.86,1317.93,121865,Gold,1315.2857142857142,1328.2126666666666,-0.0023617576927442707,0.003487137571392312
2018-05-14,1318.11,1322.29,1312.91,1313.13,113839,Gold,1315.4199999999998,1327.2823333333333,-0.0036420750722724327,0.0033982720981927525
2018-05-15,1314.14,1314.84,1288.66,1290.77,155008,Gold,1312.0157142857145,1325.8899999999999,-0.01702801702801715,0.00717724082318788
2018-05-16,1290.69,1296.87,1286.38,1290.48,149270,Gold,1308.6271428571429,1324.4646666666667,-0.00022467209495102836,0.007181523537025604
2018-05-17,1290.96,1294.34,1284.93,1290.77,141985,Gold,1305.212857142857,1323.2779999999998,0.00022472258384476085,0.007172643865772266
2018-05-18,1290.49,1294.18,1286.06,1292.48,119227,Gold,1302.3728571428571,1321.937666666667,0.0013247906288493816,0.007325625144108973
2018-05-21,1291.52,1293.12,1282.0,1292.48,122414,Gold,1298.2914285714287,1320.485,0.0,0.006368392802659661
2018-05-22,1292.62,1296.09,1287.9,1291.02,125944,Gold,1294.447142857143,1318.8830000000003,-0.0011296112899232824,0.006409128582321673
2018-05-23,1291.23,1298.28,1287.54,1293.18,169357,Gold,1291.597142857143,1316.8863333333334,0.0016730956917787587,0.006621351704788836
2018-05-24,1293.9,1306.59,1292.72,1304.25,146932,Gold,1293.5228571428572,1315.8656666666668,0.00856029323064078,0.00325764114318637
2018-05-25,1304.84,1307.75,1299.83,1300.52,145825,Gold,1294.957142857143,1314.3806666666667,-0.0028598811577534855,0.003620811003707659
2018-05-28,1299.41,1300.3,1295.48,1298.02,94074,Gold,1295.992857142857,1312.7950000000003,-0.0019223079998770265,0.003795361987416927
2018-05-29,1297.64,1306.57,1292.48,1298.64,188420,Gold,1296.8728571428571,1311.1773333333335,0.00047765057549198353,0.0037895875840647077
2018-05-30,1299.68,1304.28,1295.86,1301.55,187898,Gold,1298.1685714285716,1309.5886666666665,0.002240805766032139,0.003816567418817007
2018-05-31,1301.7,1306.43,1297.26,1298.24,173786,Gold,1299.2,1308.0066666666667,-0.00254312166263293,0.003982175500972889
2018-06-01,1298.89,1300.54,1289.34,1293.27,148261,Gold,1299.212857142857,1306.6009999999999,-0.0038282597978802624,0.004311283091361098
2018-06-04,1293.04,1298.08,1290.15,1291.81,104577,Gold,1297.435714285714,1305.5026666666668,-0.00112892126160824,0.0020997539236692056
2018-06-05,1292.18,1300.5,1289.69,1296.49,98666,Gold,1296.8600000000001,1304.3600000000001,0.0036228237898763282,0.002680504110719667
2018-06-06,1296.84,1301.76,1293.73,1295.95,110358,Gold,1296.564285714286,1303.4623333333334,-0.00041650919019808885,0.002600980020924066
2018-06-07,1296.61,1303.09,1294.82,1296.71,121194,Gold,1296.2885714285715,1302.7856666666667,0.0005864423781780648,0.0026061986698010906
2018-06-08,1297.3,1300.51,1292.05,1298.6,109534,Gold,1295.8671428571429,1301.9753333333333,0.0014575348381673514,0.00249803047000829
2018-06-11,1299.1,1302.2,1294.02,1300.35,92191,Gold,1296.1685714285716,1301.4876666666667,0.0013476051131988687,0.0023497576591625245
2018-06-12,1299.92,1300.23,1292.76,1295.52,101366,Gold,1296.49,1301.2050000000002,-0.0037143845887644966,0.0023171106887715652
2018-06-13,1295.44,1301.2,1291.82,1299.46,95965,Gold,1297.5828571428572,1301.0230000000001,0.0030412498456218184,0.0024363176077319554
2018-06-14,1299.85,1309.28,1297.48,1302.25,120986,Gold,1298.4057142857143,1300.6916666666666,0.0021470456959045148,0.0022092933850189063
2018-06-15,1302.16,1303.07,1275.33,1280.19,129635,Gold,1296.1542857142856,1299.544666666667,-0.01693991169130349,0.0070483243904178585
2018-06-18,1279.13,1282.39,1276.99,1278.2,85770,Gold,1293.51,1298.3446666666666,-0.0015544567603246184,0.006977405877893663
2018-06-19,1278.88,1283.99,1270.31,1274.46,111361,Gold,1290.0614285714287,1297.0043333333333,-0.002925989672977636,0.00680677792167741
2018-06-20,1274.94,1276.38,1267.56,1267.56,94062,Gold,1285.3771428571429,1295.511,-0.005414057718563181,0.006621011047180513
2018-06-21,1268.05,1270.06,1261.29,1267.24,100259,Gold,1281.337142857143,1293.7173333333335,-0.00025245353277159044,0.006741245288652968
2018-06-22,1267.38,1271.03,1266.58,1269.21,91278,Gold,1277.0157142857145,1292.0933333333335,0.00155455951516692,0.006534730358984278
2018-06-25,1271.37,1272.56,1264.4,1265.32,85791,Gold,1271.74,1290.4996666666666,-0.0030648986377354026,0.006086812973929473
2018-06-26,1266.04,1267.61,1254.71,1258.45,96050,Gold,1268.6342857142859,1289.4223333333332,-0.005429456580153591,0.0025798772518608225
2018-06-27,1258.44,1260.05,1250.59,1251.79,120000,Gold,1264.8614285714286,1288.1326666666666,-0.005292224561961212,0.0027471968058677505
2018-06-28,1252.31,1254.24,1245.84,1248.14,107112,Gold,1261.1014285714286,1286.7116666666666,-0.0029158245392596482,0.002747229674659427
2018-06-29,1248.01,1255.57,1245.99,1252.74,105015,Gold,1258.9842857142855,1285.387,0.0036854840001923073,0.0034602550125907754
2018-07-02,1252.73,1254.15,1239.63,1241.49,92801,Gold,1255.3057142857142,1283.6873333333335,-0.008980315149192952,0.004326803191847244
2018-07-03,1241.89,1256.85,1237.82,1252.78,99777,Gold,1252.9585714285713,1282.4126666666666,0.00909391134846027,0.006171510371656852
2018-07-04,1252.47,1261.07,1252.34,1256.47,66126,Gold,1251.6942857142858,1281.1889999999999,0.0029454493207108357,0.0063875508021471825
2018-07-05,1256.24,1259.68,1251.24,1257.17,96636,Gold,1251.5114285714285,1279.6196666666665,0.0005571163656912237,0.0060869591933329385
2018-07-06,1257.2,1258.94,1252.69,1254.56,84427,Gold,1251.9071428571428,1278.0876666666666,-0.002076091538932734,0.005744043198424931
2018-07-09,1255.25,1265.84,1254.83,1257.41,85713,Gold,1253.2314285714288,1276.734,0.0022717127917357693,0.005588009519183222
2018-07-10,1257.64,1260.24,1247.28,1255.93,92125,Gold,1253.687142857143,1275.3103333333333,-0.0011770226099681036,0.005510532981523208
2018-07-11,1255.7,1256.84,1241.41,1242.18,107259,Gold,1253.7857142857142,1273.3313333333333,-0.010948062392012292,0.006087391385835351
2018-07-12,1242.46,1248.5,1241.24,1246.94,124587,Gold,1252.9514285714286,1271.6213333333333,0.0038319728219742277,0.005022784127780634
2018-07-13,1246.83,1248.04,1236.3,1241.06,87064,Gold,1250.75,1269.881,-0.004715543650857357,0.004941133725833947
2018-07-16,1241.27,1245.51,1238.28,1240.8,84962,Gold,1248.4114285714284,1268.1806666666669,-0.00020949833207095647,0.004889681674886945
2018-07-17,1240.73,1244.94,1226.02,1227.28,94259,Gold,1244.5142857142857,1265.8736666666666,-0.010896196002578962,0.005971323383124532
2018-07-18,1227.67,1229.1,1220.98,1227.5,83684,Gold,1240.2414285714287,1263.592,0.00017925819698838552,0.005702743460654641
2018-07-19,1226.98,1228.98,1211.45,1222.86,110244,Gold,1235.517142857143,1261.1303333333335,-0.0037800407331975983,0.005616375940092963
2018-07-20,1223.75,1232.22,1215.63,1231.59,123272,Gold,1234.0042857142855,1258.8966666666668,0.007139002011677498,0.005926981437867795
2018-07-23,1230.39,1235.15,1222.19,1224.42,106685,Gold,1230.7871428571427,1256.3656666666668,-0.0058217426253865945,0.005676855841692471
2018-07-24,1224.75,1229.45,1218.1,1224.45,111426,Gold,1228.4142857142856,1253.9966666666667,2.450139657961259e-05,0.005663243124399325
2018-07-25,1224.42,1234.14,1223.16,1231.57,115501,Gold,1227.0957142857144,1251.7336666666667,0.005814855649475259,0.006377327529886573
2018-07-26,1231.46,1235.18,1222.29,1222.84,98718,Gold,1226.4614285714285,1249.0866666666666,-0.007088513036205835,0.0054993364792334755
2018-07-27,1223.57,1227.32,1217.51,1222.81,93949,Gold,1225.7914285714285,1247.174,-2.453305420169194e-05,0.005495650577644337
2018-07-30,1223.34,1225.03,1218.96,1221.28,66142,Gold,1225.5657142857142,1245.2766666666669,-0.0012512164604476794,0.005327225682970607
2018-07-31,1221.54,1228.53,1213.93,1223.94,101931,Gold,1224.472857142857,1243.5926666666667,0.0021780427092887855,0.004450223013675404
2018-08-01,1224.13,1224.76,1215.69,1216.05,90587,Gold,1223.277142857143,1241.8756666666666,-0.006446394431099622,0.004570440510831409
2018-08-02,1216.52,1221.05,1206.97,1207.72,94108,Gold,1220.8871428571426,1239.8916666666667,-0.00685004728423988,0.005035900092660824
2018-08-03,1208.68,1219.98,1204.4,1213.14,97927,Gold,1218.2542857142857,1238.0226666666667,0.004487795184314303,0.0047091334400319335
2018-08-06,1213.61,1217.85,1206.48,1207.1,73276,Gold,1216.0057142857145,1236.0819999999999,-0.00497881530573574,0.004396965744471327
2018-08-07,1208.09,1216.1,1207.65,1210.58,74625,Gold,1214.2585714285713,1234.4863333333335,0.002882942589677695,0.00472240715439606
2018-08-08,1211.01,1215.82,1206.35,1213.38,76836,Gold,1213.1299999999999,1233.206,0.0023129409043600724,0.004931814649991158
2018-08-09,1213.62,1217.31,1210.72,1212.16,86720,Gold,1211.4471428571428,1232.006666666667,-0.0010054558341162645,0.004742054244494142
2018-08-10,1212.55,1217.09,1205.7,1211.38,118308,Gold,1210.7800000000002,1230.628,-0.0006434794086589424,0.004180941657929657
2018-08-13,1212.51,1213.8,1191.6,1193.64,90397,Gold,1208.7685714285715,1229.033,-0.014644455084284025,0.006522910674058677
2018-08-14,1194.01,1198.67,1191.99,1193.93,62151,Gold,1206.0242857142857,1227.0713333333333,0.00024295432458698585,0.006035728430297878
2018-08-15,1194.26,1194.66,1173.07,1174.65,77457,Gold,1201.3885714285716,1224.344,-0.016148350405802647,0.008022978674591124
2018-08-16,1175.55,1182.02,1160.07,1173.93,93034,Gold,1196.1528571428573,1221.5693333333334,-0.0006129485378623123,0.00763278425371741
2018-08-17,1173.69,1185.0,1171.79,1184.17,64952,Gold,1191.98,1219.2230000000002,0.008722836966428948,0.008853252516954355
2018-08-20,1183.46,1190.79,1182.6,1190.36,53212,Gold,1188.8657142857144,1216.988,0.005227290000590967,0.009433465677700788
2018-08-21,1190.37,1196.91,1187.65,1196.12,69290,Gold,1186.685714285714,1214.9943333333333,0.00483887227393387,0.009837158782803317
2018-08-22,1196.05,1201.52,1192.54,1195.42,68635,Gold,1186.94,1213.4356666666667,-0.0005852255626523917,0.0080412246447001
2018-08-23,1195.89,1196.54,1183.8,1185.27,64778,Gold,1185.702857142857,1211.3799999999999,-0.008490739656355162,0.008692049464471574
2018-08-24,1185.3,1208.49,1183.18,1205.88,68650,Gold,1190.1642857142858,1210.2073333333333,0.017388443139537912,0.008182922738966026
2018-08-27,1207.2,1212.33,1203.11,1211.07,48250,Gold,1195.47,1209.2163333333333,0.004303910836898961,0.007950305149232104
2018-08-28,1210.81,1214.21,1199.53,1200.96,64378,Gold,1197.8685714285714,1208.339,-0.008347989794148858,0.008985086683789481
2018-08-29,1201.47,1207.26,1201.29,1206.53,58304,Gold,1200.1785714285713,1207.6399999999999,0.004637956301625223,0.00895303325184547
2018-08-30,1206.91,1207.81,1196.17,1199.61,60868,Gold,1200.6771428571428,1206.865,-0.005735456225705149,0.009273397534750547
2018-08-31,1200.0,1208.77,1198.21,1200.78,75806,Gold,1201.4428571428573,1205.838,0.0009753169780180038,0.009263030999120216
2018-09-03,1200.68,1203.84,1195.6,1201.25,59262,Gold,1203.7257142857143,1205.0656666666666,0.0003914122487049809,0.008362668797518586
2018-09-04,1200.67,1201.93,1189.56,1191.03,76229,Gold,1201.6042857142857,1203.9516666666666,-0.008507804370447514,0.005694352749517612
2018-09-05,1191.72,1198.37,1190.79,1196.48,65696,Gold,1199.52,1202.782,0.004575871304669077,0.005743296121019306
2018-09-06,1197.13,1206.95,1195.74,1199.97,88985,Gold,1199.3785714285714,1202.0196666666668,0.002916889542658563,0.005119581018705056
2018-09-07,1200.33,1203.48,1193.41,1195.83,79092,Gold,1197.85,1201.1203333333333,-0.00345008625215637,0.0047711709171849945
2018-09-10,1196.35,1198.49,1191.44,1195.57,60154,Gold,1197.2728571428572,1200.2633333333333,-0.00021742220884235497,0.00434575892251705
2018-09-11,1195.46,1199.32,1187.66,1198.37,64425,Gold,1196.9285714285713,1199.411,0.0023419791396572798,0.004451128484098447
2018-09-12,1197.99,1208.43,1192.63,1206.06,67159,Gold,1197.6157142857141,1199.078,0.006417049826013654,0.005132728128524759
2018-09-13,1206.47,1212.6,1200.07,1201.26,74782,Gold,1199.077142857143,1198.8626666666667,-0.003979901497437877,0.003943850531737207
2018-09-14,1201.63,1208.52,1192.84,1193.43,74488,Gold,1198.6414285714286,1198.2056666666665,-0.006518155936266812,0.004556360059254715
2018-09-17,1193.67,1204.77,1192.75,1200.93,61098,Gold,1198.7785714285715,1198.0,0.006284407129031555,0.005104302340504861
2018-09-18,1201.38,1203.48,1195.82,1198.04,80695,Gold,1199.0942857142857,1197.5819999999999,-0.002406468320385158,0.004996566444768201
2018-09-19,1197.95,1206.16,1197.92,1203.68,69378,Gold,1200.2528571428572,1197.2586666666668,0.00470768922573539,0.005255790572982963
2018-09-20,1203.81,1208.4,1201.23,1207.07,69611,Gold,1201.4957142857143,1197.089,0.002816363152997381,0.0052793136771135205
2018-09-21,1206.75,1211.03,1191.78,1199.1,70594,Gold,1200.5014285714285,1196.6796666666667,-0.0066027653740048375,0.005364420741365594
2018-09-24,1198.88,1204.12,1194.36,1198.66,52248,Gold,1200.1299999999999,1196.8470000000002,-0.00036694187307129145,0.005179688922706118
2018-09-25,1198.93,1203.34,1197.01,1201.06,55189,Gold,1201.2199999999998,1197.0846666666666,0.002002235830010024,0.004419737672638784
2018-09-26,1201.33,1202.44,1190.47,1194.22,87291,Gold,1200.2614285714285,1197.737,-0.005694969443657993,0.004314045007460822
2018-09-27,1194.83,1198.52,1181.84,1182.52,62745,Gold,1198.044285714286,1198.0233333333333,-0.009797189797524752,0.005512830187290831
2018-09-28,1183.34,1193.94,1180.66,1191.51,64208,Gold,1196.3057142857142,1198.268,0.00760240841592541,0.006157428200019873
2018-10-01,1191.89,1192.15,1184.51,1188.66,52576,Gold,1193.6757142857143,1198.2113333333334,-0.002391922854193318,0.005865948763040393
2018-10-02,1188.81,1208.19,1188.67,1202.74,69784,Gold,1194.1957142857143,1198.432,0.011845271145659808,0.007471364366307878
2018-10-03,1203.98,1208.25,1196.43,1196.85,61515,Gold,1193.9371428571428,1198.4796666666666,-0.004897151504065778,0.0077457924285338296
2018-10-04,1197.97,1206.74,1195.95,1199.72,70104,Gold,1193.7457142857143,1198.9613333333334,0.002397961315119046,0.007765878633645773
2018-10-05,1199.65,1205.76,1197.2,1202.75,72912,Gold,1194.9642857142858,1198.857,0.0025255893041709054,0.007397552127861179
2018-10-08,1203.18,1204.04,1183.33,1187.96,37667,Gold,1195.7414285714287,1198.0866666666666,-0.012296819787985802,0.008040311955204998
2018-10-09,1188.2,1191.81,1183.16,1189.48,60546,Gold,1195.4514285714286,1197.7040000000002,0.0012795043604161283,0.007468308974626679
2018-10-10,1189.46,1194.75,1185.25,1194.03,60583,Gold,1196.2185714285715,1197.2873333333334,0.0038252009281365407,0.007536291211130262
2018-10-11,1194.18,1226.3,1191.22,1224.82,84466,Gold,1199.3728571428571,1198.1276666666668,0.025786621776672236,0.011683377248830474
2018-10-12,1223.21,1223.67,1215.8,1217.76,63032,Gold,1202.3600000000001,1198.6936666666666,-0.005764112277722444,0.011781028552530685
2018-10-15,1217.78,1233.22,1217.74,1226.81,62824,Gold,1206.23,1199.5456666666666,0.007431677834712769,0.011923938483077955
2018-10-16,1227.19,1232.36,1223.4,1224.42,58611,Gold,1209.3257142857144,1200.6586666666667,-0.0019481419290680035,0.012088332672711003
2018-10-17,1224.87,1229.43,1220.53,1222.21,53881,Gold,1214.2185714285713,1201.5163333333333,-0.0018049362146975723,0.010473679355522155
2018-10-18,1221.96,1230.1,1218.63,1225.75,61042,Gold,1219.3999999999999,1202.3756666666666,0.002896392600289621,0.010418404166782884
2018-10-19,1225.47,1230.75,1223.02,1226.38,59969,Gold,1224.0214285714285,1203.3940000000002,0.0005139710381401041,0.010520665623113053
2018-10-22,1228.0,1229.51,1219.97,1221.86,50370,Gold,1223.5985714285714,1204.2703333333332,-0.003685643927657134,0.004414916253093508
2018-10-23,1222.05,1239.71,1221.65,1230.34,57126,Gold,1225.3957142857143,1205.336,0.006940238652546116,0.004423476323971627
2018-10-24,1230.87,1233.57,1225.55,1233.33,59709,Gold,1226.3271428571427,1206.2450000000001,0.002430222540110938,0.003635159495887254
2018-10-25,1233.92,1239.14,1228.05,1231.86,58668,Gold,1227.3899999999999,1207.265,-0.0011918951132300348,0.0035514244117123726
2018-10-26,1232.08,1243.36,1229.98,1233.53,84231,Gold,1229.0071428571428,1208.6016666666667,0.001355673534330304,0.0033496686989984573
2018-10-29,1232.96,1235.34,1224.25,1229.47,68326,Gold,1229.5385714285715,1209.553,-0.003291367052280836,0.003666631663364785
2018-10-30,1229.55,1230.53,1219.8,1222.97,52328,Gold,1229.0514285714285,1210.3839999999998,-0.005286830910880336,0.00425508751099256
2018-10-31,1222.4,1222.96,1211.93,1214.48,58086,Gold,1227.9971428571428,1210.744,-0.0069421163233767125,0.004816447570327953
2018-11-01,1215.3,1237.33,1215.26,1233.04,66877,Gold,1228.3828571428571,1211.6096666666667,0.015282260720637542,0.007403779095225167
2018-11-02,1234.29,1236.37,1229.67,1232.75,70496,Gold,1228.3,1212.7313333333334,-0.0002351910724712747,0.007346475891347176
2018-11-05,1233.14,1235.1,1226.82,1231.36,51254,Gold,1228.2285714285715,1213.8213333333333,-0.001127560332589872,0.007344840860617305
2018-11-06,1231.31,1235.89,1223.44,1227.03,57608,Gold,1227.3,1214.6870000000001,-0.0035164371101870096,0.0074215374204293525
2018-11-07,1227.19,1236.43,1222.93,1226.36,86968,Gold,1226.8557142857142,1215.7583333333334,-0.000546033919301081,0.007335729179380452
2018-11-08,1226.39,1227.03,1219.98,1223.37,56146,Gold,1226.912857142857,1217.12,-0.002438109527381882,0.007090399158932806
2018-11-09,1223.25,1223.44,1206.65,1209.32,58787,Gold,1226.1757142857143,1217.7136666666665,-0.011484669396830016,0.007989766665789731
2018-11-12,1209.41,1211.39,1200.16,1200.16,51033,Gold,1221.4785714285715,1218.097,-0.007574504680316063,0.004196415454886918
2018-11-13,1201.1,1205.11,1196.21,1201.99,59864,Gold,1217.0842857142857,1218.072,0.0015247966937741442,0.004491189121760291
2018-11-14,1202.63,1216.49,1197.64,1210.54,76536,Gold,1214.11,1218.5283333333332,0.007113203936804702,0.006053852101938134
2018-11-15,1210.99,1216.42,1207.66,1212.69,68387,Gold,1212.0614285714287,1218.9606666666666,0.0017760668792441425,0.006221876055618346
2018-11-16,1213.25,1225.23,1213.1,1221.2,59300,Gold,1211.3242857142857,1219.5756666666666,0.0070174570582755,0.007049532342432329
2018-11-19,1221.94,1225.16,1217.97,1223.85,50688,Gold,1211.392857142857,1220.772,0.0021699967245332186,0.007062334485937423
2018-11-20,1223.83,1228.7,1219.93,1221.52,66031,Gold,1213.1357142857144,1221.84,-0.0019038280835068644,0.005105365008322971
2018-11-21,1221.85,1230.03,1219.65,1225.82,51457,Gold,1216.8014285714287,1222.8996666666667,0.003520204335581756,0.003207618795342076
2018-11-22,1225.42,1229.06,1224.81,1226.96,34363,Gold,1220.3685714285714,1222.971,0.0009299897211663133,0.0032615976696475863
2018-11-23,1226.98,1228.49,1219.88,1222.51,43894,Gold,1222.0785714285714,1223.1293333333335,-0.003626850101062784,0.003492607385043025
2018-11-26,1223.38,1228.07,1221.65,1222.15,47348,Gold,1223.43,1222.974,-0.00029447611880462077,0.0035439228358572507
2018-11-27,1222.38,1225.21,1211.82,1214.47,50906,Gold,1222.4685714285713,1222.6423333333332,-0.006284007691363613,0.0034160299108161748
2018-11-28,1214.92,1226.65,1211.15,1221.06,51784,Gold,1222.07,1222.604,0.0054262353125231755,0.0040485113429531835
2018-11-29,1220.51,1228.91,1220.42,1224.03,60007,Gold,1222.4285714285713,1222.5466666666666,0.002432312908456691,0.004097038748149195
2018-11-30,1224.08,1225.49,1216.62,1221.96,52149,Gold,1221.8771428571429,1222.3993333333333,-0.0016911350212004406,0.0038823234898298542
2018-12-03,1222.91,1234.86,1221.25,1230.84,60510,Gold,1222.4314285714286,1222.6986666666667,0.007267013650201326,0.00486945469215328
2018-12-04,1230.67,1241.89,1230.38,1238.54,65890,Gold,1224.7214285714285,1222.972,0.006255890286308574,0.004919031208628992
2018-12-05,1238.54,1239.2,1233.25,1237.06,29802,Gold,1226.8514285714284,1223.0963333333334,-0.001194955350654836,0.004996331693439536
2018-12-06,1237.26,1244.29,1234.68,1237.76,76720,Gold,1230.1785714285713,1223.293,0.0005658577595266667,0.0036517023135844676
2018-12-07,1237.72,1249.98,1237.24,1248.41,61676,Gold,1234.0857142857144,1223.789,0.008604252843847027,0.004200162800694427
2018-12-10,1250.4,1250.49,1241.55,1244.09,70502,Gold,1236.9514285714286,1224.276333333333,-0.0034604016308745766,0.004905584614985335
2018-12-11,1244.78,1249.46,1240.96,1242.83,75476,Gold,1239.9328571428573,1224.9383333333333,-0.001012788463857106,0.004818721398486789
2018-12-12,1243.15,1247.19,1241.93,1245.39,59387,Gold,1242.0114285714285,1225.9686666666666,0.0020598150994104447,0.0043245299085231045
2018-12-13,1245.73,1246.68,1240.05,1242.0,62080,Gold,1242.5057142857145,1226.2673333333332,-0.0027220388793872674,0.004067794557893024
2018-12-14,1241.71,1242.95,1232.89,1238.0,64452,Gold,1242.6399999999999,1226.4423333333332,-0.0032206119162641045,0.0042677761704581554
2018-12-17,1237.33,1248.06,1235.47,1245.8,45136,Gold,1243.7885714285715,1226.9236666666666,0.006300484652665528,0.004875577759629619
2018-12-18,1245.69,1250.33,1244.97,1249.37,57195,Gold,1243.9257142857143,1227.6683333333333,0.0028656285117996116,0.003715709438141998
2018-12-19,1249.78,1257.99,1241.61,1242.98,77529,Gold,1243.7671428571427,1228.2223333333334,-0.00511457774718449,0.004021099993864164
2018-12-20,1244.23,1266.43,1242.68,1259.69,61651,Gold,1246.1757142857143,1229.4330000000002,0.013443498688635369,0.006459474865580182
2018-12-21,1260.51,1262.7,1253.85,1255.38,49285,Gold,1247.6028571428574,1230.9683333333335,-0.0034214767125244627,0.006768041512871374
2018-12-24,1258.48,1269.75,1257.89,1268.3,35322,Gold,1251.3600000000001,1233.2396666666668,0.010291704503815557,0.007290651923056814
2018-12-26,1272.38,1279.05,1264.46,1266.78,40974,Gold,1255.4714285714285,1235.3993333333335,-0.001198454624300238,0.007037813445018473
2018-12-27,1266.65,1278.92,1265.51,1275.5,51120,Gold,1259.7142857142858,1237.5646666666667,0.0068835946257439495,0.00708242480414861
2018-12-28,1275.35,1282.1,1274.2,1280.59,44994,Gold,1264.1742857142856,1239.828,0.003990591924735387,0.007081231040171438
2018-12-31,1279.92,1284.02,1277.38,1279.48,29631,Gold,1269.3885714285716,1241.7706666666668,-0.0008667879649223442,0.006359877306653556
2019-01-02,1282.21,1288.7,1278.64,1284.6,39271,Gold,1272.9471428571428,1243.7956666666666,0.0040016256604245015,0.004895603606682283
2019-01-03,1287.68,1294.96,1284.5,1293.97,57318,Gold,1278.4599999999998,1246.2106666666666,0.007294099330531045,0.004255213046189104
2019-01-04,1293.66,1298.52,1276.54,1284.53,61565,Gold,1280.7785714285712,1248.1676666666667,-0.007295377790829782,0.005236029636125154
2019-01-07,1285.34,1295.03,1282.56,1288.72,46553,Gold,1283.912857142857,1250.2263333333333,0.0032618934551937873,0.005074997901122613
2019-01-08,1289.16,1290.18,1279.31,1285.04,43237,Gold,1285.2757142857142,1252.3106666666667,-0.0028555465888634446,0.004996806822462491
2019-01-09,1284.62,1293.9,1280.01,1292.93,50186,Gold,1287.0385714285715,1254.6699999999998,0.006139886696133967,0.005264623621335021
2019-01-10,1292.98,1297.03,1286.03,1286.1,42686,Gold,1287.9842857142855,1257.0576666666668,-0.005282575236091769,0.0058149061151697296
2019-01-11,1286.75,1295.12,1286.72,1287.39,37019,Gold,1288.3828571428571,1259.2686666666666,0.0010030324236063315,0.005643539744368574
2019-01-14,1288.04,1295.79,1287.77,1291.37,37149,Gold,1288.0114285714285,1261.5133333333333,0.003091526266321587,0.004960644552496662
2019-01-15,1292.4,1294.59,1286.71,1288.92,42365,Gold,1288.6385714285714,1263.7453333333333,-0.0018972099398312237,0.004017662980953639
2019-01-16,1289.58,1294.95,1287.78,1293.62,37703,Gold,1289.3385714285716,1265.838,0.003646463706048264,0.004064173348637146
2019-01-17,1293.7,1295.33,1288.67,1291.78,37454,Gold,1290.3014285714285,1267.6126666666669,-0.0014223651458696862,0.003896705614578176
2019-01-18,1292.24,1292.4,1280.56,1281.18,36426,Gold,1288.6228571428571,1269.0833333333333,-0.008205731626128254,0.0043393255108205376
2019-01-21,1282.53,1283.47,1276.76,1280.03,22469,Gold,1287.7557142857142,1270.4923333333334,-0.0008976100157668254,0.003968440539468021
2019-01-22,1280.14,1285.41,1277.35,1284.97,33935,Gold,1287.41,1271.711,0.003859284548018538,0.004301829734084964
2019-01-23,1284.9,1286.47,1278.59,1282.42,29596,Gold,1286.1314285714286,1272.9886666666669,-0.001984482127987408,0.004063793886653075
2019-01-24,1282.78,1284.71,1276.7,1280.75,33915,Gold,1284.9642857142858,1274.2526666666668,-0.0013022254799520683,0.004047748093374725
2019-01-25,1280.33,1303.91,1279.89,1302.79,39372,Gold,1286.2742857142857,1276.1660000000002,0.017208666796798777,0.007950982184460791
2019-01-28,1302.27,1304.35,1297.56,1303.21,30687,Gold,1287.9071428571428,1278.2063333333333,0.0003223850351936619,0.007888153048677599
2019-01-29,1303.12,1311.94,1302.66,1311.66,36066,Gold,1292.2614285714285,1280.6616666666666,0.006483989533536461,0.006824517346831996
2019-01-30,1311.51,1323.37,1308.92,1319.59,44860,Gold,1297.912857142857,1283.1213333333333,0.006045774057301223,0.006599316489347997
2019-01-31,1320.3,1326.25,1317.36,1321.05,43609,Gold,1303.067142857143,1285.5106666666666,0.001106404261929761,0.006716244038732975
2019-02-01,1320.95,1323.44,1316.06,1317.71,40010,Gold,1308.1085714285714,1288.0016666666668,-0.0025282918890275896,0.006799403898191536
2019-02-04,1317.6,1317.89,1308.53,1311.96,32119,Gold,1312.567142857143,1289.744,-0.004363630844419486,0.007272196160096065
2019-02-05,1311.76,1316.77,1310.66,1314.87,30404,Gold,1314.292857142857,1291.7269999999999,0.002218055428519161,0.004040623207596613
2019-02-06,1314.6,1315.74,1305.53,1306.33,28894,Gold,1314.7385714285715,1292.9946666666665,-0.006494938663137773,0.0050246968461907515
2019-02-07,1307.41,1311.9,1302.73,1309.95,34320,Gold,1314.4942857142855,1294.4336666666666,0.002771122151370653,0.004430397884180979
2019-02-08,1309.96,1315.6,1307.72,1313.95,28521,Gold,1313.6885714285713,1295.7153333333333,0.0030535516622771652,0.003834046631916334
2019-02-11,1313.14,1314.8,1303.59,1308.1,30756,Gold,1311.8385714285716,1296.6323333333335,-0.0044522242094449105,0.003992771146546655
2019-02-12,1307.39,1314.68,1306.45,1310.57,31972,Gold,1310.8185714285714,1297.6686666666667,0.0018882348444309027,0.004131215455361753
2019-02-13,1311.12,1318.11,1304.94,1305.88,38150,Gold,1309.95,1298.378,-0.003578595572918508,0.004026689129068335
2019-02-14,1306.46,1314.31,1302.34,1312.21,42537,Gold,1309.57,1298.986,0.004847306031181997,0.0044408345377362915
2019-02-15,1312.61,1322.57,1311.29,1321.26,39684,Gold,1311.702857142857,1300.2103333333332,0.006896761951212138,0.004195395606447334
2019-02-18,1317.36,1327.61,1315.81,1326.06,24647,Gold,1314.0042857142855,1301.4550000000002,0.0036328958721221216,0.004246712970015666
2019-02-19,1326.23,1341.81,1322.81,1341.16,40578,Gold,1317.8914285714286,1303.3256666666666,0.011387116721716994,0.005617987451028759
2019-02-20,1339.91,1346.66,1336.83,1338.2,44124,Gold,1322.1914285714286,1304.8346666666666,-0.002207044647916767,0.0051715737526671895
2019-02-21,1339.03,1341.43,1320.88,1323.3,45926,Gold,1324.01,1306.0746666666666,-0.011134359587505638,0.007546894646826237
2019-02-22,1324.22,1333.05,1321.5,1327.56,42277,Gold,1327.107142857143,1307.4136666666668,0.0032192246656086443,0.00722922059176004
2019-02-25,1327.47,1332.51,1325.07,1327.24,39118,Gold,1329.2542857142857,1308.6093333333333,-0.0002410437193045567,0.007195218124342698
2019-02-26,1327.22,1330.15,1323.43,1328.69,37082,Gold,1330.3157142857144,1309.935,0.0010924926916007216,0.006814230014891041
2019-02-27,1329.03,1329.81,1316.57,1319.62,30898,Gold,1329.3957142857143,1310.8016666666665,-0.006826272493960395,0.0072290557067779555
2019-02-28,1319.99,1327.22,1312.55,1313.08,44328,Gold,1325.3842857142859,1311.5116666666665,-0.00495597217380761,0.004971610455906054
2019-03-01,1314.15,1315.17,1290.12,1293.42,44869,Gold,1318.9871428571428,1311.9196666666664,-0.014972431230389494,0.0066775654381850845
2019-03-04,1295.06,1296.96,1282.8,1286.46,40156,Gold,1313.7242857142858,1312.1339999999998,-0.0053810827109523895,0.006101682409023851
2019-03-05,1286.88,1289.55,1281.13,1287.38,37932,Gold,1307.984285714286,1312.2143333333333,0.000715140773906775,0.005665041560156788
2019-03-06,1287.23,1290.86,1283.49,1286.15,36348,Gold,1302.1142857142856,1312.3386666666665,-0.0009554288555050361,0.00558418207466371
2019-03-07,1286.52,1288.99,1280.77,1285.33,39802,Gold,1295.92,1312.4913333333332,-0.0006375617151966884,0.005329483983014713
2019-03-08,1284.52,1300.69,1284.41,1298.23,44398,Gold,1292.8642857142859,1312.3393333333333,0.01003633308177676,0.007560700595187921
2019-03-11,1296.85,1299.04,1290.42,1293.27,32454,Gold,1290.0342857142857,1312.008,-0.0038205864908376075,0.007506392208227353
2019-03-12,1293.04,1302.19,1291.96,1301.15,31873,Gold,1291.1385714285716,1311.6576666666667,0.006093081877720952,0.005446842626760848
2019-03-13,1300.91,1311.19,1300.87,1309.1,31237,Gold,1294.3728571428571,1311.308,0.006109979633400986,0.0049608145355312305
2019-03-14,1309.79,1310.31,1292.73,1296.08,33687,Gold,1295.6157142857141,1310.4756666666667,-0.009945764265525958,0.006870926125917287
2019-03-15,1296.09,1306.36,1293.93,1301.92,33130,Gold,1297.8685714285714,1309.9493333333332,0.004505894697858226,0.006924011937466022
2019-03-18,1302.24,1306.67,1298.13,1303.41,29029,Gold,1300.4514285714286,1309.6643333333334,0.0011444635615092125,0.006853438159365963
2019-03-19,1303.35,1310.87,1302.27,1306.41,32840,Gold,1301.6200000000001,1309.3823333333335,0.0023016548898657785,0.005902715157219908
2019-03-20,1306.63,1316.98,1298.57,1312.34,40670,Gold,1304.3442857142857,1309.5826666666667,0.004539156926232746,0.005624592890273984
2019-03-21,1314.15,1320.35,1303.16,1309.28,40550,Gold,1305.5057142857145,1309.5603333333333,-0.0023317128183244495,0.0055300499777238814
2019-03-22,1309.15,1314.92,1306.79,1313.07,42107,Gold,1306.0728571428572,1309.531,0.0028947207625564797,0.005145688244416888
2019-03-25,1312.19,1324.49,1310.91,1322.01,36116,Gold,1309.777142857143,1309.9946666666667,0.006808471749411682,0.002924760147851564
2019-03-26,1321.89,1323.21,1312.63,1315.1,33737,Gold,1311.6599999999999,1310.1456666666668,-0.005226889357871745,0.004083383851605701
2019-03-27,1316.56,1319.27,1308.02,1309.63,49515,Gold,1312.5485714285714,1310.2706666666668,-0.004159379514865669,0.004607362552932538
2019-03-28,1309.31,1312.24,1288.48,1289.87,40599,Gold,1310.185714285714,1309.526,-0.01508823102708412,0.007421825444805799
2019-03-29,1291.03,1299.71,1286.66,1292.16,36253,Gold,1307.302857142857,1308.556,0.0017753727119789176,0.007095029455058232
2019-04-01,1292.15,1296.97,1286.37,1287.3,35818,Gold,1304.162857142857,1307.264,-0.0037611441307578986,0.00712032459093777
2019-04-02,1287.35,1292.41,1285.24,1292.34,25835,Gold,1301.2014285714286,1305.6366666666665,0.003915171288743746,0.007255804346073774
2019-04-03,1292.19,1294.52,1288.34,1289.66,27327,Gold,1296.58,1304.0186666666666,-0.002073757679867394,0.006091232692368462
2019-04-04,1290.39,1294.35,1280.88,1292.38,27632,Gold,1293.3342857142857,1302.988,0.0021090830141277106,0.00637258992888094
2019-04-05,1292.74,1293.53,1284.35,1291.49,27455,Gold,1290.7428571428572,1301.7856666666669,-0.0006886519444746497,0.0063541417860081386
2019-04-08,1292.17,1303.66,1291.39,1297.49,23309,Gold,1291.8314285714284,1300.794,0.004645796715421646,0.00312045131232404
2019-04-09,1297.78,1306.15,1296.55,1303.9,33090,Gold,1293.5085714285713,1299.967666666667,0.004940307825108459,0.003485495311393527
2019-04-10,1304.36,1310.53,1300.9,1307.94,33655,Gold,1296.457142857143,1299.5783333333334,0.003098397116343188,0.0027023162007588685
2019-04-11,1308.05,1309.13,1289.53,1292.26,40410,Gold,1296.445714285714,1298.8843333333332,-0.01198831750691931,0.005895373483298961
2019-04-12,1292.42,1295.76,1290.01,1290.46,35036,Gold,1296.56,1298.7856666666667,-0.0013929085478153747,0.00586085510154498
2019-04-15,1291.22,1291.89,1282.43,1287.57,30511,Gold,1295.8728571428571,1298.8226666666667,-0.0022395114920261694,0.005843267084690147
2019-04-16,1287.82,1288.72,1272.89,1276.69,37582,Gold,1293.7585714285713,1298.4663333333333,-0.00845002601800282,0.0065720042756660865
2019-04-17,1276.72,1279.71,1272.93,1273.76,32860,Gold,1290.3685714285714,1298.0533333333335,-0.002294997219371986,0.005963346712485751
2019-04-18,1274.26,1277.65,1271.09,1275.47,31394,Gold,1286.3071428571427,1297.7246666666665,0.0013424821002387954,0.005324098470850773
2019-04-22,1275.72,1279.77,1273.74,1274.7,21624,Gold,1281.5585714285714,1296.9403333333332,-0.000603699028593363,0.004755553620587701
2019-04-23,1275.25,1276.44,1266.21,1272.1,30666,Gold,1278.6785714285713,1296.2346666666667,-0.0020396956146545575,0.003023154873460469
2019-04-24,1272.14,1278.49,1268.72,1275.5,32797,Gold,1276.5414285714287,1295.3796666666667,0.002672745853313563,0.003556473596295825
2019-04-25,1275.62,1282.53,1273.31,1277.18,34181,Gold,1275.0571428571427,1294.3156666666666,0.0013171305370442976,0.0037104353350754585
2019-04-26,1277.33,1288.67,1274.15,1285.95,38920,Gold,1276.3799999999999,1293.9779999999998,0.0068666906778998005,0.0031647249646995414
2019-04-29,1285.92,1286.65,1278.01,1279.49,30175,Gold,1277.1985714285713,1293.2303333333334,-0.005023523465142565,0.003756292166342445
2019-04-30,1279.91,1286.14,1279.85,1283.29,36375,Gold,1278.3157142857144,1292.5596666666668,0.002969933332812147,0.0038555345928003746
2019-05-01,1283.13,1287.23,1272.83,1276.48,42936,Gold,1278.57,1291.5620000000001,-0.005306672692844128,0.004511174424826118
2019-05-02,1277.06,1277.91,1266.2,1270.48,37990,Gold,1278.3385714285716,1290.1666666666667,-0.004700426171972971,0.0048327664168955654
2019-05-03,1270.52,1282.52,1268.13,1278.97,39549,Gold,1278.8342857142857,1289.1563333333334,0.006682513695611014,0.005427227883527632
2019-05-06,1282.56,1285.77,1276.93,1280.2,39892,Gold,1279.2657142857145,1288.0606666666667,0.0009617113771238639,0.005418882625742078
2019-05-07,1281.33,1286.03,1278.13,1284.28,39904,Gold,1279.027142857143,1286.8029999999999,0.003187002030932584,0.004827576924583496
2019-05-08,1283.91,1291.44,1279.27,1280.49,42097,Gold,1279.17,1285.6493333333333,-0.002951069860155031,0.004535424259991393
2019-05-09,1281.23,1288.17,1279.56,1283.4,46217,Gold,1279.1857142857145,1284.775,0.0022725675327415207,0.004469582162231029
2019-05-10,1284.43,1289.37,1283.11,1285.66,48490,Gold,1280.4971428571428,1284.6346666666666,0.0017609474832476213,0.0038160448615415623
2019-05-13,1287.13,1301.19,1281.9,1299.79,44745,Gold,1284.6842857142858,1284.8890000000001,0.010990464041815029,0.00444521638871841
2019-05-14,1300.59,1303.23,1293.65,1296.76,32675,Gold,1287.2257142857143,1285.2043333333334,-0.0023311458004754426,0.0045955975858274776
2019-05-15,1297.04,1300.84,1292.99,1296.35,38680,Gold,1289.532857142857,1285.3380000000002,-0.0003161726148247501,0.0046678053985469885
2019-05-16,1296.45,1298.72,1283.97,1286.31,36934,Gold,1289.8228571428572,1285.2263333333333,-0.0077448220002314105,0.00581488774589883
2019-05-17,1286.54,1288.89,1274.72,1277.48,38861,Gold,1289.392857142857,1284.7296666666666,-0.006864597181083787,0.006337491541969534
2019-05-20,1278.29,1278.95,1273.61,1277.63,30684,Gold,1288.5685714285714,1284.2676666666666,0.00011741866800263345,0.006242243962463038
2019-05-21,1277.54,1277.86,1269.41,1274.69,29422,Gold,1287.0014285714285,1283.5076666666666,-0.0023011356965632057,0.0061716846190600725
2019-05-22,1274.5,1277.26,1272.43,1273.41,28455,Gold,1283.232857142857,1282.4913333333332,-0.0010041657187237485,0.0031423118800619526
2019-05-23,1273.64,1287.27,1272.78,1283.56,42712,Gold,1281.347142857143,1281.6786666666667,0.007970724275763397,0.005201894703215974
2019-05-24,1283.49,1285.2,1280.71,1284.8,32122,Gold,1279.6971428571428,1281.43,0.0009660631369003969,0.005270555253753236
2019-05-27,1285.21,1287.33,1283.72,1284.95,15551,Gold,1279.5028571428572,1281.2463333333333,0.0001167496886675945,0.004430516421897475
2019-05-28,1285.2,1286.51,1276.09,1279.4,38161,Gold,1279.777142857143,1280.974,-0.004319234211447864,0.0038538048040227604
2019-05-29,1279.39,1285.51,1279.11,1280.2,45534,Gold,1280.1442857142858,1281.0910000000001,0.0006252931061434541,0.0038563114653380947
2019-05-30,1280.0,1289.17,1274.95,1288.41,37312,Gold,1282.1042857142857,1281.5793333333334,0.0064130604593033436,0.004264114844641248
2019-05-31,1288.29,1306.92,1287.93,1305.13,47039,Gold,1286.6357142857144,1282.568,0.012977235507330764,0.0058531181272476395
2019-06-03,1306.59,1327.92,1306.49,1324.48,50885,Gold,1292.4814285714288,1284.2273333333333,0.014826109276470545,0.00714894060066815
2019-06-04,1324.89,1329.0,1319.87,1325.59,49993,Gold,1298.3085714285714,1286.0103333333332,0.0008380647499395266,0.00715968667683323
2019-06-05,1325.24,1344.04,1324.49,1330.09,65031,Gold,1304.7571428571428,1287.8300000000002,0.003394714806237209,0.0069289456152948565
2019-06-06,1332.17,1339.79,1327.18,1335.52,55111,Gold,1312.7742857142857,1289.7746666666667,0.004082430512221125,0.005665084102521661
2019-06-07,1335.9,1348.23,1330.23,1340.24,52484,Gold,1321.3514285714284,1291.5843333333335,0.0035342039055947794,0.0052849060806042835
2019-06-10,1334.62,1337.65,1325.03,1327.84,47974,Gold,1326.9842857142855,1293.196,-0.009252074255357345,0.007991427807230313
2019-06-11,1328.06,1329.84,1319.83,1326.65,46762,Gold,1330.0585714285714,1294.6413333333333,-0.0008961923123266269,0.007171463973902382
2019-06-12,1326.87,1338.38,1325.98,1333.23,50814,Gold,1331.3085714285714,1296.5330000000001,0.004959861304790314,0.0049337123659588785
2019-06-13,1333.66,1343.09,1332.38,1341.81,43496,Gold,1333.6257142857144,1298.9106666666667,0.006435498751153235,0.0053484230090034245
2019-06-14,1342.27,1358.12,1337.73,1340.82,62043,Gold,1335.1585714285716,1300.9723333333334,-0.0007378093768865002,0.005364826338356846
2019-06-17,1341.76,1343.47,1332.93,1339.48,49206,Gold,1335.7242857142858,1302.9483333333333,-0.0009993884339433157,0.005246107325721871
2019-06-18,1340.04,1354.57,1338.59,1346.51,71328,Gold,1336.6200000000001,1305.0226666666667,0.005248305312509416,0.0054508929205733005
2019-06-19,1346.14,1362.54,1341.31,1359.64,72466,Gold,1341.162857142857,1307.661,0.009751134414152318,0.004288233931450453
2019-06-20,1359.47,1393.9,1357.65,1388.35,102246,Gold,1349.9771428571428,1311.1593333333333,0.021115883616251274,0.0074916940965169265
2019-06-21,1387.4,1411.76,1382.48,1398.68,118183,Gold,1359.327142857143,1314.9266666666665,0.007440486908920851,0.00746315914084887
2019-06-24,1399.87,1421.41,1399.42,1419.11,78266,Gold,1370.3700000000001,1318.9039999999998,0.014606629107444036,0.007999351780698707
2019-06-25,1418.0,1439.21,1411.82,1423.19,130617,Gold,1382.137142857143,1323.1183333333333,0.0028750413991869284,0.007433595346711443
2019-06-26,1419.69,1422.04,1401.82,1408.67,109233,Gold,1392.0214285714287,1326.8623333333333,-0.010202432563466535,0.00983537910092528
2019-06-27,1407.94,1412.12,1398.59,1409.1,76489,Gold,1400.962857142857,1330.955333333333,0.0003052524721900429,0.010175627776068097
2019-06-28,1408.7,1424.6,1405.63,1409.91,80301,Gold,1408.1442857142854,1335.3696666666667,0.0005748350010645886,0.010285885412643428
2019-07-01,1391.67,1397.72,1381.66,1383.75,91450,Gold,1407.4871428571428,1338.907,-0.0185543758112221,0.010988716675528414
2019-07-02,1383.94,1420.97,1383.74,1418.0,79268,Gold,1410.2471428571428,1343.6840000000002,0.024751580849141863,0.014454492132276453
2019-07-03,1422.59,1437.73,1411.96,1418.41,97900,Gold,1410.1471428571429,1348.5173333333332,0.00028913963328647263,0.013352703271060634
2019-07-04,1420.14,1421.61,1410.13,1415.29,37381,Gold,1409.0185714285712,1352.9083333333333,-0.0021996460825854935,0.01330863361246056
2019-07-05,1416.39,1424.15,1386.63,1398.09,77113,Gold,1407.5071428571428,1356.6846666666668,-0.012152986313759051,0.013558354889611974
2019-07-08,1399.09,1407.53,1391.68,1395.28,58768,Gold,1405.5328571428574,1360.3623333333335,-0.0020098849144188913,0.013549499013149386
2019-07-09,1394.69,1399.93,1385.69,1397.51,51415,Gold,1403.7614285714283,1364.2993333333334,0.00159824551344534,0.013578951907243496
2019-07-10,1395.68,1418.55,1389.81,1417.87,68331,Gold,1408.6357142857141,1368.888333333333,0.014568768738685067,0.012219638409580763
2019-07-11,1419.07,1427.07,1400.73,1403.73,65404,Gold,1406.597142857143,1372.7323333333334,-0.009972705537178883,0.008727091335966808
2019-07-12,1404.51,1416.84,1403.08,1414.83,53268,Gold,1406.0857142857142,1376.3890000000001,0.007907503579748232,0.009421871045825501
2019-07-15,1416.52,1419.73,1407.63,1413.7,48080,Gold,1405.8585714285714,1379.363,-0.0007986825272293663,0.009390188973452175
2019-07-16,1414.44,1418.22,1400.68,1405.82,54713,Gold,1406.962857142857,1382.0373333333334,-0.005574025606564392,0.008244810400418147
2019-07-17,1406.48,1426.75,1400.01,1426.21,51546,Gold,1411.3814285714284,1385.2413333333332,0.014503990553556001,0.009558979123487833
2019-07-18,1426.3,1448.07,1414.56,1445.65,78476,Gold,1418.2585714285717,1388.9123333333334,0.013630531268186363,0.010282398967934647
2019-07-19,1448.13,1452.92,1420.13,1424.96,91707,Gold,1419.2714285714285,1391.7363333333333,-0.014311901220904089,0.011478506050024848
2019-07-22,1426.44,1429.98,1422.18,1424.67,61460,Gold,1422.2628571428572,1394.964,-0.00020351448461708443,0.010507612387392371
2019-07-23,1424.71,1430.21,1414.13,1417.6,61934,Gold,1422.6585714285716,1397.9956666666667,-0.004962552731509917,0.010461186266368506
2019-07-24,1417.19,1429.51,1416.27,1425.11,58410,Gold,1424.2885714285715,1401.0583333333332,0.0052976862302482886,0.01060470540417617
2019-07-25,1425.24,1433.73,1411.0,1414.11,70765,Gold,1425.472857142857,1403.4683333333332,-0.007718702415953849,0.010860826201935769
2019-07-26,1414.84,1424.79,1413.4,1418.31,47512,Gold,1424.3442857142857,1406.0513333333333,0.0029700659778941763,0.009199139178203659
2019-07-29,1420.75,1428.11,1414.8,1426.62,36670,Gold,1421.6257142857141,1408.956,0.005859085813397558,0.0074820892390393395
2019-07-30,1425.73,1433.2,1422.26,1430.61,45064,Gold,1422.4328571428573,1411.7593333333332,0.002796820456743898,0.005179353282625385
2019-07-31,1430.57,1434.47,1410.17,1412.23,75264,Gold,1420.6557142857143,1413.5123333333333,-0.012847666380075506,0.007276984726397255
2019-08-01,1415.85,1445.95,1400.44,1444.89,91909,Gold,1424.5542857142857,1415.3970000000002,0.02312654454302776,0.011433025438017804
2019-08-02,1445.59,1447.93,1430.29,1440.32,109809,Gold,1426.7271428571426,1416.785,-0.00316287052993669,0.011569321102234778
2019-08-05,1440.29,1469.72,1436.67,1463.72,111163,Gold,1433.814285714286,1418.2720000000002,0.016246389691179752,0.011901940948182197
2019-08-06,1467.57,1474.81,1456.33,1474.27,98081,Gold,1441.8085714285714,1419.9746666666665,0.007207662667723325,0.011889344640004698
2019-08-07,1474.58,1510.33,1472.18,1501.25,134373,Gold,1452.47,1423.0606666666667,0.01830058266124923,0.012826869519243538
2019-08-08,1498.84,1509.53,1489.97,1500.88,101100,Gold,1462.5085714285713,1426.1200000000001,-0.0002464612822646872,0.013057643200142646
2019-08-09,1506.34,1508.09,1494.74,1497.02,88737,Gold,1474.6214285714286,1429.0236666666667,-0.0025718245296093567,0.010852963670361692
2019-08-12,1496.05,1519.99,1487.2,1511.72,77110,Gold,1484.1685714285716,1433.2893333333334,0.00981950808940435,0.008821832343224789
2019-08-13,1510.51,1534.95,1479.77,1501.35,121062,Gold,1492.887142857143,1436.0676666666666,-0.006859735929934163,0.009576060843235187
2019-08-14,1501.62,1524.03,1493.78,1516.18,121466,Gold,1500.3814285714286,1439.3266666666668,0.009877776667665872,0.008701255693839486
2019-08-15,1518.59,1526.97,1507.81,1523.42,135399,Gold,1507.4028571428573,1442.931,0.004775158622327247,0.00865032952585717
2019-08-16,1521.85,1527.97,1503.63,1512.1,87768,Gold,1508.9528571428568,1446.7313333333332,-0.007430649459768235,0.007280046419381923
2019-08-19,1509.43,1512.9,1493.18,1495.79,77501,Gold,1508.2257142857143,1450.0816666666665,-0.010786323655842867,0.008569168185086825
2019-08-20,1496.54,1508.55,1492.93,1507.36,63548,Gold,1509.702857142857,1453.743333333333,0.007735043020744792,0.009018292058291775
2019-08-21,1506.52,1508.03,1496.43,1502.31,61239,Gold,1508.3585714285714,1456.5580000000002,-0.0033502282135654537,0.00821414407258773
2019-08-22,1501.86,1504.55,1492.43,1498.16,66041,Gold,1507.902857142857,1459.7056666666665,-0.0027624125513374675,0.007853653287788755
2019-08-23,1498.54,1530.2,1493.47,1526.25,98456,Gold,1509.3414285714284,1463.4196666666664,0.018749666257275477,0.010146724379335326
2019-08-26,1545.74,1555.21,1524.93,1527.38,127966,Gold,1509.9071428571426,1467.2089999999998,0.000740376740376858,0.01000954240342637
2019-08-27,1527.27,1544.65,1525.63,1542.63,83672,Gold,1514.2685714285715,1471.7693333333334,0.009984417761133457,0.00989853707275823
2019-08-28,1540.96,1546.83,1531.79,1541.01,89182,Gold,1520.7285714285715,1475.5960000000002,-0.0010501546060948108,0.008191492638658716
2019-08-29,1539.02,1550.3,1519.52,1526.87,107263,Gold,1523.515714285714,1478.3033333333333,-0.009175800286824964,0.009410009673214455
2019-08-30,1527.53,1533.11,1516.93,1520.55,92368,Gold,1526.1214285714286,1481.4896666666668,-0.004139186702207698,0.009487453566567135
2019-09-02,1529.39,1533.77,1519.22,1528.96,50614,Gold,1530.5214285714285,1484.9660000000001,0.00553089342672064,0.00934477355523403
2019-09-03,1526.91,1549.68,1521.61,1548.7,100722,Gold,1533.7285714285715,1489.3359999999998,0.012910736709920378,0.007838460819867759
2019-09-04,1546.53,1556.98,1533.78,1552.6,95612,Gold,1537.331428571429,1493.5856666666666,0.0025182411054431864,0.00781528595553668
2019-09-05,1551.44,1552.95,1506.19,1518.89,103092,Gold,1533.94,1497.0783333333336,-0.021711967023058,0.011141608878188705
2019-09-06,1518.45,1527.81,1502.47,1506.38,109340,Gold,1528.9928571428572,1500.014,-0.008236277808136183,0.01135143575713349
2019-09-09,1503.51,1515.43,1497.54,1498.81,81607,Gold,1524.984285714286,1502.4203333333332,-0.005025292422894734,0.011091862675883817
2019-09-10,1498.32,1500.97,1484.45,1485.77,87411,Gold,1520.0157142857145,1504.2590000000002,-0.00870023552017929,0.011329238300557126
2019-09-11,1486.28,1498.23,1485.99,1496.52,66314,Gold,1515.3814285714286,1507.0686666666666,0.0072353055991170034,0.011565140184575275
2019-09-12,1496.74,1524.13,1489.16,1498.97,93718,Gold,1508.277142857143,1508.8713333333333,0.0016371314783631963,0.00959756370485824
2019-09-13,1497.62,1508.94,1485.71,1488.55,73329,Gold,1499.1271428571429,1510.479,-0.0069514399887923295,0.009078397169998444
2019-09-16,1500.71,1512.09,1495.83,1498.4,84660,Gold,1496.2,1511.6349999999998,0.006617177790467332,0.006954391415578772
2019-09-17,1498.49,1507.03,1493.39,1501.32,67403,Gold,1495.4771428571428,1512.5366666666666,0.0019487453283502099,0.006459957536428467
2019-09-18,1501.47,1511.54,1482.97,1493.24,65272,Gold,1494.6814285714286,1512.2696666666668,-0.005381930567767035,0.006503201104935732
2019-09-19,1492.89,1504.45,1488.92,1498.47,74260,Gold,1496.4957142857143,1512.1893333333333,0.0035024510460475167,0.005501293025533837
2019-09-20,1499.19,1517.01,1497.89,1516.27,60729,Gold,1499.317142857143,1512.831,0.01187878302535239,0.006529948453308541
2019-09-23,1512.63,1526.77,1511.48,1522.12,71616,Gold,1502.6242857142856,1513.1776666666667,0.0038581519122582453,0.006569285369316346
2019-09-24,1523.09,1535.63,1515.55,1531.17,77381,Gold,1508.712857142857,1514.1716666666666,0.0059456547446983254,0.0052470134616562965
2019-09-25,1533.29,1535.08,1500.4,1503.64,84604,Gold,1509.4614285714285,1513.7536666666667,-0.017979714858572193,0.009640271492512767
2019-09-26,1503.66,1512.25,1500.25,1504.56,74798,Gold,1509.9242857142858,1513.125,0.000611848580777119,0.009620908445568765
2019-09-27,1503.95,1507.34,1486.79,1496.61,87365,Gold,1510.405714285714,1512.6086666666667,-0.005283936832030656,0.00961124804089782
2019-09-30,1496.25,1500.41,1464.43,1472.29,85679,Gold,1506.6657142857143,1511.8253333333334,-0.016250058465465234,0.011288732646262041
2019-10-01,1472.93,1487.19,1459.03,1479.38,91422,Gold,1501.3957142857141,1510.8926666666666,0.0048156273560238105,0.010040099198849762
2019-10-02,1480.06,1505.02,1474.44,1499.92,90625,Gold,1498.2242857142858,1510.8129999999999,0.013884194730224841,0.011817401749917989
2019-10-03,1498.96,1519.48,1495.76,1504.83,93063,Gold,1494.4614285714285,1511.0353333333333,0.0032735079204222473,0.011556863518560768
2019-10-04,1506.04,1515.54,1495.77,1504.5,88317,Gold,1494.5842857142857,1510.3103333333333,-0.00021929387372654485,0.009300402844782864
2019-10-07,1508.53,1509.25,1487.97,1493.27,86523,Gold,1492.9714285714285,1509.1733333333334,-0.007464273845131264,0.00972049260792169
2019-10-08,1493.37,1509.65,1486.81,1505.48,107974,Gold,1494.2385714285715,1507.935,0.008176686064810701,0.010065142429480022
2019-10-09,1506.45,1512.34,1499.8,1505.42,86218,Gold,1498.9714285714285,1506.7486666666666,-3.98543985971056e-05,0.006800121801823927
2019-10-10,1505.7,1516.98,1491.02,1493.39,115499,Gold,1500.9728571428573,1505.6326666666669,-0.007991125400220511,0.007924096874847887
2019-10-11,1494.46,1503.13,1473.93,1487.93,118368,Gold,1499.2600000000002,1504.5453333333332,-0.0036561112636350757,0.005796584913682832
2019-10-14,1486.43,1497.06,1482.77,1493.03,74909,Gold,1497.5742857142857,1503.3476666666668,0.003427580598549529,0.005816357800004005
2019-10-15,1492.37,1498.53,1477.13,1481.0,85309,Gold,1494.217142857143,1501.0910000000001,-0.008057440238977143,0.006346719732964297
2019-10-16,1481.09,1491.51,1476.96,1489.52,91869,Gold,1493.6814285714286,1498.9883333333335,0.005752869682646766,0.006494060661834988
2019-10-17,1489.99,1497.31,1483.37,1492.23,81532,Gold,1491.7885714285715,1498.0996666666665,0.001819378054675358,0.0054677670600916575
2019-10-18,1491.98,1494.17,1484.81,1489.93,72019,Gold,1489.5757142857144,1497.5513333333333,-0.0015413173572438321,0.005441805608417688
2019-10-21,1491.65,1495.17,1481.42,1484.06,73746,Gold,1488.242857142857,1497.0596666666668,-0.003939782405884884,0.004810729858673212
2019-10-22,1484.53,1488.93,1480.78,1487.77,69834,Gold,1488.2199999999998,1497.1263333333334,0.002499898925919508,0.004782313284258052
2019-10-23,1487.93,1496.23,1487.62,1491.75,65293,Gold,1488.037142857143,1496.9673333333335,0.0026751446796211553,0.004700035254981113
2019-10-24,1491.33,1503.96,1487.93,1502.9,67974,Gold,1491.1657142857143,1497.0983333333331,0.007474442768560463,0.00392715925635326
2019-10-25,1503.03,1517.93,1500.55,1504.16,76377,Gold,1493.2571428571428,1497.6186666666665,0.0008383791336747937,0.003591435386108826
2019-10-28,1503.29,1508.17,1489.93,1492.54,76826,Gold,1493.3014285714287,1497.4233333333334,-0.007725241995532484,0.004958858306578994
2019-10-29,1491.81,1494.71,1483.33,1487.9,73054,Gold,1493.0114285714285,1496.976,-0.003108794404170001,0.005076180987376522
2019-10-30,1487.39,1496.52,1481.08,1495.6,74557,Gold,1494.66,1497.0546666666667,0.005175078970360847,0.005120961908077422
2019-10-31,1495.77,1514.19,1493.89,1512.13,70127,Gold,1498.1399999999999,1497.5099999999998,0.011052420433271148,0.00637275566893853
2019-11-01,1512.49,1516.09,1503.22,1513.9,72696,Gold,1501.304285714286,1497.431,0.0011705342794601226,0.006384938319725179
2019-11-04,1512.69,1514.77,1504.34,1509.48,60931,Gold,1502.2442857142858,1497.0096666666666,-0.0029196115991809712,0.006137423838258151
2019-11-05,1508.83,1509.61,1479.31,1483.78,86931,Gold,1499.3328571428572,1495.43,-0.017025730715213183,0.009059719814385992
2019-11-06,1483.71,1494.13,1482.91,1490.14,70392,Gold,1498.99,1494.98,0.004286349728396477,0.008911384041248707
2019-11-07,1489.79,1492.21,1460.46,1468.52,100691,Gold,1496.2214285714288,1493.7786666666666,-0.014508703880172447,0.010442601947540674
2019-11-08,1468.11,1472.87,1456.12,1458.72,83604,Gold,1490.952857142857,1492.5156666666667,-0.006673385449295854,0.010072704519218177
2019-11-11,1460.22,1466.36,1448.15,1455.65,62464,Gold,1482.8842857142859,1491.961,-0.0021045848415048862,0.00789257987673616
2019-11-12,1454.99,1460.32,1445.57,1456.3,88273,Gold,1474.6557142857143,1491.1916666666666,0.00044653591179177887,0.007796337026442534
2019-11-13,1457.29,1467.0,1456.64,1463.26,84024,Gold,1468.0528571428572,1489.9696666666666,0.004779235047723818,0.008710454641589507
2019-11-14,1463.99,1474.55,1461.07,1470.97,79413,Gold,1466.222857142857,1488.8410000000001,0.005269056763664626,0.007283626524196441
2019-11-15,1471.22,1471.31,1462.37,1467.37,63220,Gold,1462.97,1487.6033333333335,-0.0024473646641333113,0.006868802075867838
2019-11-18,1467.85,1473.89,1456.28,1470.78,65688,Gold,1463.292857142857,1486.8536666666666,0.002323885591227981,0.004297172255820895
2019-11-19,1470.65,1475.23,1464.72,1472.31,70981,Gold,1465.2342857142855,1485.748,0.0010402643495288633,0.0030367337247504
2019-11-20,1473.67,1478.75,1465.88,1471.05,80216,Gold,1467.4342857142858,1484.6023333333333,-0.0008557980316644676,0.00283108134288223
2019-11-21,1474.9,1475.59,1462.28,1464.32,84627,Gold,1468.58,1483.6333333333334,-0.004574963461473125,0.0036597676251747696
2019-11-22,1464.37,1473.18,1461.25,1461.81,69819,Gold,1468.372857142857,1482.7626666666665,-0.0017141062062937529,0.003283915298759296
2019-11-25,1460.39,1462.08,1454.0,1454.94,58527,Gold,1466.0828571428572,1481.493,-0.004699653169700557,0.0026489125223663995
2019-11-26,1454.94,1462.87,1450.02,1461.3,55649,Gold,1465.215714285714,1480.8363333333332,0.004371314281001126,0.0034123919798182754
2019-11-27,1461.11,1461.75,1452.45,1453.93,57103,Gold,1462.8085714285714,1479.65,-0.005043454458358965,0.0034999802204109774
2019-11-28,1455.75,1458.26,1454.16,1455.74,31775,Gold,1460.4414285714286,1478.4336666666668,0.0012449017490525627,0.0035268450809104236
2019-11-29,1455.39,1466.53,1452.94,1463.83,48203,Gold,1459.4099999999999,1477.5636666666664,0.005557311058293379,0.004463950867927299
2019-12-02,1462.43,1465.29,1453.89,1462.45,65523,Gold,1459.142857142857,1476.8433333333335,-0.0009427324211144228,0.004136767667390104
2019-12-03,1461.61,1481.73,1459.78,1477.32,65924,Gold,1461.3585714285714,1476.495,0.01016786898697375,0.005584490832659162
2019-12-04,1476.47,1484.01,1471.35,1474.33,79731,Gold,1464.1285714285714,1475.9143333333334,-0.002023935234072516,0.005163331372740353
2019-12-05,1474.37,1480.29,1472.86,1475.76,68940,Gold,1466.1942857142858,1475.0096666666666,0.0009699321047527132,0.00505132323329124
2019-12-06,1476.04,1479.82,1458.66,1459.53,63328,Gold,1466.9942857142855,1473.522,-0.010997723207025523,0.006588333739588834
2019-12-09,1458.58,1465.35,1458.48,1461.71,46080,Gold,1467.847142857143,1472.4943333333333,0.0014936315115139376,0.0065932621569412
2019-12-10,1461.41,1469.17,1459.95,1464.35,66086,Gold,1467.9214285714286,1471.7093333333332,0.001806103809921078,0.006267937820334312
2019-12-11,1464.16,1478.84,1462.63,1474.72,63369,Gold,1469.6742857142856,1471.0133333333333,0.007081640318230109,0.006766334936203838
2019-12-12,1474.89,1486.69,1463.89,1469.4,80536,Gold,1468.542857142857,1469.589,-0.003607464467831112,0.005637139347410986
2019-12-13,1466.57,1478.0,1461.73,1475.44,92543,Gold,1468.7014285714286,1468.307,0.004110521301211367,0.00587847218601584
2019-12-16,1474.85,1479.85,1473.09,1475.9,55769,Gold,1468.7214285714285,1467.1876666666665,0.00031177140378457757,0.005867910619995083
2019-12-17,1475.89,1480.49,1474.12,1475.99,55358,Gold,1471.0728571428574,1466.9279999999999,6.097974117480476e-05,0.003355349612607847
2019-12-18,1475.76,1479.24,1470.38,1475.45,51047,Gold,1473.0357142857142,1466.4383333333333,-0.0003658561372367197,0.0034385056478223644
2019-12-19,1475.3,1481.64,1473.19,1478.7,49593,Gold,1475.0857142857144,1466.7776666666666,0.0022027178149039983,0.0034506636733724295
2019-12-20,1478.94,1480.94,1475.78,1477.93,44501,Gold,1475.544285714286,1467.4180000000001,-0.0005207276661932658,0.0024007535680359866
2019-12-23,1477.96,1486.09,1477.46,1485.38,44323,Gold,1477.827142857143,1468.4089999999999,0.0050408341396412926,0.002268517447496329
2019-12-24,1485.2,1500.44,1484.33,1498.99,39618,Gold,1481.1914285714286,1469.832,0.009162638516743149,0.0036203324403554014
2019-12-26,1503.27,1512.56,1502.27,1511.04,42592,Gold,1486.2114285714288,1471.4246666666668,0.00803874608903321,0.004073286152106196
2019-12-27,1510.77,1515.29,1507.28,1510.63,54172,Gold,1491.16,1472.7466666666667,-0.00027133629817865934,0.004120005748211609
2019-12-30,1511.16,1516.07,1510.7,1514.96,57637,Gold,1496.804285714286,1474.3329999999999,0.002866353772929209,0.0038063777630633457
2019-12-31,1514.63,1525.23,1514.54,1520.46,51632,Gold,1502.77,1475.989,0.003630458890003796,0.00374500216194366
2020-01-02,1520.26,1531.32,1518.38,1528.77,55524,Gold,1510.032857142857,1477.871,0.005465451245017849,0.003184135892057775
2020-01-03,1528.25,1553.43,1527.86,1551.44,95044,Gold,1519.47,1480.5506666666665,0.014828914748457933,0.004945286256826008
2020-01-06,1575.89,1582.09,1560.7,1565.63,118721,Gold,1528.99,1483.9276666666667,0.009146341463414753,0.004943687823836331
2020-01-07,1564.53,1577.32,1555.23,1573.24,96091,Gold,1537.8757142857141,1487.642,0.00486066311963862,0.004897059119966413
2020-01-08,1575.99,1611.35,1552.22,1556.36,156878,Gold,1544.4085714285716,1491.0226666666667,-0.01072945005212178,0.007793218709355073
2020-01-09,1554.75,1561.29,1540.2,1552.08,87919,Gold,1549.7114285714285,1494.0486666666668,-0.0027500064252485856,0.008241120560912758
2020-01-10,1552.91,1563.13,1545.73,1561.76,78711,Gold,1555.6114285714286,1497.643,0.006236791917942464,0.008306969571490512
2020-01-13,1559.55,1560.6,1546.51,1548.34,72777,Gold,1558.4071428571428,1500.7296666666666,-0.008592869583034624,0.009473231125452291
2020-01-14,1548.13,1548.85,1535.96,1546.25,85110,Gold,1557.6657142857143,1503.477,-0.0013498327240786256,0.007561736246804982
2020-01-15,1546.37,1558.17,1546.27,1556.22,73629,Gold,1556.3214285714287,1506.6026666666667,0.006447857720291106,0.0070416342284015145
2020-01-16,1555.18,1558.06,1547.98,1552.46,65408,Gold,1553.3528571428574,1509.1073333333334,-0.00241611083265858,0.006581999532092381
2020-01-17,1552.29,1561.21,1549.33,1556.83,64606,Gold,1553.42,1511.8573333333331,0.002814887340092387,0.00543804204516015
2020-01-20,1559.0,1562.76,1556.35,1560.5,31344,Gold,1554.6228571428571,1514.682,0.002357354367529041,0.005340595962888088
2020-01-21,1560.88,1568.59,1546.3,1557.91,84727,Gold,1554.0728571428572,1517.9613333333334,-0.0016597244472924544,0.004804260710878515
2020-01-22,1558.01,1559.22,1550.15,1558.6,68635,Gold,1555.5385714285715,1521.1909999999998,0.00044290106617195235,0.003145701072148122
2020-01-23,1558.55,1567.91,1551.85,1562.8,80486,Gold,1557.902857142857,1524.4726666666668,0.002694726036186257,0.003022282967011184
2020-01-24,1561.79,1575.95,1556.49,1570.9,81710,Gold,1560.0,1527.6786666666667,0.005183004863066332,0.0026995548229362116
2020-01-27,1580.71,1588.28,1575.87,1581.88,105097,Gold,1564.202857142857,1531.428,0.006989623782545085,0.0028518315501642032
2020-01-28,1580.91,1583.03,1565.44,1567.78,83057,Gold,1565.7671428571427,1534.506,-0.008913444761928901,0.005224098585850074
2020-01-29,1568.65,1578.0,1563.35,1577.11,72438,Gold,1568.1399999999999,1537.8796666666667,0.005951090076413701,0.005544909935841046
2020-01-30,1575.25,1585.99,1572.22,1573.85,96702,Gold,1570.4171428571428,1541.1416666666667,-0.0020670720495082895,0.0055859123092928935
2020-01-31,1575.06,1590.48,1570.87,1588.83,97516,Gold,1574.7357142857143,1544.9209999999998,0.00951806080630302,0.006313862057540457
2020-02-03,1588.65,1592.0,1569.28,1576.3,91040,Gold,1576.6642857142856,1548.1743333333334,-0.007886306275687094,0.007490476905378515
2020-02-04,1578.56,1579.61,1548.97,1552.74,81029,Gold,1574.07,1550.6680000000001,-0.014946393453022844,0.009360884592012722
2020-02-05,1553.18,1562.41,1547.38,1556.41,84219,Gold,1570.4314285714283,1553.0356666666667,0.0023635637646999275,0.008797952677664455
2020-02-06,1554.67,1568.23,1552.46,1566.46,71100,Gold,1570.2428571428572,1555.2846666666665,0.0064571674558759895,0.008785390834608574
2020-02-07,1565.81,1574.05,1560.08,1570.0,97707,Gold,1569.2271428571428,1557.25,0.0022598725789360063,0.008467589706305312
2020-02-10,1569.27,1577.01,1567.96,1571.87,72137,Gold,1568.9442857142856,1559.2913333333333,0.0011910828025476494,0.008463979956121635
2020-02-11,1572.09,1574.05,1561.92,1567.63,75255,Gold,1565.9157142857143,1561.047,-0.002697424087233502,0.007320740399462867
2020-02-12,1567.49,1570.46,1561.95,1565.73,65805,Gold,1564.4057142857143,1562.556,-0.0012120206936586664,0.006828297837299342
2020-02-13,1566.13,1578.33,1565.51,1575.98,80200,Gold,1567.7257142857143,1564.1296666666667,0.006546467143121681,0.003503704469006297
2020-02-14,1575.91,1585.01,1573.02,1583.69,60275,Gold,1571.6228571428571,1565.2046666666668,0.004892194063376376,0.003658741639830688
2020-02-17,1581.25,1583.78,1578.85,1580.86,30617,Gold,1573.68,1565.7123333333332,-0.0017869658834748225,0.003492378812300489
2020-02-18,1583.69,1605.05,1583.23,1601.35,78332,Gold,1578.1585714285713,1566.6493333333333,0.012961299545816818,0.0056509549561522205
2020-02-19,1601.17,1612.91,1599.53,1611.34,81876,Gold,1583.797142857143,1568.482,0.006238486277203581,0.005726691328076413
2020-02-20,1610.97,1623.73,1603.84,1619.26,105222,Gold,1591.172857142857,1570.7213333333334,0.004915163776732401,0.005018704340664655
2020-02-21,1619.7,1649.23,1618.92,1643.73,115265,Gold,1602.3157142857142,1573.4536666666668,0.01511184121141751,0.005599444962433308
2020-02-24,1659.37,1689.25,1650.83,1658.5,156168,Gold,1614.1042857142857,1577.1256666666666,0.008985660662030881,0.005643500567234691
2020-02-25,1657.47,1658.77,1624.98,1635.26,176551,Gold,1621.4714285714285,1580.0926666666667,-0.014012662044015634,0.009913342622344187
2020-02-26,1638.13,1654.95,1624.73,1640.5,161690,Gold,1629.9914285714283,1582.9019999999998,0.0032043834008048666,0.009547582551544698
2020-02-27,1641.12,1660.37,1635.19,1644.23,163430,Gold,1636.1171428571429,1585.9609999999998,0.0022736970435843773,0.008962997837172398
2020-02-28,1641.91,1649.46,1562.93,1584.7,186323,Gold,1632.3114285714287,1586.89,-0.03620539705515646,0.01741912952255749
2020-03-02,1581.79,1610.94,1575.31,1589.75,171570,Gold,1628.0957142857144,1587.8650000000002,0.003186723039060979,0.017312612177154546
2020-03-03,1590.45,1649.29,1589.58,1639.48,146391,Gold,1627.4885714285715,1590.5839999999998,0.031281648057870814,0.020783911302271717
2020-03-04,1642.09,1653.13,1631.81,1635.73,124231,Gold,1624.2357142857145,1593.155,-0.0022873106106814367,0.020387984194011045
2020-03-05,1636.57,1674.57,1634.97,1671.58,121017,Gold,1629.4242857142858,1596.781,0.021916820013082816,0.021301478297335048
2020-03-06,1671.61,1692.09,1641.97,1674.06,164891,Gold,1634.2185714285715,1600.2196666666666,0.0014836262697568436,0.021313211698890017
2020-03-09,1695.92,1703.44,1657.41,1678.15,151869,Gold,1639.0642857142855,1603.4286666666667,0.0024431621327791753,0.02131222241107084
2020-03-10,1667.73,1671.42,1641.49,1649.37,143340,Gold,1648.3028571428572,1606.1483333333333,-0.017149837618806507,0.016009808366143723
2020-03-11,1651.93,1671.24,1632.94,1636.63,128334,Gold,1655.0,1608.1323333333335,-0.007724161346453373,0.016821650205595586
2020-03-12,1640.1,1650.07,1560.59,1578.63,158775,Gold,1646.3071428571432,1608.2916666666667,-0.03543867581554783,0.01784387782869279
2020-03-13,1576.3,1597.91,1504.62,1529.78,192149,Gold,1631.1714285714284,1606.3233333333333,-0.030944553188524293,0.020184501180049285
2020-03-16,1543.04,1562.94,1451.13,1509.09,219115,Gold,1607.9585714285713,1604.0829999999999,-0.01352482056243387,0.01474914543204495
2020-03-17,1511.75,1553.85,1465.42,1527.8,208552,Gold,1587.064285714286,1603.2516666666666,0.012398200239879698,0.0170988876315295
2020-03-18,1537.29,1543.29,1472.61,1484.63,192152,Gold,1559.4185714285716,1600.8590000000002,-0.02825631627176317,0.01644764604884878
2020-03-19,1485.3,1500.77,1461.89,1474.34,137143,Gold,1534.4142857142856,1597.7883333333332,-0.006931019850063835,0.016903565953486212
2020-03-20,1467.47,1515.93,1465.83,1498.64,104650,Gold,1514.7014285714286,1595.4096666666665,0.016481951245981286,0.020842055880471933
2020-03-23,1490.2,1561.08,1485.0,1552.39,110268,Gold,1510.952857142857,1594.7603333333332,0.03586585170554635,0.0247214909299197
2020-03-24,1563.45,1632.3,1557.62,1625.33,74427,Gold,1524.6028571428574,1596.6836666666666,0.046985615728006414,0.027022849381838333
2020-03-25,1630.56,1638.85,1594.95,1616.35,63879,Gold,1539.9257142857143,1598.3709999999999,-0.005525031839687999,0.026063475346070498
2020-03-26,1612.4,1644.37,1595.26,1628.93,52710,Gold,1554.3728571428571,1600.1359999999997,0.007782967797816065,0.02605536880983086
2020-03-27,1630.2,1631.06,1613.83,1622.55,58020,Gold,1574.0757142857144,1601.4313333333334,-0.003916681502581509,0.021384565081821794
2020-03-30,1619.97,1632.25,1610.39,1620.31,65237,Gold,1594.9285714285713,1602.7463333333333,-0.0013805429724815799,0.020612931299552058
2020-03-31,1621.75,1622.22,1574.19,1576.78,83749,Gold,1606.0914285714284,1601.9273333333333,-0.026865229493121645,0.025572159464441125
2020-04-01,1571.41,1599.96,1569.33,1591.26,72363,Gold,1611.6442857142854,1601.258,0.00918327223835913,0.02244817246961334
2020-04-02,1590.36,1620.17,1582.65,1611.66,100031,Gold,1609.6914285714286,1601.0046666666667,0.012820029410655742,0.013353243028550604
2020-04-03,1614.39,1626.04,1605.85,1615.7,68469,Gold,1609.5985714285714,1600.0703333333333,0.0025067321891714123,0.013257251795671913
2020-04-06,1614.62,1669.88,1608.35,1658.19,94932,Gold,1613.7785714285715,1600.0600000000002,0.026298198923067506,0.016512041194507523
2020-04-07,1664.81,1674.02,1642.16,1647.94,113280,Gold,1617.4057142857143,1600.4826666666665,-0.006181438797725258,0.01668376094403866
2020-04-08,1647.27,1656.87,1641.58,1645.4,70588,Gold,1620.99,1600.646,-0.0015413182518780877,0.0166898463196565
2020-04-09,1645.41,1690.43,1643.86,1683.56,100976,Gold,1636.2442857142858,1601.957,0.02319192901422129,0.012230346593294252
2020-04-13,1677.47,1723.27,1674.98,1711.98,79657,Gold,1653.49,1606.1996666666666,0.01688089524578884,0.01254252999407086
2020-04-14,1712.25,1747.4,1708.56,1726.54,121755,Gold,1669.9014285714288,1610.7593333333332,0.008504772252012183,0.012519413052763289
2020-04-15,1726.54,1731.11,1707.52,1716.5,101927,Gold,1684.3014285714287,1613.3266666666668,-0.005815098404902241,0.013685029995952381
2020-04-16,1716.49,1738.66,1708.01,1718.38,120139,Gold,1692.8999999999999,1616.0816666666665,0.0010952519662104088,0.011432615481831792
2020-04-17,1718.48,1718.52,1680.1,1682.14,126136,Gold,1697.7857142857142,1616.4336666666666,-0.02108963093145866,0.014792770385945458
2020-04-20,1683.02,1702.7,1671.55,1695.28,149666,Gold,1704.9114285714284,1617.141,0.007811478236056324,0.014733072895145128
2020-04-21,1695.4,1697.86,1660.03,1683.54,159877,Gold,1704.9085714285716,1617.3206666666667,-0.006925109716389044,0.012556731432061909
2020-04-22,1683.79,1718.74,1680.29,1714.87,96972,Gold,1705.3214285714287,1619.5040000000001,0.018609596445584797,0.012953288522108364
2020-04-23,1714.66,1738.78,1707.0,1730.31,135452,Gold,1705.8600000000001,1622.6266666666666,0.009003597940368646,0.013007125466428434
2020-04-24,1730.56,1736.35,1710.36,1726.41,124540,Gold,1707.2757142857142,1627.5526666666667,-0.0022539313764584623,0.012792106386439277
2020-04-27,1722.32,1727.59,1705.87,1714.94,122739,Gold,1706.784285714286,1633.7246666666667,-0.006643844741399785,0.013102387600169761
2020-04-28,1714.9,1716.16,1691.54,1707.65,120584,Gold,1710.4285714285713,1640.3433333333335,-0.004250877581722934,0.009746663425580351
2020-04-29,1708.02,1717.67,1697.76,1712.89,123365,Gold,1712.9442857142858,1646.5130000000001,0.003068544490967051,0.009451368626794724
2020-04-30,1712.95,1721.72,1681.24,1685.98,131530,Gold,1713.292857142857,1653.2246666666665,-0.01571029079508901,0.011183523919265902
2020-05-01,1686.02,1705.47,1670.4,1699.6,146791,Gold,1711.1114285714286,1660.7333333333333,0.008078387643981388,0.008746536282724142
2020-05-04,1698.03,1713.44,1691.64,1701.0,90399,Gold,1706.9242857142856,1667.4786666666666,0.0008237232289951546,0.007623581916892292
2020-05-05,1701.13,1712.04,1689.63,1704.71,93525,Gold,1703.8242857142857,1672.556,0.0021810699588478144,0.007820708166824224
2020-05-06,1704.51,1708.06,1681.14,1685.19,86078,Gold,1699.5742857142857,1674.5513333333333,-0.011450627966047011,0.008500523488175862
2020-05-07,1685.19,1722.01,1684.14,1715.25,93033,Gold,1700.6599999999999,1677.8480000000002,0.017837751232798738,0.011349718608961577
2020-05-08,1715.52,1723.6,1701.09,1702.09,112340,Gold,1699.1171428571429,1680.2866666666669,-0.007672350969246566,0.01169531752813693
2020-05-11,1702.38,1711.8,1691.53,1697.64,112436,Gold,1700.7828571428574,1682.7896666666668,-0.0026144328443266085,0.009817726819785547
2020-05-12,1697.67,1710.95,1693.61,1702.26,101722,Gold,1701.162857142857,1685.5213333333334,0.00272142503711037,0.009375212020472486
2020-05-13,1702.09,1718.08,1698.93,1715.3,133767,Gold,1703.2057142857143,1690.1386666666667,0.00766040440355753,0.009790521112181743
2020-05-14,1715.31,1736.39,1711.0,1730.06,124146,Gold,1706.8271428571427,1694.7653333333333,0.008604908762315677,0.010186737723665741
2020-05-15,1730.06,1751.68,1728.61,1741.85,144595,Gold,1714.9214285714286,1699.105,0.006814792550547288,0.008281975068674723
2020-05-18,1747.36,1765.08,1727.5,1732.2,145651,Gold,1717.3428571428574,1702.9883333333335,-0.005540086689439283,0.006692697319494969
2020-05-19,1732.05,1748.03,1725.6,1744.24,150585,Gold,1723.3642857142859,1705.8566666666666,0.006950698533656707,0.005567442556867489
2020-05-20,1744.07,1753.8,1742.3,1747.21,120833,Gold,1730.445714285714,1709.1656666666668,0.0017027473283492967,0.004983961394052385
2020-05-21,1747.24,1748.79,1717.1,1726.76,126972,Gold,1733.9457142857143,1711.8776666666668,-0.011704374402619067,0.007832343332428675
2020-05-22,1726.7,1740.09,1724.25,1735.45,99319,Gold,1736.8242857142857,1713.6073333333331,0.0050325465032778904,0.007578593431294033
2020-05-25,1732.11,1733.34,1721.55,1728.22,64718,Gold,1736.5614285714287,1714.1486666666667,-0.0041660664380996915,0.007163591947541427
2020-05-26,1726.06,1735.41,1708.65,1710.31,112094,Gold,1732.0557142857142,1713.6076666666668,-0.01036326393630449,0.007328460715824844
2020-05-27,1710.41,1715.99,1693.62,1709.57,91160,Gold,1728.822857142857,1713.3766666666668,-0.0004326701007419942,0.007238795575040651
2020-05-28,1709.27,1727.57,1707.27,1718.68,91368,Gold,1725.1714285714284,1713.3866666666668,0.005328825377141744,0.00692933795015152
2020-05-29,1719.54,1737.69,1712.75,1730.41,86023,Gold,1722.7714285714285,1714.9956666666667,0.006825005236576809,0.0076310539981232816
2020-06-01,1735.4,1744.51,1726.84,1739.48,86512,Gold,1724.5885714285716,1716.469,0.005241532353603917,0.006386900478530827
2020-06-02,1737.81,1745.09,1721.3,1727.45,83030,Gold,1723.445714285714,1717.9326666666666,-0.006915859912157596,0.006737333930241332
2020-06-03,1727.04,1731.75,1689.21,1698.26,97747,Gold,1719.1657142857143,1717.3790000000001,-0.016897739442530924,0.00913842960498978
2020-06-04,1699.17,1721.73,1696.99,1712.8,90044,Gold,1719.5214285714287,1716.7953333333332,0.008561704332669784,0.009209463614630401
2020-06-05,1714.75,1716.04,1670.55,1684.3,107874,Gold,1715.9114285714288,1715.3916666666667,-0.016639420831387253,0.011224731704728062
2020-06-08,1680.52,1700.67,1677.22,1698.39,86257,Gold,1713.0128571428572,1714.84,0.00836549308318002,0.01161042878194093
2020-06-09,1700.09,1720.83,1692.11,1714.16,95378,Gold,1710.6914285714286,1715.0570000000002,0.009285264279700112,0.011941790537654047
2020-06-10,1715.38,1739.75,1708.2,1737.83,97211,Gold,1710.455714285714,1715.888333333333,0.013808512624259084,0.013104590704573111
2020-06-11,1737.94,1744.63,1721.27,1728.56,113901,Gold,1710.6142857142859,1717.3076666666668,-0.005334238676970693,0.012979757613954092
2020-06-12,1729.22,1743.03,1722.14,1730.57,99214,Gold,1715.23,1718.3400000000001,0.0011628176054057082,0.010599791873271293
2020-06-15,1730.76,1734.13,1704.11,1725.24,114171,Gold,1717.007142857143,1719.1480000000001,-0.0030799100874278063,0.01044710356766985
2020-06-16,1725.27,1732.84,1716.41,1726.41,101815,Gold,1723.0228571428572,1719.8713333333335,0.0006781665159629746,0.007049238694215059
2020-06-17,1725.0,1730.23,1712.6,1726.19,75069,Gold,1726.9942857142858,1721.238,-0.00012743207001819634,0.006810145464388252
2020-06-18,1725.79,1737.59,1717.3,1722.48,80514,Gold,1728.1828571428573,1721.479,-0.002149241972204674,0.006212217378939184
2020-06-19,1722.81,1745.28,1721.17,1742.26,74320,Gold,1728.8157142857144,1722.818,0.011483442478287031,0.005404721635388371
2020-06-22,1747.68,1763.2,1742.74,1754.55,94028,Gold,1732.5285714285712,1724.715,0.00705405622582167,0.005249218416841257
2020-06-23,1753.97,1771.07,1747.29,1766.95,91526,Gold,1737.7257142857143,1726.8713333333335,0.007067339203784551,0.0055317023386135125
2020-06-24,1769.08,1779.43,1760.68,1761.28,97480,Gold,1742.8742857142856,1728.404,-0.003208919324259374,0.005555457786777596
2020-06-25,1759.56,1768.87,1755.26,1763.63,80846,Gold,1748.1914285714286,1729.5230000000001,0.0013342569040697416,0.0055157190424600655
2020-06-26,1764.15,1772.03,1747.43,1769.57,77404,Gold,1754.3885714285714,1730.447,0.003368053389883219,0.005333778623353809
2020-06-29,1770.32,1775.43,1765.61,1772.6,65040,Gold,1761.5485714285714,1731.7936666666667,0.00171228038450022,0.0048192602426006355
2020-06-30,1771.9,1785.94,1764.69,1780.54,64578,Gold,1767.0171428571427,1733.0036666666667,0.004479295949452844,0.003610011824441372
2020-07-01,1781.61,1789.08,1759.22,1769.84,83087,Gold,1769.2014285714286,1733.7580000000003,-0.006009412874745879,0.004501069685736558
2020-07-02,1771.4,1779.39,1757.43,1774.97,71827,Gold,1770.347142857143,1735.365,0.002898567102110894,0.0038284674458543286
2020-07-03,1776.49,1777.1,1772.66,1774.9,30087,Gold,1772.2928571428572,1736.68,-3.9437286263988014e-05,0.0034657878282636943
2020-07-06,1773.37,1787.0,1769.86,1784.25,60393,Gold,1775.2385714285715,1738.5476666666666,0.005267902417037451,0.003810667708644881
2020-07-07,1785.22,1797.34,1773.47,1794.6,71877,Gold,1778.814285714286,1741.3573333333331,0.005800756620428782,0.004092072068521979
2020-07-08,1795.13,1817.92,1791.52,1808.45,69808,Gold,1783.935714285714,1744.6533333333332,0.007717597236152951,0.0046140695336883255
2020-07-09,1809.37,1815.91,1795.42,1802.32,76806,Gold,1787.047142857143,1747.4413333333332,-0.0033896430645028452,0.005091532065490357
2020-07-10,1802.06,1810.43,1793.98,1798.57,62639,Gold,1791.1514285714288,1749.7133333333334,-0.0020806516045984713,0.004238842059424551
2020-07-13,1799.11,1813.31,1797.73,1802.27,71138,Gold,1795.0514285714285,1751.8063333333332,0.002057189878625909,0.004231317503488804
2020-07-14,1802.13,1810.84,1790.63,1808.99,80509,Gold,1799.9214285714284,1754.5243333333335,0.003728631115204717,0.004139020598831003
2020-07-15,1807.97,1815.04,1802.45,1809.97,65442,Gold,1803.5957142857144,1758.248,0.0005417387603026125,0.004040099943601031
2020-07-16,1810.53,1813.29,1794.9,1796.84,63581,Gold,1803.9157142857143,1761.0493333333334,-0.007254263882826795,0.004935981898710526
2020-07-17,1798.09,1811.95,1795.75,1809.68,48289,Gold,1804.0914285714284,1765.2286666666666,0.007145878319716914,0.004793307774056366
2020-07-20,1808.04,1820.53,1805.62,1817.21,69408,Gold,1806.2185714285715,1769.1893333333333,0.004160956633216806,0.004724380031686115
2020-07-21,1817.92,1843.47,1815.59,1841.48,84616,Gold,1812.3485714285712,1773.4333333333334,0.013355638588825824,0.006289130085040729
2020-07-22,1840.95,1872.02,1840.74,1871.22,126022,Gold,1822.1985714285715,1777.8796666666667,0.016150053218063842,0.007852447629438541
2020-07-23,1873.97,1898.36,1863.64,1885.97,137686,Gold,1833.1957142857143,1783.1266666666666,0.007882557903399867,0.007861681591223513
2020-07-24,1889.65,1906.5,1881.29,1901.63,97339,Gold,1846.2899999999997,1788.8286666666668,0.008303419460542916,0.007503130295905527
2020-07-27,1902.64,1945.62,1902.54,1940.96,137360,Gold,1866.8785714285714,1796.0193333333334,0.020682256800744536,0.005836219280405856
2020-07-28,1943.28,1981.16,1906.63,1957.98,162655,Gold,1888.064285714286,1803.7383333333332,0.00876885664825644,0.005683316391263765
2020-07-29,1962.16,1980.75,1941.33,1970.82,110719,Gold,1910.0085714285713,1811.8926666666666,0.0065577789354334115,0.00523391233718932
2020-07-30,1971.04,1971.32,1939.44,1957.54,124775,Gold,1926.5885714285716,1819.7279999999998,-0.006738311971666633,0.008590375031743041
2020-07-31,1955.5,1983.97,1955.33,1975.02,123851,Gold,1941.4171428571428,1827.4866666666667,0.008929574874587454,0.007972102439385878
2020-08-03,1983.53,1984.9,1960.39,1975.98,93017,Gold,1954.2757142857142,1834.8676666666665,0.00048607102712883155,0.008431546436524677
2020-08-04,1977.36,2019.82,1966.66,2018.53,99875,Gold,1970.975714285714,1843.2536666666665,0.021533618761323536,0.010154365432007892
2020-08-05,2021.19,2055.57,2009.39,2038.96,153351,Gold,1984.9757142857143,1852.5096666666666,0.010121226833388786,0.00874763096417893
2020-08-06,2040.28,2069.74,2034.44,2063.25,135426,Gold,2000.0142857142857,1862.497,0.01191293600659149,0.008926835718842487
2020-08-07,2066.55,2074.87,2015.37,2033.15,188063,Gold,2008.9185714285716,1871.283,-0.014588634435962589,0.012268515676178954
2020-08-10,2026.31,2049.85,2019.15,2027.61,134556,Gold,2018.9285714285713,1879.7833333333333,-0.0027248358458550337,0.011736814437563064
2020-08-11,2026.64,2029.92,1901.25,1912.57,198468,Gold,2010.0071428571428,1884.1843333333334,-0.056736749177603185,0.02588133716998375
2020-08-12,1915.36,1949.48,1862.58,1918.98,193909,Gold,2001.8642857142856,1889.1556666666665,0.0033515113172328803,0.025991803270785614
2020-08-13,1919.72,1966.16,1912.66,1953.64,155604,Gold,1992.594285714286,1895.1113333333335,0.01806167860008978,0.025453667229500862
2020-08-14,1951.38,1962.37,1932.07,1943.57,134787,Gold,1978.967142857143,1900.7336666666667,-0.005154480866485178,0.02464603866171805
2020-08-17,1944.91,1990.68,1929.4,1984.43,137410,Gold,1967.707142857143,1907.4063333333334,0.021023168705011974,0.025987755814847604
2020-08-18,1983.17,2015.57,1975.86,2002.22,149175,Gold,1963.2885714285715,1914.3270000000002,0.0089647908971342,0.026102050859528977
2020-08-19,2005.1,2006.37,1924.51,1927.66,168877,Gold,1949.01,1918.3006666666665,-0.037238665081759215,0.02934481842206097
2020-08-20,1931.52,1955.26,1924.54,1946.17,169910,Gold,1953.81,1923.0956666666668,0.009602315761078284,0.01964608343498057
2020-08-21,1948.08,1955.97,1911.26,1938.98,149830,Gold,1956.6671428571428,1927.776,-0.0036944357378851933,0.01978467650956698
2020-08-24,1936.69,1961.88,1923.74,1928.38,131802,Gold,1953.0585714285714,1931.9796666666668,-0.0054667918183787245,0.018488368252616988
2020-08-25,1930.34,1937.49,1914.19,1926.87,131524,Gold,1950.672857142857,1935.9089999999999,-0.0007830406870016349,0.01842632207214847
2020-08-26,1928.28,1954.82,1902.64,1953.14,134650,Gold,1946.202857142857,1940.6813333333334,0.013633509266323118,0.017113558939596266
2020-08-27,1951.92,1976.53,1909.79,1928.32,159239,Gold,1935.6457142857143,1945.0639999999999,-0.012707742404538425,0.016725679020557445
2020-08-28,1929.98,1973.78,1923.15,1964.34,148365,Gold,1940.8857142857144,1950.2193333333335,0.01867947228675737,0.01139900334723945
2020-08-31,1969.07,1976.54,1954.23,1968.22,99691,Gold,1944.0357142857142,1955.2530000000002,0.001975218139425916,0.010992332929518648
2020-09-01,1968.35,1992.29,1963.35,1970.63,110904,Gold,1948.5571428571432,1959.558,0.0012244566156223158,0.010747315657387268
2020-09-02,1968.21,1973.26,1932.39,1943.08,115889,Gold,1950.6571428571428,1961.9533333333336,-0.013980300716014749,0.012168994696076936
2020-09-03,1942.01,1950.94,1921.75,1930.45,121698,Gold,1951.1685714285716,1963.4360000000001,-0.006499989707063003,0.012507394145092401
2020-09-04,1931.28,1948.36,1916.27,1933.09,122132,Gold,1948.3042857142857,1964.4846666666667,0.001367556787277513,0.011115008576200767
2020-09-07,1932.07,1941.37,1924.44,1928.29,53826,Gold,1948.3,1964.062333333333,-0.0024830711451613308,0.010000387699296122
2020-09-08,1929.54,1940.84,1906.54,1931.51,127513,Gold,1943.6100000000001,1963.18,0.0016698733074382854,0.005971557259615398
2020-09-09,1931.59,1950.84,1919.95,1947.37,106929,Gold,1940.6314285714286,1962.3983333333335,0.00821119227961531,0.00709136936088657
2020-09-10,1946.3,1966.53,1941.35,1946.01,125077,Gold,1937.1142857142856,1962.0140000000001,-0.0006983778121260054,0.007005024443462277
2020-09-11,1946.32,1954.8,1937.12,1940.48,115707,Gold,1936.742857142857,1960.8626666666667,-0.0028417120158683584,0.0046337327284522705
2020-09-14,1937.74,1962.56,1937.36,1956.52,94840,Gold,1940.467142857143,1960.2140000000002,0.00826599604221645,0.004639234560859817
2020-09-15,1957.68,1972.21,1948.29,1953.34,101514,Gold,1943.3600000000001,1958.0410000000002,-0.0016253347780753602,0.00483327981050942
2020-09-16,1954.52,1973.64,1949.87,1959.15,114101,Gold,1947.7685714285712,1955.3806666666667,0.002974392578865004,0.004513312382124836
2020-09-17,1959.47,1960.96,1932.87,1944.2,116066,Gold,1949.5814285714284,1951.4123333333332,-0.007630860322078492,0.0058836583747819155
2020-09-18,1944.43,1960.1,1943.93,1950.42,104181,Gold,1950.017142857143,1948.6546666666666,0.0031992593354592813,0.005106498428767097
2020-09-21,1949.75,1955.62,1882.71,1911.92,140739,Gold,1945.1471428571429,1944.7983333333334,-0.019739338193824896,0.009153851822923161
2020-09-22,1914.34,1920.03,1894.64,1900.34,138128,Gold,1939.412857142857,1944.3906666666667,-0.006056738775681025,0.009254810276903884
2020-09-23,1900.62,1905.39,1855.67,1862.74,170439,Gold,1926.0157142857145,1942.5159999999998,-0.019785933043560577,0.009656111169571534
2020-09-24,1863.96,1877.15,1848.75,1868.66,185366,Gold,1913.9185714285716,1939.6833333333334,0.003178113961153972,0.010250149130964396
2020-09-25,1869.77,1875.18,1852.37,1860.14,143312,Gold,1899.7742857142857,1936.9023333333332,-0.004559416908372804,0.009485203523213128
2020-09-28,1862.9,1882.96,1848.93,1881.84,121920,Gold,1890.8657142857141,1933.4826666666668,0.011665788596557203,0.01188723237531677
2020-09-29,1881.24,1899.12,1875.49,1897.48,121758,Gold,1883.302857142857,1929.9913333333332,0.00831101475151974,0.012581879626203073
2020-09-30,1897.69,1902.27,1881.34,1885.23,124684,Gold,1879.49,1928.5770000000002,-0.006455931024305972,0.010638558444801133
2020-10-01,1887.32,1912.12,1884.67,1905.94,129822,Gold,1880.2899999999997,1927.2359999999999,0.010985397007261755,0.011462261884616782
2020-10-02,1904.72,1917.1,1889.76,1900.58,110455,Gold,1885.695714285714,1925.956,-0.002812260616808615,0.007608935172300105
2020-10-05,1903.47,1918.73,1887.05,1913.65,96742,Gold,1892.1228571428571,1925.465,0.0068768481200476295,0.00775828091758348
2020-10-06,1911.96,1921.09,1876.78,1877.56,103229,Gold,1894.6114285714286,1923.8213333333333,-0.018859248033862075,0.011290992339312486
2020-10-07,1877.88,1898.01,1872.94,1887.83,94014,Gold,1895.467142857143,1921.6443333333334,0.005469865144123176,0.010570838420258421
2020-10-08,1887.27,1900.62,1882.0,1893.5,89931,Gold,1894.8985714285716,1920.4836666666667,0.003003448403722908,0.010097116048475782
2020-10-09,1893.93,1930.41,1893.58,1929.87,93245,Gold,1901.2757142857142,1919.3346666666666,0.01920781621336154,0.011958406639321928
2020-10-12,1926.89,1933.18,1918.2,1922.63,89130,Gold,1903.66,1917.8149999999998,-0.00375154803173261,0.011696898166075794
2020-10-13,1923.88,1925.37,1886.37,1891.07,98934,Gold,1902.3014285714287,1915.163,-0.01641501484945107,0.013487758554054994
2020-10-14,1892.95,1912.94,1882.46,1900.49,88039,Gold,1900.4214285714284,1913.743333333333,0.004981306879174197,0.013329835976816412
2020-10-15,1901.54,1908.9,1889.48,1907.92,100016,Gold,1904.7585714285713,1912.9923333333334,0.0039095180716552935,0.010747532893175704
2020-10-16,1908.74,1913.92,1897.76,1898.76,79358,Gold,1906.32,1911.8479999999997,-0.004801039875885871,0.010948816336580918
2020-10-19,1899.71,1918.47,1896.98,1903.44,81201,Gold,1907.74,1911.0196666666668,0.0024647664791759283,0.010933256193528498
2020-10-20,1903.5,1914.03,1894.81,1907.53,80173,Gold,1904.5485714285714,1910.2203333333334,0.002148741226411177,0.0075121496651495
2020-10-21,1910.14,1931.36,1908.41,1924.6,87121,Gold,1904.83,1909.4613333333332,0.008948745235985767,0.008397956560663718
2020-10-22,1924.65,1925.94,1894.5,1903.67,83858,Gold,1906.6299999999999,1908.05,-0.010874987010287773,0.006653621535030689
2020-10-23,1904.81,1914.19,1894.29,1901.41,72918,Gold,1906.7614285714285,1906.7476666666666,-0.0011871805512509992,0.00643853441452021
2020-10-26,1901.37,1908.52,1891.21,1901.68,84997,Gold,1905.8700000000001,1904.9196666666664,0.00014199988429641763,0.006219479095823286
2020-10-27,1902.06,1911.42,1897.84,1907.35,70872,Gold,1907.097142857143,1903.3866666666665,0.002981574187034486,0.006004204919606561
2020-10-28,1907.75,1910.87,1869.36,1876.81,107560,Gold,1903.292857142857,1900.642,-0.016011744042781828,0.00858529041095646
2020-10-29,1877.7,1884.97,1859.92,1867.11,101170,Gold,1897.5185714285715,1898.0723333333333,-0.005168344158439031,0.00844322918524185
2020-10-30,1869.1,1889.79,1864.45,1878.37,102452,Gold,1890.9142857142856,1895.6706666666666,0.006030710563384112,0.007801194746406222
2020-11-02,1879.27,1896.02,1873.41,1895.06,91898,Gold,1889.6842857142856,1895.1086666666665,0.008885363373563271,0.008226489282163615
2020-11-03,1894.95,1910.55,1886.86,1908.94,83912,Gold,1890.76,1895.3953333333334,0.007324306354416388,0.008741296780273182
2020-11-04,1909.17,1916.31,1881.82,1903.27,138750,Gold,1890.9871428571428,1896.7463333333335,-0.0029702347899881465,0.008846848473071666
2020-11-05,1903.22,1952.76,1902.45,1949.17,136181,Gold,1896.9614285714285,1899.43,0.024116389161811025,0.012728107060664214
2020-11-06,1946.29,1960.29,1935.59,1951.81,129291,Gold,1907.6757142857143,1902.4856666666667,0.0013544226516926106,0.0096972528498669
2020-11-09,1957.18,1965.46,1850.52,1863.13,178171,Gold,1907.107142857143,1901.8619999999999,-0.04543475030868771,0.021700496802662124
2020-11-10,1860.97,1890.35,1860.69,1877.39,145814,Gold,1906.967142857143,1901.1923333333334,0.007653786906979043,0.021785414655692642
2020-11-11,1875.53,1884.41,1856.43,1865.5,110216,Gold,1902.7442857142858,1900.5346666666667,-0.0063332605372352635,0.021524173626856623
2020-11-12,1866.76,1883.81,1862.69,1876.71,108861,Gold,1898.1399999999999,1899.5603333333336,0.0060091128383812364,0.021434348101223164
2020-11-13,1877.12,1896.75,1873.97,1889.28,91972,Gold,1896.1414285714286,1899.1836666666668,0.006697891522930988,0.02168862464500577
2020-11-16,1887.89,1899.01,1864.46,1888.66,117953,Gold,1887.4971428571428,1898.3506666666665,-0.0003281673441734023,0.018770823774978913
2020-11-17,1889.5,1893.43,1876.84,1880.19,92151,Gold,1877.2657142857145,1898.4383333333333,-0.004484661082460595,0.018604592265097156
2020-11-18,1881.56,1884.82,1863.47,1871.97,88323,Gold,1878.5285714285712,1897.9096666666667,-0.004371898584717537,0.005995064838684047
2020-11-19,1873.83,1874.13,1852.69,1866.84,88459,Gold,1877.0214285714285,1897.021,-0.0027404285325085542,0.005220506131037761
2020-11-20,1861.33,1879.75,1860.76,1870.9,69867,Gold,1877.792857142857,1895.0553333333332,0.002174798054466409,0.004677881218769037
2020-11-23,1870.86,1876.14,1830.95,1837.49,90322,Gold,1872.1900000000003,1892.2173333333333,-0.017857715537976437,0.007668882847435731
2020-11-24,1838.68,1838.95,1800.25,1807.71,115098,Gold,1860.537142857143,1889.4386666666667,-0.016206890921855344,0.0077339536730968795
2020-11-25,1807.66,1817.63,1801.73,1807.07,80615,Gold,1848.8814285714286,1886.3246666666669,-0.0003540390881281441,0.007730652341454108
2020-11-26,1809.01,1818.22,1805.7,1810.2,48151,Gold,1838.8828571428571,1883.0673333333332,0.001732085641397374,0.008304771647964677
2020-11-27,1810.24,1813.88,1774.33,1786.76,77501,Gold,1826.7100000000003,1879.334,-0.012948845431444034,0.008752765297655616
2020-11-30,1789.31,1789.86,1764.38,1777.64,99038,Gold,1813.967142857143,1875.1406666666667,-0.005104210974053558,0.008623684303940438
2020-12-01,1776.97,1817.27,1775.74,1815.42,84421,Gold,1806.0414285714285,1872.0703333333333,0.02125289709952516,0.013576256657787045
2020-12-02,1812.97,1832.55,1807.43,1830.72,80494,Gold,1805.0742857142857,1868.941,0.00842780183098113,0.012785172844749544
2020-12-03,1829.36,1843.91,1823.64,1840.98,89559,Gold,1809.827142857143,1866.851333333333,0.005604352385946587,0.010812778256566999
2020-12-04,1841.28,1848.17,1829.11,1838.6,74001,Gold,1814.3314285714284,1864.7576666666669,-0.0012927897098284902,0.010862079238870852
2020-12-07,1836.86,1868.5,1821.99,1863.1,80761,Gold,1821.8885714285714,1863.4716666666668,0.013325356249320075,0.011581157828366644
2020-12-08,1862.91,1875.28,1860.17,1870.83,75510,Gold,1833.8985714285714,1862.2543333333335,0.004148998980194385,0.008846452262254273
2020-12-09,1869.35,1870.53,1825.4,1839.41,99377,Gold,1842.722857142857,1861.0076666666666,-0.01679468471213308,0.01197845008942711
2020-12-10,1838.49,1849.98,1828.62,1835.96,90853,Gold,1845.6571428571428,1859.9693333333335,-0.0018756014156713352,0.009707649084550555
2020-12-11,1837.03,1847.66,1823.91,1839.91,75786,Gold,1846.97,1858.6873333333335,0.002151462994836484,0.00925656800125283
2020-12-14,1837.07,1839.02,1818.34,1827.82,77212,Gold,1845.09,1856.4460000000001,-0.006570973580229511,0.009336476436920274
2020-12-15,1828.4,1855.32,1825.46,1853.67,74189,Gold,1847.242857142857,1854.6036666666666,0.014142530446105361,0.010937618268364362
2020-12-16,1853.88,1865.77,1844.71,1864.06,101568,Gold,1847.3799999999999,1853.2966666666664,0.005605096915847874,0.00984831015251253
2020-12-17,1863.46,1896.19,1862.01,1886.04,95207,Gold,1849.5528571428572,1851.1923333333332,0.011791465939937629,0.010752163278078432
2020-12-18,1884.71,1889.58,1877.38,1880.55,78474,Gold,1855.43,1848.817,-0.0029108608513075396,0.007735328223861189
2020-12-21,1882.51,1906.7,1854.99,1876.25,133851,Gold,1861.185714285714,1849.2543333333335,-0.002286565100635407,0.0077816076217641274
2020-12-22,1879.31,1884.21,1858.93,1859.91,101321,Gold,1864.042857142857,1848.6716666666664,-0.00870886075949362,0.008997312519588962
2020-12-23,1861.01,1878.56,1857.06,1872.63,98019,Gold,1870.4442857142858,1848.9093333333333,0.006839040598738633,0.008378863558702956
2020-12-24,1873.39,1883.46,1869.5,1879.3,55919,Gold,1874.1057142857142,1848.9956666666665,0.0035618354933968366,0.0069748879791656304
2020-12-28,1888.4,1900.2,1869.12,1873.05,85663,Gold,1875.39,1848.4546666666668,-0.003325706380035154,0.007018889728365265
2020-12-29,1875.23,1886.44,1871.71,1878.17,75438,Gold,1874.2657142857145,1848.105,0.0027335095165639256,0.005246247316793998
2020-12-30,1877.31,1894.04,1876.08,1893.81,63365,Gold,1876.16,1848.5590000000002,0.008327254721351096,0.006070742897129314
2020-12-31,1893.47,1900.38,1885.41,1893.43,63888,Gold,1878.6142857142859,1849.2743333333333,-0.0002006537086612914,0.005930967608670013
2021-01-04,1909.07,1944.43,1907.72,1943.23,110285,Gold,1890.517142857143,1851.8206666666667,0.026301474044458928,0.009657352466172704
2021-01-05,1941.49,1953.09,1934.31,1950.03,95998,Gold,1901.5742857142857,1854.4583333333333,0.0034993284377042855,0.00970976351676258
2021-01-06,1949.89,1959.29,1900.83,1918.79,143511,Gold,1907.2157142857143,1857.1683333333335,-0.016020266354876633,0.012804125569072481
2021-01-07,1920.94,1927.64,1906.77,1913.51,105316,Gold,1912.9957142857143,1860.695,-0.002751734165802433,0.012758284648877825
2021-01-08,1916.18,1917.48,1828.27,1849.04,155562,Gold,1908.8342857142857,1862.094,-0.0336920110164044,0.018897007184721558
2021-01-11,1854.74,1855.59,1817.0,1844.45,120645,Gold,1901.782857142857,1863.2356666666667,-0.0024823692294378974,0.01833853825272784
2021-01-12,1847.51,1863.8,1836.7,1855.31,105679,Gold,1896.3371428571427,1865.5206666666666,0.005887934072487777,0.018669207226859098
2021-01-13,1855.04,1862.94,1841.91,1844.68,88213,Gold,1882.2585714285713,1867.7553333333333,-0.005729500730336068,0.013598321369723583
2021-01-14,1847.51,1857.45,1830.94,1846.46,102850,Gold,1867.462857142857,1868.79,0.0009649370080446751,0.013292325986757213
2021-01-15,1847.79,1856.85,1823.39,1827.65,125252,Gold,1854.4428571428573,1868.6876666666665,-0.010187060645776236,0.012858751933327887
2021-01-18,1828.39,1840.72,1810.29,1837.52,89033,Gold,1843.587142857143,1868.5723333333333,0.005400377533991696,0.01363793630675315
2021-01-19,1838.41,1845.51,1833.12,1839.63,109648,Gold,1842.242857142857,1868.6066666666666,0.0011482868213679165,0.005849207112387082
2021-01-20,1840.51,1871.73,1832.49,1871.42,125615,Gold,1846.0957142857144,1868.8839999999998,0.01728064882612257,0.008852113560812424
2021-01-21,1871.58,1875.01,1858.32,1869.8,118950,Gold,1848.1657142857146,1868.8496666666665,-0.000865652819784013,0.008738963675770496
2021-01-22,1869.76,1870.81,1837.4,1854.67,132569,Gold,1849.5928571428574,1869.3583333333333,-0.008091774521339135,0.009087326050112471
2021-01-25,1858.02,1867.93,1847.11,1855.94,137306,Gold,1850.9471428571428,1870.0243333333335,0.0006847579353739253,0.009087132057246141
2021-01-26,1855.26,1861.73,1848.4,1851.43,110758,Gold,1854.3442857142857,1870.4083333333333,-0.0024300354537323265,0.00792767507799477
2021-01-27,1851.58,1853.11,1831.35,1843.83,143666,Gold,1855.2457142857143,1870.942,-0.004104935104216834,0.008036547938852587
2021-01-28,1842.66,1864.0,1834.0,1842.61,171059,Gold,1855.6714285714286,1870.5733333333335,-0.0006616662056697642,0.008041978869094529
2021-01-29,1843.12,1875.69,1839.59,1847.59,192328,Gold,1852.267142857143,1870.0243333333335,0.0027026880349070304,0.0035097284132661146
2021-02-01,1855.57,1871.78,1849.15,1860.55,220293,Gold,1850.945714285714,1869.1746666666668,0.007014543269881379,0.004868887582006281
2021-02-02,1859.37,1864.05,1829.53,1837.65,180506,Gold,1848.5142857142855,1867.7446666666665,-0.012308188438902357,0.006052888126196715
2021-02-03,1837.38,1844.98,1829.81,1834.21,128024,Gold,1845.41,1866.3433333333335,-0.0018719560308002592,0.0059899457342057275
2021-02-04,1834.12,1834.74,1784.9,1793.12,158695,Gold,1837.08,1864.117,-0.022402015036446232,0.009897023095919711
2021-02-05,1795.17,1815.2,1791.98,1813.4,127304,Gold,1832.7328571428573,1862.1426666666666,0.011309895600963848,0.011576823976301566
2021-02-08,1817.35,1839.19,1807.77,1830.13,136422,Gold,1830.95,1860.5036666666667,0.009225763758685446,0.012387224526106027
2021-02-09,1830.87,1848.56,1828.83,1837.64,123760,Gold,1829.5285714285715,1859.3233333333333,0.004103533628758704,0.012466270176804626
2021-02-10,1838.59,1855.31,1834.05,1842.35,123670,Gold,1826.9285714285713,1858.1293333333335,0.0025630700245966587,0.012115512430680889
2021-02-11,1843.91,1847.54,1821.2,1825.47,105907,Gold,1825.1885714285715,1855.851333333333,-0.009162211306212087,0.011691775642640964
2021-02-12,1826.11,1830.68,1810.52,1824.17,110731,Gold,1823.7542857142857,1853.542666666667,-0.000712145365303174,0.011683765329451114
2021-02-15,1824.88,1827.02,1816.07,1818.72,71964,Gold,1827.4114285714288,1849.3923333333335,-0.0029876601413245663,0.007076235213475184
2021-02-16,1819.62,1826.42,1789.48,1794.56,149750,Gold,1824.7199999999998,1844.21,-0.01328406791589698,0.007781913396959643
2021-02-17,1792.65,1795.15,1769.47,1776.7,153764,Gold,1817.087142857143,1839.4736666666665,-0.009952300285306692,0.006690233304279507
2021-02-18,1776.95,1789.62,1768.42,1775.44,148265,Gold,1808.2014285714288,1834.8713333333333,-0.000709179940338811,0.005894063330093095
2021-02-19,1776.46,1791.63,1760.64,1783.05,159459,Gold,1799.73,1832.6716666666666,0.004286261433785299,0.006280636305449596
2021-02-22,1786.78,1812.69,1780.68,1809.04,177046,Gold,1797.3828571428571,1831.4913333333332,0.014576147612237467,0.009176664621290038
2021-02-23,1809.4,1816.01,1795.6,1805.07,158899,Gold,1794.6542857142856,1829.8166666666666,-0.002194534117543001,0.009179161363055657
2021-02-24,1806.6,1813.94,1783.63,1805.33,162824,Gold,1792.7414285714287,1828.505,0.00014403873533996858,0.009168975777684395
2021-02-25,1803.65,1804.23,1765.28,1770.25,225865,Gold,1789.2685714285715,1825.9646666666667,-0.01943135050101641,0.010705169359017103
2021-02-26,1772.25,1775.76,1717.18,1733.84,243495,Gold,1783.1457142857143,1822.8376666666668,-0.02056771642423394,0.012617499285602586
2021-03-01,1737.79,1759.89,1719.63,1724.79,188016,Gold,1775.9099999999999,1819.0800000000002,-0.0052196281087066865,0.012571447891616858
2021-03-02,1723.03,1738.77,1707.2,1738.77,181720,Gold,1769.5842857142857,1815.718,0.008105334562468425,0.013067039047896184
2021-03-03,1738.15,1740.49,1701.86,1711.71,175583,Gold,1755.6799999999998,1810.3943333333334,-0.015562725374833941,0.010898986950393973
2021-03-04,1710.88,1723.19,1690.54,1698.6,218170,Gold,1740.4699999999998,1804.6876666666665,-0.007659007659007733,0.010621226547653375
2021-03-05,1697.83,1707.62,1687.28,1700.76,192230,Gold,1725.5314285714285,1799.5573333333334,0.0012716354645001537,0.010783236778378757
2021-03-08,1706.24,1714.29,1676.82,1682.53,185032,Gold,1713.0,1793.7769999999998,-0.010718737505585718,0.00975676364482065
2021-03-09,1684.52,1720.58,1680.12,1715.59,160257,Gold,1710.3928571428569,1789.249,0.019648980998852927,0.01212242457963126
2021-03-10,1715.33,1726.57,1708.2,1726.33,149898,Gold,1710.612857142857,1785.332333333333,0.006260237003013591,0.012302289569702488
2021-03-11,1726.56,1739.82,1719.27,1722.38,142465,Gold,1708.2714285714285,1781.3246666666666,-0.0022880909212026346,0.01180523302149648
2021-03-12,1721.63,1727.96,1699.21,1726.92,149733,Gold,1710.4442857142858,1777.3023333333333,0.0026358875509469026,0.010005518066311309
2021-03-15,1728.56,1734.54,1721.66,1732.11,132634,Gold,1715.2314285714285,1773.021,0.003005350566326115,0.009191524301784887
2021-03-16,1731.86,1741.21,1726.25,1731.85,125856,Gold,1719.672857142857,1769.4943333333333,-0.00015010594015396617,0.009247257424038494
2021-03-17,1732.35,1751.63,1724.17,1744.54,136197,Gold,1728.5314285714287,1766.5053333333333,0.007327424430522367,0.0071938534197351035
2021-03-18,1748.74,1755.46,1719.25,1736.49,161388,Gold,1731.517142857143,1764.6176666666665,-0.004614396918385388,0.004363331221118066
2021-03-19,1735.77,1746.72,1728.5,1745.14,139589,Gold,1734.2042857142858,1762.3423333333333,0.004981312878277411,0.0041647430681175344
2021-03-22,1743.8,1744.33,1727.39,1738.68,129700,Gold,1736.532857142857,1759.294,-0.003701708745430188,0.0044093399951603595
2021-03-23,1739.58,1742.6,1724.68,1726.89,126605,Gold,1736.5285714285715,1755.6023333333333,-0.006781006280626611,0.00529993717778827
2021-03-24,1727.15,1738.47,1723.79,1733.83,111264,Gold,1736.7742857142855,1751.985,0.004018785215039733,0.005408148532859809
2021-03-25,1734.91,1745.43,1721.76,1726.98,131827,Gold,1736.0785714285716,1748.7020000000002,-0.003950791023341282,0.005630040761540644
2021-03-26,1727.94,1736.65,1721.63,1732.7,105918,Gold,1734.3871428571426,1745.6529999999998,0.003312140267982322,0.004865510886097391
2021-03-29,1731.17,1732.84,1705.65,1711.81,109038,Gold,1730.8614285714286,1742.0893333333331,-0.012056328273792438,0.006375316869403172
2021-03-30,1712.68,1714.36,1678.77,1685.06,135333,Gold,1722.2785714285715,1738.4393333333333,-0.015626734275416054,0.00729270447733713
2021-03-31,1684.83,1715.34,1677.86,1707.7,130802,Gold,1717.8528571428574,1736.1393333333333,0.013435723357031915,0.010118350064745025
2021-04-01,1707.4,1730.4,1705.76,1729.49,115912,Gold,1718.224285714286,1734.6076666666665,0.012759852433097185,0.01136588681472432
2021-04-05,1728.66,1733.57,1721.25,1728.36,88124,Gold,1717.4428571428573,1732.7846666666665,-0.0006533718032484259,0.011245625978900275
2021-04-06,1728.71,1745.47,1727.16,1743.06,109667,Gold,1719.74,1730.5853333333334,0.008505172533499916,0.01157037342465803
2021-04-07,1743.28,1744.32,1730.57,1737.57,103223,Gold,1720.4357142857145,1728.3353333333334,-0.0031496334033251916,0.011648255282440978
2021-04-08,1737.56,1758.66,1733.14,1756.14,102546,Gold,1726.7685714285712,1726.6956666666667,0.01068733921511078,0.010709569887030602
2021-04-09,1755.65,1757.32,1731.26,1743.46,110017,Gold,1735.1114285714284,1725.8026666666667,-0.007220381063013259,0.008403035097255832
2021-04-12,1742.71,1745.0,1727.48,1732.34,110257,Gold,1738.6314285714284,1725.7526666666665,-0.006378121666112291,0.008389335129415846
2021-04-13,1733.23,1748.99,1723.7,1745.39,122156,Gold,1740.902857142857,1726.439333333333,0.007533163235854401,0.0074615362427479575
2021-04-14,1745.66,1749.31,1732.58,1736.25,106297,Gold,1742.0300000000002,1726.3553333333334,-0.005236651980359719,0.007855485583868971
2021-04-15,1736.26,1769.68,1734.35,1763.5,103270,Gold,1744.9500000000003,1728.0816666666665,0.01569474442044627,0.00937297650312363
2021-04-16,1763.97,1783.79,1759.72,1776.67,100215,Gold,1750.5357142857142,1730.6840000000002,0.007468103203855936,0.009315494356350651
2021-04-19,1775.67,1790.03,1766.76,1770.78,113432,Gold,1752.6271428571429,1733.018,-0.003315190778253707,0.008940925014348067
2021-04-20,1770.9,1780.41,1763.53,1778.55,110180,Gold,1757.64,1736.2186666666666,0.004387896859011198,0.008156462532870924
2021-04-21,1778.16,1797.63,1776.24,1793.92,102562,Gold,1766.437142857143,1738.8296666666668,0.008641871187203165,0.007239371785580002
2021-04-22,1793.95,1797.88,1777.45,1784.36,104081,Gold,1772.0042857142855,1740.7640000000001,-0.005329111666072195,0.00808011801238614
2021-04-23,1784.16,1795.95,1770.01,1776.48,102335,Gold,1777.7514285714285,1742.5673333333332,-0.00441614920755895,0.007942323431098816
2021-04-26,1775.48,1783.5,1768.84,1781.39,95870,Gold,1780.3071428571427,1744.383,0.0027638926416284626,0.005793284297327019
2021-04-27,1781.27,1785.55,1773.76,1776.7,90326,Gold,1780.3114285714287,1745.8693333333333,-0.002632775529221587,0.005281998357127313
2021-04-28,1776.99,1782.54,1762.62,1781.47,104594,Gold,1781.8385714285716,1747.5233333333335,0.0026847526312827608,0.005136463057235813
2021-04-29,1781.96,1789.98,1756.19,1772.28,105898,Gold,1780.9428571428573,1748.448,-0.005158661105716056,0.005311582287391361
2021-04-30,1772.61,1773.62,1764.24,1768.97,97490,Gold,1777.3785714285714,1749.5306666666668,-0.00186765070982009,0.003463069993107238
2021-05-03,1766.81,1797.91,1766.04,1793.04,90768,Gold,1778.6185714285716,1751.1273333333334,0.01360678813094629,0.006493359075129848
2021-05-04,1792.58,1799.09,1771.01,1779.28,107458,Gold,1779.0185714285712,1752.4806666666668,-0.007674117699549399,0.007017732909530722
2021-05-05,1778.34,1787.97,1770.49,1787.66,86898,Gold,1779.9142857142856,1754.5063333333335,0.004709770244143652,0.007170958393243031
2021-05-06,1786.8,1818.12,1782.0,1815.22,110093,Gold,1785.4171428571428,1757.2193333333335,0.015416801852701223,0.008886549758760137
2021-05-07,1814.64,1843.3,1812.85,1830.85,126630,Gold,1792.4714285714285,1760.6816666666666,0.0086105265477463,0.009119317713505349
2021-05-10,1833.04,1845.49,1829.97,1835.54,124892,Gold,1801.5085714285713,1764.1096666666667,0.0025616516918371968,0.008260662020938564
2021-05-11,1836.07,1841.8,1818.09,1836.8,120851,Gold,1811.1985714285713,1768.2760000000003,0.0006864464953093563,0.007954830454129008
2021-05-12,1836.83,1843.68,1813.24,1816.11,137693,Gold,1814.4942857142855,1772.6443333333334,-0.011264155052264857,0.009151411194467997
2021-05-13,1814.87,1828.8,1808.77,1826.93,122267,Gold,1821.3014285714287,1776.6186666666665,0.005957788900452066,0.008182609480186082
2021-05-14,1827.12,1845.93,1819.77,1842.56,101155,Gold,1829.1442857142858,1780.3876666666667,0.008555336000831915,0.008379706508370395
2021-05-17,1843.52,1868.41,1843.52,1866.65,105152,Gold,1836.4914285714283,1784.9973333333335,0.013074201111497041,0.0078974710623093
2021-05-18,1866.69,1875.03,1863.2,1869.64,95130,Gold,1842.0328571428574,1789.2166666666667,0.001601800016071575,0.007660083593041849
2021-05-19,1869.12,1890.09,1852.23,1870.15,155875,Gold,1846.9771428571428,1793.636,0.0002727797864829906,0.007731662460715785
2021-05-20,1870.06,1883.94,1863.86,1877.28,147676,Gold,1852.76,1797.674,0.0038125284068122323,0.007686275725914046
2021-05-21,1877.79,1889.41,1870.1,1881.74,139975,Gold,1862.1357142857144,1802.2833333333333,0.0023757777209580944,0.004488524370876362
2021-05-24,1881.41,1887.02,1875.17,1881.35,128610,Gold,1869.9099999999999,1807.2503333333334,-0.00020725498740536974,0.0048784369126465745
2021-05-25,1880.78,1900.21,1872.71,1899.18,121916,Gold,1877.9985714285715,1812.3766666666666,0.00947723709038728,0.005025457061846848
2021-05-26,1898.77,1912.74,1890.77,1896.5,122351,Gold,1882.2628571428572,1817.7183333333335,-0.001411135332090696,0.0036161128956075307
2021-05-27,1896.45,1903.67,1888.28,1896.43,124764,Gold,1886.09,1822.1493333333335,-3.691009754802632e-05,0.003718516970503039
2021-05-28,1897.4,1905.95,1882.27,1903.18,131825,Gold,1890.8085714285714,1826.3663333333332,0.0035593193526783917,0.0036652327717138513
2021-05-31,1903.74,1910.65,1902.14,1906.62,68155,Gold,1895.0,1830.8943333333334,0.0018075011296880827,0.0036245909263173354
2021-06-01,1907.26,1916.58,1892.37,1899.87,123400,Gold,1897.59,1834.938333333333,-0.0035402964408219884,0.004223430392067086
2021-06-02,1899.65,1909.09,1894.37,1908.66,106790,Gold,1901.4914285714287,1838.763,0.004626632348529114,0.004315153516363253
2021-06-03,1908.45,1909.64,1865.37,1870.7,132560,Gold,1897.4228571428573,1841.6409999999998,-0.019888298596921428,0.008324343264333933
2021-06-04,1871.33,1896.14,1855.5,1891.51,127130,Gold,1896.7100000000003,1845.4753333333333,0.011124178115144101,0.00973294115064616
2021-06-07,1890.19,1900.13,1881.57,1898.78,104532,Gold,1897.0457142857142,1849.3883333333333,0.0038434901216488626,0.009862419387632429
2021-06-08,1899.1,1903.67,1883.84,1893.06,105052,Gold,1895.6000000000001,1853.2669999999998,-0.0030124606326167314,0.009804062555321943
2021-06-09,1891.72,1898.95,1887.33,1888.89,97129,Gold,1893.067142857143,1856.8476666666668,-0.0022027827961078605,0.009748774373856557
2021-06-10,1888.89,1899.86,1869.84,1899.64,126781,Gold,1893.0342857142857,1861.093,0.005691173122839288,0.010014837302699846
2021-06-11,1898.15,1903.03,1874.44,1876.16,118817,Gold,1888.3914285714286,1864.666,-0.012360236676422942,0.010745639012548356
2021-06-14,1876.07,1877.62,1844.77,1866.31,118581,Gold,1887.7642857142857,1867.1083333333333,-0.005250085280573136,0.007794277317342597
2021-06-15,1867.53,1869.16,1851.65,1858.89,94645,Gold,1883.1042857142857,1869.762,-0.003975759654076705,0.005981129531529622
2021-06-16,1859.13,1862.91,1803.33,1810.21,112002,Gold,1870.4514285714286,1870.5136666666667,-0.02618767113707643,0.010072014158341943
2021-06-17,1813.54,1825.33,1767.3,1772.78,186319,Gold,1853.2685714285712,1869.099,-0.020677159003651524,0.011134410926094985
2021-06-18,1775.49,1797.14,1760.91,1764.52,136136,Gold,1835.5014285714285,1866.888,-0.0046593485937341805,0.010910623142527626
2021-06-21,1768.64,1786.61,1766.4,1783.25,142895,Gold,1818.8742857142859,1865.145,0.010614784757327689,0.012151219387667982
2021-06-22,1784.05,1790.09,1772.44,1778.63,126279,Gold,1804.9414285714286,1863.206,-0.002590775269872392,0.01225191736950792
2021-06-23,1779.76,1794.95,1773.33,1778.4,104888,Gold,1792.3828571428571,1861.9489999999998,-0.00012931301057561573,0.012559899270197251
2021-06-24,1778.61,1787.97,1772.85,1774.96,110374,Gold,1780.392857142857,1860.2166666666667,-0.0019343229869546175,0.012659730136761816
2021-06-25,1776.26,1790.34,1773.7,1781.11,94761,Gold,1776.2357142857145,1858.1683333333335,0.003464866813899903,0.009558913091172145
2021-06-28,1781.24,1785.74,1770.67,1779.03,87814,Gold,1777.1285714285714,1855.2476666666666,-0.0011678110840992462,0.005105116035501992
2021-06-29,1778.6,1778.96,1750.69,1761.08,81852,Gold,1776.6371428571426,1851.629,-0.010089768019651224,0.006295990321190433
2021-06-30,1762.09,1774.39,1753.33,1769.65,80009,Gold,1774.6942857142858,1848.2789999999998,0.00486633202353115,0.004849645401523828
2021-07-01,1770.03,1782.78,1765.64,1776.52,74755,Gold,1774.392857142857,1844.9203333333332,0.0038821235837593893,0.005123598263807045
2021-07-02,1776.28,1795.04,1774.33,1787.33,79540,Gold,1775.668571428571,1841.7733333333333,0.0060849300880372326,0.005641624772169689
2021-07-05,1787.11,1794.34,1784.47,1791.73,40542,Gold,1778.064285714286,1838.786,0.002461772588162381,0.005539431012724317
2021-07-06,1791.27,1814.97,1790.11,1797.05,88151,Gold,1780.3414285714284,1835.381666666667,0.002969197367906906,0.005511098547827062
2021-07-07,1796.31,1809.72,1793.85,1803.59,83421,Gold,1783.8500000000001,1832.2846666666667,0.003639297737959346,0.005453474721102712
2021-07-08,1803.68,1818.33,1793.83,1802.35,105013,Gold,1789.7457142857145,1829.1486666666667,-0.0006875176730853916,0.0021359482050173325
2021-07-09,1802.94,1812.33,1796.38,1808.04,77370,Gold,1795.2299999999998,1825.9773333333333,0.003156989485948891,0.0020240230469534977
2021-07-12,1807.97,1810.82,1791.65,1806.17,66869,Gold,1799.4657142857143,1822.629,-0.0010342691533372639,0.0024945305910436875
2021-07-13,1806.26,1817.14,1798.6,1807.14,78097,Gold,1802.2957142857142,1819.538,0.0005370480076627437,0.0019364374523212567
2021-07-14,1807.95,1829.73,1804.55,1827.99,80677,Gold,1807.4757142857143,1816.849,0.01153756764832825,0.004265218851828944
2021-07-15,1827.44,1834.07,1820.22,1829.45,76139,Gold,1812.1042857142857,1815.474,0.0007986914589248606,0.004335465657270165
2021-07-16,1829.87,1832.0,1808.96,1811.51,90910,Gold,1813.2357142857143,1812.8073333333334,-0.009806225914892441,0.006308949253648105
2021-07-19,1811.29,1817.27,1794.98,1812.61,117655,Gold,1814.7014285714286,1809.9350000000002,0.0006072282239677484,0.006282357446668303
2021-07-20,1812.65,1824.92,1805.1,1810.24,103742,Gold,1815.0157142857145,1807.1743333333334,-0.001307506854756335,0.0062329529104134425
2021-07-21,1810.4,1813.74,1794.68,1803.42,94121,Gold,1814.6228571428571,1804.3253333333332,-0.0037674562488951846,0.0064056697267395124
2021-07-22,1803.83,1808.04,1792.74,1806.42,92708,Gold,1814.5200000000002,1801.218,0.0016635060052567763,0.006441324664757269
2021-07-23,1806.98,1810.3,1789.63,1801.93,83504,Gold,1810.797142857143,1798.7436666666665,-0.00248557921192194,0.003933093721410293
2021-07-26,1802.26,1811.46,1796.38,1797.65,90431,Gold,1806.2542857142857,1796.4550000000002,-0.002375231002314182,0.0037285995842978904
2021-07-27,1797.99,1805.22,1793.6,1798.47,88456,Gold,1804.3914285714286,1794.4409999999998,0.00045615108614027733,0.0019850763962089625
2021-07-28,1800.52,1809.82,1792.36,1807.11,91748,Gold,1803.6057142857142,1794.3376666666666,0.004804083470950182,0.002957522115284205
2021-07-29,1807.34,1832.62,1807.22,1827.79,89520,Gold,1806.1128571428574,1796.1713333333332,0.01144368632789372,0.005314694656569734
2021-07-30,1828.79,1831.34,1810.2,1814.28,81091,Gold,1807.6642857142856,1797.8300000000002,-0.007391439935660049,0.006029421107988524
2021-08-02,1814.6,1819.51,1805.78,1813.11,88661,Gold,1808.6200000000001,1798.8253333333334,-0.0006448839208942347,0.006042131277446073
2021-08-03,1813.49,1814.99,1807.12,1810.12,71014,Gold,1809.7899999999997,1799.875,-0.0016491001649100445,0.00598018636244192
2021-08-04,1810.26,1831.65,1806.4,1811.6,81473,Gold,1811.782857142857,1800.9816666666668,0.0008176253508054288,0.005829671729384163
2021-08-05,1812.03,1814.81,1797.83,1803.73,76504,Gold,1812.5342857142857,1801.9406666666664,-0.0043442260984764,0.006191798902737463
2021-08-06,1804.65,1804.72,1758.65,1763.18,90320,Gold,1806.2585714285713,1801.343,-0.022481191752645846,0.010244233080368259
2021-08-09,1761.08,1762.27,1683.2,1729.58,123735,Gold,1792.2285714285715,1799.6946666666665,-0.019056477500879132,0.009288384251115606
2021-08-10,1728.91,1738.27,1717.71,1728.74,88755,Gold,1780.0085714285713,1798.6166666666666,-0.0004856670405531949,0.009699309091282247
2021-08-11,1729.71,1754.37,1724.08,1751.5,91167,Gold,1771.2071428571428,1798.0116666666665,0.013165658225065657,0.012240076388820863
2021-08-12,1751.32,1758.15,1741.58,1752.86,77872,Gold,1763.027142857143,1797.2229999999997,0.0007764773051668339,0.012379725368375895
2021-08-13,1753.17,1779.79,1751.69,1779.7,73095,Gold,1758.47,1796.9686666666669,0.015312118480654613,0.01445811209843133
2021-08-16,1779.08,1789.28,1770.8,1787.24,84258,Gold,1756.1142857142859,1796.819,0.004236669101533863,0.014632934909506493
2021-08-17,1787.22,1795.46,1780.53,1785.8,84021,Gold,1759.3457142857144,1796.444,-0.0008057116000089737,0.011296791702163377
2021-08-18,1786.3,1793.75,1777.32,1787.68,84606,Gold,1767.6457142857143,1795.9136666666668,0.0010527494680256932,0.006712945737709978
2021-08-19,1787.37,1792.44,1774.41,1780.0,95481,Gold,1774.9685714285715,1795.168666666667,-0.0042960708851695895,0.007334045735907209
2021-08-20,1780.14,1788.37,1778.33,1780.94,74472,Gold,1779.1742857142858,1794.2653333333333,0.000528089887640526,0.00623384664480539
2021-08-23,1781.52,1806.42,1776.44,1805.18,81054,Gold,1786.6485714285716,1794.2323333333334,0.013610789807629642,0.007446070890743648
2021-08-24,1805.41,1809.51,1800.7,1802.83,68351,Gold,1789.9528571428568,1794.0886666666668,-0.001301809237860052,0.005790157117324522
2021-08-25,1802.42,1802.78,1782.57,1790.33,71904,Gold,1790.3942857142854,1792.8333333333333,-0.0069335433734739604,0.00651950381424565
2021-08-26,1791.03,1798.12,1780.07,1791.69,66655,Gold,1791.2357142857143,1791.5746666666666,0.0007596364915964937,0.006503486285027556
2021-08-27,1792.42,1819.09,1784.01,1817.85,73792,Gold,1795.5457142857142,1791.786,0.014600740083384967,0.008429971050382585
2021-08-30,1818.18,1823.24,1807.76,1810.13,51256,Gold,1799.8500000000001,1791.7033333333334,-0.004246775036443995,0.008423439653211627
2021-08-31,1810.0,1819.15,1801.71,1814.26,69797,Gold,1804.61,1791.8373333333334,0.0022816040836846074,0.008383395717023543
2021-09-01,1814.47,1820.03,1808.72,1813.77,66557,Gold,1805.837142857143,1792.1823333333334,-0.00027008256809935016,0.006872959770178685
2021-09-02,1813.97,1817.15,1804.86,1809.55,48158,Gold,1806.7971428571425,1792.2866666666666,-0.00232664560556195,0.006933322468611964
2021-09-03,1809.49,1833.95,1808.94,1827.59,64900,Gold,1812.1200000000001,1793.1419999999998,0.009969329391285031,0.006834455402287852
2021-09-06,1828.29,1830.24,1821.42,1823.14,30435,Gold,1816.6128571428574,1793.9916666666666,-0.0024349006068099532,0.007107599273577163
2021-09-07,1823.53,1827.22,1792.04,1793.92,65120,Gold,1813.1942857142858,1793.84,-0.01602729357043342,0.007816337100810325
2021-09-08,1795.12,1802.11,1782.43,1789.29,69657,Gold,1810.2171428571426,1793.2459999999999,-0.002580940064216941,0.0077568671734051286
2021-09-09,1789.54,1800.9,1783.86,1794.36,69299,Gold,1807.3742857142859,1792.1316666666667,0.0028335261472427486,0.007805868621799192
2021-09-10,1793.87,1803.77,1787.24,1787.81,64121,Gold,1803.6657142857143,1791.2493333333334,-0.003650326578835905,0.007818172724543066
2021-09-13,1787.35,1798.43,1783.64,1793.37,53287,Gold,1801.3542857142859,1790.5913333333333,0.0031099501624891612,0.008050496183580884
2021-09-14,1793.38,1808.58,1779.6,1804.69,68253,Gold,1798.0828571428572,1790.4103333333333,0.006312138599396722,0.007282773836078749
2021-09-15,1803.86,1806.94,1790.75,1793.73,71910,Gold,1793.8814285714286,1789.8146666666664,-0.006073065180169479,0.007465101241982429
2021-09-16,1794.12,1796.2,1745.24,1752.72,92224,Gold,1787.9957142857143,1788.1143333333334,-0.02286297268819726,0.009679319135015052
2021-09-17,1753.57,1767.47,1747.38,1753.92,93996,Gold,1782.9428571428573,1787.8056666666669,0.0006846501437764996,0.00979622856607004
2021-09-20,1754.22,1767.05,1742.07,1764.82,96288,Gold,1778.722857142857,1788.9803333333334,0.006214650611202188,0.010195875505339897
2021-09-21,1764.46,1781.69,1757.97,1773.89,77017,Gold,1776.7342857142855,1790.4853333333335,0.005139334323047251,0.01054065942770927
2021-09-22,1774.86,1787.21,1764.72,1767.99,95213,Gold,1773.1085714285714,1791.035,-0.0033260235978556096,0.010395193419698554
2021-09-23,1768.62,1776.56,1737.43,1742.48,94004,Gold,1764.2214285714288,1790.689,-0.014428814642616805,0.010589416604866654
2021-09-24,1744.64,1757.71,1740.49,1749.72,73477,Gold,1757.9342857142856,1789.6896666666664,0.0041549974748633645,0.0111019214893942
2021-09-27,1749.81,1760.82,1744.84,1750.15,90252,Gold,1757.567142857143,1788.4533333333334,0.0002457536062914212,0.007092645335285668
2021-09-28,1750.67,1754.49,1728.1,1733.53,109052,Gold,1754.6542857142856,1786.7109999999998,-0.009496328886095529,0.00788364650207926
2021-09-29,1734.2,1745.48,1721.65,1726.46,99056,Gold,1749.1742857142858,1784.670333333333,-0.004078383414189535,0.007094339614661726
2021-09-30,1726.64,1764.12,1722.24,1757.16,101418,Gold,1746.784285714286,1783.9089999999999,0.017782051133533372,0.010389421559681096
2021-10-01,1755.82,1764.28,1749.77,1760.15,93635,Gold,1745.6642857142856,1783.2160000000001,0.0017016094151927064,0.010400332595251046
2021-10-04,1760.79,1770.5,1747.79,1769.35,94390,Gold,1749.5028571428572,1782.0216666666668,0.005226827259040334,0.008525168942347635
2021-10-05,1768.61,1769.33,1748.66,1759.87,84128,Gold,1750.952857142857,1780.5896666666667,-0.005357899793709597,0.00891453919749046
2021-10-06,1760.02,1765.03,1745.95,1762.87,94004,Gold,1752.7700000000002,1779.6743333333332,0.0017046713677715264,0.008914825198148226
2021-10-07,1762.95,1766.91,1751.97,1754.91,76394,Gold,1755.8242857142857,1778.4483333333335,-0.004515364150504464,0.008091764906772084
2021-10-08,1755.94,1781.27,1753.45,1757.1,95076,Gold,1760.2014285714286,1776.4233333333332,0.001247927244132141,0.007689432779739953
2021-10-11,1756.97,1760.97,1750.18,1754.11,75370,Gold,1759.765714285714,1774.556,-0.0017016675203460618,0.0037916531769459022
2021-10-12,1753.79,1769.31,1750.8,1760.19,85568,Gold,1759.7714285714285,1772.7536666666667,0.003466145224643835,0.0039955741327695315
2021-10-13,1760.7,1796.15,1757.91,1792.75,102178,Gold,1763.1142857142856,1772.053,0.0184980030564883,0.008012652850519162
2021-10-14,1793.03,1800.57,1786.75,1795.92,79665,Gold,1768.2642857142857,1771.5986666666665,0.0017682331613444457,0.00736224842017251
2021-10-15,1796.02,1796.47,1764.93,1767.42,91079,Gold,1768.9142857142856,1769.593,-0.015869303755178366,0.010269670539791267
2021-10-18,1767.18,1772.04,1760.31,1764.53,100833,Gold,1770.2885714285715,1767.6393333333333,-0.001635151803193402,0.010095505722938746
2021-10-19,1764.93,1785.11,1763.0,1768.99,95022,Gold,1771.9871428571428,1766.8083333333334,0.0025275852493298334,0.01011600801993892
2021-10-20,1769.43,1788.44,1766.9,1782.06,94540,Gold,1775.98,1766.5673333333334,0.007388396768777561,0.010292151489064785
2021-10-21,1782.65,1789.44,1776.53,1783.32,98030,Gold,1779.2842857142857,1766.1993333333335,0.0007070469007777191,0.010293161112186075
2021-10-22,1783.37,1813.79,1782.89,1792.67,109808,Gold,1779.2728571428572,1766.3613333333333,0.005243029854428816,0.007600429097253202
2021-10-25,1792.93,1809.99,1792.25,1807.43,95376,Gold,1780.9171428571428,1766.8300000000002,0.008233528758778696,0.008216367906741002
2021-10-26,1807.45,1808.39,1782.45,1793.0,89761,Gold,1784.5714285714287,1766.4403333333332,-0.007983711679013905,0.005674722180221252
2021-10-27,1793.08,1799.05,1783.54,1796.89,98026,Gold,1789.1942857142856,1766.5456666666666,0.0021695482431678403,0.005438117186214684
2021-10-28,1796.75,1810.38,1792.25,1798.81,111028,Gold,1793.4542857142858,1768.0819999999999,0.001068512819371259,0.005469771540131717
2021-10-29,1799.49,1801.2,1771.98,1782.98,118861,Gold,1793.5857142857144,1769.0506666666665,-0.008800262395694869,0.006360753489477808
2021-11-01,1783.36,1795.79,1779.12,1793.2,88126,Gold,1794.9971428571428,1769.9966666666664,0.005731976802880512,0.006715505559353124
2021-11-02,1792.82,1796.4,1786.41,1787.84,80400,Gold,1794.3071428571427,1770.4616666666666,-0.002989069819317458,0.006527772061965353
2021-11-03,1787.63,1788.2,1758.07,1769.89,95424,Gold,1788.9442857142858,1770.525,-0.010040048326472095,0.0061585137750422465
2021-11-04,1771.35,1798.9,1770.86,1791.71,89121,Gold,1788.76,1772.166,0.01232844979066483,0.00793553563258698
2021-11-05,1791.11,1818.27,1785.1,1817.84,98757,Gold,1791.7528571428572,1774.436666666667,0.01458383332124047,0.009709825783319352
2021-11-08,1815.69,1826.44,1812.46,1824.14,86785,Gold,1795.3714285714284,1776.903,0.0034656515424900114,0.00972619768207173
2021-11-09,1824.28,1832.7,1819.23,1831.68,87840,Gold,1802.3285714285714,1780.1746666666668,0.004133454669049463,0.008471181920822019
2021-11-10,1831.6,1868.55,1822.32,1848.97,104451,Gold,1810.2957142857142,1784.2583333333334,0.009439421733053788,0.008718006604394962
2021-11-11,1848.98,1866.0,1842.88,1861.77,73362,Gold,1820.857142857143,1787.7453333333333,0.006922773219684375,0.008097409981934485
2021-11-12,1861.75,1868.61,1845.2,1864.35,86565,Gold,1834.3514285714284,1791.2186666666666,0.0013857780499202388,0.004874665834012115
2021-11-15,1866.79,1870.3,1856.38,1862.71,78903,Gold,1844.4942857142858,1794.3306666666665,-0.0008796631533777299,0.0052225295305788864
2021-11-16,1863.07,1877.23,1849.67,1849.98,96336,Gold,1849.0857142857144,1797.3343333333332,-0.006834128769373615,0.005340165252405735
2021-11-17,1850.24,1868.03,1849.53,1867.39,83204,Gold,1855.2642857142855,1800.8183333333334,0.009410912550406048,0.0059533822889365285
2021-11-18,1866.24,1870.94,1855.03,1858.81,82994,Gold,1859.14,1804.2816666666665,-0.004594648145272329,0.0066407572105376894
2021-11-19,1859.19,1865.72,1843.0,1845.7,99128,Gold,1858.672857142857,1807.2350000000001,-0.0070528994356603425,0.006536546517448215
2021-11-22,1842.19,1849.15,1802.28,1804.77,111380,Gold,1850.53,1808.9236666666666,-0.02217586823427431,0.009709025327302804
2021-11-23,1808.0,1812.45,1782.0,1789.28,107732,Gold,1839.8057142857144,1809.8933333333332,-0.008582811106124355,0.009447971785720401
2021-11-24,1789.1,1796.34,1778.54,1788.64,100596,Gold,1829.2242857142858,1809.7563333333333,-0.0003576857730482885,0.009495362407076087
2021-11-25,1787.93,1795.04,1786.01,1788.42,43784,Gold,1820.43,1809.5063333333335,-0.00012299847929153618,0.009703131108235868
2021-11-26,1790.47,1815.55,1780.4,1790.86,103879,Gold,1809.497142857143,1810.2876666666666,0.0013643327629973,0.008082789633217584
2021-11-29,1788.53,1799.39,1777.64,1784.96,83509,Gold,1798.9471428571428,1810.9686666666669,-0.003294506549925691,0.008133416481832682
2021-11-30,1785.12,1808.74,1769.82,1774.43,117288,Gold,1788.7657142857145,1811.1500000000003,-0.0058992918608820055,0.008114188421729665
2021-12-01,1775.91,1794.41,1772.17,1781.88,111262,Gold,1785.4957142857145,1811.144,0.004198531359366209,0.004395660378385646
2021-12-02,1781.48,1783.38,1761.97,1768.4,114608,Gold,1782.5128571428572,1810.6466666666668,-0.007565043661750481,0.004144065304810005
2021-12-03,1769.67,1786.12,1766.15,1783.88,113243,Gold,1781.8328571428572,1810.3536666666666,0.00875367563899565,0.005745668354202236
2021-12-06,1782.0,1787.71,1775.74,1778.37,94257,Gold,1780.3971428571429,1809.385,-0.003088772787407379,0.00583339993256345
2021-12-07,1778.93,1787.68,1772.35,1784.16,82219,Gold,1779.44,1809.0903333333333,0.0032557904148182715,0.005991495259000828
2021-12-08,1784.6,1793.15,1779.64,1782.49,86165,Gold,1779.087142857143,1808.6103333333335,-0.0009360147072011715,0.0058746400733519204
2021-12-09,1783.08,1787.64,1773.27,1775.13,83436,Gold,1779.187142857143,1807.8210000000001,-0.004129055422470773,0.005620144178372209
2021-12-10,1775.99,1789.41,1770.1,1782.82,82249,Gold,1779.3214285714287,1807.8156666666666,0.00433207708731187,0.005636697312756125
2021-12-13,1782.77,1791.57,1781.83,1786.99,75375,Gold,1781.9771428571428,1807.6086666666667,0.0023389910366722333,0.004529539037754397
2021-12-14,1785.95,1789.53,1766.43,1770.58,82804,Gold,1780.077142857143,1807.0333333333333,-0.009183039636483703,0.004809501595248413
2021-12-15,1771.44,1780.85,1752.34,1777.09,97659,Gold,1779.8942857142858,1807.2733333333333,0.0036767612872616873,0.00500916853953274
2021-12-16,1778.34,1799.55,1775.54,1799.02,99122,Gold,1782.0171428571427,1807.517,0.012340399191937523,0.006857097548995445
2021-12-17,1798.39,1814.28,1795.94,1797.98,90843,Gold,1784.23,1806.8549999999998,-0.0005780925170369988,0.006839777909058979
2021-12-20,1800.31,1804.21,1788.29,1790.3,97492,Gold,1786.3971428571426,1805.7269999999999,-0.00427146019421798,0.006858652857787621
2021-12-21,1790.8,1800.52,1785.0,1788.63,82073,Gold,1787.2271428571428,1804.292,-0.0009328045578952393,0.006750436402686888
2021-12-22,1788.87,1804.92,1785.86,1803.54,72738,Gold,1789.5914285714284,1802.7776666666664,0.008335988997165256,0.007376546813184712
2021-12-23,1803.13,1810.63,1798.9,1807.76,66632,Gold,1794.902857142857,1800.9773333333333,0.002339842753695587,0.0057409688396455405
2021-12-27,1805.97,1813.47,1802.92,1811.82,66267,Gold,1799.8642857142856,1799.2263333333333,0.0022458733460193336,0.005737798856880825
2021-12-28,1811.55,1820.18,1805.05,1806.13,65449,Gold,1800.8799999999999,1797.3403333333333,-0.0031404885695045515,0.0042236530188131125
2021-12-29,1806.56,1807.71,1789.47,1803.9,74622,Gold,1801.7257142857143,1795.8043333333333,-0.00123468410358063,0.004260561615951511
2021-12-30,1803.71,1817.21,1796.12,1815.08,71293,Gold,1805.2657142857145,1794.0606666666667,0.006197682798381177,0.004151813056912605
2021-12-31,1814.64,1828.08,1814.2,1827.95,58510,Gold,1810.882857142857,1793.032,0.00709059655772748,0.004319993042276367
2022-01-03,1830.63,1831.82,1798.32,1801.2,87227,Gold,1810.5485714285714,1791.5486666666666,-0.014633879482480405,0.007354818537083233
2022-01-04,1802.46,1816.74,1798.51,1814.36,95966,Gold,1811.4914285714287,1791.8683333333333,0.00730624028425475,0.007858683553224409
2022-01-05,1813.84,1829.6,1808.32,1810.53,91086,Gold,1811.3071428571427,1792.5766666666668,-0.0021109371899732388,0.007874252673919549
2022-01-06,1810.06,1811.58,1786.5,1789.72,114463,Gold,1808.9628571428573,1792.6126666666669,-0.011493871960144286,0.008972615710137192
2022-01-07,1791.18,1798.63,1782.64,1796.3,93200,Gold,1807.8771428571429,1792.8753333333332,0.0036765527568558554,0.009165630928987903
2022-01-10,1794.95,1802.32,1790.36,1801.69,98141,Gold,1805.9642857142858,1793.2363333333335,0.0030006123698713694,0.008846475293508129
2022-01-11,1800.41,1823.25,1799.97,1821.43,95816,Gold,1805.0328571428574,1794.452,0.01095637984336939,0.009531570505393572
2022-01-12,1820.14,1828.01,1814.71,1826.14,89178,Gold,1808.5957142857144,1796.1756666666665,0.002585880324799783,0.007205457724425595
2022-01-13,1825.78,1828.14,1812.35,1822.71,88822,Gold,1809.7885714285715,1797.5366666666666,-0.001878278773807085,0.0069057721254250845
2022-01-14,1821.49,1829.18,1814.7,1817.54,100708,Gold,1810.7900000000002,1799.1746666666666,-0.0028364358564993974,0.0069598135163223
2022-01-17,1817.35,1823.17,1813.2,1819.11,50418,Gold,1814.9885714285715,1800.349,0.0008638049231377565,0.00453309566351944
2022-01-18,1818.27,1822.78,1805.79,1813.7,116659,Gold,1817.4742857142858,1801.5266666666664,-0.002973981782300017,0.004888855167214083
2022-01-19,1814.08,1843.32,1810.25,1840.63,118270,Gold,1823.037142857143,1803.409,0.01484810056789998,0.0070936668711770925
2022-01-20,1840.2,1847.92,1835.95,1839.53,115018,Gold,1825.622857142857,1805.3103333333333,-0.0005976214665631696,0.006249740613898968
2022-01-21,1839.26,1843.24,1828.39,1834.63,118667,Gold,1826.8357142857144,1807.2936666666667,-0.002663723885992564,0.006401085295687923
2022-01-24,1832.9,1844.38,1829.72,1843.16,137348,Gold,1829.7571428571428,1809.305,0.004649438851430432,0.006441586718274348
2022-01-25,1842.85,1853.9,1834.94,1847.69,115864,Gold,1834.064285714286,1811.3283333333336,0.0024577356279433804,0.0061356668403345855
2022-01-26,1847.49,1850.06,1815.03,1818.84,119417,Gold,1834.0257142857142,1812.9370000000001,-0.015614091108356987,0.009203434330501829
2022-01-27,1819.89,1822.12,1791.84,1796.7,134786,Gold,1831.597142857143,1813.5906666666667,-0.012172593521145303,0.010293502130993285
2022-01-28,1797.3,1799.42,1780.3,1791.58,117835,Gold,1824.59,1813.3426666666667,-0.0028496688373129686,0.007446135893102837
2022-01-31,1788.96,1799.89,1785.57,1796.88,99871,Gold,1818.497142857143,1813.3060000000003,0.0029582826332066325,0.007815326941898524
2022-02-01,1797.51,1808.79,1795.77,1800.9,98541,Gold,1813.6785714285713,1813.6593333333333,0.002237211166021158,0.008098241234571398
2022-02-02,1801.02,1810.77,1794.51,1806.86,87102,Gold,1808.4928571428572,1814.267,0.0033094563829194623,0.007911475719986315
2022-02-03,1806.94,1808.93,1788.66,1804.88,106335,Gold,1802.3771428571429,1814.311666666667,-0.0010958236941432942,0.007625946468749372
2022-02-04,1804.8,1814.88,1792.14,1807.84,105497,Gold,1800.8057142857142,1814.3143333333333,0.0016399982270287605,0.0054741089120202745
2022-02-07,1808.53,1823.54,1807.84,1820.48,103673,Gold,1804.202857142857,1814.603,0.006991769183113616,0.0031818909084657156
2022-02-08,1821.2,1828.75,1815.43,1826.03,89692,Gold,1809.1242857142859,1815.2663333333335,0.003048646510810382,0.0024055459071589155
2022-02-09,1825.75,1835.8,1824.73,1832.87,83092,Gold,1814.265714285714,1816.232,0.0037458311199705108,0.0024363807038286656
2022-02-10,1832.74,1841.92,1821.68,1826.75,123300,Gold,1817.9585714285713,1816.6209999999999,-0.0033390256810357233,0.003390821236946172
2022-02-11,1827.28,1865.45,1820.92,1858.98,134846,Gold,1825.4042857142856,1817.6553333333334,0.017643355686328244,0.006848385204780767
2022-02-14,1855.86,1874.16,1850.82,1871.74,145102,Gold,1834.9557142857143,1820.0066666666667,0.006863979171373602,0.0064954145115617415
2022-02-15,1870.57,1879.51,1844.49,1853.36,111096,Gold,1841.4585714285713,1821.3066666666666,-0.009819739921142934,0.008640386223061984
2022-02-16,1853.83,1872.57,1850.33,1869.0,101098,Gold,1848.3899999999999,1823.2556666666667,0.008438727500323706,0.00875190150688339
2022-02-17,1869.85,1901.13,1867.81,1898.25,136437,Gold,1858.7071428571428,1826.8733333333332,0.015650080256821797,0.009804888303284716
2022-02-18,1898.69,1902.51,1886.58,1897.34,114121,Gold,1867.9171428571428,1830.2413333333336,-0.00047938891083898483,0.010064503705211274
2022-02-21,1902.54,1908.26,1887.62,1903.46,84038,Gold,1878.8757142857144,1833.6336666666668,0.0032255684273774232,0.009445432703216582
2022-02-22,1912.0,1913.98,1891.38,1898.5,149372,Gold,1884.5214285714285,1836.2026666666668,-0.0026057810513485657,0.008291074334669702
2022-02-23,1898.91,1910.49,1889.62,1908.08,101624,Gold,1889.712857142857,1838.9340000000002,0.005046089017645361,0.008179013288724175
2022-02-24,1909.79,1974.52,1878.0,1903.77,194530,Gold,1896.9142857142858,1841.636,-0.002258815144019044,0.006580989873401075
2022-02-25,1906.5,1921.42,1882.86,1888.25,149053,Gold,1899.6642857142858,1843.993,-0.00815224528173042,0.007570185610048364
2022-02-28,1919.79,1926.69,1890.86,1908.26,144843,Gold,1901.0942857142857,1846.9646666666667,0.010597113729643892,0.0060913042760230695
2022-03-01,1908.3,1950.17,1901.39,1945.17,143236,Gold,1907.9271428571428,1851.3470000000002,0.019342227998281114,0.00921919567153151
2022-03-02,1942.98,1947.87,1913.42,1927.61,134384,Gold,1911.3771428571429,1854.2463333333333,-0.00902748859996827,0.010390749317072753
2022-03-03,1929.27,1941.18,1922.08,1936.62,119807,Gold,1916.822857142857,1857.4826666666665,0.004674182018146844,0.010233730460641898
2022-03-04,1936.72,1970.19,1929.56,1969.74,142983,Gold,1925.6314285714286,1861.9863333333335,0.01710196114880569,0.011582845791913187
2022-03-07,1980.67,2002.61,1961.03,1997.24,196672,Gold,1938.984285714286,1867.1223333333332,0.013961233462284284,0.011601885050316244
2022-03-08,1997.23,2070.3,1981.08,2050.15,198331,Gold,1962.112857142857,1873.8709999999999,0.02649155835052386,0.011485320572316191
2022-03-09,2050.01,2059.24,1976.04,1992.39,163223,Gold,1974.1314285714286,1879.656,-0.028173548276955285,0.01905765769223203
2022-03-10,1991.87,2009.1,1970.26,1996.01,130688,Gold,1981.3942857142858,1886.2996666666668,0.0018169133553169736,0.01819633742675404
2022-03-11,1997.35,1998.88,1958.56,1985.22,92301,Gold,1989.6242857142859,1892.7543333333333,-0.00540578454015761,0.017817196915146185
2022-03-14,1979.73,1983.64,1949.7,1951.44,91098,Gold,1991.7414285714283,1897.9063333333334,-0.01701574636564207,0.01955334514209065
2022-03-15,1953.28,1954.5,1907.05,1917.56,99796,Gold,1984.287142857143,1901.7949999999998,-0.01736153814618957,0.019234041876041105
2022-03-16,1920.11,1929.49,1895.01,1924.83,96954,Gold,1973.9428571428573,1905.7273333333333,0.003791276413775746,0.018026526720637637
2022-03-17,1925.74,1949.74,1923.35,1942.56,77105,Gold,1958.5728571428572,1910.3166666666666,0.009211203067283957,0.01362035729994965
2022-03-18,1942.17,1945.36,1917.97,1920.74,76973,Gold,1948.337142857143,1914.0800000000002,-0.011232600280042804,0.010501638404455081
2022-03-21,1925.11,1941.02,1917.69,1934.91,86440,Gold,1939.6085714285714,1917.8943333333332,0.007377364973916389,0.011298369278086797
2022-03-22,1936.13,1938.35,1910.67,1921.53,87653,Gold,1930.51,1921.0776666666668,-0.006915050312417681,0.011335623414068395
2022-03-23,1921.25,1948.28,1915.51,1944.86,81077,Gold,1929.57,1924.8106666666667,0.012141366515224794,0.011366582160880854
2022-03-24,1944.37,1966.2,1937.54,1956.95,96136,Gold,1935.1971428571428,1929.150666666667,0.006216385755273057,0.00869029456679777
2022-03-25,1958.89,1964.37,1943.2,1957.24,89859,Gold,1939.8271428571427,1932.426,0.00014818978512476377,0.008739862622723266
2022-03-28,1955.63,1958.52,1917.02,1921.82,135330,Gold,1936.8642857142856,1934.0953333333334,-0.0180969119780916,0.011004958301275316
2022-03-29,1922.35,1929.36,1890.02,1919.31,126619,Gold,1936.6599999999999,1936.2936666666667,-0.001306053636656923,0.010144773949994796
2022-03-30,1920.13,1938.45,1915.81,1933.13,99642,Gold,1936.4057142857143,1938.4313333333334,0.0072005043479168584,0.010123355379350411
2022-03-31,1933.15,1949.76,1919.1,1936.88,103869,Gold,1938.5985714285712,1939.719,0.0019398591920873898,0.00967113391073448
2022-04-01,1937.15,1939.6,1918.06,1924.09,100483,Gold,1935.6314285714286,1940.6106666666667,-0.006603403411672426,0.008673046123402623
2022-04-04,1924.07,1936.82,1915.5,1932.72,94779,Gold,1932.17,1941.586,0.004485237177055179,0.008437831444997844
2022-04-05,1932.48,1944.58,1917.97,1923.62,95000,Gold,1927.3671428571429,1942.4233333333332,-0.004708390247940786,0.008455625720295819
2022-04-06,1923.02,1933.41,1915.15,1925.61,114996,Gold,1927.9085714285716,1943.0076666666666,0.0010345078549818254,0.0048935619953676054
2022-04-07,1924.08,1937.72,1920.47,1931.25,99273,Gold,1929.6142857142856,1943.9236666666666,0.0029289419976008535,0.004924789603370711
2022-04-08,1931.72,1948.13,1927.67,1946.4,98330,Gold,1931.51,1945.862,0.007844660194174846,0.005066198033063738
2022-04-11,1947.6,1969.78,1940.0,1954.81,118601,Gold,1934.0714285714282,1947.4136666666666,0.004320797369502527,0.005218335578106061
2022-04-12,1952.27,1978.68,1949.81,1966.38,115216,Gold,1940.1128571428574,1948.1206666666667,0.005918733789984865,0.004064696622486453
2022-04-13,1966.8,1981.59,1962.81,1977.76,100307,Gold,1946.547142857143,1949.7923333333333,0.005787284248212288,0.004166226622491496
2022-04-14,1977.13,1980.35,1960.38,1973.19,103260,Gold,1953.6285714285716,1951.0113333333334,-0.0023106949275948363,0.003431491249680361
2022-04-18,1972.39,1998.43,1971.66,1978.71,114849,Gold,1961.2142857142858,1951.3103333333333,0.002797500494123639,0.0032686824407072773
2022-04-19,1977.54,1982.0,1943.81,1949.19,122648,Gold,1963.777142857143,1949.7086666666667,-0.014918810740330857,0.00787124725494521
2022-04-20,1949.81,1958.33,1939.32,1957.63,123682,Gold,1965.3814285714286,1946.6246666666666,0.004330003745145472,0.0074907025768913655
2022-04-21,1956.03,1957.32,1936.84,1951.74,120391,Gold,1964.9428571428573,1945.2696666666666,-0.003008740160295953,0.007436171279547362
2022-04-22,1950.28,1955.63,1926.68,1931.91,129730,Gold,1960.0185714285715,1943.133,-0.010160164776045977,0.0077092059912892705
2022-04-25,1932.72,1934.26,1891.43,1897.67,155239,Gold,1948.577142857143,1940.2146666666667,-0.017723392911678126,0.008571359348128
2022-04-26,1898.55,1911.27,1895.77,1906.14,124208,Gold,1938.9985714285717,1938.7046666666668,0.004463368235783971,0.009382416270918651
2022-04-27,1906.03,1907.03,1881.42,1885.53,129329,Gold,1925.687142857143,1937.637,-0.010812427208914399,0.008923119882375166
2022-04-28,1885.48,1896.72,1872.04,1894.22,136439,Gold,1917.8342857142857,1936.6166666666666,0.004608783737198641,0.009025764483137534
2022-04-29,1895.11,1919.83,1892.48,1896.42,130267,Gold,1909.0900000000001,1935.0786666666668,0.001161427922838909,0.008605518936993068
2022-05-02,1899.29,1899.86,1854.6,1863.21,118986,Gold,1896.4428571428573,1933.161,-0.017511943556807075,0.009844517401281947
2022-05-03,1863.44,1878.13,1850.38,1868.01,106602,Gold,1887.3142857142855,1930.931,0.00257619914019358,0.010238980183947949
2022-05-04,1868.01,1889.81,1861.42,1881.75,105286,Gold,1885.0399999999997,1929.6049999999998,0.007355421009523466,0.009285444995830398
2022-05-05,1881.9,1909.77,1872.57,1877.2,147709,Gold,1880.9057142857143,1927.3496666666667,-0.0024179620034542326,0.008948328010609416
2022-05-06,1876.3,1892.56,1866.06,1882.37,133035,Gold,1880.4542857142858,1924.8636666666666,0.002754101853824853,0.008196729394005883
2022-05-09,1883.46,1885.59,1851.63,1854.13,144766,Gold,1874.7271428571428,1921.4266666666667,-0.0150023640410758,0.009519689185974333
2022-05-10,1853.22,1865.39,1835.49,1838.24,139294,Gold,1866.4157142857143,1918.6406666666667,-0.00857005711573633,0.009519186323475471
2022-05-11,1838.98,1858.15,1831.97,1852.3,133536,Gold,1864.857142857143,1916.4070000000002,0.0076486204195316265,0.008432266636628065
2022-05-12,1851.39,1858.77,1821.53,1821.94,147591,Gold,1858.2757142857142,1912.7006666666666,-0.016390433515089287,0.010054745835101546
2022-05-13,1822.63,1828.76,1799.06,1811.66,115205,Gold,1848.2628571428572,1908.5266666666669,-0.0056423372888240175,0.008838804874124934
2022-05-16,1814.33,1826.89,1786.84,1824.79,108297,Gold,1840.7757142857142,1905.2166666666667,0.007247496770917294,0.01004964090986577
2022-05-17,1824.95,1836.05,1812.86,1814.52,105592,Gold,1831.0828571428574,1901.2766666666664,-0.005628044870916615,0.009600997955074192
2022-05-18,1814.35,1824.71,1807.32,1817.35,99690,Gold,1825.8285714285714,1897.7343333333333,0.0015596411172100755,0.008786335141192972
2022-05-19,1816.31,1849.15,1810.96,1841.17,112284,Gold,1826.2471428571428,1894.919666666667,0.013106996450876318,0.01013980475353176
2022-05-20,1841.91,1849.44,1832.38,1845.71,92305,Gold,1825.3057142857144,1892.0683333333334,0.0024658233623184866,0.009690646540214575
2022-05-23,1847.95,1865.39,1843.32,1853.6,92035,Gold,1829.8285714285714,1888.975,0.00427477772781204,0.006726108799624755
2022-05-24,1853.3,1869.67,1849.4,1866.14,73402,Gold,1837.6114285714286,1886.0193333333334,0.006765213638325607,0.005798780380642369
2022-05-25,1865.24,1868.05,1842.05,1853.79,76578,Gold,1841.7542857142855,1882.2663333333333,-0.0066179386326856715,0.006874880652603957
2022-05-26,1852.72,1854.37,1840.78,1850.85,85299,Gold,1846.9442857142856,1878.036,-0.0015859401550337715,0.006240951597649074
2022-05-27,1850.63,1862.0,1847.96,1852.98,71429,Gold,1852.0342857142857,1874.029,0.0011508225950238593,0.006256960554362103
2022-05-30,1852.24,1863.96,1848.22,1855.1,47882,Gold,1854.0242857142857,1869.9086666666667,0.0011441030124448304,0.004297735688001432
2022-05-31,1856.03,1857.09,1835.1,1838.26,85700,Gold,1852.9599999999998,1866.211,-0.00907767775322077,0.005674014131092118
2022-06-01,1836.74,1850.02,1828.5,1846.64,87039,Gold,1851.965714285714,1862.5113333333334,0.004558658731626641,0.00571522612217213
2022-06-02,1847.13,1870.37,1844.13,1868.36,71969,Gold,1852.282857142857,1859.7320000000002,0.01176190269895594,0.006954847762487103
2022-06-03,1868.8,1874.09,1847.38,1851.16,66139,Gold,1851.9071428571428,1857.0403333333334,-0.009205934616455025,0.007429682496605012
2022-06-06,1850.56,1857.82,1839.84,1842.14,70516,Gold,1850.662857142857,1855.1893333333333,-0.004872620410985573,0.007634434080782721
2022-06-07,1840.79,1855.52,1837.03,1852.01,70501,Gold,1850.5242857142857,1853.385,0.005357898965333785,0.007958431249776904
2022-06-08,1852.56,1859.62,1844.61,1852.83,68372,Gold,1850.2,1852.2950000000003,0.0004427621881091248,0.007945330958852923
2022-06-09,1852.74,1855.32,1840.03,1847.94,76898,Gold,1851.5828571428572,1850.7523333333334,-0.002639205971405878,0.007062965117093282
2022-06-10,1847.73,1876.0,1825.13,1871.57,108302,Gold,1855.1442857142858,1849.9239999999998,0.012787211706007717,0.008363292065032989
2022-06-13,1878.2,1878.78,1819.06,1819.11,135566,Gold,1848.1085714285714,1848.454,-0.028029942775317007,0.012882729210821082
2022-06-14,1815.05,1831.55,1805.17,1809.31,120799,Gold,1842.1299999999999,1846.4973333333335,-0.0053872498089725385,0.012691992641694697
2022-06-15,1807.31,1841.82,1807.31,1833.77,149000,Gold,1840.9342857142858,1844.8980000000001,0.01351896579358991,0.014110371290614425
2022-06-16,1833.07,1857.23,1815.32,1856.47,130247,Gold,1841.5714285714287,1844.2069999999999,0.01237886976011171,0.014832540705954767
2022-06-17,1853.58,1853.62,1833.94,1840.39,106475,Gold,1839.794285714286,1842.8076666666668,-0.008661599702661449,0.015226079634746887
2022-06-20,1835.91,1846.03,1834.48,1838.41,60387,Gold,1838.4328571428573,1842.2836666666665,-0.0010758589212068737,0.015207118189113038
2022-06-21,1837.77,1843.63,1828.67,1833.41,85637,Gold,1832.9814285714288,1842.1226666666666,-0.002719741515766372,0.014007544421209387
2022-06-22,1832.38,1847.93,1823.48,1838.32,104772,Gold,1835.7257142857143,1841.6566666666665,0.0026780698261708036,0.008556860089253543
2022-06-23,1837.17,1846.04,1822.58,1823.25,99920,Gold,1837.717142857143,1841.7003333333334,-0.008197702249880257,0.008990623120084118
2022-06-24,1823.83,1831.7,1816.92,1827.42,94785,Gold,1836.81,1842.2256666666665,0.002287124640065752,0.007244003976422069
2022-06-27,1835.82,1841.03,1820.81,1822.75,99952,Gold,1831.9928571428572,1842.1576666666665,-0.00255551542611987,0.004512174282660024
2022-06-28,1822.65,1829.48,1818.37,1820.62,82501,Gold,1829.1685714285716,1842.361,-0.0011685639829928096,0.0036409783047413333
2022-06-29,1819.14,1833.07,1812.16,1818.25,84542,Gold,1826.2885714285715,1842.391,-0.001301754347420081,0.003637219115764966
2022-06-30,1817.97,1825.1,1802.75,1807.16,93535,Gold,1822.5385714285715,1841.2573333333332,-0.006099271277327012,0.00401971130453051
2022-07-01,1806.65,1809.32,1784.45,1808.94,119807,Gold,1818.3414285714284,1840.0316666666665,0.000984970893556758,0.0037280844775628313
2022-07-04,1811.41,1814.26,1803.99,1807.9,59315,Gold,1816.1485714285716,1838.5083333333334,-0.0005749223302043971,0.0026825476071788822
2022-07-05,1807.95,1812.13,1763.95,1764.58,109297,Gold,1807.1714285714286,1835.123,-0.023961502295480996,0.00866473348718864
2022-07-06,1766.12,1772.86,1732.25,1739.08,124697,Gold,1795.2185714285715,1831.2993333333332,-0.014451030840199941,0.009261899085506554
2022-07-07,1740.04,1749.12,1736.5,1740.09,98852,Gold,1783.7142857142858,1827.6073333333334,0.0005807668422384005,0.009456112341865951
2022-07-08,1740.59,1752.45,1732.95,1742.45,92256,Gold,1772.8857142857141,1823.9229999999998,0.0013562516881311382,0.009744089508391006
2022-07-11,1741.09,1744.51,1731.37,1734.02,91528,Gold,1762.4371428571428,1819.887,-0.004838015438032639,0.009754111506078298
2022-07-12,1733.57,1744.2,1723.23,1726.09,106343,Gold,1750.6014285714286,1816.148,-0.004573188313860332,0.009322286354975277
2022-07-13,1725.84,1745.42,1707.03,1735.49,127180,Gold,1740.2571428571428,1812.443,0.0054458342264889215,0.01021030750246206
2022-07-14,1735.68,1736.28,1697.61,1709.72,141342,Gold,1732.4199999999998,1807.1549999999997,-0.014848832318250182,0.007802416659087925
2022-07-15,1706.25,1716.62,1699.09,1707.32,110443,Gold,1727.882857142857,1802.3603333333333,-0.0014037386238683336,0.0064662049367994485
2022-07-18,1706.71,1723.95,1705.94,1708.99,108272,Gold,1723.4400000000003,1797.922,0.0009781411803293505,0.00650055489647324
2022-07-19,1710.0,1718.42,1705.38,1711.56,98632,Gold,1719.027142857143,1793.2403333333334,0.0015038121931667536,0.0065155733772290815
2022-07-20,1711.46,1714.46,1692.46,1696.53,90656,Gold,1713.6714285714284,1788.0303333333331,-0.00878146252541534,0.006906750419405453
2022-07-21,1696.61,1720.32,1680.84,1718.2,107428,Gold,1712.5442857142857,1783.705666666667,0.012773131038060104,0.009063832122626708
2022-07-22,1717.99,1739.31,1712.9,1727.38,109099,Gold,1711.3857142857144,1778.8993333333335,0.005342800605284692,0.009052418174204019
2022-07-25,1726.64,1736.28,1714.77,1719.64,106336,Gold,1712.8028571428572,1775.5836666666667,-0.004480774351908634,0.006940841905916489
2022-07-26,1719.11,1728.22,1713.66,1717.2,93441,Gold,1714.2142857142858,1772.513333333333,-0.0014189016305738988,0.006941663870951364
2022-07-27,1717.38,1740.32,1711.52,1734.33,100623,Gold,1717.8342857142857,1769.1986666666667,0.009975541579315017,0.0077556432375294445
2022-07-28,1734.4,1757.11,1734.06,1755.83,124048,Gold,1724.1585714285716,1765.844,0.012396718040972532,0.00865014183856809
2022-07-29,1755.29,1767.93,1751.98,1766.0,120806,Gold,1734.0828571428574,1763.3643333333334,0.005792132495742841,0.006678141887896914
2022-08-01,1764.75,1775.23,1758.37,1772.12,111292,Gold,1741.7857142857142,1761.1546666666668,0.00346545866364667,0.0059364911199041035
2022-08-02,1771.71,1788.06,1760.5,1761.04,123396,Gold,1746.5942857142857,1758.7423333333331,-0.0062523982574542725,0.007138319976027338
2022-08-03,1761.28,1772.8,1754.34,1765.47,93674,Gold,1753.1414285714286,1756.3139999999999,0.002515558987870925,0.006403860219739972
2022-08-04,1765.31,1794.95,1763.16,1791.13,85439,Gold,1763.702857142857,1755.2433333333333,0.014534373283035196,0.007050556323488746
2022-08-05,1790.95,1794.89,1764.98,1775.42,114726,Gold,1769.5728571428572,1753.51,-0.008770999313282735,0.008686426294570854
2022-08-08,1771.34,1790.01,1770.82,1788.98,90152,Gold,1774.3085714285717,1752.3843333333332,0.0076376294059996575,0.008024369094301284
2022-08-09,1788.78,1800.45,1783.23,1794.31,84869,Gold,1778.3528571428571,1751.5073333333335,0.0029793513622287104,0.00791356415061641
2022-08-10,1794.52,1807.87,1787.62,1792.19,106848,Gold,1781.22,1750.6386666666665,-0.0011815126706087309,0.00799412941790441
2022-08-11,1792.05,1799.31,1783.59,1789.44,103248,Gold,1785.2771428571427,1750.048,-0.0015344355230193507,0.007394458508544429
2022-08-12,1789.81,1802.11,1784.88,1801.62,98803,Gold,1790.4414285714286,1749.804,0.006806598712446155,0.007589494885834192
2022-08-15,1801.9,1802.27,1772.98,1779.42,103692,Gold,1788.7685714285715,1748.8546666666666,-0.012322243314350279,0.0075303068759502234
2022-08-16,1779.64,1783.09,1771.47,1775.46,89028,Gold,1788.7742857142857,1749.2173333333333,-0.0022254442458778945,0.006758658593477579
2022-08-17,1775.74,1782.34,1759.8,1762.0,114566,Gold,1784.9199999999998,1749.9813333333334,-0.007581133903326487,0.00633541926355042
2022-08-18,1762.46,1772.4,1755.35,1758.38,102931,Gold,1779.787142857143,1750.5910000000001,-0.002054483541430119,0.005928623914421578
2022-08-19,1758.94,1759.31,1745.54,1747.28,105013,Gold,1773.3714285714284,1750.7520000000002,-0.006312628669570941,0.006001765117944437
2022-08-22,1746.52,1749.06,1727.77,1736.15,104711,Gold,1765.7585714285717,1750.823,-0.006369900645574744,0.006002219223496871
2022-08-23,1735.77,1754.11,1730.82,1747.79,106781,Gold,1758.0685714285714,1751.5463333333332,0.00670448981942795,0.0059707868642018
2022-08-24,1747.65,1755.9,1742.46,1751.29,100665,Gold,1754.05,1752.0729999999999,0.002002528907935064,0.005167271536010792
2022-08-25,1751.41,1765.5,1749.98,1758.62,100524,Gold,1751.6442857142858,1753.7030000000002,0.004185486127368909,0.005714108137195463
2022-08-26,1758.55,1758.82,1734.2,1738.08,121563,Gold,1748.2271428571428,1754.7283333333335,-0.01167961242337745,0.006600617780429097
2022-08-29,1735.95,1745.52,1720.31,1737.45,111956,Gold,1745.2371428571428,1755.677,-0.00036246893123437207,0.006626316556489612
2022-08-30,1737.85,1740.55,1721.18,1724.23,109497,Gold,1741.9442857142858,1756.0993333333333,-0.007608852053296533,0.006793032370249105
2022-08-31,1723.38,1726.52,1709.57,1710.99,119867,Gold,1738.35,1756.5813333333333,-0.007678789952616505,0.006953483444557257
2022-09-01,1711.05,1711.39,1688.8,1697.55,124453,Gold,1731.1728571428573,1755.8929999999998,-0.007855101432504008,0.0060071871439607944
2022-09-02,1697.58,1717.98,1694.99,1712.78,114398,Gold,1725.6714285714284,1755.4063333333334,0.008971753409325212,0.007569677313438838
2022-09-05,1711.56,1715.75,1707.71,1710.07,61978,Gold,1718.7357142857143,1755.0873333333334,-0.0015822230525811554,0.0069249938688784735
2022-09-06,1710.63,1726.77,1699.85,1701.9,120259,Gold,1713.567142857143,1754.5773333333334,-0.004777582204237185,0.006084848873550908
2022-09-07,1701.97,1719.39,1691.27,1718.27,127066,Gold,1710.8271428571427,1754.0420000000001,0.009618661495975012,0.007744784553430476
2022-09-08,1718.58,1728.2,1703.96,1708.42,133708,Gold,1708.5685714285714,1752.4616666666666,-0.005732510024617721,0.007529986576081588
2022-09-09,1708.68,1729.41,1708.31,1716.85,110922,Gold,1709.4057142857143,1750.8233333333333,0.004934383816625809,0.007250562341780719
2022-09-12,1718.58,1735.13,1711.95,1724.69,108748,Gold,1713.282857142857,1749.2423333333331,0.004566502606517808,0.006322390068914965
2022-09-13,1724.53,1731.82,1697.11,1702.32,125535,Gold,1711.7885714285715,1747.285,-0.012970446862914597,0.007736242115638366
2022-09-14,1701.26,1707.11,1693.67,1697.36,126450,Gold,1709.9728571428573,1745.0146666666667,-0.002913670755204656,0.007773550988154431
2022-09-15,1697.56,1698.24,1660.35,1664.56,121070,Gold,1704.6385714285714,1740.7956666666664,-0.019324126879389114,0.010429938310356292
2022-09-16,1664.71,1680.34,1654.16,1675.01,118818,Gold,1698.4585714285715,1737.4486666666667,0.006277935310232241,0.009807930110340866
2022-09-19,1675.02,1680.0,1659.63,1675.71,100231,Gold,1693.7857142857142,1733.673,0.0004179079527883989,0.009859835197886422
2022-09-20,1675.9,1679.46,1660.0,1664.76,106315,Gold,1686.3442857142857,1729.3546666666666,-0.0065345435666076535,0.009314519971147366
2022-09-21,1664.75,1688.03,1653.93,1673.73,136446,Gold,1679.0642857142855,1725.406,0.005388164059684231,0.009449869612054606
2022-09-22,1671.24,1684.91,1655.67,1671.16,159295,Gold,1674.6128571428574,1721.4633333333334,-0.0015354925824355714,0.008642383988891864
2022-09-23,1671.46,1675.92,1639.75,1644.87,151910,Gold,1667.1142857142856,1716.2383333333335,-0.015731587639723377,0.00997435434145077
2022-09-26,1643.9,1649.76,1621.17,1622.4,180760,Gold,1661.0914285714284,1711.0043333333333,-0.013660654033449293,0.008715557531253684
2022-09-27,1623.44,1642.45,1623.44,1629.16,147580,Gold,1654.5414285714285,1706.1276666666668,0.004166666666666652,0.008344347867603127
2022-09-28,1629.88,1662.69,1614.81,1659.88,171207,Gold,1652.2800000000002,1702.7236666666665,0.018856343146161247,0.012037484534140202
2022-09-29,1659.72,1664.87,1641.53,1660.52,163679,Gold,1651.6742857142858,1699.4616666666666,0.00038557004120765015,0.01181742420115971
2022-09-30,1660.92,1675.36,1659.24,1660.79,146801,Gold,1649.8257142857144,1696.5786666666668,0.0001625996675740371,0.011560137510318829
2022-10-03,1663.22,1701.51,1659.72,1699.62,148353,Gold,1653.8914285714286,1695.361,0.023380439429428135,0.014774932413896824
2022-10-04,1698.7,1729.49,1695.24,1726.34,146016,Gold,1665.53,1694.6460000000002,0.015721161200739076,0.012976526437103977
2022-10-05,1724.98,1727.8,1700.54,1716.25,128807,Gold,1678.937142857143,1693.478,-0.005844735104324705,0.011103392910353133
2022-10-06,1716.16,1725.57,1706.96,1712.49,130355,Gold,1690.8414285714287,1691.9403333333332,-0.0021908230152949404,0.011723200378428904
2022-10-07,1711.79,1714.83,1690.65,1694.8,130306,Gold,1695.83,1690.4976666666666,-0.010329987328393186,0.01207564589413571
2022-10-10,1696.55,1699.81,1665.71,1668.03,124012,Gold,1696.902857142857,1688.1836666666668,-0.015795374085437852,0.01405506382249731
2022-10-11,1668.12,1683.97,1661.01,1666.1,143042,Gold,1697.6614285714284,1686.2459999999999,-0.0011570535302123375,0.014072766994332226
2022-10-12,1666.28,1678.38,1661.38,1673.12,136154,Gold,1693.8757142857141,1684.9836666666667,0.00421343256707285,0.010227437791147148
2022-10-13,1674.08,1682.46,1642.46,1666.19,147839,Gold,1685.2828571428574,1683.9383333333333,-0.00414196232188957,0.00650560072383822
2022-10-14,1666.16,1671.77,1640.19,1644.29,156093,Gold,1675.002857142857,1681.6553333333331,-0.013143759115107012,0.0072043897780044944
2022-10-17,1645.84,1668.46,1644.06,1650.57,126840,Gold,1666.1571428571426,1679.6719999999998,0.0038192776213441526,0.008052994807668634
2022-10-18,1650.47,1660.93,1645.83,1651.92,130558,Gold,1660.0314285714285,1678.006,0.0008178992711609379,0.007975801069210739
2022-10-19,1651.91,1654.5,1627.68,1629.01,128397,Gold,1654.4571428571428,1675.0306666666665,-0.013868710349169477,0.007505249549465012
2022-10-20,1629.24,1645.64,1622.43,1628.03,139743,Gold,1649.0185714285715,1672.3509999999999,-0.0006015923781929056,0.007535195245651197
2022-10-21,1628.31,1657.74,1617.29,1657.33,180660,Gold,1646.7628571428572,1670.367,0.017997211353599107,0.01087724254811095
2022-10-24,1659.8,1670.53,1644.01,1649.36,167918,Gold,1644.3585714285712,1667.856,-0.004808939680087887,0.010909129710457807
2022-10-25,1649.8,1662.43,1638.2,1653.08,140896,Gold,1645.6142857142856,1666.2146666666667,0.002255420284231535,0.009622667658287204
2022-10-26,1652.18,1674.93,1649.68,1664.62,144998,Gold,1647.6214285714286,1665.1233333333332,0.006980908364991434,0.009859212750992715
2022-10-27,1664.32,1670.83,1654.88,1663.26,160258,Gold,1649.2414285714287,1665.0800000000002,-0.0008170032800277616,0.009890557556417861
2022-10-28,1662.6,1667.04,1638.05,1644.6,151188,Gold,1651.4685714285713,1664.0663333333332,-0.011218931495977857,0.00925612880319969
2022-10-31,1642.98,1645.65,1631.8,1633.56,117975,Gold,1652.2585714285713,1662.6613333333332,-0.00671287851149216,0.009751153558403199
2022-11-01,1632.86,1657.04,1630.65,1647.66,143204,Gold,1650.8771428571429,1662.0913333333333,0.008631455226621787,0.00728488700119304
2022-11-02,1647.18,1669.33,1634.74,1635.07,139978,Gold,1648.8357142857144,1660.8026666666667,-0.00764113955549095,0.007614989097989761
2022-11-03,1634.5,1641.0,1616.72,1629.55,148549,Gold,1645.4742857142858,1659.4156666666668,-0.003376002250668142,0.007483274973293864
2022-11-04,1628.93,1681.72,1628.77,1680.79,163559,Gold,1647.7842857142857,1660.613,0.03144426375379705,0.014659685886828807
2022-11-07,1674.4,1681.9,1666.9,1675.31,144667,Gold,1649.5057142857142,1662.3766666666668,-0.003260371610968704,0.014752091978972617
2022-11-08,1674.9,1716.88,1664.71,1712.33,132204,Gold,1659.1814285714283,1665.1490000000001,0.02209740286872286,0.015463548234867622
2022-11-09,1712.23,1722.37,1702.2,1706.92,138346,Gold,1669.6614285714284,1666.717,-0.0031594377252047723,0.015033473004718256
2022-11-10,1706.22,1757.19,1703.71,1755.48,152130,Gold,1685.0642857142855,1669.8823333333332,0.02844890211609208,0.017231093541857118
2022-11-11,1753.59,1772.78,1747.3,1770.15,145499,Gold,1704.3614285714286,1673.5276666666664,0.008356688768883735,0.015606019362503304
2022-11-14,1763.34,1775.09,1753.3,1771.09,142735,Gold,1724.5814285714284,1675.91,0.0005310284439170587,0.015044776551397406
2022-11-15,1770.64,1786.57,1767.13,1778.72,208619,Gold,1738.5714285714287,1677.656,0.004308081463957336,0.012500110864111591
2022-11-16,1777.75,1785.06,1770.35,1773.79,174707,Gold,1752.6399999999999,1679.5739999999998,-0.002771656022308222,0.01242665467158655
2022-11-17,1773.67,1774.88,1754.51,1760.17,147971,Gold,1759.4742857142858,1681.1633333333334,-0.00767847377648978,0.01198858955281367
2022-11-18,1760.52,1767.72,1747.55,1750.97,129204,Gold,1765.767142857143,1683.0356666666664,-0.005226767869012661,0.012217771039356567
2022-11-21,1751.15,1752.95,1732.54,1737.75,143361,Gold,1763.234285714286,1685.3596666666665,-0.007550100801270165,0.006127329078072421
2022-11-22,1738.85,1749.74,1737.08,1739.97,128252,Gold,1758.922857142857,1687.822,0.001277514026758686,0.004647834635167207
2022-11-23,1739.97,1753.39,1727.31,1749.4,140515,Gold,1755.8242857142855,1690.3646666666666,0.005419633671845059,0.005464878647750039
2022-11-24,1749.69,1758.61,1748.67,1755.38,87098,Gold,1752.49,1693.3376666666668,0.0034183148508060146,0.0053087129349903926
2022-11-25,1754.86,1761.24,1746.05,1754.65,103484,Gold,1749.7557142857145,1697.0163333333333,-0.0004158643712472987,0.005316919509550562
2022-11-28,1754.28,1763.76,1739.63,1741.5,128876,Gold,1747.0885714285716,1700.0473333333332,-0.007494372096999435,0.005281814199206827
2022-11-29,1740.06,1759.05,1740.06,1749.67,150295,Gold,1746.902857142857,1703.3056666666669,0.00469135802469145,0.0054464017810441625
2022-11-30,1749.36,1769.99,1744.91,1768.39,173585,Gold,1751.28,1707.9516666666668,0.01069916041310659,0.005646219169224436
2022-12-01,1769.08,1804.12,1768.56,1802.86,187527,Gold,1760.2642857142857,1713.7793333333334,0.01949230656133527,0.008471791695233374
2022-12-02,1802.12,1804.52,1778.49,1797.98,163926,Gold,1767.2042857142858,1718.4676666666667,-0.002706810290316386,0.008965620836865073
2022-12-05,1795.99,1810.01,1765.85,1768.65,155784,Gold,1769.1000000000001,1722.444,-0.016312750976095303,0.011812185130237863
2022-12-06,1768.18,1780.86,1767.27,1770.99,140393,Gold,1771.4342857142858,1726.3743333333332,0.0013230429988975168,0.01179237412994181
2022-12-07,1770.95,1790.52,1768.74,1785.98,150509,Gold,1777.7885714285715,1730.419666666667,0.008464192344394883,0.011323014644201249
2022-12-08,1785.83,1794.83,1781.45,1788.98,127854,Gold,1783.4042857142856,1734.6103333333333,0.0016797500531919862,0.01133469757180672
2022-12-09,1789.67,1806.14,1788.44,1797.46,130802,Gold,1787.5571428571427,1739.7056666666665,0.004740131247973789,0.010895875990161567
2022-12-12,1796.94,1796.94,1777.63,1781.27,117482,Gold,1784.4728571428573,1744.6293333333335,-0.00900715454029577,0.008497914822231101
2022-12-13,1781.28,1824.52,1780.86,1810.51,165436,Gold,1786.2628571428572,1750.0576666666668,0.016415254284864123,0.010860944170962056
2022-12-14,1810.66,1814.22,1795.64,1807.2,167756,Gold,1791.77,1755.7953333333332,-0.0018282141496042126,0.008008377667684377
2022-12-15,1807.07,1808.6,1773.75,1776.8,172988,Gold,1792.6,1760.7036666666668,-0.01682160247897302,0.011044876548227871
2022-12-16,1776.64,1794.27,1774.25,1793.1,144965,Gold,1793.6171428571429,1764.4473333333333,0.00917379558757303,0.011132844516851318
2022-12-19,1792.62,1798.73,1783.79,1787.65,125480,Gold,1793.4271428571428,1768.192,-0.0030394289219786153,0.011200776139298688
2022-12-20,1787.5,1821.12,1784.61,1817.67,186978,Gold,1796.3142857142855,1771.7033333333334,0.01679299639191112,0.012863330981466577
2022-12-21,1817.81,1823.84,1811.85,1814.15,131501,Gold,1801.0114285714287,1775.2776666666666,-0.0019365451374562248,0.012142652832230916
2022-12-22,1813.92,1820.43,1784.67,1792.4,135463,Gold,1798.4242857142858,1776.5083333333337,-0.011989085797756482,0.011517381865581768
2022-12-23,1793.44,1803.22,1791.18,1798.51,107520,Gold,1797.1828571428573,1777.4536666666668,0.0034088373130995997,0.011652586599898826
2022-12-27,1800.08,1833.63,1799.76,1813.47,106424,Gold,1802.4214285714286,1778.8663333333332,0.00831799656382226,0.009507164704173541
2022-12-28,1814.12,1814.62,1797.04,1804.21,102536,Gold,1804.0085714285717,1779.716,-0.0051062328023071535,0.009483965185213269
2022-12-29,1804.29,1820.24,1803.78,1814.79,100128,Gold,1807.8857142857144,1781.0826666666667,0.005864062387415991,0.00946127138164783
2022-12-30,1814.66,1826.04,1813.39,1824.2,109366,Gold,1808.8185714285717,1783.2169999999999,0.0051851729401197755,0.007230050237173524
2023-01-03,1826.57,1849.99,1823.52,1839.47,153530,Gold,1812.435714285714,1786.167,0.008370792676241523,0.007678518670494845
2023-01-04,1838.76,1865.12,1836.18,1854.68,159325,Gold,1821.3328571428572,1790.0646666666664,0.008268686088927835,0.004803403946279799
2023-01-05,1854.48,1859.03,1825.11,1832.92,142899,Gold,1826.2485714285715,1793.1630000000002,-0.011732482153255508,0.007959700229745067
2023-01-06,1832.3,1869.87,1831.31,1866.03,134449,Gold,1833.757142857143,1797.0506666666668,0.018064072627283156,0.00974951384614689
2023-01-09,1867.72,1881.58,1866.44,1871.67,134341,Gold,1843.3942857142858,1800.927,0.003022459445989778,0.00891429505253859
2023-01-10,1870.99,1880.77,1867.72,1876.91,131931,Gold,1852.2685714285715,1805.0023333333336,0.002799638825220274,0.008956654295262621
2023-01-11,1876.99,1886.63,1867.15,1875.65,125672,Gold,1859.6185714285714,1809.474,-0.0006713161526125111,0.009191029767180375
2023-01-12,1874.97,1901.61,1874.63,1896.75,169960,Gold,1867.8014285714287,1814.3766666666666,0.011249433529709751,0.009478190859917161
2023-01-13,1895.74,1921.89,1892.32,1920.29,159548,Gold,1877.1742857142858,1819.4399999999998,0.012410702517464012,0.009878706607859795
2023-01-16,1919.0,1928.96,1910.85,1915.45,90117,Gold,1888.9642857142858,1823.193,-0.002520452639965809,0.007633436979775805
2023-01-17,1915.04,1919.0,1903.82,1908.59,139840,Gold,1895.0442857142857,1826.88,-0.0035814038476599253,0.006370592469163153
2023-01-18,1908.23,1925.89,1896.59,1904.16,180482,Gold,1899.685714285714,1831.3970000000002,-0.002321085199021189,0.006712554622293703
2023-01-19,1904.0,1935.17,1900.98,1932.12,156031,Gold,1907.5728571428572,1836.768,0.014683640030249467,0.008154575658243712
2023-01-20,1931.65,1937.54,1920.69,1925.92,136165,Gold,1914.7542857142857,1841.4326666666666,-0.003208910419642552,0.008456908833595967
2023-01-23,1925.87,1935.59,1911.4,1930.85,145746,Gold,1919.6257142857141,1846.1616666666669,0.0025598155686632484,0.007795839198834479
2023-01-24,1930.9,1942.53,1917.17,1937.26,143041,Gold,1922.05,1850.8216666666665,0.0033197814434058337,0.006540271456107616
2023-01-25,1937.06,1948.06,1919.88,1946.08,143714,Gold,1926.4257142857143,1856.3153333333332,0.0045528220269865916,0.006400902812781181
2023-01-26,1946.48,1949.09,1918.62,1928.94,144998,Gold,1929.3328571428572,1860.263,-0.008807448820192354,0.007422598842854418
2023-01-27,1928.31,1935.11,1916.59,1928.3,119510,Gold,1932.7814285714285,1864.2996666666666,-0.0003317884433938767,0.007286985123722866
2023-01-30,1927.19,1934.5,1920.69,1923.23,145261,Gold,1931.5114285714285,1869.1806666666666,-0.0026292589327386873,0.004659079888703636
2023-01-31,1923.0,1931.15,1900.82,1928.1,163653,Gold,1931.822857142857,1873.6806666666666,0.0025321984370043626,0.004638672154654819
2023-02-01,1928.01,1954.54,1920.54,1950.06,170229,Gold,1934.567142857143,1879.0943333333332,0.011389450754628827,0.006299677194457871
2023-02-02,1951.47,1959.68,1911.3,1912.6,187358,Gold,1931.0442857142857,1882.2586666666668,-0.019209665343630444,0.009900594923463395
2023-02-03,1911.94,1918.6,1861.44,1865.81,180401,Gold,1919.577142857143,1883.9806666666666,-0.024464080309526293,0.012529620779691676
2023-02-06,1862.02,1881.38,1861.98,1867.65,151531,Gold,1910.8214285714287,1886.489,0.000986166865865279,0.01270058754597093
2023-02-07,1867.53,1884.4,1864.99,1873.63,157897,Gold,1903.0114285714285,1888.993,0.0032018847214414503,0.012962895190417522
2023-02-08,1873.92,1886.36,1869.03,1875.55,122113,Gold,1896.2,1891.0623333333335,0.0010247487497530017,0.013101421632844527
2023-02-09,1875.15,1890.31,1858.91,1861.59,126475,Gold,1886.6985714285715,1892.975,-0.007443150009330601,0.012875798621611752
2023-02-10,1862.86,1872.23,1852.8,1865.35,138533,Gold,1874.5971428571427,1894.6603333333333,0.0020197787912483722,0.011285227241368127
2023-02-13,1864.68,1866.58,1850.47,1853.41,108404,Gold,1866.1414285714288,1895.6340000000002,-0.006400943522663183,0.009774643291269956
2023-02-14,1853.67,1870.66,1843.29,1854.36,146047,Gold,1864.5057142857142,1896.1303333333335,0.0005125687246749777,0.004236264412742616
2023-02-15,1853.97,1860.11,1830.45,1835.85,130316,Gold,1859.962857142857,1895.5026666666668,-0.009981880540995247,0.005323582089493179
2023-02-16,1836.32,1845.3,1827.64,1836.43,136408,Gold,1854.6485714285716,1895.6196666666665,0.0003159299507040636,0.0049096563007557876
2023-02-17,1836.43,1843.6,1818.9,1842.54,130317,Gold,1849.932857142857,1894.8366666666666,0.003327107485719516,0.005275983368186151
2023-02-20,1840.89,1847.48,1837.29,1841.26,68363,Gold,1847.0285714285712,1893.823,-0.000694693195263052,0.004823981867790813
2023-02-21,1841.44,1843.84,1830.23,1834.87,127405,Gold,1842.6742857142858,1892.4216666666664,-0.0034704495834374516,0.00458587957574866
2023-02-22,1834.74,1846.03,1823.55,1825.2,135067,Gold,1838.6442857142858,1890.7400000000002,-0.00527012812896821,0.004436542449457833
2023-02-23,1825.76,1833.78,1817.46,1822.27,122849,Gold,1834.06,1888.2573333333335,-0.0016053035283805084,0.004292165325454749
2023-02-24,1822.47,1827.82,1808.93,1810.82,135136,Gold,1830.4842857142855,1884.6083333333333,-0.006283371838421314,0.0033364128823232656
2023-02-27,1812.62,1820.18,1806.69,1817.25,115134,Gold,1827.7442857142855,1881.3349999999998,0.003550877503009753,0.0038826259317911566
2023-02-28,1817.16,1831.18,1804.69,1826.5,114598,Gold,1825.452857142857,1878.5986666666665,0.005090108680698924,0.00428380721762094
2023-03-01,1826.61,1844.55,1823.08,1836.56,124223,Gold,1824.7814285714285,1876.3453333333332,0.005507801806734269,0.0049975142470874406
2023-03-02,1837.16,1839.01,1829.99,1835.6,115377,Gold,1824.8857142857141,1873.1280000000002,-0.0005227163828026571,0.004811927382386731
2023-03-03,1836.22,1856.32,1836.07,1855.3,114876,Gold,1829.185714285714,1870.7740000000001,0.010732185661364246,0.005591884461891478
2023-03-06,1854.2,1858.27,1845.12,1846.61,107175,Gold,1832.662857142857,1867.966,-0.004683878618013337,0.006056805141809011
2023-03-07,1846.4,1851.66,1812.69,1813.05,134388,Gold,1832.9814285714285,1863.8256666666668,-0.018173842879655178,0.009453504511958932
2023-03-08,1813.94,1824.3,1809.41,1813.72,122507,Gold,1832.4771428571428,1859.4136666666668,0.00036954303521685716,0.00934218381966583
2023-03-09,1814.14,1835.68,1811.94,1830.77,126833,Gold,1833.087142857143,1856.1413333333333,0.009400568996317027,0.009878727915259984
2023-03-10,1831.38,1870.18,1827.75,1867.15,189165,Gold,1837.457142857143,1854.103,0.01987142022209243,0.012314001824869813
2023-03-13,1886.16,1914.62,1871.55,1913.56,252911,Gold,1848.5942857142857,1853.7806666666665,0.024856064054842752,0.014788098329438263
2023-03-14,1912.32,1914.15,1895.42,1903.86,191738,Gold,1855.5314285714287,1852.9726666666668,-0.005069085892263625,0.015156238096779283
2023-03-15,1904.54,1937.36,1885.75,1918.01,209509,Gold,1865.7314285714288,1851.9043333333334,0.007432269179456608,0.014711764268420028
2023-03-16,1919.3,1933.51,1907.58,1919.34,194406,Gold,1880.9157142857143,1852.129,0.0006934270415690502,0.010873570660881697
2023-03-17,1919.46,1988.17,1918.26,1988.17,178128,Gold,1905.837142857143,1856.2076666666665,0.0358612856502758,0.014327841186666239
2023-03-20,1986.7,2009.8,1965.83,1978.64,216846,Gold,1926.9614285714285,1859.9073333333333,-0.004793352681108698,0.015889649622918826
2023-03-21,1978.91,1985.19,1935.44,1940.53,149576,Gold,1937.4442857142858,1862.1373333333333,-0.01926070432216076,0.018946592743782926
2023-03-22,1939.76,1979.19,1934.27,1969.79,129183,Gold,1945.4771428571428,1865.2786666666666,0.015078354882428924,0.017610026635618215
2023-03-23,1969.68,2003.33,1964.41,1993.97,180114,Gold,1958.35,1869.6913333333332,0.012275420222460198,0.017293119157491495
2023-03-24,1993.8,2002.96,1975.15,1978.81,185538,Gold,1967.0357142857142,1873.4733333333336,-0.007602922812279034,0.018109465853132195
2023-03-27,1977.94,1978.74,1944.04,1956.35,137833,Gold,1972.322857142857,1876.9046666666666,-0.011350255961916522,0.019088921936000553
2023-03-28,1956.64,1975.32,1949.15,1973.52,123125,Gold,1970.23,1880.8766666666666,0.008776548163672127,0.013095153317736129
2023-03-29,1973.64,1974.28,1958.68,1964.37,112432,Gold,1968.1914285714286,1885.1606666666667,-0.004636385747294192,0.01308767218439438
2023-03-30,1963.36,1984.37,1955.22,1980.21,114683,Gold,1973.8600000000001,1889.9533333333334,0.00806365399593778,0.01054808851129701
2023-03-31,1980.34,1987.63,1966.89,1969.41,122612,Gold,1973.8057142857142,1894.1823333333334,-0.005453967003499649,0.009403989288197901
2023-04-03,1967.06,1990.54,1949.76,1984.35,134768,Gold,1972.4314285714286,1898.952,0.007586028302892567,0.008509084116089532
2023-04-04,1984.24,2025.0,1977.01,2020.53,130283,Gold,1978.3914285714286,1905.1406666666667,0.018232670647819305,0.010390556572521845
2023-04-05,2021.09,2032.26,2009.9,2020.66,144574,Gold,1987.5785714285716,1911.6559999999997,6.433955447349149e-05,0.008476880786036199
2023-04-06,2020.75,2021.4,2000.84,2007.32,137810,Gold,1992.4071428571428,1917.8243333333335,-0.006601803371175774,0.009195099301197721
2023-04-10,1997.3,2006.29,1981.72,1991.18,109339,Gold,1996.2371428571428,1923.8363333333332,-0.008040571508279637,0.009708934991077755
2023-04-11,1991.07,2007.44,1988.82,2003.52,123789,Gold,1999.567142857143,1930.0453333333332,0.00619733022629787,0.009538106031015958
2023-04-12,2003.14,2028.35,2001.39,2014.77,159771,Gold,2006.047142857143,1936.321,0.005615117393387603,0.009057523933633588
2023-04-13,2014.44,2048.67,2013.95,2040.1,149901,Gold,2014.0114285714285,1943.1056666666668,0.012572154637998434,0.009629385696859795
2023-04-14,2040.17,2047.47,1992.4,2004.42,175966,Gold,2011.7099999999998,1948.733,-0.017489338757903927,0.010276827370339829
2023-04-17,1999.29,2015.05,1981.18,1995.08,148115,Gold,2008.0557142857142,1953.3923333333335,-0.004659702058450899,0.01034271119319651
2023-04-18,1994.76,2011.82,1991.19,2005.21,129636,Gold,2007.7542857142855,1958.679,0.005077490626942405,0.010375784308902776
2023-04-19,2005.1,2008.2,1969.18,1994.67,154703,Gold,2008.2528571428572,1964.733,-0.005256307319432829,0.010069679526056637
2023-04-20,1994.35,2012.39,1990.5,2004.7,146685,Gold,2008.4214285714284,1971.0989999999997,0.005028400687833168,0.009964606514743107
2023-04-21,2004.2,2005.53,1971.59,1982.84,152487,Gold,2003.8600000000001,1976.1680000000001,-0.010904374719409415,0.0103950444827814
2023-04-24,1982.38,1990.79,1974.13,1989.05,139790,Gold,1996.5671428571427,1980.2313333333332,0.003131871457102031,0.008613921260150148
2023-04-25,1989.18,2003.85,1976.09,1997.06,165145,Gold,1995.5157142857145,1983.0146666666667,0.004027048088283358,0.0063709290684254415
2023-04-26,1996.86,2009.43,1983.37,1989.29,173748,Gold,1994.6885714285713,1985.8623333333335,-0.003890719357455441,0.006293568321876404
2023-04-27,1989.84,2003.34,1974.22,1987.74,159975,Gold,1992.1928571428573,1988.1866666666667,-0.0007791724685691781,0.005815457107464718
2023-04-28,1987.48,1995.04,1976.15,1989.55,184958,Gold,1991.4614285714288,1990.5269999999998,0.0009105818668437848,0.005566474773272266
2023-05-01,1989.54,2006.0,1977.09,1982.44,124357,Gold,1988.2814285714285,1990.336,-0.003573672438491049,0.005111149785005408
2023-05-02,1982.12,2019.41,1978.49,2016.53,163747,Gold,1993.0942857142857,1991.5989999999997,0.017195980710639436,0.007184246046449949
2023-05-03,2016.03,2040.37,2007.78,2038.52,163007,Gold,2000.1614285714288,1994.8653333333334,0.010904871239207914,0.00787774648247135
2023-05-04,2064.37,2066.81,2030.38,2050.15,236494,Gold,2007.7457142857143,1997.544,0.0057051194003492345,0.007920379168341735
2023-05-05,2049.01,2053.0,1999.51,2016.54,171684,Gold,2011.6385714285716,1998.2963333333332,-0.0163939223959223,0.010818619581848632
2023-05-08,2017.12,2029.42,2014.07,2021.36,127751,Gold,2016.4414285714286,1999.7146666666665,0.0023902327749512065,0.010749232543381643
2023-05-09,2021.17,2037.62,2019.51,2034.42,126509,Gold,2022.8514285714284,2002.317,0.006460996556773679,0.0108213555303796
2023-05-10,2034.4,2048.18,2021.55,2030.1,155324,Gold,2029.66,2004.2030000000002,-0.0021234553337069473,0.010682122969808267
2023-05-11,2029.86,2041.29,2011.04,2014.95,171712,Gold,2029.4342857142858,2005.889,-0.00746268656716409,0.009379456995268274
2023-05-12,2015.12,2022.59,2000.89,2010.91,139283,Gold,2025.49,2006.9123333333334,-0.002005012531328343,0.008033534534333394
2023-05-15,2008.04,2022.21,2007.28,2016.32,117826,Gold,2020.6571428571428,2008.4759999999999,0.002690324281046763,0.007627253644942627
2023-05-16,2016.54,2018.32,1985.19,1988.81,130829,Gold,2016.6957142857143,2008.6246666666666,-0.013643667671798143,0.006810280409522676
2023-05-17,1988.89,1993.04,1974.98,1981.41,119404,Gold,2010.9885714285715,2007.3206666666667,-0.0037208179765788607,0.0065468459617049205
2023-05-18,1981.6,1986.01,1951.98,1957.39,121863,Gold,1999.9842857142855,2005.2116666666668,-0.012122680313514156,0.005886318259476081
2023-05-19,1958.11,1984.18,1954.02,1977.5,137157,Gold,1992.47,2004.2176666666667,0.010273885122535464,0.008395969591728496
2023-05-22,1977.99,1982.59,1968.87,1971.73,119525,Gold,1986.2957142857142,2003.5693333333334,-0.0029178255372945827,0.008231795218677312
2023-05-23,1971.88,1977.78,1954.24,1974.88,132954,Gold,1981.1485714285714,2002.6146666666668,0.0015975818190117064,0.008419493627924213
2023-05-24,1975.21,1985.29,1956.71,1957.24,132173,Gold,1972.7085714285713,2000.6970000000001,-0.008932188284857867,0.008359860483078263
2023-05-25,1958.43,1964.77,1938.84,1940.69,131856,Gold,1965.8342857142857,1997.3833333333334,-0.008455784676380973,0.0075774333296953645
2023-05-26,1941.49,1957.3,1936.76,1946.72,120249,Gold,1960.8785714285716,1995.4599999999998,0.0031071423050563762,0.007968866246699565
2023-05-29,1942.84,1949.71,1940.22,1943.15,52967,Gold,1958.844285714286,1993.7289999999998,-0.0018338538670172877,0.006752709742304242
2023-05-30,1943.68,1963.55,1932.05,1959.17,124746,Gold,1956.2257142857143,1992.1943333333334,0.00824434552144715,0.0062084640441196276
2023-05-31,1958.88,1974.79,1953.68,1962.6,135381,Gold,1954.9214285714286,1991.1253333333334,0.0017507413853825593,0.006257888343158387
2023-06-01,1963.16,1983.1,1953.39,1977.4,129954,Gold,1955.2814285714287,1990.2153333333335,0.007541017018241281,0.006975125664358176
2023-06-02,1976.96,1983.48,1947.5,1947.62,123567,Gold,1953.9071428571428,1989.0413333333333,-0.015060180034388693,0.008525094236383623
2023-06-05,1947.68,1964.03,1938.13,1961.7,126309,Gold,1956.9085714285716,1988.129666666667,0.007229336318173019,0.008193214512013349
2023-06-06,1961.56,1966.4,1954.39,1963.23,108610,Gold,1959.2671428571427,1987.002,0.0007799357699953546,0.008167544168465051
2023-06-07,1963.51,1970.18,1939.77,1939.87,116106,Gold,1958.7985714285714,1985.3546666666666,-0.011898758678300592,0.009564490742203773
2023-06-08,1940.31,1970.5,1940.12,1965.44,120507,Gold,1959.6942857142856,1984.6113333333333,0.013181295653832636,0.0104336491440679
2023-06-09,1965.68,1973.1,1956.64,1960.46,102226,Gold,1959.3885714285714,1983.6416666666669,-0.0025337837837837718,0.010473871265227835
2023-06-12,1960.21,1966.97,1949.2,1957.34,117727,Gold,1956.5228571428572,1982.805,-0.001591463228017953,0.009916123842379266
2023-06-13,1957.0,1971.13,1940.05,1943.44,127070,Gold,1955.9257142857143,1980.3686666666667,-0.007101474450018852,0.008436503329605188
2023-06-14,1943.21,1960.27,1939.61,1941.74,124459,Gold,1953.0742857142857,1977.1426666666666,-0.0008747375787263589,0.00776409377450043
2023-06-15,1942.55,1960.26,1924.7,1957.96,143246,Gold,1952.3214285714287,1974.0696666666665,0.008353332577996975,0.008606060380743573
2023-06-16,1957.12,1967.93,1953.28,1957.51,121322,Gold,1954.8414285714284,1972.102,-0.0002298310486424926,0.0069716839015479225
2023-06-19,1957.62,1958.76,1947.78,1950.48,64873,Gold,1952.7042857142858,1969.7393333333334,-0.003591297107038982,0.004738011552588508
2023-06-20,1950.6,1956.79,1929.78,1936.08,125331,Gold,1949.2214285714285,1966.4613333333332,-0.007382798080472597,0.005306167546028737
2023-06-21,1935.44,1939.45,1919.19,1932.43,117530,Gold,1945.662857142857,1963.2056666666665,-0.001885252675509208,0.005305644616055239
2023-06-22,1931.67,1934.82,1912.18,1913.64,112259,Gold,1941.4057142857143,1959.8286666666668,-0.009723508742878084,0.005809610534990827
2023-06-23,1913.66,1937.47,1909.99,1920.53,117890,Gold,1938.3757142857141,1956.8159999999998,0.003600468217637598,0.006210920766980063
2023-06-26,1925.15,1933.36,1921.56,1923.14,124470,Gold,1933.4014285714288,1953.7099999999998,0.0013589998594139008,0.004740483015481489
2023-06-27,1923.39,1930.69,1910.86,1913.62,145343,Gold,1927.1314285714286,1951.2036666666668,-0.004950237632205812,0.004690833489235153
2023-06-28,1914.38,1917.14,1902.79,1907.28,132146,Gold,1920.9600000000003,1948.7326666666665,-0.003313092463498424,0.0046883887356520175
2023-06-29,1907.49,1913.13,1892.95,1908.25,158035,Gold,1916.984285714286,1947.0946666666666,0.000508577660333076,0.00445368073411448
2023-06-30,1908.54,1922.8,1900.56,1919.17,152073,Gold,1915.0900000000001,1945.1503333333333,0.005722520634088957,0.005342373504996789
2023-07-03,1918.6,1930.98,1909.97,1921.48,117342,Gold,1916.2100000000003,1943.4753333333333,0.0012036453258439384,0.003703795386824056
2023-07-04,1921.28,1930.75,1919.74,1925.89,59937,Gold,1916.9757142857143,1941.8423333333333,0.002295105855902868,0.0035569175110921115
2023-07-05,1925.84,1935.05,1914.74,1915.21,137542,Gold,1915.8428571428572,1940.4413333333332,-0.0055454880600657175,0.00415490039282601
2023-07-06,1916.2,1927.59,1902.59,1910.93,154947,Gold,1915.4585714285715,1939.4493333333332,-0.0022347418820912734,0.0037898917663601577
2023-07-07,1910.59,1934.97,1909.45,1925.31,155209,Gold,1918.0342857142857,1938.735666666667,0.007525131742135871,0.004458547362113234
2023-07-10,1924.76,1928.06,1912.69,1925.28,130186,Gold,1920.467142857143,1938.14,-1.5581906290362824e-05,0.004479455837161694
2023-07-11,1925.14,1938.47,1924.35,1932.09,140599,Gold,1922.312857142857,1937.2373333333333,0.0035371478434305104,0.0041845695722751
2023-07-12,1932.32,1959.7,1932.14,1957.35,169381,Gold,1927.4371428571428,1937.062333333333,0.013073925127711439,0.006211134036647848
2023-07-13,1957.14,1963.65,1952.38,1960.39,174561,Gold,1932.3657142857144,1936.4953333333333,0.0015531202901883923,0.006224759537628004
2023-07-14,1960.2,1963.78,1950.93,1955.45,155997,Gold,1938.1142857142856,1936.7563333333335,-0.002519906753248091,0.005646643040074567
2023-07-17,1955.47,1959.85,1945.77,1954.92,122773,Gold,1944.3985714285714,1936.5303333333331,-0.00027103735713007726,0.005386698815786253
2023-07-18,1954.69,1984.36,1954.53,1978.73,167005,Gold,1952.03,1937.047,0.012179526527939633,0.006222103979443136
2023-07-19,1978.93,1980.93,1969.69,1976.97,139338,Gold,1959.4142857142858,1938.2836666666665,-0.0008894594007267109,0.006322509194537716
2023-07-20,1977.33,1987.43,1965.36,1969.5,150787,Gold,1964.7585714285717,1938.4190000000003,-0.0037785095373222832,0.006948575928050161
2023-07-21,1970.2,1973.8,1956.81,1961.84,131317,Gold,1965.4,1938.465,-0.003889312008123924,0.005576128451253993
2023-07-24,1962.41,1967.88,1953.47,1954.87,128955,Gold,1964.6114285714284,1938.3826666666669,-0.003552787179382677,0.005723103842003126
2023-07-25,1955.2,1965.69,1951.74,1964.85,115002,Gold,1965.9542857142858,1939.0963333333334,0.005105198811174105,0.005970198627518583
2023-07-26,1964.93,1978.32,1962.0,1972.27,151452,Gold,1968.4328571428573,1940.114,0.0037763696974324468,0.006055801158549192
2023-07-27,1971.43,1982.23,1942.57,1945.52,171566,Gold,1963.6885714285713,1939.6993333333335,-0.013563051711986684,0.006148417887920175
2023-07-28,1946.81,1963.56,1945.35,1959.15,161272,Gold,1961.142857142857,1939.754,0.007005839055882257,0.007119014055017359
2023-07-31,1959.58,1972.39,1950.87,1965.52,124338,Gold,1960.5742857142855,1940.2553333333335,0.0032514100502769594,0.007201681372844562
2023-08-01,1965.68,1965.98,1941.26,1944.19,137730,Gold,1958.052857142857,1940.525666666667,-0.01085209003215426,0.008197436849180015
2023-08-02,1949.98,1954.84,1932.94,1934.87,138045,Gold,1955.1957142857143,1940.607,-0.004793770156209076,0.008268365898045315
2023-08-03,1935.38,1938.88,1929.51,1933.98,143999,Gold,1950.7857142857142,1941.285,-0.00045997922341034503,0.00778788967456078
2023-08-04,1934.62,1946.95,1925.53,1942.65,131485,Gold,1946.5542857142857,1942.0223333333336,0.004482983278007113,0.007882774409022214
2023-08-07,1942.75,1946.72,1931.53,1936.52,84513,Gold,1945.2685714285715,1942.4683333333335,-0.003155483489048483,0.006160996909447647
2023-08-08,1936.21,1938.06,1922.73,1925.22,117058,Gold,1940.4214285714284,1942.855,-0.005835209551153575,0.005363018638428212
2023-08-09,1925.02,1932.34,1913.98,1914.7,104727,Gold,1933.1614285714288,1943.1023333333333,-0.005464310572298237,0.004791860557957744
2023-08-10,1914.71,1930.14,1912.1,1912.33,138980,Gold,1928.6100000000001,1943.2383333333335,-0.0012377918211731176,0.0036506906186043503
2023-08-11,1912.57,1920.95,1910.77,1913.62,106435,Gold,1925.5742857142855,1943.0533333333335,0.0006745697656784788,0.003626077535095486
2023-08-14,1913.35,1916.24,1902.69,1907.42,110592,Gold,1921.78,1942.5846666666666,-0.0032399326930110384,0.00363636703431751
2023-08-15,1907.17,1911.65,1896.35,1901.85,149099,Gold,1915.9514285714286,1941.7833333333333,-0.00292017489593277,0.0022657836037362
2023-08-16,1901.65,1907.22,1891.85,1891.92,115345,Gold,1909.58,1941.007,-0.0052212319583562206,0.0024151424007852057
2023-08-17,1892.05,1903.49,1885.04,1889.33,132708,Gold,1904.452857142857,1940.287,-0.0013689796608736815,0.0022223593085254007
2023-08-18,1889.45,1896.91,1886.76,1889.37,109839,Gold,1900.8342857142857,1939.089,2.117152641400999e-05,0.002037423275812826
2023-08-21,1889.66,1898.78,1884.81,1894.67,124492,Gold,1898.3114285714287,1938.0686666666666,0.002805167860186364,0.002716086580652419
2023-08-22,1894.68,1904.53,1889.11,1897.38,111168,Gold,1895.9914285714287,1936.9116666666666,0.0014303282365795145,0.002821618649670836
2023-08-23,1897.19,1920.38,1897.18,1915.38,130444,Gold,1897.1285714285716,1935.5126666666667,0.009486765961483679,0.004743714431195791
2023-08-24,1915.38,1923.4,1911.77,1916.69,123400,Gold,1899.2485714285715,1934.056,0.0006839373910136892,0.00448595368805329
2023-08-25,1917.05,1922.45,1903.78,1914.21,132875,Gold,1902.4328571428573,1932.6813333333334,-0.0012938972916851643,0.0037451774611928362
2023-08-28,1914.86,1926.07,1912.77,1920.06,88149,Gold,1906.8228571428572,1931.5193333333334,0.0030560910244956663,0.00351075660174496
2023-08-29,1919.96,1938.2,1914.44,1937.32,126706,Gold,1913.672857142857,1930.139,0.00898930241763285,0.004118799600088503
2023-08-30,1937.3,1949.07,1934.95,1942.42,120052,Gold,1920.4942857142855,1928.9873333333333,0.002632502632502698,0.0041248233873294295
2023-08-31,1942.6,1947.91,1939.01,1940.06,92454,Gold,1926.5914285714284,1928.0059999999999,-0.001214979252684878,0.004460930741215925
2023-09-01,1940.01,1953.02,1934.4,1939.85,138713,Gold,1930.0871428571427,1927.2730000000001,-0.00010824407492548982,0.00359405050981393
2023-09-04,1940.41,1946.28,1936.79,1938.47,44777,Gold,1933.1985714285715,1926.726333333333,-0.0007113952109698563,0.003704597606714009
2023-09-05,1938.41,1938.99,1925.36,1925.97,112965,Gold,1934.8785714285714,1925.4303333333332,-0.006448384550702402,0.00474641220035778
2023-09-06,1926.11,1929.19,1915.31,1916.42,117181,Gold,1934.3585714285714,1923.5686666666668,-0.004958540371864495,0.005089651666631016
2023-09-07,1917.07,1923.58,1916.25,1919.62,98719,Gold,1931.8300000000002,1922.705333333333,0.0016697801108316312,0.0033153355311674997
2023-09-08,1919.61,1929.7,1917.35,1919.13,98258,Gold,1928.5028571428572,1921.3713333333335,-0.0002552588533145661,0.002896892090480385
2023-09-11,1920.36,1930.77,1916.47,1922.33,101764,Gold,1925.9699999999998,1919.9316666666666,0.001667422217358716,0.0031721156734229317
2023-09-12,1922.77,1924.48,1907.59,1913.34,103458,Gold,1922.1828571428573,1918.9033333333332,-0.004676616397808919,0.0033495146356848178
2023-09-13,1913.23,1915.77,1905.51,1908.15,127183,Gold,1917.8514285714284,1918.0126666666667,-0.0027125341026685845,0.003310455913221114
2023-09-14,1908.72,1912.91,1901.02,1910.51,148428,Gold,1915.642857142857,1917.2303333333332,0.00123680004192539,0.002937398408772885
2023-09-15,1910.89,1930.43,1909.71,1923.68,122561,Gold,1916.68,1916.5979999999997,0.006893447299412214,0.0036928657249744815
2023-09-18,1923.42,1934.23,1922.52,1933.61,98507,Gold,1918.6785714285713,1916.501,0.005161981202694843,0.004085027468772971
2023-09-19,1933.54,1937.41,1929.75,1931.34,87297,Gold,1920.422857142857,1916.7050000000002,-0.0011739699318890073,0.004148038465000672
2023-09-20,1931.67,1947.42,1927.95,1930.36,136227,Gold,1921.57,1917.227,-0.0005074197189516294,0.004163602387430421
2023-09-21,1930.34,1931.6,1913.9,1919.94,143289,Gold,1922.5128571428572,1917.4806666666666,-0.0053979568577881,0.004321968140968232
2023-09-22,1919.87,1929.12,1919.58,1925.25,96528,Gold,1924.9557142857143,1917.868333333333,0.0027657114284820317,0.004135248267660111
2023-09-25,1925.07,1927.22,1915.11,1915.78,87820,Gold,1925.7085714285713,1918.147,-0.004918841708869026,0.004754734672847574
2023-09-26,1916.16,1916.81,1899.12,1900.58,98343,Gold,1922.4085714285713,1918.1046666666666,-0.007934105168652006,0.004683777873773878
2023-09-27,1900.58,1903.92,1872.55,1874.99,115520,Gold,1914.034285714286,1917.5403333333334,-0.01346431089456901,0.005366866437506426
2023-09-28,1876.14,1879.58,1857.66,1864.8,147185,Gold,1904.5285714285715,1916.7226666666668,-0.005434695651710175,0.005181623333071215
2023-09-29,1865.15,1879.88,1846.33,1848.74,147432,Gold,1892.8685714285714,1915.368333333333,-0.008612183612183633,0.004913026948431868
2023-10-02,1846.45,1848.93,1827.14,1827.77,154232,Gold,1879.7014285714286,1913.1383333333333,-0.01134286054285627,0.0052641787309449855
2023-10-03,1828.97,1833.38,1815.25,1822.94,192166,Gold,1865.0857142857142,1910.657,-0.0026425644364443945,0.0037815302154017676
2023-10-04,1823.35,1830.79,1816.58,1821.1,181931,Gold,1851.56,1907.5143333333333,-0.0010093585087825874,0.004493483955913314
2023-10-05,1821.26,1829.2,1813.01,1820.24,163563,Gold,1840.0828571428572,1904.2993333333334,-0.00047224205150731,0.005131657485408309
2023-10-06,1820.41,1834.9,1810.47,1831.84,200926,Gold,1833.9185714285716,1901.5536666666665,0.006372786006240805,0.005840973784818497
2023-10-09,1847.52,1863.49,1844.23,1861.35,155242,Gold,1833.4257142857143,1899.5966666666668,0.01610948554458913,0.009226942127459501
2023-10-10,1861.18,1865.37,1853.0,1860.42,204264,Gold,1835.0942857142857,1897.0333333333333,-0.0004996373599805981,0.008477404045941455
2023-10-11,1859.96,1877.2,1858.61,1874.27,193115,Gold,1841.7371428571428,1894.7616666666665,0.00744455553047163,0.006739938676396385
2023-10-12,1874.63,1885.12,1867.91,1868.73,190851,Gold,1848.2785714285715,1892.3840000000002,-0.0029558174649330082,0.006789268181639173
2023-10-13,1869.07,1932.41,1868.94,1932.41,213189,Gold,1864.18,1892.1359999999997,0.03407661888020219,0.012976836443864073
2023-10-16,1925.94,1927.68,1908.2,1920.06,158254,Gold,1878.44,1891.5223333333336,-0.0063909832799458055,0.013829913785383655
2023-10-17,1919.98,1931.57,1912.41,1923.05,161186,Gold,1891.47,1891.425,0.0015572430028227835,0.014027424855490408
2023-10-18,1923.91,1962.67,1923.28,1947.62,189497,Gold,1903.7942857142857,1892.465,0.01277657887210415,0.013721857823463
2023-10-19,1947.76,1977.73,1945.25,1974.28,207173,Gold,1920.06,1894.287,0.013688501863813318,0.013549887732178013
2023-10-20,1973.4,1997.21,1972.04,1980.9,198269,Gold,1935.292857142857,1896.346,0.003353121137832593,0.013695474711694999
2023-10-23,1968.07,1982.81,1964.38,1972.74,173905,Gold,1950.1514285714286,1898.0263333333335,-0.0041193396940785165,0.013856924978494271
2023-10-24,1973.1,1980.87,1953.49,1971.03,169310,Gold,1955.6685714285716,1899.9493333333332,-0.0008668146841449564,0.007807221956490277
2023-10-25,1970.88,1987.28,1962.96,1979.45,162589,Gold,1964.152857142857,1902.326,0.004271878155076347,0.006657736235264213
2023-10-26,1980.76,1993.44,1971.63,1984.73,190268,Gold,1972.9642857142858,1904.8,0.002667407613225814,0.006592183365023758
2023-10-27,1984.49,2009.47,1976.78,2005.91,179975,Gold,1981.2914285714287,1907.5410000000002,0.010671476724793738,0.006189463987777237
2023-10-30,2004.9,2006.74,1990.96,1996.15,161808,Gold,1984.4157142857143,1909.6256666666668,-0.00486562208673369,0.005388917673931575
2023-10-31,1995.67,2007.93,1978.88,1983.97,176258,Gold,1984.8542857142857,1911.3799999999999,-0.0061017458607820485,0.006020492513149159
2023-11-01,1983.46,1992.03,1969.88,1982.67,184940,Gold,1986.2728571428572,1913.1236666666666,-0.0006552518435258836,0.005738522866152853
2023-11-02,1983.42,1991.08,1978.84,1985.77,153635,Gold,1988.3785714285714,1915.318,0.0015635481446736321,0.005699081480997399
2023-11-03,1985.89,2004.11,1983.17,1992.52,188442,Gold,1990.2457142857145,1917.5603333333336,0.003399185202717314,0.005626675178709093
2023-11-06,1992.43,1993.16,1977.42,1977.82,141325,Gold,1989.2585714285713,1919.6283333333336,-0.007377592194808602,0.006351178286473911
2023-11-07,1977.93,1978.34,1956.71,1969.03,160213,Gold,1983.99,1921.91,-0.00444428714443168,0.0040971150357696304
2023-11-08,1968.67,1971.04,1947.44,1950.2,153457,Gold,1977.4257142857143,1924.4170000000001,-0.009563084361335239,0.004839750954031276
2023-11-09,1949.95,1965.64,1944.51,1958.41,174088,Gold,1973.7742857142855,1927.5373333333334,0.004209824633371051,0.00538718320007469
2023-11-10,1958.42,1960.81,1933.06,1938.62,159481,Gold,1967.4814285714288,1930.5333333333333,-0.010105136309557339,0.006168676831645331
2023-11-13,1938.42,1949.22,1931.6,1946.1,127010,Gold,1961.814285714286,1934.4776666666667,0.0038584147486355747,0.0065145844144057444
2023-11-14,1946.1,1970.87,1943.76,1963.16,138881,Gold,1957.6200000000001,1939.1516666666669,0.008766250449617319,0.00759956366806632
2023-11-15,1962.79,1975.34,1955.37,1959.19,142869,Gold,1954.9585714285715,1943.7546666666667,-0.002022249842091317,0.007240030545481565
2023-11-16,1960.04,1987.91,1956.41,1981.1,132847,Gold,1956.682857142857,1949.1166666666666,0.011183193054272289,0.008430675243345018
2023-11-17,1980.89,1993.36,1978.53,1980.56,132680,Gold,1961.0200000000002,1954.074,-0.0002725758417040369,0.007140888947953745
2023-11-20,1978.11,1985.15,1965.4,1977.65,148166,Gold,1963.7685714285712,1957.9506666666666,-0.001469281415357182,0.007200969975196217
2023-11-21,1977.92,2007.53,1977.8,1998.26,164705,Gold,1972.2885714285715,1962.5453333333332,0.010421459813414913,0.005761045250589981
2023-11-22,1998.61,2006.43,1986.86,1989.81,144702,Gold,1978.532857142857,1966.3966666666668,-0.004228678950687126,0.006622965915616295
2023-11-23,1989.2,1998.52,1989.18,1992.78,39966,Gold,1982.7642857142857,1970.5316666666665,0.0014926048215659904,0.006157795253640126
2023-11-24,1992.95,2003.58,1991.45,2002.33,54053,Gold,1988.9271428571428,1972.8623333333335,0.0047923002037355555,0.005920932720525643
2023-11-27,2002.12,2018.12,2000.38,2014.18,79287,Gold,1993.652857142857,1975.9996666666666,0.005918105407200613,0.004988615146948491
2023-11-28,2013.84,2042.98,2011.49,2041.07,76325,Gold,2002.297142857143,1979.9336666666668,0.01335034604653007,0.006273510852539605
2023-11-29,2041.36,2051.99,2035.42,2044.12,91534,Gold,2011.792857142857,1983.1503333333335,0.0014943142567378498,0.005906556297413958
2023-11-30,2044.56,2047.25,2031.01,2036.09,85621,Gold,2017.1971428571428,1985.2106666666666,-0.0039283408019098465,0.006096676088866101
2023-12-01,2036.83,2075.36,2033.91,2071.63,65040,Gold,2028.8857142857144,1988.235,0.01745502409029087,0.007366702377090737
2023-12-04,2072.6,2144.77,2020.13,2028.89,85241,Gold,2034.0442857142857,1990.1066666666668,-0.02063109725192236,0.012487155823997807
2023-12-05,2030.21,2041.17,2009.8,2019.36,74914,Gold,2036.4771428571428,1991.7176666666667,-0.004697149672973966,0.012726821579327143
2023-12-06,2019.91,2035.86,2017.21,2025.26,64498,Gold,2038.0599999999997,1993.2446666666665,0.0029217177719673693,0.012594532873551815
2023-12-07,2026.3,2039.94,2020.18,2028.54,64039,Gold,2036.27,1994.7050000000002,0.0016195451448208775,0.011375836514003531
2023-12-08,2028.51,2033.98,1994.58,2004.04,68116,Gold,2030.5442857142857,1994.6426666666666,-0.012077651907283049,0.01205143012663035
2023-12-11,2005.36,2007.71,1975.78,1981.69,60603,Gold,2022.7728571428572,1994.1606666666667,-0.011152472006546676,0.012469949752836579
2023-12-12,1982.0,1996.68,1977.21,1979.3,50962,Gold,2009.582857142857,1994.005,-0.0012060413081763643,0.00854795008273121
2023-12-13,1980.1,2027.79,1973.0,2027.23,56900,Gold,2009.3457142857144,1995.4903333333334,0.024215631789016312,0.012188115800217277
2023-12-14,2025.48,2047.9,2024.35,2036.2,75085,Gold,2011.7514285714285,1997.1713333333332,0.004424756934338969,0.012096213472377645
2023-12-15,2036.28,2044.95,2015.48,2019.02,340007,Gold,2010.8600000000001,1998.0546666666667,-0.008437285138984452,0.012586448173471165
2023-12-18,2019.56,2033.77,2015.86,2027.21,280002,Gold,2010.67,1999.701,0.004056423413339116,0.012684078169676153
2023-12-19,2027.32,2047.03,2021.62,2040.13,308394,Gold,2015.8257142857144,2002.071,0.006373291370898926,0.011635874724727368
2023-12-20,2040.05,2043.56,2027.27,2031.31,311016,Gold,2022.9142857142856,2004.7746666666667,-0.004323253910290092,0.010522633184696088
2023-12-21,2032.05,2046.12,2031.39,2045.78,332142,Gold,2032.4114285714284,2007.6870000000001,0.00712348189099643,0.010360097996089881
2023-12-22,2045.87,2070.7,2045.87,2052.75,383955,Gold,2036.0571428571427,2011.4913333333336,0.0034070134618580106,0.005861084960397438
2023-12-26,2053.23,2069.05,2052.97,2067.44,202590,Gold,2040.5200000000002,2015.5359999999998,0.007156253805870261,0.0061485645365678375
2023-12-27,2068.19,2084.51,2061.32,2077.49,285928,Gold,2048.8728571428574,2019.3470000000002,0.0048610842394456455,0.003992957763681684
2023-12-28,2077.46,2088.51,2064.37,2065.25,328829,Gold,2054.307142857143,2022.8823333333335,-0.005891725110590107,0.005495863292992212
2023-12-29,2066.27,2074.87,2058.07,2062.67,295714,Gold,2057.5271428571427,2025.6013333333333,-0.0012492434329983704,0.005394563800417521
2024-01-02,2062.91,2078.99,2055.82,2058.91,376799,Gold,2061.4700000000003,2028.213,-0.001822880053522935,0.005007146656269543
2024-01-03,2059.16,2066.05,2030.49,2041.27,441916,Gold,2060.825714285714,2030.3336666666667,-0.008567640159113266,0.005756386933064137
2024-01-04,2041.88,2051.04,2036.1,2043.28,324187,Gold,2059.4728571428573,2031.8343333333332,0.0009846811053901838,0.0055659862590337365
2024-01-05,2043.81,2064.07,2024.34,2045.3,479354,Gold,2056.31,2033.684,0.0009886065541677702,0.004513508650089689
2024-01-08,2044.65,2046.55,2016.61,2028.18,386826,Gold,2049.2657142857142,2034.864,-0.008370410208771273,0.004147572995589907
2024-01-09,2028.22,2042.09,2025.95,2030.21,376781,Gold,2044.26,2035.7933333333335,0.0010008973562503076,0.004278624367626015
2024-01-10,2030.36,2040.37,2020.31,2024.32,399693,Gold,2038.7814285714285,2036.1313333333335,-0.002901177710680214,0.004247851888827563
2024-01-11,2024.06,2045.8,2013.16,2028.54,538544,Gold,2034.4428571428568,2035.7136666666665,0.002084650648118913,0.004618278706945137
2024-01-12,2029.2,2062.33,2028.73,2048.81,562683,Gold,2035.52,2035.87,0.0099924083330869,0.005531463015140977
2024-01-15,2047.9,2058.66,2045.68,2054.6,248084,Gold,2037.1371428571426,2036.487,0.002826030720271655,0.005599501580772422
2024-01-16,2054.62,2055.59,2024.19,2028.22,459103,Gold,2034.697142857143,2035.0400000000002,-0.0128394821376423,0.00760364849481313
2024-01-17,2028.29,2033.0,2001.68,2006.11,557364,Gold,2031.544285714286,2034.2806666666665,-0.010901184289672794,0.008050005557280962
2024-01-18,2005.62,2023.31,2005.62,2022.93,430350,Gold,2030.5042857142855,2034.399666666667,0.00838438570168143,0.008878587724782111
2024-01-19,2024.39,2039.5,2020.26,2029.33,410962,Gold,2031.2199999999998,2034.5353333333333,0.003163727860084009,0.008898746048843281
2024-01-22,2029.7,2032.19,2016.42,2021.62,423889,Gold,2030.2314285714288,2034.3046666666667,-0.0037992835073644704,0.008989121308108413
2024-01-23,2021.96,2037.98,2019.51,2029.23,436043,Gold,2027.4342857142856,2035.1443333333334,0.003764307832332614,0.008041137524468885
2024-01-24,2029.02,2036.78,2011.06,2013.5,543248,Gold,2021.562857142857,2036.2046666666668,-0.007751708776235322,0.008120596250705481
2024-01-25,2014.3,2025.44,2009.47,2020.7,443626,Gold,2020.4885714285715,2037.5846666666666,0.0035758629252544694,0.007057015354643946
2024-01-26,2020.26,2026.75,2015.81,2018.49,353072,Gold,2022.257142857143,2037.2933333333333,-0.0010936804077794626,0.00543774819316177
2024-01-29,2024.05,2037.46,2019.18,2032.7,288679,Gold,2023.652857142857,2037.1766666666667,0.007039915976794653,0.005144856367213014
2024-01-30,2032.92,2048.64,2028.96,2036.87,412991,Gold,2024.73,2037.7716666666665,0.0020514586510551602,0.005072750082089867
2024-01-31,2036.95,2056.07,2030.79,2039.2,567869,Gold,2027.2414285714287,2038.1713333333332,0.001143911982600887,0.004698078363721222
2024-02-01,2038.97,2065.54,2029.93,2054.98,592314,Gold,2030.92,2038.6663333333333,0.007738328756375035,0.00525951231877886
2024-02-02,2054.88,2057.73,2027.73,2039.57,383044,Gold,2034.6442857142858,2038.9416666666666,-0.007498856436559009,0.005183173999163995
2024-02-05,2040.01,2042.29,2014.76,2025.03,398004,Gold,2035.2628571428572,2038.2499999999998,-0.0071289536519952845,0.00608941089196205
2024-02-06,2024.76,2038.96,2022.77,2035.86,191974,Gold,2037.7442857142855,2037.6869999999997,0.005348068917497395,0.006322159438477296
2024-02-07,2036.04,2044.64,2030.5,2035.0,142344,Gold,2038.072857142857,2036.6056666666666,-0.0004224259035493505,0.005788166010276197
2024-02-08,2035.64,2038.7,2020.08,2034.33,151572,Gold,2037.7099999999998,2035.167,-0.00032923832923836827,0.005729239668256926
2024-02-09,2034.61,2037.28,2020.2,2024.26,138125,Gold,2035.5757142857142,2033.8006666666665,-0.004950032688895045,0.005955857123063609
2024-02-12,2024.15,2027.59,2011.75,2019.94,139488,Gold,2030.57,2032.3763333333332,-0.002134113206801458,0.004530487512371906
2024-02-13,2019.73,2031.91,1989.97,1992.95,153478,Gold,2023.91,2030.1776666666667,-0.013361783023258078,0.0059424336694019406
2024-02-14,1993.44,1996.12,1984.03,1992.1,145815,Gold,2019.205714285714,2028.5386666666666,-0.0004265034245717336,0.00575645930579633
2024-02-15,1992.32,2008.38,1990.09,2004.25,138635,Gold,2014.69,2027.2376666666667,0.006099091411073898,0.005927758373956165
2024-02-16,2004.12,2015.24,1995.19,2013.18,134157,Gold,2011.5728571428572,2026.1670000000001,0.004455531994511652,0.006438701499752423
2024-02-19,2014.69,2023.04,2011.38,2017.91,99685,Gold,2009.2271428571428,2025.8246666666669,0.0023495166850455718,0.006598949381810832
2024-02-20,2018.09,2030.94,2014.87,2024.23,130870,Gold,2009.2228571428573,2025.6253333333332,0.0031319533576819047,0.0065275286949803436
2024-02-21,2024.11,2032.27,2020.05,2025.97,141138,Gold,2010.0842857142857,2025.6803333333332,0.0008595861142262073,0.006460890905592991
2024-02-22,2025.61,2034.86,2019.48,2024.27,148953,Gold,2014.5585714285714,2025.538,-0.0008391042315533115,0.0025529412121449804
2024-02-23,2024.37,2041.39,2015.92,2035.52,150943,Gold,2020.7614285714287,2025.095,0.005557559021276859,0.0025156444535513432
2024-02-26,2034.32,2037.1,2024.94,2031.16,136963,Gold,2024.6057142857146,2024.3136666666664,-0.0021419588115075827,0.0027853807977920265
2024-02-27,2031.45,2039.51,2028.63,2030.38,130317,Gold,2027.0628571428572,2024.3856666666666,-0.00038401701490775597,0.002645475127961757
2024-02-28,2030.71,2037.94,2024.38,2034.37,129908,Gold,2029.4142857142858,2025.3276666666666,0.0019651493809038634,0.002621985766084411
2024-02-29,2034.37,2050.78,2027.97,2044.12,146206,Gold,2032.2557142857142,2026.0339999999999,0.0047926385072527555,0.0028910349032229086
2024-03-01,2043.77,2088.38,2038.92,2083.26,164147,Gold,2040.44,2027.8316666666667,0.019147603858873374,0.0072686955526897225
2024-03-04,2082.51,2119.94,2079.37,2114.27,144180,Gold,2053.2971428571427,2030.9199999999998,0.014885323963403474,0.007919540546710045
2024-03-05,2114.59,2141.81,2110.43,2127.84,173988,Gold,2066.4857142857145,2034.2069999999999,0.006418290946757166,0.007913490223478986
2024-03-06,2128.0,2152.27,2123.59,2148.03,158499,Gold,2083.1814285714286,2038.6913333333332,0.009488495375592265,0.00699259694193787
2024-03-07,2148.94,2164.76,2144.2,2159.93,165049,Gold,2101.6885714285713,2043.3323333333333,0.00553995987020639,0.00610456901189879
2024-03-08,2159.28,2195.22,2153.96,2178.55,174781,Gold,2122.285714285714,2048.6676666666667,0.008620649743278808,0.005313056653775986
2024-03-11,2181.21,2189.03,2174.72,2182.65,146453,Gold,2142.075714285714,2053.6659999999997,0.0018819857244496419,0.005859835996703552
2024-03-12,2182.17,2184.76,2150.5,2158.13,94467,Gold,2152.7714285714287,2057.708,-0.011234050351636715,0.00823097092196738
2024-03-13,2158.0,2179.85,2155.72,2174.32,62440,Gold,2161.35,2062.212,0.007501865040567601,0.007170683221908982
2024-03-14,2174.54,2176.97,2152.75,2162.19,62755,Gold,2166.2571428571428,2065.7856666666667,-0.005578755656941103,0.007901474567865361
2024-03-15,2162.32,2172.71,2155.17,2155.82,59222,Gold,2167.3700000000003,2069.6606666666667,-0.002946087069128911,0.007402535833560319
2024-03-18,2153.03,2163.58,2146.08,2160.26,54955,Gold,2167.417142857143,2074.1683333333335,0.0020595411490755833,0.00712237893146518
2024-03-19,2160.11,2162.77,2147.14,2157.48,59875,Gold,2164.407142857143,2078.2223333333336,-0.001286882134557965,0.0060353293694320855
2024-03-20,2157.7,2188.77,2149.61,2186.24,64224,Gold,2164.92,2083.2636666666667,0.01333036690954259,0.008219828180968012
2024-03-21,2187.18,2222.65,2166.43,2181.25,91384,Gold,2168.2228571428573,2088.161,-0.0022824575526930735,0.006686186868766781
2024-03-22,2181.51,2186.03,2157.09,2165.27,79823,Gold,2166.93,2092.8613333333333,-0.00732607449856737,0.006830798523168366
2024-03-25,2165.9,2181.26,2163.5,2171.73,71161,Gold,2168.292857142857,2097.921,0.0029834616468153996,0.006546295820550722
2024-03-26,2171.6,2200.03,2167.57,2178.63,64112,Gold,2171.5514285714285,2104.110333333333,0.003177190534735086,0.006393409936142104
2024-03-27,2178.08,2197.55,2172.87,2194.88,64882,Gold,2176.497142857143,2110.869666666667,0.007458815861344004,0.006782878106523869
2024-03-28,2193.4,2236.18,2187.27,2232.88,80479,Gold,2187.2685714285717,2118.4906666666666,0.01731301939058172,0.008557545658542744
2024-04-01,2241.94,2265.61,2228.51,2251.31,85503,Gold,2196.5642857142857,2126.4283333333333,0.008253914227365433,0.007920433629731528
2024-04-02,2251.24,2281.01,2246.67,2280.53,88872,Gold,2210.747142857143,2135.182333333333,0.01297910994043483,0.00793096151109714
2024-04-03,2279.92,2301.14,2265.42,2299.64,95443,Gold,2229.942857142857,2144.362666666667,0.008379631050676739,0.005123463961339261
2024-04-04,2299.56,2305.56,2279.95,2290.95,84664,Gold,2246.9742857142855,2153.1953333333336,-0.003778852342105732,0.006749369451286339
2024-04-05,2291.03,2330.44,2267.75,2329.28,91616,Gold,2268.4957142857143,2163.3623333333335,0.016731050437591488,0.007172143683848675
2024-04-08,2324.16,2353.84,2302.9,2338.82,109825,Gold,2289.058571428571,2173.472333333333,0.00409568622063472,0.007448335476134218
2024-04-09,2338.74,2365.28,2336.97,2352.22,104663,Gold,2306.1071428571427,2184.1743333333334,0.00572938490349828,0.006563920128304711
2024-04-10,2352.62,2360.03,2319.43,2333.55,101113,Gold,2317.8557142857144,2194.2799999999997,-0.007937182746511673,0.008739651642464964
2024-04-11,2334.0,2377.64,2325.85,2372.41,102815,Gold,2330.9814285714283,2205.5480000000002,0.016652739388485216,0.00937392633160728
2024-04-12,2371.47,2431.44,2333.86,2344.22,128042,Gold,2337.35,2215.551333333334,-0.011882431788771797,0.011331187293075442
2024-04-15,2355.6,2387.51,2323.98,2383.1,115908,Gold,2350.5142857142855,2225.5460000000003,0.016585474059601868,0.011957066730752799
2024-04-16,2382.38,2398.18,2362.99,2382.85,114793,Gold,2358.1671428571426,2234.498666666667,-0.0001049053753514606,0.011028056452969039
2024-04-17,2382.53,2395.53,2354.54,2361.16,104392,Gold,2361.3585714285714,2242.276,-0.009102545271418738,0.011959372940468272
2024-04-18,2361.37,2392.76,2361.37,2378.86,118369,Gold,2365.1642857142856,2249.970333333333,0.007496315370411288,0.012083488332316972
2024-04-19,2379.14,2417.83,2372.91,2390.63,146435,Gold,2373.3185714285714,2257.6603333333333,0.004947748081013614,0.011333785584978126
2024-04-22,2389.8,2389.8,2324.47,2327.25,81603,Gold,2366.867142857143,2262.6169999999997,-0.02651183997523665,0.014337683066848033
2024-04-23,2327.71,2334.34,2291.39,2322.11,79380,Gold,2363.7085714285713,2267.2656666666667,-0.002208615318508911,0.013754177033577843
2024-04-24,2322.44,2337.19,2311.78,2315.96,71554,Gold,2354.117142857143,2272.5266666666666,-0.0026484533463100313,0.011293444775557056
2024-04-25,2315.96,2344.8,2304.8,2332.37,70251,Gold,2346.905714285714,2277.795,0.007085614604742663,0.012012882155915307
2024-04-26,2332.35,2352.5,2326.17,2337.78,65473,Gold,2343.565714285714,2283.648,0.002319529062713155,0.011818662234509426
2024-04-29,2337.22,2346.63,2320.04,2335.36,70726,Gold,2337.3514285714286,2289.6326666666664,-0.0010351701186596118,0.01117555775792518
2024-04-30,2335.31,2336.23,2285.04,2286.3,72307,Gold,2322.447142857143,2293.8340000000003,-0.021007467799397106,0.012490592777710668
2024-05-01,2286.76,2328.2,2281.63,2319.48,70204,Gold,2321.337142857143,2299.234,0.014512531163889175,0.01094841631165685
2024-05-02,2321.02,2326.43,2285.5,2303.51,69461,Gold,2318.68,2303.1430000000005,-0.006885163916050097,0.011214764495420108
2024-05-03,2303.93,2320.59,2277.38,2301.67,67506,Gold,2316.6385714285716,2307.157,-0.0007987809907489263,0.011193808083655863
2024-05-06,2304.58,2331.99,2291.79,2323.76,74940,Gold,2315.4085714285716,2312.44,0.00959737929416482,0.011525184430307641
2024-05-07,2324.06,2329.88,2310.01,2313.83,65539,Gold,2311.987142857143,2317.1766666666667,-0.0042732468068993334,0.011528513733053077
2024-05-08,2314.22,2321.32,2303.72,2308.83,69498,Gold,2308.197142857143,2321.516666666667,-0.0021609193415246253,0.011530219023996015
2024-05-09,2308.69,2347.17,2306.73,2346.02,68792,Gold,2316.7285714285713,2326.5546666666664,0.01610772555796669,0.009450252595938412
2024-05-10,2346.33,2378.32,2345.04,2360.47,73168,Gold,2322.5842857142857,2330.8076666666666,0.006159367780325775,0.008321554230371094
2024-05-13,2361.9,2364.42,2332.11,2336.14,67281,Gold,2327.2457142857143,2333.635333333333,-0.010307269315009249,0.00903698272736372
2024-05-14,2336.13,2359.61,2334.84,2358.0,68341,Gold,2335.292857142857,2336.2176666666664,0.009357315914286124,0.00931506995159874
2024-05-15,2358.02,2390.23,2351.84,2385.76,70090,Gold,2344.15,2339.0883333333336,0.011772688719253743,0.009584872878912092
2024-05-16,2385.6,2397.25,2371.02,2376.72,81190,Gold,2353.1342857142854,2341.947333333333,-0.0037891489504394693,0.009518363119552103
2024-05-17,2377.11,2422.74,2374.05,2413.84,80348,Gold,2368.1357142857146,2344.766,0.015618162846275707,0.009998612018454107
2024-05-20,2418.33,2450.07,2407.4,2426.22,102705,Gold,2379.5928571428567,2347.6793333333335,0.005128757498425562,0.00904030502522731
2024-05-21,2426.3,2433.83,2406.43,2420.88,93414,Gold,2388.2228571428573,2349.9680000000003,-0.002200954571308311,0.00938398477107159
2024-05-22,2421.44,2426.59,2375.06,2378.58,94728,Gold,2394.285714285714,2351.4689999999996,-0.017472985030236976,0.011346477426396856
2024-05-23,2379.66,2383.66,2326.68,2328.55,92448,Gold,2390.078571428571,2350.0069999999996,-0.02103355783702876,0.01387595162543477
2024-05-24,2328.95,2347.37,2325.46,2333.86,79071,Gold,2382.664285714286,2349.6616666666664,0.002280389083335166,0.012757360362754513
2024-05-27,2338.09,2358.52,2331.68,2350.08,60652,Gold,2378.8585714285714,2348.561,0.00694985988876784,0.013290618809928722
2024-05-28,2351.47,2364.14,2340.32,2361.13,84124,Gold,2371.328571428571,2347.837,0.00470196759259256,0.011456690099940093
2024-05-29,2360.95,2362.66,2334.61,2338.0,86223,Gold,2358.7257142857147,2347.0650000000005,-0.009796156924862243,0.011053406163932
2024-05-30,2337.88,2351.77,2322.74,2342.98,90714,Gold,2347.597142857143,2345.869,0.0021300256629597225,0.011367601943203937
2024-05-31,2344.26,2359.8,2320.6,2327.46,91884,Gold,2340.2942857142857,2343.763333333334,-0.0066240428855559585,0.009975206222280035
2024-06-03,2328.79,2354.76,2314.77,2350.45,88083,Gold,2343.422857142857,2344.536666666667,0.009877720777156096,0.007125209726883677
2024-06-04,2351.9,2352.83,2315.62,2326.79,87040,Gold,2342.412857142857,2344.692666666667,-0.010066157544299958,0.008292004803011614
2024-06-05,2326.69,2357.41,2325.92,2355.13,80955,Gold,2343.134285714286,2345.9983333333334,0.012179870121497904,0.009245802683332648
2024-06-06,2356.8,2378.5,2353.44,2375.68,81010,Gold,2345.212857142857,2347.442,0.00872563297992035,0.009676963541811794
2024-06-07,2376.34,2387.69,2286.71,2293.38,99238,Gold,2338.8385714285714,2345.962,-0.0346427128232758,0.016449144675339082
2024-06-10,2294.71,2313.84,2287.78,2310.86,75938,Gold,2334.25,2345.1453333333334,0.0076219379256816655,0.016840412629093048
2024-06-11,2312.03,2319.94,2297.75,2316.73,86222,Gold,2332.717142857143,2346.1596666666665,0.0025401798464639302,0.016763170721925104
2024-06-12,2317.07,2341.66,2310.75,2324.88,84926,Gold,2329.0642857142857,2346.3396666666667,0.003517889438993782,0.016269668294592452
2024-06-13,2324.83,2326.67,2295.67,2303.85,82589,Gold,2325.787142857143,2346.351,-0.0090456281614536,0.016183898810628938
2024-06-14,2304.18,2336.59,2301.62,2332.6,82624,Gold,2322.5685714285714,2347.3819999999996,0.012479111053236958,0.016225781630140382
2024-06-17,2331.47,2332.87,2310.03,2318.96,78647,Gold,2314.4657142857145,2347.222,-0.005847552087798968,0.01565629457537582
2024-06-18,2319.05,2333.11,2306.64,2329.34,76408,Gold,2319.6028571428574,2347.739,0.004476144478559485,0.007453203490784194
2024-06-19,2329.3,2335.06,2323.92,2327.98,53316,Gold,2322.0485714285714,2348.377333333333,-0.000583856371332736,0.007104419065158147
2024-06-20,2329.07,2365.46,2327.81,2360.02,77250,Gold,2328.2328571428575,2348.844,0.013763004836811366,0.008598895530216179
2024-06-21,2360.71,2368.73,2316.7,2321.42,81924,Gold,2327.7385714285715,2347.5423333333333,-0.016355793594969525,0.011171966734383715
2024-06-24,2321.36,2334.68,2317.73,2334.43,81632,Gold,2332.1071428571427,2347.4853333333335,0.005604328385212298,0.010586683726363743
2024-06-25,2334.29,2337.13,2315.54,2319.51,72400,Gold,2330.237142857143,2346.2023333333336,-0.006391281811834015,0.009829325575720676
2024-06-26,2319.35,2323.72,2293.67,2298.06,81657,Gold,2327.2514285714287,2343.279,-0.009247642821113233,0.010199547763941143
2024-06-27,2298.36,2330.91,2296.54,2327.48,74385,Gold,2326.985714285714,2341.6376666666665,0.01280210264309889,0.011393850466370363
2024-06-28,2328.03,2339.75,2319.06,2326.4,74181,Gold,2326.7599999999998,2338.723,-0.0004640211731142818,0.011393019463245575
2024-07-01,2326.9,2338.53,2318.5,2331.72,76003,Gold,2322.717142857143,2335.573,0.0022867950481428867,0.009788182602237634
2024-07-02,2331.75,2336.78,2319.12,2329.35,70178,Gold,2323.85,2332.5219999999995,-0.0010164170655138083,0.007374764606076725
2024-07-03,2329.55,2364.92,2326.82,2356.07,71327,Gold,2326.941428571429,2331.771666666667,0.011471011226307892,0.008322571471443942
2024-07-04,2356.17,2362.52,2350.64,2356.1,45570,Gold,2332.1685714285713,2332.69,1.2733068202486209e-05,0.007655178419934975
2024-07-05,2357.21,2392.91,2352.3,2391.06,78621,Gold,2345.4542857142856,2334.596666666667,0.014838079877764088,0.007004155835206172
2024-07-08,2386.21,2391.13,2351.14,2359.09,76078,Gold,2349.9700000000003,2334.897,-0.013370638963472237,0.00921923845619225
2024-07-09,2359.35,2371.33,2349.29,2363.73,74775,Gold,2355.302857142857,2334.9836666666665,0.0019668601028361987,0.009158057210594891
2024-07-10,2364.12,2386.61,2362.19,2371.26,68758,Gold,2360.9514285714286,2336.092333333333,0.0031856430302954486,0.009163934143197877
2024-07-11,2371.03,2424.54,2370.44,2415.3,76342,Gold,2373.23,2338.5029999999997,0.01857240454441933,0.010780504599723299
2024-07-12,2415.29,2418.17,2391.44,2411.59,81842,Gold,2381.1614285714286,2341.307333333333,-0.0015360410715025141,0.010647545333255456
2024-07-15,2411.51,2439.67,2401.32,2422.23,85183,Gold,2390.608571428572,2343.7,0.004412026919998757,0.010544917674729332
2024-07-16,2422.14,2469.65,2420.01,2468.69,85927,Gold,2401.6985714285715,2348.4300000000003,0.01918067235563914,0.011382601997337882
2024-07-17,2468.66,2483.54,2451.36,2458.66,172836,Gold,2415.922857142857,2351.881,-0.004062883553625718,0.009278525346595451
2024-07-18,2458.51,2474.8,2440.23,2445.08,181426,Gold,2427.5442857142857,2354.1943333333334,-0.0055233338485191075,0.0102017192238242
2024-07-19,2445.65,2445.67,2393.71,2400.3,185614,Gold,2431.692857142857,2357.758333333333,-0.018314329183503064,0.013502726154580447
2024-07-22,2401.79,2412.04,2383.71,2396.35,167639,Gold,2428.9857142857145,2360.608,-0.0016456276298797423,0.011305214982056774
2024-07-23,2396.71,2411.91,2388.17,2409.62,168714,Gold,2428.7042857142856,2363.7043333333336,0.005537588415715611,0.011569653794369077
2024-07-24,2408.65,2431.9,2396.72,2397.23,179458,Gold,2425.132857142857,2366.116,-0.005141889592549798,0.011517664128456959
2024-07-25,2397.05,2401.11,2352.97,2364.49,241295,Gold,2410.247142857143,2368.137333333333,-0.013657429616682704,0.007820679601998956
2024-07-26,2364.05,2390.68,2355.7,2387.34,182598,Gold,2400.058571428571,2369.962,0.009663817567424848,0.009872790866207421
2024-07-29,2388.7,2403.05,2369.54,2383.5,179262,Gold,2391.2614285714285,2372.1133333333332,-0.0016084847570937422,0.009893185520491258
2024-07-30,2383.83,2412.64,2376.36,2410.92,174873,Gold,2392.7785714285715,2374.8326666666667,0.01150409062303348,0.008865348363470082
2024-07-31,2410.98,2450.8,2403.76,2447.24,211323,Gold,2400.0485714285714,2378.808,0.015064788545451346,0.010277030930399061
2024-08-01,2448.53,2462.17,2430.12,2446.3,227718,Gold,2405.2885714285717,2381.684,-0.0003841061767541065,0.010282029626052557
2024-08-02,2446.24,2477.61,2410.72,2441.38,238833,Gold,2411.5957142857146,2385.6826666666666,-0.002011200588644124,0.009972587517132786
2024-08-05,2444.61,2458.65,2364.06,2409.96,303106,Gold,2418.0914285714284,2388.200333333333,-0.012869770375771084,0.009760059425755398
2024-08-06,2410.23,2418.23,2381.48,2389.85,248749,Gold,2418.45,2390.545,-0.008344536838785777,0.010008939919593713
2024-08-07,2391.58,2406.9,2378.94,2383.06,211353,Gold,2418.387142857143,2393.3783333333336,-0.002841182500993744,0.010056648141040882
2024-08-08,2381.01,2427.53,2380.95,2427.18,214274,Gold,2420.71,2396.701666666667,0.018514011397111174,0.011618843834162484
2024-08-09,2427.07,2436.93,2416.78,2431.07,176072,Gold,2418.4,2400.190666666667,0.00160268294893684,0.009892191605954507
2024-08-12,2429.26,2473.16,2423.75,2472.03,154564,Gold,2422.075714285714,2404.8676666666665,0.01684854817014725,0.01196955838688835
2024-08-13,2471.08,2476.82,2458.4,2464.98,166903,Gold,2425.4471428571424,2409.3886666666667,-0.0028519071370494142,0.012015457387345212
2024-08-14,2465.65,2479.7,2437.98,2447.92,187574,Gold,2430.87,2412.450333333333,-0.006920948648670544,0.011002616274022457
2024-08-15,2447.5,2469.95,2432.09,2456.24,176316,Gold,2440.3542857142857,2415.7883333333334,0.0033988038824797062,0.009957065193056346
2024-08-16,2455.96,2509.61,2450.64,2507.46,180403,Gold,2458.1257142857144,2419.668333333333,0.020853011106406694,0.011206927623593916
2024-08-19,2508.41,2510.06,2485.54,2504.23,183561,Gold,2469.132857142857,2424.5063333333333,-0.0012881561420721166,0.010388320118401975
2024-08-20,2503.42,2531.53,2497.23,2514.01,177578,Gold,2480.9814285714283,2429.5156666666667,0.003905392076606562,0.010316744798932851
2024-08-21,2513.79,2519.84,2493.81,2512.3,178292,Gold,2486.7342857142858,2434.2169999999996,-0.000680188225186118,0.00895645983380055
2024-08-22,2511.93,2514.56,2470.73,2484.73,182512,Gold,2489.555714285714,2436.5313333333334,-0.01097400788122449,0.010183936910320773
2024-08-23,2484.81,2518.23,2484.33,2511.93,178967,Gold,2498.7000000000003,2439.8759999999997,0.010946863441902988,0.010052032940701693
2024-08-26,2511.56,2526.7,2508.63,2517.91,172547,Gold,2507.5099999999998,2443.065333333333,0.0023806395878867015,0.01006510664851717
2024-08-27,2518.06,2525.84,2503.45,2524.59,166644,Gold,2509.957142857143,2444.9286666666667,0.0026529939513326717,0.006626399857463284
2024-08-28,2524.56,2528.9,2493.55,2504.67,167110,Gold,2510.02,2446.462333333334,-0.00789039012275261,0.007426583427574217
2024-08-29,2504.55,2528.6,2503.55,2521.09,173193,Gold,2511.031428571429,2448.996,0.006555753851804846,0.007717822784919338
2024-08-30,2521.13,2526.75,2494.06,2503.35,174801,Gold,2509.752857142857,2452.431,-0.007036638914120541,0.008227003748776884
2024-09-02,2502.34,2507.18,2489.94,2499.46,110467,Gold,2511.8571428571427,2455.868,-0.0015539177502146284,0.0068855725057690624
2024-09-03,2499.89,2506.18,2473.39,2492.86,185141,Gold,2509.132857142857,2458.6426666666666,-0.0026405703631984245,0.005303125411627835
2024-09-04,2493.05,2500.15,2471.77,2495.44,173118,Gold,2505.922857142857,2461.9163333333336,0.001034955833861373,0.00517989490279734
2024-09-05,2495.24,2523.31,2493.72,2516.63,171151,Gold,2504.785714285714,2466.987666666667,0.008491488474978492,0.00627155745206122
2024-09-06,2516.84,2529.08,2485.02,2497.61,194614,Gold,2503.777142857143,2470.6633333333334,-0.007557726006604093,0.006206564157171214
2024-09-09,2497.09,2507.04,2485.44,2506.22,175640,Gold,2501.652857142857,2474.7540000000004,0.0034472956146074374,0.0057191250419198186
2024-09-10,2506.19,2518.32,2500.02,2516.54,162060,Gold,2503.537142857143,2478.2746666666667,0.004117755025496717,0.005235300027129934
2024-09-11,2516.55,2528.93,2500.85,2511.35,192814,Gold,2505.2357142857145,2480.411666666667,-0.0020623554563011792,0.005276165657214155
2024-09-12,2511.97,2559.98,2510.9,2558.6,187663,Gold,2514.6271428571426,2484.1549999999997,0.018814581798634267,0.008353338998571757
2024-09-13,2558.54,2585.92,2556.61,2578.38,191691,Gold,2526.4757142857147,2488.721666666667,0.007730790275932264,0.008373282042449741
2024-09-16,2579.39,2589.56,2575.17,2582.42,149290,Gold,2535.8742857142856,2494.470333333333,0.0015668753248163636,0.008260589739650052
2024-09-17,2582.09,2586.82,2560.69,2569.45,168290,Gold,2546.137142857143,2500.457,-0.0050224208300742035,0.007721573142373597
2024-09-18,2569.64,2600.04,2546.71,2559.27,196306,Gold,2553.715714285714,2506.3306666666667,-0.0039619373795948265,0.008308981569137583
2024-09-19,2558.73,2594.76,2550.94,2586.61,212431,Gold,2563.7257142857147,2511.645,0.010682733748295536,0.008808227984726979
2024-09-20,2586.85,2625.65,2584.71,2622.26,192171,Gold,2579.5699999999997,2518.0179999999996,0.01378251843146061,0.0090344589969984
2024-09-23,2619.54,2634.74,2613.78,2628.39,170980,Gold,2589.5400000000004,2523.23,0.002337678185992065,0.007160583667276517
2024-09-24,2628.64,2664.24,2622.56,2656.99,203370,Gold,2600.77,2529.6303333333335,0.010881185820977857,0.007532743002372046
2024-09-25,2657.43,2670.39,2649.61,2657.02,189847,Gold,2611.4271428571424,2536.6003333333338,1.1290972115052256e-05,0.007649670213801963
2024-09-26,2656.47,2685.44,2654.7,2672.23,204851,Gold,2626.11,2543.8,0.0057244582276385625,0.006506301542793099
2024-09-27,2672.24,2674.2,2643.04,2659.81,216031,Gold,2640.4728571428573,2548.8783333333336,-0.004647803519906568,0.0066778480988077095
2024-09-30,2658.25,2665.9,2624.59,2634.53,207306,Gold,2647.3185714285714,2553.2216666666664,-0.00950443828694525,0.008258189295838322
2024-10-01,2634.35,2673.04,2632.13,2663.37,178322,Gold,2653.191428571429,2558.200333333333,0.010946924119292545,0.007669981922342444
2024-10-02,2663.25,2663.26,2641.02,2658.67,167809,Gold,2657.5171428571425,2563.0793333333336,-0.001764681587612671,0.00781746652826078
2024-10-03,2658.51,2662.79,2636.9,2656.01,186642,Gold,2657.3771428571426,2568.788666666667,-0.0010005002501249916,0.006691391873083158
2024-10-04,2656.25,2670.15,2631.91,2653.57,129072,Gold,2656.884285714286,2573.5099999999998,-0.0009186712399426034,0.006699580328562667
2024-10-07,2649.56,2659.61,2637.74,2642.51,85860,Gold,2652.6385714285716,2577.6633333333334,-0.004167969942379446,0.006280085438954056
2024-10-08,2644.69,2652.96,2604.77,2621.85,98279,Gold,2647.215714285714,2580.905333333333,-0.007818324244752262,0.006642146628251064
2024-10-09,2621.6,2624.34,2605.21,2607.68,87211,Gold,2643.38,2584.339,-0.005404580734977293,0.006025621200338426
2024-10-10,2607.68,2631.52,2605.89,2630.05,87430,Gold,2638.62,2587.971,0.008578506565222854,0.0052273249726133425
2024-10-11,2629.75,2661.4,2628.02,2656.38,80192,Gold,2638.292857142857,2593.0719999999997,0.010011216516796262,0.006871362374855332
2024-10-14,2655.69,2666.77,2643.17,2648.52,79898,Gold,2637.2228571428573,2598.0406666666668,-0.0029589140107967316,0.006953379634160717
2024-10-15,2648.48,2668.96,2638.33,2662.64,85041,Gold,2638.5185714285717,2603.7,0.005331279356017626,0.007267262954543436
2024-10-16,2662.43,2685.24,2658.73,2673.64,81811,Gold,2642.965714285714,2609.64,0.00413123816963612,0.00705060517474565
2024-10-17,2673.91,2696.74,2673.15,2692.83,87494,Gold,2653.105714285714,2615.5133333333333,0.00717748088747916,0.005854803552363917
2024-10-18,2692.69,2722.6,2691.82,2721.91,87565,Gold,2669.4242857142854,2622.99,0.010799047841861587,0.004676073154805047
2024-10-21,2720.16,2740.56,2714.27,2719.5,94372,Gold,2682.202857142857,2630.099333333333,-0.0008854076732881522,0.0051969842232482385
2024-10-22,2719.49,2748.86,2718.93,2748.81,87044,Gold,2695.407142857143,2637.8416666666667,0.01077771649200221,0.0053313999745413345
2024-10-23,2748.27,2758.47,2708.78,2715.57,92031,Gold,2704.9857142857145,2644.649,-0.012092505484191274,0.008018699087390712
2024-10-24,2715.39,2743.19,2715.09,2735.84,90227,Gold,2715.4428571428575,2650.5570000000002,0.0074643629145998425,0.008134899091559586
2024-10-25,2735.83,2747.55,2717.02,2747.39,84877,Gold,2725.9785714285713,2656.190666666667,0.004221738113339812,0.008135380688519666
2024-10-28,2732.7,2745.92,2724.72,2742.24,87422,Gold,2733.037142857143,2661.5179999999996,-0.0018745063496627967,0.008250496530062037
2024-10-29,2741.97,2774.75,2739.8,2774.44,92516,Gold,2740.5414285714287,2668.351,0.011742225334033574,0.008412255566582486
2024-10-30,2774.11,2790.05,2770.87,2787.21,92262,Gold,2750.214285714286,2675.949,0.004602730641138475,0.00826989913078329
2024-10-31,2787.85,2790.09,2731.64,2743.77,91037,Gold,2749.4942857142855,2681.1876666666667,-0.015585477951069349,0.010205584074410502
2024-11-01,2743.91,2762.26,2733.17,2735.84,95509,Gold,2752.39,2684.9736666666668,-0.002890183943989433,0.008934491445808247
2024-11-04,2738.13,2748.16,2730.55,2736.46,96948,Gold,2752.4785714285713,2688.576,0.00022662143985030525,0.008482191355585143
2024-11-05,2736.84,2749.88,2724.71,2743.72,89174,Gold,2751.9542857142856,2691.4669999999996,0.002653062716063692,0.0083740489120523
2024-11-06,2743.32,2749.69,2652.44,2658.94,119755,Gold,2740.0542857142855,2691.531,-0.030899654483693584,0.014389451199916487
2024-11-07,2659.18,2710.27,2643.33,2706.24,104394,Gold,2730.3114285714287,2692.6646666666666,0.01778904375427781,0.01564062454175818
2024-11-08,2705.81,2710.35,2680.35,2684.15,97232,Gold,2715.5885714285714,2693.476,-0.008162616767175002,0.015286302352528406
2024-11-11,2682.96,2686.22,2610.59,2619.3,96185,Gold,2697.8071428571425,2692.9683333333332,-0.024160348713745505,0.01654292051442278
2024-11-12,2619.5,2627.13,2589.81,2597.98,101759,Gold,2678.112857142857,2690.788666666667,-0.008139579276906117,0.016471258029343724
2024-11-13,2598.53,2618.81,2572.65,2572.7,97489,Gold,2654.718571428571,2687.923,-0.009730636879421772,0.016145508671507474
2024-11-14,2574.82,2581.29,2536.77,2564.53,109662,Gold,2629.12,2684.873666666667,-0.0031756520387140608,0.015605836483252157
2024-11-15,2565.12,2576.05,2554.58,2561.78,100256,Gold,2615.2400000000002,2681.8140000000003,-0.0010723212440486574,0.012563588179241511
2024-11-18,2564.94,2615.02,2564.79,2611.72,97519,Gold,2601.7371428571428,2680.7876666666666,0.019494257898804657,0.01308994629495984
2024-11-19,2611.74,2639.4,2610.23,2632.11,96397,Gold,2594.3028571428576,2681.129666666667,0.007807115617294524,0.013816805824780093
2024-11-20,2632.0,2655.35,2618.91,2650.08,94155,Gold,2598.7000000000003,2682.5429999999997,0.00682722226654664,0.010321124533656434
2024-11-21,2649.8,2673.47,2648.63,2669.41,94033,Gold,2608.904285714286,2683.855,0.007294119422809775,0.009479057918836633
2024-11-22,2669.66,2715.5,2668.21,2715.34,102746,Gold,2629.281428571429,2685.8203333333336,0.01720604927680669,0.008422270580634073
2024-11-25,2692.25,2721.31,2615.6,2625.46,105609,Gold,2637.9857142857145,2685.0516666666667,-0.033100827152400814,0.017550951807228203
2024-11-26,2625.01,2641.9,2604.86,2633.02,100386,Gold,2648.162857142857,2684.0643333333337,0.0028794954027102637,0.01744282801340042
2024-11-27,2630.47,2658.2,2627.0,2635.95,89383,Gold,2651.6242857142856,2682.808,0.0011127906358476825,0.016060556680360712
2024-11-28,2637.8,2649.57,2620.92,2637.07,64090,Gold,2652.3328571428574,2680.949333333333,0.0004248942506497322,0.015812652531801308
2024-11-29,2637.58,2666.37,2634.03,2650.33,86260,Gold,2652.3685714285716,2678.563333333333,0.0050283079326676194,0.01570461353726819
2024-12-02,2652.01,2652.69,2621.86,2638.62,103110,Gold,2647.9700000000003,2675.8673333333336,-0.004418317718925535,0.015434574320736865
2024-12-03,2639.23,2655.56,2634.11,2643.5,91928,Gold,2637.707142857143,2672.3570000000004,0.001849451607279562,0.01326245854897088
2024-12-04,2643.29,2656.99,2632.31,2649.88,93798,Gold,2641.1957142857145,2670.167333333333,0.0024134669945148346,0.0029277876902943155
2024-12-05,2649.6,2655.54,2623.52,2631.66,87579,Gold,2641.0014285714287,2666.6946666666668,-0.0068757830543271226,0.004137531925322457
2024-12-06,2631.76,2645.6,2612.32,2632.67,91127,Gold,2640.532857142857,2662.8706666666667,0.0003837881793240516,0.004111998696663967
2024-12-09,2643.88,2676.32,2627.57,2660.18,98808,Gold,2643.8342857142857,2660.1353333333336,0.010449467650711863,0.005766662660870948
2024-12-10,2660.85,2695.46,2657.93,2693.8,92398,Gold,2650.0442857142857,2657.447333333333,0.012638242524942056,0.007147202954848641
2024-12-11,2693.98,2721.07,2674.85,2717.95,100382,Gold,2661.3771428571426,2655.1386666666667,0.008965030811493024,0.0068177816606068775
2024-12-12,2717.58,2726.15,2675.03,2680.55,97260,Gold,2666.6700000000005,2653.031333333333,-0.013760370867749505,0.00968695634588926
2024-12-13,2681.0,2692.77,2645.68,2648.8,96541,Gold,2666.5157142857142,2650.1299999999997,-0.011844584133853142,0.011002679311941398
2024-12-16,2650.72,2664.23,2643.52,2652.62,74306,Gold,2669.5099999999998,2647.335333333334,0.0014421624886740148,0.01057810778626409
2024-12-17,2652.65,2658.57,2633.03,2646.4,82723,Gold,2671.4714285714285,2644.0913333333333,-0.0023448515053041685,0.01066236278481838
2024-12-18,2646.32,2651.7,2583.62,2585.31,82407,Gold,2660.7757142857145,2641.637,-0.023084189842805358,0.012898891491941013
2024-12-19,2585.48,2626.42,2582.92,2594.39,90171,Gold,2646.574285714286,2637.9086666666667,0.0035121513474205557,0.011299126865046397
2024-12-20,2594.75,2631.82,2589.69,2623.03,84572,Gold,2633.0142857142855,2635.8713333333335,0.011039203820551347,0.011753681470923155
2024-12-23,2620.78,2633.22,2608.13,2612.77,77618,Gold,2623.3314285714287,2635.6536666666666,-0.003911506921384866,0.01110248946169492
2024-12-24,2613.12,2621.46,2610.02,2616.59,56605,Gold,2618.73,2636.274,0.0014620498551347616,0.010582341575918995
2024-12-26,2616.14,2639.14,2614.12,2633.53,63754,Gold,2616.002857142857,2638.3016666666667,0.006474075036593474,0.010994083867838561
2024-12-27,2635.7,2638.34,2611.69,2621.54,69633,Gold,2612.4514285714286,2640.2019999999998,-0.004552824535889233,0.011071204840599707
2024-12-30,2621.03,2628.13,2596.09,2605.96,69847,Gold,2615.401428571429,2641.6746666666663,-0.005943071629652796,0.006328136339839779
2024-12-31,2605.71,2627.58,2602.59,2624.61,69268,Gold,2619.718571428571,2642.104333333333,0.007156671629648947,0.006693820276730766
2025-01-02,2624.48,2660.46,2621.48,2657.98,83419,Gold,2624.7114285714283,2642.9666666666667,0.012714269929627653,0.007101876563149502
2025-01-03,2658.34,2665.15,2636.51,2639.98,74593,Gold,2628.598571428571,2642.63,-0.006772059985402423,0.007560460796090995
2025-01-06,2641.45,2649.45,2614.45,2635.77,83848,Gold,2631.3385714285714,2641.508666666667,-0.0015947090508261486,0.007651127596083125
2025-01-07,2636.09,2664.33,2632.98,2648.42,70702,Gold,2633.4657142857145,2639.2780000000002,0.00479935654476682,0.007478171183920145
2025-01-08,2648.45,2670.0,2645.25,2661.44,80604,Gold,2639.1657142857143,2640.4773333333337,0.004916138678910498,0.007193256642998516
2025-01-09,2661.31,2678.23,2655.51,2670.34,67495,Gold,2648.362857142857,2641.7213333333334,0.0033440543465192984,0.00623782560355773
2025-01-10,2670.34,2698.01,2663.96,2688.96,89266,Gold,2657.555714285714,2643.4883333333332,0.006972894837361521,0.006220277080647632
2025-01-13,2690.19,2693.27,2656.84,2662.98,93434,Gold,2658.27,2644.3520000000003,-0.00966172795430209,0.006431503176302743
2025-01-14,2663.55,2678.38,2659.86,2677.37,88452,Gold,2663.611428571429,2645.2533333333336,0.005403720643790022,0.0058220122333924
2025-01-15,2678.38,2697.55,2669.39,2696.28,81616,Gold,2672.2557142857145,2647.175333333333,0.0070629012799876545,0.0058442803067827506
2025-01-16,2695.01,2724.76,2690.03,2714.26,86394,Gold,2681.6614285714286,2649.5339999999997,0.00666844689720647,0.005967596321165908
2025-01-17,2714.44,2717.38,2698.47,2702.92,80490,Gold,2687.587142857143,2651.302,-0.004177934317272536,0.006574448418591745
2025-01-20,2703.09,2713.76,2689.26,2706.7,69969,Gold,2692.781428571429,2653.8033333333337,0.0013984875615999925,0.006560628656836898
2025-01-21,2708.28,2746.02,2702.81,2744.69,92790,Gold,2700.7428571428572,2657.5373333333337,0.014035541434218812,0.00787318441711686
2025-01-22,2745.17,2763.45,2741.1,2756.18,84738,Gold,2714.057142857143,2660.737333333333,0.004186265115550203,0.005578011910394302
2025-01-23,2756.17,2758.92,2735.58,2754.52,85621,Gold,2725.078571428571,2662.761333333334,-0.0006022828697689331,0.005944599752151654
2025-01-24,2754.64,2785.94,2753.49,2771.48,87370,Gold,2735.8214285714284,2664.5456666666664,0.006157152607350946,0.005878381574317207
2025-01-27,2769.76,2772.53,2730.48,2740.7,99704,Gold,2739.598571428571,2666.550666666667,-0.01110597947666958,0.007974663053968501
2025-01-28,2739.91,2765.11,2734.81,2763.17,83114,Gold,2748.2057142857143,2670.363,0.008198635385120667,0.007900149146656307
2025-01-29,2763.23,2766.2,2744.76,2759.68,83303,Gold,2755.7742857142853,2673.9316666666664,-0.0012630420857204783,0.008062619086570242
2025-01-30,2759.61,2798.49,2758.23,2794.06,83835,Gold,2762.827142857143,2678.853666666667,0.012457966141001808,0.007710611499959458
2025-01-31,2795.08,2817.23,2791.02,2798.47,91210,Gold,2768.868571428571,2685.9590000000003,0.0015783483532922915,0.00768276730927024
2025-02-03,2804.21,2830.4,2772.17,2814.75,107358,Gold,2777.472857142857,2693.3043333333335,0.0058174645431254834,0.007675252435591999
2025-02-04,2814.62,2845.49,2807.19,2842.01,96838,Gold,2787.5485714285714,2700.603666666667,0.00968469668709493,0.008016126912993566
2025-02-05,2842.67,2882.49,2839.67,2867.02,90945,Gold,2805.594285714286,2709.078666666667,0.0088001097814574,0.004809046469593863
2025-02-06,2864.94,2873.28,2834.1,2855.55,91182,Gold,2818.7914285714287,2717.0440000000003,-0.004000669684899205,0.006111365520194812
2025-02-07,2855.66,2886.68,2852.39,2861.3,85320,Gold,2833.308571428571,2724.636333333334,0.002013622594596587,0.005687031717667351
2025-02-10,2857.21,2911.77,2854.81,2907.88,92001,Gold,2849.5685714285714,2734.1809999999996,0.016279313598713818,0.006609260011421743
2025-02-11,2907.9,2942.58,2881.81,2897.53,103139,Gold,2863.7200000000003,2743.9,-0.0035592940561508524,0.007387717543546222
2025-02-12,2898.02,2909.15,2863.54,2903.97,92459,Gold,2876.4657142857145,2753.212,0.0022225826824915362,0.007446543411057503
2025-02-13,2904.36,2929.5,2900.56,2928.34,86887,Gold,2888.7985714285714,2762.224,0.008391959972038343,0.007311082447964065
2025-02-14,2927.64,2940.06,2877.03,2882.5,96772,Gold,2891.0099999999998,2770.3079999999995,-0.015653919968309782,0.010112069784621546
2025-02-17,2883.13,2906.4,2877.6,2899.45,69702,Gold,2897.281428571429,2779.097333333333,0.005880312228967899,0.010017276382210791
2025-02-18,2898.61,2937.05,2891.98,2935.08,72253,Gold,2907.8214285714284,2788.652666666667,0.012288537481246475,0.010709997839264431
2025-02-19,2935.73,2947.05,2918.61,2932.99,84281,Gold,2911.4085714285716,2797.7043333333336,-0.000712075991114447,0.009201109559378657
2025-02-20,2933.46,2954.91,2924.26,2939.06,83516,Gold,2917.3414285714284,2806.6616666666664,0.002069560414457605,0.00895176641446201
2025-02-21,2938.84,2949.59,2916.74,2935.89,84923,Gold,2921.9014285714284,2814.8926666666666,-0.0010785761433927954,0.00902898392690344
2025-02-24,2934.65,2956.18,2921.33,2952.62,85776,Gold,2925.37,2824.5473333333334,0.005698442380334345,0.008744088010457672
2025-02-25,2952.64,2953.79,2888.27,2914.82,94373,Gold,2929.9871428571428,2832.4623333333334,-0.012802189242096751,0.007847761686827543
2025-02-26,2915.14,2930.08,2890.77,2916.11,81185,Gold,2932.367142857143,2839.79,0.0004425659217379696,0.00762170528327462
2025-02-27,2916.79,2920.76,2867.79,2877.12,93444,Gold,2924.087142857143,2845.2186666666666,-0.01337055186532754,0.007366026992613817
2025-02-28,2877.11,2885.05,2832.57,2859.06,100955,Gold,2913.5257142857145,2850.423333333333,-0.006277110443777101,0.007400605493552504
2025-03-03,2857.88,2895.29,2857.88,2892.99,94797,Gold,2906.944285714286,2856.633,0.011867536882751661,0.009330328274461588
2025-03-04,2892.44,2927.76,2881.99,2917.7,90567,Gold,2904.3457142857146,2862.3999999999996,0.008541336126291599,0.010194426416460883
2025-03-05,2918.13,2930.06,2894.3,2919.13,95328,Gold,2899.5614285714287,2867.8316666666665,0.0004901120745794962,0.009820649910786223
2025-03-06,2919.67,2926.52,2891.12,2910.74,89678,Gold,2898.9785714285713,2873.0389999999998,-0.002874144008660262,0.008568006429386228
2025-03-07,2911.04,2930.33,2894.8,2911.94,98005,Gold,2898.382857142857,2877.721,0.0004122662965433399,0.008567653853139314
2025-03-10,2912.72,2918.22,2880.28,2889.24,82830,Gold,2900.1142857142854,2882.6723333333334,-0.007795490291695684,0.007301988793008754
2025-03-11,2888.27,2922.03,2880.26,2915.5,69043,Gold,2908.1771428571424,2887.75,0.00908889534964219,0.007190597056997557
2025-03-12,2915.81,2940.63,2905.97,2933.31,75738,Gold,2913.937142857143,2893.537666666666,0.006108729205968055,0.006250768307991348
2025-03-13,2934.46,2989.1,2932.99,2988.8,73352,Gold,2924.094285714286,2900.029,0.018917195932240505,0.008780083216417406
2025-03-14,2989.38,3004.85,2978.45,2986.24,79493,Gold,2933.681428571428,2906.288,-0.0008565310492506528,0.008870751479814587
2025-03-17,2983.84,3001.99,2982.22,3001.02,63203,Gold,2946.578571428571,2912.4970000000003,0.0049493677668239755,0.008448069944378462
2025-03-18,3000.79,3038.26,2999.56,3033.76,76386,Gold,2963.9814285714288,2918.8886666666667,0.01090962406115259,0.008552554633575446
2025-03-19,3033.98,3051.84,3022.89,3047.16,68372,Gold,2986.5414285714287,2924.8933333333334,0.004416961130741859,0.006219964877881129
2025-03-20,3048.35,3057.26,3025.52,3044.47,77931,Gold,3004.965714285714,2931.190666666667,-0.000882789220126301,0.006935608945930037
2025-03-21,3044.36,3047.39,2999.55,3022.94,69395,Gold,3017.77,2936.5786666666663,-0.007071838448071355,0.008568774436147395
2025-03-24,3023.36,3033.22,3002.46,3011.96,74983,Gold,3021.078571428571,2940.0480000000002,-0.0036322255817184956,0.006041225680665511
2025-03-25,3011.96,3035.95,3007.64,3019.81,71743,Gold,3025.874285714286,2944.1240000000003,0.0026062763117704613,0.0059940962069911985
2025-03-26,3019.69,3032.04,3012.45,3018.85,75702,Gold,3028.421428571429,2947.9533333333334,-0.00031790079508309255,0.005834028114079536
2025-03-27,3019.04,3059.56,3017.6,3056.42,84353,Gold,3031.6585714285716,2952.222666666667,0.01244513639299738,0.006286166830158893
2025-03-28,3056.31,3086.77,3053.75,3084.2,75990,Gold,3036.95,2958.9459999999995,0.009089064984524331,0.006915947463531252
2025-03-31,3086.59,3127.94,3076.72,3123.96,81475,Gold,3048.305714285714,2966.4296666666664,0.012891511575124914,0.007928171095041122
2025-04-01,3123.22,3149.04,3100.87,3114.12,78809,Gold,3061.3314285714287,2972.3976666666663,-0.003149848269504152,0.007137956987552219
2025-04-02,3114.22,3142.05,3104.45,3132.12,83654,Gold,3078.497142857143,2979.0353333333333,0.00578012407999684,0.006228547867526566
2025-04-03,3140.28,3167.73,3054.08,3114.19,99601,Gold,3091.9799999999996,2984.873,-0.005724557168946265,0.007555141763073791
2025-04-04,3115.38,3136.58,3015.78,3037.34,97301,Gold,3094.621428571428,2988.2546666666667,-0.024677363937331998,0.01343150888824602
2025-04-07,3008.13,3055.31,2956.26,2982.01,125111,Gold,3083.991428571429,2989.2343333333333,-0.018216597417477165,0.014043874869138592
2025-04-08,2982.99,3022.73,2974.73,2981.96,94684,Gold,3069.3857142857146,2991.472333333333,-1.6767214060409152e-05,0.01307966998384934
2025-04-09,2982.88,3099.6,2970.07,3082.78,94465,Gold,3063.5028571428566,2997.028,0.03380997733034663,0.018880271661822868
2025-04-10,3079.66,3176.45,3071.36,3175.39,90706,Gold,3072.2557142857145,3006.970333333333,0.030041066829290308,0.02232189638207923
2025-04-11,3176.0,3245.36,3176.0,3237.53,112866,Gold,3087.3142857142857,3019.586,0.019569249761446805,0.02319937737286235
2025-04-14,3228.31,3245.69,3193.57,3210.46,101469,Gold,3101.067142857143,3030.1683333333335,-0.008361312482046523,0.02342228294641211
2025-04-15,3211.57,3233.57,3210.01,3229.36,75621,Gold,3128.4985714285717,3040.5570000000002,0.005887006846371001,0.01959213224118969
2025-04-16,3230.96,3342.94,3229.84,3342.85,102898,Gold,3180.047142857143,3054.681,0.03514318626600921,0.017528366383029848
2025-04-17,3343.19,3357.65,3283.84,3327.24,96853,Gold,3229.3728571428574,3068.5643333333333,-0.004669668097581403,0.01833249024345804
2025-04-21,3332.92,3430.5,3329.03,3424.4,97594,Gold,3278.1757142857145,3085.646333333333,0.029201380122864773,0.0176529686296845
2025-04-22,3425.06,3499.98,3366.78,3380.93,99124,Gold,3307.538571428571,3102.036,-0.012694194603434239,0.01902502519522683
2025-04-23,3347.99,3386.58,3259.98,3288.12,100890,Gold,3314.7657142857142,3114.4566666666665,-0.02745102678848721,0.022683638332993892
2025-04-24,3289.07,3367.17,3288.83,3348.58,102093,Gold,3334.497142857143,3128.299,0.018387406785640437,0.022814143708159474
2025-04-25,3351.34,3370.76,3265.19,3318.62,107540,Gold,3347.2485714285713,3139.293,-0.00894707607403733,0.023531977575962156
2025-04-28,3325.67,3353.0,3268.19,3343.99,104994,Gold,3347.4114285714286,3151.218,0.0076447438995725925,0.01943153579325065
2025-04-29,3344.55,3348.67,3299.69,3317.2,85655,Gold,3345.977142857143,3161.757333333333,-0.00801138759386244,0.019611619637924498
2025-04-30,3313.72,3328.02,3267.13,3288.27,102525,Gold,3326.5299999999997,3170.241,-0.008721210659592415,0.01474970827971516
2025-05-01,3288.7,3290.21,3201.91,3237.89,101000,Gold,3306.095714285714,3176.5986666666663,-0.015321126306538146,0.014989248120933414
2025-05-02,3240.43,3269.28,3222.78,3240.3,103099,Gold,3299.2642857142855,3183.126333333333,0.0007443118821208738,0.01171336291003242
2025-05-05,3240.86,3337.54,3237.44,3333.96,87858,Gold,3297.175714285714,3193.493666666667,0.02890473104342184,0.014986357008808068
2025-05-06,3336.06,3434.75,3323.52,3430.46,90726,Gold,3313.152857142857,3207.4436666666666,0.028944558423016575,0.017982883629531984
2025-05-07,3437.65,3437.85,3360.21,3364.44,93712,Gold,3316.074285714286,3218.9313333333334,-0.019245232417809843,0.02004819599910161
2025-05-08,3365.74,3414.78,3288.75,3305.85,90866,Gold,3314.452857142857,3228.498,-0.017414487998002715,0.021046098787569727
2025-05-09,3308.01,3347.53,3274.86,3327.15,86055,Gold,3320.0071428571428,3237.5223333333333,0.006443123553700358,0.020814130632536842
2025-05-12,3291.47,3299.73,3207.74,3234.4,107179,Gold,3319.508571428571,3242.529,-0.027876711299460455,0.02297120451072677
2025-05-13,3238.82,3265.43,3215.99,3249.98,96281,Gold,3320.8914285714286,3246.7296666666666,0.004816967598318067,0.023042551016466874
2025-05-14,3249.67,3257.05,3168.03,3177.4,88022,Gold,3298.5257142857145,3248.839,-0.022332445122739242,0.020578785171376335
2025-05-15,3178.39,3240.5,3120.78,3239.64,89383,Gold,3271.2657142857142,3252.4230000000002,0.01958834267010756,0.01802584043190117
2025-05-16,3238.34,3252.14,3154.35,3201.0,99147,Gold,3247.9171428571426,3255.3166666666666,-0.01192725117605653,0.017468762241873954
2025-05-19,3219.73,3249.75,3206.42,3230.12,95835,Gold,3237.0985714285716,3261.7426666666665,0.009097157138394207,0.01769623046303711
2025-05-20,3230.75,3295.68,3204.57,3289.66,94589,Gold,3231.7428571428572,3271.9976666666666,0.01843275172439407,0.019290209465390288
2025-05-21,3289.94,3324.84,3285.56,3315.11,101469,Gold,3243.2728571428574,3283.1026666666667,0.007736361812467063,0.015481320391467551
2025-05-22,3316.05,3345.31,3279.37,3294.71,100750,Gold,3249.662857142857,3290.1670000000004,-0.006153641960598644,0.015891039843936007
2025-05-23,3294.54,3365.87,3287.05,3357.9,97109,Gold,3275.4485714285715,3296.250666666667,0.019179229734938685,0.012693837314933384
2025-05-26,3353.88,3356.76,3323.52,3342.19,59937,Gold,3290.0985714285716,3299.739333333333,-0.004678519312665719,0.012307207818987916
2025-05-27,3343.87,3349.77,3284.9,3300.56,91570,Gold,3304.3214285714284,3302.7426666666665,-0.012455904661314965,0.01242605119626941
2025-05-28,3301.03,3325.44,3276.94,3288.64,84113,Gold,3312.681428571428,3304.7186666666666,-0.003611508350098158,0.012561757107012489
2025-05-29,3287.71,3331.23,3245.52,3317.56,105319,Gold,3316.6671428571426,3303.8756666666663,0.00879390872822805,0.010968800875490918
2025-05-30,3318.43,3322.7,3271.82,3288.72,93320,Gold,3312.8971428571426,3302.5916666666667,-0.008693135919169537,0.011108560662523166
2025-06-02,3298.35,3382.92,3295.92,3381.6,87954,Gold,3325.31,3301.165,0.02824199080493317,0.01530803136229308
2025-06-03,3382.82,3392.24,3333.2,3353.3,83435,Gold,3324.652857142857,3300.244,-0.008368819493730695,0.014204146024184697
2025-06-04,3354.69,3384.65,3343.8,3372.6,92464,Gold,3328.997142857143,3303.06,0.005755524408791235,0.01419232637763948
2025-06-05,3373.4,3403.33,3339.61,3352.6,92514,Gold,3336.4314285714286,3303.1940000000004,-0.0059301429164443364,0.013319479562299761
2025-06-06,3354.03,3375.6,3307.13,3312.12,92933,Gold,3339.7857142857138,3302.9773333333333,-0.012074211060072781,0.014295130371362883
2025-06-09,3314.04,3338.16,3293.61,3325.39,89295,Gold,3340.904285714286,3302.3573333333334,0.004006497349129834,0.013976862875217676
2025-06-10,3325.86,3349.08,3301.94,3322.4,92073,Gold,3345.715714285714,3302.530666666667,-0.0008991426569514571,0.013429657066126283
2025-06-11,3322.21,3360.68,3315.53,3354.82,94367,Gold,3341.89,3304.7490000000003,0.009758006260534469,0.008037517329799444
2025-06-12,3356.57,3398.77,3338.67,3386.66,99415,Gold,3346.655714285714,3309.708,0.00949082216035424,0.008181687008602598
2025-06-13,3386.01,3446.8,3379.81,3434.15,92847,Gold,3355.4485714285715,3316.1696666666667,0.014022665398947698,0.009411973413883128
2025-06-16,3434.04,3451.23,3382.76,3385.14,86045,Gold,3360.097142857143,3317.8756666666663,-0.014271362637042762,0.011059441183588254
2025-06-17,3386.26,3403.24,3366.15,3388.47,93937,Gold,3371.004285714286,3316.476,0.0009837111611337157,0.009374234035686962
2025-06-18,3390.46,3400.01,3362.56,3369.15,86513,Gold,3377.255714285714,3316.6330000000003,-0.0057016883726283,0.009952389126300875
2025-06-19,3369.58,3387.93,3347.65,3370.63,66292,Gold,3384.1457142857143,3318.792333333333,0.0004392799370760425,0.009902113786406288
2025-06-20,3370.12,3374.51,3340.37,3368.64,73350,Gold,3386.12,3320.175333333333,-0.0005903940806318841,0.009324423075607614
2025-06-23,3392.44,3396.7,3347.12,3369.04,85888,Gold,3383.6028571428574,3324.6633333333334,0.00011874228175168255,0.008473187513463671
2025-06-24,3368.43,3369.94,3295.5,3322.81,88230,Gold,3367.6971428571424,3327.091,-0.013722009830693604,0.0067433108033346815
2025-06-25,3324.71,3337.07,3311.98,3332.15,69041,Gold,3360.1271428571426,3332.249333333333,0.002810873928993818,0.00570360754388817
2025-06-26,3333.62,3350.28,3309.99,3327.76,74485,Gold,3351.4542857142856,3335.186666666667,-0.0013174677010338032,0.005551295199739827
2025-06-27,3327.61,3327.96,3255.89,3274.96,84271,Gold,3337.9985714285717,3337.652,-0.0158665288362142,0.0074967804130723495
2025-06-30,3275.5,3309.41,3248.48,3302.92,76467,Gold,3328.325714285714,3340.078666666667,0.008537508855070097,0.00880926102994823
2025-07-01,3303.4,3357.92,3302.38,3338.78,77928,Gold,3324.0600000000004,3341.716,0.010857059813740522,0.010246420799291925
2025-07-02,3338.98,3360.1,3327.61,3356.93,72230,Gold,3322.3300000000004,3343.11,0.005436117384194139,0.010555179053191836
2025-07-03,3358.07,3365.74,3311.69,3325.92,42404,Gold,3322.7742857142853,3344.150333333333,-0.009237606980187163,0.009719571471062654
2025-07-04,3325.52,3344.18,3323.59,3337.04,30628,Gold,3323.4728571428573,3343.455,0.0033434358012218723,0.009745698380318508
2025-07-07,3335.92,3342.76,3296.45,3336.16,82706,Gold,3324.672857142857,3343.254,-0.0002637067580850694,0.00972556230293559
2025-07-08,3338.99,3345.76,3287.13,3301.48,84705,Gold,3328.4614285714283,3343.284666666667,-0.010395184883219,0.008318344165703366
2025-07-09,3302.39,3316.79,3282.77,3313.55,75758,Gold,3329.98,3344.115,0.0036559361256165435,0.007786599070523764
2025-07-10,3314.0,3330.25,3310.12,3323.85,71678,Gold,3327.847142857143,3344.324666666667,0.003108448642694217,0.006512995368937379
2025-07-11,3324.18,3368.75,3321.78,3355.5,86342,Gold,3327.6428571428573,3346.550666666667,0.009522090347037437,0.007283883230220688
2025-07-14,3362.47,3374.92,3340.71,3343.26,95296,Gold,3330.12,3345.2726666666663,-0.0036477425122931617,0.0063543206125943035
2025-07-15,3344.06,3366.73,3320.25,3324.65,72728,Gold,3328.35,3344.317666666667,-0.005566423191735059,0.006636783557517109
2025-07-16,3324.68,3377.48,3319.62,3346.99,81966,Gold,3329.8971428571426,3343.464,0.006719504308724034,0.007182769552222468
2025-07-17,3350.79,3352.22,3309.9,3338.1,83442,Gold,3335.128571428572,3342.980666666667,-0.0026561178850250666,0.005663943003267514
2025-07-18,3341.64,3361.24,3331.8,3350.85,69906,Gold,3340.457142857143,3344.2716666666665,0.0038195380605734464,0.00567421301525719
2025-07-21,3350.01,3401.59,3345.0,3397.41,78916,Gold,3350.965714285714,3346.6723333333334,0.013894981870271605,0.007361430692182797
2025-07-22,3399.04,3433.53,3383.26,3429.58,86631,Gold,3361.548571428571,3350.245,0.009468977839000914,0.007353797854375393
2025-07-23,3430.9,3438.77,3381.52,3388.1,85846,Gold,3367.9542857142856,3351.3543333333337,-0.012094775453554085,0.00913262493971633
2025-07-24,3390.56,3393.35,3351.39,3367.5,80047,Gold,3374.075714285714,3350.7156666666665,-0.00608010389303737,0.009204779972877978
2025-07-25,3369.25,3373.55,3325.08,3336.65,64812,Gold,3372.5985714285716,3347.4656666666665,-0.009161098737936135,0.009750435830371603
2025-07-28,3331.05,3345.2,3301.8,3314.78,71500,Gold,3369.2671428571425,3345.1203333333333,-0.006554478294097388,0.01000860397422446
2025-07-29,3314.18,3334.14,3307.94,3325.5,70454,Gold,3365.6457142857143,3343.021333333333,0.0032340004464850303,0.009964368012599171
2025-07-30,3327.36,3334.05,3268.17,3275.86,71995,Gold,3348.281428571429,3339.9116666666664,-0.014927078634791702,0.008628954354609926
2025-07-31,3277.45,3314.81,3276.45,3290.68,82495,Gold,3328.4385714285713,3337.246666666667,0.004524002857264842,0.007337579923897783
2025-08-01,3291.51,3363.45,3281.59,3363.23,77923,Gold,3324.8857142857146,3337.0663333333337,0.022047114882030483,0.012225905824213238
2025-08-04,3362.95,3385.37,3345.07,3374.01,72655,Gold,3325.815714285714,3337.2319999999995,0.0032052520939691576,0.012084273535003322
2025-08-05,3376.19,3390.38,3349.99,3380.47,66618,Gold,3332.075714285714,3339.154,0.0019146357005461745,0.011335055671336452
2025-08-06,3381.14,3385.62,3358.24,3368.4,72233,Gold,3339.7357142857145,3340.3623333333335,-0.0035705094262039605,0.011014799765729277
2025-08-07,3372.59,3401.81,3365.3,3395.84,88988,Gold,3349.7842857142855,3342.6316666666667,0.008146300914380733,0.011235026945388627
2025-08-08,3402.94,3408.84,3376.62,3397.14,105874,Gold,3367.11,3346.7043333333336,0.00038282133433842347,0.008244732898566259
2025-08-11,3400.5,3401.85,3341.4,3342.29,86369,Gold,3374.4828571428566,3348.016666666667,-0.01614593452139146,0.011572126387530664
2025-08-12,3344.31,3359.03,3331.13,3348.28,75882,Gold,3372.347142857143,3348.3333333333335,0.0017921844005159837,0.007686446917996214
2025-08-13,3349.92,3370.76,3342.72,3355.97,70839,Gold,3369.77,3348.3013333333333,0.002296701590070116,0.0076186424512955705
2025-08-14,3357.05,3374.81,3329.85,3334.75,79119,Gold,3363.238571428571,3348.5956666666666,-0.006323060098868516,0.007774772978593546
2025-08-15,3336.51,3348.67,3332.2,3336.08,67349,Gold,3358.621428571428,3348.563666666667,0.0003988304970388157,0.007778855621477247
2025-08-18,3335.35,3358.39,3323.62,3332.89,66798,Gold,3349.628571428572,3348.4546666666665,-0.0009562120812450781,0.006597938630238023
2025-08-19,3333.25,3345.29,3314.89,3315.6,68868,Gold,3337.9799999999996,3348.9253333333336,-0.005187689962765085,0.006506384773685476
2025-08-20,3316.47,3350.19,3311.55,3347.8,67805,Gold,3338.7671428571434,3350.0670000000005,0.009711666063457747,0.005328243768944842
2025-08-21,3351.04,3352.06,3325.17,3338.44,64006,Gold,3337.3614285714284,3350.5533333333337,-0.002795865941812581,0.005388411016773062
2025-08-22,3339.94,3378.79,3321.44,3371.86,66790,Gold,3339.631428571429,3351.0986666666663,0.010010663663267971,0.006670100218142003
2025-08-25,3368.71,3376.22,3359.81,3365.73,63484,Gold,3344.057142857143,3351.847666666667,-0.00181798769818442,0.006070592520383994
2025-08-26,3366.56,3393.31,3351.29,3392.96,85457,Gold,3352.182857142857,3354.124666666666,0.008090369696915678,0.0065495461131790216
2025-08-27,3390.76,3398.81,3373.81,3397.38,78602,Gold,3361.3957142857143,3355.8043333333335,0.001302697349806703,0.006408662689548098
2025-08-28,3398.01,3423.17,3384.6,3417.36,89005,Gold,3375.9328571428573,3358.4463333333333,0.005881002419511505,0.005408600954242337
2025-08-29,3417.06,3453.88,3404.36,3448.16,90252,Gold,3390.27,3361.6900000000005,0.009012805206358054,0.005298251815739868
2025-09-01,3445.94,3489.81,3437.12,3476.37,79933,Gold,3409.9742857142855,3364.322,0.008181174887476272,0.004420277051329663
2025-09-02,3476.41,3540.17,3470.34,3534.4,107080,Gold,3433.194285714286,3367.816,0.016692699568803038,0.0059394144143714
2025-09-03,3532.61,3578.46,3526.3,3560.62,103975,Gold,3461.035714285714,3373.5666666666666,0.007418515165233064,0.004587373868306567
2025-09-04,3560.3,3564.19,3511.45,3545.39,101393,Gold,3482.8114285714287,3379.4963333333335,-0.004277344956777229,0.006547066175196948
2025-09-05,3545.44,3600.0,3539.79,3587.37,97095,Gold,3509.952857142857,3387.853666666667,0.011840728382491061,0.006412369940251702
2025-09-08,3592.28,3646.35,3579.64,3636.76,95319,Gold,3541.2957142857144,3398.586333333333,0.013767746287670413,0.006700988692248561
2025-09-09,3636.12,3674.12,3626.05,3626.23,94362,Gold,3566.7342857142858,3408.610666666667,-0.00289543439765072,0.00805631548528317
2025-09-10,3623.32,3657.57,3620.29,3640.55,89748,Gold,3590.1885714285713,3420.7670000000003,0.003949004889375551,0.008132952988633355
2025-09-11,3641.94,3649.09,3613.51,3633.91,84116,Gold,3604.4042857142854,3432.2079999999996,-0.0018239002348546807,0.007286447962170282
2025-09-12,3634.01,3656.63,3630.59,3642.56,81642,Gold,3616.11,3441.519,0.0023803561453090705,0.007139503004597752
2025-10-15,4178.85,4218.12,4163.62,4207.45,513511,Gold,3710.69,3469.3003333333336,0.1550804928402003,0.05724963373818521
2025-10-16,4208.33,4330.32,4199.58,4327.92,680389,Gold,3816.4828571428575,3500.882,0.028632544652937186,0.056906141288695075
2025-10-17,4331.84,4379.04,4185.07,4251.55,1335785,Gold,3904.31,3530.3203333333336,-0.017645889942512816,0.0594384989636478
2025-10-20,4247.57,4381.58,4218.75,4356.14,860110,Gold,4008.5828571428574,3562.3303333333333,0.02460043983958804,0.058265398394886286
2025-10-21,4354.88,4375.35,4080.11,4124.31,1124491,Gold,4077.691428571429,3586.5693333333334,-0.05321913437125525,0.06571002578451451
2025-10-22,4124.63,4161.2,4003.4,4098.0,1117962,Gold,4143.99,3611.759666666667,-0.006379248892542155,0.06598088859368734
2025-10-23,4095.87,4154.75,4065.89,4126.08,815509,Gold,4213.064285714286,3637.6863333333336,0.006852122986822806,0.065813870449007
2025-10-24,4127.03,4144.08,4043.6,4111.33,785287,Gold,4199.3328571428565,3662.8650000000002,-0.0035748216224600338,0.027711819593591522
2025-10-27,4091.05,4109.06,3971.12,3981.86,849009,Gold,4149.895714285714,3684.435333333334,-0.031491026018344415,0.025517816364687224
2025-10-28,3983.72,4019.89,3886.32,3951.84,879720,Gold,4107.08,3704.960666666667,-0.007539190227682568,0.025401148467171817
2025-10-29,3955.28,4030.29,3916.56,3929.64,964173,Gold,4046.1514285714284,3724.8523333333337,-0.005617636341552323,0.020641360483079817
2025-10-30,3931.01,4027.47,3914.94,4024.28,915615,Gold,4031.861428571429,3748.475,0.024083631070530798,0.01673577246446501
2025-10-31,4023.52,4046.23,3972.15,4002.06,832341,Gold,4018.155714285714,3770.2836666666667,-0.0055214845885476205,0.016713284863570477
2025-11-03,3984.44,4030.56,3962.29,4002.4,667936,Gold,4000.4871428571428,3792.4156666666668,8.495624753246389e-05,0.01621941936787237
2025-11-04,4001.96,4005.84,3928.87,3931.77,580768,Gold,3974.8357142857144,3811.0793333333336,-0.017646911852888247,0.016979649449689715
2025-11-05,3931.84,3991.44,3928.71,3978.69,513044,Gold,3974.382857142857,3831.5113333333334,0.011933556642428345,0.013860788129488332
2025-11-06,3975.94,4019.75,3964.47,3977.52,567434,Gold,3978.0514285714285,3850.996666666667,-0.00029406664002473715,0.013471814540027062
2025-11-07,3981.15,4027.72,3973.94,4000.07,521993,Gold,3988.112857142857,3871.086333333333,0.005669361813391394,0.013220426021832226
2025-11-10,4001.02,4116.63,3997.68,4115.11,592795,Gold,4001.0885714285714,3894.3446666666664,0.028759496708807397,0.01453835034159375
2025-11-11,4115.61,4148.73,4097.05,4126.1,518619,Gold,4018.808571428572,3916.942666666667,0.0026706454991485273,0.014032351787734614
2025-11-12,4126.94,4211.8,4098.92,4194.89,674893,Gold,4046.307142857143,3940.8933333333334,0.01667191779161925,0.014562114143926093
2025-11-13,4196.11,4245.4,4144.83,4170.76,735122,Gold,4080.4485714285715,3962.1053333333334,-0.0057522366498287125,0.011629480539460824
2025-11-14,4171.79,4211.49,4031.96,4082.28,884878,Gold,4095.2471428571434,3979.4939999999997,-0.021214359013704942,0.015953872699169952
2025-11-17,4086.53,4106.81,4006.93,4044.14,731265,Gold,4104.764285714286,3996.1189999999997,-0.009342818229028937,0.016689321765950605
2025-11-18,4045.33,4082.24,3998.17,4066.61,709244,Gold,4114.27,4012.0936666666666,0.005556187471254859,0.01668578804117453
2025-11-19,4066.9,4132.59,4055.28,4077.45,810705,Gold,4108.89,4026.7833333333338,0.002665610914250438,0.012128219601788592
2025-11-20,4079.09,4110.26,4038.49,4076.8,960842,Gold,4101.847142857143,4041.802333333333,-0.00015941335883939978,0.01202247899356365
2025-11-21,4076.26,4101.27,4021.92,4064.65,875673,Gold,4083.2414285714285,4055.939,-0.002980278649921564,0.008925649283955782
2025-11-24,4071.81,4139.92,4039.69,4135.42,616939,Gold,4078.1928571428575,4072.6560000000004,0.01741109320605716,0.012097368482005669
2025-11-25,4134.7,4159.26,4108.76,4130.78,696772,Gold,4085.121428571428,4088.9300000000003,-0.0011220142089558571,0.008345744493230904
2025-11-26,4131.83,4173.57,4129.63,4162.39,670158,Gold,4102.0142857142855,4087.428,0.007652307796590652,0.006946335696528035
2025-11-27,4163.98,4168.84,4142.52,4156.73,430480,Gold,4114.888571428571,4081.7216666666664,-0.0013597956943007805,0.007199590392733881
2025-11-28,4158.11,4226.75,4152.9,4219.03,584384,Gold,4135.114285714286,4080.6376666666665,0.014987742768955536,0.008455855535190012
2025-12-01,4223.19,4264.57,4205.82,4230.64,1013796,Gold,4157.091428571429,4076.454333333333,0.0027518173608627183,0.008233138289169686
2025-12-02,4231.15,4236.01,4163.26,4206.1,756201,Gold,4177.298571428571,4079.1806666666666,-0.005800540816519484,0.008759986801426872
2025-12-03,4206.95,4241.59,4194.55,4202.93,804943,Gold,4186.942857142857,4082.6783333333337,-0.0007536672927415111,0.006950644264648816
2025-12-04,4204.0,4219.52,4174.57,4207.03,905985,Gold,4197.835714285714,4085.3766666666666,0.0009755099418737867,0.006820691344479475
2025-12-05,4208.53,4259.19,4191.78,4197.19,859911,Gold,4202.807142857143,4088.238666666666,-0.0023389421991286685,0.006639037150665782
2025-12-08,4196.98,4218.77,4176.08,4190.02,820093,Gold,4207.562857142858,4095.177333333333,-0.0017082857816775876,0.006662773373888608
2025-12-09,4190.72,4221.54,4170.13,4208.14,1022429,Gold,4206.007142857144,4103.720666666666,0.00432456169660278,0.0033887198357931193
2025-12-10,4207.79,4238.6,4181.39,4227.69,948717,Gold,4205.585714285714,4113.655666666667,0.0046457579833367735,0.003736716406032977
2025-12-11,4225.83,4286.0,4204.19,4280.63,798412,Gold,4216.232857142857,4122.200666666667,0.012522204797418945,0.005202713275145758
2025-12-12,4280.35,4353.71,4256.93,4298.8,1228795,Gold,4229.928571428572,4132.092000000001,0.004244702298493497,0.005017622206674359
2025-12-15,4300.31,4350.24,4285.33,4304.72,974288,Gold,4243.884285714286,4142.169333333334,0.0013771285009769318,0.0049896591567372755
2025-12-16,4306.09,4335.08,4271.85,4301.53,1133934,Gold,4258.79,4154.494666666667,-0.0007410470367411603,0.004718100572549175
2025-12-17,4303.1,4349.04,4301.46,4338.0,982753,Gold,4279.929999999999,4166.471666666667,0.008478378623420157,0.004395386565604641
2025-12-18,4339.32,4374.45,4308.64,4330.88,1264198,Gold,4297.464285714285,4178.250333333333,-0.0016413093591516326,0.0050700096945799486
2025-12-19,4332.83,4356.6,4308.81,4338.63,939798,Gold,4313.312857142858,4189.535666666667,0.0017894746564208752,0.005135770421604087
2025-12-22,4340.05,4449.24,4337.88,4443.03,701691,Gold,4336.512857142857,4200.466333333334,0.024062895430124076,0.008903362058128961
2025-12-23,4446.92,4500.05,4430.63,4485.97,1199792,Gold,4363.251428571429,4212.462,0.009664575751233029,0.009024322820345529
2025-12-24,4484.7,4525.96,4448.38,4479.22,892249,Gold,4388.18,4221.939666666667,-0.0015046912930759548,0.009338171442499162
2025-12-26,4505.51,4550.16,4483.01,4531.17,700640,Gold,4420.9857142857145,4233.953333333334,0.01159800143775036,0.009073986987849095
2025-12-29,4538.0,4549.8,4301.3,4331.71,1087202,Gold,4420.087142857143,4242.2676666666675,-0.04401953579318363,0.021419694893432966
2025-12-30,4332.61,4404.23,4322.96,4338.17,1401078,Gold,4421.128571428571,4252.068666666667,0.001491327905146056,0.02141258781325294
2025-12-31,4339.48,4373.65,4274.25,4318.36,1239908,Gold,4418.232857142857,4260.460333333333,-0.004566441610172167,0.02148049308969526
2026-01-02,4331.66,4402.58,4309.53,4332.23,956044,Gold,4402.404285714286,4268.9529999999995,0.003211867468205565,0.018788957112778077
2026-01-05,4350.37,4455.77,4345.35,4446.27,1047030,Gold,4396.732857142857,4281.268666666667,0.026323625476948553,0.02157490969008685
2026-01-06,4449.02,4497.39,4427.4,4494.31,1262849,Gold,4398.888571428571,4295.590666666667,0.010804562026147657,0.022030079062285112
2026-01-07,4495.21,4500.44,4423.42,4456.1,1108781,Gold,4388.164285714286,4306.28,-0.008501861242326436,0.021678769131892588
2026-01-08,4459.56,4479.6,4407.33,4477.73,990324,Gold,4409.024285714286,4317.845,0.004854020331680031,0.011383198965552418
2026-01-09,4479.88,4517.19,4452.55,4509.35,1026684,Gold,4433.478571428571,4329.410333333333,0.007061613808782674,0.011307601419363945
2026-01-12,4511.14,4630.23,4511.14,4598.53,1360186,Gold,4473.502857142857,4344.137,0.019776686218634376,0.011403400930991181
2026-01-13,4603.1,4607.68,4573.11,4584.41,425718,Gold,4509.528571428572,4356.316333333333,-0.0030705464572373664,0.012163708321768508
2026-01-22,4882.23,4940.75,4869.33,4936.1,173215,Gold,4579.504285714285,4379.831666666667,0.07671434273985112,0.02855674110538394
2026-01-23,4940.71,4989.77,4899.1,4982.52,763594,Gold,4649.248571428571,4405.712333333333,0.009404185490569539,0.0285989856341531
2026-01-26,5010.53,5110.92,4989.3,5011.06,1416498,Gold,4728.528571428571,4432.65,0.00572802517601545,0.027101911707218932
2026-01-27,5012.96,5190.33,5012.56,5180.35,1640374,Gold,4828.902857142857,4465.094,0.033783271403655,0.02710947331163807
2026-01-28,5179.67,5419.08,5157.04,5414.46,1486935,Gold,4958.204285714286,4505.669666666667,0.04519192718638698,0.027588309423354936
2026-01-29,5421.43,5597.6,5097.38,5377.0,2323330,Gold,5069.414285714286,4545.2356666666665,-0.006918510802554678,0.03041914188845609
2026-01-30,5385.09,5450.62,4679.69,4889.48,3379613,Gold,5112.995714285715,4567.947,-0.0906676585456575,0.05274505023049562
