Date,Open,High,Low,Close,Volume,Asset_Name,MA_7,MA_30,Daily_Return,Volatility_7
2000-01-04,6000.0,6110.0,5660.0,6110.0,74195000,Samsung,,,,
2000-01-05,5800.0,6060.0,5520.0,5580.0,74680000,Samsung,,,-0.08674304418985268,
2000-01-06,5750.0,5780.0,5580.0,5620.0,54390000,Samsung,,,0.007168458781362075,
2000-01-07,5560.0,5670.0,5360.0,5540.0,40305000,Samsung,,,-0.014234875444839812,
2000-01-10,5600.0,5770.0,5580.0,5770.0,46880000,Samsung,,,0.041516245487364545,
2000-01-11,5820.0,6100.0,5770.0,5770.0,59745000,Samsung,,,0.0,
2000-01-12,5610.0,5740.0,5600.0,5720.0,29220000,Samsung,5730.0,,-0.008665511265164683,
2000-01-13,5600.0,5740.0,5560.0,5710.0,41190000,Samsung,5672.857142857143,,-0.0017482517482517723,0.038769365973235964
2000-01-14,5720.0,5880.0,5680.0,5830.0,49375000,Samsung,5708.571428571428,,0.021015761821365997,0.01918104264158759
2000-01-17,6000.0,6180.0,5920.0,6100.0,63505000,Samsung,5777.142857142857,,0.046312178387650116,0.024420480828980025
2000-01-18,6160.0,6160.0,5980.0,6100.0,45260000,Samsung,5857.142857142857,,0.0,0.022376132819022187
2000-01-19,6000.0,6040.0,5960.0,5960.0,40205000,Samsung,5884.285714285715,,-0.022950819672131195,0.022459521409860333
2000-01-20,5860.0,6040.0,5820.0,6040.0,37315000,Samsung,5922.857142857143,,0.01342281879194629,0.022549062213126192
2000-01-21,5950.0,5980.0,5880.0,5880.0,32535000,Samsung,5945.714285714285,,-0.026490066225165587,0.025407777489225496
2000-01-24,5800.0,5900.0,5700.0,5700.0,34355000,Samsung,5944.285714285715,,-0.030612244897959218,0.028670995563889818
2000-01-25,5520.0,5640.0,5440.0,5440.0,44250000,Samsung,5888.571428571428,,-0.04561403508771933,0.03149125839316534
2000-01-26,5500.0,5520.0,5410.0,5480.0,29285000,Samsung,5800.0,,0.007352941176470562,0.022017823889877854
2000-01-27,5480.0,5620.0,5430.0,5520.0,27900000,Samsung,5717.142857142857,,0.007299270072992803,0.022996836921899185
2000-01-28,5640.0,5880.0,5540.0,5820.0,38315000,Samsung,5697.142857142857,,0.05434782608695654,0.03391618209399972
2000-01-31,5640.0,5730.0,5560.0,5580.0,39630000,Samsung,5631.428571428572,,-0.04123711340206182,0.03577343173483924
2000-02-01,5600.0,5680.0,5260.0,5320.0,71470000,Samsung,5551.428571428572,,-0.04659498207885304,0.03799013739391362
2000-02-02,5220.0,5370.0,5110.0,5250.0,64105000,Samsung,5487.142857142857,,-0.013157894736842146,0.037251518326235945
2000-02-03,5250.0,5460.0,4970.0,5130.0,142765000,Samsung,5442.857142857143,,-0.02285714285714291,0.03463730869604952
2000-02-04,5130.0,5130.0,5130.0,5130.0,0,Samsung,5392.857142857143,,0.0,0.03420878179048554
2000-02-07,5140.0,5330.0,5040.0,5240.0,64140000,Samsung,5352.857142857143,,0.021442495126705596,0.035708811693739996
2000-02-08,5340.0,5480.0,5310.0,5430.0,58460000,Samsung,5297.142857142857,,0.03625954198473291,0.030867137906456236
2000-02-09,5560.0,5720.0,5480.0,5720.0,51050000,Samsung,5317.142857142857,,0.05340699815837935,0.03506538241710249
2000-02-10,5660.0,5880.0,5600.0,5760.0,61845000,Samsung,5380.0,,0.006993006993007089,0.027106926696943177
2000-02-11,5960.0,5960.0,5680.0,5700.0,34660000,Samsung,5444.285714285715,,-0.01041666666666663,0.026704322134428995
2000-02-14,5600.0,5660.0,5340.0,5380.0,44140000,Samsung,5480.0,5644.333333333333,-0.056140350877192935,0.03548810802937614
2000-02-15,5380.0,5420.0,5140.0,5200.0,38315000,Samsung,5490.0,5614.0,-0.03345724907063197,0.038748418903593325
2000-02-16,5180.0,5200.0,4780.0,5000.0,73115000,Samsung,5455.714285714285,5594.666666666667,-0.038461538461538436,0.04046621525626425
2000-02-17,4940.0,5100.0,4910.0,5080.0,65185000,Samsung,5405.714285714285,5576.666666666667,0.016000000000000014,0.03756249587218096
2000-02-18,5370.0,5630.0,5160.0,5300.0,108750000,Samsung,5345.714285714285,5568.666666666667,0.04330708661417315,0.03486913348489707
2000-02-21,5200.0,5260.0,5030.0,5070.0,26485000,Samsung,5247.142857142857,5545.333333333333,-0.04339622641509433,0.03588787154015887
2000-02-22,5000.0,5240.0,5000.0,5120.0,24180000,Samsung,5164.285714285715,5523.666666666667,0.009861932938856066,0.037344718602918894
2000-02-23,5220.0,5260.0,5100.0,5140.0,27720000,Samsung,5130.0,5504.333333333333,0.00390625,0.03284063803899316
2000-02-24,5120.0,5240.0,5060.0,5070.0,26075000,Samsung,5111.428571428572,5483.0,-0.013618677042801508,0.030876969654619623
2000-02-25,5080.0,5150.0,4980.0,5120.0,27875000,Samsung,5128.571428571428,5459.333333333333,0.009861932938856066,0.026814124792201237
2000-02-28,5000.0,5050.0,4800.0,4800.0,30140000,Samsung,5088.571428571428,5416.0,-0.0625,0.03574286044591198
2000-02-29,4900.0,5140.0,4840.0,5120.0,51820000,Samsung,5062.857142857143,5383.333333333333,0.06666666666666665,0.0418473666359188
2000-03-01,5120.0,5120.0,5120.0,5120.0,0,Samsung,5070.0,5355.333333333333,0.0,0.03811653203625459
2000-03-02,5880.0,5880.0,5520.0,5880.0,117750000,Samsung,5178.571428571428,5350.0,0.1484375,0.0675141802736048
2000-03-03,6200.0,6250.0,5880.0,6000.0,140990000,Samsung,5301.428571428572,5354.0,0.020408163265306145,0.06707099687497507
2000-03-06,6000.0,6050.0,5600.0,5640.0,39150000,Samsung,5382.857142857143,5352.0,-0.06000000000000005,0.07341805805225318
2000-03-07,5600.0,5640.0,5480.0,5620.0,30070000,Samsung,5454.285714285715,5358.0,-0.0035460992907800915,0.07382594087581543
2000-03-08,5520.0,6000.0,5500.0,5920.0,32460000,Samsung,5614.285714285715,5372.666666666667,0.053380782918149405,0.0659573646499394
2000-03-09,5970.0,5980.0,5620.0,5620.0,55890000,Samsung,5685.714285714285,5376.0,-0.05067567567567566,0.07049097056434622
2000-03-10,5790.0,5800.0,5520.0,5540.0,28605000,Samsung,5745.714285714285,5366.666666666667,-0.014234875444839812,0.07121190498123965
2000-03-13,5480.0,5490.0,5160.0,5180.0,32215000,Samsung,5645.714285714285,5353.333333333333,-0.06498194945848379,0.044397329038204855
2000-03-14,5170.0,5380.0,5160.0,5210.0,30060000,Samsung,5532.857142857143,5349.666666666667,0.005791505791505891,0.042648925313182595
2000-03-15,5200.0,5400.0,5120.0,5400.0,46105000,Samsung,5498.571428571428,5354.666666666667,0.03646833013435691,0.04284618767781808
2000-03-16,5480.0,5520.0,5360.0,5400.0,28795000,Samsung,5467.142857142857,5363.666666666667,0.0,0.04289269439513709
2000-03-17,5540.0,5560.0,5400.0,5480.0,24080000,Samsung,5404.285714285715,5375.333333333333,0.014814814814814836,0.03609888640366047
2000-03-20,5600.0,5710.0,5530.0,5660.0,26365000,Samsung,5410.0,5389.333333333333,0.03284671532846706,0.03432875840583896
2000-03-21,5700.0,5940.0,5610.0,5880.0,44925000,Samsung,5458.571428571428,5404.333333333333,0.03886925795053009,0.03608713873588591
2000-03-22,5960.0,6300.0,5880.0,6200.0,86975000,Samsung,5604.285714285715,5420.333333333333,0.054421768707483054,0.01974487192450581
2000-03-23,6480.0,6580.0,6200.0,6200.0,64950000,Samsung,5745.714285714285,5435.0,0.0,0.020832630986074175
2000-03-24,6320.0,7120.0,6180.0,6800.0,90260000,Samsung,5945.714285714285,5471.666666666667,0.09677419354838701,0.034309251462307025
2000-03-27,6960.0,7040.0,6700.0,6800.0,67730000,Samsung,6145.714285714285,5519.0,0.0,0.034309251462307025
2000-03-28,6900.0,7260.0,6820.0,7030.0,74425000,Samsung,6367.142857142857,5580.0,0.03382352941176481,0.03327805461830588
2000-03-29,7030.0,7680.0,6980.0,7660.0,78090000,Samsung,6652.857142857143,5668.666666666667,0.08961593172119486,0.03866975190418315
2000-03-30,7520.0,7560.0,7050.0,7050.0,74645000,Samsung,6820.0,5734.333333333333,-0.07963446475195823,0.06111665282556795
2000-03-31,6800.0,7070.0,6650.0,6700.0,63855000,Samsung,6891.428571428572,5781.0,-0.049645390070921946,0.06603701513331527
2000-04-03,6920.0,7320.0,6860.0,7100.0,56805000,Samsung,7020.0,5848.666666666667,0.05970149253731338,0.06790839620645166
2000-04-04,7000.0,7290.0,6660.0,6800.0,58340000,Samsung,7020.0,5904.666666666667,-0.04225352112676062,0.06233209362020303
2000-04-05,6800.0,6800.0,6800.0,6800.0,0,Samsung,7020.0,5960.0,0.0,0.06233209362020303
2000-04-06,6860.0,6960.0,6680.0,6680.0,47235000,Samsung,6970.0,6013.666666666667,-0.01764705882352946,0.060925318188840706
2000-04-07,6860.0,7260.0,6780.0,7200.0,42355000,Samsung,6904.285714285715,6083.0,0.07784431137724557,0.057945693032242174
2000-04-10,7500.0,7500.0,7200.0,7300.0,35885000,Samsung,6940.0,6166.333333333333,0.01388888888888884,0.04852436382073208
2000-04-11,7200.0,7200.0,6950.0,7100.0,29075000,Samsung,6997.142857142857,6232.333333333333,-0.0273972602739726,0.04486395524801512
2000-04-12,6960.0,7030.0,6860.0,6910.0,35250000,Samsung,6970.0,6292.0,-0.026760563380281654,0.0403008525622394
2000-04-13,6910.0,6910.0,6910.0,6910.0,0,Samsung,6985.714285714285,6326.333333333333,0.0,0.03645559028435166
2000-04-14,6600.0,6680.0,6260.0,6260.0,62365000,Samsung,6908.571428571428,6335.0,-0.09406657018813314,0.051791412556908126
2000-04-17,5420.0,5750.0,5340.0,5520.0,78050000,Samsung,6742.857142857143,6331.0,-0.11821086261980829,0.06605753533636287
2000-04-18,6200.0,6240.0,5860.0,6040.0,73730000,Samsung,6577.142857142857,6345.0,0.09420289855072461,0.07044423903681227
2000-04-19,6300.0,6460.0,5860.0,6000.0,60615000,Samsung,6391.428571428572,6347.666666666667,-0.0066225165562914245,0.0690859881155693
2000-04-20,5960.0,6160.0,5920.0,6020.0,37335000,Samsung,6237.142857142857,6361.0,0.0033333333333334103,0.06992044286673645
2000-04-21,6060.0,6180.0,5970.0,6050.0,26425000,Samsung,6114.285714285715,6378.0,0.004983388704318914,0.07052352468315133
2000-04-24,5970.0,6030.0,5760.0,5800.0,27830000,Samsung,5955.714285714285,6398.666666666667,-0.04132231404958675,0.07062928524843612
2000-04-25,5620.0,5760.0,5520.0,5640.0,34900000,Samsung,5867.142857142857,6413.0,-0.02758620689655178,0.06351842680076351
2000-04-26,5820.0,5860.0,5600.0,5600.0,39290000,Samsung,5878.571428571428,6419.666666666667,-0.007092198581560294,0.043620080472803344
2000-04-27,5520.0,5700.0,5400.0,5400.0,54110000,Samsung,5787.142857142857,6419.666666666667,-0.0357142857142857,0.018907316646577067
2000-04-28,5500.0,6100.0,5460.0,6000.0,75530000,Samsung,5787.142857142857,6437.0,0.11111111111111116,0.05190932474948711
2000-05-01,6000.0,6000.0,6000.0,6000.0,0,Samsung,5784.285714285715,6448.333333333333,0.0,0.05190073074850888
2000-05-02,6200.0,6530.0,6120.0,6280.0,72335000,Samsung,5817.142857142857,6461.666666666667,0.046666666666666634,0.05479459741709372
2000-05-03,6240.0,6260.0,6090.0,6180.0,26585000,Samsung,5871.428571428572,6461.0,-0.015923566878980888,0.05185603392299336
2000-05-04,6220.0,6360.0,6140.0,6180.0,26100000,Samsung,5948.571428571428,6460.333333333333,0.0,0.04949971901178315
2000-05-05,6180.0,6180.0,6180.0,6180.0,0,Samsung,6031.428571428572,6439.666666666667,0.0,0.04906312870177896
2000-05-08,6400.0,6700.0,6300.0,6560.0,52695000,Samsung,6197.142857142857,6431.666666666667,0.06148867313915862,0.04591835077404252
2000-05-09,6560.0,6560.0,6560.0,6560.0,0,Samsung,6277.142857142857,6416.0,0.0,0.028858712826937475
2000-05-10,6320.0,6390.0,6270.0,6350.0,27620000,Samsung,6327.142857142857,6372.333333333333,-0.03201219512195119,0.03346370802293976
2000-05-11,6350.0,6350.0,6350.0,6350.0,0,Samsung,6337.142857142857,6349.0,0.0,0.0289624968509385
2000-05-12,6420.0,6440.0,6160.0,6160.0,47170000,Samsung,6334.285714285715,6331.0,-0.0299212598425197,0.030824479151994846
2000-05-15,6290.0,6530.0,6220.0,6440.0,47120000,Samsung,6371.428571428572,6309.0,0.045454545454545414,0.0353025584382189
2000-05-16,6510.0,6800.0,6510.0,6800.0,39620000,Samsung,6460.0,6309.0,0.05590062111801242,0.03965941181686333
2000-05-17,7000.0,7340.0,6920.0,6920.0,76235000,Samsung,6511.428571428572,6313.0,0.01764705882352935,0.03405195233683722
2000-05-18,6740.0,7000.0,6680.0,6800.0,36580000,Samsung,6545.714285714285,6317.0,-0.017341040462427793,0.03534995893249399
2000-05-19,6740.0,6900.0,6600.0,6900.0,41450000,Samsung,6624.285714285715,6307.0,0.014705882352941124,0.031217293106177102
2000-05-22,6720.0,6830.0,6620.0,6670.0,36385000,Samsung,6670.0,6286.0,-0.033333333333333326,0.03564358448555206
2000-05-23,6500.0,6700.0,6350.0,6380.0,41290000,Samsung,6701.428571428572,6262.0,-0.04347826086956519,0.03829129452479186
2000-05-24,6160.0,6370.0,5920.0,6200.0,72150000,Samsung,6667.142857142857,6238.333333333333,-0.028213166144200663,0.03555392813751476
2000-05-25,6330.0,6380.0,5930.0,6000.0,85965000,Samsung,6552.857142857143,6208.0,-0.032258064516129004,0.02425795145590668
2000-05-26,5900.0,5990.0,5600.0,5600.0,67100000,Samsung,6364.285714285715,6186.0,-0.06666666666666665,0.024841864871380258
2000-05-29,5260.0,5680.0,5240.0,5460.0,67130000,Samsung,6172.857142857143,6184.0,-0.025000000000000022,0.02438084636373901
2000-05-30,5460.0,5460.0,5460.0,5460.0,0,Samsung,5967.142857142857,6164.666666666667,0.0,0.020079894994884336
2000-05-31,6000.0,6290.0,5960.0,6160.0,83935000,Samsung,5894.285714285715,6170.0,0.1282051282051282,0.06401008493875558
2000-06-01,6200.0,6410.0,6120.0,6300.0,50230000,Samsung,5882.857142857143,6179.333333333333,0.022727272727272707,0.06305934524356803
2000-06-02,6690.0,6900.0,6510.0,6620.0,84385000,Samsung,5942.857142857143,6198.333333333333,0.050793650793650835,0.0642629820513867
2000-06-05,6920.0,6980.0,6680.0,6740.0,48010000,Samsung,6048.571428571428,6229.666666666667,0.01812688821752273,0.061351064430217005
2000-06-06,6740.0,6740.0,6740.0,6740.0,0,Samsung,6211.428571428572,6266.333333333333,0.0,0.05010440809025061
2000-06-07,6600.0,6980.0,6510.0,6800.0,53365000,Samsung,6402.857142857143,6306.333333333333,0.008902077151335286,0.04558025654061395
2000-06-08,6660.0,6960.0,6530.0,6530.0,58550000,Samsung,6555.714285714285,6344.0,-0.039705882352941146,0.05230011681183538
2000-06-09,6600.0,7040.0,6530.0,7020.0,63860000,Samsung,6678.571428571428,6378.0,0.07503828483920372,0.03668319859022783
2000-06-12,7200.0,7280.0,7030.0,7190.0,49515000,Samsung,6805.714285714285,6417.666666666667,0.024216524216524205,0.036709941117269974
2000-06-13,7060.0,7100.0,6870.0,7060.0,42495000,Samsung,6868.571428571428,6443.666666666667,-0.018080667593880384,0.036189813981577564
2000-06-14,7230.0,7640.0,7090.0,7640.0,63020000,Samsung,6997.142857142857,6492.333333333333,0.0821529745042493,0.04553403817924673
2000-06-15,7560.0,7560.0,7000.0,7000.0,61225000,Samsung,7034.285714285715,6519.666666666667,-0.08376963350785338,0.060037212650314226
2000-06-16,6900.0,6960.0,6710.0,6740.0,66455000,Samsung,7025.714285714285,6538.333333333333,-0.037142857142857144,0.062270456132119366
2000-06-19,6600.0,6950.0,6550.0,6700.0,53560000,Samsung,7050.0,6543.0,-0.005934718100890191,0.05991001344209236
2000-06-20,6940.0,7180.0,6830.0,7140.0,59790000,Samsung,7067.142857142857,6562.333333333333,0.06567164179104479,0.05816982624600726
2000-06-21,7300.0,7380.0,7070.0,7080.0,37585000,Samsung,7051.428571428572,6586.666666666667,-0.008403361344537785,0.0575720348082624
2000-06-22,7240.0,7270.0,6960.0,7040.0,33635000,Samsung,7048.571428571428,6609.666666666667,-0.005649717514124242,0.05713977931882486
2000-06-23,6980.0,7010.0,6860.0,7000.0,29215000,Samsung,6957.142857142857,6637.666666666667,-0.005681818181818232,0.04461788291757002
2000-06-26,7100.0,7360.0,6990.0,7210.0,39980000,Samsung,6987.142857142857,6663.333333333333,0.030000000000000027,0.0331867183960822
2000-06-27,7320.0,7440.0,7190.0,7310.0,45535000,Samsung,7068.571428571428,6680.333333333333,0.01386962552011095,0.02759906027651354
2000-06-28,7220.0,7540.0,7220.0,7520.0,47295000,Samsung,7185.714285714285,6700.333333333333,0.028727770177838563,0.026950704678107385
2000-06-29,7600.0,7740.0,7380.0,7490.0,61120000,Samsung,7235.714285714285,6723.333333333333,-0.003989361702127714,0.016966432199227777
2000-06-30,7440.0,7540.0,7290.0,7380.0,35250000,Samsung,7278.571428571428,6739.333333333333,-0.014686248331108098,0.018047722773199836
2000-07-03,7440.0,7550.0,7420.0,7500.0,25975000,Samsung,7344.285714285715,6767.0,0.016260162601626105,0.01756703498093817
2000-07-04,7600.0,7620.0,7350.0,7350.0,32810000,Samsung,7394.285714285715,6799.333333333333,-0.020000000000000018,0.020223329056326407
2000-07-05,7390.0,7520.0,7350.0,7430.0,24895000,Samsung,7425.714285714285,6840.333333333333,0.010884353741496655,0.017768139294155057
2000-07-06,7240.0,7350.0,7180.0,7300.0,60340000,Samsung,7424.285714285715,6883.666666666667,-0.01749663526244949,0.018911491710611395
2000-07-07,7340.0,7460.0,7230.0,7360.0,40580000,Samsung,7401.428571428572,6942.333333333333,0.008219178082191858,0.014867714089914226
2000-07-10,7440.0,7630.0,7410.0,7600.0,42505000,Samsung,7417.142857142857,7013.666666666667,0.032608695652173836,0.019999777490806777
2000-07-11,7580.0,7740.0,7450.0,7450.0,34945000,Samsung,7427.142857142857,7080.0,-0.019736842105263164,0.02078839521691101
2000-07-12,7520.0,7660.0,7460.0,7640.0,40140000,Samsung,7447.142857142857,7129.333333333333,0.025503355704697972,0.022129944872881266
2000-07-13,7700.0,7880.0,7570.0,7760.0,48805000,Samsung,7505.714285714285,7178.0,0.015706806282722585,0.019996311142410964
2000-07-14,7780.0,7840.0,7540.0,7550.0,30425000,Samsung,7522.857142857143,7209.0,-0.027061855670103108,0.02384342719363595
2000-07-17,7550.0,7550.0,7550.0,7550.0,0,Samsung,7558.571428571428,7236.0,0.0,0.02225792833345576
2000-07-18,7550.0,7620.0,7440.0,7460.0,19605000,Samsung,7572.857142857143,7260.0,-0.01192052980132452,0.02306464352688333
2000-07-19,7550.0,7620.0,7440.0,7460.0,19605000,Samsung,7552.857142857143,7282.0,0.0,0.018785258295882488
2000-07-20,7060.0,7110.0,6840.0,6900.0,40315000,Samsung,7474.285714285715,7294.333333333333,-0.07506702412868638,0.033288360127819126
2000-07-21,6960.0,7050.0,6760.0,6920.0,48395000,Samsung,7371.428571428572,7291.0,0.0028985507246377384,0.03017515477774225
2000-07-24,6640.0,6740.0,6360.0,6380.0,49015000,Samsung,7174.285714285715,7264.0,-0.0780346820809249,0.03534187848430972
2000-07-25,6310.0,6400.0,6120.0,6280.0,56735000,Samsung,6992.857142857143,7238.0,-0.01567398119122254,0.035601129604274806
2000-07-26,6400.0,6580.0,6360.0,6550.0,54745000,Samsung,6850.0,7201.666666666667,0.04299363057324834,0.04353748959779202
2000-07-27,6220.0,6360.0,6100.0,6230.0,43540000,Samsung,6674.285714285715,7176.0,-0.04885496183206106,0.04472203318743593
2000-07-28,5800.0,5910.0,5710.0,5730.0,83035000,Samsung,6427.142857142857,7142.333333333333,-0.0802568218298555,0.047580285047423586
2000-07-31,5730.0,5910.0,5550.0,5900.0,46615000,Samsung,6284.285714285715,7115.666666666667,0.029668411867364686,0.04966923102556519
2000-08-01,5960.0,6270.0,5870.0,6220.0,53120000,Samsung,6184.285714285715,7085.0,0.05423728813559325,0.057036525935423854
2000-08-02,6100.0,6170.0,5930.0,6070.0,37190000,Samsung,6140.0,7051.333333333333,-0.024115755627009627,0.0501224038048477
2000-08-03,6180.0,6180.0,5970.0,6030.0,27815000,Samsung,6104.285714285715,7017.666666666667,-0.00658978583196046,0.04994749051844401
2000-08-04,5930.0,6010.0,5850.0,5920.0,23605000,Samsung,6014.285714285715,6981.666666666667,-0.018242122719734688,0.04535271859203726
2000-08-07,5740.0,5770.0,5580.0,5580.0,28765000,Samsung,5921.428571428572,6927.333333333333,-0.057432432432432456,0.046568297386355394
2000-08-08,5660.0,5750.0,5570.0,5580.0,33475000,Samsung,5900.0,6869.666666666667,0.0,0.0365285172644824
2000-08-09,5680.0,6040.0,5680.0,6000.0,39570000,Samsung,5914.285714285715,6819.0,0.07526881720430101,0.0461644358003581
2000-08-10,6000.0,6160.0,5860.0,6160.0,40830000,Samsung,5905.714285714285,6774.666666666667,0.026666666666666616,0.04209104844351249
2000-08-11,6000.0,6070.0,5880.0,5960.0,33840000,Samsung,5890.0,6727.333333333333,-0.03246753246753242,0.0429766190705017
2000-08-14,6060.0,6160.0,6000.0,6020.0,23730000,Samsung,5888.571428571428,6678.0,0.010067114093959662,0.04312988844645835
2000-08-15,6020.0,6020.0,6020.0,6020.0,0,Samsung,5902.857142857143,6633.666666666667,0.0,0.042349120841336685
2000-08-16,6500.0,6530.0,6330.0,6420.0,51915000,Samsung,6022.857142857143,6600.0,0.06644518272425248,0.03851977139700561
2000-08-17,6480.0,6560.0,6340.0,6440.0,36345000,Samsung,6145.714285714285,6571.333333333333,0.0031152647975076775,0.03825576586102722
2000-08-18,6500.0,6520.0,6200.0,6200.0,21370000,Samsung,6174.285714285715,6532.666666666667,-0.037267080745341574,0.03532977359779746
2000-08-21,6200.0,6340.0,6190.0,6270.0,20950000,Samsung,6190.0,6488.333333333333,0.011290322580645107,0.034235354289002054
2000-08-22,6260.0,6470.0,6240.0,6460.0,27710000,Samsung,6261.428571428572,6455.333333333333,0.030303030303030276,0.03150053436167924
2000-08-23,6450.0,6450.0,6160.0,6190.0,27905000,Samsung,6285.714285714285,6407.0,-0.04179566563467496,0.03754776023508188
2000-08-24,6260.0,6300.0,6100.0,6220.0,31700000,Samsung,6314.285714285715,6355.666666666667,0.004846526655896577,0.03749378144326644
2000-08-25,6180.0,6400.0,6110.0,6400.0,21960000,Samsung,6311.428571428572,6317.333333333333,0.02893890675241151,0.0290174252820864
2000-08-28,6340.0,6380.0,6260.0,6330.0,17630000,Samsung,6295.714285714285,6276.666666666667,-0.010937500000000044,0.02924464349803022
2000-08-29,6320.0,6380.0,6160.0,6220.0,16765000,Samsung,6298.571428571428,6235.333333333333,-0.017377567140600347,0.02604872344651365
2000-08-30,6140.0,6190.0,6020.0,6030.0,23735000,Samsung,6264.285714285715,6187.666666666667,-0.030546623794212246,0.027957601430703347
2000-08-31,5900.0,5900.0,5380.0,5470.0,114120000,Samsung,6122.857142857143,6140.0,-0.09286898839137647,0.038604560143326146
2000-09-01,5540.0,5600.0,5420.0,5540.0,49955000,Samsung,6030.0,6094.0,0.01279707495429605,0.03963294080852419
2000-09-04,5440.0,5550.0,5310.0,5340.0,28625000,Samsung,5904.285714285715,6059.333333333333,-0.03610108303249093,0.03923163696640176
2000-09-05,5260.0,5340.0,5030.0,5150.0,79765000,Samsung,5725.714285714285,6021.666666666667,-0.035580524344569264,0.03259707102865794
2000-09-06,5200.0,5280.0,5090.0,5150.0,53120000,Samsung,5557.142857142857,5975.0,0.0,0.03390395263239894
2000-09-07,4940.0,4980.0,4760.0,4790.0,83905000,Samsung,5352.857142857143,5927.0,-0.06990291262135917,0.03672093737068868
2000-09-08,4900.0,4930.0,4790.0,4880.0,57170000,Samsung,5188.571428571428,5898.666666666667,0.018789144050104456,0.04226468160630397
2000-09-11,4880.0,4880.0,4880.0,4880.0,0,Samsung,5104.285714285715,5864.666666666667,0.0,0.03225925740923359
2000-09-12,4880.0,4880.0,4880.0,4880.0,0,Samsung,5010.0,5820.0,0.0,0.03069910534471949
2000-09-13,4880.0,4880.0,4880.0,4880.0,0,Samsung,4944.285714285715,5780.333333333333,0.0,0.030087989794166103
2000-09-14,4600.0,4710.0,4440.0,4710.0,106130000,Samsung,4881.428571428572,5736.333333333333,-0.0348360655737705,0.029993503325386046
2000-09-15,4500.0,4620.0,4300.0,4350.0,82695000,Samsung,4767.142857142857,5684.0,-0.07643312101910826,0.03770086961717435
2000-09-18,4010.0,4120.0,3700.0,3970.0,146305000,Samsung,4650.0,5630.333333333333,-0.08735632183908049,0.041672478218131984
2000-09-19,3990.0,4370.0,3900.0,4160.0,100525000,Samsung,4547.142857142857,5583.0,0.04785894206549113,0.04783645097171357
2000-09-20,4600.0,4660.0,4460.0,4600.0,103410000,Samsung,4507.142857142857,5536.333333333333,0.10576923076923084,0.06816042042256468
2000-09-21,4590.0,4660.0,4320.0,4400.0,65445000,Samsung,4438.571428571428,5477.666666666667,-0.04347826086956519,0.0694458928693994
2000-09-22,3840.0,4050.0,3780.0,3800.0,103265000,Samsung,4284.285714285715,5405.666666666667,-0.13636363636363635,0.08309422152514788
2000-09-25,3880.0,4110.0,3840.0,4090.0,65985000,Samsung,4195.714285714285,5341.333333333333,0.07631578947368411,0.09256876258805119
2000-09-26,3900.0,4040.0,3900.0,4000.0,58430000,Samsung,4145.714285714285,5274.0,-0.022004889975550168,0.08888268212745817
2000-09-27,4000.0,4100.0,3960.0,4030.0,69795000,Samsung,4154.285714285715,5194.333333333333,0.007500000000000062,0.0817990945478486
2000-09-28,4100.0,4190.0,4030.0,4060.0,52470000,Samsung,4140.0,5115.0,0.007444168734491274,0.07967558766074975
2000-09-29,4120.0,4120.0,3940.0,4040.0,57535000,Samsung,4060.0,5043.0,-0.0049261083743842304,0.06458001578270041
2000-10-02,3840.0,3880.0,3760.0,3810.0,41120000,Samsung,3975.714285714286,4961.0,-0.05693069306930698,0.06570690314606742
2000-10-03,3810.0,3810.0,3810.0,3810.0,0,Samsung,3977.1428571428573,4872.666666666667,0.0,0.04016119959607475
2000-10-04,3700.0,3950.0,3590.0,3890.0,82635000,Samsung,3948.5714285714284,4796.0,0.0209973753280841,0.025736136438291386
2000-10-05,4020.0,4080.0,3940.0,3940.0,62745000,Samsung,3940.0,4720.0,0.01285347043701801,0.025686457460684296
2000-10-06,3800.0,3900.0,3760.0,3900.0,54935000,Samsung,3921.4285714285716,4636.666666666667,-0.010152284263959421,0.025479375556457375
2000-10-09,3820.0,3840.0,3680.0,3690.0,63195000,Samsung,3868.5714285714284,4548.666666666667,-0.05384615384615388,0.03072645612507302
2000-10-10,3700.0,3810.0,3590.0,3660.0,62145000,Samsung,3814.285714285714,4463.333333333333,-0.008130081300813052,0.030607278773197244
2000-10-11,3450.0,3460.0,3210.0,3220.0,103605000,Samsung,3730.0,4369.666666666667,-0.1202185792349727,0.04922475745631427
2000-10-12,3140.0,3280.0,3140.0,3140.0,79535000,Samsung,3634.285714285714,4292.0,-0.024844720496894457,0.04820521458967565
2000-10-13,3000.0,3090.0,2830.0,3030.0,115295000,Samsung,3511.4285714285716,4208.333333333333,-0.035031847133757954,0.04348437038208455
2000-10-16,3030.0,3030.0,3030.0,3030.0,0,Samsung,3381.4285714285716,4131.333333333333,0.0,0.0413873199314227
2000-10-17,2980.0,3080.0,2730.0,2740.0,65300000,Samsung,3215.714285714286,4051.0,-0.09570957095709576,0.044950715833706356
2000-10-18,2540.0,2760.0,2420.0,2730.0,164215000,Samsung,3078.5714285714284,3970.3333333333335,-0.0036496350364964014,0.0478221790912581
2000-10-19,2730.0,3050.0,2690.0,2900.0,137720000,Samsung,2970.0,3907.3333333333335,0.06227106227106227,0.061386691598818266
2000-10-20,3240.0,3330.0,3190.0,3330.0,118825000,Samsung,2985.714285714286,3855.6666666666665,0.14827586206896548,0.07800152729043366
2000-10-23,3490.0,3520.0,3160.0,3200.0,139960000,Samsung,2994.285714285714,3799.6666666666665,-0.03903903903903905,0.07915336031878432
2000-10-24,3180.0,3420.0,3100.0,3340.0,97115000,Samsung,3038.5714285714284,3748.3333333333335,0.043749999999999956,0.07805579011498137
2000-10-25,3200.0,3260.0,3130.0,3210.0,68730000,Samsung,3064.285714285714,3692.6666666666665,-0.038922155688622784,0.080770887857307
2000-10-26,2930.0,3030.0,2740.0,2890.0,133290000,Samsung,3085.714285714286,3632.0,-0.09968847352024923,0.08165612370666393
2000-10-27,2890.0,2890.0,2890.0,2890.0,0,Samsung,3108.5714285714284,3583.3333333333335,0.0,0.0815628531507112
2000-10-30,2800.0,2880.0,2720.0,2750.0,36830000,Samsung,3087.1428571428573,3542.6666666666665,-0.04844290657439443,0.0806819785075127
2000-10-31,2750.0,2850.0,2630.0,2850.0,63190000,Samsung,3018.5714285714284,3499.0,0.036363636363636376,0.050852072915697884
2000-11-01,3000.0,3270.0,2960.0,3260.0,94165000,Samsung,3027.1428571428573,3454.3333333333335,0.14385964912280702,0.07909560919191383
2000-11-02,3200.0,3430.0,3170.0,3320.0,123180000,Samsung,3024.285714285714,3418.3333333333335,0.018404907975460016,0.07760686774735703
2000-11-03,3420.0,3470.0,3370.0,3440.0,80420000,Samsung,3057.1428571428573,3406.3333333333335,0.03614457831325302,0.07623997280194546
2000-11-06,3460.0,3670.0,3380.0,3510.0,71865000,Samsung,3145.714285714286,3387.0,0.02034883720930236,0.05819733132945984
2000-11-07,3460.0,3550.0,3380.0,3440.0,53740000,Samsung,3224.285714285714,3368.3333333333335,-0.019943019943019946,0.06033260449517443
2000-11-08,3400.0,3460.0,3280.0,3410.0,58215000,Samsung,3318.5714285714284,3347.6666666666665,-0.008720930232558155,0.053579823138592726
2000-11-09,3300.0,3430.0,3260.0,3400.0,52305000,Samsung,3397.1428571428573,3325.6666666666665,-0.0029325513196480912,0.05512564618140479
2000-11-10,3360.0,3440.0,3320.0,3380.0,35140000,Samsung,3414.285714285714,3303.6666666666665,-0.00588235294117645,0.019900569525403963
2000-11-13,3220.0,3260.0,3100.0,3150.0,51070000,Samsung,3390.0,3281.6666666666665,-0.06804733727810652,0.03297591901583631
2000-11-14,3210.0,3320.0,3210.0,3290.0,31755000,Samsung,3368.5714285714284,3264.3333333333335,0.04444444444444451,0.034880224220499315
2000-11-15,3450.0,3460.0,3320.0,3390.0,55720000,Samsung,3351.4285714285716,3247.6666666666665,0.03039513677811545,0.0363136101327555
2000-11-16,3400.0,3420.0,3250.0,3280.0,37420000,Samsung,3328.5714285714284,3225.6666666666665,-0.03244837758112096,0.03749502249239875
2000-11-17,3180.0,3230.0,3150.0,3220.0,36225000,Samsung,3301.4285714285716,3203.0,-0.018292682926829285,0.03777701844190882
2000-11-20,3160.0,3210.0,3100.0,3100.0,26795000,Samsung,3258.5714285714284,3183.3333333333335,-0.037267080745341574,0.0392785790185246
2000-11-21,3080.0,3170.0,2970.0,3160.0,51620000,Samsung,3227.1428571428573,3166.6666666666665,0.019354838709677358,0.04109722875927889
2000-11-22,3100.0,3220.0,3080.0,3140.0,37710000,Samsung,3225.714285714286,3164.0,-0.006329113924050667,0.03185956762446466
2000-11-23,3140.0,3260.0,3140.0,3210.0,44645000,Samsung,3214.285714285714,3166.3333333333335,0.022292993630573354,0.02751017722478408
2000-11-24,3310.0,3400.0,3270.0,3400.0,45530000,Samsung,3215.714285714286,3178.6666666666665,0.05919003115264787,0.03460593093899338
2000-11-27,3600.0,3800.0,3570.0,3780.0,100220000,Samsung,3287.1428571428573,3203.6666666666665,0.11176470588235299,0.050637546320827245
2000-11-28,3650.0,3650.0,3500.0,3520.0,59770000,Samsung,3330.0,3229.6666666666665,-0.06878306878306883,0.059988111927042946
2000-11-29,3300.0,3350.0,3200.0,3220.0,54300000,Samsung,3347.1428571428573,3246.0,-0.08522727272727271,0.0689336010720672
2000-11-30,3220.0,3290.0,3150.0,3240.0,63315000,Samsung,3358.5714285714284,3257.3333333333335,0.006211180124223503,0.06873451706435406
2000-12-01,3080.0,3220.0,3040.0,3180.0,96425000,Samsung,3364.285714285714,3252.3333333333335,-0.01851851851851849,0.06923931414608592
2000-12-04,3220.0,3250.0,3080.0,3100.0,51875000,Samsung,3348.5714285714284,3249.0,-0.02515723270440251,0.06945484688739595
2000-12-05,3160.0,3250.0,3120.0,3240.0,58400000,Samsung,3325.714285714286,3245.6666666666665,0.04516129032258065,0.06753958420093928
2000-12-06,3410.0,3430.0,3210.0,3210.0,95890000,Samsung,3244.285714285714,3245.6666666666665,-0.0092592592592593,0.0441152185136213
2000-12-07,3210.0,3260.0,3160.0,3260.0,43020000,Samsung,3207.1428571428573,3258.0,0.015576323987538832,0.0406642890314929
2000-12-08,3260.0,3390.0,3260.0,3370.0,47575000,Samsung,3228.5714285714284,3274.0,0.033742331288343586,0.02644187591172623
2000-12-11,3480.0,3630.0,3480.0,3580.0,70575000,Samsung,3277.1428571428573,3301.6666666666665,0.06231454005934722,0.03372535277859954
2000-12-12,3580.0,3650.0,3500.0,3500.0,73745000,Samsung,3322.8571428571427,3323.3333333333335,-0.022346368715083775,0.03438099312117748
2000-12-13,3500.0,3780.0,3500.0,3780.0,84140000,Samsung,3420.0,3340.6666666666665,0.08000000000000007,0.03713548779967656
2000-12-14,3620.0,3680.0,3560.0,3620.0,66965000,Samsung,3474.285714285714,3350.6666666666665,-0.042328042328042326,0.04483674177969365
2000-12-15,3620.0,3640.0,3480.0,3490.0,52960000,Samsung,3514.285714285714,3352.3333333333335,-0.035911602209944715,0.048409207415786824
2000-12-18,3500.0,3590.0,3490.0,3560.0,34350000,Samsung,3557.1428571428573,3354.0,0.02005730659025784,0.04847842723416177
2000-12-19,3560.0,3570.0,3510.0,3530.0,25445000,Samsung,3580.0,3357.0,-0.008426966292134797,0.048184263269918884
2000-12-20,3420.0,3450.0,3320.0,3340.0,53675000,Samsung,3545.714285714286,3354.6666666666665,-0.053824362606232246,0.046166348317289906
2000-12-21,3120.0,3300.0,3070.0,3240.0,76625000,Samsung,3508.5714285714284,3349.3333333333335,-0.029940119760479056,0.04662008283056441
2000-12-22,3240.0,3300.0,3130.0,3140.0,63760000,Samsung,3417.1428571428573,3341.3333333333335,-0.030864197530864224,0.02452287704666187
2000-12-25,3140.0,3140.0,3140.0,3140.0,0,Samsung,3348.5714285714284,3341.0,0.0,0.02500818710350295
2000-12-26,3230.0,3240.0,3160.0,3160.0,60430000,Samsung,3301.4285714285716,3336.6666666666665,0.006369426751592355,0.025580175468933992
2000-12-27,3160.0,3160.0,3160.0,3160.0,0,Samsung,3244.285714285714,3329.0,0.0,0.022032394976440252
2000-12-28,3160.0,3160.0,3160.0,3160.0,0,Samsung,3191.4285714285716,3325.0,0.0,0.022775520265618753
2000-12-29,3160.0,3160.0,3160.0,3160.0,0,Samsung,3165.714285714286,3323.0,0.0,0.015632609457861466
2001-01-01,3160.0,3160.0,3160.0,3160.0,0,Samsung,3154.285714285714,3325.0,0.0,0.012298068188451406
2001-01-02,3160.0,3380.0,3140.0,3350.0,39455000,Samsung,3184.285714285714,3331.3333333333335,0.06012658227848111,0.022450320412665415
2001-01-03,3230.0,3420.0,3220.0,3370.0,37855000,Samsung,3217.1428571428573,3339.0,0.005970149253731405,0.02214055916929128
2001-01-04,3790.0,3870.0,3660.0,3780.0,119910000,Samsung,3305.714285714286,3358.0,0.12166172106824935,0.04728679573580746
2001-01-05,3760.0,3920.0,3700.0,3900.0,78135000,Samsung,3411.4285714285716,3374.6666666666665,0.031746031746031855,0.045784020849543264
2001-01-08,3820.0,3910.0,3780.0,3880.0,42295000,Samsung,3514.285714285714,3378.0,-0.00512820512820511,0.04640621230682078
2001-01-09,3830.0,3860.0,3710.0,3840.0,46280000,Samsung,3611.4285714285716,3388.6666666666665,-0.010309278350515427,0.047686064525490734
2001-01-10,3780.0,3810.0,3700.0,3710.0,41235000,Samsung,3690.0,3405.0,-0.03385416666666663,0.05259911632841931
2001-01-11,3790.0,3790.0,3640.0,3640.0,31410000,Samsung,3731.4285714285716,3418.3333333333335,-0.018867924528301883,0.052107304590084925
2001-01-12,3800.0,3890.0,3770.0,3840.0,52900000,Samsung,3798.5714285714284,3440.3333333333335,0.05494505494505497,0.054245264301591024
2001-01-15,3860.0,4020.0,3840.0,3920.0,51460000,Samsung,3818.5714285714284,3467.6666666666665,0.02083333333333326,0.03128926894594941
2001-01-16,3960.0,4200.0,3850.0,4140.0,52065000,Samsung,3852.8571428571427,3497.6666666666665,0.05612244897959173,0.0357234231808358
2001-01-17,4060.0,4240.0,4060.0,4220.0,52570000,Samsung,3901.4285714285716,3531.3333333333335,0.019323671497584627,0.035292486646821594
2001-01-18,4240.0,4530.0,4240.0,4400.0,57685000,Samsung,3981.4285714285716,3569.3333333333335,0.042654028436019065,0.03523998871189043
2001-01-19,4700.0,4700.0,4520.0,4600.0,54245000,Samsung,4108.571428571428,3610.3333333333335,0.045454545454545414,0.026689716139887305
2001-01-22,4600.0,4600.0,4470.0,4550.0,42250000,Samsung,4238.571428571428,3642.6666666666665,-0.010869565217391353,0.024232342148675205
2001-01-23,4550.0,4550.0,4550.0,4550.0,0,Samsung,4340.0,3677.6666666666665,0.0,0.024696672990334394
2001-01-24,4550.0,4550.0,4550.0,4550.0,0,Samsung,4430.0,3703.3333333333335,0.0,0.026446077798959244
2001-01-25,4550.0,4550.0,4550.0,4550.0,0,Samsung,4488.571428571428,3734.3333333333335,0.0,0.022527699249226985
2001-01-26,4450.0,4480.0,3970.0,3980.0,91025000,Samsung,4454.285714285715,3750.6666666666665,-0.12527472527472527,0.056815128880009315
2001-01-29,4000.0,4100.0,3960.0,4020.0,47245000,Samsung,4400.0,3766.0,0.01005025125628145,0.05330738903865206
2001-01-30,4100.0,4170.0,4070.0,4110.0,39350000,Samsung,4330.0,3785.3333333333335,0.02238805970149249,0.049795780292184975
2001-01-31,4090.0,4400.0,4090.0,4400.0,53045000,Samsung,4308.571428571428,3820.6666666666665,0.07055961070559613,0.05944711166489306
2001-02-01,4270.0,4420.0,4190.0,4270.0,39730000,Samsung,4268.571428571428,3855.0,-0.02954545454545454,0.06022725381959124
2001-02-02,4290.0,4390.0,4220.0,4290.0,27330000,Samsung,4231.428571428572,3893.3333333333335,0.004683840749414525,0.060349105983285356
2001-02-05,4170.0,4200.0,3990.0,4030.0,47135000,Samsung,4157.142857142857,3923.0,-0.06060606060606055,0.06348780025924293
2001-02-06,3980.0,4020.0,3910.0,4010.0,31545000,Samsung,4161.428571428572,3951.3333333333335,-0.00496277915632759,0.04113174848717563
2001-02-07,3960.0,3990.0,3900.0,3900.0,23130000,Samsung,4144.285714285715,3976.0,-0.027431421446383997,0.042301081209116215
2001-02-08,3920.0,4060.0,3890.0,4060.0,34685000,Samsung,4137.142857142857,4006.0,0.0410256410256411,0.04472361936513108
2001-02-09,4040.0,4100.0,3980.0,4070.0,25230000,Samsung,4090.0,4036.3333333333335,0.0024630541871921707,0.03225950260934351
2001-02-12,3840.0,4050.0,3840.0,3970.0,36110000,Samsung,4047.1428571428573,4063.3333333333335,-0.02457002457002455,0.03182502725678047
2001-02-13,4040.0,4100.0,3970.0,3980.0,22295000,Samsung,4002.8571428571427,4084.3333333333335,0.0025188916876575096,0.03166966104236701
2001-02-14,3920.0,4040.0,3900.0,3980.0,19710000,Samsung,3995.714285714286,4104.666666666667,0.0,0.02258009129206388
2001-02-15,4200.0,4210.0,4100.0,4130.0,34930000,Samsung,4012.8571428571427,4116.333333333333,0.03768844221105527,0.026859497644434786
2001-02-16,4150.0,4310.0,4130.0,4250.0,46375000,Samsung,4062.8571428571427,4128.0,0.029055690072639306,0.023989559638679082
2001-02-19,4180.0,4210.0,4100.0,4190.0,22880000,Samsung,4081.4285714285716,4138.333333333333,-0.014117647058823568,0.02207609401216078
2001-02-20,4190.0,4280.0,4180.0,4240.0,18175000,Samsung,4105.714285714285,4151.666666666667,0.01193317422434359,0.02220454934088288
2001-02-21,4160.0,4200.0,4140.0,4160.0,19500000,Samsung,4132.857142857143,4166.666666666667,-0.018867924528301883,0.020962927636245476
2001-02-22,4080.0,4100.0,3940.0,4010.0,43605000,Samsung,4137.142857142857,4179.0,-0.03605769230769229,0.02661220554599478
2001-02-23,3920.0,3970.0,3830.0,3840.0,76855000,Samsung,4117.142857142857,4179.0,-0.04239401496259354,0.0313752878378819
2001-02-26,3850.0,3860.0,3780.0,3840.0,35665000,Samsung,4075.714285714286,4176.333333333333,0.0,0.02559411706511535
2001-02-27,3840.0,3940.0,3790.0,3790.0,38695000,Samsung,4010.0,4164.666666666667,-0.01302083333333337,0.018955305241676
2001-02-28,3700.0,3780.0,3700.0,3740.0,28715000,Samsung,3945.714285714286,4148.666666666667,-0.01319261213720313,0.018974440054620827
2001-03-01,3740.0,3740.0,3740.0,3740.0,0,Samsung,3874.285714285714,4126.666666666667,0.0,0.016416126230002662
2001-03-02,3700.0,3700.0,3580.0,3610.0,44500000,Samsung,3795.714285714286,4093.6666666666665,-0.03475935828877008,0.01766438049605979
2001-03-05,3530.0,3720.0,3530.0,3720.0,24620000,Samsung,3754.285714285714,4066.0,0.030470914127423754,0.02421574242523737
2001-03-06,3820.0,3850.0,3760.0,3800.0,25500000,Samsung,3748.5714285714284,4041.0,0.021505376344086002,0.022102773051244907
2001-03-07,3960.0,4010.0,3900.0,4000.0,52640000,Samsung,3771.4285714285716,4022.6666666666665,0.05263157894736836,0.030113226104225628
2001-03-08,3950.0,4010.0,3910.0,4010.0,31360000,Samsung,3802.8571428571427,4004.6666666666665,0.0024999999999999467,0.02901043412191892
2001-03-09,3940.0,3940.0,3820.0,3840.0,30800000,Samsung,3817.1428571428573,4000.0,-0.04239401496259354,0.0342650811656439
2001-03-12,3700.0,3760.0,3650.0,3670.0,38610000,Samsung,3807.1428571428573,3988.3333333333335,-0.04427083333333337,0.03895164407102417
2001-03-13,3570.0,3650.0,3540.0,3640.0,33815000,Samsung,3811.4285714285716,3972.6666666666665,-0.008174386920980936,0.03644577694524036
2001-03-14,3640.0,3640.0,3640.0,3640.0,0,Samsung,3800.0,3947.3333333333335,0.0,0.034194205766594404
2001-03-15,3790.0,3930.0,3760.0,3920.0,29370000,Samsung,3817.1428571428573,3935.6666666666665,0.07692307692307687,0.04531301743420793
2001-03-16,3880.0,3920.0,3830.0,3890.0,23315000,Samsung,3801.4285714285716,3922.3333333333335,-0.007653061224489832,0.0402697817133817
2001-03-19,3810.0,3880.0,3770.0,3800.0,24865000,Samsung,3771.4285714285716,3914.6666666666665,-0.023136246786632397,0.040816879461527546
2001-03-20,3900.0,3920.0,3820.0,3820.0,21455000,Samsung,3768.5714285714284,3908.3333333333335,0.0052631578947368585,0.03778290211398014
2001-03-21,3720.0,3900.0,3700.0,3870.0,40550000,Samsung,3797.1428571428573,3907.3333333333335,0.01308900523560208,0.0324650066166139
2001-03-22,3980.0,3990.0,3920.0,3980.0,37465000,Samsung,3845.714285714286,3904.6666666666665,0.028423772609819098,0.032364526481715304
2001-03-23,4090.0,4370.0,4080.0,4300.0,91755000,Samsung,3940.0,3912.3333333333335,0.08040201005025116,0.040190046573543615
2001-03-26,4400.0,4430.0,4340.0,4340.0,42870000,Samsung,4000.0,3924.6666666666665,0.009302325581395321,0.03305552998647257
2001-03-27,4300.0,4310.0,4120.0,4150.0,31345000,Samsung,4037.1428571428573,3930.3333333333335,-0.04377880184331795,0.03940915326567606
2001-03-28,4260.0,4260.0,4150.0,4150.0,26075000,Samsung,4087.1428571428573,3936.0,0.0,0.03707398443579569
2001-03-29,4090.0,4180.0,4040.0,4090.0,29920000,Samsung,4125.714285714285,3934.6666666666665,-0.014457831325301207,0.038503210088080005
2001-03-30,4110.0,4170.0,4040.0,4160.0,30100000,Samsung,4167.142857142857,3931.6666666666665,0.017114914425427896,0.03857961341861889
2001-04-02,4040.0,4100.0,3960.0,3990.0,39140000,Samsung,4168.571428571428,3925.0,-0.04086538461538458,0.042093191969210804
2001-04-03,3810.0,3870.0,3790.0,3800.0,46070000,Samsung,4097.142857142857,3910.3333333333335,-0.04761904761904767,0.02700322936055561
2001-04-04,3700.0,3740.0,3630.0,3660.0,62280000,Samsung,4000.0,3893.6666666666665,-0.0368421052631579,0.025018547995681442
2001-04-05,3660.0,3660.0,3660.0,3660.0,0,Samsung,3930.0,3882.0,0.0,0.02465481106709921
2001-04-06,3960.0,3960.0,3780.0,3840.0,85290000,Samsung,3885.714285714286,3882.0,0.049180327868852514,0.03522316054777805
2001-04-09,3790.0,3810.0,3710.0,3710.0,25840000,Samsung,3831.4285714285716,3877.6666666666665,-0.03385416666666663,0.03633201930559044
2001-04-10,3710.0,3740.0,3610.0,3640.0,39175000,Samsung,3757.1428571428573,3872.6666666666665,-0.018867924528301883,0.033771950307359855
2001-04-11,3780.0,3800.0,3720.0,3720.0,44515000,Samsung,3718.5714285714284,3872.0,0.0219780219780219,0.035133081408520825
2001-04-12,3940.0,4090.0,3900.0,4010.0,73660000,Samsung,3748.5714285714284,3881.0,0.07795698924731176,0.04345851349336074
2001-04-13,4100.0,4150.0,4030.0,4060.0,38840000,Samsung,3805.714285714286,3896.0,0.012468827930174564,0.038608315251566
2001-04-16,4060.0,4080.0,3940.0,3940.0,10200000,Samsung,3845.714285714286,3903.3333333333335,-0.029556650246305383,0.042054968088587164
2001-04-17,3920.0,4020.0,3850.0,3970.0,16815000,Samsung,3864.285714285714,3909.0,0.0076142131979695105,0.03861348469471212
2001-04-18,4110.0,4280.0,4070.0,4280.0,47790000,Samsung,3945.714285714286,3918.3333333333335,0.07808564231738035,0.042622738067191066
2001-04-19,4620.0,4920.0,4580.0,4700.0,131305000,Samsung,4097.142857142857,3941.3333333333335,0.0981308411214954,0.046930469270662814
2001-04-20,4720.0,4780.0,4490.0,4490.0,44905000,Samsung,4207.142857142857,3963.0,-0.044680851063829796,0.05652782711674879
2001-04-23,4490.0,4610.0,4470.0,4540.0,31785000,Samsung,4282.857142857143,3992.0,0.011135857461024523,0.05228118481468458
2001-04-24,4410.0,4420.0,4330.0,4400.0,31185000,Samsung,4331.428571428572,4017.3333333333335,-0.03083700440528636,0.05564102102227834
2001-04-25,4340.0,4520.0,4320.0,4520.0,26345000,Samsung,4414.285714285715,4046.6666666666665,0.027272727272727337,0.052479842242265165
2001-04-26,4340.0,4520.0,4320.0,4520.0,26345000,Samsung,4492.857142857143,4066.6666666666665,0.0,0.05287995115815285
2001-04-27,4410.0,4450.0,4310.0,4340.0,21695000,Samsung,4501.428571428572,4081.6666666666665,-0.03982300884955747,0.04994404415310844
2001-04-30,4460.0,4620.0,4410.0,4580.0,38225000,Samsung,4484.285714285715,4107.666666666667,0.055299539170506895,0.03739912141622459
2001-05-01,4580.0,4580.0,4580.0,4580.0,0,Samsung,4497.142857142857,4133.0,0.0,0.03262604523574472
2001-05-02,4700.0,4700.0,4540.0,4580.0,36510000,Samsung,4502.857142857143,4156.666666666667,0.0,0.032450890787972184
2001-05-03,4620.0,4620.0,4490.0,4600.0,25895000,Samsung,4531.428571428572,4177.333333333333,0.004366812227074135,0.029125160266142446
2001-05-04,4410.0,4510.0,4410.0,4460.0,32805000,Samsung,4522.857142857143,4182.666666666667,-0.0304347826086957,0.030477397617240314
2001-05-07,4500.0,4630.0,4480.0,4600.0,17945000,Samsung,4534.285714285715,4191.333333333333,0.03139013452914807,0.032946417856836385
2001-05-08,4590.0,4620.0,4520.0,4590.0,16825000,Samsung,4570.0,4206.0,-0.0021739130434782483,0.027402645612335522
2001-05-09,4560.0,4580.0,4490.0,4500.0,20695000,Samsung,4558.571428571428,4217.666666666667,-0.019607843137254943,0.019498617053263733
2001-05-10,4500.0,4560.0,4440.0,4500.0,24620000,Samsung,4547.142857142857,4231.333333333333,0.0,0.019498617053263733
2001-05-11,4460.0,4470.0,4400.0,4410.0,27705000,Samsung,4522.857142857143,4239.666666666667,-0.020000000000000018,0.020534437469682417
2001-05-14,4420.0,4460.0,4400.0,4430.0,14310000,Samsung,4498.571428571428,4254.333333333333,0.0045351473922903285,0.02054761441854643
2001-05-15,4410.0,4450.0,4290.0,4340.0,26420000,Samsung,4481.428571428572,4272.333333333333,-0.020316027088036148,0.01875271249968286
2001-05-16,4300.0,4370.0,4200.0,4210.0,25895000,Samsung,4425.714285714285,4290.666666666667,-0.02995391705069128,0.013073989529374004
2001-05-17,4400.0,4430.0,4340.0,4430.0,24105000,Samsung,4402.857142857143,4316.333333333333,0.052256532066508266,0.02795643622914617
2001-05-18,4380.0,4420.0,4340.0,4410.0,18915000,Samsung,4390.0,4335.333333333333,-0.004514672686230292,0.027188918327689025
2001-05-21,4500.0,4620.0,4430.0,4580.0,28160000,Samsung,4401.428571428572,4364.333333333333,0.038548752834467015,0.0313775831469335
2001-05-22,4720.0,4780.0,4620.0,4620.0,48830000,Samsung,4431.428571428572,4397.0,0.008733624454148492,0.029712207066662985
2001-05-23,4600.0,4760.0,4580.0,4700.0,21890000,Samsung,4470.0,4429.666666666667,0.017316017316017396,0.029924470090639695
2001-05-24,4560.0,4600.0,4510.0,4530.0,30275000,Samsung,4497.142857142857,4447.0,-0.036170212765957444,0.032948553261160925
2001-05-25,4550.0,4650.0,4430.0,4440.0,33695000,Samsung,4530.0,4459.666666666667,-0.019867549668874163,0.031260745605729355
2001-05-28,4420.0,4480.0,4380.0,4450.0,18480000,Samsung,4532.857142857143,4476.666666666667,0.0022522522522523403,0.024443536795226678
2001-05-29,4430.0,4640.0,4430.0,4640.0,24280000,Samsung,4565.714285714285,4499.0,0.04269662921348316,0.02882177218666879
2001-05-30,4500.0,4530.0,4450.0,4470.0,31815000,Samsung,4550.0,4505.333333333333,-0.03663793103448276,0.0293893651971804
2001-05-31,4320.0,4340.0,4190.0,4240.0,63595000,Samsung,4495.714285714285,4490.0,-0.05145413870246085,0.03382154103175521
2001-06-01,4300.0,4300.0,4210.0,4240.0,29315000,Samsung,4430.0,4481.666666666667,0.0,0.03192616255563545
2001-06-04,4260.0,4310.0,4230.0,4240.0,19955000,Samsung,4388.571428571428,4471.666666666667,0.0,0.030674276402638607
2001-06-05,4140.0,4240.0,4040.0,4060.0,51520000,Samsung,4334.285714285715,4460.333333333333,-0.04245283018867929,0.033099636498695933
2001-06-06,4060.0,4060.0,4060.0,4060.0,0,Samsung,4278.571428571428,4445.0,0.0,0.032946009424562564
2001-06-07,4080.0,4310.0,4080.0,4280.0,39865000,Samsung,4227.142857142857,4437.0,0.054187192118226646,0.036275410530282604
2001-06-08,4420.0,4510.0,4400.0,4470.0,42740000,Samsung,4227.142857142857,4441.333333333333,0.04439252336448596,0.039483329558195654
2001-06-11,4330.0,4380.0,4280.0,4280.0,24680000,Samsung,4232.857142857143,4431.333333333333,-0.04250559284116329,0.037615179728033424
2001-06-12,4220.0,4300.0,4210.0,4220.0,24195000,Samsung,4230.0,4419.333333333333,-0.014018691588784993,0.03810603033450544
2001-06-13,4300.0,4310.0,4200.0,4280.0,23645000,Samsung,4235.714285714285,4409.333333333333,0.014218009478673022,0.03848658771338857
2001-06-14,4270.0,4310.0,4200.0,4230.0,27840000,Samsung,4260.0,4397.0,-0.011682242990654235,0.034070441966896896
2001-06-15,4190.0,4200.0,4120.0,4190.0,40870000,Samsung,4278.571428571428,4388.0,-0.009456264775413725,0.034549222535060715
2001-06-18,4180.0,4180.0,4080.0,4100.0,34095000,Samsung,4252.857142857143,4371.333333333333,-0.021479713603818618,0.027774926806820446
2001-06-19,4100.0,4170.0,4080.0,4110.0,31275000,Samsung,4201.428571428572,4355.333333333333,0.0024390243902439046,0.01791947078863597
2001-06-20,4060.0,4070.0,3990.0,4000.0,38515000,Samsung,4161.428571428572,4338.666666666667,-0.02676399026763987,0.01397508109630014
2001-06-21,4000.0,4040.0,3920.0,3960.0,40805000,Samsung,4124.285714285715,4320.666666666667,-0.010000000000000009,0.013842095580825641
2001-06-22,3940.0,3940.0,3820.0,3870.0,44685000,Samsung,4065.714285714286,4302.666666666667,-0.022727272727272707,0.010057263286325268
2001-06-25,3840.0,3930.0,3800.0,3870.0,25925000,Samsung,4014.285714285714,4284.0,0.0,0.011428024801759131
2001-06-26,3870.0,3900.0,3780.0,3780.0,33500000,Samsung,3955.714285714286,4265.333333333333,-0.023255813953488413,0.011978403282416705
2001-06-27,3790.0,3800.0,3700.0,3720.0,40985000,Samsung,3901.4285714285716,4249.0,-0.015873015873015928,0.011619178797251087
2001-06-28,3700.0,3790.0,3690.0,3750.0,27040000,Samsung,3850.0,4226.333333333333,0.008064516129032251,0.013033219265866713
2001-06-29,3840.0,3850.0,3800.0,3840.0,30675000,Samsung,3827.1428571428573,4207.333333333333,0.02400000000000002,0.017436337044830406
2001-07-02,3840.0,3880.0,3810.0,3860.0,23280000,Samsung,3812.8571428571427,4183.333333333333,0.005208333333333259,0.017753609191170493
2001-07-03,3900.0,3910.0,3870.0,3890.0,20305000,Samsung,3815.714285714286,4159.0,0.007772020725388629,0.015897342780275957
2001-07-04,3840.0,3940.0,3840.0,3940.0,13705000,Samsung,3825.714285714286,4133.666666666667,0.01285347043701801,0.01651381689011297
2001-07-05,3940.0,3950.0,3860.0,3860.0,15550000,Samsung,3837.1428571428573,4111.333333333333,-0.02030456852791873,0.01576181329888812
2001-07-06,3740.0,3770.0,3650.0,3670.0,38020000,Samsung,3830.0,4085.6666666666665,-0.04922279792746109,0.02486503343537786
2001-07-09,3500.0,3540.0,3390.0,3420.0,81635000,Samsung,3782.8571428571427,4051.3333333333335,-0.0681198910081744,0.03464732258993759
2001-07-10,3440.0,3490.0,3390.0,3400.0,32665000,Samsung,3720.0,4010.0,-0.005847953216374324,0.03105016660483818
2001-07-11,3280.0,3410.0,3280.0,3380.0,37970000,Samsung,3651.4285714285716,3973.6666666666665,-0.00588235294117645,0.030004829990699918
2001-07-12,3480.0,3560.0,3460.0,3520.0,66365000,Samsung,3598.5714285714284,3949.6666666666665,0.041420118343195256,0.03681713368285975
2001-07-13,3640.0,3640.0,3360.0,3400.0,46560000,Samsung,3521.4285714285716,3921.6666666666665,-0.03409090909090906,0.03544846550656269
2001-07-16,3370.0,3390.0,3260.0,3340.0,27910000,Samsung,3447.1428571428573,3891.6666666666665,-0.01764705882352946,0.03546254407690768
2001-07-17,3340.0,3340.0,3340.0,3340.0,0,Samsung,3400.0,3867.6666666666665,0.0,0.033508424468200945
2001-07-18,3360.0,3420.0,3330.0,3350.0,33430000,Samsung,3390.0,3844.0,0.0029940119760478723,0.02314855625949965
2001-07-19,3330.0,3540.0,3310.0,3540.0,37325000,Samsung,3410.0,3819.3333333333335,0.05671641791044779,0.03209128817554822
2001-07-20,3520.0,3600.0,3470.0,3520.0,29625000,Samsung,3430.0,3787.6666666666665,-0.005649717514124242,0.032076788480492474
2001-07-23,3500.0,3500.0,3430.0,3460.0,21275000,Samsung,3421.4285714285716,3760.3333333333335,-0.017045454545454586,0.028841019135586763
2001-07-24,3400.0,3510.0,3400.0,3470.0,21480000,Samsung,3431.4285714285716,3735.3333333333335,0.0028901734104045396,0.025156769584245807
2001-07-25,3460.0,3590.0,3440.0,3570.0,20905000,Samsung,3464.285714285714,3711.6666666666665,0.028818443804034644,0.02487411190919594
2001-07-26,3590.0,3650.0,3590.0,3630.0,21865000,Samsung,3505.714285714286,3691.6666666666665,0.01680672268907557,0.024577888806035727
2001-07-27,3730.0,3790.0,3690.0,3710.0,28800000,Samsung,3557.1428571428573,3675.6666666666665,0.02203856749311295,0.024440262877666145
2001-07-30,3760.0,3780.0,3690.0,3710.0,20055000,Samsung,3581.4285714285716,3662.6666666666665,0.0,0.01634155569382467
2001-07-31,3740.0,3810.0,3720.0,3790.0,22230000,Samsung,3620.0,3652.0,0.02156334231805923,0.016111252848367313
2001-08-01,3830.0,3990.0,3810.0,3960.0,57875000,Samsung,3691.4285714285716,3650.6666666666665,0.04485488126649084,0.015295769259632105
2001-08-02,4020.0,4040.0,3880.0,3910.0,31790000,Samsung,3754.285714285714,3649.0,-0.012626262626262652,0.018831146991260324
2001-08-03,4000.0,4020.0,3950.0,3990.0,32795000,Samsung,3814.285714285714,3653.0,0.020460358056265893,0.018238492485632713
2001-08-06,3930.0,4000.0,3900.0,3980.0,16130000,Samsung,3864.285714285714,3656.6666666666665,-0.0025062656641604564,0.019538248033827955
2001-08-07,3880.0,3900.0,3810.0,3860.0,22085000,Samsung,3885.714285714286,3659.3333333333335,-0.03015075376884424,0.024910403425728186
2001-08-08,3820.0,3840.0,3740.0,3800.0,13405000,Samsung,3898.5714285714284,3662.0,-0.015544041450777257,0.026188422478541997
2001-08-09,3690.0,3730.0,3660.0,3660.0,29170000,Samsung,3880.0,3659.0,-0.0368421052631579,0.028736662004884457
2001-08-10,3710.0,3780.0,3710.0,3730.0,11580000,Samsung,3847.1428571428573,3655.3333333333335,0.0191256830601092,0.02227178148442558
2001-08-13,3770.0,3830.0,3750.0,3830.0,18640000,Samsung,3835.714285714286,3654.3333333333335,0.02680965147453085,0.025715777305641053
2001-08-14,3900.0,3960.0,3870.0,3950.0,21220000,Samsung,3830.0,3656.3333333333335,0.031331592689294974,0.027604005066999768
2001-08-15,3950.0,3950.0,3950.0,3950.0,0,Samsung,3825.714285714286,3656.6666666666665,0.0,0.027599143241368893
2001-08-16,3840.0,3900.0,3820.0,3900.0,18330000,Samsung,3831.4285714285716,3658.0,-0.012658227848101222,0.025179571747450336
2001-08-17,3900.0,3960.0,3870.0,3920.0,17745000,Samsung,3848.5714285714284,3666.3333333333335,0.00512820512820511,0.023998287052531406
2001-08-20,3800.0,3830.0,3780.0,3800.0,9435000,Samsung,3868.5714285714284,3679.0,-0.030612244897959218,0.022253013370714683
2001-08-21,3820.0,3850.0,3700.0,3720.0,21735000,Samsung,3867.1428571428573,3689.6666666666665,-0.021052631578947323,0.02333495078345732
2001-08-22,3630.0,3850.0,3630.0,3850.0,21770000,Samsung,3870.0,3705.3333333333335,0.034946236559139754,0.02504194268851796
2001-08-23,3870.0,3910.0,3800.0,3850.0,14945000,Samsung,3855.714285714286,3716.3333333333335,0.0,0.021229271619683583
2001-08-24,3840.0,3880.0,3780.0,3840.0,7515000,Samsung,3840.0,3731.0,-0.0025974025974025983,0.021181278127032414
2001-08-27,3960.0,4020.0,3920.0,3980.0,37955000,Samsung,3851.4285714285716,3752.3333333333335,0.03645833333333326,0.025472088552362923
2001-08-28,4000.0,4000.0,3930.0,3940.0,20535000,Samsung,3854.285714285714,3772.3333333333335,-0.01005025125628145,0.025920844618581712
2001-08-29,3900.0,3970.0,3860.0,3930.0,19135000,Samsung,3872.8571428571427,3791.6666666666665,-0.0025380710659898,0.02210276223369929
2001-08-30,3840.0,3940.0,3840.0,3920.0,12585000,Samsung,3901.4285714285716,3804.3333333333335,-0.0025445292620864812,0.019406005365247343
2001-08-31,3860.0,3880.0,3750.0,3800.0,25845000,Samsung,3894.285714285714,3813.6666666666665,-0.030612244897959218,0.019861243214909414
2001-09-03,3810.0,3820.0,3750.0,3760.0,10450000,Samsung,3881.4285714285716,3823.6666666666665,-0.010526315789473717,0.02010823346369029
2001-09-04,3760.0,3940.0,3750.0,3930.0,18775000,Samsung,3894.285714285714,3839.0,0.04521276595744683,0.027212367525397557
2001-09-05,3840.0,3850.0,3750.0,3790.0,21020000,Samsung,3867.1428571428573,3846.3333333333335,-0.03562340966921118,0.02634306370487849
2001-09-06,3800.0,3850.0,3760.0,3770.0,17490000,Samsung,3842.8571428571427,3851.0,-0.00527704485488123,0.02630269516664839
2001-09-07,3760.0,3820.0,3690.0,3820.0,22835000,Samsung,3827.1428571428573,3854.6666666666665,0.013262599469495928,0.027306824677688593
2001-09-10,3770.0,3830.0,3730.0,3830.0,14000000,Samsung,3814.285714285714,3858.6666666666665,0.002617801047120505,0.027413669041354293
2001-09-11,3800.0,3850.0,3720.0,3740.0,15810000,Samsung,3805.714285714286,3857.0,-0.023498694516971286,0.026329568006262714
2001-09-12,3200.0,3460.0,3200.0,3230.0,84970000,Samsung,3730.0,3832.6666666666665,-0.13636363636363635,0.057567710520441115
2001-09-13,3360.0,3460.0,3320.0,3430.0,59745000,Samsung,3658.5714285714284,3816.6666666666665,0.0619195046439629,0.0609656973916399
2001-09-14,3440.0,3450.0,3290.0,3390.0,33175000,Samsung,3601.4285714285716,3796.6666666666665,-0.011661807580174877,0.060453384791109906
2001-09-17,3300.0,3360.0,3240.0,3280.0,28450000,Samsung,3531.4285714285716,3773.3333333333335,-0.03244837758112096,0.06066119182843506
2001-09-18,3390.0,3400.0,3300.0,3350.0,24870000,Samsung,3464.285714285714,3756.3333333333335,0.021341463414634054,0.06142767590796196
2001-09-19,3300.0,3340.0,3260.0,3280.0,21555000,Samsung,3385.714285714286,3739.0,-0.020895522388059695,0.0608243086458178
2001-09-20,3200.0,3200.0,3030.0,3080.0,61380000,Samsung,3291.4285714285716,3719.6666666666665,-0.060975609756097615,0.06277802861007971
2001-09-21,2900.0,2940.0,2790.0,2850.0,65415000,Samsung,3237.1428571428573,3690.3333333333335,-0.07467532467532467,0.046976251851564836
2001-09-24,2850.0,2850.0,2850.0,2850.0,0,Samsung,3154.285714285714,3657.6666666666665,0.0,0.033620395454200994
2001-09-25,3060.0,3070.0,2860.0,2860.0,42065000,Samsung,3078.5714285714284,3621.3333333333335,0.0035087719298245723,0.03512514414025779
2001-09-26,2820.0,2870.0,2790.0,2830.0,33275000,Samsung,3014.285714285714,3584.0,-0.010489510489510523,0.03516802420772422
2001-09-27,2760.0,2810.0,2680.0,2810.0,36500000,Samsung,2937.1428571428573,3547.6666666666665,-0.007067137809187329,0.030945781084716812
2001-09-28,2810.0,2810.0,2810.0,2810.0,0,Samsung,2870.0,3510.6666666666665,0.0,0.03231440412331357
2001-10-01,2810.0,2810.0,2810.0,2810.0,0,Samsung,2831.4285714285716,3477.6666666666665,0.0,0.02776132228782683
2001-10-02,2810.0,2810.0,2810.0,2810.0,0,Samsung,2825.714285714286,3447.3333333333335,0.0,0.004900576745889286
2001-10-03,2810.0,2810.0,2810.0,2810.0,0,Samsung,2820.0,3412.6666666666665,0.0,0.004900576745889286
2001-10-04,3000.0,3000.0,2860.0,2910.0,64925000,Samsung,2827.1428571428573,3381.3333333333335,0.03558718861209975,0.015165637410704352
2001-10-05,2920.0,2970.0,2870.0,2950.0,40035000,Samsung,2844.285714285714,3351.6666666666665,0.013745704467353903,0.014434551538921876
2001-10-08,2940.0,2960.0,2890.0,2920.0,19935000,Samsung,2860.0,3316.3333333333335,-0.01016949152542368,0.014942671859187158
2001-10-09,2960.0,3060.0,2960.0,3030.0,39630000,Samsung,2891.4285714285716,3286.0,0.03767123287671237,0.018861631534851552
2001-10-10,2990.0,3010.0,2960.0,2980.0,16855000,Samsung,2915.714285714286,3254.3333333333335,-0.01650165016501648,0.021331617110719816
2001-10-11,3080.0,3200.0,3070.0,3180.0,58170000,Samsung,2968.5714285714284,3229.6666666666665,0.06711409395973145,0.030094697293512798
2001-10-12,3320.0,3340.0,3250.0,3260.0,47265000,Samsung,3032.8571428571427,3211.6666666666665,0.02515723270440251,0.029041800889135362
2001-10-15,3200.0,3240.0,3180.0,3200.0,17425000,Samsung,3074.285714285714,3193.0,-0.018404907975460127,0.031808076153229545
2001-10-16,3160.0,3230.0,3160.0,3180.0,15620000,Samsung,3107.1428571428573,3168.0,-0.006249999999999978,0.03272842645067808
2001-10-17,3260.0,3300.0,3230.0,3280.0,28595000,Samsung,3158.5714285714284,3151.0,0.03144654088050314,0.03196398708040806
2001-10-18,3230.0,3260.0,3170.0,3260.0,21850000,Samsung,3191.4285714285716,3134.0,-0.0060975609756097615,0.03156505768008896
2001-10-19,3300.0,3410.0,3260.0,3400.0,41555000,Samsung,3251.4285714285716,3120.0,0.042944785276073594,0.03094757394927669
2001-10-22,3460.0,3470.0,3330.0,3390.0,18730000,Samsung,3281.4285714285716,3105.3333333333335,-0.002941176470588225,0.02334561691954664
2001-10-23,3500.0,3530.0,3450.0,3480.0,39580000,Samsung,3312.8571428571427,3096.6666666666665,0.026548672566371723,0.023507428424966403
2001-10-24,3560.0,3710.0,3550.0,3710.0,56115000,Samsung,3385.714285714286,3112.6666666666665,0.06609195402298851,0.027992803035213686
2001-10-25,3700.0,3700.0,3620.0,3660.0,27610000,Samsung,3454.285714285714,3120.3333333333335,-0.013477088948787075,0.02929738876468449
2001-10-26,3660.0,3690.0,3580.0,3620.0,47820000,Samsung,3502.8571428571427,3128.0,-0.010928961748633892,0.03102082947530161
2001-10-29,3660.0,3700.0,3610.0,3680.0,25480000,Samsung,3562.8571428571427,3141.3333333333335,0.016574585635359185,0.029654154943024622
2001-10-30,3540.0,3580.0,3470.0,3480.0,33825000,Samsung,3574.285714285714,3145.6666666666665,-0.05434782608695654,0.03764507930924738
2001-10-31,3410.0,3480.0,3410.0,3470.0,28980000,Samsung,3585.714285714286,3152.0,-0.002873563218390829,0.037643030639246004
2001-11-01,3540.0,3630.0,3480.0,3580.0,34295000,Samsung,3600.0,3168.6666666666665,0.03170028818443793,0.03820485421392783
2001-11-02,3630.0,3670.0,3630.0,3660.0,37920000,Samsung,3592.8571428571427,3195.6666666666665,0.022346368715083775,0.028938722197563882
2001-11-05,3670.0,3700.0,3620.0,3700.0,30180000,Samsung,3598.5714285714284,3224.0,0.010928961748633892,0.028734887227352013
2001-11-06,3780.0,3830.0,3760.0,3800.0,53010000,Samsung,3624.285714285714,3255.3333333333335,0.027027027027026973,0.029478966149535428
2001-11-07,3820.0,3830.0,3770.0,3810.0,44265000,Samsung,3642.8571428571427,3288.0,0.002631578947368318,0.0292206536518371
2001-11-08,3810.0,3870.0,3800.0,3860.0,37600000,Samsung,3697.1428571428573,3323.0,0.013123359580052396,0.012715171052897418
2001-11-09,3860.0,3860.0,3860.0,3860.0,0,Samsung,3752.8571428571427,3358.0,0.0,0.012072729493358022
2001-11-12,4010.0,4050.0,3930.0,4000.0,23500000,Samsung,3812.8571428571427,3397.6666666666665,0.03626943005181338,0.013174542598332204
2001-11-13,3920.0,4000.0,3900.0,4000.0,30010000,Samsung,3861.4285714285716,3437.3333333333335,0.0,0.014070559748734281
2001-11-14,4100.0,4300.0,4060.0,4300.0,75030000,Samsung,3947.1428571428573,3487.0,0.07499999999999996,0.027263582965171666
2001-11-15,4210.0,4290.0,4150.0,4190.0,36275000,Samsung,4002.8571428571427,3529.6666666666665,-0.025581395348837188,0.032413809892390115
2001-11-16,4160.0,4190.0,4070.0,4180.0,35795000,Samsung,4055.714285714286,3570.6666666666665,-0.0023866348448687846,0.03277333822204012
2001-11-19,4100.0,4400.0,4100.0,4370.0,39315000,Samsung,4128.571428571428,3619.0,0.045454545454545414,0.034876907374063404
2001-11-20,4400.0,4460.0,4270.0,4270.0,37695000,Samsung,4187.142857142857,3660.3333333333335,-0.022883295194508046,0.0378352745017469
2001-11-21,4160.0,4300.0,4150.0,4220.0,33430000,Samsung,4218.571428571428,3701.6666666666665,-0.011709601873536313,0.03771199929415103
2001-11-22,4230.0,4320.0,4160.0,4320.0,17595000,Samsung,4264.285714285715,3739.6666666666665,0.023696682464454888,0.037908916088079156
2001-11-23,4340.0,4450.0,4300.0,4440.0,27370000,Samsung,4284.285714285715,3779.0,0.02777777777777768,0.027542026549392525
2001-11-26,4470.0,4620.0,4470.0,4600.0,37990000,Samsung,4342.857142857143,3825.6666666666665,0.03603603603603611,0.025974767503016215
2001-11-27,4640.0,4660.0,4570.0,4620.0,41960000,Samsung,4405.714285714285,3873.6666666666665,0.004347826086956497,0.025397411581577482
2001-11-28,4540.0,4600.0,4350.0,4380.0,29700000,Samsung,4407.142857142857,3910.3333333333335,-0.051948051948051965,0.0316384735479939
2001-11-29,4290.0,4490.0,4170.0,4200.0,53265000,Samsung,4397.142857142857,3941.6666666666665,-0.04109589041095896,0.034524071359214974
2001-11-30,4460.0,4460.0,4330.0,4360.0,31230000,Samsung,4417.142857142857,3973.6666666666665,0.03809523809523818,0.037181401104573186
2001-12-03,4430.0,4500.0,4290.0,4490.0,32860000,Samsung,4441.428571428572,4010.3333333333335,0.029816513761467878,0.03775434545298213
2001-12-04,4530.0,4610.0,4440.0,4600.0,32740000,Samsung,4464.285714285715,4047.6666666666665,0.024498886414253906,0.037460444330623434
2001-12-05,4760.0,5290.0,4740.0,5290.0,115130000,Samsung,4562.857142857143,4100.333333333333,0.1499999999999999,0.06642212531106106
2001-12-06,5560.0,5860.0,5350.0,5500.0,114630000,Samsung,4688.571428571428,4161.666666666667,0.03969754253308122,0.06620342994821501
2001-12-07,5400.0,5730.0,5330.0,5670.0,58705000,Samsung,4872.857142857143,4230.0,0.030909090909090997,0.05641745022957266
2001-12-10,5580.0,5580.0,5170.0,5200.0,65280000,Samsung,5015.714285714285,4280.666666666667,-0.08289241622574961,0.06742593056136484
2001-12-11,5040.0,5190.0,4970.0,5170.0,52625000,Samsung,5131.428571428572,4337.0,-0.005769230769230749,0.06888249694776871
2001-12-12,5160.0,5420.0,5030.0,5400.0,53895000,Samsung,5261.428571428572,4401.333333333333,0.044487427466150864,0.06921873943609928
2001-12-13,5400.0,5430.0,5220.0,5300.0,63765000,Samsung,5361.428571428572,4458.666666666667,-0.01851851851851849,0.0715254854819156
2001-12-14,5110.0,5230.0,5090.0,5100.0,46510000,Samsung,5334.285714285715,4506.666666666667,-0.037735849056603765,0.0466453189226238
2001-12-17,5010.0,5150.0,4920.0,5010.0,41255000,Samsung,5264.285714285715,4550.333333333333,-0.01764705882352946,0.042488936899205645
2001-12-18,5080.0,5390.0,5080.0,5210.0,56725000,Samsung,5198.571428571428,4597.333333333333,0.03992015968063867,0.04412656820109272
2001-12-19,5310.0,5350.0,5250.0,5280.0,30870000,Samsung,5210.0,4646.333333333333,0.013435700575815668,0.031138730322229004
2001-12-20,5200.0,5410.0,5110.0,5300.0,32435000,Samsung,5228.571428571428,4694.333333333333,0.0037878787878788955,0.030919563896192624
2001-12-21,5100.0,5190.0,5000.0,5030.0,41650000,Samsung,5175.714285714285,4733.333333333333,-0.05094339622641508,0.031110787751056378
2001-12-24,5050.0,5160.0,5010.0,5050.0,20430000,Samsung,5140.0,4768.333333333333,0.003976143141153132,0.031206280750165287
2001-12-25,5050.0,5050.0,5050.0,5050.0,0,Samsung,5132.857142857143,4803.333333333333,0.0,0.02799693573481966
2001-12-26,5130.0,5190.0,5080.0,5160.0,21745000,Samsung,5154.285714285715,4832.0,0.0217821782178218,0.028071574635274384
2001-12-27,5200.0,5420.0,5180.0,5400.0,40355000,Samsung,5181.428571428572,4872.333333333333,0.04651162790697683,0.029527948376729292
2001-12-28,5600.0,5620.0,5510.0,5580.0,38480000,Samsung,5224.285714285715,4919.0,0.03333333333333344,0.03132164616192039
2001-12-31,5580.0,5580.0,5580.0,5580.0,0,Samsung,5264.285714285715,4959.333333333333,0.0,0.0314460663231115
2002-01-01,5580.0,5580.0,5580.0,5580.0,0,Samsung,5342.857142857143,5003.0,0.0,0.019024392995307525
2002-01-02,5660.0,6160.0,5620.0,6160.0,57100000,Samsung,5501.428571428572,5067.666666666667,0.10394265232974909,0.03767401751642029
2002-01-03,6160.0,6160.0,6160.0,6160.0,0,Samsung,5660.0,5129.0,0.0,0.03767401751642029
2002-01-04,6380.0,6410.0,6290.0,6380.0,50470000,Samsung,5834.285714285715,5193.666666666667,0.03571428571428581,0.037574405848426626
2002-01-07,6260.0,6430.0,6170.0,6360.0,51455000,Samsung,5971.428571428572,5252.333333333333,-0.0031347962382445305,0.03889937575004094
2002-01-08,6390.0,6390.0,6190.0,6230.0,38005000,Samsung,6064.285714285715,5306.0,-0.020440251572327095,0.04199645870114886
2002-01-09,6210.0,6450.0,6190.0,6450.0,45120000,Samsung,6188.571428571428,5375.0,0.035313001605136396,0.04179290078876741
2002-01-10,6360.0,6420.0,6160.0,6160.0,54845000,Samsung,6271.428571428572,5440.333333333333,-0.04496124031007753,0.0485754294089149
2002-01-11,6240.0,6350.0,6040.0,6120.0,47680000,Samsung,6265.714285714285,5499.0,-0.00649350649350644,0.02890080533589451
2002-01-14,6050.0,6600.0,6040.0,6600.0,48900000,Samsung,6328.571428571428,5569.333333333333,0.07843137254901955,0.041581102776817425
2002-01-15,6430.0,6460.0,6160.0,6240.0,68875000,Samsung,6308.571428571428,5624.0,-0.054545454545454564,0.04624067853909414
2002-01-16,6150.0,6250.0,6030.0,6030.0,60330000,Samsung,6261.428571428572,5648.666666666667,-0.033653846153846145,0.04775084061375159
2002-01-17,5900.0,6060.0,5860.0,6000.0,55605000,Samsung,6228.571428571428,5665.333333333333,-0.00497512437810943,0.047361094488604864
2002-01-18,6010.0,6040.0,5880.0,5920.0,44260000,Samsung,6152.857142857143,5673.666666666667,-0.013333333333333308,0.04401112817181642
2002-01-21,5800.0,5840.0,5720.0,5820.0,41265000,Samsung,6104.285714285715,5694.333333333333,-0.016891891891891886,0.041655269180087044
2002-01-22,5840.0,6050.0,5840.0,6000.0,32895000,Samsung,6087.142857142857,5722.0,0.030927835051546282,0.04411255074804183
2002-01-23,5800.0,6190.0,5780.0,6160.0,39900000,Samsung,6024.285714285715,5747.333333333333,0.026666666666666616,0.030672134257532457
2002-01-24,6220.0,6370.0,6180.0,6200.0,38415000,Samsung,6018.571428571428,5777.333333333333,0.006493506493506551,0.023547857337509887
2002-01-25,6330.0,6570.0,6260.0,6460.0,56875000,Samsung,6080.0,5822.666666666667,0.041935483870967794,0.02323681896554227
2002-01-28,6580.0,6580.0,6350.0,6370.0,33735000,Samsung,6132.857142857143,5868.0,-0.01393188854489169,0.02442275386799219
2002-01-29,6370.0,6450.0,6290.0,6300.0,32140000,Samsung,6187.142857142857,5904.333333333333,-0.01098901098901095,0.02408174414893045
2002-01-30,6010.0,6180.0,6010.0,6060.0,39580000,Samsung,6221.428571428572,5930.333333333333,-0.03809523809523807,0.028781540244435126
2002-01-31,6060.0,6060.0,6060.0,6060.0,0,Samsung,6230.0,5955.666666666667,0.0,0.026636815443437597
2002-02-01,6200.0,6320.0,6090.0,6180.0,35640000,Samsung,6232.857142857143,5994.0,0.01980198019801982,0.02567452360557143
2002-02-04,6200.0,6330.0,6180.0,6240.0,23805000,Samsung,6238.571428571428,6033.666666666667,0.009708737864077666,0.025822837376995388
2002-02-05,6200.0,6490.0,6140.0,6460.0,48675000,Samsung,6238.571428571428,6080.666666666667,0.03525641025641035,0.024135235396394828
2002-02-06,6400.0,6480.0,6360.0,6380.0,31845000,Samsung,6240.0,6121.333333333333,-0.012383900928792602,0.023990290584544303
2002-02-07,6300.0,6460.0,6240.0,6300.0,36975000,Samsung,6240.0,6151.333333333333,-0.01253918495297801,0.024120513052522698
2002-02-08,6320.0,6420.0,6220.0,6420.0,34105000,Samsung,6291.428571428572,6179.333333333333,0.01904761904761898,0.01782944808702977
2002-02-11,6420.0,6420.0,6420.0,6420.0,0,Samsung,6342.857142857143,6207.333333333333,0.0,0.01782944808702977
2002-02-12,6420.0,6420.0,6420.0,6420.0,0,Samsung,6377.142857142857,6235.333333333333,0.0,0.017283864531957894
2002-02-13,6420.0,6420.0,6420.0,6420.0,0,Samsung,6402.857142857143,6244.0,0.0,0.017287271041745735
2002-02-14,6740.0,7100.0,6630.0,7100.0,98365000,Samsung,6494.285714285715,6275.333333333333,0.10591900311526481,0.04175808021753351
2002-02-15,6940.0,7000.0,6810.0,6830.0,42860000,Samsung,6558.571428571428,6290.333333333333,-0.038028169014084456,0.04545010020499994
2002-02-18,6820.0,6910.0,6780.0,6860.0,35695000,Samsung,6638.571428571428,6307.0,0.004392386530014614,0.04445121716039781
2002-02-19,6900.0,7040.0,6790.0,6850.0,36270000,Samsung,6700.0,6327.666666666667,-0.001457725947521915,0.04466502666405992
2002-02-20,6700.0,6870.0,6700.0,6800.0,34980000,Samsung,6754.285714285715,6339.333333333333,-0.007299270072992692,0.04502436863440876
2002-02-21,6860.0,6890.0,6540.0,6760.0,51595000,Samsung,6802.857142857143,6359.333333333333,-0.00588235294117645,0.0452761679621241
2002-02-22,6550.0,6680.0,6530.0,6670.0,47120000,Samsung,6838.571428571428,6377.666666666667,-0.013313609467455634,0.04595430633159505
2002-02-25,6610.0,6730.0,6530.0,6640.0,33955000,Samsung,6772.857142857143,6379.0,-0.004497751124437732,0.013717417572751717
2002-02-26,6820.0,6880.0,6660.0,6740.0,34055000,Samsung,6760.0,6395.666666666667,0.015060240963855387,0.009214630850977651
2002-02-27,6660.0,7000.0,6660.0,7000.0,45875000,Samsung,6780.0,6428.0,0.03857566765578646,0.017973430602140388
2002-02-28,7000.0,7010.0,6860.0,6860.0,43075000,Samsung,6781.428571428572,6456.666666666667,-0.020000000000000018,0.01999691022079156
2002-03-01,6860.0,6860.0,6860.0,6860.0,0,Samsung,6790.0,6488.0,0.0,0.019718248724632174
2002-03-04,7010.0,7260.0,7000.0,7000.0,60950000,Samsung,6824.285714285715,6527.333333333333,0.020408163265306145,0.020580427140423994
2002-03-05,7270.0,7280.0,7120.0,7220.0,48115000,Samsung,6902.857142857143,6568.0,0.03142857142857136,0.020827330802732722
2002-03-06,7220.0,7360.0,7150.0,7260.0,30955000,Samsung,6991.428571428572,6604.666666666667,0.005540166204986097,0.019859932836158996
2002-03-07,7370.0,7370.0,7110.0,7120.0,24780000,Samsung,7045.714285714285,6635.333333333333,-0.019283746556473802,0.023223987715972328
2002-03-08,7100.0,7150.0,6910.0,6980.0,36710000,Samsung,7042.857142857143,6652.666666666667,-0.0196629213483146,0.02078895141103684
2002-03-11,7000.0,7040.0,6870.0,6970.0,36135000,Samsung,7058.571428571428,6672.666666666667,-0.0014326647564469885,0.018948234980592542
2002-03-12,6880.0,7070.0,6860.0,7060.0,39365000,Samsung,7087.142857142857,6698.0,0.012912482065997155,0.019297746686564365
2002-03-13,6910.0,7050.0,6910.0,6960.0,33440000,Samsung,7081.428571428572,6728.0,-0.014164305949008527,0.018899950331663508
2002-03-14,6890.0,6900.0,6580.0,6880.0,105785000,Samsung,7032.857142857143,6755.333333333333,-0.011494252873563204,0.012696702941626397
2002-03-15,6680.0,6730.0,6580.0,6600.0,71515000,Samsung,6938.571428571428,6769.333333333333,-0.04069767441860461,0.016627213992405167
2002-03-18,6700.0,6720.0,6580.0,6640.0,51835000,Samsung,6870.0,6782.666666666667,0.0060606060606061,0.01784790849385147
2002-03-19,6660.0,6980.0,6660.0,6980.0,63005000,Samsung,6870.0,6800.0,0.051204819277108404,0.028330431111150217
2002-03-20,7020.0,7120.0,6930.0,6980.0,43105000,Samsung,6871.428571428572,6820.0,0.0,0.028320652991378675
2002-03-21,6800.0,6910.0,6800.0,6830.0,33605000,Samsung,6838.571428571428,6837.666666666667,-0.021489971346704828,0.028797950517164064
2002-03-22,6900.0,7140.0,6790.0,7010.0,48595000,Samsung,6845.714285714285,6857.333333333333,0.026354319180087904,0.03052142236800367
2002-03-25,7060.0,7060.0,6800.0,6800.0,54505000,Samsung,6834.285714285715,6870.0,-0.029957203994293913,0.032553509172607964
2002-03-26,6770.0,6980.0,6730.0,6980.0,42195000,Samsung,6888.571428571428,6888.666666666667,0.026470588235294024,0.028641086527568877
2002-03-27,7000.0,7310.0,7000.0,7270.0,61410000,Samsung,6978.571428571428,6917.0,0.04154727793696278,0.03118982199317859
2002-03-28,7250.0,7400.0,7150.0,7150.0,39260000,Samsung,7002.857142857143,6918.666666666667,-0.016506189821182904,0.02784905146230023
2002-03-29,7300.0,7420.0,7260.0,7360.0,36935000,Samsung,7057.142857142857,6936.333333333333,0.029370629370629286,0.029357344539811182
2002-04-01,7500.0,7690.0,7410.0,7480.0,57465000,Samsung,7150.0,6957.0,0.016304347826086918,0.02635855586802332
2002-04-02,7560.0,7970.0,7400.0,7970.0,78395000,Samsung,7287.142857142857,6994.333333333333,0.06550802139037426,0.0329127368238311
2002-04-03,7950.0,8100.0,7860.0,8080.0,60430000,Samsung,7470.0,7037.0,0.013801756587201952,0.02536216391145489
2002-04-04,7980.0,7980.0,7730.0,7780.0,70795000,Samsung,7584.285714285715,7071.0,-0.03712871287128716,0.03456058389246041
2002-04-05,7780.0,7780.0,7780.0,7780.0,0,Samsung,7657.142857142857,7108.0,0.0,0.032999982957177085
2002-04-08,7760.0,7760.0,7380.0,7380.0,77600000,Samsung,7690.0,7132.666666666667,-0.05141388174807193,0.039670444101405786
2002-04-09,7400.0,7470.0,7320.0,7380.0,52740000,Samsung,7692.857142857143,7154.0,0.0,0.03821519303445537
2002-04-10,7380.0,7390.0,7110.0,7120.0,65180000,Samsung,7641.428571428572,7158.0,-0.035230352303523005,0.03971244737759149
2002-04-11,7150.0,7300.0,7120.0,7190.0,71690000,Samsung,7530.0,7169.0,0.00983146067415741,0.02619696512124259
2002-04-12,7190.0,7430.0,7110.0,7380.0,55420000,Samsung,7430.0,7186.333333333333,0.026425591098748313,0.028763195083231573
2002-04-15,7440.0,7760.0,7440.0,7700.0,42665000,Samsung,7418.571428571428,7209.666666666667,0.04336043360433606,0.03304695660857712
2002-04-16,7700.0,7820.0,7630.0,7780.0,42525000,Samsung,7418.571428571428,7228.333333333333,0.010389610389610393,0.03333164187807185
2002-04-17,8010.0,8220.0,7980.0,8120.0,77025000,Samsung,7524.285714285715,7257.0,0.04370179948586128,0.027533718040190416
2002-04-18,8000.0,8170.0,7950.0,8130.0,48785000,Samsung,7631.428571428572,7290.666666666667,0.0012315270935960854,0.027432592012159758
2002-04-19,8130.0,8270.0,7920.0,7920.0,61985000,Samsung,7745.714285714285,7322.0,-0.02583025830258301,0.02470117608697959
2002-04-22,8060.0,8340.0,8040.0,8200.0,61720000,Samsung,7890.0,7363.0,0.03535353535353525,0.025578037592944722
2002-04-23,8200.0,8560.0,8110.0,8540.0,59890000,Samsung,8055.714285714285,7412.333333333333,0.04146341463414638,0.026881107139110058
2002-04-24,8460.0,8640.0,8360.0,8640.0,39980000,Samsung,8190.0,7468.333333333333,0.011709601873536313,0.025175785068810224
2002-04-25,8430.0,8520.0,8250.0,8260.0,51010000,Samsung,8258.57142857143,7514.333333333333,-0.04398148148148151,0.03425495676527109
2002-04-26,8140.0,8230.0,7990.0,8000.0,56155000,Samsung,8241.42857142857,7561.0,-0.03147699757869249,0.033369395304181065
2002-04-29,7800.0,7930.0,7610.0,7620.0,53330000,Samsung,8168.571428571428,7593.666666666667,-0.04749999999999999,0.037496746929892334
2002-04-30,7660.0,7770.0,7560.0,7640.0,44785000,Samsung,8128.571428571428,7615.666666666667,0.002624671916010568,0.03685553825321352
2002-05-01,7640.0,7640.0,7640.0,7640.0,0,Samsung,8048.571428571428,7637.666666666667,0.0,0.03266056011424219
2002-05-02,7740.0,7740.0,7530.0,7590.0,51900000,Samsung,7912.857142857143,7663.0,-0.00654450261780104,0.02406042131650229
2002-05-03,7440.0,7490.0,7260.0,7400.0,55535000,Samsung,7735.714285714285,7676.0,-0.025032938076416378,0.020660232821915706
2002-05-06,7130.0,7220.0,6960.0,6960.0,55135000,Samsung,7550.0,7681.333333333333,-0.05945945945945941,0.0240003818384766
2002-05-07,6810.0,7040.0,6700.0,7040.0,72025000,Samsung,7412.857142857143,7683.333333333333,0.011494252873563315,0.027045510773534117
2002-05-08,7160.0,7380.0,7130.0,7250.0,53325000,Samsung,7360.0,7682.666666666667,0.029829545454545414,0.02862677745056917
2002-05-09,7540.0,7560.0,7240.0,7240.0,74720000,Samsung,7302.857142857143,7685.666666666667,-0.0013793103448276334,0.028448224094320202
2002-05-10,7010.0,7100.0,6640.0,6680.0,100015000,Samsung,7165.714285714285,7663.0,-0.07734806629834257,0.03841601931047234
2002-05-13,6560.0,6770.0,6410.0,6710.0,67570000,Samsung,7040.0,7637.333333333333,0.004491017964071808,0.03919961313389177
2002-05-14,6940.0,7170.0,6900.0,7160.0,59730000,Samsung,7005.714285714285,7610.333333333333,0.06706408345752601,0.04994702949753488
2002-05-15,7360.0,7620.0,7340.0,7520.0,70610000,Samsung,7085.714285714285,7591.666666666667,0.05027932960893855,0.046608207471465615
2002-05-16,7520.0,7530.0,7390.0,7400.0,30645000,Samsung,7137.142857142857,7579.0,-0.015957446808510634,0.04780347939669429
2002-05-17,7500.0,7670.0,7470.0,7650.0,40355000,Samsung,7194.285714285715,7574.666666666667,0.03378378378378377,0.04812478634030274
2002-05-20,7600.0,7610.0,7400.0,7400.0,30245000,Samsung,7217.142857142857,7575.333333333333,-0.0326797385620915,0.05060796989722725
2002-05-21,7290.0,7360.0,7100.0,7120.0,40335000,Samsung,7280.0,7566.666666666667,-0.037837837837837784,0.041349031129133844
2002-05-22,7100.0,7400.0,7030.0,7400.0,37960000,Samsung,7378.571428571428,7576.0,0.0393258426966292,0.042667876133505554
2002-05-23,7340.0,7380.0,7190.0,7200.0,37015000,Samsung,7384.285714285715,7576.333333333333,-0.027027027027026973,0.03804970456396773
2002-05-24,7360.0,7420.0,7300.0,7320.0,34335000,Samsung,7355.714285714285,7574.333333333333,0.016666666666666607,0.032583214942644635
2002-05-27,7200.0,7390.0,7190.0,7230.0,19350000,Samsung,7331.428571428572,7558.666666666667,-0.012295081967213073,0.03237652073885056
2002-05-28,7250.0,7400.0,7210.0,7390.0,23475000,Samsung,7294.285714285715,7545.666666666667,0.022130013831258566,0.03041825798245226
2002-05-29,7300.0,7300.0,7080.0,7240.0,39030000,Samsung,7271.428571428572,7516.333333333333,-0.020297699594046037,0.028826950042136073
2002-05-30,7130.0,7210.0,7040.0,7100.0,31370000,Samsung,7268.571428571428,7482.0,-0.01933701657458564,0.025760058896008468
2002-05-31,7080.0,7130.0,6840.0,6840.0,44735000,Samsung,7188.571428571428,7446.0,-0.036619718309859106,0.022112972060202747
2002-06-03,6720.0,7080.0,6720.0,7020.0,34900000,Samsung,7162.857142857143,7406.666666666667,0.026315789473684292,0.02469701385024656
2002-06-04,6820.0,7080.0,6810.0,7040.0,28405000,Samsung,7122.857142857143,7356.666666666667,0.002849002849002913,0.023345918219612134
2002-06-05,7160.0,7250.0,7090.0,7110.0,25415000,Samsung,7105.714285714285,7305.666666666667,0.009943181818181879,0.023748505836494845
2002-06-06,7110.0,7110.0,7110.0,7110.0,0,Samsung,7065.714285714285,7267.333333333333,0.0,0.021328002944059107
2002-06-07,6910.0,6990.0,6880.0,6900.0,39460000,Samsung,7017.142857142857,7230.666666666667,-0.029535864978902926,0.022654778111244497
2002-06-10,6980.0,7050.0,6960.0,7000.0,28000000,Samsung,7002.857142857143,7210.0,0.01449275362318847,0.023095445738712972
2002-06-11,7000.0,7020.0,6880.0,7000.0,22005000,Samsung,7025.714285714285,7188.666666666667,0.0,0.01731656526982799
2002-06-12,6930.0,7040.0,6920.0,7040.0,42905000,Samsung,7028.571428571428,7168.666666666667,0.005714285714285783,0.014261430619809185
2002-06-13,7040.0,7040.0,7040.0,7040.0,0,Samsung,7028.571428571428,7150.333333333333,0.0,0.014223649522627285
2002-06-14,7070.0,7320.0,7060.0,7190.0,37845000,Samsung,7040.0,7143.333333333333,0.02130681818181812,0.016065204357440903
2002-06-17,7220.0,7290.0,7160.0,7180.0,28255000,Samsung,7050.0,7150.666666666667,-0.0013908205841446364,0.016098460435479755
2002-06-18,7400.0,7500.0,7230.0,7260.0,41960000,Samsung,7101.428571428572,7158.0,0.011142061281337101,0.008634321566249093
2002-06-19,7260.0,7320.0,6870.0,6970.0,63065000,Samsung,7097.142857142857,7148.666666666667,-0.03994490358126723,0.019178420686100685
2002-06-20,6800.0,6880.0,6670.0,6820.0,42950000,Samsung,7071.428571428572,7134.666666666667,-0.021520803443328518,0.020753894808790085
2002-06-21,6700.0,6910.0,6610.0,6800.0,48655000,Samsung,7037.142857142857,7138.666666666667,-0.0029325513196480912,0.020365841563491933
2002-06-24,6630.0,6820.0,6630.0,6780.0,27915000,Samsung,7000.0,7141.0,-0.002941176470588225,0.020281365715820367
2002-06-25,6900.0,6940.0,6760.0,6770.0,30155000,Samsung,6940.0,7128.0,-0.001474926253687281,0.016861670961155647
2002-06-26,6600.0,6610.0,6180.0,6180.0,64210000,Samsung,6797.142857142857,7083.333333333333,-0.08714918759231904,0.03366776909788963
2002-06-27,6380.0,6430.0,6220.0,6260.0,44755000,Samsung,6654.285714285715,7045.333333333333,0.012944983818770295,0.033957511002313576
2002-06-28,6500.0,6690.0,6440.0,6580.0,45560000,Samsung,6598.571428571428,7009.666666666667,0.051118210862619806,0.041778326981876
2002-07-01,6580.0,6580.0,6580.0,6580.0,0,Samsung,6564.285714285715,6982.333333333333,0.0,0.04135764098569755
2002-07-02,6440.0,6800.0,6360.0,6750.0,40600000,Samsung,6557.142857142857,6970.0,0.02583586626139822,0.04292152971923894
2002-07-03,6630.0,6830.0,6530.0,6760.0,40585000,Samsung,6554.285714285715,6948.666666666667,0.001481481481481417,0.04290765617793424
2002-07-04,6850.0,7000.0,6850.0,7000.0,37020000,Samsung,6587.142857142857,6942.0,0.035502958579881616,0.04487060420815735
2002-07-05,7000.0,7210.0,6980.0,7160.0,45015000,Samsung,6727.142857142857,6936.666666666667,0.02285714285714291,0.018394110686422768
2002-07-08,7400.0,7410.0,7100.0,7180.0,54385000,Samsung,6858.571428571428,6935.0,0.0027932960893854997,0.01953581080653443
2002-07-09,7200.0,7300.0,7110.0,7240.0,33070000,Samsung,6952.857142857143,6930.0,0.008356545961002881,0.014088231292302791
2002-07-10,7100.0,7170.0,6890.0,6940.0,35655000,Samsung,7004.285714285715,6920.0,-0.04143646408839774,0.02519558325253313
2002-07-11,6740.0,6780.0,6630.0,6630.0,37980000,Samsung,6987.142857142857,6904.333333333333,-0.04466858789625361,0.030392898909180913
2002-07-12,6880.0,7090.0,6820.0,7040.0,40000000,Samsung,7027.142857142857,6911.0,0.06184012066365008,0.03895416706182728
2002-07-15,6960.0,7220.0,6960.0,7060.0,36755000,Samsung,7035.714285714285,6912.333333333333,0.0028409090909091717,0.036792207564644304
2002-07-16,7200.0,7230.0,7020.0,7080.0,42635000,Samsung,7024.285714285715,6913.666666666667,0.0028328611898016387,0.03564239889449776
2002-07-17,7080.0,7080.0,7080.0,7080.0,0,Samsung,7010.0,6912.666666666667,0.0,0.035607648160952673
2002-07-18,7070.0,7210.0,7050.0,7140.0,40105000,Samsung,6995.714285714285,6913.666666666667,0.008474576271186418,0.03561310006890575
2002-07-19,7000.0,7010.0,6760.0,6830.0,43190000,Samsung,6980.0,6911.333333333333,-0.04341736694677867,0.035989716821462306
2002-07-22,6570.0,6690.0,6540.0,6600.0,39480000,Samsung,6975.714285714285,6898.0,-0.03367496339677889,0.033987771508341334
2002-07-23,6520.0,6900.0,6430.0,6900.0,41355000,Samsung,6955.714285714285,6894.666666666667,0.045454545454545414,0.02923868361487201
2002-07-24,6660.0,6740.0,6590.0,6700.0,33850000,Samsung,6904.285714285715,6883.333333333333,-0.02898550724637683,0.03070763632824065
2002-07-25,7000.0,7020.0,6780.0,6780.0,47515000,Samsung,6861.428571428572,6874.666666666667,0.011940298507462588,0.03138145914915124
2002-07-26,6590.0,6660.0,6340.0,6400.0,63865000,Samsung,6764.285714285715,6848.333333333333,-0.05604719764011801,0.0364175595534879
2002-07-29,6480.0,6550.0,6380.0,6500.0,28925000,Samsung,6672.857142857143,6825.666666666667,0.015625,0.0372359550455933
2002-07-30,6660.0,6780.0,6660.0,6660.0,31170000,Samsung,6648.571428571428,6805.666666666667,0.024615384615384706,0.03676674217556058
2002-07-31,6650.0,6740.0,6620.0,6650.0,27480000,Samsung,6655.714285714285,6795.0,-0.0015015015015015232,0.034217057260884386
2002-08-01,6670.0,6670.0,6420.0,6490.0,26135000,Samsung,6597.142857142857,6784.0,-0.024060150375939893,0.0290624924699678
2002-08-02,6350.0,6440.0,6240.0,6390.0,51860000,Samsung,6552.857142857143,6770.333333333333,-0.015408320493066285,0.02788455766627146
2002-08-05,6310.0,6340.0,6160.0,6180.0,32540000,Samsung,6467.142857142857,6750.333333333333,-0.032863849765258246,0.02811292691022915
2002-08-06,6100.0,6100.0,5970.0,6000.0,61465000,Samsung,6410.0,6724.666666666667,-0.029126213592232997,0.022490825758186492
2002-08-07,6170.0,6280.0,6130.0,6240.0,35240000,Samsung,6372.857142857143,6726.666666666667,0.040000000000000036,0.028115248451141057
2002-08-08,6400.0,6400.0,6220.0,6270.0,47335000,Samsung,6317.142857142857,6727.0,0.004807692307692291,0.02545239096838873
2002-08-09,6390.0,6450.0,6350.0,6380.0,31175000,Samsung,6278.571428571428,6720.333333333333,0.01754385964912286,0.027255267366738088
2002-08-12,6380.0,6420.0,6260.0,6340.0,38830000,Samsung,6257.142857142857,6712.333333333333,-0.006269592476489061,0.026048292128471585
2002-08-13,6340.0,6490.0,6340.0,6490.0,19635000,Samsung,6271.428571428572,6703.666666666667,0.023659305993690927,0.02712110304119223
2002-08-14,6440.0,6460.0,6360.0,6440.0,35980000,Samsung,6308.571428571428,6693.0,-0.007704160246533087,0.023002219597250496
2002-08-15,6440.0,6440.0,6440.0,6440.0,0,Samsung,6371.428571428572,6674.333333333333,0.0,0.01754988423014296
2002-08-16,6600.0,6660.0,6500.0,6510.0,31750000,Samsung,6410.0,6652.666666666667,0.010869565217391353,0.01186363855455979
2002-08-19,6640.0,6700.0,6570.0,6660.0,23175000,Samsung,6465.714285714285,6635.333333333333,0.02304147465437789,0.01342414808257713
2002-08-20,6800.0,6940.0,6770.0,6920.0,42485000,Samsung,6542.857142857143,6624.666666666667,0.039039039039038936,0.017587908277762482
2002-08-21,6920.0,7000.0,6850.0,7000.0,40045000,Samsung,6637.142857142857,6626.666666666667,0.011560693641618602,0.015726599879613837
2002-08-22,7040.0,7060.0,6930.0,6950.0,39610000,Samsung,6702.857142857143,6637.333333333333,-0.0071428571428571175,0.01695010544374437
2002-08-23,6950.0,6950.0,6950.0,6950.0,0,Samsung,6775.714285714285,6634.333333333333,0.0,0.015825402262346595
2002-08-26,6840.0,6840.0,6770.0,6810.0,31810000,Samsung,6828.571428571428,6626.0,-0.020143884892086295,0.019560807717832942
2002-08-27,6810.0,6830.0,6660.0,6660.0,33835000,Samsung,6850.0,6612.0,-0.022026431718061623,0.02253151682290408
2002-08-28,6500.0,6660.0,6500.0,6560.0,29830000,Samsung,6835.714285714285,6594.666666666667,-0.01501501501501501,0.021595457567622472
2002-08-29,6720.0,6720.0,6480.0,6560.0,28695000,Samsung,6784.285714285715,6575.333333333333,0.0,0.012269799410686113
2002-08-30,6520.0,6640.0,6480.0,6620.0,31530000,Samsung,6730.0,6568.333333333333,0.009146341463414531,0.011662341512312576
2002-09-02,6590.0,6800.0,6570.0,6800.0,28810000,Samsung,6708.571428571428,6575.0,0.027190332326284095,0.017688343543037742
2002-09-03,6820.0,6840.0,6650.0,6670.0,22945000,Samsung,6668.571428571428,6567.333333333333,-0.019117647058823573,0.018604023436158308
2002-09-04,6520.0,6560.0,6430.0,6480.0,33640000,Samsung,6621.428571428572,6560.0,-0.028485757121439303,0.019904455273043967
2002-09-05,6560.0,6570.0,6420.0,6420.0,17770000,Samsung,6587.142857142857,6548.0,-0.0092592592592593,0.018844208752368124
2002-09-06,6370.0,6490.0,6360.0,6440.0,27970000,Samsung,6570.0,6549.333333333333,0.0031152647975076775,0.01849336149349662
2002-09-09,6530.0,6570.0,6430.0,6470.0,22015000,Samsung,6557.142857142857,6548.333333333333,0.004658385093167627,0.018680649935229034
2002-09-10,6490.0,6600.0,6480.0,6600.0,17320000,Samsung,6554.285714285715,6546.333333333333,0.020092735703245657,0.020152040328786636
2002-09-11,6670.0,6790.0,6620.0,6730.0,26610000,Samsung,6544.285714285715,6549.0,0.01969696969696977,0.018589409456238132
2002-09-12,6770.0,6860.0,6710.0,6860.0,32885000,Samsung,6571.428571428572,6561.333333333333,0.019316493313521477,0.0181297664488205
2002-09-13,6730.0,6740.0,6630.0,6630.0,23920000,Samsung,6592.857142857143,6569.333333333333,-0.03352769679300294,0.019677133062769005
2002-09-16,6680.0,6680.0,6540.0,6550.0,19385000,Samsung,6611.428571428572,6581.666666666667,-0.012066365007541435,0.02000499192633913
2002-09-17,6680.0,6840.0,6610.0,6840.0,33655000,Samsung,6668.571428571428,6609.666666666667,0.04427480916030535,0.02536210604996528
2002-09-18,6640.0,6700.0,6600.0,6660.0,28480000,Samsung,6695.714285714285,6623.666666666667,-0.02631578947368418,0.028710648859240063
2002-09-19,6700.0,6790.0,6670.0,6700.0,21495000,Samsung,6710.0,6638.0,0.006006006006006093,0.02791797125266116
2002-09-20,6700.0,6700.0,6700.0,6700.0,0,Samsung,6705.714285714285,6648.666666666667,0.0,0.026866702320440587
2002-09-23,6560.0,6600.0,6370.0,6430.0,44800000,Samsung,6644.285714285715,6651.666666666667,-0.040298507462686595,0.028967409380102182
2002-09-24,6260.0,6380.0,6220.0,6380.0,44650000,Samsung,6608.571428571428,6648.0,-0.007776049766718529,0.026869837269868267
2002-09-25,6260.0,6340.0,6080.0,6140.0,42295000,Samsung,6550.0,6638.0,-0.037617554858934144,0.029563631005468917
2002-09-26,6320.0,6370.0,6180.0,6280.0,42535000,Samsung,6470.0,6632.666666666667,0.0228013029315961,0.023661163222514298
2002-09-27,6160.0,6320.0,6140.0,6190.0,30845000,Samsung,6402.857142857143,6622.0,-0.014331210191082855,0.022863146066249743
2002-09-30,5990.0,6000.0,5880.0,5970.0,40780000,Samsung,6298.571428571428,6599.0,-0.03554119547657508,0.023350483848891303
2002-10-01,5820.0,5990.0,5820.0,5950.0,34580000,Samsung,6191.428571428572,6566.666666666667,-0.00335008375209378,0.022996945951628992
2002-10-02,6140.0,6160.0,5960.0,5990.0,36470000,Samsung,6128.571428571428,6533.0,0.006722689075630228,0.021750343962995636
2002-10-03,5990.0,5990.0,5990.0,5990.0,0,Samsung,6072.857142857143,6501.0,0.0,0.022071337302482612
2002-10-04,5840.0,6150.0,5840.0,6120.0,34510000,Samsung,6070.0,6473.333333333333,0.02170283806343898,0.02047486839800584
2002-10-07,6060.0,6080.0,5920.0,5920.0,22180000,Samsung,6018.571428571428,6443.666666666667,-0.0326797385620915,0.02078467997203891
2002-10-08,5890.0,6000.0,5890.0,6000.0,29610000,Samsung,5991.428571428572,6421.666666666667,0.013513513513513598,0.022044468050752847
2002-10-09,6040.0,6040.0,5920.0,5950.0,27245000,Samsung,5988.571428571428,6401.333333333333,-0.008333333333333304,0.017543356376688524
2002-10-10,5810.0,5870.0,5450.0,5470.0,72530000,Samsung,5920.0,6365.0,-0.08067226890756307,0.03520357805710947
2002-10-11,5670.0,5670.0,5310.0,5470.0,67420000,Samsung,5845.714285714285,6326.666666666667,0.0,0.03471533371512991
2002-10-14,5700.0,5810.0,5660.0,5760.0,48320000,Samsung,5812.857142857143,6292.0,0.05301645338208405,0.0427198818539652
2002-10-15,5860.0,6050.0,5750.0,6000.0,45910000,Samsung,5795.714285714285,6269.666666666667,0.04166666666666674,0.04536684369432703
2002-10-16,6100.0,6140.0,5950.0,6100.0,52820000,Samsung,5821.428571428572,6257.0,0.016666666666666607,0.04359095014751553
2002-10-17,6060.0,6220.0,5930.0,6150.0,58125000,Samsung,5842.857142857143,6248.0,0.008196721311475308,0.043466518364925294
2002-10-18,6400.0,6610.0,6320.0,6530.0,90720000,Samsung,5925.714285714285,6251.0,0.06178861788617884,0.04790632310508965
2002-10-21,6500.0,6630.0,6420.0,6480.0,32510000,Samsung,6070.0,6251.333333333333,-0.007656967840735107,0.027261463650186953
2002-10-22,6630.0,6640.0,6260.0,6390.0,40335000,Samsung,6201.428571428572,6244.333333333333,-0.01388888888888884,0.029759220860702113
2002-10-23,6410.0,6560.0,6270.0,6560.0,46750000,Samsung,6315.714285714285,6238.666666666667,0.026604068857589924,0.026823103820933114
2002-10-24,6650.0,6760.0,6640.0,6680.0,50295000,Samsung,6412.857142857143,6232.666666666667,0.018292682926829285,0.02492677220822885
2002-10-25,6610.0,6840.0,6610.0,6800.0,45285000,Samsung,6512.857142857143,6238.333333333333,0.017964071856287456,0.02493985031848865
2002-10-28,6960.0,7260.0,6950.0,7220.0,57720000,Samsung,6665.714285714285,6260.666666666667,0.061764705882352944,0.029906159207862035
2002-10-29,7190.0,7260.0,7060.0,7060.0,45245000,Samsung,6741.428571428572,6268.0,-0.02216066481994461,0.0288305355791636
2002-10-30,6940.0,6980.0,6640.0,6760.0,63295000,Samsung,6781.428571428572,6271.333333333333,-0.04249291784702547,0.03503867279405957
2002-10-31,6900.0,6960.0,6750.0,6900.0,41280000,Samsung,6854.285714285715,6278.0,0.020710059171597628,0.03409715117911647
2002-11-01,6860.0,6920.0,6770.0,6820.0,27225000,Samsung,6891.428571428572,6282.0,-0.011594202898550732,0.0343376518405761
2002-11-04,7080.0,7370.0,7030.0,7350.0,68795000,Samsung,6987.142857142857,6312.666666666667,0.07771260997067442,0.043881340543495115
2002-11-05,7390.0,7400.0,7140.0,7230.0,46110000,Samsung,7048.571428571428,6341.0,-0.01632653061224487,0.04532785082664595
2002-11-06,7360.0,7370.0,7230.0,7310.0,32750000,Samsung,7061.428571428572,6380.0,0.011065006915629283,0.03925864870591043
2002-11-07,7310.0,7380.0,7180.0,7330.0,41545000,Samsung,7100.0,6415.0,0.002735978112175186,0.03776016479642844
2002-11-08,7120.0,7190.0,7040.0,7190.0,36000000,Samsung,7161.428571428572,6448.333333333333,-0.019099590723055893,0.03355716093469403
2002-11-11,7120.0,7120.0,6900.0,6980.0,27855000,Samsung,7172.857142857143,6482.0,-0.029207232267037586,0.0359504918909198
2002-11-12,6790.0,6950.0,6770.0,6930.0,33100000,Samsung,7188.571428571428,6514.666666666667,-0.007163323782234943,0.03570564521939961
2002-11-13,6990.0,7020.0,6890.0,6980.0,38210000,Samsung,7135.714285714285,6547.666666666667,0.00721500721500723,0.01499621789124286
2002-11-14,6900.0,6980.0,6780.0,6800.0,31635000,Samsung,7074.285714285715,6574.666666666667,-0.025787965616045794,0.016318296092376276
2002-11-15,7020.0,7160.0,6990.0,7160.0,41990000,Samsung,7052.857142857143,6609.333333333333,0.05294117647058827,0.02813157287593961
2002-11-18,7160.0,7170.0,6990.0,7020.0,28460000,Samsung,7008.571428571428,6646.0,-0.019553072625698276,0.0286798938208366
2002-11-19,6920.0,7050.0,6920.0,7050.0,20825000,Samsung,6988.571428571428,6681.0,0.004273504273504258,0.028231597107290892
2002-11-20,7060.0,7210.0,6990.0,7200.0,40270000,Samsung,7020.0,6722.666666666667,0.02127659574468077,0.02666756707317643
2002-11-21,7420.0,7470.0,7360.0,7380.0,55060000,Samsung,7084.285714285715,6786.333333333333,0.02499999999999991,0.027042402087125675
2002-11-22,7560.0,7600.0,7460.0,7460.0,48550000,Samsung,7152.857142857143,6852.666666666667,0.01084010840108407,0.027029680413999002
2002-11-25,7500.0,7600.0,7460.0,7570.0,32420000,Samsung,7262.857142857143,6913.0,0.014745308310991856,0.021993738974136437
2002-11-26,7590.0,7640.0,7490.0,7570.0,39225000,Samsung,7321.428571428572,6965.333333333333,0.0,0.015032428906673972
2002-11-27,7440.0,7600.0,7440.0,7600.0,23900000,Samsung,7404.285714285715,7015.333333333333,0.003963011889035695,0.00939906654913646
2002-11-28,7740.0,7850.0,7660.0,7700.0,38735000,Samsung,7497.142857142857,7067.0,0.013157894736842035,0.008853663309902454
2002-11-29,7710.0,7760.0,7650.0,7740.0,28085000,Samsung,7574.285714285715,7107.333333333333,0.0051948051948051965,0.008331954462643076
2002-12-02,7740.0,7740.0,7740.0,7740.0,0,Samsung,7625.714285714285,7149.333333333333,0.0,0.006095974400949633
2002-12-03,7760.0,7900.0,7700.0,7860.0,37660000,Samsung,7682.857142857143,7198.333333333333,0.015503875968992276,0.006817769701854146
2002-12-04,7720.0,7750.0,7470.0,7470.0,42435000,Samsung,7668.571428571428,7228.666666666667,-0.04961832061068705,0.02197833179838684
2002-12-05,7380.0,7500.0,7270.0,7470.0,46550000,Samsung,7654.285714285715,7255.0,0.0,0.02197833179838684
2002-12-06,7400.0,7480.0,7330.0,7440.0,27790000,Samsung,7631.428571428572,7276.333333333333,-0.004016064257028162,0.021843048591142392
2002-12-09,7460.0,7480.0,7300.0,7450.0,39300000,Samsung,7595.714285714285,7284.0,0.0013440860215054862,0.020835440529670603
2002-12-10,7280.0,7320.0,7240.0,7290.0,31780000,Samsung,7531.428571428572,7291.666666666667,-0.02147651006711404,0.021199784806197056
2002-12-11,7340.0,7350.0,7210.0,7320.0,35140000,Samsung,7471.428571428572,7310.333333333333,0.004115226337448652,0.021523651234757617
2002-12-12,7310.0,7360.0,7310.0,7360.0,57605000,Samsung,7400.0,7325.666666666667,0.005464480874316946,0.019997416736773743
2002-12-13,7300.0,7330.0,7180.0,7240.0,31630000,Samsung,7367.142857142857,7339.666666666667,-0.016304347826086918,0.010453380016647898
2002-12-16,7060.0,7120.0,6960.0,6970.0,50650000,Samsung,7295.714285714285,7327.0,-0.037292817679558055,0.015909944498371055
2002-12-17,7100.0,7140.0,7040.0,7070.0,45230000,Samsung,7242.857142857143,7321.666666666667,0.01434720229555242,0.018339126434849966
2002-12-18,6940.0,7200.0,6900.0,7150.0,31875000,Samsung,7200.0,7316.333333333333,0.011315417256011262,0.019458738242273
2002-12-19,7150.0,7150.0,7150.0,7150.0,0,Samsung,7180.0,7310.333333333333,0.0,0.018207754494861714
2002-12-20,7120.0,7200.0,7010.0,7160.0,30960000,Samsung,7157.142857142857,7309.333333333333,0.0013986013986013734,0.018068637724582472
2002-12-23,7160.0,7180.0,6940.0,6960.0,25675000,Samsung,7100.0,7308.666666666667,-0.027932960893854775,0.019785667792413544
2002-12-24,6900.0,6980.0,6830.0,6850.0,24370000,Samsung,7044.285714285715,7306.0,-0.015804597701149392,0.019750658872253475
2002-12-25,6850.0,6850.0,6850.0,6850.0,0,Samsung,7027.142857142857,7301.666666666667,0.0,0.01486687579111951
2002-12-26,6850.0,6880.0,6740.0,6790.0,26020000,Samsung,6987.142857142857,7301.333333333333,-0.008759124087591275,0.012978561068076946
2002-12-27,6700.0,6870.0,6680.0,6720.0,23135000,Samsung,6925.714285714285,7286.666666666667,-0.010309278350515427,0.010616813257870143
2002-12-30,6610.0,6700.0,6260.0,6280.0,49905000,Samsung,6801.428571428572,7262.0,-0.06547619047619047,0.0231019745399725
2002-12-31,6280.0,6280.0,6280.0,6280.0,0,Samsung,6675.714285714285,7236.333333333333,0.0,0.022910220142384863
2003-01-01,6280.0,6280.0,6280.0,6280.0,0,Samsung,6578.571428571428,7205.666666666667,0.0,0.02338573133417822
2003-01-02,6380.0,6460.0,6300.0,6430.0,25580000,Samsung,6518.571428571428,7174.0,0.023885350318471277,0.02743172084844987
2003-01-03,6700.0,7000.0,6640.0,6880.0,55530000,Samsung,6522.857142857143,7154.666666666667,0.06998444790046654,0.04067358914331413
2003-01-06,6940.0,7030.0,6880.0,6990.0,24970000,Samsung,6551.428571428572,7135.333333333333,0.015988372093023173,0.0407257572757958
2003-01-07,7180.0,7180.0,6840.0,6850.0,28895000,Samsung,6570.0,7111.333333333333,-0.02002861230329045,0.0414879724251776
2003-01-08,6920.0,6930.0,6770.0,6800.0,25210000,Samsung,6644.285714285715,7084.666666666667,-0.007299270072992692,0.029454343524662766
2003-01-09,6620.0,6660.0,6420.0,6460.0,75290000,Samsung,6670.0,7043.333333333333,-0.050000000000000044,0.037698831482856854
2003-01-10,6600.0,6650.0,6340.0,6480.0,62640000,Samsung,6698.571428571428,7001.333333333333,0.003095975232198178,0.037653357543833886
2003-01-13,6400.0,6690.0,6370.0,6690.0,31445000,Samsung,6735.714285714285,6966.333333333333,0.03240740740740744,0.03849082486609575
2003-01-14,6600.0,6650.0,6500.0,6570.0,26320000,Samsung,6691.428571428572,6923.333333333333,-0.017937219730941756,0.02682626898430365
2003-01-15,6600.0,6670.0,6440.0,6480.0,32735000,Samsung,6618.571428571428,6890.333333333333,-0.013698630136986356,0.02500909342925089
2003-01-16,6400.0,6600.0,6320.0,6600.0,40380000,Samsung,6582.857142857143,6861.333333333333,0.0185185185185186,0.026743544532126882
2003-01-17,6550.0,6570.0,6410.0,6410.0,24405000,Samsung,6527.142857142857,6827.0,-0.028787878787878807,0.028244311001216615
2003-01-20,6240.0,6420.0,6240.0,6400.0,18610000,Samsung,6518.571428571428,6792.0,-0.0015600624024960652,0.02134743063740941
2003-01-21,6360.0,6400.0,6290.0,6380.0,26675000,Samsung,6504.285714285715,6761.666666666667,-0.0031250000000000444,0.021271173958663788
2003-01-22,6290.0,6370.0,6180.0,6230.0,32670000,Samsung,6438.571428571428,6725.333333333333,-0.023510971786833812,0.016041678401984456
2003-01-23,6230.0,6370.0,6150.0,6320.0,36700000,Samsung,6402.857142857143,6690.666666666667,0.014446227929374,0.01793393202362243
2003-01-24,6320.0,6340.0,6130.0,6260.0,33445000,Samsung,6371.428571428572,6658.0,-0.009493670886076,0.0176777716876742
2003-01-27,6020.0,6100.0,5970.0,5980.0,46465000,Samsung,6282.857142857143,6625.0,-0.04472843450479236,0.019814428484563343
2003-01-28,5980.0,6140.0,5980.0,6140.0,26430000,Samsung,6244.285714285715,6594.0,0.026755852842809347,0.02358536451705248
2003-01-29,6070.0,6130.0,5800.0,5830.0,46520000,Samsung,6162.857142857143,6550.0,-0.050488599348534224,0.028769479968336658
2003-01-30,5860.0,5910.0,5790.0,5830.0,35065000,Samsung,6084.285714285715,6506.0,0.0,0.028969591522302624
2003-01-31,5830.0,5830.0,5830.0,5830.0,0,Samsung,6027.142857142857,6461.666666666667,0.0,0.02883354030389284
2003-02-03,5780.0,5890.0,5720.0,5860.0,28670000,Samsung,5961.428571428572,6425.0,0.005145797598627766,0.02776360884768166
2003-02-04,5860.0,5960.0,5840.0,5880.0,40850000,Samsung,5907.142857142857,6392.666666666667,0.0034129692832765013,0.02825809794544081
2003-02-05,5780.0,5910.0,5780.0,5820.0,21430000,Samsung,5884.285714285715,6358.333333333333,-0.010204081632653073,0.02350609364007263
2003-02-06,5810.0,5840.0,5630.0,5660.0,38460000,Samsung,5815.714285714285,6320.666666666667,-0.027491408934707917,0.020580676129055453
2003-02-07,5600.0,5640.0,5400.0,5480.0,48695000,Samsung,5765.714285714285,6279.333333333333,-0.03180212014134276,0.01515968989780097
2003-02-10,5420.0,5460.0,5350.0,5390.0,39390000,Samsung,5702.857142857143,6249.666666666667,-0.01642335766423353,0.014855654297649772
2003-02-11,5400.0,5510.0,5190.0,5430.0,52050000,Samsung,5645.714285714285,6221.333333333333,0.007421150278293043,0.01599678047120204
2003-02-12,5320.0,5600.0,5320.0,5600.0,38100000,Samsung,5608.571428571428,6198.666666666667,0.03130755064456725,0.022038160381731748
2003-02-13,5580.0,5610.0,5430.0,5430.0,38935000,Samsung,5544.285714285715,6165.333333333333,-0.03035714285714286,0.02323311050515638
2003-02-14,5400.0,5460.0,5320.0,5460.0,31730000,Samsung,5492.857142857143,6118.0,0.005524861878453136,0.024077058058233528
2003-02-17,5640.0,5840.0,5600.0,5810.0,43155000,Samsung,5514.285714285715,6078.666666666667,0.0641025641025641,0.03476329310501376
2003-02-18,5820.0,5870.0,5720.0,5860.0,25315000,Samsung,5568.571428571428,6045.666666666667,0.008605851979345935,0.030920888941702453
2003-02-19,6000.0,6160.0,5940.0,5940.0,49545000,Samsung,5647.142857142857,6017.0,0.013651877133105783,0.02863847667424587
2003-02-20,5880.0,6060.0,5880.0,6050.0,33430000,Samsung,5735.714285714285,6003.333333333333,0.0185185185185186,0.02849959482884346
2003-02-21,6100.0,6100.0,5990.0,6040.0,21490000,Samsung,5798.571428571428,5988.666666666667,-0.0016528925619834212,0.028252974663258688
2003-02-24,6060.0,6280.0,6060.0,6190.0,33000000,Samsung,5907.142857142857,5972.0,0.024834437086092676,0.021653432727277322
2003-02-25,6000.0,6040.0,5790.0,5790.0,47465000,Samsung,5954.285714285715,5946.0,-0.06462035541195477,0.03858504172709986
2003-02-26,5790.0,5840.0,5650.0,5680.0,32980000,Samsung,5935.714285714285,5919.333333333333,-0.01899827288428324,0.030833841743329753
2003-02-27,5600.0,5710.0,5520.0,5670.0,37950000,Samsung,5908.571428571428,5888.333333333333,-0.0017605633802817433,0.030440679381368956
2003-02-28,5670.0,5740.0,5580.0,5590.0,20490000,Samsung,5858.571428571428,5861.0,-0.014109347442680775,0.029507745467369024
2003-03-03,5590.0,5900.0,5590.0,5900.0,25520000,Samsung,5837.142857142857,5844.333333333333,0.05545617173524153,0.03735339824184756
2003-03-04,5750.0,5780.0,5650.0,5700.0,25405000,Samsung,5788.571428571428,5821.666666666667,-0.03389830508474578,0.03910964287611874
2003-03-05,5560.0,5590.0,5460.0,5520.0,33420000,Samsung,5692.857142857143,5798.0,-0.03157894736842104,0.03707518516257
2003-03-06,5580.0,5580.0,5430.0,5520.0,19110000,Samsung,5654.285714285715,5771.333333333333,0.0,0.03026812378932943
2003-03-07,5460.0,5700.0,5400.0,5620.0,39685000,Samsung,5645.714285714285,5750.0,0.018115942028985588,0.030939286510728078
2003-03-10,5690.0,5780.0,5640.0,5730.0,29210000,Samsung,5654.285714285715,5741.666666666667,0.019572953736654908,0.031900396618055035
2003-03-11,5690.0,5800.0,5600.0,5750.0,51570000,Samsung,5677.142857142857,5728.666666666667,0.003490401396160525,0.031108659371979163
2003-03-12,5750.0,5830.0,5730.0,5800.0,50580000,Samsung,5662.857142857143,5727.666666666667,0.008695652173912993,0.02202511508240774
2003-03-13,5810.0,5830.0,5650.0,5800.0,53845000,Samsung,5677.142857142857,5726.666666666667,0.0,0.0170709037656329
2003-03-14,5980.0,6060.0,5860.0,5930.0,38295000,Samsung,5735.714285714285,5730.0,0.022413793103448265,0.009617172836017972
2003-03-17,5930.0,5940.0,5640.0,5760.0,38500000,Samsung,5770.0,5726.666666666667,-0.028667790893760592,0.017566439237145272
2003-03-18,5990.0,6030.0,5870.0,5980.0,42135000,Samsung,5821.428571428572,5730.0,0.03819444444444442,0.021111898962888592
2003-03-19,5920.0,6020.0,5880.0,5920.0,29355000,Samsung,5848.571428571428,5733.333333333333,-0.010033444816053505,0.021623502510524924
2003-03-20,6000.0,6230.0,5960.0,6230.0,59500000,Samsung,5917.142857142857,5752.333333333333,0.05236486486486491,0.02804171492356944
2003-03-21,6230.0,6330.0,6170.0,6300.0,31155000,Samsung,5988.571428571428,5779.666666666667,0.011235955056179803,0.028010471863026257
2003-03-24,6340.0,6340.0,6220.0,6250.0,41540000,Samsung,6052.857142857143,5808.333333333333,-0.007936507936507908,0.028738488539703986
2003-03-25,6140.0,6140.0,6060.0,6120.0,44210000,Samsung,6080.0,5831.333333333333,-0.02080000000000004,0.030486739130539824
2003-03-26,6160.0,6210.0,6060.0,6080.0,45140000,Samsung,6125.714285714285,5847.333333333333,-0.006535947712418277,0.027417433921230666
2003-03-27,5980.0,6050.0,5930.0,5970.0,24130000,Samsung,6124.285714285715,5865.333333333333,-0.018092105263157854,0.025280628092697245
2003-03-28,5980.0,6140.0,5930.0,6140.0,33220000,Samsung,6155.714285714285,5888.0,0.028475711892797406,0.02686625786804024
2003-03-31,5960.0,6000.0,5680.0,5680.0,46440000,Samsung,6077.142857142857,5883.666666666667,-0.07491856677524433,0.03239052079077744
2003-04-01,5560.0,5680.0,5480.0,5680.0,49730000,Samsung,5988.571428571428,5877.666666666667,0.0,0.03126834005282357
2003-04-02,5700.0,5740.0,5550.0,5580.0,60345000,Samsung,5892.857142857143,5865.666666666667,-0.017605633802816878,0.031155898364917032
2003-04-03,5720.0,5750.0,5580.0,5580.0,59235000,Samsung,5815.714285714285,5850.0,0.0,0.031570813923751745
2003-04-04,5520.0,5710.0,5440.0,5670.0,53760000,Samsung,5757.142857142857,5837.666666666667,0.016129032258064502,0.03341302729391529
2003-04-07,5760.0,6010.0,5710.0,5980.0,49785000,Samsung,5758.571428571428,5830.666666666667,0.05467372134038806,0.04077675090760601
2003-04-08,5840.0,6030.0,5820.0,5980.0,40425000,Samsung,5735.714285714285,5837.0,0.0,0.038954478645079525
2003-04-09,5840.0,5880.0,5720.0,5730.0,42470000,Samsung,5742.857142857143,5838.666666666667,-0.041806020066889604,0.029688736377266566
2003-04-10,5730.0,5820.0,5670.0,5760.0,54070000,Samsung,5754.285714285715,5841.666666666667,0.005235602094240788,0.02970685165759029
2003-04-11,5700.0,5880.0,5690.0,5700.0,39665000,Samsung,5771.428571428572,5845.333333333333,-0.01041666666666663,0.02901722675227898
2003-04-14,5670.0,5880.0,5670.0,5710.0,35175000,Samsung,5790.0,5839.0,0.0017543859649122862,0.028990507601817175
2003-04-15,5860.0,5930.0,5810.0,5920.0,35260000,Samsung,5825.714285714285,5846.333333333333,0.03677758318739044,0.03142021759227125
2003-04-16,6100.0,6250.0,6070.0,6210.0,55085000,Samsung,5858.571428571428,5869.333333333333,0.0489864864864864,0.03001200194542854
2003-04-17,6140.0,6210.0,6040.0,6040.0,34275000,Samsung,5867.142857142857,5886.666666666667,-0.027375201288244777,0.03256706256951106
2003-04-18,6210.0,6300.0,6060.0,6300.0,40785000,Samsung,5948.571428571428,5909.333333333333,0.04304635761589415,0.029215903315779487
2003-04-21,6240.0,6340.0,6170.0,6180.0,20485000,Samsung,6008.571428571428,5924.333333333333,-0.01904761904761909,0.03176099424996651
2003-04-22,6100.0,6140.0,5950.0,5970.0,35690000,Samsung,6047.142857142857,5931.666666666667,-0.03398058252427183,0.0353924997735517
2003-04-23,6050.0,6110.0,5980.0,6000.0,23690000,Samsung,6088.571428571428,5938.333333333333,0.005025125628140614,0.03533068619166447
2003-04-24,5980.0,6040.0,5840.0,5900.0,23805000,Samsung,6085.714285714285,5941.666666666667,-0.01666666666666672,0.03372088332268182
2003-04-25,5800.0,5840.0,5700.0,5750.0,35760000,Samsung,6020.0,5935.666666666667,-0.025423728813559365,0.026702177942280837
2003-04-28,5690.0,5840.0,5660.0,5700.0,27240000,Samsung,5971.428571428572,5933.666666666667,-0.008695652173912993,0.025663193469975
2003-04-29,5870.0,6030.0,5820.0,6010.0,31235000,Samsung,5930.0,5934.666666666667,0.05438596491228065,0.02949201035769978
2003-04-30,6040.0,6130.0,5990.0,6100.0,32040000,Samsung,5918.571428571428,5940.666666666667,0.014975041597337757,0.02985068822103763
2003-05-01,6100.0,6100.0,6100.0,6100.0,0,Samsung,5937.142857142857,5936.333333333333,0.0,0.026228256979847684
2003-05-02,6100.0,6200.0,6010.0,6140.0,41120000,Samsung,5957.142857142857,5931.0,0.006557377049180246,0.02625074253795772
2003-05-05,6140.0,6140.0,6140.0,6140.0,0,Samsung,5991.428571428572,5927.333333333333,0.0,0.024824285136677313
2003-05-06,6210.0,6320.0,6210.0,6260.0,35920000,Samsung,6064.285714285715,5932.0,0.019543973941368087,0.02084534751347093
2003-05-07,6340.0,6400.0,6200.0,6390.0,49160000,Samsung,6162.857142857143,5942.333333333333,0.02076677316293929,0.018745767388158738
2003-05-08,6390.0,6390.0,6390.0,6390.0,0,Samsung,6217.142857142857,5956.333333333333,0.0,0.009434941135050823
2003-05-09,6320.0,6370.0,6260.0,6340.0,22870000,Samsung,6251.428571428572,5963.0,-0.007824726134585291,0.010798778917098094
2003-05-12,6500.0,6590.0,6460.0,6540.0,36610000,Samsung,6314.285714285715,5991.666666666667,0.03154574132492116,0.014146570509817309
2003-05-13,6540.0,6540.0,6290.0,6320.0,29390000,Samsung,6340.0,6013.0,-0.033639143730886834,0.02186785753455261
2003-05-14,6260.0,6300.0,6170.0,6190.0,24465000,Samsung,6347.142857142857,6033.333333333333,-0.020569620253164556,0.02384149994344118
2003-05-15,6240.0,6340.0,6150.0,6300.0,28510000,Samsung,6352.857142857143,6057.333333333333,0.017770597738287597,0.023625049502015515
2003-05-16,6260.0,6310.0,6140.0,6140.0,31405000,Samsung,6317.142857142857,6073.0,-0.025396825396825418,0.023679559605367582
2003-05-19,6050.0,6090.0,5980.0,6020.0,31090000,Samsung,6264.285714285715,6074.333333333333,-0.019543973941368087,0.024079387148965587
2003-05-20,5920.0,6140.0,5910.0,6130.0,23500000,Samsung,6234.285714285715,6079.333333333333,0.0182724252491695,0.026090159929887714
2003-05-21,6090.0,6170.0,6050.0,6080.0,20475000,Samsung,6168.571428571428,6091.0,-0.00815660685154973,0.020705804144526118
2003-05-22,6030.0,6170.0,5970.0,6000.0,24650000,Samsung,6122.857142857143,6099.0,-0.013157894736842146,0.018124618908966415
2003-05-23,6080.0,6250.0,6070.0,6240.0,21445000,Samsung,6130.0,6117.0,0.040000000000000036,0.024161319335013448
2003-05-26,6240.0,6370.0,6170.0,6340.0,21220000,Samsung,6135.714285714285,6138.0,0.01602564102564097,0.023972511737006184
2003-05-27,6300.0,6360.0,6230.0,6280.0,12840000,Samsung,6155.714285714285,6150.0,-0.009463722397476393,0.021678606042803816
2003-05-28,6480.0,6510.0,6370.0,6420.0,34535000,Samsung,6212.857142857143,6157.0,0.022292993630573354,0.019992254299315084
2003-05-29,6420.0,6540.0,6360.0,6490.0,34130000,Samsung,6264.285714285715,6172.0,0.010903426791277315,0.019638191239295805
2003-05-30,6490.0,6510.0,6400.0,6480.0,23195000,Samsung,6321.428571428572,6178.0,-0.0015408320493066618,0.018855020679218914
2003-06-02,6580.0,6700.0,6580.0,6680.0,33215000,Samsung,6418.571428571428,6194.666666666667,0.030864197530864113,0.017403961066527366
2003-06-03,6550.0,6600.0,6470.0,6470.0,26775000,Samsung,6451.428571428572,6211.333333333333,-0.03143712574850299,0.021225245656140427
2003-06-04,6520.0,6580.0,6430.0,6580.0,20430000,Samsung,6485.714285714285,6230.666666666667,0.01700154559505407,0.02130987725747798
2003-06-05,6660.0,6730.0,6620.0,6670.0,27350000,Samsung,6541.428571428572,6256.333333333333,0.013677811550151908,0.02037288981202577
2003-06-06,6670.0,6670.0,6670.0,6670.0,0,Samsung,6577.142857142857,6287.0,0.0,0.019645788865838783
2003-06-09,6730.0,6890.0,6690.0,6880.0,38905000,Samsung,6632.857142857143,6326.333333333333,0.03148425787106457,0.021967849920839926
2003-06-10,6800.0,6940.0,6780.0,6880.0,20680000,Samsung,6690.0,6355.333333333333,0.0,0.02185699369240321
2003-06-11,6960.0,7050.0,6880.0,6900.0,27520000,Samsung,6721.428571428572,6382.0,0.0029069767441860517,0.019589689169395824
2003-06-12,7000.0,7040.0,6950.0,7000.0,45395000,Samsung,6797.142857142857,6412.0,0.01449275362318847,0.011413089860389468
2003-06-13,7080.0,7120.0,6970.0,7010.0,29815000,Samsung,6858.571428571428,6441.0,0.0014285714285713347,0.011646927055219539
2003-06-16,6900.0,6960.0,6820.0,6820.0,19060000,Samsung,6880.0,6463.666666666667,-0.02710413694721825,0.01765161324893411
2003-06-17,7060.0,7150.0,6990.0,7140.0,42120000,Samsung,6947.142857142857,6493.0,0.04692082111436946,0.023963166743037313
2003-06-18,7030.0,7180.0,7030.0,7080.0,19355000,Samsung,6975.714285714285,6516.0,-0.008403361344537785,0.022718181324678784
2003-06-19,7200.0,7500.0,7140.0,7400.0,48170000,Samsung,7050.0,6549.666666666667,0.04519774011299438,0.027255480061100183
2003-06-20,7300.0,7400.0,7280.0,7280.0,23375000,Samsung,7104.285714285715,6581.0,-0.01621621621621616,0.02907353679377791
2003-06-23,7280.0,7300.0,7120.0,7140.0,20565000,Samsung,7124.285714285715,6601.0,-0.019230769230769273,0.030582022501789978
2003-06-24,7000.0,7050.0,6980.0,7030.0,22885000,Samsung,7127.142857142857,6624.666666666667,-0.01540616246498594,0.03139812004960411
2003-06-25,7050.0,7210.0,7020.0,7190.0,17285000,Samsung,7180.0,6658.0,0.022759601706970223,0.029611895707428764
2003-06-26,7050.0,7350.0,7050.0,7290.0,17265000,Samsung,7201.428571428572,6691.0,0.013908205841446364,0.02456964170151375
2003-06-27,7340.0,7410.0,7220.0,7220.0,22770000,Samsung,7221.428571428572,6727.0,-0.009602194787380003,0.024668225997040345
2003-06-30,7160.0,7210.0,7070.0,7100.0,15605000,Samsung,7178.571428571428,6763.0,-0.0166204986149584,0.01691528065532452
2003-07-01,7100.0,7250.0,7040.0,7240.0,13000000,Samsung,7172.857142857143,6800.0,0.019718309859154903,0.018587656986441194
2003-07-02,7390.0,7420.0,7310.0,7420.0,25990000,Samsung,7212.857142857143,6844.666666666667,0.024861878453038777,0.01870791231678813
2003-07-03,7640.0,7820.0,7580.0,7640.0,58735000,Samsung,7300.0,6899.333333333333,0.029649595687331498,0.017989077342153152
2003-07-04,7630.0,7710.0,7580.0,7680.0,12565000,Samsung,7370.0,6947.333333333333,0.005235602094240788,0.01746968092651878
2003-07-07,7740.0,7750.0,7670.0,7720.0,14800000,Samsung,7431.428571428572,6993.333333333333,0.005208333333333259,0.017420916632593358
2003-07-08,7990.0,8000.0,7910.0,7970.0,62230000,Samsung,7538.571428571428,7049.666666666667,0.032383419689119064,0.017437575666868457
2003-07-09,7980.0,7990.0,7890.0,7930.0,18865000,Samsung,7657.142857142857,7100.0,-0.005018820577164407,0.014266566752825253
2003-07-10,7880.0,7960.0,7840.0,7840.0,25675000,Samsung,7742.857142857143,7145.0,-0.011349306431273631,0.01740604863268766
2003-07-11,7760.0,7880.0,7700.0,7880.0,22460000,Samsung,7808.571428571428,7191.666666666667,0.005102040816326481,0.01646762454042752
2003-07-14,7900.0,8210.0,7890.0,8190.0,46710000,Samsung,7887.142857142857,7242.0,0.03934010152284273,0.018764995714691937
2003-07-15,8220.0,8230.0,8080.0,8160.0,35205000,Samsung,7955.714285714285,7298.333333333333,-0.00366300366300365,0.01944097088940916
2003-07-16,8300.0,8410.0,8180.0,8360.0,41615000,Samsung,8047.142857142857,7357.666666666667,0.02450980392156854,0.02019143328677276
2003-07-17,8360.0,8360.0,8360.0,8360.0,0,Samsung,8102.857142857143,7414.0,0.0,0.018257078512620015
2003-07-18,7950.0,8160.0,7950.0,8080.0,45980000,Samsung,8124.285714285715,7461.0,-0.03349282296650713,0.0237299875103408
2003-07-21,8040.0,8210.0,8040.0,8140.0,23485000,Samsung,8167.142857142857,7503.0,0.007425742574257432,0.022894571447150323
2003-07-22,8100.0,8240.0,8090.0,8240.0,21290000,Samsung,8218.57142857143,7548.333333333333,0.01228501228501222,0.023028946435199902
2003-07-23,8300.0,8340.0,8040.0,8070.0,24025000,Samsung,8201.42857142857,7587.333333333333,-0.020631067961165095,0.019754025790540034
2003-07-24,8010.0,8180.0,7980.0,8130.0,25795000,Samsung,8197.142857142857,7625.0,0.0074349442379182396,0.020035850366124257
2003-07-25,8080.0,8160.0,7980.0,8160.0,15045000,Samsung,8168.571428571428,7663.333333333333,0.0036900369003689537,0.01705330477867404
2003-07-28,8300.0,8390.0,8250.0,8360.0,20205000,Samsung,8168.571428571428,7714.666666666667,0.02450980392156854,0.02009512954165609
2003-07-29,8400.0,8480.0,8360.0,8470.0,21905000,Samsung,8224.285714285714,7759.0,0.013157894736842035,0.01382669405207458
2003-07-30,8400.0,8470.0,8400.0,8430.0,16200000,Samsung,8265.714285714286,7804.0,-0.0047225501770956635,0.014487378331650045
2003-07-31,8400.0,8490.0,8270.0,8320.0,20615000,Samsung,8277.142857142857,7834.666666666667,-0.013048635824436494,0.015521720264856731
2003-08-01,8360.0,8540.0,8360.0,8520.0,25115000,Samsung,8341.42857142857,7876.0,0.024038461538461453,0.014024305892573214
2003-08-04,8400.0,8520.0,8400.0,8430.0,10235000,Samsung,8384.285714285714,7919.0,-0.010563380281690127,0.01566979882198662
2003-08-05,8450.0,8590.0,8450.0,8560.0,15605000,Samsung,8441.42857142857,7970.0,0.01542111506524324,0.01609124721179468
2003-08-06,8400.0,8420.0,8220.0,8260.0,24635000,Samsung,8427.142857142857,8005.666666666667,-0.03504672897196259,0.020431449587679115
2003-08-07,8240.0,8250.0,8090.0,8200.0,15665000,Samsung,8388.57142857143,8036.0,-0.007263922518159771,0.019416126017329588
2003-08-08,8200.0,8240.0,8090.0,8120.0,11095000,Samsung,8344.285714285714,8066.0,-0.009756097560975618,0.01952061010443242
2003-08-11,7940.0,8160.0,7930.0,8160.0,17040000,Samsung,8321.42857142857,8101.333333333333,0.0049261083743843415,0.019494348747164363
2003-08-12,8200.0,8200.0,7950.0,8000.0,19490000,Samsung,8247.142857142857,8126.666666666667,-0.019607843137254943,0.016264172339235244
2003-08-13,8120.0,8260.0,8080.0,8250.0,13830000,Samsung,8221.42857142857,8154.333333333333,0.03125,0.02214249590064256
2003-08-14,8370.0,8500.0,8270.0,8500.0,23680000,Samsung,8212.857142857143,8183.0,0.030303030303030276,0.024751879787365025
2003-08-15,8500.0,8500.0,8500.0,8500.0,0,Samsung,8247.142857142857,8210.333333333334,0.0,0.019681702183595887
2003-08-18,8550.0,8580.0,8350.0,8380.0,19925000,Samsung,8272.857142857143,8232.333333333334,-0.014117647058823568,0.020504081969119264
2003-08-19,8650.0,8700.0,8600.0,8600.0,23975000,Samsung,8341.42857142857,8253.333333333334,0.026252983293556076,0.021192371971622277
2003-08-20,8620.0,8790.0,8560.0,8700.0,24660000,Samsung,8418.57142857143,8279.0,0.011627906976744207,0.021159077169707215
2003-08-21,8680.0,8840.0,8680.0,8830.0,23415000,Samsung,8537.142857142857,8312.0,0.014942528735632177,0.01686157008586452
2003-08-22,8860.0,8980.0,8830.0,8920.0,25245000,Samsung,8632.857142857143,8346.666666666666,0.010192525481313774,0.015127536832481863
2003-08-25,8880.0,8950.0,8820.0,8860.0,16225000,Samsung,8684.285714285714,8369.0,-0.006726457399103158,0.013796623874542963
2003-08-26,8780.0,8940.0,8730.0,8910.0,21695000,Samsung,8742.857142857143,8394.0,0.0056433408577878375,0.013548563897317796
2003-08-27,8940.0,8950.0,8840.0,8860.0,20545000,Samsung,8811.42857142857,8410.666666666666,-0.0056116722783389195,0.011597587816782225
2003-08-28,9000.0,9000.0,8730.0,8760.0,28335000,Samsung,8834.285714285714,8424.0,-0.011286681715575675,0.01039194784871019
2003-08-29,8820.0,8840.0,8580.0,8700.0,26590000,Samsung,8834.285714285714,8444.666666666666,-0.006849315068493178,0.010083313006069626
2003-09-01,8740.0,8810.0,8650.0,8740.0,16540000,Samsung,8821.42857142857,8464.666666666666,0.0045977011494253706,0.008098459642338117
2003-09-02,8800.0,8820.0,8590.0,8610.0,16285000,Samsung,8777.142857142857,8477.0,-0.014874141876430214,0.0076287912826906055
2003-09-03,8640.0,8710.0,8580.0,8650.0,21495000,Samsung,8747.142857142857,8496.333333333334,0.004645760743321681,0.008377786591704123
2003-09-04,8640.0,8770.0,8620.0,8720.0,14320000,Samsung,8720.0,8516.0,0.008092485549132888,0.008855475514329945
2003-09-05,8840.0,8930.0,8800.0,8860.0,17780000,Samsung,8720.0,8539.333333333334,0.016055045871559592,0.011265703448920677
2003-09-08,8870.0,9030.0,8820.0,9030.0,18265000,Samsung,8758.57142857143,8561.666666666666,0.019187358916478603,0.01201581746209976
2003-09-09,9160.0,9400.0,9140.0,9240.0,44905000,Samsung,8835.714285714286,8587.333333333334,0.023255813953488413,0.012684160416242008
2003-09-10,9240.0,9240.0,9240.0,9240.0,0,Samsung,8907.142857142857,8614.333333333334,0.0,0.013046376955840577
2003-09-11,9240.0,9240.0,9240.0,9240.0,0,Samsung,8997.142857142857,8645.0,0.0,0.00938860861890957
2003-09-12,9240.0,9240.0,9240.0,9240.0,0,Samsung,9081.42857142857,8669.0,0.0,0.009989710441943675
2003-09-15,9100.0,9140.0,8740.0,8750.0,34760000,Samsung,9085.714285714286,8679.666666666666,-0.05303030303030298,0.025738084637335814
2003-09-16,8700.0,8900.0,8680.0,8890.0,22945000,Samsung,9090.0,8690.666666666666,0.016000000000000014,0.02573264810198391
2003-09-17,9000.0,9070.0,8930.0,8990.0,28225000,Samsung,9084.285714285714,8715.0,0.011248593925759387,0.024948832096774336
2003-09-18,9020.0,9030.0,8810.0,8880.0,23055000,Samsung,9032.857142857143,8737.666666666666,-0.012235817575083408,0.0228691316286437
2003-09-19,8990.0,9000.0,8530.0,8600.0,34340000,Samsung,8941.42857142857,8753.666666666666,-0.03153153153153154,0.024656596153425324
2003-09-22,8450.0,8480.0,7990.0,8060.0,42940000,Samsung,8772.857142857143,8750.333333333334,-0.06279069767441858,0.03103598807143748
2003-09-23,8000.0,8050.0,7780.0,7950.0,58805000,Samsung,8588.57142857143,8748.666666666666,-0.013647642679900707,0.03006384667785553
2003-09-24,8080.0,8150.0,7980.0,8100.0,48340000,Samsung,8495.714285714286,8743.666666666666,0.018867924528301883,0.02951620978054864
2003-09-25,7820.0,8030.0,7780.0,8020.0,44665000,Samsung,8371.42857142857,8727.666666666666,-0.00987654320987652,0.027158074680185194
2003-09-26,7920.0,8010.0,7760.0,7760.0,37200000,Samsung,8195.714285714286,8703.0,-0.032418952618453845,0.02526591749160285
2003-09-29,7750.0,7810.0,7560.0,7730.0,37810000,Samsung,8031.428571428572,8681.333333333334,-0.0038659793814432852,0.025913009560015954
2003-09-30,7820.0,8000.0,7820.0,7840.0,42090000,Samsung,7922.857142857143,8656.0,0.014230271668822736,0.028007578217605498
2003-10-01,7760.0,8030.0,7740.0,8000.0,39630000,Samsung,7914.285714285715,8632.666666666666,0.020408163265306145,0.01965984024745061
2003-10-02,8230.0,8230.0,8100.0,8170.0,41260000,Samsung,7945.714285714285,8610.666666666666,0.02124999999999999,0.020302814244677704
2003-10-03,8170.0,8170.0,8170.0,8170.0,0,Samsung,7955.714285714285,8585.666666666666,0.0,0.019237638461748103
2003-10-06,8350.0,8510.0,8330.0,8420.0,44425000,Samsung,8012.857142857143,8571.0,0.030599755201958345,0.021263360963258048
2003-10-07,8540.0,8570.0,8430.0,8520.0,25115000,Samsung,8121.428571428572,8558.0,0.01187648456057011,0.012159928634610491
2003-10-08,8600.0,8600.0,8420.0,8480.0,32550000,Samsung,8228.57142857143,8545.333333333334,-0.0046948356807511304,0.012359608541153111
2003-10-09,8480.0,8620.0,8450.0,8570.0,40505000,Samsung,8332.857142857143,8539.0,0.010613207547169878,0.012393767684961319
2003-10-10,8620.0,8960.0,8560.0,8900.0,41435000,Samsung,8461.42857142857,8545.666666666666,0.03850641773628949,0.015681384716653902
2003-10-13,8780.0,8950.0,8720.0,8900.0,27460000,Samsung,8565.714285714286,8551.0,0.0,0.016411351665520633
2003-10-14,8990.0,9120.0,8980.0,9060.0,34375000,Samsung,8692.857142857143,8566.0,0.01797752808988773,0.015527687384140513
2003-10-15,9120.0,9150.0,8940.0,9020.0,26060000,Samsung,8778.57142857143,8578.333333333334,-0.004415011037527616,0.0152964163170897
2003-10-16,9000.0,9190.0,8920.0,9190.0,37050000,Samsung,8874.285714285714,8594.0,0.018847006651884657,0.015662910262420636
2003-10-17,9180.0,9320.0,8990.0,9040.0,36790000,Samsung,8954.285714285714,8600.0,-0.016322089227421066,0.01803822574215217
2003-10-20,8970.0,9200.0,8970.0,9160.0,28190000,Samsung,9038.57142857143,8604.333333333334,0.01327433628318575,0.018098081410347577
2003-10-21,9240.0,9370.0,9140.0,9240.0,34390000,Samsung,9087.142857142857,8604.333333333334,0.008733624454148492,0.01297090051644125
2003-10-22,9300.0,9420.0,9150.0,9400.0,29480000,Samsung,9158.57142857143,8609.666666666666,0.017316017316017396,0.013403983608707856
2003-10-23,9180.0,9240.0,8900.0,8950.0,35460000,Samsung,9142.857142857143,8600.0,-0.0478723404255319,0.02404730166174773
2003-10-24,8950.0,8990.0,8690.0,8740.0,30240000,Samsung,9102.857142857143,8583.333333333334,-0.02346368715083802,0.025469071146420788
2003-10-27,8750.0,8960.0,8710.0,8960.0,23240000,Samsung,9070.0,8590.333333333334,0.02517162471395884,0.02651418609174265
2003-10-28,8970.0,9290.0,8900.0,9240.0,32095000,Samsung,9098.57142857143,8602.0,0.03125,0.028634737774236557
2003-10-29,9420.0,9480.0,9330.0,9340.0,34570000,Samsung,9124.285714285714,8613.666666666666,0.010822510822510845,0.02850978965354967
2003-10-30,9400.0,9440.0,9320.0,9420.0,20885000,Samsung,9150.0,8631.666666666666,0.008565310492505418,0.028504353114482992
2003-10-31,9500.0,9510.0,9270.0,9400.0,24580000,Samsung,9150.0,8658.333333333334,-0.002123142250530785,0.027828907891468094
2003-11-03,9400.0,9500.0,9330.0,9490.0,18040000,Samsung,9227.142857142857,8706.0,0.009574468085106425,0.01796558846483349
2003-11-04,9600.0,9690.0,9480.0,9580.0,40790000,Samsung,9347.142857142857,8760.333333333334,0.0094836670179137,0.011239754242088878
2003-11-05,9480.0,9610.0,9440.0,9600.0,29740000,Samsung,9438.57142857143,8810.333333333334,0.0020876826722338038,0.01052222974358233
2003-11-06,9600.0,9610.0,9280.0,9300.0,32325000,Samsung,9447.142857142857,8853.0,-0.03125,0.015001142411726724
2003-11-07,9400.0,9540.0,9360.0,9540.0,18955000,Samsung,9475.714285714286,8912.333333333334,0.02580645161290329,0.01749439333387064
2003-11-10,9420.0,9490.0,9190.0,9320.0,26360000,Samsung,9461.42857142857,8965.333333333334,-0.023060796645702264,0.019798860097689944
2003-11-11,9120.0,9230.0,9060.0,9220.0,25245000,Samsung,9435.714285714286,9011.333333333334,-0.010729613733905574,0.020119182700327927
2003-11-12,9200.0,9400.0,9150.0,9400.0,15265000,Samsung,9422.857142857143,9058.0,0.01952277657266821,0.02142985570886459
2003-11-13,9560.0,9570.0,9410.0,9540.0,26885000,Samsung,9417.142857142857,9103.666666666666,0.014893617021276562,0.02196858682047587
2003-11-14,9480.0,9570.0,9380.0,9380.0,19070000,Samsung,9385.714285714286,9144.0,-0.016771488469601636,0.022756383592325822
2003-11-17,9300.0,9310.0,9080.0,9220.0,25245000,Samsung,9374.285714285714,9170.666666666666,-0.017057569296375252,0.020331766228540358
2003-11-18,9160.0,9350.0,9160.0,9330.0,14070000,Samsung,9344.285714285714,9197.666666666666,0.01193058568329719,0.017794289421281792
2003-11-19,9120.0,9210.0,9050.0,9130.0,37555000,Samsung,9317.142857142857,9219.333333333334,-0.02143622722400862,0.017497755928279124
2003-11-20,9060.0,9130.0,8950.0,8980.0,32565000,Samsung,9282.857142857143,9233.0,-0.01642935377875132,0.01805173234393802
2003-11-21,8950.0,9170.0,8920.0,9120.0,32800000,Samsung,9242.857142857143,9240.333333333334,0.015590200445434244,0.017255028365452146
2003-11-24,9090.0,9130.0,8840.0,8870.0,21840000,Samsung,9147.142857142857,9239.333333333334,-0.027412280701754388,0.016864278259949874
2003-11-25,9020.0,9070.0,8920.0,9030.0,23760000,Samsung,9097.142857142857,9238.333333333334,0.018038331454340417,0.019533689032413943
2003-11-26,9050.0,9130.0,8980.0,9100.0,18815000,Samsung,9080.0,9241.0,0.007751937984496138,0.019284181889397966
2003-11-27,9100.0,9140.0,9010.0,9110.0,13295000,Samsung,9048.57142857143,9238.333333333334,0.001098901098901095,0.018422592509328997
2003-11-28,9130.0,9340.0,9130.0,9300.0,18225000,Samsung,9072.857142857143,9247.0,0.020856201975850697,0.018401930038976975
2003-12-01,9300.0,9400.0,9210.0,9320.0,17665000,Samsung,9121.42857142857,9252.333333333334,0.0021505376344086446,0.016399628600023843
2003-12-02,9390.0,9410.0,9330.0,9370.0,19415000,Samsung,9157.142857142857,9256.666666666666,0.005364806866952732,0.015788767181172014
2003-12-03,9400.0,9510.0,9330.0,9420.0,17055000,Samsung,9235.714285714286,9257.333333333334,0.005336179295624355,0.0077349245052664795
2003-12-04,9360.0,9400.0,9220.0,9220.0,21545000,Samsung,9262.857142857143,9266.333333333334,-0.02123142250530785,0.012542974261376058
2003-12-05,9210.0,9210.0,8990.0,9030.0,28375000,Samsung,9252.857142857143,9276.0,-0.02060737527114964,0.015091069358494828
2003-12-08,9030.0,9060.0,8820.0,9000.0,28845000,Samsung,9237.142857142857,9277.333333333334,-0.0033222591362126463,0.015080874921345506
2003-12-09,8980.0,9080.0,8880.0,8900.0,19600000,Samsung,9180.0,9266.0,-0.011111111111111072,0.011564861564761228
2003-12-10,8750.0,9060.0,8720.0,9060.0,52095000,Samsung,9142.857142857143,9256.666666666666,0.01797752808988773,0.014615095353342527
2003-12-11,9060.0,9230.0,9050.0,9050.0,50760000,Samsung,9097.142857142857,9244.333333333334,-0.001103752759381904,0.014124849498405546
2003-12-12,9200.0,9250.0,9060.0,9100.0,21495000,Samsung,9051.42857142857,9234.333333333334,0.005524861878453136,0.014147724869762172
2003-12-15,9200.0,9290.0,9150.0,9220.0,22075000,Samsung,9051.42857142857,9225.333333333334,0.01318681318681314,0.013465645500269434
2003-12-16,9020.0,9160.0,8980.0,9080.0,24525000,Samsung,9058.57142857143,9208.666666666666,-0.015184381778741818,0.012170989696094718
2003-12-17,9100.0,9130.0,8840.0,8850.0,38820000,Samsung,9037.142857142857,9183.666666666666,-0.025330396475770955,0.015746537327684006
2003-12-18,8850.0,8880.0,8750.0,8850.0,39130000,Samsung,9030.0,9168.666666666666,0.0,0.0152618761457091
2003-12-19,8910.0,9040.0,8870.0,8970.0,23530000,Samsung,9017.142857142857,9149.666666666666,0.013559322033898313,0.014429147116891923
2003-12-22,8820.0,8960.0,8820.0,8840.0,22260000,Samsung,8987.142857142857,9133.666666666666,-0.01449275362318836,0.015256996734074758
2003-12-23,8880.0,8930.0,8840.0,8840.0,22600000,Samsung,8950.0,9121.0,0.0,0.01486539978618442
2003-12-24,8900.0,8930.0,8710.0,8780.0,29335000,Samsung,8887.142857142857,9100.333333333334,-0.006787330316742057,0.012778734693852604
2003-12-25,8780.0,8780.0,8780.0,8780.0,0,Samsung,8844.285714285714,9075.0,0.0,0.012419996022130552
2003-12-26,8780.0,8840.0,8780.0,8830.0,21955000,Samsung,8841.42857142857,9056.666666666666,0.005694760820045497,0.008867608586997493
2003-12-29,8800.0,8850.0,8760.0,8800.0,18440000,Samsung,8834.285714285714,9042.666666666666,-0.003397508493771184,0.008941795811681067
2003-12-30,8960.0,9080.0,8900.0,9020.0,22430000,Samsung,8841.42857142857,9032.333333333334,0.02499999999999991,0.012382169939095439
2003-12-31,9020.0,9020.0,9020.0,9020.0,0,Samsung,8867.142857142857,9028.666666666666,0.0,0.010447865608300175
2004-01-01,9020.0,9020.0,9020.0,9020.0,0,Samsung,8892.857142857143,9030.0,0.0,0.010447865608300175
2004-01-02,9020.0,9060.0,8930.0,8980.0,18940000,Samsung,8921.42857142857,9025.333333333334,-0.0044345898004434225,0.010115724819800236
2004-01-05,8980.0,9150.0,8950.0,9150.0,22385000,Samsung,8974.285714285714,9034.666666666666,0.018930957683741756,0.011528881003159103
2004-01-06,9340.0,9340.0,9170.0,9200.0,22405000,Samsung,9027.142857142857,9040.333333333334,0.005464480874316946,0.011530127483603025
2004-01-07,9270.0,9380.0,9240.0,9300.0,19970000,Samsung,9098.57142857143,9047.0,0.010869565217391353,0.010845613650028101
2004-01-08,9420.0,9550.0,9370.0,9380.0,37520000,Samsung,9150.0,9056.0,0.008602150537634357,0.007936406507206282
2004-01-09,9600.0,10240.0,9560.0,10160.0,73480000,Samsung,9312.857142857143,9084.666666666666,0.08315565031982941,0.029911188787025016
2004-01-12,10100.0,10200.0,9960.0,10100.0,33995000,Samsung,9467.142857142857,9110.666666666666,-0.0059055118110236116,0.030563622064357074
2004-01-13,10160.0,10180.0,10000.0,10060.0,22040000,Samsung,9621.42857142857,9133.666666666666,-0.003960396039603964,0.03050952954425019
2004-01-14,9820.0,9990.0,9820.0,9890.0,28740000,Samsung,9727.142857142857,9149.333333333334,-0.016898608349900646,0.03298513188898466
2004-01-15,9900.0,10000.0,9810.0,9930.0,31625000,Samsung,9831.42857142857,9173.0,0.004044489383215444,0.033033614965275626
2004-01-16,10020.0,10140.0,10000.0,10120.0,27745000,Samsung,9948.57142857143,9209.333333333334,0.019133937562940684,0.033158307553830146
2004-01-19,10180.0,10480.0,10140.0,10420.0,26945000,Samsung,10097.142857142857,9256.666666666666,0.029644268774703608,0.0336855101507595
2004-01-20,10420.0,10600.0,10300.0,10520.0,20150000,Samsung,10148.57142857143,9310.666666666666,0.009596928982725572,0.0158527576686216
2004-01-21,10520.0,10520.0,10520.0,10520.0,0,Samsung,10208.57142857143,9359.333333333334,0.0,0.01531797340865294
2004-01-22,10520.0,10520.0,10520.0,10520.0,0,Samsung,10274.285714285714,9408.333333333334,0.0,0.014960441540871899
2004-01-23,10520.0,10520.0,10520.0,10520.0,0,Samsung,10364.285714285714,9455.666666666666,0.0,0.011523510851734885
2004-01-26,10840.0,11100.0,10700.0,10900.0,73785000,Samsung,10502.857142857143,9511.666666666666,0.03612167300380231,0.015089194357412258
2004-01-27,11080.0,11080.0,10600.0,10700.0,34810000,Samsung,10585.714285714286,9565.666666666666,-0.01834862385321101,0.018920694436577096
2004-01-28,10760.0,10960.0,10640.0,10760.0,29185000,Samsung,10634.285714285714,9629.333333333334,0.005607476635514086,0.016379016892333582
2004-01-29,10820.0,10820.0,10560.0,10660.0,23660000,Samsung,10654.285714285714,9689.666666666666,-0.009293680297397744,0.01698487114162228
2004-01-30,10660.0,10680.0,10420.0,10480.0,21515000,Samsung,10648.57142857143,9740.0,-0.016885553470919357,0.018453845556700647
2004-02-02,10480.0,10600.0,10400.0,10600.0,12645000,Samsung,10660.0,9798.666666666666,0.011450381679389388,0.018994752068297992
2004-02-03,10300.0,10480.0,10280.0,10340.0,22930000,Samsung,10634.285714285714,9848.666666666666,-0.024528301886792447,0.021374145901596708
2004-02-04,10280.0,10340.0,10180.0,10180.0,18560000,Samsung,10531.42857142857,9895.333333333334,-0.015473887814313358,0.013300649272198964
2004-02-05,10100.0,10300.0,10060.0,10240.0,18245000,Samsung,10465.714285714286,9944.0,0.005893909626718985,0.013801536983695926
2004-02-06,10320.0,10700.0,10280.0,10540.0,34875000,Samsung,10434.285714285714,10001.0,0.029296875,0.01907084840397838
2004-02-09,10720.0,10920.0,10700.0,10860.0,22635000,Samsung,10462.857142857143,10069.666666666666,0.030360531309297834,0.022413994848904627
2004-02-10,10940.0,11000.0,10760.0,10920.0,20570000,Samsung,10525.714285714286,10133.0,0.005524861878453136,0.02065264041116366
2004-02-11,11000.0,11180.0,10960.0,11080.0,30435000,Samsung,10594.285714285714,10201.666666666666,0.0146520146520146,0.02082624951759562
2004-02-12,11200.0,11200.0,10920.0,10980.0,28550000,Samsung,10685.714285714286,10267.0,-0.009025270758122761,0.01753728698791986
2004-02-13,10900.0,11100.0,10840.0,11100.0,16760000,Samsung,10817.142857142857,10337.666666666666,0.010928961748633892,0.01392755479233773
2004-02-16,11100.0,11320.0,11020.0,11260.0,31250000,Samsung,10962.857142857143,10408.0,0.01441441441441449,0.013621018687299851
2004-02-17,11220.0,11420.0,11120.0,11200.0,18220000,Samsung,11057.142857142857,10474.666666666666,-0.005328596802841923,0.01331189947048575
2004-02-18,11260.0,11360.0,10980.0,10980.0,18650000,Samsung,11074.285714285714,10530.666666666666,-0.019642857142857184,0.013223364614425184
2004-02-19,11020.0,11100.0,10900.0,11100.0,18885000,Samsung,11100.0,10588.0,0.010928961748633892,0.013638778282590679
2004-02-20,10940.0,11080.0,10880.0,10980.0,18165000,Samsung,11085.714285714286,10615.333333333334,-0.010810810810810811,0.013221305977709487
2004-02-23,10900.0,11040.0,10780.0,10940.0,19085000,Samsung,11080.0,10643.333333333334,-0.0036429872495445936,0.012842769664471806
2004-02-24,10800.0,10880.0,10580.0,10620.0,30425000,Samsung,11011.42857142857,10662.0,-0.029250457038391242,0.015593513448592606
2004-02-25,10560.0,10580.0,10440.0,10500.0,24540000,Samsung,10902.857142857143,10682.333333333334,-0.011299435028248594,0.012688812838900542
2004-02-26,10540.0,10640.0,10460.0,10520.0,17225000,Samsung,10805.714285714286,10702.0,0.0019047619047618536,0.013394597472774342
2004-02-27,10400.0,10900.0,10400.0,10900.0,20965000,Samsung,10794.285714285714,10728.0,0.03612167300380231,0.020558984490494342
2004-03-01,10900.0,10900.0,10900.0,10900.0,0,Samsung,10765.714285714286,10744.0,0.0,0.0199191679895328
2004-03-02,11100.0,11160.0,10980.0,11080.0,24930000,Samsung,10780.0,10762.666666666666,0.016513761467889854,0.020665390712737507
2004-03-03,11100.0,11180.0,11040.0,11080.0,17960000,Samsung,10800.0,10781.333333333334,0.0,0.020560532315455994
2004-03-04,11080.0,11380.0,11040.0,11380.0,21405000,Samsung,10908.57142857143,10810.0,0.02707581227436817,0.0170075412154383
2004-03-05,11420.0,11420.0,11280.0,11280.0,21440000,Samsung,11020.0,10835.333333333334,-0.008787346221441172,0.016501052816739054
2004-03-08,11220.0,11260.0,10940.0,10980.0,20235000,Samsung,11085.714285714286,10838.0,-0.02659574468085102,0.02165801651968055
2004-03-09,10800.0,10900.0,10700.0,10780.0,17675000,Samsung,11068.57142857143,10840.666666666666,-0.01821493624772308,0.018743127817506932
2004-03-10,10760.0,10840.0,10600.0,10620.0,22620000,Samsung,11028.57142857143,10836.0,-0.014842300556586308,0.019383025013192605
2004-03-11,10580.0,10820.0,10560.0,10660.0,46135000,Samsung,10968.57142857143,10836.0,0.0037664783427495685,0.017710496976461456
2004-03-12,10600.0,10660.0,10140.0,10480.0,46065000,Samsung,10882.857142857143,10836.0,-0.016885553470919357,0.018004493947742214
2004-03-15,10640.0,10660.0,10500.0,10500.0,18220000,Samsung,10757.142857142857,10832.666666666666,0.001908396946564972,0.011054810608393006
2004-03-16,10340.0,10560.0,10280.0,10560.0,19705000,Samsung,10654.285714285714,10840.0,0.005714285714285783,0.012836575574856951
2004-03-17,10680.0,10940.0,10640.0,10900.0,21170000,Samsung,10642.857142857143,10864.0,0.032196969696969724,0.01788180413807264
2004-03-18,10960.0,10960.0,10740.0,10880.0,22035000,Samsung,10657.142857142857,10885.333333333334,-0.0018348623853210455,0.01623553760602249
2004-03-19,10820.0,11100.0,10800.0,11100.0,17055000,Samsung,10725.714285714286,10904.0,0.020220588235294157,0.01578021277917749
2004-03-22,11000.0,11080.0,10820.0,10880.0,20000000,Samsung,10757.142857142857,10904.666666666666,-0.01981981981981984,0.018695321320101467
2004-03-23,10700.0,10880.0,10640.0,10820.0,19105000,Samsung,10805.714285714286,10901.333333333334,-0.005514705882352922,0.01709805013293527
2004-03-24,10800.0,10900.0,10700.0,10840.0,21040000,Samsung,10854.285714285714,10893.333333333334,0.001848428835489857,0.017099694477989785
2004-03-25,10900.0,10940.0,10620.0,10700.0,23440000,Samsung,10874.285714285714,10884.0,-0.01291512915129156,0.018319423537436014
2004-03-26,10940.0,11080.0,10860.0,10900.0,42705000,Samsung,10874.285714285714,10877.333333333334,0.01869158878504673,0.015027772008709306
2004-03-29,10980.0,11220.0,10960.0,11100.0,24570000,Samsung,10905.714285714286,10872.0,0.0183486238532109,0.01646316038840233
2004-03-30,11240.0,11300.0,11140.0,11200.0,20140000,Samsung,10920.0,10872.0,0.009009009009008917,0.014985362481604312
2004-03-31,11360.0,11440.0,11260.0,11440.0,29890000,Samsung,11000.0,10887.333333333334,0.021428571428571352,0.01327252466252491
2004-04-01,11400.0,11500.0,11360.0,11500.0,19785000,Samsung,11097.142857142857,10900.666666666666,0.005244755244755206,0.01211785695221304
2004-04-02,11560.0,11580.0,11300.0,11300.0,20525000,Samsung,11162.857142857143,10911.333333333334,-0.017391304347826098,0.015631915947337167
2004-04-05,11300.0,11300.0,11300.0,11300.0,0,Samsung,11248.57142857143,10923.333333333334,0.0,0.013656466939884558
2004-04-06,11680.0,11900.0,11640.0,11900.0,41690000,Samsung,11391.42857142857,10966.0,0.053097345132743445,0.02189338183576662
2004-04-07,11900.0,12140.0,11820.0,12000.0,27205000,Samsung,11520.0,11016.0,0.008403361344537785,0.02179726187491465
2004-04-08,12100.0,12100.0,11940.0,12100.0,21400000,Samsung,11648.57142857143,11068.666666666666,0.008333333333333304,0.021811100168302098
2004-04-09,11980.0,12000.0,11800.0,11900.0,16065000,Samsung,11714.285714285714,11102.0,-0.016528925619834656,0.023525005729342293
2004-04-12,11900.0,12280.0,11880.0,12200.0,21795000,Samsung,11814.285714285714,11145.333333333334,0.025210084033613356,0.02462000290367436
2004-04-13,12300.0,12440.0,12240.0,12320.0,30255000,Samsung,11960.0,11186.666666666666,0.009836065573770592,0.021793560880781538
2004-04-14,12320.0,12320.0,12160.0,12300.0,40205000,Samsung,12102.857142857143,11227.333333333334,-0.0016233766233766378,0.021958270645358054
2004-04-15,12300.0,12300.0,12300.0,12300.0,0,Samsung,12160.0,11258.0,0.0,0.012823317603938922
2004-04-16,12200.0,12200.0,11840.0,11880.0,55345000,Samsung,12142.857142857143,11278.0,-0.034146341463414664,0.019288121762357877
2004-04-19,11900.0,11980.0,11820.0,11980.0,38710000,Samsung,12125.714285714286,11311.333333333334,0.008417508417508435,0.019295134723794016
2004-04-20,12140.0,12300.0,11980.0,12300.0,34160000,Samsung,12182.857142857143,11362.0,0.026711185308847973,0.020478218397171403
2004-04-21,12260.0,12540.0,12160.0,12500.0,43295000,Samsung,12225.714285714286,11424.666666666666,0.016260162601626105,0.019241986027755256
2004-04-22,12500.0,12620.0,12340.0,12400.0,36920000,Samsung,12237.142857142857,11482.666666666666,-0.008000000000000007,0.019463854128321374
2004-04-23,12500.0,12740.0,12440.0,12740.0,36010000,Samsung,12300.0,11558.0,0.02741935483870961,0.021750537043378804
2004-04-26,12740.0,12760.0,12520.0,12520.0,28090000,Samsung,12331.42857142857,11625.333333333334,-0.017268445839874413,0.023363070443714086
2004-04-27,12520.0,12580.0,12300.0,12360.0,35100000,Samsung,12400.0,11685.333333333334,-0.012779552715655007,0.018658018081348413
2004-04-28,12360.0,12380.0,12020.0,12040.0,39765000,Samsung,12408.57142857143,11723.333333333334,-0.02588996763754048,0.022058859457438983
2004-04-29,11700.0,11800.0,11440.0,11520.0,60840000,Samsung,12297.142857142857,11744.666666666666,-0.04318936877076407,0.024160065990384824
2004-04-30,11200.0,11420.0,10980.0,11140.0,69125000,Samsung,12102.857142857143,11746.0,-0.03298611111111116,0.022681684944899413
2004-05-03,11140.0,11220.0,10920.0,11120.0,38245000,Samsung,11920.0,11754.0,-0.0017953321364452268,0.023166989226844396
2004-05-04,11120.0,11280.0,11000.0,11100.0,47555000,Samsung,11685.714285714286,11763.333333333334,-0.0017985611510791255,0.015603118067240029
2004-05-05,11100.0,11100.0,11100.0,11100.0,0,Samsung,11482.857142857143,11772.0,0.0,0.017269931362783653
2004-05-06,10960.0,11000.0,10520.0,10560.0,58090000,Samsung,11225.714285714286,11767.333333333334,-0.048648648648648596,0.02079775425873555
2004-05-07,10500.0,10800.0,10360.0,10800.0,45745000,Samsung,11048.57142857143,11764.0,0.022727272727272707,0.02660605334298451
2004-05-10,10600.0,10680.0,9840.0,10180.0,50775000,Samsung,10857.142857142857,11733.333333333334,-0.05740740740740746,0.02949394051998127
2004-05-11,10180.0,10320.0,9980.0,10020.0,52660000,Samsung,10697.142857142857,11694.0,-0.015717092337917515,0.028656955281061117
2004-05-12,10300.0,10600.0,10220.0,10500.0,45270000,Samsung,10608.57142857143,11662.666666666666,0.0479041916167664,0.037245855224522
2004-05-13,10400.0,10500.0,10140.0,10140.0,38605000,Samsung,10471.42857142857,11617.333333333334,-0.03428571428571425,0.038413605466612724
2004-05-14,10220.0,10320.0,9710.0,9830.0,53855000,Samsung,10290.0,11568.333333333334,-0.030571992110453694,0.038532584319240566
2004-05-17,9760.0,9840.0,9160.0,9160.0,54650000,Samsung,10090.0,11497.0,-0.06815869786368256,0.0418060693309391
2004-05-18,9010.0,9560.0,8960.0,9470.0,54350000,Samsung,9900.0,11416.0,0.033842794759825434,0.04383301498082216
2004-05-19,9580.0,10120.0,9570.0,10000.0,41465000,Samsung,9874.285714285714,11349.333333333334,0.05596620908130934,0.04753560999488398
2004-05-20,9920.0,10180.0,9740.0,9890.0,41540000,Samsung,9855.714285714286,11275.666666666666,-0.01100000000000001,0.047334716141865685
2004-05-21,9990.0,10040.0,9870.0,10040.0,22495000,Samsung,9790.0,11213.666666666666,0.015166835187057526,0.04314048995992051
2004-05-24,10280.0,10300.0,10120.0,10220.0,19995000,Samsung,9801.42857142857,11147.666666666666,0.017928286852589626,0.04184389865206346
2004-05-25,10040.0,10060.0,9830.0,9840.0,27125000,Samsung,9802.857142857143,11065.0,-0.03718199608610573,0.04276283922465836
2004-05-26,9840.0,9840.0,9840.0,9840.0,0,Samsung,9900.0,10983.0,0.0,0.030372356979119965
2004-05-27,10220.0,10260.0,10100.0,10120.0,28035000,Samsung,9992.857142857143,10910.333333333334,0.028455284552845628,0.02974928943372877
2004-05-28,10320.0,10400.0,10200.0,10400.0,25515000,Samsung,10050.0,10861.0,0.027667984189723382,0.02376835562913103
2004-05-31,10340.0,10360.0,9990.0,10120.0,23875000,Samsung,10082.857142857143,10799.0,-0.02692307692307694,0.026280324927444487
2004-06-01,10160.0,10340.0,10120.0,10300.0,15500000,Samsung,10120.0,10732.333333333334,0.01778656126482203,0.026490514565126216
2004-06-02,10200.0,10220.0,9980.0,10040.0,25795000,Samsung,10094.285714285714,10650.333333333334,-0.025242718446601975,0.02769501408804089
2004-06-03,10060.0,10140.0,9470.0,9470.0,51000000,Samsung,10041.42857142857,10552.666666666666,-0.056772908366533814,0.032407569854694854
2004-06-04,9500.0,9630.0,9340.0,9620.0,33960000,Samsung,10010.0,10448.666666666666,0.015839493136219573,0.033354353249870204
2004-06-07,9840.0,9940.0,9770.0,9920.0,28310000,Samsung,9981.42857142857,10362.0,0.031185031185031242,0.033792953063905645
2004-06-08,10100.0,10140.0,9920.0,9960.0,20680000,Samsung,9918.57142857143,10282.0,0.0040322580645162365,0.03138886228246583
2004-06-09,10080.0,10100.0,9610.0,9660.0,28850000,Samsung,9852.857142857143,10202.666666666666,-0.030120481927710885,0.03176965543879004
2004-06-10,9500.0,9580.0,9300.0,9360.0,55930000,Samsung,9718.57142857143,10130.666666666666,-0.03105590062111796,0.030981244769219336
2004-06-11,9360.0,9370.0,8660.0,8730.0,72110000,Samsung,9531.42857142857,10050.333333333334,-0.06730769230769229,0.03717535556002082
2004-06-14,8600.0,8880.0,8530.0,8570.0,46480000,Samsung,9402.857142857143,9965.333333333334,-0.018327605956471982,0.0333360079895216
2004-06-15,8600.0,8770.0,8420.0,8770.0,39720000,Samsung,9281.42857142857,9887.666666666666,0.023337222870478458,0.03454120512105469
2004-06-16,8800.0,9030.0,8690.0,8720.0,37445000,Samsung,9110.0,9808.333333333334,-0.005701254275940704,0.029137773868008074
2004-06-17,8790.0,8840.0,8580.0,8840.0,36855000,Samsung,8950.0,9751.0,0.013761467889908285,0.030554667225376028
2004-06-18,8700.0,8880.0,8560.0,8710.0,26215000,Samsung,8814.285714285714,9681.333333333334,-0.014705882352941124,0.029958041531623642
2004-06-21,8800.0,8980.0,8740.0,8920.0,30140000,Samsung,8751.42857142857,9639.333333333334,0.024110218140068973,0.03199778939046098
2004-06-22,8840.0,8890.0,8710.0,8880.0,21445000,Samsung,8772.857142857143,9601.333333333334,-0.004484304932735439,0.017672249469945393
2004-06-23,9000.0,9080.0,8870.0,8980.0,28555000,Samsung,8831.42857142857,9550.666666666666,0.011261261261261257,0.015207498627181784
2004-06-24,9240.0,9450.0,9180.0,9390.0,36185000,Samsung,8920.0,9525.666666666666,0.04565701559020052,0.020627506168317645
2004-06-25,9490.0,9660.0,9430.0,9640.0,30360000,Samsung,9051.42857142857,9519.333333333334,0.026624068157614422,0.020143056487691904
2004-06-28,9600.0,9600.0,9290.0,9360.0,26850000,Samsung,9125.714285714286,9526.0,-0.02904564315352698,0.02606788767804453
2004-06-29,9200.0,9470.0,9160.0,9420.0,23050000,Samsung,9227.142857142857,9524.333333333334,0.0064102564102563875,0.024082726409033164
2004-06-30,9490.0,9590.0,9390.0,9540.0,25990000,Samsung,9315.714285714286,9509.0,0.01273885350318471,0.0234663505911598
2004-07-01,9520.0,9550.0,9290.0,9300.0,25615000,Samsung,9375.714285714286,9489.333333333334,-0.02515723270440251,0.026659107671487277
2004-07-02,9100.0,9100.0,8820.0,8880.0,35895000,Samsung,9361.42857142857,9450.666666666666,-0.04516129032258065,0.03292379884126619
2004-07-05,8880.0,8930.0,8670.0,8860.0,27500000,Samsung,9285.714285714286,9405.333333333334,-0.0022522522522522292,0.025780696758545572
2004-07-06,8730.0,8930.0,8730.0,8820.0,22855000,Samsung,9168.57142857143,9371.333333333334,-0.004514672686230292,0.021071563411850867
2004-07-07,8500.0,8740.0,8400.0,8740.0,37500000,Samsung,9080.0,9334.666666666666,-0.009070294784580546,0.019757322448066602
2004-07-08,8540.0,8640.0,8390.0,8400.0,55340000,Samsung,8934.285714285714,9277.333333333334,-0.0389016018306636,0.02102998044951889
2004-07-09,8360.0,8510.0,8350.0,8480.0,38780000,Samsung,8782.857142857143,9213.333333333334,0.00952380952380949,0.020319671968304896
2004-07-12,8520.0,8590.0,8440.0,8460.0,33385000,Samsung,8662.857142857143,9158.0,-0.002358490566037763,0.02052775684271142
2004-07-13,8530.0,8670.0,8440.0,8670.0,25770000,Samsung,8632.857142857143,9103.666666666666,0.024822695035461084,0.01940596406316576
2004-07-14,8590.0,8650.0,8330.0,8360.0,30450000,Samsung,8561.42857142857,9047.666666666666,-0.035755478662053086,0.02293032652822037
2004-07-15,8320.0,8380.0,7990.0,8170.0,57275000,Samsung,8468.57142857143,9004.333333333334,-0.022727272727272707,0.023490554376812224
2004-07-16,8080.0,8460.0,7990.0,8460.0,48085000,Samsung,8428.57142857143,8965.666666666666,0.03549571603427171,0.029305785088679898
2004-07-19,8300.0,8550.0,8280.0,8530.0,24125000,Samsung,8447.142857142857,8919.333333333334,0.008274231678486954,0.025143555472640692
2004-07-20,8380.0,8460.0,8340.0,8340.0,20245000,Samsung,8427.142857142857,8865.333333333334,-0.022274325908558046,0.026492563242780612
2004-07-21,8530.0,8630.0,8500.0,8590.0,23740000,Samsung,8445.714285714286,8829.666666666666,0.029976019184652314,0.029123139894339567
2004-07-22,8350.0,8370.0,8270.0,8350.0,31100000,Samsung,8400.0,8796.0,-0.027939464493597188,0.029223868229404527
2004-07-23,8340.0,8430.0,8310.0,8360.0,19550000,Samsung,8400.0,8783.666666666666,0.0011976047904191933,0.025887964010342525
2004-07-26,8200.0,8410.0,8200.0,8360.0,16385000,Samsung,8427.142857142857,8776.666666666666,0.0,0.023866985597754402
2004-07-27,8280.0,8420.0,8200.0,8400.0,20840000,Samsung,8418.57142857143,8764.333333333334,0.004784688995215225,0.01942078206312667
2004-07-28,8540.0,8590.0,8420.0,8460.0,23450000,Samsung,8408.57142857143,8755.666666666666,0.0071428571428571175,0.019336674389719873
2004-07-29,8310.0,8360.0,8200.0,8220.0,17945000,Samsung,8391.42857142857,8735.0,-0.028368794326241176,0.020552346328945485
2004-07-30,8330.0,8390.0,8280.0,8340.0,19500000,Samsung,8355.714285714286,8722.666666666666,0.014598540145985384,0.017113065657847145
2004-08-02,8350.0,8350.0,8160.0,8160.0,22380000,Samsung,8328.57142857143,8697.333333333334,-0.021582733812949617,0.015750586165952818
2004-08-03,8200.0,8300.0,8180.0,8260.0,14365000,Samsung,8314.285714285714,8676.666666666666,0.01225490196078427,0.016782881616518683
2004-08-04,8110.0,8260.0,8060.0,8260.0,18795000,Samsung,8300.0,8652.666666666666,0.0,0.016782881616518683
2004-08-05,8260.0,8470.0,8210.0,8460.0,21590000,Samsung,8308.57142857143,8621.666666666666,0.02421307506053272,0.019414146823264655
2004-08-06,8300.0,8520.0,8280.0,8390.0,17920000,Samsung,8298.57142857143,8580.0,-0.008274231678486954,0.019499216619649207
2004-08-09,8160.0,8380.0,8160.0,8380.0,25340000,Samsung,8321.42857142857,8547.333333333334,-0.0011918951132300348,0.01542739515006467
2004-08-10,8340.0,8510.0,8330.0,8480.0,18820000,Samsung,8341.42857142857,8516.0,0.01193317422434359,0.015119191036697356
2004-08-11,8560.0,8610.0,8510.0,8510.0,18415000,Samsung,8391.42857142857,8481.666666666666,0.0035377358490567,0.010828591161483115
2004-08-12,8460.0,8620.0,8430.0,8620.0,28485000,Samsung,8442.857142857143,8459.0,0.01292596944770863,0.010895263469398057
2004-08-13,8620.0,8800.0,8520.0,8760.0,24825000,Samsung,8514.285714285714,8455.0,0.016241299303944245,0.011091544777133904
2004-08-16,8720.0,8760.0,8530.0,8600.0,18070000,Samsung,8534.285714285714,8446.333333333334,-0.0182648401826484,0.012572644663712244
2004-08-17,8700.0,8720.0,8510.0,8510.0,14355000,Samsung,8551.42857142857,8436.0,-0.010465116279069764,0.012905953137406246
2004-08-18,8590.0,8640.0,8450.0,8600.0,20750000,Samsung,8582.857142857143,8431.333333333334,0.010575793184488758,0.013169071837889408
2004-08-19,8690.0,8840.0,8680.0,8830.0,27970000,Samsung,8632.857142857143,8445.666666666666,0.02674418604651163,0.01565240488490725
2004-08-20,8790.0,8790.0,8670.0,8680.0,16310000,Samsung,8657.142857142857,8452.333333333334,-0.016987542468856143,0.017925926079392435
2004-08-23,8740.0,8790.0,8620.0,8760.0,21770000,Samsung,8677.142857142857,8462.333333333334,0.009216589861751112,0.017634929388617177
2004-08-24,8780.0,8940.0,8690.0,8900.0,20250000,Samsung,8697.142857142857,8470.0,0.015981735159817267,0.01760130703146263
2004-08-25,8920.0,9060.0,8860.0,9020.0,22865000,Samsung,8757.142857142857,8492.0,0.01348314606741563,0.015333180773258383
2004-08-26,9100.0,9180.0,9070.0,9120.0,24855000,Samsung,8844.285714285714,8523.666666666666,0.011086474501108556,0.013283654953102885
2004-08-27,9120.0,9200.0,9080.0,9170.0,20145000,Samsung,8925.714285714286,8547.333333333334,0.005482456140350811,0.013386869604151303
2004-08-30,9170.0,9250.0,9110.0,9160.0,12080000,Samsung,8972.857142857143,8568.333333333334,-0.0010905125408942062,0.011309966484187707
2004-08-31,9020.0,9080.0,8930.0,9020.0,23415000,Samsung,9021.42857142857,8591.0,-0.015283842794759805,0.010754861023016355
2004-09-01,9020.0,9140.0,8950.0,9060.0,18865000,Samsung,9064.285714285714,8606.666666666666,0.0044345898004434225,0.01063462325015405
2004-09-02,9040.0,9120.0,8960.0,9040.0,17605000,Samsung,9084.285714285714,8629.666666666666,-0.002207505518763808,0.009643207078661028
2004-09-03,8920.0,8960.0,8730.0,8730.0,32385000,Samsung,9042.857142857143,8642.0,-0.034292035398230114,0.015508770047138524
2004-09-06,8700.0,8730.0,8570.0,8670.0,23680000,Samsung,8978.57142857143,8652.333333333334,-0.0068728522336769515,0.01389152422044992
2004-09-07,8680.0,8740.0,8640.0,8680.0,13220000,Samsung,8908.57142857143,8661.666666666666,0.0011534025374855261,0.013321720689876462
2004-09-08,8680.0,8800.0,8670.0,8670.0,17265000,Samsung,8838.57142857143,8668.666666666666,-0.0011520737327188613,0.013316621031176713
2004-09-09,8670.0,8800.0,8620.0,8780.0,32100000,Samsung,8804.285714285714,8687.333333333334,0.012687427912341454,0.014792546238701491
2004-09-10,8840.0,9190.0,8760.0,9150.0,43785000,Samsung,8817.142857142857,8714.333333333334,0.04214123006833703,0.022908552992839733
2004-09-13,9270.0,9500.0,9240.0,9500.0,39665000,Samsung,8882.857142857143,8759.0,0.03825136612021862,0.026585750838422736
2004-09-14,9740.0,9760.0,9620.0,9670.0,40560000,Samsung,9017.142857142857,8806.0,0.017894736842105186,0.0192437193903077
2004-09-15,9550.0,9700.0,9540.0,9560.0,24865000,Samsung,9144.285714285714,8849.333333333334,-0.011375387797311287,0.020145777408646287
2004-09-16,9420.0,9720.0,9380.0,9600.0,29380000,Samsung,9275.714285714286,8887.333333333334,0.004184100418409997,0.01984831089173361
2004-09-17,9600.0,9640.0,9370.0,9390.0,34445000,Samsung,9378.57142857143,8920.666666666666,-0.021874999999999978,0.023760037151373335
2004-09-20,9370.0,9530.0,9340.0,9380.0,23480000,Samsung,9464.285714285714,8954.0,-0.0010649627263046302,0.024228841029293888
2004-09-21,9460.0,9490.0,9380.0,9480.0,17715000,Samsung,9511.42857142857,8987.333333333334,0.010660980810234477,0.01971226988321724
2004-09-22,9500.0,9580.0,9250.0,9250.0,19635000,Samsung,9475.714285714286,9012.0,-0.024261603375527407,0.01609189268755615
2004-09-23,9160.0,9200.0,9090.0,9200.0,23755000,Samsung,9408.57142857143,9031.333333333334,-0.00540540540540535,0.01299443244239152
2004-09-24,9120.0,9230.0,9080.0,9180.0,17320000,Samsung,9354.285714285714,9045.333333333334,-0.0021739130434782483,0.012945683589699775
2004-09-27,9180.0,9180.0,9180.0,9180.0,0,Samsung,9294.285714285714,9064.666666666666,0.0,0.012501967462425174
2004-09-28,9180.0,9180.0,9180.0,9180.0,0,Samsung,9264.285714285714,9087.0,0.0,0.01054094825721127
2004-09-29,9180.0,9180.0,9180.0,9180.0,0,Samsung,9235.714285714286,9106.333333333334,0.0,0.010584122889825487
2004-09-30,9060.0,9180.0,9060.0,9160.0,26600000,Samsung,9190.0,9117.333333333334,-0.002178649237472796,0.008774804704578474
2004-10-01,9160.0,9270.0,9120.0,9220.0,26530000,Samsung,9185.714285714286,9135.333333333334,0.0065502183406114245,0.0036543633163920184
2004-10-04,9420.0,9800.0,9420.0,9800.0,31830000,Samsung,9271.42857142857,9170.0,0.06290672451193058,0.023819187917087713
2004-10-05,9860.0,9860.0,9680.0,9760.0,23165000,Samsung,9354.285714285714,9198.666666666666,-0.004081632653061273,0.023982709620167558
2004-10-06,9790.0,10020.0,9700.0,9890.0,36150000,Samsung,9455.714285714286,9227.666666666666,0.013319672131147486,0.023673432736858048
2004-10-07,9820.0,9890.0,9640.0,9760.0,18145000,Samsung,9538.57142857143,9249.0,-0.013144590495449915,0.0251596581957625
2004-10-08,9660.0,9750.0,9490.0,9530.0,41800000,Samsung,9588.57142857143,9261.0,-0.023565573770491843,0.02799028461349021
2004-10-11,9410.0,9450.0,9310.0,9330.0,38415000,Samsung,9612.857142857143,9266.666666666666,-0.02098635886673661,0.029720329095608365
2004-10-12,9280.0,9280.0,8920.0,8920.0,53085000,Samsung,9570.0,9263.333333333334,-0.04394426580921762,0.03446419333932983
2004-10-13,8940.0,9020.0,8930.0,8980.0,36390000,Samsung,9452.857142857143,9260.666666666666,0.006726457399103047,0.019537692079029504
2004-10-14,8960.0,8960.0,8740.0,8880.0,50850000,Samsung,9327.142857142857,9255.333333333334,-0.011135857461024523,0.0192262288176095
2004-10-15,8820.0,8930.0,8730.0,8740.0,64695000,Samsung,9162.857142857143,9255.666666666666,-0.015765765765765716,0.015262038640523341
2004-10-18,8640.0,8720.0,8560.0,8650.0,37125000,Samsung,9004.285714285714,9255.0,-0.010297482837528626,0.01543141361094216
2004-10-19,8800.0,8870.0,8720.0,8770.0,26410000,Samsung,8895.714285714286,9258.0,0.01387283236994219,0.018877806538292286
2004-10-20,8620.0,8780.0,8550.0,8570.0,24915000,Samsung,8787.142857142857,9254.666666666666,-0.022805017103762815,0.01903958135278648
2004-10-21,8570.0,8720.0,8550.0,8580.0,29165000,Samsung,8738.57142857143,9248.0,0.001166861143523823,0.013094899887149243
2004-10-22,8700.0,8830.0,8680.0,8750.0,23290000,Samsung,8705.714285714286,9234.666666666666,0.019813519813519864,0.015783426775363783
2004-10-25,8660.0,8660.0,8490.0,8560.0,31530000,Samsung,8660.0,9203.333333333334,-0.021714285714285686,0.017079226031084735
2004-10-26,8590.0,8670.0,8580.0,8600.0,13740000,Samsung,8640.0,9167.666666666666,0.004672897196261738,0.0166955336466262
2004-10-27,8670.0,8700.0,8490.0,8580.0,26595000,Samsung,8630.0,9135.0,-0.0023255813953488857,0.016317494969431353
2004-10-28,8820.0,8850.0,8680.0,8790.0,22675000,Samsung,8632.857142857143,9108.0,0.02447552447552437,0.0183042397106272
2004-10-29,8760.0,8800.0,8650.0,8790.0,26760000,Samsung,8664.285714285714,9088.0,0.0,0.015245270903000225
2004-11-01,8750.0,8820.0,8660.0,8790.0,11390000,Samsung,8694.285714285714,9068.333333333334,0.0,0.015284258768954099
2004-11-02,8720.0,8860.0,8720.0,8800.0,16450000,Samsung,8701.42857142857,9045.666666666666,0.0011376564277587597,0.013500163384876288
2004-11-03,8840.0,9100.0,8820.0,9100.0,25215000,Samsung,8778.57142857143,9040.666666666666,0.03409090909090917,0.014374317888655846
2004-11-04,9120.0,9130.0,8960.0,8960.0,30080000,Samsung,8830.0,9032.666666666666,-0.01538461538461533,0.017091438590733594
2004-11-05,9040.0,9080.0,8990.0,9050.0,32055000,Samsung,8897.142857142857,9028.333333333334,0.010044642857142794,0.016722782377496925
2004-11-08,9170.0,9170.0,8800.0,8800.0,21140000,Samsung,8898.57142857143,9015.666666666666,-0.027624309392265234,0.019422648416675632
2004-11-09,8690.0,8750.0,8600.0,8620.0,26775000,Samsung,8874.285714285714,8997.0,-0.020454545454545503,0.020957445412897506
2004-11-10,8640.0,8780.0,8640.0,8780.0,18300000,Samsung,8872.857142857143,8983.666666666666,0.018561484918793614,0.022461320532353755
2004-11-11,8780.0,8860.0,8710.0,8740.0,30540000,Samsung,8864.285714285714,8969.666666666666,-0.004555808656036442,0.022518509900257565
2004-11-12,8980.0,9020.0,8870.0,8970.0,22700000,Samsung,8845.714285714286,8961.333333333334,0.026315789473684292,0.020625110868665947
2004-11-15,9060.0,9200.0,9050.0,9130.0,19030000,Samsung,8870.0,8939.0,0.01783723522853964,0.02081866615866801
2004-11-16,9180.0,9200.0,9100.0,9110.0,24750000,Samsung,8878.57142857143,8917.333333333334,-0.0021905805038334725,0.020629145609683732
2004-11-17,9120.0,9250.0,9110.0,9230.0,21975000,Samsung,8940.0,8895.333333333334,0.01317233809001106,0.016502790361445738
2004-11-18,9300.0,9390.0,9200.0,9270.0,29425000,Samsung,9032.857142857143,8879.0,0.004333694474539573,0.011560381940380563
2004-11-19,9200.0,9320.0,8990.0,9080.0,22255000,Samsung,9075.714285714286,8864.0,-0.02049622437971954,0.015702522613204047
2004-11-22,8840.0,8910.0,8730.0,8800.0,34575000,Samsung,9084.285714285714,8846.333333333334,-0.03083700440528636,0.02069355464757796
2004-11-23,8900.0,8910.0,8760.0,8820.0,23210000,Samsung,9062.857142857143,8843.0,0.002272727272727204,0.017584496599572088
2004-11-24,8760.0,8840.0,8680.0,8790.0,23150000,Samsung,9014.285714285714,8836.666666666666,-0.003401360544217691,0.01520810302201822
2004-11-25,8800.0,8890.0,8760.0,8820.0,22185000,Samsung,8972.857142857143,8834.666666666666,0.0034129692832765013,0.015543242641643341
2004-11-26,8770.0,8920.0,8630.0,8660.0,26750000,Samsung,8891.42857142857,8832.0,-0.01814058956916098,0.014040736576870562
2004-11-29,8580.0,8620.0,8470.0,8520.0,31270000,Samsung,8784.285714285714,8827.666666666666,-0.0161662817551963,0.012892058166440604
2004-11-30,8540.0,8700.0,8510.0,8690.0,30700000,Samsung,8728.57142857143,8825.0,0.0199530516431925,0.016856563621983806
2004-12-01,8570.0,8610.0,8490.0,8580.0,21670000,Samsung,8697.142857142857,8825.333333333334,-0.012658227848101222,0.013477241136107149
2004-12-02,8720.0,8760.0,8540.0,8570.0,25995000,Samsung,8661.42857142857,8825.0,-0.0011655011655011815,0.013291784494647131
2004-12-03,8660.0,8680.0,8460.0,8520.0,34600000,Samsung,8622.857142857143,8817.333333333334,-0.005834305717619559,0.013304601747961615
2004-12-06,8500.0,8500.0,8360.0,8360.0,19665000,Samsung,8557.142857142857,8810.666666666666,-0.018779342723004744,0.01377628285862144
2004-12-07,8290.0,8370.0,8210.0,8220.0,26775000,Samsung,8494.285714285714,8798.0,-0.01674641148325362,0.013606543240551564
2004-12-08,8110.0,8390.0,8060.0,8390.0,27215000,Samsung,8475.714285714286,8791.666666666666,0.020681265206812682,0.01645363303253061
2004-12-09,8340.0,8410.0,8200.0,8260.0,40085000,Samsung,8414.285714285714,8774.0,-0.015494636471990453,0.013780605086464866
2004-12-10,8220.0,8240.0,8090.0,8120.0,25880000,Samsung,8348.57142857143,8751.666666666666,-0.016949152542372836,0.014157140516334033
2004-12-13,8000.0,8070.0,7980.0,8040.0,24525000,Samsung,8272.857142857143,8726.666666666666,-0.009852216748768461,0.013860838546327168
2004-12-14,8040.0,8270.0,8040.0,8250.0,27680000,Samsung,8234.285714285714,8708.333333333334,0.026119402985074647,0.01927863700649945
2004-12-15,8360.0,8570.0,8360.0,8570.0,33480000,Samsung,8264.285714285714,8690.666666666666,0.038787878787878816,0.023869899060334796
2004-12-16,8670.0,8880.0,8640.0,8800.0,43090000,Samsung,8347.142857142857,8685.333333333334,0.02683780630105015,0.023297065835891344
2004-12-17,8820.0,8890.0,8710.0,8880.0,22510000,Samsung,8417.142857142857,8679.666666666666,0.009090909090909038,0.022819937997099277
2004-12-20,8740.0,8920.0,8740.0,8900.0,17350000,Samsung,8508.57142857143,8683.0,0.0022522522522523403,0.020606082451351624
2004-12-21,8920.0,8940.0,8800.0,8920.0,14980000,Samsung,8622.857142857143,8693.0,0.0022471910112360494,0.01729348994737746
2004-12-22,8970.0,8990.0,8840.0,8850.0,15735000,Samsung,8738.57142857143,8695.333333333334,-0.007847533632286963,0.01685053246933514
2004-12-23,8900.0,8920.0,8640.0,8690.0,15875000,Samsung,8801.42857142857,8693.666666666666,-0.01807909604519775,0.019580142498546334
2004-12-24,8690.0,8700.0,8600.0,8660.0,15915000,Samsung,8814.285714285714,8683.333333333334,-0.0034522439585730202,0.014118247719462648
2004-12-27,8660.0,8750.0,8630.0,8750.0,11770000,Samsung,8807.142857142857,8670.666666666666,0.010392609699769073,0.009974714277963271
2004-12-28,8720.0,8760.0,8630.0,8720.0,13635000,Samsung,8784.285714285714,8657.666666666666,-0.0034285714285714475,0.008985060023356492
2004-12-29,8680.0,8890.0,8670.0,8890.0,17105000,Samsung,8782.857142857143,8646.333333333334,0.019495412844036775,0.012282598514608264
2004-12-30,8860.0,9020.0,8860.0,9010.0,17265000,Samsung,8795.714285714286,8637.666666666666,0.013498312710911176,0.013331697397678192
2004-12-31,9010.0,9010.0,9010.0,9010.0,0,Samsung,8818.57142857143,8635.333333333334,0.0,0.012729912154281051
2005-01-03,9050.0,9060.0,8920.0,9020.0,10925000,Samsung,8865.714285714286,8642.666666666666,0.0011098779134295356,0.009065094772699903
2005-01-04,9000.0,9020.0,8920.0,8940.0,14015000,Samsung,8905.714285714286,8646.666666666666,-0.008869179600886956,0.010114554943044998
2005-01-05,8800.0,8860.0,8730.0,8860.0,23365000,Samsung,8921.42857142857,8649.0,-0.008948545861297563,0.010881065795478635
2005-01-06,8780.0,8910.0,8700.0,8700.0,17150000,Samsung,8918.57142857143,8645.0,-0.018058690744920947,0.013215606604274807
2005-01-07,8820.0,8830.0,8710.0,8810.0,13615000,Samsung,8907.142857142857,8650.0,0.012643678160919603,0.011672816618224474
2005-01-10,8840.0,8840.0,8750.0,8760.0,12505000,Samsung,8871.42857142857,8658.0,-0.005675368898978461,0.009727690044563022
2005-01-11,8760.0,8840.0,8670.0,8840.0,27855000,Samsung,8847.142857142857,8663.0,0.009132420091324311,0.010891795560466206
2005-01-12,8870.0,8880.0,8800.0,8840.0,14720000,Samsung,8821.42857142857,8671.666666666666,0.0,0.010835592444612662
2005-01-13,8840.0,8940.0,8820.0,8880.0,23695000,Samsung,8812.857142857143,8682.0,0.004524886877828038,0.010772828656990465
2005-01-14,8800.0,9480.0,8790.0,9430.0,71900000,Samsung,8894.285714285714,8712.333333333334,0.061936936936936915,0.02537668210012883
2005-01-17,9800.0,9890.0,9650.0,9850.0,61795000,Samsung,9058.57142857143,8762.0,0.044538706256627814,0.025192624672133446
2005-01-18,9800.0,9810.0,9690.0,9720.0,30240000,Samsung,9188.57142857143,8812.0,-0.013197969543147225,0.02788477908349579
2005-01-19,9720.0,9770.0,9580.0,9600.0,22850000,Samsung,9308.57142857143,8852.333333333334,-0.012345679012345734,0.028787138672836297
2005-01-20,9600.0,9700.0,9510.0,9600.0,19270000,Samsung,9417.142857142857,8897.0,0.0,0.029222391336484643
2005-01-21,9500.0,9720.0,9500.0,9720.0,15030000,Samsung,9542.857142857143,8950.333333333334,0.012499999999999956,0.028729817135087536
2005-01-24,9650.0,9760.0,9550.0,9760.0,19070000,Samsung,9668.57142857143,9007.666666666666,0.004115226337448652,0.02875272832271167
2005-01-25,9600.0,9700.0,9580.0,9670.0,18165000,Samsung,9702.857142857143,9055.0,-0.009221311475409832,0.020285601072393383
2005-01-26,9700.0,9870.0,9690.0,9810.0,24885000,Samsung,9697.142857142857,9096.333333333334,0.014477766287487093,0.011492746901544131
2005-01-27,9900.0,9900.0,9810.0,9840.0,19990000,Samsung,9714.285714285714,9131.0,0.003058103975535076,0.01005790205027368
2005-01-28,9830.0,9830.0,9600.0,9780.0,14220000,Samsung,9740.0,9161.0,-0.0060975609756097615,0.008791008407797401
2005-01-31,9760.0,9900.0,9680.0,9900.0,16465000,Samsung,9782.857142857143,9194.333333333334,0.012269938650306678,0.009369409072766262
2005-02-01,9900.0,9970.0,9830.0,9830.0,21855000,Samsung,9798.57142857143,9224.666666666666,-0.007070707070707116,0.009483807072369526
2005-02-02,9830.0,9880.0,9730.0,9810.0,19750000,Samsung,9805.714285714286,9256.666666666666,-0.0020345879959308144,0.009501920466613509
2005-02-03,9720.0,9940.0,9720.0,9920.0,17445000,Samsung,9841.42857142857,9297.666666666666,0.011213047910295648,0.00904937233000116
2005-02-04,9880.0,9970.0,9860.0,9910.0,12855000,Samsung,9855.714285714286,9339.333333333334,-0.0010080645161290036,0.007775196656743226
2005-02-07,10120.0,10240.0,10060.0,10200.0,33935000,Samsung,9907.142857142857,9387.666666666666,0.029263370332996974,0.013129282879406677
2005-02-08,10200.0,10200.0,10200.0,10200.0,0,Samsung,9967.142857142857,9437.0,0.0,0.012437350424556364
2005-02-09,10200.0,10200.0,10200.0,10200.0,0,Samsung,10010.0,9480.666666666666,0.0,0.01228498906098881
2005-02-10,10200.0,10200.0,10200.0,10200.0,0,Samsung,10062.857142857143,9520.333333333334,0.0,0.011453159666602803
2005-02-11,10100.0,10180.0,10020.0,10120.0,25885000,Samsung,10107.142857142857,9557.333333333334,-0.007843137254901933,0.012259208067282684
2005-02-14,10260.0,10440.0,10200.0,10340.0,28265000,Samsung,10167.142857142857,9601.333333333334,0.021739130434782705,0.013769814651472836
2005-02-15,10400.0,10420.0,10220.0,10380.0,26745000,Samsung,10234.285714285714,9649.333333333334,0.003868471953578423,0.013475095440310756
2005-02-16,10440.0,10620.0,10360.0,10400.0,24010000,Samsung,10262.857142857143,9700.666666666666,0.0019267822736031004,0.009104852042769602
2005-02-17,10340.0,10440.0,10300.0,10340.0,17510000,Samsung,10282.857142857143,9755.333333333334,-0.005769230769230749,0.009646910106267483
2005-02-18,10360.0,10540.0,10280.0,10540.0,18355000,Samsung,10331.42857142857,9813.0,0.01934235976789167,0.011562287539843986
2005-02-21,10600.0,10640.0,10480.0,10560.0,23430000,Samsung,10382.857142857143,9873.0,0.00189753320683117,0.011454044813147369
2005-02-22,10560.0,10580.0,10360.0,10440.0,17855000,Samsung,10428.57142857143,9926.333333333334,-0.011363636363636354,0.012168165944671832
2005-02-23,10280.0,10320.0,10180.0,10220.0,19745000,Samsung,10411.42857142857,9972.333333333334,-0.021072796934865856,0.012813133408270422
2005-02-24,10200.0,10400.0,10140.0,10380.0,20985000,Samsung,10411.42857142857,10022.333333333334,0.015655577299412915,0.014335049228372013
2005-02-25,10480.0,10580.0,10420.0,10440.0,20880000,Samsung,10417.142857142857,10056.0,0.005780346820809301,0.014490579926359895
2005-02-28,10600.0,10620.0,10420.0,10540.0,27705000,Samsung,10445.714285714286,10079.0,0.009578544061302763,0.014520521979553338
2005-03-01,10540.0,10540.0,10540.0,10540.0,0,Samsung,10445.714285714286,10106.333333333334,0.0,0.01256331525598951
2005-03-02,10500.0,10560.0,10340.0,10340.0,27425000,Samsung,10414.285714285714,10131.0,-0.018975332068311146,0.014399540324725476
2005-03-03,10300.0,10520.0,10240.0,10380.0,30335000,Samsung,10405.714285714286,10157.0,0.003868471953578423,0.014056657843848647
2005-03-04,10340.0,10340.0,10160.0,10200.0,24410000,Samsung,10402.857142857143,10173.0,-0.017341040462427793,0.013201669530313568
2005-03-07,10300.0,10300.0,10000.0,10140.0,29515000,Samsung,10368.57142857143,10185.666666666666,-0.00588235294117645,0.011255514360879224
2005-03-08,10140.0,10160.0,10000.0,10040.0,26380000,Samsung,10311.42857142857,10198.0,-0.009861932938856066,0.010695375785282495
2005-03-09,9980.0,10000.0,9830.0,10000.0,24890000,Samsung,10234.285714285714,10204.333333333334,-0.003984063745019917,0.008510423232379343
2005-03-10,10060.0,10160.0,9990.0,9990.0,31630000,Samsung,10155.714285714286,10209.333333333334,-0.0010000000000000009,0.008371712930704009
2005-03-11,10140.0,10380.0,10080.0,10380.0,32010000,Samsung,10161.42857142857,10229.333333333334,0.039039039039038936,0.0181893374157126
2005-03-14,10260.0,10320.0,10160.0,10200.0,20845000,Samsung,10135.714285714286,10239.333333333334,-0.017341040462427793,0.019304203239246153
2005-03-15,10240.0,10280.0,9980.0,10040.0,25030000,Samsung,10112.857142857143,10246.333333333334,-0.015686274509803977,0.019098909898717136
2005-03-16,9980.0,10080.0,9910.0,10060.0,18545000,Samsung,10101.42857142857,10254.666666666666,0.0019920318725099584,0.01907104306135728
2005-03-17,9860.0,9970.0,9840.0,9920.0,20875000,Samsung,10084.285714285714,10254.666666666666,-0.013916500994035741,0.019443784336484356
2005-03-18,9860.0,9960.0,9860.0,9900.0,12750000,Samsung,10070.0,10254.333333333334,-0.0020161290322581182,0.01941704651637766
2005-03-21,9830.0,9980.0,9800.0,9840.0,16770000,Samsung,10048.57142857143,10242.333333333334,-0.0060606060606061,0.019499112962742787
2005-03-22,9860.0,10020.0,9790.0,9920.0,15795000,Samsung,9982.857142857143,10233.0,0.008130081300812941,0.00968951871906311
2005-03-23,9860.0,9990.0,9830.0,9970.0,15920000,Samsung,9950.0,10225.333333333334,0.00504032258064524,0.009161185854814976
2005-03-24,10020.0,10120.0,9950.0,10060.0,20100000,Samsung,9952.857142857143,10220.666666666666,0.009027081243731194,0.008273804945088514
2005-03-25,10100.0,10120.0,10000.0,10100.0,10875000,Samsung,9958.57142857143,10220.0,0.003976143141153132,0.008374257979159491
2005-03-28,10200.0,10220.0,10140.0,10200.0,8980000,Samsung,9998.57142857143,10215.333333333334,0.00990099009900991,0.00599504300723999
2005-03-29,10200.0,10220.0,10000.0,10040.0,16855000,Samsung,10018.57142857143,10204.0,-0.015686274509803977,0.009489419078936023
2005-03-30,9880.0,9990.0,9880.0,9960.0,18145000,Samsung,10035.714285714286,10189.333333333334,-0.007968127490039834,0.009783859633798528
2005-03-31,10120.0,10140.0,10020.0,10040.0,17335000,Samsung,10052.857142857143,10179.333333333334,0.008032128514056325,0.009773318698964062
2005-04-01,10040.0,10320.0,10000.0,10240.0,22655000,Samsung,10091.42857142857,10169.333333333334,0.019920318725099584,0.011975690478997394
2005-04-04,10240.0,10340.0,10200.0,10340.0,17215000,Samsung,10131.42857142857,10162.0,0.009765625,0.01203165458759229
2005-04-05,10340.0,10340.0,10340.0,10340.0,0,Samsung,10165.714285714286,10158.666666666666,0.0,0.012125990841037064
2005-04-06,10360.0,10400.0,10200.0,10360.0,20505000,Samsung,10188.57142857143,10163.333333333334,0.0019342359767891004,0.011785805679649135
2005-04-07,10360.0,10400.0,10300.0,10360.0,17855000,Samsung,10234.285714285714,10162.666666666666,0.0,0.008949129102112654
2005-04-08,10480.0,10500.0,10400.0,10440.0,13945000,Samsung,10302.857142857143,10162.666666666666,0.007722007722007707,0.007064633953101345
2005-04-11,10440.0,10440.0,10320.0,10340.0,9565000,Samsung,10345.714285714286,10156.0,-0.009578544061302652,0.009316224315528697
2005-04-12,10320.0,10400.0,10260.0,10400.0,10385000,Samsung,10368.57142857143,10151.333333333334,0.005802707930367523,0.00644446582531735
2005-04-13,10360.0,10400.0,10320.0,10360.0,10675000,Samsung,10371.42857142857,10152.0,-0.0038461538461538325,0.005816532864701941
2005-04-14,10260.0,10280.0,10040.0,10040.0,33175000,Samsung,10328.57142857143,10140.666666666666,-0.030888030888030937,0.01315750481863305
2005-04-15,10000.0,10040.0,9780.0,9830.0,43345000,Samsung,10252.857142857143,10128.333333333334,-0.020916334661354563,0.014198005033438175
2005-04-18,9470.0,9630.0,9440.0,9520.0,43245000,Samsung,10132.857142857143,10107.666666666666,-0.03153611393692779,0.01630990865767061
2005-04-19,9540.0,9600.0,9480.0,9480.0,30145000,Samsung,9995.714285714286,10089.0,-0.004201680672268893,0.014434979900090157
2005-04-20,9570.0,9660.0,9380.0,9400.0,32885000,Samsung,9861.42857142857,10069.0,-0.008438818565400852,0.01449413854221213
2005-04-21,9240.0,9400.0,9150.0,9320.0,29320000,Samsung,9707.142857142857,10046.666666666666,-0.008510638297872353,0.012148092966123262
2005-04-22,9500.0,9520.0,9340.0,9340.0,16725000,Samsung,9561.42857142857,10012.0,0.0021459227467810482,0.013264089444418502
2005-04-25,9240.0,9490.0,9240.0,9490.0,16435000,Samsung,9482.857142857143,9988.333333333334,0.016059957173447437,0.015370048624323266
2005-04-26,9490.0,9490.0,9420.0,9420.0,9375000,Samsung,9424.285714285714,9967.666666666666,-0.00737618545837726,0.014273909554361116
2005-04-27,9260.0,9340.0,9220.0,9280.0,20590000,Samsung,9390.0,9941.666666666666,-0.014861995753715496,0.010070685042054403
2005-04-28,9260.0,9270.0,9140.0,9200.0,19700000,Samsung,9350.0,9917.666666666666,-0.008620689655172376,0.010251737536246976
2005-04-29,9040.0,9130.0,8990.0,9040.0,29275000,Samsung,9298.57142857143,9889.0,-0.017391304347826098,0.011362689376600526
2005-05-02,9120.0,9160.0,9000.0,9110.0,11845000,Samsung,9268.57142857143,9864.666666666666,0.007743362831858391,0.012271242084145465
2005-05-03,9100.0,9230.0,9050.0,9100.0,13870000,Samsung,9234.285714285714,9837.333333333334,-0.001097694840834218,0.012096348577560288
2005-05-04,9100.0,9340.0,9100.0,9290.0,17315000,Samsung,9205.714285714286,9814.666666666666,0.020879120879120805,0.013464768756752715
2005-05-05,9290.0,9290.0,9290.0,9290.0,0,Samsung,9187.142857142857,9789.0,0.0,0.013349766890849837
2005-05-06,9330.0,9510.0,9330.0,9480.0,24680000,Samsung,9215.714285714286,9768.333333333334,0.020452099031216253,0.014278433831864711
2005-05-09,9500.0,9550.0,9410.0,9500.0,20035000,Samsung,9258.57142857143,9745.0,0.0021097046413502962,0.013351574627699937
2005-05-10,9560.0,9590.0,9510.0,9540.0,10675000,Samsung,9330.0,9728.333333333334,0.004210526315789442,0.009277229035209462
2005-05-11,9500.0,9510.0,9430.0,9440.0,17300000,Samsung,9377.142857142857,9711.0,-0.010482180293501009,0.011558594710670642
2005-05-12,9480.0,9600.0,9480.0,9500.0,20860000,Samsung,9434.285714285714,9693.0,0.006355932203389925,0.011225303656224992
2005-05-13,9500.0,9700.0,9440.0,9630.0,20545000,Samsung,9482.857142857143,9672.666666666666,0.013684210526315743,0.009911639626732648
2005-05-16,9700.0,9800.0,9680.0,9760.0,17350000,Samsung,9550.0,9653.333333333334,0.01349948078920038,0.010045895778819876
2005-05-17,9800.0,9860.0,9670.0,9790.0,18175000,Samsung,9594.285714285714,9635.0,0.0030737704918033515,0.00817468352789514
2005-05-18,9890.0,9900.0,9780.0,9790.0,17095000,Samsung,9635.714285714286,9616.0,0.0,0.008320926044958658
2005-05-19,9860.0,10020.0,9850.0,9970.0,25435000,Samsung,9697.142857142857,9603.0,0.018386108273748647,0.009867045175117538
2005-05-20,9990.0,10040.0,9900.0,9970.0,11685000,Samsung,9772.857142857143,9587.333333333334,0.0,0.007362670258777167
2005-05-23,9920.0,9970.0,9890.0,9960.0,8045000,Samsung,9838.57142857143,9574.666666666666,-0.0010030090270812808,0.008101078153992431
2005-05-24,9930.0,9970.0,9860.0,9900.0,12750000,Samsung,9877.142857142857,9558.0,-0.0060240963855421326,0.008713687505479809
2005-05-25,9870.0,9930.0,9670.0,9690.0,21315000,Samsung,9867.142857142857,9535.666666666666,-0.021212121212121238,0.01174862575028936
2005-05-26,9630.0,9700.0,9590.0,9640.0,13895000,Samsung,9845.714285714286,9522.333333333334,-0.00515995872033026,0.011688492032577333
2005-05-27,9800.0,9860.0,9730.0,9800.0,18775000,Samsung,9847.142857142857,9521.333333333334,0.016597510373443924,0.013705489897824016
2005-05-30,9800.0,9880.0,9800.0,9870.0,11435000,Samsung,9832.857142857143,9533.0,0.0071428571428571175,0.011740565333043242
2005-05-31,9850.0,9880.0,9730.0,9780.0,22275000,Samsung,9805.714285714286,9543.0,-0.00911854103343468,0.012063379069686088
2005-06-01,9670.0,9790.0,9660.0,9780.0,16545000,Samsung,9780.0,9555.666666666666,0.0,0.01209257378993929
2005-06-02,9900.0,9910.0,9750.0,9750.0,18320000,Samsung,9758.57142857143,9570.0,-0.0030674846625766694,0.012001859518510022
2005-06-03,9760.0,9830.0,9710.0,9760.0,17675000,Samsung,9768.57142857143,9584.0,0.0010256410256410664,0.00855245455854698
2005-06-06,9760.0,9760.0,9760.0,9760.0,0,Samsung,9785.714285714286,9593.0,0.0,0.008139399604399949
2005-06-07,9680.0,9700.0,9600.0,9610.0,24125000,Samsung,9758.57142857143,9599.333333333334,-0.015368852459016424,0.007384002746025863
2005-06-08,9560.0,9620.0,9500.0,9550.0,26785000,Samsung,9712.857142857143,9608.333333333334,-0.00624349635796051,0.005991049662083194
2005-06-09,9510.0,9600.0,9430.0,9600.0,37520000,Samsung,9687.142857142857,9621.666666666666,0.005235602094240788,0.006640686558416786
2005-06-10,9600.0,9890.0,9540.0,9830.0,40645000,Samsung,9694.285714285714,9648.0,0.023958333333333304,0.012128983416378226
2005-06-13,9830.0,9990.0,9830.0,9960.0,22765000,Samsung,9724.285714285714,9676.333333333334,0.01322482197355046,0.012809194583253507
2005-06-14,9960.0,10020.0,9880.0,9930.0,19495000,Samsung,9748.57142857143,9704.0,-0.003012048192771122,0.013008524822711372
2005-06-15,9930.0,10000.0,9890.0,10000.0,22460000,Samsung,9782.857142857143,9727.666666666666,0.007049345417925457,0.01305172365719393
2005-06-16,10000.0,10040.0,9940.0,9970.0,18395000,Samsung,9834.285714285714,9750.333333333334,-0.0030000000000000027,0.010686683348821132
2005-06-17,9980.0,9990.0,9830.0,9870.0,23945000,Samsung,9880.0,9763.333333333334,-0.010030090270812475,0.011438706314398292
2005-06-20,9870.0,9880.0,9790.0,9810.0,16605000,Samsung,9910.0,9773.666666666666,-0.006079027355623046,0.012140676769860711
2005-06-21,9810.0,9830.0,9720.0,9760.0,20260000,Samsung,9900.0,9781.0,-0.0050968399592252744,0.008157905736221814
2005-06-22,9760.0,9880.0,9740.0,9860.0,19650000,Samsung,9885.714285714286,9795.0,0.010245901639344357,0.007328180655375252
2005-06-23,9860.0,9980.0,9840.0,9960.0,25990000,Samsung,9890.0,9810.333333333334,0.010141987829614507,0.00845157931075687
2005-06-24,9920.0,9920.0,9780.0,9820.0,21780000,Samsung,9864.285714285714,9816.666666666666,-0.014056224899598346,0.009419036214655256
2005-06-27,9780.0,9780.0,9660.0,9770.0,28050000,Samsung,9835.714285714286,9817.0,-0.005091649694501044,0.009468609760838093
2005-06-28,9770.0,9810.0,9710.0,9790.0,18530000,Samsung,9824.285714285714,9817.0,0.0020470829068577334,0.009033025412631115
2005-06-29,9800.0,9850.0,9760.0,9800.0,19185000,Samsung,9822.857142857143,9817.333333333334,0.0010214504596526286,0.008779366792293452
2005-06-30,9800.0,9960.0,9800.0,9880.0,19835000,Samsung,9840.0,9814.333333333334,0.008163265306122547,0.008953516128127148
2005-07-01,9880.0,10020.0,9860.0,10020.0,26555000,Samsung,9862.857142857143,9816.0,0.014170040485830038,0.009666275014321702
2005-07-04,10100.0,10180.0,10020.0,10060.0,15655000,Samsung,9877.142857142857,9819.333333333334,0.003992015968063978,0.009102236394101335
2005-07-05,10080.0,10140.0,10000.0,10040.0,9300000,Samsung,9908.57142857143,9824.0,-0.001988071570576566,0.006420603086545164
2005-07-06,10060.0,10140.0,10060.0,10080.0,13455000,Samsung,9952.857142857143,9837.0,0.003984063745019917,0.00528620661404251
2005-07-07,10080.0,10380.0,10080.0,10320.0,31910000,Samsung,10028.57142857143,9859.666666666666,0.023809523809523725,0.00882734398513999
2005-07-08,10340.0,10440.0,10320.0,10320.0,19665000,Samsung,10102.857142857143,9877.0,0.0,0.008961507695011684
2005-07-11,10500.0,10700.0,10500.0,10660.0,34585000,Samsung,10214.285714285714,9903.333333333334,0.032945736434108586,0.013189468878430291
2005-07-12,10800.0,10960.0,10740.0,10820.0,46835000,Samsung,10328.57142857143,9938.0,0.015009380863039379,0.013226984172349498
2005-07-13,10860.0,10940.0,10780.0,10940.0,25465000,Samsung,10454.285714285714,9976.666666666666,0.01109057301293892,0.012857488290585339
2005-07-14,10980.0,11020.0,10940.0,10940.0,28885000,Samsung,10582.857142857143,10016.333333333334,0.0,0.012511166674599982
2005-07-15,10960.0,11000.0,10780.0,10840.0,26105000,Samsung,10691.42857142857,10052.333333333334,-0.009140767824497242,0.014764207798429225
2005-07-18,10860.0,11040.0,10820.0,10980.0,21220000,Samsung,10785.714285714286,10093.0,0.012915129151291449,0.013664385062811412
2005-07-19,11000.0,11240.0,10980.0,11220.0,33785000,Samsung,10914.285714285714,10146.666666666666,0.021857923497267784,0.01376886476992881
2005-07-20,11240.0,11340.0,11100.0,11160.0,30025000,Samsung,10985.714285714286,10200.333333333334,-0.005347593582887722,0.011529960333201056
2005-07-21,11300.0,11360.0,11160.0,11260.0,26780000,Samsung,11048.57142857143,10255.666666666666,0.008960573476702427,0.011012014457327902
2005-07-22,11180.0,11200.0,10920.0,11040.0,27575000,Samsung,11062.857142857143,10296.0,-0.019538188277087087,0.014173281228912269
2005-07-25,11040.0,11140.0,11040.0,11100.0,18455000,Samsung,11085.714285714286,10334.0,0.005434782608695565,0.014233385723880766
2005-07-26,11120.0,11160.0,10940.0,11020.0,20630000,Samsung,11111.42857142857,10370.333333333334,-0.007207207207207245,0.013994205126155264
2005-07-27,11040.0,11180.0,10960.0,11020.0,18430000,Samsung,11117.142857142857,10404.333333333334,0.0,0.013212408175473813
2005-07-28,11040.0,11320.0,11040.0,11200.0,23655000,Samsung,11114.285714285714,10445.333333333334,0.016333938294010864,0.011822591418285865
2005-07-29,11320.0,11320.0,11200.0,11300.0,17875000,Samsung,11134.285714285714,10493.0,0.008928571428571397,0.012015347563656333
2005-08-01,11320.0,11380.0,11220.0,11380.0,16470000,Samsung,11151.42857142857,10545.333333333334,0.0070796460176991705,0.01184957680978919
2005-08-02,11400.0,11420.0,11240.0,11360.0,14250000,Samsung,11197.142857142857,10598.666666666666,-0.0017574692442882123,0.007774052606906971
2005-08-03,11500.0,11540.0,11360.0,11360.0,23635000,Samsung,11234.285714285714,10648.666666666666,0.0,0.007890907077126046
2005-08-04,11360.0,11380.0,11200.0,11320.0,18370000,Samsung,11277.142857142857,10694.0,-0.0035211267605633756,0.007158812695671936
2005-08-05,11220.0,11220.0,10960.0,11060.0,30100000,Samsung,11282.857142857143,10735.333333333334,-0.02296819787985871,0.012498449656862714
2005-08-08,11040.0,11040.0,10860.0,11020.0,18285000,Samsung,11257.142857142857,10777.0,-0.003616636528028905,0.010408597737601775
2005-08-09,11020.0,11060.0,10900.0,11000.0,20325000,Samsung,11214.285714285714,10817.333333333334,-0.001814882032667886,0.009205528455377563
2005-08-10,11100.0,11240.0,11060.0,11100.0,16480000,Samsung,11174.285714285714,10860.666666666666,0.009090909090909038,0.0096235883424341
2005-08-11,11100.0,11400.0,11100.0,11340.0,19885000,Samsung,11171.42857142857,10909.333333333334,0.021621621621621623,0.013578419640343335
2005-08-12,11380.0,11580.0,11380.0,11560.0,24480000,Samsung,11200.0,10960.666666666666,0.01940035273368612,0.015467948159523666
2005-08-15,11560.0,11560.0,11560.0,11560.0,0,Samsung,11234.285714285714,11010.666666666666,0.0,0.015292008512366156
2005-08-16,11560.0,11640.0,11380.0,11440.0,26040000,Samsung,11288.57142857143,11057.333333333334,-0.01038062283737029,0.012128250428570882
2005-08-17,11320.0,11440.0,11200.0,11440.0,20420000,Samsung,11348.57142857143,11102.666666666666,0.0,0.011776914609052901
2005-08-18,11440.0,11460.0,11060.0,11100.0,33515000,Samsung,11362.857142857143,11128.666666666666,-0.029720279720279685,0.017810321104539097
2005-08-19,11100.0,11120.0,10980.0,11060.0,20935000,Samsung,11357.142857142857,11153.333333333334,-0.003603603603603567,0.01754460281262579
2005-08-22,11060.0,11400.0,11060.0,11260.0,19550000,Samsung,11345.714285714286,11173.333333333334,0.018083182640144635,0.016841837078217403
2005-08-23,11280.0,11380.0,11200.0,11240.0,18770000,Samsung,11300.0,11187.333333333334,-0.001776198934280604,0.01430013204666845
2005-08-24,11240.0,11260.0,10980.0,11120.0,23985000,Samsung,11237.142857142857,11193.333333333334,-0.010676156583629859,0.014382214588813927
2005-08-25,11060.0,11100.0,10880.0,11040.0,24360000,Samsung,11180.0,11196.666666666666,-0.007194244604316502,0.014249561484222215
2005-08-26,11040.0,11120.0,10980.0,10980.0,18915000,Samsung,11114.285714285714,11201.333333333334,-0.005434782608695676,0.014079799346973872
2005-08-29,10840.0,10840.0,10720.0,10800.0,18275000,Samsung,11071.42857142857,11195.333333333334,-0.016393442622950838,0.010824782097412665
2005-08-30,10880.0,10960.0,10660.0,10820.0,14915000,Samsung,11037.142857142857,11182.0,0.0018518518518517713,0.011040264641601146
2005-08-31,10680.0,10920.0,10680.0,10880.0,12205000,Samsung,10982.857142857143,11172.666666666666,0.005545286506469571,0.007477247100812132
2005-09-01,10980.0,11040.0,10940.0,10980.0,11970000,Samsung,10945.714285714286,11163.333333333334,0.009191176470588314,0.009186752317022267
2005-09-02,10980.0,11140.0,10960.0,11080.0,12190000,Samsung,10940.0,11164.666666666666,0.00910746812386165,0.009574804251938731
2005-09-05,11160.0,11260.0,11100.0,11220.0,10920000,Samsung,10965.714285714286,11168.666666666666,0.012635379061371799,0.010170473457631283
2005-09-06,11260.0,11520.0,11260.0,11380.0,19050000,Samsung,11022.857142857143,11180.666666666666,0.01426024955436711,0.010377628443764393
2005-09-07,11520.0,11640.0,11520.0,11580.0,17565000,Samsung,11134.285714285714,11199.333333333334,0.017574692442882345,0.005325325848653886
2005-09-08,11700.0,11860.0,11600.0,11740.0,34625000,Samsung,11265.714285714286,11217.333333333334,0.013816925734024155,0.00402722977788701
2005-09-09,11700.0,11820.0,11660.0,11780.0,13105000,Samsung,11394.285714285714,11233.333333333334,0.0034071550255536653,0.004613212843451066
2005-09-12,11880.0,12000.0,11780.0,11780.0,20070000,Samsung,11508.57142857143,11246.666666666666,0.0,0.0063404810312604944
2005-09-13,11800.0,12200.0,11780.0,12120.0,34885000,Samsung,11657.142857142857,11272.0,0.028862478777589073,0.009451007115264178
2005-09-14,12100.0,12300.0,12040.0,12260.0,25585000,Samsung,11805.714285714286,11302.0,0.011551155115511635,0.009465641488697106
2005-09-15,12100.0,12380.0,12080.0,12140.0,29035000,Samsung,11914.285714285714,11329.333333333334,-0.009787928221859699,0.01266347117467022
2005-09-16,12080.0,12120.0,11760.0,11860.0,30625000,Samsung,11954.285714285714,11356.0,-0.023064250411861664,0.016876960598905255
2005-09-19,11860.0,11860.0,11860.0,11860.0,0,Samsung,11971.42857142857,11384.0,0.0,0.016271941880325883
2005-09-20,12000.0,12060.0,11840.0,11860.0,28045000,Samsung,11982.857142857143,11412.666666666666,0.0,0.016258675161094475
2005-09-21,11920.0,12120.0,11900.0,12020.0,19085000,Samsung,12017.142857142857,11443.333333333334,0.013490725126475533,0.016896356830094807
2005-09-22,11860.0,12000.0,11840.0,12000.0,16000000,Samsung,12000.0,11465.333333333334,-0.0016638935108153063,0.012470883921824027
2005-09-23,11840.0,11980.0,11660.0,11700.0,18675000,Samsung,11920.0,11470.0,-0.025000000000000022,0.013753256909341535
2005-09-26,11720.0,12000.0,11720.0,11940.0,21895000,Samsung,11891.42857142857,11482.666666666666,0.02051282051282044,0.016966537527597914
2005-09-27,11960.0,11980.0,11800.0,11860.0,15910000,Samsung,11891.42857142857,11496.666666666666,-0.00670016750418756,0.014579539521450918
2005-09-28,11800.0,12000.0,11740.0,11960.0,13505000,Samsung,11905.714285714286,11514.0,0.008431703204047292,0.014915174979444454
2005-09-29,11880.0,11980.0,11800.0,11860.0,18509700,Samsung,11905.714285714286,11539.333333333334,-0.00836120401337792,0.015364285407511323
2005-09-30,11880.0,12000.0,11760.0,11760.0,21192950,Samsung,11868.57142857143,11562.666666666666,-0.00843170320404718,0.014383164043239102
2005-10-03,11760.0,11760.0,11760.0,11760.0,0,Samsung,11834.285714285714,11579.333333333334,0.0,0.014423203276905827
2005-10-04,11800.0,12140.0,11800.0,12060.0,26986050,Samsung,11885.714285714286,11606.666666666666,0.025510204081632626,0.01409248767061399
2005-10-05,12080.0,12280.0,11960.0,12020.0,21874300,Samsung,11897.142857142857,11636.666666666666,-0.0033167495854062867,0.01232540666569118
2005-10-06,11900.0,11900.0,11700.0,11740.0,20716650,Samsung,11880.0,11660.0,-0.02329450915141429,0.015295488698887699
2005-10-07,11560.0,11760.0,11520.0,11660.0,25602800,Samsung,11837.142857142857,11682.666666666666,-0.006814310051107331,0.014745787926518749
2005-10-10,11680.0,11940.0,11660.0,11860.0,15080150,Samsung,11837.142857142857,11718.0,0.0171526586620927,0.016411657063164203
2005-10-11,11760.0,11980.0,11740.0,11960.0,10695550,Samsung,11865.714285714286,11756.0,0.008431703204047292,0.01618408977190901
2005-10-12,11860.0,11880.0,11540.0,11560.0,26597200,Samsung,11837.142857142857,11778.666666666666,-0.03344481605351168,0.021209862394953538
2005-10-13,11420.0,11480.0,11160.0,11300.0,36035800,Samsung,11728.57142857143,11789.333333333334,-0.02249134948096887,0.018297151929558313
2005-10-14,11300.0,11440.0,11200.0,11300.0,31305500,Samsung,11625.714285714286,11796.666666666666,0.0,0.018513870483406795
2005-10-17,11200.0,11380.0,11200.0,11260.0,17525000,Samsung,11557.142857142857,11798.0,-0.0035398230088495852,0.017378044287543255
2005-10-18,11280.0,11380.0,11260.0,11320.0,17588650,Samsung,11508.57142857143,11796.0,0.005328596802841812,0.017861031167333914
2005-10-19,11200.0,11220.0,11000.0,11040.0,18547750,Samsung,11391.42857142857,11778.0,-0.02473498233215543,0.016528820036432162
2005-10-20,11200.0,11220.0,11040.0,11120.0,17849800,Samsung,11271.42857142857,11757.333333333334,0.007246376811594235,0.01631240755021091
2005-10-21,11000.0,11320.0,10980.0,11280.0,20033250,Samsung,11231.42857142857,11740.666666666666,0.014388489208633004,0.0149287459578443
2005-10-24,11320.0,11420.0,11220.0,11320.0,16487150,Samsung,11234.285714285714,11725.333333333334,0.0035460992907800915,0.012410637992692366
2005-10-25,11440.0,11560.0,11280.0,11300.0,18269150,Samsung,11234.285714285714,11698.0,-0.0017667844522968323,0.012436152288355191
2005-10-26,11240.0,11320.0,11180.0,11260.0,15002350,Samsung,11234.285714285714,11664.666666666666,-0.0035398230088495852,0.012436152288355191
2005-10-27,11260.0,11360.0,11120.0,11160.0,19331000,Samsung,11211.42857142857,11632.0,-0.008880994671403242,0.012592859726122958
2005-10-28,10980.0,11020.0,10900.0,10920.0,21614800,Samsung,11194.285714285714,11600.666666666666,-0.021505376344086002,0.01164282691158161
2005-10-31,10980.0,11100.0,10960.0,11060.0,19203500,Samsung,11185.714285714286,11574.0,0.012820512820512775,0.012499939401076817
2005-11-01,11200.0,11360.0,11180.0,11300.0,29155950,Samsung,11188.57142857143,11555.333333333334,0.02169981916817365,0.014165821068990734
2005-11-02,11280.0,11600.0,11280.0,11500.0,15716000,Samsung,11214.285714285714,11538.0,0.017699115044247815,0.01563379773113279
2005-11-03,11760.0,11840.0,11700.0,11740.0,22394000,Samsung,11277.142857142857,11529.333333333334,0.02086956521739136,0.016925449230789934
2005-11-04,11940.0,12000.0,11860.0,11980.0,24807150,Samsung,11380.0,11538.666666666666,0.020442930153321992,0.017193450718495498
2005-11-07,12040.0,12060.0,11820.0,11960.0,12834600,Samsung,11494.285714285714,11539.333333333334,-0.0016694490818029983,0.016124857794345016
2005-11-08,12000.0,12060.0,11940.0,12040.0,12065550,Samsung,11654.285714285714,11545.333333333334,0.006688963210702337,0.00877499840992884
2005-11-09,12020.0,12140.0,11920.0,12000.0,14940450,Samsung,11788.57142857143,11546.666666666666,-0.0033222591362126463,0.010999920309926086
2005-11-10,12020.0,12140.0,11980.0,12100.0,17080450,Samsung,11902.857142857143,11554.666666666666,0.008333333333333304,0.010113908976253574
2005-11-11,12340.0,12480.0,12280.0,12360.0,29524650,Samsung,12025.714285714286,11574.666666666666,0.02148760330578514,0.010688170692771917
2005-11-14,12420.0,12580.0,12320.0,12520.0,20931600,Samsung,12137.142857142857,11600.0,0.012944983818770295,0.009775695196762526
2005-11-15,12520.0,12580.0,12220.0,12400.0,14063750,Samsung,12197.142857142857,11611.333333333334,-0.009584664536741228,0.010609582286844858
2005-11-16,12320.0,12600.0,12320.0,12600.0,14038850,Samsung,12288.57142857143,11630.666666666666,0.016129032258064502,0.010879000396942666
2005-11-17,12540.0,12560.0,12380.0,12480.0,12542600,Samsung,12351.42857142857,11655.333333333334,-0.00952380952380949,0.012665816881496362
2005-11-18,12500.0,12600.0,12380.0,12520.0,14163300,Samsung,12425.714285714286,11684.0,0.0032051282051281937,0.012163344286332952
2005-11-21,12640.0,12640.0,12240.0,12360.0,24063600,Samsung,12462.857142857143,11700.666666666666,-0.012779552715655007,0.014007208310830395
2005-11-22,12220.0,12240.0,11740.0,11840.0,45564250,Samsung,12388.57142857143,11696.666666666666,-0.04207119741100329,0.019603090384201553
2005-11-23,12000.0,12260.0,11980.0,12140.0,42389900,Samsung,12334.285714285714,11716.0,0.02533783783783794,0.022006670964823068
2005-11-24,12360.0,12360.0,12100.0,12160.0,15155400,Samsung,12300.0,11744.666666666666,0.0016474464579900872,0.02195667933805905
2005-11-25,12160.0,12220.0,11920.0,12000.0,15658550,Samsung,12214.285714285714,11768.0,-0.013157894736842146,0.020542425360658638
2005-11-28,12000.0,12060.0,11920.0,12020.0,9434350,Samsung,12148.57142857143,11793.333333333334,0.0016666666666667052,0.020726385934793035
2005-11-29,11960.0,12040.0,11760.0,11880.0,17159050,Samsung,12057.142857142857,11812.0,-0.011647254575707144,0.020485605801904963
2005-11-30,11860.0,12080.0,11860.0,12000.0,17308450,Samsung,12005.714285714286,11844.0,0.010101010101010166,0.02127327514934815
2005-12-01,11920.0,12160.0,11900.0,12100.0,19357700,Samsung,12042.857142857143,11876.666666666666,0.008333333333333304,0.013271775313668589
2005-12-02,12400.0,12460.0,12280.0,12340.0,19342900,Samsung,12071.42857142857,11912.0,0.01983471074380172,0.011824808913743493
2005-12-05,12440.0,12500.0,12360.0,12460.0,12418300,Samsung,12114.285714285714,11950.0,0.009724473257698651,0.012129641167580937
2005-12-06,12380.0,12620.0,12340.0,12600.0,21114200,Samsung,12200.0,11993.333333333334,0.011235955056179803,0.009811945177005284
2005-12-07,12600.0,12900.0,12480.0,12780.0,26531300,Samsung,12308.57142857143,12044.0,0.014285714285714235,0.009820359793663785
2005-12-08,12700.0,12800.0,12520.0,12640.0,26904650,Samsung,12417.142857142857,12093.333333333334,-0.010954616588419452,0.009580099995575679
2005-12-09,12560.0,12620.0,12260.0,12420.0,23027250,Samsung,12477.142857142857,12143.333333333334,-0.017405063291139222,0.01375468558904477
2005-12-12,12440.0,12560.0,12340.0,12360.0,18588950,Samsung,12514.285714285714,12186.666666666666,-0.004830917874396157,0.014119326670105826
2005-12-13,12420.0,12460.0,12260.0,12400.0,16596150,Samsung,12522.857142857143,12223.333333333334,0.003236245954692629,0.012094380039762074
2005-12-14,12440.0,12540.0,12160.0,12220.0,26300350,Samsung,12488.57142857143,12247.333333333334,-0.014516129032258074,0.012559878625376142
2005-12-15,12180.0,12320.0,12020.0,12180.0,18607050,Samsung,12428.57142857143,12262.0,-0.00327332242225864,0.010972273021227549
2005-12-16,12120.0,12120.0,11860.0,12000.0,29408600,Samsung,12317.142857142857,12262.666666666666,-0.014778325123152691,0.0075072355046890745
2005-12-19,12140.0,12280.0,12040.0,12180.0,17987750,Samsung,12251.42857142857,12270.0,0.014999999999999902,0.011622913343645885
2005-12-20,12060.0,12280.0,12040.0,12240.0,17198500,Samsung,12225.714285714286,12276.666666666666,0.0049261083743843415,0.010754501338955186
2005-12-21,12280.0,12700.0,12280.0,12560.0,25337350,Samsung,12254.285714285714,12295.333333333334,0.02614379084967311,0.014961308180747368
2005-12-22,12700.0,12940.0,12620.0,12680.0,28095000,Samsung,12294.285714285714,12314.666666666666,0.009554140127388644,0.015209294663151835
2005-12-23,12840.0,13040.0,12720.0,12900.0,28658350,Samsung,12391.42857142857,12332.666666666666,0.017350157728706517,0.013682475459968096
2005-12-26,13000.0,13260.0,12980.0,13080.0,17830000,Samsung,12520.0,12351.333333333334,0.013953488372093092,0.012874558056141055
2005-12-27,13180.0,13280.0,12960.0,13220.0,18003350,Samsung,12694.285714285714,12378.666666666666,0.010703363914372988,0.006741005349026163
2005-12-28,13160.0,13260.0,13100.0,13220.0,21403250,Samsung,12842.857142857143,12399.333333333334,0.0,0.008504144524392557
2005-12-29,13200.0,13400.0,13140.0,13160.0,20916500,Samsung,12974.285714285714,12422.0,-0.004538577912254205,0.010335282341360502
2006-01-02,13280.0,13360.0,13120.0,13200.0,16985900,Samsung,13065.714285714286,12444.666666666666,0.003039513677811634,0.007888582330690593
2006-01-03,13200.0,13320.0,13120.0,13280.0,17385550,Samsung,13151.42857142857,12475.333333333334,0.0060606060606061,0.007821485366952078
2006-01-04,13500.0,14000.0,13460.0,13940.0,38604500,Samsung,13300.0,12545.333333333334,0.04969879518072284,0.018055918261767348
2006-01-05,13900.0,13900.0,13420.0,13580.0,25783750,Samsung,13371.42857142857,12593.333333333334,-0.02582496413199431,0.02272735101294739
2006-01-06,13700.0,13760.0,13580.0,13680.0,17394550,Samsung,13437.142857142857,12644.0,0.007363770250368162,0.02263702623928208
2006-01-09,13900.0,13940.0,13660.0,13740.0,14995150,Samsung,13511.42857142857,12702.0,0.004385964912280604,0.022532336948013414
2006-01-10,13900.0,14020.0,13760.0,14020.0,23642650,Samsung,13634.285714285714,12768.666666666666,0.020378457059679667,0.022605832787382443
2006-01-11,13860.0,13960.0,13580.0,13680.0,17463600,Samsung,13702.857142857143,12828.666666666666,-0.024251069900142697,0.025968708104350705
2006-01-12,13680.0,13840.0,13620.0,13720.0,20117150,Samsung,13765.714285714286,12886.0,0.0029239766081872176,0.0259825004006122
2006-01-13,13540.0,13880.0,13360.0,13840.0,23698600,Samsung,13751.42857142857,12944.0,0.008746355685131268,0.01743179692378124
2006-01-16,14000.0,14140.0,13920.0,14120.0,19141550,Samsung,13828.57142857143,13003.333333333334,0.020231213872832443,0.014973082358442054
2006-01-17,14140.0,14420.0,13940.0,13940.0,21328900,Samsung,13865.714285714286,13052.666666666666,-0.012747875354107596,0.016453142250855493
2006-01-18,13700.0,13780.0,13460.0,13600.0,30346800,Samsung,13845.714285714286,13086.0,-0.024390243902439046,0.019335997187322207
2006-01-19,13640.0,13900.0,13600.0,13800.0,19527000,Samsung,13814.285714285714,13120.0,0.014705882352941124,0.018370745461372528
2006-01-20,14040.0,14160.0,13700.0,13740.0,23040500,Samsung,13822.857142857143,13156.666666666666,-0.004347826086956497,0.01572239484830302
2006-01-23,13540.0,13900.0,13420.0,13700.0,26815250,Samsung,13820.0,13199.333333333334,-0.0029112081513827937,0.015741463344880233
2006-01-24,13660.0,14000.0,13600.0,13940.0,29027200,Samsung,13834.285714285714,13252.0,0.01751824817518255,0.01687181431289661
2006-01-25,14180.0,14400.0,14100.0,14220.0,29240350,Samsung,13848.57142857143,13312.666666666666,0.020086083213773254,0.016844527125685745
2006-01-26,14280.0,14360.0,14100.0,14340.0,18556250,Samsung,13905.714285714286,13383.333333333334,0.00843881856540074,0.01580668793864423
2006-01-27,14400.0,14480.0,14260.0,14400.0,15678300,Samsung,14020.0,13457.333333333334,0.004184100418409997,0.009725532251102524
2006-01-31,14460.0,14820.0,14380.0,14800.0,22323350,Samsung,14162.857142857143,13550.666666666666,0.02777777777777768,0.012131531894965936
2006-02-01,14700.0,14860.0,14460.0,14580.0,22008350,Samsung,14282.857142857143,13630.666666666666,-0.014864864864864824,0.014616692761078999
2006-02-02,14760.0,14780.0,14400.0,14500.0,19091550,Samsung,14397.142857142857,13706.0,-0.005486968449931462,0.014982737444825494
2006-02-03,14360.0,14360.0,14040.0,14080.0,22207700,Samsung,14417.142857142857,13756.666666666666,-0.0289655172413793,0.019731641019207276
2006-02-06,14000.0,14120.0,13860.0,14120.0,21292250,Samsung,14402.857142857143,13804.666666666666,0.0028409090909091717,0.018042518081338207
2006-02-07,14180.0,14600.0,14120.0,14120.0,16585550,Samsung,14371.42857142857,13845.333333333334,0.0,0.017593363048794854
2006-02-08,14000.0,14180.0,13700.0,13820.0,19114600,Samsung,14288.57142857143,13870.0,-0.021246458923512734,0.01867804080631904
2006-02-09,13920.0,13940.0,13740.0,13860.0,18383250,Samsung,14154.285714285714,13891.333333333334,0.0028943560057888007,0.012632899144818866
2006-02-10,13840.0,13920.0,13580.0,13740.0,21849750,Samsung,14034.285714285714,13908.666666666666,-0.008658008658008698,0.01238951371238193
2006-02-13,13720.0,13740.0,13360.0,13500.0,24189900,Samsung,13891.42857142857,13920.0,-0.017467248908296984,0.012746476807674616
2006-02-14,13400.0,13540.0,13260.0,13460.0,25982850,Samsung,13802.857142857143,13928.666666666666,-0.002962962962962945,0.009768545390248663
2006-02-15,13560.0,13560.0,13080.0,13080.0,33419850,Samsung,13654.285714285714,13922.0,-0.02823179791976227,0.011744716617365997
2006-02-16,13020.0,13140.0,12920.0,13140.0,24749200,Samsung,13514.285714285714,13895.333333333334,0.004587155963302836,0.0125488598593186
2006-02-17,13220.0,13480.0,13200.0,13460.0,21790650,Samsung,13462.857142857143,13891.333333333334,0.0243531202435312,0.016909498355554487
2006-02-20,13360.0,13680.0,13340.0,13660.0,16332050,Samsung,13434.285714285714,13890.666666666666,0.014858841010401136,0.018233050062625572
2006-02-21,13640.0,13660.0,13400.0,13460.0,17356300,Samsung,13394.285714285714,13881.333333333334,-0.014641288433382083,0.01873429373753089
2006-02-22,13380.0,13580.0,13260.0,13400.0,24953700,Samsung,13380.0,13860.666666666666,-0.004457652303120341,0.017649020345856598
2006-02-23,13420.0,13680.0,13420.0,13620.0,16389950,Samsung,13402.857142857143,13858.666666666666,0.016417910447761086,0.018761660643875043
2006-02-24,13560.0,13640.0,13500.0,13540.0,14116450,Samsung,13468.57142857143,13852.666666666666,-0.005873715124816492,0.014116985492446905
2006-02-27,13560.0,13820.0,13540.0,13820.0,11793500,Samsung,13565.714285714286,13852.0,0.02067946824224509,0.015293205147288234
2006-02-28,13880.0,13960.0,13660.0,13740.0,12647050,Samsung,13605.714285714286,13839.333333333334,-0.005788712011577379,0.013880721155226176
2006-03-02,13920.0,14000.0,13680.0,13860.0,15105700,Samsung,13634.285714285714,13836.666666666666,0.008733624454148492,0.013186294063535638
2006-03-03,13640.0,13680.0,13000.0,13080.0,37932400,Samsung,13580.0,13819.333333333334,-0.05627705627705626,0.025585246589711008
2006-03-06,13120.0,13160.0,12980.0,13160.0,22717900,Samsung,13545.714285714286,13798.0,0.006116207951070374,0.025850380573709916
2006-03-07,13000.0,13040.0,12540.0,12600.0,39482000,Samsung,13400.0,13760.0,-0.04255319148936165,0.02823835661244457
2006-03-08,12300.0,12520.0,12160.0,12460.0,49381050,Samsung,13245.714285714286,13718.666666666666,-0.011111111111111072,0.028158158207530447
2006-03-09,12320.0,12580.0,12220.0,12360.0,38599000,Samsung,13037.142857142857,13666.0,-0.008025682182985605,0.024558046328564457
2006-03-10,12280.0,12640.0,12280.0,12440.0,28422100,Samsung,12851.42857142857,13606.666666666666,0.006472491909385036,0.02577793763811874
2006-03-13,12580.0,12640.0,12480.0,12640.0,19012200,Samsung,12677.142857142857,13550.0,0.016077170418006492,0.026969993710998987
2006-03-14,12560.0,12640.0,12380.0,12480.0,17767050,Samsung,12591.42857142857,13486.0,-0.012658227848101222,0.019142120059650894
2006-03-15,12580.0,12740.0,12560.0,12600.0,19438500,Samsung,12511.42857142857,13412.666666666666,0.009615384615384581,0.019568233624949433
2006-03-16,12740.0,12820.0,12620.0,12640.0,14018000,Samsung,12517.142857142857,13348.0,0.0031746031746031633,0.011174423699939503
2006-03-17,12580.0,12800.0,12440.0,12740.0,13567500,Samsung,12557.142857142857,13289.333333333334,0.007911392405063333,0.010143808332479829
2006-03-20,12780.0,12800.0,12560.0,12780.0,9950600,Samsung,12617.142857142857,13246.0,0.0031397174254317317,0.00887905923065306
2006-03-21,12760.0,12800.0,12600.0,12680.0,11453100,Samsung,12651.42857142857,13198.0,-0.007824726134585291,0.010007934591237744
2006-03-22,12500.0,12540.0,12180.0,12280.0,30051700,Samsung,12600.0,13136.666666666666,-0.03154574132492116,0.014594900593117919
2006-03-23,12280.0,12380.0,12080.0,12160.0,25534150,Samsung,12554.285714285714,13081.333333333334,-0.009771986970684043,0.01434911326796572
2006-03-24,12160.0,12240.0,12100.0,12180.0,17171750,Samsung,12494.285714285714,13025.333333333334,0.00164473684210531,0.013409800342533853
2006-03-27,12100.0,12580.0,12100.0,12500.0,19508950,Samsung,12474.285714285714,12984.0,0.026272577996715896,0.017806675080573185
2006-03-28,12320.0,12600.0,12320.0,12560.0,15167900,Samsung,12448.57142857143,12952.666666666666,0.0047999999999999154,0.017571229178074944
2006-03-29,12420.0,12520.0,12300.0,12520.0,15189400,Samsung,12411.42857142857,12921.333333333334,-0.0031847133757961776,0.017431067030113087
2006-03-30,12640.0,12680.0,12360.0,12460.0,14663350,Samsung,12380.0,12900.666666666666,-0.004792332268370614,0.017322764445557227
2006-03-31,12400.0,12600.0,12360.0,12600.0,20635450,Samsung,12425.714285714286,12882.666666666666,0.011235955056179803,0.012060584551429757
2006-04-03,12720.0,12960.0,12640.0,12880.0,20549650,Samsung,12528.57142857143,12863.333333333334,0.022222222222222143,0.012147088898618225
2006-04-04,12920.0,13120.0,12860.0,13060.0,19369350,Samsung,12654.285714285714,12843.333333333334,0.013975155279503104,0.01191049088671357
2006-04-05,13100.0,13220.0,12900.0,12980.0,12634700,Samsung,12722.857142857143,12827.333333333334,-0.006125574272588086,0.010811590992219669
2006-04-06,13180.0,13320.0,13060.0,13160.0,22420200,Samsung,12808.57142857143,12819.333333333334,0.013867488443759735,0.011255213291460125
2006-04-07,13160.0,13200.0,12960.0,13080.0,17596300,Samsung,12888.57142857143,12801.333333333334,-0.006079027355623046,0.011724083571745715
2006-04-10,12900.0,12980.0,12740.0,12840.0,20369150,Samsung,12942.857142857143,12778.0,-0.01834862385321101,0.014627463014889461
2006-04-11,12740.0,12800.0,12520.0,12700.0,15767900,Samsung,12957.142857142857,12740.666666666666,-0.010903426791277204,0.015280092724880831
2006-04-12,12640.0,12660.0,12520.0,12600.0,12271800,Samsung,12917.142857142857,12702.666666666666,-0.007874015748031482,0.012340205981121137
2006-04-13,12520.0,12760.0,12500.0,12740.0,21813050,Samsung,12871.42857142857,12665.333333333334,0.011111111111111072,0.011712390100593495
2006-04-14,12760.0,13280.0,12700.0,13120.0,32653200,Samsung,12891.42857142857,12666.666666666666,0.02982731554160134,0.017032902520060463
2006-04-17,13200.0,13220.0,12900.0,12980.0,13798350,Samsung,12865.714285714286,12660.666666666666,-0.010670731707317027,0.016621224233625796
2006-04-18,12960.0,13200.0,12880.0,13160.0,20338250,Samsung,12877.142857142857,12679.333333333334,0.013867488443759735,0.01746346607769671
2006-04-19,13460.0,13500.0,13260.0,13300.0,21183350,Samsung,12942.857142857143,12707.333333333334,0.010638297872340496,0.0154286173502897
2006-04-20,13300.0,13440.0,13220.0,13260.0,17605300,Samsung,13022.857142857143,12737.333333333334,-0.003007518796992459,0.014307930528313553
2006-04-21,13400.0,13940.0,13340.0,13800.0,40474150,Samsung,13194.285714285714,12782.666666666666,0.040723981900452566,0.01769134844712165
2006-04-24,13800.0,13800.0,13400.0,13460.0,31490750,Samsung,13297.142857142857,12810.0,-0.024637681159420333,0.02281658820224388
2006-04-25,13160.0,13440.0,13060.0,13200.0,28671400,Samsung,13308.57142857143,12834.0,-0.019316493313521588,0.022578491202549233
2006-04-26,13200.0,13360.0,13080.0,13360.0,22000500,Samsung,13362.857142857143,12859.333333333334,0.0121212121212122,0.02224149535801258
2006-04-27,13360.0,13400.0,13160.0,13280.0,19383250,Samsung,13380.0,12880.666666666666,-0.005988023952095856,0.022089711884227346
2006-04-28,13240.0,13240.0,12860.0,12880.0,27901900,Samsung,13320.0,12885.333333333334,-0.030120481927710885,0.024519198217096604
2006-05-02,12880.0,13020.0,12640.0,12980.0,27714750,Samsung,13280.0,12892.0,0.007763975155279601,0.02494936597867832
2006-05-03,12980.0,13120.0,12780.0,12780.0,21147150,Samsung,13134.285714285714,12895.333333333334,-0.015408320493066285,0.01608150045508417
2006-05-04,12780.0,12940.0,12700.0,12920.0,17803750,Samsung,13057.142857142857,12916.666666666666,0.010954616588419341,0.016594941524326272
2006-05-08,13100.0,13240.0,13020.0,13100.0,17595050,Samsung,13042.857142857143,12948.0,0.01393188854489158,0.01680932723171382
2006-05-09,13160.0,13360.0,13140.0,13220.0,18637850,Samsung,13022.857142857143,12982.666666666666,0.009160305343511421,0.016458785266964468
2006-05-10,13220.0,13300.0,13040.0,13100.0,17858600,Samsung,12997.142857142857,13002.666666666666,-0.009077155824508298,0.01664310725140264
2006-05-11,13140.0,13260.0,13060.0,13260.0,18471150,Samsung,13051.42857142857,13026.0,0.012213740458015376,0.011565951620098023
2006-05-12,13200.0,13200.0,12820.0,13080.0,24975900,Samsung,13065.714285714286,13044.666666666666,-0.013574660633484115,0.013176137638216517
2006-05-15,12920.0,13000.0,12780.0,13000.0,28216750,Samsung,13097.142857142857,13062.666666666666,-0.006116207951070374,0.011601359986787806
2006-05-16,12960.0,13000.0,12740.0,12820.0,22209700,Samsung,13082.857142857143,13070.0,-0.013846153846153841,0.012351411878189727
2006-05-17,12840.0,13200.0,12840.0,13100.0,22440100,Samsung,13082.857142857143,13077.333333333334,0.021840873634945357,0.014176559294594989
2006-05-18,12760.0,12880.0,12660.0,12820.0,22060000,Samsung,13025.714285714286,13069.333333333334,-0.021374045801526687,0.015550113587298995
2006-05-19,12840.0,12880.0,12620.0,12760.0,20910000,Samsung,12977.142857142857,13062.0,-0.004680187207488307,0.015412054715697645
2006-05-22,12840.0,12880.0,12620.0,12760.0,22223550,Samsung,12905.714285714286,13048.666666666666,0.0,0.013937889961695532
2006-05-23,12300.0,12660.0,12220.0,12600.0,29837200,Samsung,12837.142857142857,13032.666666666666,-0.01253918495297801,0.013841746592782193
2006-05-24,12600.0,12680.0,12300.0,12600.0,27036100,Samsung,12780.0,13024.666666666666,0.0,0.01397003072136219
2006-05-25,12580.0,12620.0,12300.0,12300.0,24470000,Samsung,12705.714285714286,13011.333333333334,-0.023809523809523836,0.015518065465509347
2006-05-26,12520.0,12640.0,12340.0,12420.0,23180950,Samsung,12608.57142857143,13005.333333333334,0.009756097560975618,0.012261758068245067
2006-05-29,12440.0,12540.0,12400.0,12440.0,14920000,Samsung,12554.285714285714,12995.333333333334,0.0016103059581320522,0.010940052412620188
2006-05-30,12440.0,12480.0,12240.0,12260.0,20915300,Samsung,12482.857142857143,12966.666666666666,-0.014469453376205754,0.011611168747209877
2006-05-31,12440.0,12540.0,12400.0,12440.0,15162550,Samsung,12437.142857142857,12948.666666666666,0.014681892332789603,0.013899476511223096
2006-06-01,12140.0,12320.0,12020.0,12120.0,29650600,Samsung,12368.57142857143,12914.0,-0.025723472668810254,0.01604940175700834
2006-06-02,12220.0,12360.0,12120.0,12280.0,19403200,Samsung,12322.857142857143,12880.0,0.013201320132013139,0.01750254230367066
2006-06-05,12360.0,12380.0,12200.0,12260.0,15993450,Samsung,12317.142857142857,12846.666666666666,-0.0016286644951140072,0.01505753968502274
2006-06-07,11920.0,12100.0,11920.0,12000.0,30545950,Samsung,12257.142857142857,12786.666666666666,-0.021207177814029365,0.016099823853707902
2006-06-08,11980.0,11980.0,11500.0,11540.0,41207100,Samsung,12128.57142857143,12722.666666666666,-0.03833333333333333,0.020047566721939962
2006-06-09,11560.0,11660.0,11460.0,11500.0,30558000,Samsung,12020.0,12666.0,-0.0034662045060658286,0.02011543774271722
2006-06-12,11520.0,11520.0,11260.0,11480.0,21498400,Samsung,11882.857142857143,12603.333333333334,-0.0017391304347825765,0.017718220085390195
2006-06-13,11200.0,11220.0,10960.0,10980.0,41305250,Samsung,11720.0,12526.666666666666,-0.04355400696864109,0.0211010029296189
2006-06-14,10880.0,11220.0,10820.0,11060.0,32644700,Samsung,11545.714285714286,12466.0,0.007285974499089187,0.019924219952033393
2006-06-15,11280.0,11280.0,11060.0,11100.0,18344000,Samsung,11380.0,12403.333333333334,0.003616636528029016,0.02058385415620524
2006-06-16,11520.0,11540.0,11300.0,11420.0,28129000,Samsung,11297.142857142857,12358.0,0.028828828828828756,0.025684823749626925
2006-06-19,11420.0,11520.0,11220.0,11300.0,20069800,Samsung,11262.857142857143,12304.0,-0.010507880910682998,0.021852353476250044
2006-06-20,11260.0,11320.0,11040.0,11120.0,19583950,Samsung,11208.57142857143,12238.0,-0.015929203539822967,0.02241697073528522
2006-06-21,11120.0,11280.0,11100.0,11140.0,13499300,Samsung,11160.0,12168.666666666666,0.0017985611510791255,0.022531049658765085
2006-06-22,11300.0,11440.0,11200.0,11320.0,22982200,Samsung,11208.57142857143,12109.333333333334,0.016157989228007263,0.015199892348968886
2006-06-23,11300.0,11420.0,11220.0,11360.0,14896500,Samsung,11251.42857142857,12046.0,0.0035335689045936647,0.015149885230523446
2006-06-26,11400.0,11700.0,11400.0,11640.0,22351250,Samsung,11328.57142857143,11998.0,0.02464788732394374,0.017044687592414388
2006-06-27,11700.0,11800.0,11660.0,11660.0,15767750,Samsung,11362.857142857143,11953.333333333334,0.0017182130584192379,0.01405872998044467
2006-06-28,11500.0,11600.0,11420.0,11600.0,18377100,Samsung,11405.714285714286,11912.666666666666,-0.005145797598627766,0.013323093728790454
2006-06-29,11700.0,11840.0,11680.0,11800.0,15998850,Samsung,11502.857142857143,11869.333333333334,0.01724137931034475,0.010782368032615687
2006-06-30,12140.0,12180.0,12040.0,12060.0,29176450,Samsung,11634.285714285714,11844.0,0.02203389830508473,0.011362997178677694
2006-07-03,12140.0,12220.0,12080.0,12100.0,12593400,Samsung,11745.714285714286,11822.0,0.0033167495854062867,0.011512821193733591
2006-07-04,12220.0,12240.0,12020.0,12020.0,9270000,Samsung,11840.0,11797.333333333334,-0.006611570247933907,0.012955071284611278
2006-07-05,11700.0,12100.0,11700.0,12060.0,13375000,Samsung,11900.0,11779.333333333334,0.0033277870216306127,0.01075530714517059
2006-07-06,11860.0,12000.0,11800.0,11960.0,17500000,Samsung,11942.857142857143,11758.0,-0.008291873963515717,0.011889545391143366
2006-07-07,12020.0,12120.0,12000.0,12020.0,14365000,Samsung,12002.857142857143,11748.666666666666,0.0050167224080268635,0.011232282160888148
2006-07-10,11880.0,12140.0,11780.0,12120.0,17315000,Samsung,12048.57142857143,11738.666666666666,0.008319467554076532,0.010078148353795424
2006-07-11,11880.0,12240.0,11880.0,12160.0,16385000,Samsung,12062.857142857143,11729.333333333334,0.0033003300330032292,0.006188563515802361
2006-07-12,12120.0,12240.0,11980.0,12160.0,23300000,Samsung,12071.42857142857,11726.0,0.0,0.0061258539437600065
2006-07-13,12000.0,12180.0,11900.0,12000.0,22835000,Samsung,12068.57142857143,11711.333333333334,-0.013157894736842146,0.007723530373305086
2006-07-14,11740.0,11820.0,11640.0,11680.0,24250000,Samsung,12014.285714285714,11696.666666666666,-0.026666666666666616,0.012360558275541323
2006-07-18,11520.0,11680.0,11520.0,11640.0,14245000,Samsung,11968.57142857143,11675.333333333334,-0.003424657534246589,0.012247899627224305
2006-07-19,11600.0,11760.0,11600.0,11600.0,11125000,Samsung,11908.57142857143,11653.333333333334,-0.0034364261168384758,0.011634898891714603
2006-07-20,11880.0,11960.0,11800.0,11960.0,21960000,Samsung,11885.714285714286,11652.0,0.03103448275862064,0.017606902253342067
2006-07-21,11820.0,11940.0,11800.0,11880.0,8896300,Samsung,11845.714285714286,11663.333333333334,-0.006688963210702337,0.017532648793277126
2006-07-24,11740.0,11880.0,11660.0,11800.0,14934950,Samsung,11794.285714285714,11673.333333333334,-0.006734006734006703,0.01751308521996499
2006-07-25,11920.0,12040.0,11880.0,11960.0,15877650,Samsung,11788.57142857143,11689.333333333334,0.013559322033898313,0.018124285024007845
2006-07-26,11960.0,12080.0,11920.0,11980.0,7650000,Samsung,11831.42857142857,11722.666666666666,0.0016722408026756952,0.01394620259812568
2006-07-27,11980.0,12100.0,11880.0,12080.0,14995000,Samsung,11894.285714285714,11756.666666666666,0.008347245409014992,0.013648827545922622
2006-07-28,12000.0,12080.0,11940.0,12020.0,9564450,Samsung,11954.285714285714,11787.333333333334,-0.004966887417218513,0.01382496601520555
2006-07-31,12200.0,12280.0,12160.0,12160.0,23415250,Samsung,11982.857142857143,11812.0,0.011647254575707144,0.008815249297540271
2006-08-01,12180.0,12300.0,12100.0,12100.0,13372450,Samsung,12014.285714285714,11838.666666666666,-0.004934210526315819,0.008534001419840533
2006-08-02,12060.0,12280.0,12040.0,12160.0,10944800,Samsung,12065.714285714286,11873.333333333334,0.0049586776859504855,0.007467455982132953
2006-08-03,12360.0,12380.0,12200.0,12200.0,12565450,Samsung,12100.0,11908.666666666666,0.00328947368421062,0.006262790267544234
2006-08-04,12240.0,12340.0,12240.0,12300.0,8121450,Samsung,12145.714285714286,11941.333333333334,0.008196721311475308,0.006536249928828443
2006-08-07,12380.0,12380.0,12080.0,12120.0,15051350,Samsung,12151.42857142857,11966.666666666666,-0.014634146341463428,0.009125250672237371
2006-08-08,12100.0,12340.0,12100.0,12300.0,13598300,Samsung,12191.42857142857,11988.666666666666,0.014851485148514865,0.010159295205946882
2006-08-09,12300.0,12460.0,12180.0,12320.0,15112800,Samsung,12214.285714285714,12010.666666666666,0.001626016260162677,0.009476593024778518
2006-08-10,12320.0,12400.0,12180.0,12240.0,15694950,Samsung,12234.285714285714,12032.0,-0.00649350649350644,0.0096803592551112
2006-08-11,12340.0,12440.0,12140.0,12140.0,16574950,Samsung,12231.42857142857,12043.333333333334,-0.008169934640522847,0.010198324489485492
2006-08-14,12200.0,12220.0,12000.0,12100.0,17105950,Samsung,12217.142857142857,12044.666666666666,-0.0032948929159802853,0.010127255512206985
2006-08-16,12360.0,12440.0,12280.0,12360.0,19587150,Samsung,12225.714285714286,12053.333333333334,0.02148760330578514,0.01300469189892918
2006-08-17,12600.0,12940.0,12580.0,12880.0,38826150,Samsung,12334.285714285714,12082.0,0.04207119741100329,0.01836735415085259
2006-08-18,13000.0,13300.0,12940.0,13120.0,37509050,Samsung,12451.42857142857,12117.333333333334,0.01863354037267073,0.018626487986834524
2006-08-21,13200.0,13360.0,13100.0,13140.0,17145000,Samsung,12568.57142857143,12156.666666666666,0.0015243902439023849,0.018633603165675788
2006-08-22,12960.0,13160.0,12960.0,13160.0,19445000,Samsung,12700.0,12194.666666666666,0.0015220700152207556,0.017718361547758736
2006-08-23,13080.0,13160.0,12880.0,12920.0,14711500,Samsung,12811.42857142857,12221.333333333334,-0.018237082066869248,0.01977879871696551
2006-08-24,12780.0,12820.0,12620.0,12720.0,17782500,Samsung,12900.0,12240.0,-0.015479876160990669,0.021511839507738884
2006-08-25,12840.0,13020.0,12780.0,12920.0,15981600,Samsung,12980.0,12265.333333333334,0.01572327044025168,0.02098478336152072
2006-08-28,13000.0,13040.0,12860.0,12860.0,10722200,Samsung,12977.142857142857,12294.0,-0.004643962848297267,0.014099194000322675
2006-08-29,13040.0,13220.0,13000.0,13180.0,15312250,Samsung,12985.714285714286,12344.0,0.02488335925349916,0.015603559293138712
2006-08-30,13200.0,13220.0,12980.0,13100.0,13979500,Samsung,12980.0,12392.666666666666,-0.006069802731411222,0.015803950337506627
2006-08-31,13080.0,13240.0,13000.0,13000.0,20178950,Samsung,12957.142857142857,12439.333333333334,-0.007633587786259555,0.016002848809849625
2006-09-01,13040.0,13140.0,12980.0,13060.0,8951400,Samsung,12977.142857142857,12476.0,0.004615384615384688,0.014291390003232448
2006-09-04,13240.0,13240.0,13100.0,13160.0,8986350,Samsung,13040.0,12518.666666666666,0.007656967840734996,0.012197449629086834
2006-09-05,13120.0,13200.0,13040.0,13160.0,7216450,Samsung,13074.285714285714,12564.0,0.0,0.011293484280978417
2006-09-06,13160.0,13160.0,13020.0,13080.0,7866200,Samsung,13105.714285714286,12601.333333333334,-0.006079027355623046,0.011460529932520057
2006-09-07,12920.0,13020.0,12860.0,12980.0,10126650,Samsung,13077.142857142857,12634.666666666666,-0.007645259938837912,0.006293352162757833
2006-09-08,12880.0,13000.0,12880.0,12940.0,7533050,Samsung,13054.285714285714,12663.333333333334,-0.0030816640986132127,0.0060821485737763935
2006-09-11,12940.0,12980.0,12660.0,12720.0,18312850,Samsung,13014.285714285714,12686.666666666666,-0.01700154559505407,0.00824250095995034
2006-09-12,12760.0,12840.0,12580.0,12640.0,17687250,Samsung,12954.285714285714,12702.666666666666,-0.0062893081761006275,0.007547666443034331
2006-09-13,12800.0,12900.0,12740.0,12840.0,24360250,Samsung,12908.57142857143,12727.333333333334,0.015822784810126667,0.009997451826222567
2006-09-14,12840.0,13100.0,12820.0,13100.0,31021950,Samsung,12900.0,12758.666666666666,0.02024922118380057,0.013488183163672203
2006-09-15,13060.0,13160.0,13020.0,13120.0,11988600,Samsung,12905.714285714286,12789.333333333334,0.0015267175572519776,0.013275573217557634
2006-09-18,13140.0,13580.0,13140.0,13460.0,26352850,Samsung,12974.285714285714,12828.0,0.02591463414634143,0.01568083793606792
2006-09-19,13460.0,13560.0,13420.0,13440.0,12795650,Samsung,13045.714285714286,12872.0,-0.0014858841010401136,0.015549628034961524
2006-09-20,13260.0,13380.0,13180.0,13340.0,14816350,Samsung,13134.285714285714,12906.666666666666,-0.007440476190476164,0.013528836053886648
2006-09-21,13480.0,13540.0,13280.0,13300.0,13060450,Samsung,13228.57142857143,12939.333333333334,-0.0029985007496251548,0.013042584165895337
2006-09-22,13160.0,13220.0,13040.0,13080.0,11768200,Samsung,13262.857142857143,12967.333333333334,-0.016541353383458635,0.015117922247679398
2006-09-25,13000.0,13160.0,12960.0,13060.0,12493150,Samsung,13257.142857142857,12998.0,-0.001529051987767538,0.013009491807386342
2006-09-26,13080.0,13160.0,12920.0,13020.0,12855500,Samsung,13242.857142857143,13028.666666666666,-0.003062787136294043,0.013013922459658017
2006-09-27,13100.0,13260.0,13100.0,13260.0,15073400,Samsung,13214.285714285714,13058.666666666666,0.018433179723502224,0.010496994962084009
2006-09-28,13240.0,13440.0,13200.0,13360.0,17199900,Samsung,13202.857142857143,13074.666666666666,0.007541478129713397,0.011119552727296766
2006-09-29,13380.0,13440.0,13220.0,13280.0,10884050,Samsung,13194.285714285714,13080.0,-0.005988023952095856,0.010987750596599372
2006-10-02,13180.0,13380.0,13180.0,13300.0,13336800,Samsung,13194.285714285714,13085.333333333334,0.001506024096385561,0.010955189972195124
2006-10-04,13180.0,13200.0,12940.0,12960.0,19646300,Samsung,13177.142857142857,13078.666666666666,-0.025563909774436122,0.013473995870001346
2006-10-09,13040.0,13140.0,12500.0,12700.0,28756900,Samsung,13125.714285714286,13071.333333333334,-0.020061728395061706,0.01524515826776463
2006-10-10,12840.0,13000.0,12800.0,12840.0,9863750,Samsung,13100.0,13075.333333333334,0.011023622047244164,0.01626722915251432
2006-10-11,12700.0,12880.0,12660.0,12820.0,10532750,Samsung,13037.142857142857,13072.0,-0.0015576323987538387,0.013652923974699256
2006-10-12,12720.0,12900.0,12680.0,12780.0,17850550,Samsung,12954.285714285714,13069.333333333334,-0.0031201248049922414,0.012610894262097988
2006-10-13,12900.0,12960.0,12840.0,12880.0,13492650,Samsung,12897.142857142857,13059.333333333334,0.00782472613458518,0.013693232284813284
2006-10-16,13040.0,13160.0,12920.0,13000.0,16781050,Samsung,12854.285714285714,13056.0,0.009316770186335477,0.014535484495276222
2006-10-17,13000.0,13020.0,12840.0,12940.0,9174650,Samsung,12851.42857142857,13054.0,-0.004615384615384577,0.010841914744974973
2006-10-18,12820.0,12880.0,12720.0,12840.0,16155300,Samsung,12871.42857142857,13046.666666666666,-0.007727975270479082,0.007582790945877282
2006-10-19,12900.0,12960.0,12640.0,12720.0,16716600,Samsung,12854.285714285714,13032.0,-0.009345794392523366,0.0072617590455895335
2006-10-20,12700.0,12760.0,12580.0,12640.0,23209700,Samsung,12828.57142857143,13014.666666666666,-0.0062893081761006275,0.007503973890483137
2006-10-23,12620.0,12620.0,12400.0,12500.0,21650650,Samsung,12788.57142857143,12995.333333333334,-0.011075949367088556,0.00826671332322706
2006-10-24,12600.0,12660.0,12460.0,12540.0,18173600,Samsung,12740.0,12980.666666666666,0.0032000000000000917,0.007382805205797018
2006-10-25,12480.0,12620.0,12420.0,12500.0,17740950,Samsung,12668.57142857143,12966.0,-0.0031897926634768536,0.004712315796803946
2006-10-26,12540.0,12680.0,12500.0,12580.0,16658100,Samsung,12617.142857142857,12961.333333333334,0.006399999999999961,0.006563048401827593
2006-10-27,12580.0,12580.0,12320.0,12400.0,22082550,Samsung,12554.285714285714,12953.333333333334,-0.014308426073131986,0.007578118080272283
2006-10-30,12340.0,12380.0,12140.0,12180.0,20122000,Samsung,12477.142857142857,12931.333333333334,-0.01774193548387093,0.00893406226796662
2006-10-31,12140.0,12320.0,12060.0,12220.0,24140400,Samsung,12417.142857142857,12902.0,0.003284072249589487,0.009614852765577766
2006-11-01,12360.0,12400.0,12260.0,12300.0,13952400,Samsung,12388.57142857143,12874.666666666666,0.00654664484451728,0.009990164547781365
2006-11-02,12280.0,12380.0,12220.0,12280.0,13024450,Samsung,12351.42857142857,12835.333333333334,-0.001626016260162566,0.009713375842701759
2006-11-03,12340.0,12400.0,12180.0,12220.0,14012550,Samsung,12311.42857142857,12794.666666666666,-0.004885993485342022,0.00974153160135777
2006-11-06,12180.0,12200.0,11980.0,12100.0,17439800,Samsung,12242.857142857143,12753.333333333334,-0.009819967266775809,0.008979434114438467
2006-11-07,12300.0,12300.0,12100.0,12180.0,17791800,Samsung,12211.42857142857,12716.0,0.006611570247933907,0.009043145126367044
2006-11-08,12300.0,12420.0,12300.0,12300.0,13618400,Samsung,12228.57142857143,12690.0,0.009852216748768461,0.007108592150910224
2006-11-09,12400.0,12620.0,12360.0,12620.0,28261650,Samsung,12285.714285714286,12675.333333333334,0.026016260162601723,0.01176665957070588
2006-11-10,12560.0,12640.0,12520.0,12580.0,13480750,Samsung,12325.714285714286,12660.666666666666,-0.0031695721077654726,0.012077454467727807
2006-11-13,12720.0,12800.0,12660.0,12800.0,16464950,Samsung,12400.0,12645.333333333334,0.01748807631160565,0.012914437700321078
2006-11-14,12960.0,13000.0,12880.0,12940.0,18685300,Samsung,12502.857142857143,12631.333333333334,0.010937500000000044,0.012044242500759365
2006-11-15,13100.0,13240.0,13060.0,13240.0,29861150,Samsung,12665.714285714286,12630.0,0.023183925811437467,0.010080565710123644
2006-11-16,13520.0,13520.0,13140.0,13140.0,19037300,Samsung,12802.857142857143,12624.666666666666,-0.007552870090634434,0.012664450173425445
2006-11-17,13160.0,13160.0,13060.0,13140.0,9296700,Samsung,12922.857142857143,12630.666666666666,0.0,0.013338276015209774
2006-11-20,13120.0,13120.0,12940.0,13040.0,14429300,Samsung,12982.857142857143,12642.0,-0.007610350076103556,0.012448388464082838
2006-11-21,13060.0,13120.0,12960.0,13000.0,10533050,Samsung,13042.857142857143,12647.333333333334,-0.0030674846625766694,0.012437613840631108
2006-11-22,12940.0,13200.0,12940.0,13200.0,12154500,Samsung,13100.0,12660.0,0.01538461538461533,0.012099911928182883
2006-11-23,13260.0,13300.0,13020.0,13080.0,12492450,Samsung,13120.0,12670.0,-0.009090909090909038,0.012669699350719293
2006-11-24,13080.0,13120.0,12920.0,13040.0,9120950,Samsung,13091.42857142857,12675.333333333334,-0.003058103975535187,0.00837589681036725
2006-11-27,12940.0,13000.0,12780.0,12840.0,16110750,Samsung,13048.57142857143,12670.0,-0.015337423312883458,0.00963600950399883
2006-11-28,12620.0,12740.0,12600.0,12660.0,15936500,Samsung,12980.0,12660.666666666666,-0.014018691588784993,0.010282061206511824
2006-11-29,12560.0,12740.0,12560.0,12620.0,16956850,Samsung,12920.0,12653.333333333334,-0.003159557661927326,0.010249836889494218
2006-11-30,12720.0,12880.0,12700.0,12800.0,15937700,Samsung,12891.42857142857,12656.0,0.014263074484944571,0.01252760716243409
2006-12-01,12800.0,12900.0,12780.0,12800.0,8220950,Samsung,12834.285714285714,12661.333333333334,0.0,0.010042726577701989
2006-12-04,12860.0,12920.0,12740.0,12820.0,9770000,Samsung,12797.142857142857,12672.0,0.0015624999999999112,0.010010483697115019
2006-12-05,12960.0,13020.0,12760.0,12760.0,17541350,Samsung,12757.142857142857,12679.333333333334,-0.004680187207488307,0.010035625089642598
2006-12-06,12760.0,12800.0,12580.0,12700.0,13141050,Samsung,12737.142857142857,12686.0,-0.00470219435736674,0.008562855253019289
2006-12-07,12580.0,12700.0,12500.0,12520.0,14568100,Samsung,12717.142857142857,12684.0,-0.014173228346456734,0.008600525448542399
2006-12-08,12340.0,12360.0,12160.0,12240.0,25506450,Samsung,12662.857142857143,12678.666666666666,-0.022364217252396124,0.011701492222516468
2006-12-11,12200.0,12240.0,12040.0,12080.0,22559950,Samsung,12560.0,12675.333333333334,-0.013071895424836555,0.00863336437844752
2006-12-12,12120.0,12200.0,11980.0,12000.0,16336200,Samsung,12445.714285714286,12668.0,-0.0066225165562914245,0.007917676996741925
2006-12-13,12000.0,12180.0,12000.0,12100.0,17044900,Samsung,12342.857142857143,12661.333333333334,0.008333333333333304,0.009665239586728047
2006-12-14,12060.0,12280.0,12000.0,12260.0,43086900,Samsung,12271.42857142857,12660.666666666666,0.013223140495867813,0.01265348391903458
2006-12-15,12280.0,12300.0,12140.0,12180.0,22955950,Samsung,12197.142857142857,12659.333333333334,-0.006525285481239762,0.012650077231560485
2006-12-18,12200.0,12300.0,12160.0,12200.0,20216550,Samsung,12151.42857142857,12662.666666666666,0.0016420361247948545,0.012331545497437148
2006-12-19,12200.0,12280.0,12160.0,12180.0,14096450,Samsung,12142.857142857143,12662.666666666666,-0.0016393442622950616,0.009164134899930811
2006-12-20,12180.0,12400.0,12180.0,12340.0,20860850,Samsung,12180.0,12664.0,0.013136288998357948,0.00858632657138311
2006-12-21,12380.0,12400.0,12260.0,12340.0,16119000,Samsung,12228.57142857143,12654.666666666666,0.0,0.007653491251912834
2006-12-22,12240.0,12280.0,12160.0,12220.0,17192100,Samsung,12245.714285714286,12642.666666666666,-0.00972447325769854,0.008900687635042466
2006-12-26,12180.0,12220.0,12040.0,12140.0,15325400,Samsung,12228.57142857143,12620.666666666666,-0.006546644844517169,0.007578757843496784
2006-12-27,12220.0,12280.0,12080.0,12280.0,9427500,Samsung,12242.857142857143,12598.666666666666,0.011532125205930832,0.008546731347948672
2006-12-28,12320.0,12380.0,12200.0,12260.0,10913300,Samsung,12251.42857142857,12566.0,-0.0016286644951140072,0.008607723511041856
2007-01-02,12400.0,12540.0,12320.0,12520.0,17607300,Samsung,12300.0,12545.333333333334,0.021207177814029254,0.011427790098275459
2007-01-03,12540.0,12560.0,12220.0,12280.0,19676500,Samsung,12291.42857142857,12516.666666666666,-0.019169329073482455,0.013463504924185871
2007-01-04,12220.0,12240.0,12060.0,12120.0,18258900,Samsung,12260.0,12486.0,-0.013029315960912058,0.014241889989579062
2007-01-05,12160.0,12180.0,11900.0,11900.0,28400400,Samsung,12214.285714285714,12449.333333333334,-0.018151815181518205,0.015275079713428915
2007-01-08,11840.0,11880.0,11580.0,11680.0,33081550,Samsung,12148.57142857143,12398.666666666666,-0.01848739495798324,0.016281638801159327
2007-01-09,11740.0,11880.0,11640.0,11720.0,20109850,Samsung,12068.57142857143,12353.333333333334,0.003424657534246478,0.015124520588776601
2007-01-10,11640.0,11680.0,11500.0,11560.0,25756300,Samsung,11968.57142857143,12304.0,-0.013651877133105783,0.015155446626250187
2007-01-11,11580.0,11760.0,11560.0,11660.0,29839350,Samsung,11845.714285714286,12264.666666666666,0.00865051903114189,0.011351330762588407
2007-01-12,11800.0,12120.0,11700.0,12120.0,40346050,Samsung,11822.857142857143,12246.666666666666,0.039451114922812947,0.021017800535406278
2007-01-15,12240.0,12300.0,12140.0,12240.0,33675300,Samsung,11840.0,12234.0,0.00990099009900991,0.020740095406807203
2007-01-16,12300.0,12300.0,12220.0,12260.0,15522550,Samsung,11891.42857142857,12216.0,0.0016339869281045694,0.018864479728250935
2007-01-17,12200.0,12200.0,11940.0,12040.0,23396700,Samsung,11942.857142857143,12190.666666666666,-0.01794453507340943,0.018755425662321037
2007-01-18,11980.0,11980.0,11780.0,11880.0,21762950,Samsung,11965.714285714286,12159.333333333334,-0.013289036544850474,0.019940807370932477
2007-01-19,11760.0,11760.0,11580.0,11700.0,32068050,Samsung,11985.714285714286,12124.0,-0.015151515151515138,0.020145340988913674
2007-01-22,11700.0,11860.0,11660.0,11820.0,21204000,Samsung,12008.57142857143,12094.666666666666,0.01025641025641022,0.020244021735322536
2007-01-23,11820.0,12000.0,11760.0,11880.0,21732900,Samsung,11974.285714285714,12073.333333333334,0.0050761421319796,0.012284235419415087
2007-01-24,12000.0,12080.0,11980.0,12040.0,14238300,Samsung,11945.714285714286,12066.666666666666,0.013468013468013407,0.012954060272438832
2007-01-25,12120.0,12160.0,12040.0,12060.0,11798550,Samsung,11917.142857142857,12066.0,0.0016611295681063787,0.012955430619342897
2007-01-26,12000.0,12000.0,11740.0,11760.0,37403750,Samsung,11877.142857142857,12058.0,-0.02487562189054726,0.014522701821559366
2007-01-29,11800.0,11820.0,11540.0,11560.0,28106550,Samsung,11831.42857142857,12040.0,-0.017006802721088454,0.01501019129404583
2007-01-30,11640.0,11720.0,11500.0,11700.0,18857050,Samsung,11831.42857142857,12021.333333333334,0.01211072664359869,0.01510925487791995
2007-01-31,11700.0,11700.0,11500.0,11600.0,18468100,Samsung,11800.0,12002.0,-0.008547008547008517,0.014667379074514816
2007-02-01,11520.0,11680.0,11520.0,11580.0,20379600,Samsung,11757.142857142857,11981.333333333334,-0.0017241379310344307,0.014295675268471935
2007-02-02,11660.0,11820.0,11600.0,11760.0,25061700,Samsung,11717.142857142857,11967.333333333334,0.015544041450777257,0.0147229396435071
2007-02-05,11780.0,11800.0,11660.0,11720.0,24227700,Samsung,11668.57142857143,11946.666666666666,-0.003401360544217691,0.014564256221630061
2007-02-06,11700.0,11760.0,11660.0,11740.0,14804600,Samsung,11665.714285714286,11926.666666666666,0.0017064846416381396,0.011312054273399666
2007-02-07,11760.0,11780.0,11600.0,11720.0,19521900,Samsung,11688.57142857143,11910.0,-0.0017035775127768327,0.00869629946838822
2007-02-08,11760.0,11800.0,11600.0,11660.0,25787500,Samsung,11682.857142857143,11894.0,-0.005119453924914641,0.007743053432964122
2007-02-09,11580.0,11720.0,11580.0,11660.0,15724250,Samsung,11691.42857142857,11873.333333333334,0.0,0.006881936790684178
2007-02-12,11600.0,11600.0,11380.0,11440.0,43866750,Samsung,11671.42857142857,11846.0,-0.018867924528301883,0.01017493290209799
2007-02-13,11380.0,11420.0,11200.0,11240.0,38350000,Samsung,11597.142857142857,11803.333333333334,-0.0174825174825175,0.008342998888062789
2007-02-14,11340.0,11460.0,11340.0,11340.0,31505450,Samsung,11542.857142857143,11772.0,0.008896797153024938,0.010175687750333895
2007-02-15,11620.0,11640.0,11380.0,11500.0,31469800,Samsung,11508.57142857143,11751.333333333334,0.014109347442680775,0.012321198814364933
2007-02-16,11560.0,11840.0,11480.0,11840.0,41500100,Samsung,11525.714285714286,11749.333333333334,0.029565217391304355,0.01742875252708211
2007-02-20,11900.0,12040.0,11760.0,12000.0,23313850,Samsung,11574.285714285714,11760.0,0.013513513513513598,0.017655384381582193
2007-02-21,12040.0,12240.0,12000.0,12120.0,27616450,Samsung,11640.0,11773.333333333334,0.010000000000000009,0.017658965369024712
2007-02-22,12120.0,12240.0,12040.0,12040.0,18015000,Samsung,11725.714285714286,11789.333333333334,-0.0066006600660065695,0.015263464007971598
2007-02-23,12060.0,12080.0,11800.0,11840.0,25999600,Samsung,11811.42857142857,11795.333333333334,-0.01661129568106312,0.01502821793551425
2007-02-26,11740.0,11780.0,11580.0,11660.0,29442950,Samsung,11857.142857142857,11780.0,-0.015202702702702742,0.01726337175390241
2007-02-27,11720.0,11720.0,11500.0,11620.0,22474550,Samsung,11874.285714285714,11759.333333333334,-0.0034305317324184736,0.01683787501832175
2007-02-28,11160.0,11400.0,11160.0,11400.0,45093800,Samsung,11811.42857142857,11730.666666666666,-0.018932874354561147,0.01294272797594152
2007-03-01,11340.0,11340.0,11340.0,11340.0,0,Samsung,11717.142857142857,11707.333333333334,-0.0052631578947368585,0.009999077754437759
2007-03-05,11240.0,11440.0,11220.0,11300.0,27584250,Samsung,11600.0,11688.0,-0.003527336860670194,0.006703151810866098
2007-03-06,11300.0,11580.0,11300.0,11420.0,27781400,Samsung,11511.42857142857,11678.666666666666,0.010619469026548645,0.01031758948603184
2007-03-07,11500.0,11520.0,11300.0,11400.0,26039150,Samsung,11448.57142857143,11664.666666666666,-0.0017513134851138146,0.009631186337661309
2007-03-08,11400.0,11640.0,11340.0,11540.0,29056100,Samsung,11431.42857142857,11653.333333333334,0.012280701754386003,0.01050968556858225
2007-03-09,11660.0,11780.0,11600.0,11740.0,30233000,Samsung,11448.57142857143,11643.333333333334,0.017331022530329365,0.012577015641693074
2007-03-12,11800.0,12040.0,11800.0,12040.0,31691500,Samsung,11540.0,11642.666666666666,0.02555366269165238,0.011720226065489454
2007-03-13,12080.0,12080.0,11860.0,12000.0,16828000,Samsung,11634.285714285714,11650.666666666666,-0.0033222591362126463,0.011375016450718528
2007-03-14,11720.0,11760.0,11600.0,11680.0,24902100,Samsung,11688.57142857143,11654.666666666666,-0.026666666666666616,0.017207468493147283
2007-03-15,11700.0,11840.0,11680.0,11720.0,21261300,Samsung,11731.42857142857,11655.333333333334,0.003424657534246478,0.017020214036839114
2007-03-16,11720.0,11860.0,11620.0,11780.0,13671150,Samsung,11785.714285714286,11661.333333333334,0.005119453924914641,0.016841494811847487
2007-03-19,11740.0,11800.0,11640.0,11740.0,11891200,Samsung,11814.285714285714,11666.666666666666,-0.00339558573853993,0.0167255088582692
2007-03-20,11700.0,11740.0,11500.0,11580.0,21245000,Samsung,11791.42857142857,11660.666666666666,-0.013628620102214661,0.016260971044117237
2007-03-21,11620.0,11700.0,11500.0,11580.0,12559600,Samsung,11725.714285714286,11656.0,0.0,0.01115007872810427
2007-03-22,11700.0,11780.0,11640.0,11640.0,22119900,Samsung,11674.285714285714,11652.666666666666,0.005181347150259086,0.011866540484088103
2007-03-23,11680.0,11720.0,11520.0,11600.0,17271600,Samsung,11662.857142857143,11648.666666666666,-0.0034364261168384758,0.006675594769305832
2007-03-26,11640.0,11700.0,11560.0,11680.0,15899800,Samsung,11657.142857142857,11649.333333333334,0.006896551724137945,0.0071667591572717815
2007-03-27,11640.0,11660.0,11540.0,11600.0,18780200,Samsung,11631.42857142857,11647.333333333334,-0.006849315068493178,0.007038645373708683
2007-03-28,11600.0,11600.0,11400.0,11440.0,22607300,Samsung,11588.57142857143,11647.333333333334,-0.01379310344827589,0.008319461909549365
2007-03-29,11300.0,11480.0,11280.0,11380.0,30754300,Samsung,11560.0,11652.0,-0.005244755244755206,0.007169383310867019
2007-03-30,11380.0,11380.0,11240.0,11260.0,22767000,Samsung,11514.285714285714,11649.333333333334,-0.010544815465729385,0.007656705318980557
2007-04-02,11280.0,11420.0,11280.0,11320.0,20035050,Samsung,11468.57142857143,11643.333333333334,0.005328596802841812,0.007686183384508314
2007-04-03,11340.0,11560.0,11320.0,11480.0,19676650,Samsung,11451.42857142857,11631.333333333334,0.014134275618374659,0.010304559928501189
2007-04-04,11660.0,11940.0,11620.0,11900.0,44768400,Samsung,11482.857142857143,11628.0,0.03658536585365857,0.01773674652536377
2007-04-05,12020.0,12060.0,11820.0,11860.0,15772300,Samsung,11520.0,11619.333333333334,-0.003361344537815114,0.017467358914317783
2007-04-06,11920.0,11960.0,11680.0,11740.0,15445750,Samsung,11562.857142857143,11609.333333333334,-0.010118043844856706,0.0169144297941405
2007-04-09,11800.0,11800.0,11660.0,11680.0,12778300,Samsung,11605.714285714286,11604.0,-0.005110732538330498,0.01690252317205289
2007-04-10,11680.0,11780.0,11520.0,11560.0,22281600,Samsung,11648.57142857143,11600.666666666666,-0.010273972602739767,0.016864360782964546
2007-04-11,11680.0,12020.0,11660.0,11980.0,42482950,Samsung,11742.857142857143,11612.666666666666,0.03633217993079585,0.020896388071655104
2007-04-12,11940.0,12080.0,11880.0,12080.0,34352850,Samsung,11828.57142857143,11635.333333333334,0.008347245409014992,0.020741578507124235
2007-04-13,12080.0,12200.0,11900.0,12040.0,35876550,Samsung,11848.57142857143,11658.666666666666,-0.0033112582781457123,0.016450328289548427
2007-04-16,11980.0,12060.0,11860.0,11860.0,20227200,Samsung,11848.57142857143,11677.333333333334,-0.014950166112956853,0.01759784524947834
2007-04-17,11920.0,11980.0,11760.0,11860.0,22060000,Samsung,11865.714285714286,11692.0,0.0,0.01702184521003476
2007-04-18,11800.0,11820.0,11620.0,11660.0,25200000,Samsung,11862.857142857143,11700.666666666666,-0.016863406408094472,0.018321348031287855
2007-04-19,11620.0,11640.0,11360.0,11440.0,32114150,Samsung,11845.714285714286,11697.333333333334,-0.018867924528301883,0.019374199316662285
2007-04-20,11480.0,11560.0,11420.0,11460.0,16748300,Samsung,11771.42857142857,11688.0,0.0017482517482516613,0.010585339822862569
2007-04-23,11560.0,11680.0,11400.0,11400.0,18575450,Samsung,11674.285714285714,11666.666666666666,-0.005235602094240788,0.008498217593476553
2007-04-24,11480.0,11540.0,11360.0,11420.0,25104600,Samsung,11585.714285714286,11647.333333333334,0.0017543859649122862,0.00917386083167237
2007-04-25,11520.0,11560.0,11240.0,11280.0,29520750,Samsung,11502.857142857143,11634.0,-0.012259194395796813,0.008860051257849659
2007-04-26,11400.0,11620.0,11400.0,11600.0,27133550,Samsung,11465.714285714286,11630.0,0.028368794326241176,0.01614439546208296
2007-04-27,11620.0,11740.0,11460.0,11600.0,30426400,Samsung,11457.142857142857,11624.0,0.0,0.014954035298449742
2007-04-30,11600.0,11660.0,11380.0,11480.0,18851000,Samsung,11462.857142857143,11615.333333333334,-0.010344827586206917,0.013498860256495769
2007-05-02,11400.0,11600.0,11400.0,11500.0,16500000,Samsung,11468.57142857143,11612.666666666666,0.0017421602787457413,0.013498772285815289
2007-05-03,11560.0,11620.0,11460.0,11480.0,14666550,Samsung,11480.0,11609.333333333334,-0.0017391304347825765,0.013311311187032425
2007-05-04,11480.0,11560.0,11480.0,11520.0,12117750,Samsung,11494.285714285714,11605.333333333334,0.0034843205574912606,0.013342058551545454
2007-05-07,11600.0,11740.0,11560.0,11740.0,29269050,Samsung,11560.0,11610.0,0.01909722222222232,0.013286139179203264
2007-05-08,11760.0,11860.0,11580.0,11640.0,30470000,Samsung,11565.714285714286,11608.666666666666,-0.008517887563884163,0.009665187192444758
2007-05-09,11600.0,11720.0,11480.0,11600.0,19446550,Samsung,11565.714285714286,11608.666666666666,-0.0034364261168384758,0.009783245333488738
2007-05-10,11700.0,11720.0,11500.0,11500.0,21284800,Samsung,11568.57142857143,11610.666666666666,-0.008620689655172376,0.009495673547982362
2007-05-11,11500.0,11540.0,11380.0,11460.0,18063550,Samsung,11562.857142857143,11613.333333333334,-0.003478260869565264,0.009567080599372396
2007-05-14,11500.0,11560.0,11400.0,11480.0,15178550,Samsung,11562.857142857143,11620.666666666666,0.0017452006980802626,0.009579991729535772
2007-05-15,11480.0,11500.0,11380.0,11460.0,16629900,Samsung,11554.285714285714,11625.333333333334,-0.0017421602787456303,0.009469760317580388
2007-05-16,11380.0,11480.0,11380.0,11400.0,13728550,Samsung,11505.714285714286,11622.666666666666,-0.005235602094240788,0.0036911515677247016
2007-05-17,11380.0,11460.0,11240.0,11320.0,32991650,Samsung,11460.0,11603.333333333334,-0.007017543859649145,0.003431993611456914
2007-05-18,11200.0,11220.0,10960.0,11080.0,44367750,Samsung,11385.714285714286,11577.333333333334,-0.021201413427561877,0.007328555473264489
2007-05-21,10940.0,11160.0,10920.0,11040.0,27085250,Samsung,11320.0,11554.0,-0.0036101083032491488,0.007332418796217009
2007-05-22,11120.0,11340.0,11120.0,11300.0,40901450,Samsung,11297.142857142857,11541.333333333334,0.023550724637681153,0.013378028996660709
2007-05-23,11320.0,11360.0,11180.0,11240.0,18800050,Samsung,11262.857142857143,11530.666666666666,-0.005309734513274322,0.013320618999951088
2007-05-25,11000.0,11140.0,11000.0,11040.0,30527900,Samsung,11202.857142857143,11499.333333333334,-0.017793594306049876,0.014416921787794518
2007-05-28,11000.0,11020.0,10920.0,10960.0,19714700,Samsung,11140.0,11462.0,-0.007246376811594235,0.014437045907426867
2007-05-29,10920.0,10940.0,10700.0,10740.0,34405050,Samsung,11057.142857142857,11418.666666666666,-0.02007299270072993,0.015469389476772828
2007-05-30,10740.0,10740.0,10500.0,10640.0,39442700,Samsung,10994.285714285714,11378.0,-0.009310986964618295,0.014308457075779433
2007-05-31,10720.0,10840.0,10640.0,10700.0,32327800,Samsung,10945.714285714286,11339.333333333334,0.005639097744360999,0.01494487347116141
2007-06-01,10920.0,11180.0,10860.0,11120.0,48280700,Samsung,10920.0,11321.333333333334,0.03925233644859816,0.02011636881036055
2007-06-04,11320.0,11560.0,11260.0,11440.0,54176150,Samsung,10948.57142857143,11321.333333333334,0.02877697841726623,0.023117433075075505
2007-06-05,11500.0,11640.0,11380.0,11420.0,30539250,Samsung,11002.857142857143,11320.0,-0.0017482517482517723,0.02147842196340532
2007-06-07,11180.0,11400.0,11180.0,11380.0,24129700,Samsung,11062.857142857143,11319.333333333334,-0.003502626970227629,0.021165791409256847
2007-06-08,11240.0,11520.0,11220.0,11440.0,33649350,Samsung,11162.857142857143,11320.0,0.005272407732864748,0.01797398369533365
2007-06-11,11560.0,11700.0,11440.0,11560.0,33486900,Samsung,11294.285714285714,11329.333333333334,0.010489510489510412,0.016028626834380513
2007-06-12,11440.0,11660.0,11440.0,11560.0,17372350,Samsung,11417.142857142857,11328.0,0.0,0.016536759783914515
2007-06-13,11500.0,11540.0,11340.0,11460.0,17896500,Samsung,11465.714285714286,11323.333333333334,-0.00865051903114189,0.012396270253654106
2007-06-14,11600.0,11620.0,11460.0,11620.0,31985700,Samsung,11491.42857142857,11328.0,0.013961605584642323,0.008032724662934185
2007-06-15,11560.0,11580.0,11420.0,11480.0,24082300,Samsung,11500.0,11327.333333333334,-0.012048192771084376,0.00966658339575702
2007-06-18,11600.0,11800.0,11520.0,11780.0,34236550,Samsung,11557.142857142857,11337.333333333334,0.026132404181184565,0.013285780795702624
2007-06-19,11880.0,11880.0,11660.0,11700.0,19075450,Samsung,11594.285714285714,11343.333333333334,-0.006791171477079749,0.014010598594529022
2007-06-20,11740.0,11760.0,11480.0,11540.0,28625550,Samsung,11591.42857142857,11336.666666666666,-0.013675213675213627,0.014892878593253367
2007-06-21,11720.0,11840.0,11720.0,11780.0,46066600,Samsung,11622.857142857143,11341.333333333334,0.020797227036395194,0.016871508935974736
2007-06-22,11920.0,12020.0,11760.0,11820.0,41545600,Samsung,11674.285714285714,11348.666666666666,0.00339558573853993,0.016103639713462268
2007-06-25,11760.0,11940.0,11700.0,11760.0,19727450,Samsung,11694.285714285714,11357.333333333334,-0.005076142131979711,0.015852697337477486
2007-06-26,11820.0,11860.0,11660.0,11760.0,19325000,Samsung,11734.285714285714,11367.333333333334,0.0,0.01470892958561628
2007-06-27,11680.0,11720.0,11580.0,11620.0,17356150,Samsung,11711.42857142857,11372.0,-0.011904761904761862,0.011687453404740368
2007-06-28,11620.0,11700.0,11500.0,11560.0,20486950,Samsung,11691.42857142857,11375.333333333334,-0.005163511187607606,0.011589554999659125
2007-06-29,11560.0,11580.0,11320.0,11320.0,27230000,Samsung,11660.0,11372.666666666666,-0.02076124567474047,0.013033367536545697
2007-07-02,11560.0,11580.0,11320.0,11320.0,28822950,Samsung,11594.285714285714,11372.666666666666,0.0,0.008303665557902047
2007-07-03,11440.0,11500.0,11360.0,11420.0,25979550,Samsung,11537.142857142857,11384.0,0.008833922261484162,0.009463785758147313
2007-07-04,11460.0,11680.0,11440.0,11560.0,21507800,Samsung,11508.57142857143,11401.333333333334,0.012259194395796813,0.011458077555274969
2007-07-05,11740.0,11860.0,11640.0,11820.0,33418800,Samsung,11517.142857142857,11418.666666666666,0.02249134948096887,0.014882148206185107
2007-07-06,12060.0,12640.0,11980.0,12540.0,82871050,Samsung,11648.57142857143,11462.0,0.060913705583756306,0.02588560970877034
2007-07-09,12760.0,12980.0,12660.0,12860.0,63496300,Samsung,11834.285714285714,11522.666666666666,0.02551834130781505,0.025237659183621124
2007-07-10,12780.0,12940.0,12580.0,12580.0,33803150,Samsung,12014.285714285714,11576.666666666666,-0.021772939346811793,0.025482356027947975
2007-07-11,12420.0,12760.0,12400.0,12700.0,26573900,Samsung,12211.42857142857,11642.0,0.009538950715421324,0.024762495134556316
2007-07-12,12700.0,13040.0,12680.0,12920.0,28582500,Samsung,12425.714285714286,11718.0,0.017322834645669305,0.02451246192883589
2007-07-13,13300.0,13740.0,13180.0,13740.0,68696450,Samsung,12737.142857142857,11819.333333333334,0.06346749226006199,0.029611136818521695
2007-07-16,13700.0,13720.0,12960.0,13000.0,48383750,Samsung,12905.714285714286,11882.0,-0.05385735080058229,0.04221860905701419
2007-07-18,13160.0,13240.0,12800.0,12800.0,37695850,Samsung,12942.857142857143,11927.333333333334,-0.01538461538461533,0.0378454030752683
2007-07-19,12700.0,12980.0,12620.0,12720.0,29848650,Samsung,12922.857142857143,11970.666666666666,-0.006249999999999978,0.03665775707017249
2007-07-20,12820.0,13220.0,12720.0,13220.0,28872250,Samsung,13014.285714285714,12032.0,0.03930817610062887,0.038126699900061595
2007-07-23,13060.0,13200.0,12980.0,13160.0,20428050,Samsung,13080.0,12089.333333333334,-0.004538577912254205,0.03838608457928036
2007-07-24,13180.0,13260.0,12920.0,13080.0,17940900,Samsung,13102.857142857143,12140.0,-0.006079027355623046,0.03822628206786977
2007-07-25,12800.0,13060.0,12800.0,12960.0,19926200,Samsung,12991.42857142857,12186.666666666666,-0.00917431192660545,0.027128108718204254
2007-07-26,12980.0,13040.0,12520.0,12520.0,31223850,Samsung,12922.857142857143,12222.0,-0.03395061728395066,0.022095981135538924
2007-07-27,12340.0,12360.0,11920.0,11920.0,57318200,Samsung,12797.142857142857,12232.0,-0.04792332268370603,0.027394571191249592
2007-07-30,11920.0,12200.0,11860.0,12200.0,30529200,Samsung,12722.857142857143,12256.0,0.02348993288590595,0.0301996292443691
2007-07-31,12300.0,12320.0,12180.0,12280.0,23017750,Samsung,12588.57142857143,12272.666666666666,0.006557377049180246,0.023989725187526036
2007-08-01,12000.0,12100.0,11520.0,11620.0,53035500,Samsung,12368.57142857143,12270.0,-0.05374592833876224,0.028775730531416025
2007-08-02,11780.0,11920.0,11520.0,11800.0,29307050,Samsung,12185.714285714286,12278.666666666666,0.015490533562822817,0.03122342054296055
2007-08-03,12000.0,12140.0,11780.0,11800.0,30259700,Samsung,12020.0,12279.333333333334,0.0,0.031658052759544
2007-08-06,11460.0,11720.0,11440.0,11680.0,26664700,Samsung,11900.0,12274.666666666666,-0.01016949152542368,0.030263972678641927
2007-08-07,11900.0,11920.0,11640.0,11680.0,15727400,Samsung,11865.714285714286,12272.0,0.0,0.02509491395953994
2007-08-08,11800.0,12040.0,11740.0,12040.0,20627250,Samsung,11842.857142857143,12281.333333333334,0.03082191780821919,0.026481315782587556
2007-08-09,12400.0,12500.0,12320.0,12420.0,42449700,Samsung,11862.857142857143,12308.0,0.03156146179401986,0.029298129262165414
2007-08-10,12120.0,12160.0,11960.0,12060.0,30724000,Samsung,11925.714285714286,12324.666666666666,-0.02898550724637683,0.022043466158503583
2007-08-13,12120.0,12340.0,12020.0,12260.0,17635500,Samsung,11991.42857142857,12356.0,0.016583747927031434,0.022129490130400054
2007-08-14,12240.0,12420.0,12140.0,12240.0,16922600,Samsung,12054.285714285714,12386.666666666666,-0.0016313213703099683,0.02220781823586355
2007-08-16,11680.0,11800.0,11580.0,11600.0,50978800,Samsung,12042.857142857143,12392.666666666666,-0.05228758169934644,0.031079828998822535
2007-08-17,11740.0,11800.0,11360.0,11440.0,37513450,Samsung,12008.57142857143,12388.666666666666,-0.01379310344827589,0.031472976270610506
2007-08-20,11800.0,11840.0,11700.0,11800.0,24012750,Samsung,11974.285714285714,12388.0,0.03146853146853146,0.031587927991862316
2007-08-21,11800.0,11980.0,11720.0,11840.0,18044500,Samsung,11891.42857142857,12364.666666666666,0.003389830508474523,0.028140312319033602
2007-08-22,11920.0,12040.0,11840.0,11880.0,20210450,Samsung,11865.714285714286,12332.0,0.0033783783783782884,0.02643026694748322
2007-08-23,12200.0,12260.0,11940.0,11980.0,19973500,Samsung,11825.714285714286,12312.0,0.008417508417508435,0.02565015399942995
2007-08-24,11900.0,11940.0,11660.0,11720.0,18926300,Samsung,11751.42857142857,12279.333333333334,-0.02170283806343909,0.026575746438367468
2007-08-27,11820.0,12000.0,11500.0,11540.0,21689350,Samsung,11742.857142857143,12233.333333333334,-0.015358361774744034,0.01815970542078619
2007-08-28,11480.0,11540.0,11360.0,11520.0,26209000,Samsung,11754.285714285714,12159.333333333334,-0.0017331022530329143,0.017248661177582135
2007-08-29,11160.0,11360.0,11160.0,11240.0,32118350,Samsung,11674.285714285714,12100.666666666666,-0.02430555555555558,0.013331970119508457
2007-08-30,11500.0,11560.0,11380.0,11440.0,19231700,Samsung,11617.142857142857,12055.333333333334,0.017793594306049876,0.016016217068641845
2007-08-31,11400.0,11820.0,11400.0,11820.0,30225900,Samsung,11608.57142857143,12025.333333333334,0.03321678321678312,0.02156212368812307
2007-09-03,11820.0,11820.0,11500.0,11520.0,19882000,Samsung,11542.857142857143,11968.666666666666,-0.025380710659898442,0.022964573042952827
2007-09-04,11520.0,11660.0,11420.0,11500.0,14962300,Samsung,11511.42857142857,11913.333333333334,-0.0017361111111111605,0.021806103391813256
2007-09-05,11600.0,11700.0,11380.0,11380.0,19629900,Samsung,11488.57142857143,11856.666666666666,-0.01043478260869568,0.021397826839680122
2007-09-06,11240.0,11500.0,11220.0,11500.0,17740550,Samsung,11485.714285714286,11808.0,0.010544815465729274,0.02190124070633484
2007-09-07,11500.0,11500.0,11320.0,11500.0,15746950,Samsung,11522.857142857143,11774.0,0.0,0.019169979736377123
2007-09-10,11260.0,11280.0,11120.0,11260.0,17560000,Samsung,11497.142857142857,11752.0,-0.02086956521739125,0.019897509831549007
2007-09-11,11300.0,11460.0,11220.0,11340.0,13712100,Samsung,11428.57142857143,11723.333333333334,0.007104795737122638,0.013637051059110896
2007-09-12,11360.0,11400.0,11180.0,11200.0,14680300,Samsung,11382.857142857143,11687.333333333334,-0.012345679012345734,0.01119242628848758
2007-09-13,11200.0,11340.0,11020.0,11240.0,24396000,Samsung,11345.714285714286,11674.666666666666,0.0035714285714285587,0.011542674092230084
2007-09-14,11200.0,11220.0,11040.0,11120.0,24298800,Samsung,11308.57142857143,11652.0,-0.010676156583629859,0.0115682069119367
2007-09-17,11020.0,11040.0,10880.0,10900.0,21488750,Samsung,11222.857142857143,11622.0,-0.01978417266187049,0.011219816662112097
2007-09-18,10900.0,10960.0,10760.0,10840.0,23761000,Samsung,11128.57142857143,11594.0,-0.0055045871559632475,0.010785201296518719
2007-09-19,11060.0,11180.0,10960.0,11040.0,28984400,Samsung,11097.142857142857,11572.666666666666,0.01845018450184499,0.013160398074747406
2007-09-20,10940.0,11040.0,10800.0,10920.0,29019850,Samsung,11037.142857142857,11535.333333333334,-0.010869565217391353,0.012663404240516126
2007-09-21,10800.0,10860.0,10640.0,10680.0,39467450,Samsung,10962.857142857143,11477.333333333334,-0.02197802197802201,0.014007557255709395
2007-09-27,11000.0,11160.0,10860.0,11160.0,49918900,Samsung,10951.42857142857,11447.333333333334,0.04494382022471921,0.024128258555095525
2007-09-28,11520.0,11540.0,11400.0,11500.0,42891650,Samsung,11005.714285714286,11422.0,0.03046594982078843,0.0262332942788239
2007-10-01,11520.0,11540.0,11340.0,11460.0,16355000,Samsung,11085.714285714286,11396.0,-0.003478260869565264,0.024308385548760296
2007-10-02,11580.0,11700.0,11520.0,11580.0,30136750,Samsung,11191.42857142857,11395.333333333334,0.010471204188481575,0.023631832647206523
2007-10-04,11260.0,11400.0,11200.0,11300.0,40348550,Samsung,11228.57142857143,11390.666666666666,-0.024179620034542326,0.026342969869566094
2007-10-05,11320.0,11340.0,10960.0,11060.0,29788950,Samsung,11248.57142857143,11366.0,-0.0212389380530974,0.02755744396507651
2007-10-08,11080.0,11160.0,10820.0,11020.0,28390800,Samsung,11297.142857142857,11338.666666666666,-0.003616636528028905,0.025689284938985278
2007-10-09,10820.0,10900.0,10660.0,10740.0,40724950,Samsung,11237.142857142857,11300.666666666666,-0.025408348457350294,0.020611162307360115
2007-10-10,10900.0,11060.0,10760.0,11040.0,32597150,Samsung,11171.42857142857,11269.333333333334,0.027932960893854775,0.019888495406257787
2007-10-11,11060.0,11180.0,10860.0,11100.0,30210150,Samsung,11120.0,11248.666666666666,0.005434782608695565,0.02033075722123057
2007-10-12,11020.0,11440.0,10940.0,11140.0,56563250,Samsung,11057.142857142857,11235.333333333334,0.003603603603603567,0.019649379989166275
2007-10-15,11160.0,11240.0,10760.0,10840.0,33940050,Samsung,10991.42857142857,11212.666666666666,-0.026929982046678624,0.02011065950624988
2007-10-16,10540.0,10640.0,10260.0,10300.0,66853950,Samsung,10882.857142857143,11181.333333333334,-0.04981549815498154,0.025858772745485342
2007-10-17,10320.0,10440.0,10160.0,10300.0,35884300,Samsung,10780.0,11143.333333333334,0.0,0.02603907306740225
2007-10-18,10400.0,10520.0,10320.0,10440.0,30044750,Samsung,10737.142857142857,11097.333333333334,0.013592233009708687,0.02619288166572937
2007-10-19,10580.0,10960.0,10380.0,10800.0,48519450,Samsung,10702.857142857143,11073.333333333334,0.034482758620689724,0.02759251145464657
2007-10-22,10420.0,10660.0,10380.0,10440.0,32305000,Samsung,10608.57142857143,11038.0,-0.033333333333333326,0.029488663923988846
2007-10-23,10500.0,10600.0,10440.0,10440.0,31971400,Samsung,10508.57142857143,11006.666666666666,0.0,0.029276036216554217
2007-10-24,10520.0,10520.0,10180.0,10260.0,40471500,Samsung,10425.714285714286,10965.333333333334,-0.017241379310344862,0.028497913383013284
2007-10-25,10220.0,10360.0,10000.0,10140.0,37307700,Samsung,10402.857142857143,10920.0,-0.011695906432748537,0.021947634505264147
2007-10-26,10220.0,10640.0,10060.0,10640.0,51448600,Samsung,10451.42857142857,10899.333333333334,0.04930966469428011,0.029366309327742226
2007-10-29,10800.0,11000.0,10700.0,10900.0,40179750,Samsung,10517.142857142857,10884.666666666666,0.02443609022556381,0.0301691456576481
2007-10-30,10900.0,11000.0,10740.0,10880.0,19168350,Samsung,10528.57142857143,10874.0,-0.0018348623853210455,0.02757966142628158
2007-10-31,10940.0,11020.0,10860.0,11000.0,27734300,Samsung,10608.57142857143,10866.0,0.011029411764705843,0.022989206045256276
2007-11-01,11100.0,11140.0,10860.0,10980.0,26799350,Samsung,10685.714285714286,10861.333333333334,-0.0018181818181818299,0.023100896857722503
2007-11-02,10800.0,10960.0,10760.0,10800.0,23918650,Samsung,10762.857142857143,10858.0,-0.016393442622950838,0.022951554065160702
2007-11-05,10700.0,10740.0,10520.0,10560.0,26480000,Samsung,10822.857142857143,10848.666666666666,-0.022222222222222254,0.02470271224609289
2007-11-06,10460.0,10960.0,10460.0,10960.0,30758950,Samsung,10868.57142857143,10846.0,0.037878787878787845,0.02154399246000888
2007-11-07,10980.0,11460.0,10940.0,11400.0,58695000,Samsung,10940.0,10862.0,0.04014598540145986,0.024578778154776767
2007-11-08,11160.0,11240.0,10720.0,10720.0,43765000,Samsung,10917.142857142857,10863.333333333334,-0.05964912280701751,0.0352955854161354
2007-11-09,10780.0,11000.0,10680.0,10800.0,31995250,Samsung,10888.57142857143,10851.333333333334,0.00746268656716409,0.03510853994864062
2007-11-12,10600.0,10680.0,10480.0,10640.0,25916650,Samsung,10840.0,10822.666666666666,-0.014814814814814836,0.035434216542969195
2007-11-13,10500.0,10780.0,10460.0,10640.0,25363050,Samsung,10817.142857142857,10795.333333333334,0.0,0.035013336306154434
2007-11-14,10900.0,10960.0,10760.0,10940.0,29997800,Samsung,10871.42857142857,10774.0,0.02819548872180455,0.03524898014005492
2007-11-15,10920.0,11420.0,10900.0,11400.0,51098250,Samsung,10934.285714285714,10777.333333333334,0.042047531992687404,0.035914112293673764
2007-11-16,11160.0,11340.0,11080.0,11140.0,24037250,Samsung,10897.142857142857,10780.0,-0.02280701754385961,0.033817262110610806
2007-11-19,11160.0,11220.0,10820.0,10820.0,22000000,Samsung,10911.42857142857,10773.333333333334,-0.02872531418312385,0.02634711779900538
2007-11-20,10600.0,10700.0,10520.0,10620.0,21515000,Samsung,10885.714285714286,10769.333333333334,-0.01848428835489835,0.027199965657916252
2007-11-21,10620.0,10620.0,10280.0,10300.0,33101550,Samsung,10837.142857142857,10744.666666666666,-0.030131826741996215,0.028954326334562866
2007-11-22,10200.0,10780.0,10180.0,10780.0,38170600,Samsung,10857.142857142857,10734.0,0.046601941747572706,0.03485636317714251
2007-11-23,10700.0,11200.0,10700.0,11140.0,42924150,Samsung,10885.714285714286,10734.0,0.033395176252319025,0.035546639274283504
2007-11-26,11220.0,11280.0,10940.0,11260.0,27535000,Samsung,10865.714285714286,10748.0,0.010771992818671361,0.03158413843281073
2007-11-27,11120.0,11120.0,10600.0,10780.0,33944200,Samsung,10814.285714285714,10764.0,-0.04262877442273538,0.03457636898017793
2007-11-28,10860.0,11040.0,10720.0,10880.0,24418850,Samsung,10822.857142857143,10783.333333333334,0.00927643784786647,0.033027288447311065
2007-11-29,11100.0,11380.0,11040.0,11340.0,44743400,Samsung,10925.714285714286,10813.333333333334,0.04227941176470584,0.03490568400131637
2007-11-30,11340.0,11460.0,11240.0,11300.0,29659800,Samsung,11068.57142857143,10830.0,-0.003527336860670194,0.03105120309246865
2007-12-03,11100.0,11360.0,10880.0,11320.0,23272050,Samsung,11145.714285714286,10859.333333333334,0.001769911504424737,0.02757162223941719
2007-12-04,11420.0,11620.0,11360.0,11500.0,20623650,Samsung,11197.142857142857,10894.666666666666,0.01590106007067127,0.02553314590466474
2007-12-05,11480.0,11880.0,11420.0,11640.0,23025000,Samsung,11251.42857142857,10940.666666666666,0.012173913043478368,0.025592906410496795
2007-12-06,11960.0,12240.0,11940.0,12240.0,56259050,Samsung,11460.0,11010.666666666666,0.05154639175257736,0.02063359278209263
2007-12-07,12260.0,12340.0,12080.0,12160.0,30236750,Samsung,11642.857142857143,11061.333333333334,-0.006535947712418277,0.022583601410433626
2007-12-10,12260.0,12280.0,12120.0,12280.0,22600750,Samsung,11777.142857142857,11107.333333333334,0.009868421052631637,0.0194590194662643
2007-12-11,12280.0,12280.0,12060.0,12060.0,22424900,Samsung,11885.714285714286,11146.666666666666,-0.01791530944625408,0.021926580759903204
2007-12-12,11820.0,12000.0,11720.0,11960.0,30155400,Samsung,11977.142857142857,11178.666666666666,-0.008291873963515717,0.02283225090070978
2007-12-13,11920.0,11980.0,11660.0,11800.0,34333850,Samsung,12020.0,11206.0,-0.013377926421404673,0.023826594318520553
2007-12-14,11660.0,11760.0,11480.0,11620.0,20064850,Samsung,12017.142857142857,11233.333333333334,-0.015254237288135575,0.024489823679598923
2007-12-17,11360.0,11540.0,11200.0,11200.0,26290000,Samsung,11868.57142857143,11254.666666666666,-0.03614457831325302,0.013846596849330402
2007-12-18,11000.0,11280.0,10980.0,11200.0,21710000,Samsung,11731.42857142857,11262.666666666666,0.0,0.01452141930007579
2007-12-20,11180.0,11360.0,11080.0,11180.0,21968250,Samsung,11574.285714285714,11255.333333333334,-0.0017857142857142794,0.012121162391160135
2007-12-21,11240.0,11280.0,11020.0,11200.0,18360750,Samsung,11451.42857142857,11271.333333333334,0.0017889087656528524,0.013105879879633136
2007-12-24,11240.0,11600.0,11240.0,11560.0,18874300,Samsung,11394.285714285714,11296.666666666666,0.03214285714285725,0.020838804334526055
2007-12-26,11580.0,11680.0,11440.0,11520.0,10745000,Samsung,11354.285714285714,11326.0,-0.0034602076124568004,0.020481497982249824
2007-12-27,11480.0,11560.0,11400.0,11400.0,11911800,Samsung,11322.857142857143,11351.333333333334,-0.01041666666666663,0.020086544504880195
2007-12-28,11300.0,11340.0,11120.0,11120.0,14681800,Samsung,11311.42857142857,11357.333333333334,-0.024561403508771895,0.017115483940690682
2008-01-02,11180.0,11200.0,10840.0,10880.0,18047200,Samsung,11265.714285714286,11340.0,-0.021582733812949617,0.01878876989196138
2008-01-03,10760.0,11060.0,10640.0,10920.0,19346500,Samsung,11228.57142857143,11332.666666666666,0.003676470588235281,0.019007345221476193
2008-01-04,10920.0,10960.0,10760.0,10780.0,17997350,Samsung,11168.57142857143,11331.333333333334,-0.012820512820512775,0.019169402802898028
2008-01-07,10360.0,10480.0,10340.0,10380.0,39787200,Samsung,11000.0,11323.333333333334,-0.03710575139146566,0.01372904967773322
2008-01-08,10380.0,10480.0,10320.0,10320.0,24783700,Samsung,10828.57142857143,11324.0,-0.005780346820809301,0.013423515481485949
2008-01-09,10340.0,10580.0,10260.0,10500.0,23865450,Samsung,10700.0,11314.666666666666,0.01744186046511631,0.01839530421761528
2008-01-10,10440.0,10580.0,10320.0,10320.0,31551350,Samsung,10585.714285714286,11287.333333333334,-0.017142857142857126,0.017720963989108975
2008-01-11,10360.0,10520.0,10220.0,10320.0,23425150,Samsung,10505.714285714286,11256.0,0.0,0.017339385424105
2008-01-14,10280.0,10520.0,10280.0,10500.0,22167000,Samsung,10445.714285714286,11246.666666666666,0.01744186046511631,0.019455141967362654
2008-01-15,10660.0,10820.0,10420.0,10640.0,40283950,Samsung,10425.714285714286,11238.666666666666,0.01333333333333342,0.020291254047726238
2008-01-16,10400.0,10800.0,10360.0,10600.0,49448100,Samsung,10457.142857142857,11214.0,-0.003759398496240629,0.013300315108014535
2008-01-17,10740.0,11200.0,10720.0,11200.0,42213900,Samsung,10582.857142857143,11210.666666666666,0.05660377358490565,0.023424225005447653
2008-01-18,11040.0,11440.0,10960.0,11340.0,35586400,Samsung,10702.857142857143,11211.333333333334,0.012499999999999956,0.023306645080819192
2008-01-21,11220.0,11460.0,11160.0,11280.0,25085050,Samsung,10840.0,11204.0,-0.005291005291005346,0.021236032351577207
2008-01-22,11000.0,11160.0,10720.0,10720.0,43213650,Samsung,10897.142857142857,11173.333333333334,-0.049645390070921946,0.03190280194141359
2008-01-23,11040.0,11120.0,10760.0,10800.0,36303850,Samsung,10940.0,11125.333333333334,0.00746268656716409,0.03152089441602637
2008-01-24,11020.0,11240.0,10980.0,11120.0,27902000,Samsung,11008.57142857143,11090.666666666666,0.029629629629629672,0.03285907016205217
2008-01-25,11120.0,11400.0,11080.0,11220.0,26107500,Samsung,11097.142857142857,11055.333333333334,0.008992805755395628,0.032528834587465714
2008-01-28,11060.0,11300.0,10720.0,10780.0,27213200,Samsung,11037.142857142857,11012.666666666666,-0.039215686274509776,0.028926750085620626
2008-01-29,10920.0,11200.0,10880.0,11160.0,21471250,Samsung,11011.42857142857,10986.0,0.03525046382189245,0.03231133923558304
2008-01-30,11340.0,11620.0,11200.0,11420.0,35769400,Samsung,11031.42857142857,10973.333333333334,0.023297491039426577,0.03358284214832625
2008-01-31,11580.0,11940.0,11420.0,11900.0,46767100,Samsung,11200.0,10982.666666666666,0.042031523642731994,0.02724897658841674
2008-02-01,12020.0,12100.0,11560.0,11720.0,28352100,Samsung,11331.42857142857,11000.0,-0.015126050420168013,0.029576793474517867
2008-02-04,12040.0,12240.0,12000.0,12240.0,46921550,Samsung,11491.42857142857,11034.666666666666,0.04436860068259385,0.03149334989421671
2008-02-05,12100.0,12360.0,12020.0,12260.0,23207550,Samsung,11640.0,11070.666666666666,0.0016339869281045694,0.03181838834290147
2008-02-11,11820.0,12020.0,11680.0,11680.0,28841250,Samsung,11768.57142857143,11086.666666666666,-0.047308319738988636,0.03410421920754877
2008-02-12,11700.0,11760.0,11460.0,11460.0,18513050,Samsung,11811.42857142857,11083.333333333334,-0.018835616438356184,0.03409110237600591
2008-02-13,11760.0,11760.0,11400.0,11480.0,21558700,Samsung,11820.0,11082.0,0.0017452006980802626,0.03304604923736133
2008-02-14,11660.0,11860.0,11600.0,11860.0,28837050,Samsung,11814.285714285714,11097.333333333334,0.03310104529616731,0.031335808034079
2008-02-15,11720.0,11800.0,11500.0,11720.0,20001000,Samsung,11814.285714285714,11117.333333333334,-0.01180438448566612,0.031093854611468498
2008-02-18,11640.0,11740.0,11420.0,11540.0,18412450,Samsung,11714.285714285714,11139.333333333334,-0.015358361774744034,0.024522623584234775
2008-02-19,11600.0,11740.0,11540.0,11740.0,16641000,Samsung,11640.0,11166.666666666666,0.017331022530329365,0.026221836823812336
2008-02-20,11740.0,11800.0,11520.0,11560.0,18171450,Samsung,11622.857142857143,11192.666666666666,-0.015332197614991494,0.019799830818138377
2008-02-21,11580.0,11920.0,11580.0,11880.0,21269600,Samsung,11682.857142857143,11242.666666666666,0.02768166089965396,0.020721263105729568
2008-02-22,11640.0,11740.0,11600.0,11640.0,15574600,Samsung,11705.714285714286,11286.666666666666,-0.02020202020202022,0.022901181776790437
2008-02-25,11560.0,11640.0,11500.0,11620.0,15236300,Samsung,11671.42857142857,11324.0,-0.0017182130584192379,0.018413003033328965
2008-02-26,11620.0,11720.0,11380.0,11420.0,12393550,Samsung,11628.57142857143,11360.666666666666,-0.01721170395869187,0.018960390631772007
2008-02-27,11460.0,11720.0,11380.0,11560.0,13882800,Samsung,11631.42857142857,11402.0,0.012259194395796813,0.0189657289587023
2008-02-28,11680.0,11700.0,11460.0,11600.0,14536100,Samsung,11611.42857142857,11438.666666666666,0.0034602076124568004,0.017575758109336766
2008-02-29,11540.0,11540.0,11200.0,11200.0,22988800,Samsung,11560.0,11457.333333333334,-0.03448275862068961,0.021191599821158865
2008-03-03,10900.0,11040.0,10840.0,10980.0,22136800,Samsung,11431.42857142857,11470.0,-0.019642857142857184,0.016256277241478833
2008-03-04,11000.0,11220.0,11000.0,11040.0,16975550,Samsung,11345.714285714286,11464.666666666666,0.005464480874316946,0.016742350349765303
2008-03-05,11020.0,11320.0,11020.0,11240.0,21097000,Samsung,11291.42857142857,11461.333333333334,0.018115942028985588,0.01934263554063514
2008-03-06,11260.0,11500.0,11160.0,11240.0,18850600,Samsung,11265.714285714286,11460.0,0.0,0.01854638638455284
2008-03-07,11000.0,11100.0,10940.0,11000.0,20272750,Samsung,11185.714285714286,11469.333333333334,-0.02135231316725983,0.018554771573452217
2008-03-10,10960.0,11220.0,10900.0,11080.0,17898000,Samsung,11111.42857142857,11478.666666666666,0.0072727272727273196,0.018961727554456544
2008-03-11,10960.0,11180.0,10940.0,11100.0,31354900,Samsung,11097.142857142857,11478.0,0.0018050541516245744,0.014410832254789988
2008-03-12,11320.0,11400.0,11160.0,11200.0,24374050,Samsung,11128.57142857143,11477.333333333334,0.009009009009008917,0.01219512031863081
2008-03-13,11020.0,11180.0,10940.0,11000.0,30835150,Samsung,11122.857142857143,11484.666666666666,-0.017857142857142905,0.014370152668012724
2008-03-14,11100.0,11140.0,10860.0,10940.0,22180950,Samsung,11080.0,11477.333333333334,-0.00545454545454549,0.011838898051125514
2008-03-17,11060.0,11180.0,10900.0,11000.0,40741250,Samsung,11045.714285714286,11463.333333333334,0.005484460694698434,0.01230437251946508
2008-03-18,11040.0,11440.0,11040.0,11360.0,42480400,Samsung,11097.142857142857,11445.333333333334,0.032727272727272716,0.015446946844491997
2008-03-19,11640.0,11860.0,11600.0,11820.0,35035300,Samsung,11202.857142857143,11448.666666666666,0.040492957746478764,0.020606175790842136
2008-03-20,11700.0,12120.0,11580.0,12120.0,32334250,Samsung,11348.57142857143,11444.666666666666,0.025380710659898442,0.021068314218647802
2008-03-21,12180.0,12200.0,12040.0,12140.0,21574750,Samsung,11482.857142857143,11440.666666666666,0.0016501650165017256,0.02147028367697531
2008-03-24,12080.0,12120.0,11900.0,11980.0,10591650,Samsung,11622.857142857143,11450.666666666666,-0.01317957166392092,0.020442525426826636
2008-03-25,12220.0,12300.0,12100.0,12200.0,21415850,Samsung,11802.857142857143,11475.333333333334,0.01836393989983298,0.018890331130054904
2008-03-26,12380.0,12380.0,12180.0,12240.0,15949800,Samsung,11980.0,11500.666666666666,0.003278688524590123,0.01910910393528156
2008-03-27,12120.0,12160.0,11920.0,12100.0,20926650,Samsung,12085.714285714286,11508.666666666666,-0.011437908496731986,0.019764739894254
2008-03-28,12100.0,12360.0,12060.0,12260.0,25343000,Samsung,12148.57142857143,11526.666666666666,0.013223140495867813,0.014581564737396597
2008-03-31,12340.0,12580.0,12240.0,12460.0,29338650,Samsung,12197.142857142857,11557.333333333334,0.01631321370309946,0.012796527115512425
2008-04-01,12560.0,12820.0,12360.0,12720.0,33978600,Samsung,12280.0,11590.0,0.020866773675762396,0.01418659466087604
2008-04-02,13040.0,13240.0,13020.0,13220.0,38936050,Samsung,12457.142857142857,11645.333333333334,0.03930817610062887,0.01567462948426242
2008-04-03,13220.0,13340.0,13120.0,13240.0,21675750,Samsung,12605.714285714286,11690.666666666666,0.001512859304084735,0.01622604946055565
2008-04-04,13240.0,13240.0,12940.0,13000.0,17505650,Samsung,12714.285714285714,11736.0,-0.01812688821752262,0.01974884196336019
2008-04-07,12920.0,13220.0,12920.0,13000.0,18348000,Samsung,12842.857142857143,11782.0,0.0,0.018207526885371125
2008-04-08,12860.0,12960.0,12720.0,12920.0,17081100,Samsung,12937.142857142857,11832.0,-0.006153846153846176,0.019162252304237792
2008-04-10,12860.0,13240.0,12780.0,13120.0,33709550,Samsung,13031.42857142857,11884.0,0.015479876160990669,0.019102131237866294
2008-04-11,13200.0,13600.0,13200.0,13600.0,39799750,Samsung,13157.142857142857,11950.666666666666,0.03658536585365857,0.021677954481621072
2008-04-14,13400.0,13560.0,13240.0,13560.0,21013800,Samsung,13205.714285714286,12029.333333333334,-0.002941176470588225,0.017589168932205315
2008-04-15,13560.0,13580.0,13160.0,13160.0,19635700,Samsung,13194.285714285714,12102.0,-0.029498525073746285,0.02168058704311781
2008-04-16,13200.0,13300.0,12940.0,13020.0,25146850,Samsung,13197.142857142857,12168.0,-0.010638297872340385,0.02084396550875902
2008-04-17,13360.0,13420.0,13200.0,13220.0,20221950,Samsung,13228.57142857143,12234.0,0.015360983102918668,0.021589508597927153
2008-04-18,13240.0,13540.0,13240.0,13300.0,25224400,Samsung,13282.857142857143,12302.666666666666,0.00605143721633894,0.02125504727392554
2008-04-21,13500.0,13520.0,13320.0,13480.0,21483300,Samsung,13334.285714285714,12385.333333333334,0.013533834586466176,0.021097242643379626
2008-04-22,13400.0,13580.0,13360.0,13500.0,18359750,Samsung,13320.0,12466.0,0.0014836795252226587,0.015511386871098366
2008-04-23,13360.0,13500.0,13060.0,13060.0,25400650,Samsung,13248.57142857143,12531.333333333334,-0.03259259259259262,0.01964401132625775
2008-04-24,13180.0,13420.0,13100.0,13220.0,25118900,Samsung,13257.142857142857,12598.666666666666,0.012251148545176171,0.01722035267720418
2008-04-25,13400.0,13800.0,13320.0,13800.0,50257700,Samsung,13368.57142857143,12692.0,0.04387291981845687,0.022662458369765597
2008-04-28,13920.0,14380.0,13840.0,14320.0,38231450,Samsung,13525.714285714286,12804.666666666666,0.037681159420289934,0.025205411295436728
2008-04-29,14340.0,14360.0,14120.0,14200.0,21729700,Samsung,13654.285714285714,12911.333333333334,-0.008379888268156388,0.02631537476669951
2008-04-30,14180.0,14360.0,14100.0,14220.0,31382450,Samsung,13760.0,13006.666666666666,0.0014084507042253502,0.02641927742916621
2008-05-01,14220.0,14220.0,14220.0,14220.0,0,Samsung,13862.857142857143,13086.666666666666,0.0,0.026485769096240657
2008-05-02,14660.0,14680.0,14480.0,14620.0,50417500,Samsung,14085.714285714286,13170.0,0.02812939521800284,0.02029033579012005
2008-05-05,14620.0,14620.0,14620.0,14620.0,0,Samsung,14285.714285714286,13252.666666666666,0.0,0.02121737916955274
2008-05-06,14700.0,14900.0,14640.0,14900.0,38358100,Samsung,14442.857142857143,13350.0,0.019151846785225635,0.017229773913595824
2008-05-07,14760.0,14900.0,14640.0,14820.0,22328750,Samsung,14514.285714285714,13437.333333333334,-0.005369127516778538,0.013445461624081183
2008-05-08,14500.0,14600.0,14380.0,14560.0,34440750,Samsung,14565.714285714286,13514.666666666666,-0.01754385964912286,0.015284712367959117
2008-05-09,14640.0,14660.0,14140.0,14180.0,29085550,Samsung,14560.0,13584.0,-0.026098901098901117,0.0190411633670528
2008-05-12,14180.0,14180.0,14180.0,14180.0,0,Samsung,14554.285714285714,13648.0,0.0,0.0190411633670528
2008-05-13,14360.0,14700.0,14200.0,14700.0,30044650,Samsung,14565.714285714286,13722.666666666666,0.03667136812411842,0.02130227654877773
2008-05-14,14640.0,14760.0,14580.0,14760.0,20052950,Samsung,14585.714285714286,13790.666666666666,0.004081632653061273,0.021327050285486756
2008-05-15,14800.0,15280.0,14800.0,15280.0,27487700,Samsung,14640.0,13859.333333333334,0.035230352303523116,0.024209058304648055
2008-05-16,15200.0,15280.0,14980.0,15200.0,30207500,Samsung,14694.285714285714,13924.666666666666,-0.005235602094240788,0.024200631917853335
2008-05-19,15200.0,15260.0,14560.0,14560.0,31627250,Samsung,14694.285714285714,13976.666666666666,-0.04210526315789476,0.02910647058694713
2008-05-20,14560.0,14580.0,14060.0,14260.0,45623100,Samsung,14705.714285714286,14018.666666666666,-0.020604395604395642,0.028337849804853765
2008-05-21,14040.0,14520.0,14020.0,14360.0,23699200,Samsung,14731.42857142857,14066.666666666666,0.007012622720897532,0.028414341522183164
2008-05-22,14240.0,14400.0,14080.0,14260.0,18129850,Samsung,14668.57142857143,14104.666666666666,-0.0069637883008356605,0.024026340332920504
2008-05-23,14200.0,14460.0,14140.0,14140.0,14702850,Samsung,14580.0,14122.666666666666,-0.008415147265077194,0.02378155529933906
2008-05-26,13980.0,14000.0,13440.0,13580.0,42225400,Samsung,14337.142857142857,14123.333333333334,-0.03960396039603964,0.018449381870469905
2008-05-27,13800.0,14100.0,13780.0,14040.0,18241350,Samsung,14171.42857142857,14152.666666666666,0.03387334315169377,0.02658008963127871
2008-05-28,14360.0,14360.0,13800.0,13840.0,20754200,Samsung,14068.57142857143,14180.0,-0.014245014245014231,0.02298396311314361
2008-05-29,14080.0,14600.0,13940.0,14600.0,24855000,Samsung,14117.142857142857,14226.0,0.054913294797687806,0.03162775937722435
2008-05-30,14580.0,14820.0,14500.0,14820.0,24669600,Samsung,14182.857142857143,14276.666666666666,0.015068493150685036,0.031909622131778795
2008-06-02,14700.0,14820.0,14500.0,14520.0,19869800,Samsung,14220.0,14311.333333333334,-0.020242914979757054,0.03310793296849819
2008-06-03,14440.0,14440.0,14060.0,14080.0,20968200,Samsung,14211.42857142857,14330.666666666666,-0.030303030303030276,0.03533019139817589
2008-06-04,14060.0,14400.0,14060.0,14260.0,14337000,Samsung,14308.57142857143,14370.666666666666,0.012784090909090828,0.030822883419635128
2008-06-05,14360.0,14360.0,14140.0,14180.0,18126850,Samsung,14328.57142857143,14402.666666666666,-0.005610098176718092,0.02871284276855294
2008-06-06,14180.0,14180.0,14180.0,14180.0,0,Samsung,14377.142857142857,14415.333333333334,0.0,0.02788168485725174
2008-06-09,13680.0,13840.0,13640.0,13720.0,30999100,Samsung,14251.42857142857,14395.333333333334,-0.03244005641748937,0.019473321524354263
2008-06-10,13740.0,13820.0,13300.0,13320.0,28005300,Samsung,14037.142857142857,14366.0,-0.029154518950437303,0.017565604042869
2008-06-11,13380.0,13760.0,13340.0,13620.0,23986150,Samsung,13908.57142857143,14346.0,0.022522522522522515,0.02224888115860027
2008-06-12,13380.0,13560.0,13260.0,13260.0,45085450,Samsung,13791.42857142857,14314.0,-0.026431718061673992,0.021668322876656047
2008-06-13,13440.0,13840.0,13320.0,13480.0,26490150,Samsung,13680.0,14276.0,0.016591251885369473,0.02232454603125168
2008-06-16,13700.0,13820.0,13600.0,13820.0,16767250,Samsung,13628.57142857143,14249.333333333334,0.02522255192878342,0.025623934888943628
2008-06-17,13820.0,13900.0,13620.0,13760.0,18272550,Samsung,13568.57142857143,14211.333333333334,-0.00434153400868309,0.02558087341475529
2008-06-18,13620.0,14080.0,13620.0,14080.0,15103800,Samsung,13620.0,14186.666666666666,0.023255813953488413,0.023866584848863392
2008-06-19,13920.0,13940.0,13500.0,13500.0,25826000,Samsung,13645.714285714286,14151.333333333334,-0.04119318181818177,0.02689183936963684
2008-06-20,13760.0,13760.0,13300.0,13360.0,21409450,Samsung,13608.57142857143,14124.0,-0.010370370370370363,0.02559815559472435
2008-06-23,13040.0,13260.0,13040.0,13160.0,20438500,Samsung,13594.285714285714,14090.0,-0.014970059880239472,0.024134481515055334
2008-06-24,13200.0,13280.0,13080.0,13180.0,15685550,Samsung,13551.42857142857,14039.333333333334,0.001519756838905817,0.022965299145221406
2008-06-25,13160.0,13220.0,12880.0,13100.0,22329450,Samsung,13448.57142857143,13984.0,-0.006069802731411222,0.019315594662035074
2008-06-26,13200.0,13400.0,13120.0,13300.0,19907250,Samsung,13382.857142857143,13918.0,0.01526717557251911,0.021174436114821348
2008-06-27,12920.0,13000.0,12740.0,12860.0,25576850,Samsung,13208.57142857143,13840.0,-0.03308270676691727,0.019434592874260102
2008-06-30,12760.0,12800.0,12500.0,12500.0,28598600,Samsung,13065.714285714286,13771.333333333334,-0.027993779160186638,0.016650157348172177
2008-07-01,12520.0,12800.0,12180.0,12720.0,33602250,Samsung,12974.285714285714,13720.0,0.01760000000000006,0.019827490241007523
2008-07-02,12600.0,12740.0,12460.0,12600.0,24414150,Samsung,12894.285714285714,13661.333333333334,-0.009433962264150941,0.01955671435299412
2008-07-03,12340.0,12900.0,12340.0,12660.0,29315200,Samsung,12820.0,13608.0,0.004761904761904745,0.019802103167241094
2008-07-04,12600.0,12660.0,12320.0,12320.0,22481600,Samsung,12708.57142857143,13547.333333333334,-0.026856240126382325,0.021385740663140605
2008-07-07,12200.0,12560.0,12020.0,12280.0,26142050,Samsung,12562.857142857143,13504.0,-0.0032467532467532756,0.018958700759341033
2008-07-08,12220.0,12360.0,11860.0,11860.0,27884250,Samsung,12420.0,13431.333333333334,-0.03420195439739415,0.019177676147597918
2008-07-09,12100.0,12120.0,11500.0,11500.0,29763900,Samsung,12277.142857142857,13353.333333333334,-0.030354131534570006,0.019536712160792488
2008-07-10,11160.0,11400.0,11120.0,11200.0,53374150,Samsung,12060.0,13240.0,-0.02608695652173909,0.015099950188928702
2008-07-11,11220.0,11460.0,11140.0,11360.0,32717400,Samsung,11882.857142857143,13124.666666666666,0.014285714285714235,0.019376631052210175
2008-07-14,11280.0,11640.0,11220.0,11340.0,20759300,Samsung,11694.285714285714,13018.666666666666,-0.0017605633802817433,0.01842800396563635
2008-07-15,11220.0,11260.0,11060.0,11060.0,27201450,Samsung,11514.285714285714,12918.0,-0.024691358024691357,0.01822188555747969
2008-07-16,11140.0,11340.0,11080.0,11220.0,25858800,Samsung,11362.857142857143,12816.666666666666,0.014466546112115841,0.021145852956616966
2008-07-17,11420.0,11780.0,11400.0,11680.0,32596450,Samsung,11337.142857142857,12733.333333333334,0.04099821746880572,0.026721422768392733
2008-07-18,11820.0,11880.0,11540.0,11640.0,15433200,Samsung,11357.142857142857,12648.666666666666,-0.003424657534246589,0.023706829165826435
2008-07-21,11640.0,12120.0,11640.0,11980.0,25987750,Samsung,11468.57142857143,12590.666666666666,0.029209621993127044,0.021947357686237182
2008-07-22,11680.0,11800.0,11600.0,11800.0,19137950,Samsung,11531.42857142857,12540.0,-0.015025041736227096,0.023691059774420275
2008-07-23,11800.0,11880.0,11620.0,11740.0,28378200,Samsung,11588.57142857143,12477.333333333334,-0.005084745762711895,0.02389752139394265
2008-07-24,11740.0,12280.0,11660.0,12280.0,34992900,Samsung,11762.857142857143,12444.666666666666,0.04599659284497437,0.024092218826689177
2008-07-25,11980.0,12060.0,11480.0,11520.0,50458700,Samsung,11805.714285714286,12379.333333333334,-0.061889250814332275,0.03787700717745437
2008-07-28,11420.0,11460.0,11080.0,11200.0,43858300,Samsung,11737.142857142857,12292.0,-0.02777777777777779,0.035655465759964644
2008-07-29,10960.0,11020.0,10840.0,10880.0,29814350,Samsung,11628.57142857143,12196.0,-0.02857142857142858,0.03667230223115115
2008-07-30,11040.0,11140.0,10900.0,10960.0,26378350,Samsung,11482.857142857143,12092.0,0.007352941176470562,0.0336834729672286
2008-07-31,10940.0,11340.0,10940.0,11280.0,26311200,Samsung,11408.57142857143,12018.0,0.029197080291970767,0.037033215691865365
2008-08-01,11180.0,11340.0,11140.0,11300.0,13485850,Samsung,11345.714285714286,11949.333333333334,0.0017730496453900457,0.0371466046046958
2008-08-04,11380.0,11400.0,11140.0,11300.0,17095750,Samsung,11205.714285714286,11887.333333333334,0.0,0.030043127549917937
2008-08-05,11300.0,11480.0,11260.0,11340.0,24563900,Samsung,11180.0,11826.0,0.003539823008849474,0.0203312638065233
2008-08-06,11620.0,11740.0,11520.0,11740.0,21367600,Samsung,11257.142857142857,11780.666666666666,0.03527336860670194,0.02099925247084604
2008-08-07,11820.0,11860.0,11460.0,11560.0,23440450,Samsung,11354.285714285714,11722.666666666666,-0.015332197614991494,0.017587015168000406
2008-08-08,11400.0,11480.0,11240.0,11460.0,24528350,Samsung,11425.714285714286,11676.0,-0.00865051903114189,0.01880864638404349
2008-08-11,11720.0,11840.0,11660.0,11700.0,21889000,Samsung,11485.714285714286,11649.333333333334,0.020942408376963373,0.01735411343619525
2008-08-12,11900.0,12040.0,11780.0,11900.0,31373400,Samsung,11571.42857142857,11622.0,0.017094017094017033,0.017786538892263604
2008-08-13,11820.0,11920.0,11660.0,11740.0,19446100,Samsung,11634.285714285714,11593.333333333334,-0.013445378151260456,0.01939161616841216
2008-08-14,11600.0,11720.0,11560.0,11600.0,19704750,Samsung,11671.42857142857,11558.0,-0.011925042589437829,0.020517895636514724
2008-08-15,11600.0,11600.0,11600.0,11600.0,0,Samsung,11651.42857142857,11534.0,0.0,0.014974350640110691
2008-08-18,11620.0,11720.0,11460.0,11580.0,16509050,Samsung,11654.285714285714,11510.666666666666,-0.0017241379310344307,0.013728491148665822
2008-08-19,11440.0,11500.0,11260.0,11280.0,17867300,Samsung,11628.57142857143,11491.333333333334,-0.025906735751295318,0.016812266655130793
2008-08-20,11120.0,11320.0,11100.0,11200.0,22011050,Samsung,11557.142857142857,11481.333333333334,-0.007092198581560294,0.013388332769272869
2008-08-21,11200.0,11220.0,11040.0,11060.0,17574550,Samsung,11437.142857142857,11476.666666666666,-0.012499999999999956,0.008668284887499498
2008-08-22,11020.0,11160.0,10900.0,11140.0,15836500,Samsung,11351.42857142857,11469.333333333334,0.00723327305605781,0.010725252341907751
2008-08-25,11160.0,11240.0,11080.0,11200.0,14548350,Samsung,11294.285714285714,11464.666666666666,0.0053859964093356805,0.011481504209304591
2008-08-26,11100.0,11100.0,10780.0,10800.0,32670800,Samsung,11180.0,11456.0,-0.0357142857142857,0.015974688653903876
2008-08-27,10700.0,10740.0,10340.0,10600.0,34357750,Samsung,11040.0,11435.333333333334,-0.01851851851851849,0.015776564818395872
2008-08-28,10520.0,10640.0,10400.0,10420.0,27281050,Samsung,10917.142857142857,11393.333333333334,-0.016981132075471694,0.014840096478383821
2008-08-29,10400.0,10520.0,10240.0,10320.0,36455950,Samsung,10791.42857142857,11349.333333333334,-0.009596928982725572,0.014755354242698658
2008-09-01,10060.0,10180.0,10020.0,10120.0,35791900,Samsung,10657.142857142857,11287.333333333334,-0.019379844961240345,0.015056983225010858
2008-09-02,10000.0,10340.0,10000.0,10340.0,34402450,Samsung,10542.857142857143,11238.666666666666,0.021739130434782705,0.01876800714654805
2008-09-03,10240.0,10620.0,10240.0,10540.0,25714350,Samsung,10448.57142857143,11198.666666666666,0.01934235976789167,0.021299734475768644
2008-09-04,10300.0,10440.0,10220.0,10280.0,27785550,Samsung,10374.285714285714,11132.0,-0.024667931688804545,0.019253535407863943
2008-09-05,10060.0,10720.0,10040.0,10440.0,43649450,Samsung,10351.42857142857,11096.0,0.015564202334630295,0.02010632391294525
2008-09-08,10660.0,11020.0,10620.0,10860.0,38900200,Samsung,10414.285714285714,11084.666666666666,0.04022988505747116,0.02420951641837689
2008-09-09,10800.0,10800.0,10600.0,10720.0,22013050,Samsung,10471.42857142857,11079.333333333334,-0.012891344383057057,0.0245961749375716
2008-09-10,10440.0,10960.0,10400.0,10840.0,36506850,Samsung,10574.285714285714,11075.333333333334,0.011194029850746245,0.021974078686373417
2008-09-11,10900.0,11140.0,10720.0,10740.0,47173400,Samsung,10631.42857142857,11057.333333333334,-0.009225092250922495,0.022347645820263596
2008-09-12,10880.0,11000.0,10780.0,10860.0,30258700,Samsung,10677.142857142857,11042.666666666666,0.011173184357541999,0.021717833596502378
2008-09-15,10860.0,10860.0,10860.0,10860.0,0,Samsung,10760.0,11028.0,0.0,0.017857796425574432
2008-09-16,10200.0,10520.0,10180.0,10500.0,41059050,Samsung,10768.57142857143,11000.0,-0.03314917127071826,0.023133914378763047
2008-09-17,10700.0,10740.0,10440.0,10500.0,29978550,Samsung,10717.142857142857,10958.666666666666,0.0,0.015522500307876793
2008-09-18,10180.0,10420.0,10080.0,10340.0,27650,Samsung,10662.857142857143,10918.0,-0.015238095238095273,0.015752543454998432
2008-09-19,10700.0,11160.0,10640.0,11160.0,53205000,Samsung,10708.57142857143,10908.0,0.079303675048356,0.03576727057944292
2008-09-22,11140.0,11420.0,11040.0,11160.0,27502650,Samsung,10768.57142857143,10890.0,0.0,0.03533625089956103
2008-09-23,10980.0,11300.0,10960.0,11200.0,23125950,Samsung,10817.142857142857,10866.666666666666,0.0035842293906809264,0.0352678906760048
2008-09-24,11140.0,11380.0,11140.0,11280.0,20463600,Samsung,10877.142857142857,10851.333333333334,0.0071428571428571175,0.035204798417426214
2008-09-25,11140.0,11380.0,11020.0,11340.0,17974550,Samsung,10997.142857142857,10842.666666666666,0.005319148936170137,0.03081284796516584
2008-09-26,11200.0,11240.0,11020.0,11060.0,26314850,Samsung,11077.142857142857,10824.666666666666,-0.024691358024691357,0.03362618211100297
2008-09-29,11160.0,11260.0,10800.0,10880.0,27731950,Samsung,11154.285714285714,10801.333333333334,-0.016274864376130238,0.033747235646297176
2008-09-30,10360.0,10880.0,10280.0,10780.0,37898000,Samsung,11100.0,10784.666666666666,-0.009191176470588203,0.012144601371632096
2008-10-01,10840.0,10860.0,10480.0,10660.0,25788700,Samsung,11028.57142857143,10766.666666666666,-0.011131725417439675,0.012128965762142011
2008-10-02,10620.0,10780.0,10360.0,10560.0,27381150,Samsung,10937.142857142857,10750.0,-0.009380863039399667,0.011300572240199942
2008-10-03,10560.0,10560.0,10560.0,10560.0,0,Samsung,10834.285714285714,10730.666666666666,0.0,0.00990889130501148
2008-10-06,10400.0,10480.0,10200.0,10340.0,31577200,Samsung,10691.42857142857,10702.0,-0.02083333333333337,0.008254627479451906
2008-10-07,10120.0,10760.0,10100.0,10620.0,29567750,Samsung,10628.57142857143,10696.0,0.027079303675048294,0.01582748132318484
2008-10-08,10380.0,10700.0,10340.0,10560.0,32639550,Samsung,10582.857142857143,10694.666666666666,-0.005649717514124242,0.01513601707512334
2008-10-09,10560.0,10960.0,10560.0,10820.0,35793950,Samsung,10588.57142857143,10708.0,0.024621212121212155,0.018322088198077152
2008-10-10,10560.0,10640.0,10120.0,10420.0,44160200,Samsung,10554.285714285714,10711.333333333334,-0.0369685767097967,0.023080734310703035
2008-10-13,10460.0,10780.0,10420.0,10480.0,30486050,Samsung,10542.857142857143,10723.333333333334,0.0057581573896352545,0.023094519963505266
2008-10-14,10820.0,11200.0,10820.0,11200.0,33052100,Samsung,10634.285714285714,10752.0,0.06870229007633588,0.03503211966594704
2008-10-15,10960.0,11040.0,10680.0,10940.0,31447000,Samsung,10720.0,10765.333333333334,-0.023214285714285743,0.0353794226857875
2008-10-16,10400.0,10540.0,10000.0,10080.0,46931350,Samsung,10642.857142857143,10758.666666666666,-0.07861060329067637,0.046873122292582926
2008-10-17,10400.0,10400.0,9830.0,10020.0,44541850,Samsung,10565.714285714286,10744.666666666666,-0.005952380952380931,0.04687236811345138
2008-10-20,10240.0,10500.0,9990.0,10420.0,27564050,Samsung,10508.57142857143,10730.0,0.03992015968063867,0.04888028844520861
2008-10-21,10520.0,10600.0,10180.0,10380.0,24505550,Samsung,10502.857142857143,10718.666666666666,-0.0038387715930902067,0.04675180098604287
2008-10-22,10340.0,10460.0,9800.0,10160.0,33829400,Samsung,10457.142857142857,10696.0,-0.021194605009633882,0.04734263554679611
2008-10-23,9540.0,9690.0,9200.0,9450.0,50023000,Samsung,10207.142857142857,10653.0,-0.06988188976377951,0.04064075925975089
2008-10-24,9460.0,9500.0,8040.0,8040.0,59626350,Samsung,9792.857142857143,10559.0,-0.14920634920634923,0.06259194397844979
2008-10-27,8150.0,8760.0,8060.0,8760.0,48100000,Samsung,9604.285714285714,10489.0,0.08955223880597019,0.07657326915434019
2008-10-28,8600.0,9530.0,8530.0,9270.0,49703350,Samsung,9497.142857142857,10448.0,0.05821917808219168,0.08181050145184587
2008-10-29,9780.0,10060.0,8850.0,9500.0,64873450,Samsung,9365.714285714286,10414.666666666666,0.024811218985976158,0.08052278706822631
2008-10-30,10140.0,10920.0,9820.0,10740.0,54704850,Samsung,9417.142857142857,10428.0,0.1305263157894736,0.09668948758502569
2008-10-31,10740.0,11000.0,10300.0,10540.0,61573650,Samsung,9471.42857142857,10407.333333333334,-0.01862197392923648,0.09656050232544791
2008-11-03,10620.0,10900.0,10280.0,10320.0,44058100,Samsung,9595.714285714286,10379.333333333334,-0.020872865275142316,0.09150310042193023
2008-11-04,10320.0,10440.0,10120.0,10280.0,39167400,Samsung,9915.714285714286,10348.666666666666,-0.003875968992248069,0.05805395331531208
2008-11-05,10400.0,10520.0,10100.0,10300.0,40923450,Samsung,10135.714285714286,10316.0,0.0019455252918287869,0.054176723160477135
2008-11-06,10000.0,10180.0,9700.0,9830.0,38703200,Samsung,10215.714285714286,10265.666666666666,-0.045631067961165006,0.05754726602450502
2008-11-07,9400.0,9910.0,9260.0,9790.0,49487350,Samsung,10257.142857142857,10223.333333333334,-0.004069175991861629,0.05732271175359891
2008-11-10,9870.0,9990.0,9440.0,9490.0,45419600,Samsung,10078.57142857143,10177.0,-0.03064351378958119,0.016935157535687227
2008-11-11,9260.0,9580.0,9130.0,9410.0,34532350,Samsung,9917.142857142857,10131.333333333334,-0.008429926238145424,0.017247398463861398
2008-11-12,9340.0,9780.0,9190.0,9610.0,30403150,Samsung,9815.714285714286,10096.333333333334,0.02125398512221044,0.021948178341574975
2008-11-13,9300.0,9480.0,9120.0,9480.0,36855000,Samsung,9701.42857142857,10060.333333333334,-0.013527575442247697,0.0218078115661358
2008-11-14,9690.0,9720.0,9220.0,9260.0,29588450,Samsung,9552.857142857143,10017.0,-0.02320675105485237,0.02132846833137223
2008-11-17,9290.0,9290.0,8840.0,9010.0,32580350,Samsung,9435.714285714286,9972.666666666666,-0.02699784017278617,0.01770845471939427
2008-11-18,8770.0,8890.0,8620.0,8700.0,33973750,Samsung,9280.0,9908.666666666666,-0.03440621531631516,0.01904009599595567
2008-11-19,8700.0,8870.0,8480.0,8760.0,30987100,Samsung,9175.714285714286,9848.666666666666,0.006896551724137945,0.019689673519853117
2008-11-20,8440.0,8630.0,8390.0,8460.0,28092450,Samsung,9040.0,9770.0,-0.03424657534246578,0.021425162408745178
2008-11-21,8380.0,8920.0,8220.0,8880.0,31568650,Samsung,8935.714285714286,9718.666666666666,0.049645390070921946,0.03026972400971146
2008-11-24,8840.0,9080.0,8720.0,8800.0,29133500,Samsung,8838.57142857143,9662.666666666666,-0.009009009009009028,0.030250901063251758
2008-11-25,9160.0,9330.0,8810.0,9030.0,33102950,Samsung,8805.714285714286,9590.333333333334,0.026136363636363624,0.03238562514749831
2008-11-26,9220.0,9500.0,9120.0,9460.0,31013050,Samsung,8870.0,9541.0,0.04761904761904767,0.03536689194232172
2008-11-27,9680.0,9740.0,9550.0,9700.0,26557750,Samsung,9012.857142857143,9528.333333333334,0.025369978858351017,0.030428430327762213
2008-11-28,9720.0,9770.0,9590.0,9720.0,22543000,Samsung,9150.0,9518.333333333334,0.0020618556701030855,0.030724487819155773
2008-12-01,9710.0,9720.0,9490.0,9530.0,15856850,Samsung,9302.857142857143,9488.666666666666,-0.019547325102880708,0.02705108588069408
2008-12-02,9040.0,9240.0,9010.0,9080.0,24170850,Samsung,9331.42857142857,9445.333333333334,-0.047219307450157344,0.03214354130928807
2008-12-03,9080.0,9200.0,8710.0,8820.0,36099650,Samsung,9334.285714285714,9400.666666666666,-0.028634361233480177,0.03421859844069238
2008-12-04,8920.0,8930.0,8540.0,8610.0,34990250,Samsung,9274.285714285714,9372.666666666666,-0.023809523809523836,0.033255224751287164
2008-12-05,8510.0,8740.0,8510.0,8540.0,29513550,Samsung,9142.857142857143,9389.333333333334,-0.008130081300813052,0.023404416943164506
2008-12-08,8690.0,9300.0,8600.0,9280.0,40352200,Samsung,9082.857142857143,9406.666666666666,0.08665105386416871,0.043520452426332464
2008-12-09,9320.0,9390.0,9060.0,9390.0,29640550,Samsung,9035.714285714286,9410.666666666666,0.0118534482758621,0.04395983002761475
2008-12-10,9380.0,9620.0,9320.0,9620.0,37277700,Samsung,9048.57142857143,9414.666666666666,0.024494142705005384,0.0445316828034724
2008-12-11,9640.0,9670.0,9210.0,9650.0,51925650,Samsung,9130.0,9378.333333333334,0.0031185031185030354,0.038939728027011206
2008-12-12,9320.0,9610.0,9160.0,9210.0,27922300,Samsung,9185.714285714286,9334.0,-0.0455958549222798,0.04209790664540695
2008-12-15,9400.0,9620.0,9360.0,9440.0,27906950,Samsung,9304.285714285714,9304.666666666666,0.02497285559174811,0.0401519396098555
2008-12-16,9300.0,9340.0,9010.0,9140.0,35224700,Samsung,9390.0,9266.666666666666,-0.03177966101694918,0.043195117403733364
2008-12-17,9310.0,9340.0,9020.0,9190.0,33886150,Samsung,9377.142857142857,9229.666666666666,0.00547045951859948,0.027339615209502444
2008-12-18,9200.0,9370.0,9070.0,9360.0,33352450,Samsung,9372.857142857143,9214.0,0.018498367791077275,0.027971055421013483
2008-12-19,9500.0,9950.0,9480.0,9790.0,49042900,Samsung,9397.142857142857,9214.0,0.045940170940171,0.03200037268114999
2008-12-22,9990.0,10040.0,9620.0,9720.0,22930050,Samsung,9407.142857142857,9221.666666666666,-0.007150153217568955,0.03222574122093249
2008-12-23,9620.0,9690.0,9130.0,9130.0,28528400,Samsung,9395.714285714286,9212.333333333334,-0.06069958847736623,0.03616755004787848
2008-12-24,9290.0,9320.0,9120.0,9200.0,18946050,Samsung,9361.42857142857,9198.666666666666,0.00766703176341732,0.0346829234096412
2008-12-25,9200.0,9200.0,9200.0,9200.0,0,Samsung,9370.0,9189.333333333334,0.0,0.03230956661531095
2008-12-26,9210.0,9260.0,9080.0,9120.0,11553200,Samsung,9360.0,9184.666666666666,-0.008695652173912993,0.03245467451585354
2008-12-29,9120.0,9140.0,8770.0,9080.0,15942850,Samsung,9320.0,9187.0,-0.004385964912280715,0.03133964467094599
2008-12-30,9160.0,9270.0,9020.0,9020.0,17938200,Samsung,9210.0,9197.666666666666,-0.0066079295154185536,0.022440646533416184
2008-12-31,9020.0,9020.0,9020.0,9020.0,0,Samsung,9110.0,9206.333333333334,0.0,0.022826295468893934
2009-01-02,9070.0,9400.0,8850.0,9400.0,22978400,Samsung,9148.57142857143,9237.666666666666,0.04212860310421296,0.017524440070050353
2009-01-05,9600.0,9740.0,9470.0,9520.0,30460450,Samsung,9194.285714285714,9259.0,0.012765957446808418,0.017791610909759524
2009-01-06,9640.0,10040.0,9590.0,9960.0,45072450,Samsung,9302.857142857143,9297.666666666666,0.04621848739495804,0.02332859785126129
2009-01-07,10100.0,10480.0,9980.0,10480.0,41286200,Samsung,9497.142857142857,9346.0,0.052208835341365445,0.025718694825802663
2009-01-08,10360.0,10380.0,10060.0,10160.0,30614600,Samsung,9651.42857142857,9369.333333333334,-0.03053435114503822,0.03121823291899084
2009-01-09,10060.0,10120.0,9720.0,9860.0,30113100,Samsung,9771.42857142857,9374.666666666666,-0.029527559055118058,0.035027214032796114
2009-01-12,9800.0,9960.0,9740.0,9790.0,17708600,Samsung,9881.42857142857,9377.0,-0.007099391480730244,0.03557574971100653
2009-01-13,9810.0,9860.0,9600.0,9830.0,17577200,Samsung,9942.857142857143,9387.0,0.004085801838610736,0.03307929639982163
2009-01-14,9790.0,9840.0,9550.0,9790.0,19297550,Samsung,9981.42857142857,9410.666666666666,-0.004069175991861629,0.0331913321181549
2009-01-15,9490.0,9490.0,9150.0,9190.0,31394300,Samsung,9871.42857142857,9423.0,-0.06128702757916238,0.03544890580406673
2009-01-16,9280.0,9380.0,9110.0,9360.0,22261700,Samsung,9711.42857142857,9448.0,0.018498367791077275,0.026644852961529183
2009-01-19,9520.0,9610.0,9420.0,9500.0,19136900,Samsung,9617.142857142857,9480.0,0.014957264957264904,0.02794128164765095
2009-01-20,9210.0,9320.0,9140.0,9280.0,18496050,Samsung,9534.285714285714,9480.0,-0.023157894736842155,0.027264703450539617
2009-01-21,9000.0,9080.0,8940.0,8970.0,22203800,Samsung,9417.142857142857,9466.0,-0.03340517241379315,0.02883968988633706
2009-01-22,9280.0,9280.0,8990.0,9220.0,26209300,Samsung,9330.0,9452.666666666666,0.027870680044593144,0.032256872217845345
2009-01-23,8950.0,9030.0,8770.0,8840.0,31581450,Samsung,9194.285714285714,9425.666666666666,-0.041214750542299394,0.03436312112471723
2009-01-28,9400.0,9840.0,9280.0,9770.0,45906950,Samsung,9277.142857142857,9444.333333333334,0.10520361990950233,0.05014324542297884
2009-01-29,9770.0,9990.0,9620.0,9970.0,32818700,Samsung,9364.285714285714,9462.0,0.020470829068577334,0.05020563353779377
2009-01-30,9690.0,9850.0,9680.0,9780.0,19334900,Samsung,9404.285714285714,9483.333333333334,-0.01905717151454367,0.05129187261312587
2009-02-02,9760.0,9920.0,9440.0,9470.0,23574500,Samsung,9431.42857142857,9492.666666666666,-0.0316973415132924,0.05217393991217969
2009-02-03,9770.0,9980.0,9470.0,9800.0,27380500,Samsung,9550.0,9507.333333333334,0.03484688489968324,0.05035920503022949
2009-02-04,10100.0,10400.0,9990.0,10360.0,30703400,Samsung,9712.857142857143,9526.333333333334,0.05714285714285716,0.052877200849486515
2009-02-05,10400.0,10720.0,10260.0,10420.0,34791950,Samsung,9938.57142857143,9549.666666666666,0.005791505791505891,0.04673880017924396
2009-02-06,10720.0,10900.0,10580.0,10900.0,34801100,Samsung,10100.0,9608.666666666666,0.04606525911708248,0.03311533879777549
2009-02-09,10900.0,10960.0,10420.0,10540.0,32619950,Samsung,10181.42857142857,9653.333333333334,-0.03302752293577982,0.037812000162944004
2009-02-10,10640.0,10680.0,10280.0,10400.0,24848400,Samsung,10270.0,9693.333333333334,-0.013282732447817858,0.03716602196625643
2009-02-11,10120.0,10380.0,10100.0,10260.0,16267500,Samsung,10382.857142857143,9731.333333333334,-0.013461538461538414,0.034336153213106985
2009-02-12,10140.0,10400.0,10020.0,10400.0,28021450,Samsung,10468.57142857143,9775.333333333334,0.013645224171539905,0.03289070772335469
2009-02-13,10220.0,10380.0,10080.0,10280.0,24071800,Samsung,10457.142857142857,9817.333333333334,-0.011538461538461497,0.025555559480066402
2009-02-16,10160.0,10400.0,10040.0,10080.0,16386900,Samsung,10408.57142857143,9852.666666666666,-0.01945525291828798,0.026237793860780963
2009-02-17,9980.0,10000.0,9740.0,9810.0,23694950,Samsung,10252.857142857143,9866.333333333334,-0.0267857142857143,0.014840372491021374
2009-02-18,9760.0,9780.0,9550.0,9560.0,29060500,Samsung,10112.857142857143,9867.666666666666,-0.025484199796126372,0.013514560960819032
2009-02-19,9530.0,9760.0,9430.0,9610.0,26458500,Samsung,10000.0,9856.0,0.0052301255230124966,0.015316233831129247
2009-02-20,9500.0,9600.0,9350.0,9350.0,25958000,Samsung,9870.0,9818.333333333334,-0.027055150884495283,0.016479948280480067
2009-02-23,9300.0,9730.0,9220.0,9700.0,21327950,Samsung,9770.0,9803.0,0.03743315508021383,0.0237530460300679
2009-02-24,9400.0,9450.0,9280.0,9350.0,22671950,Samsung,9637.142857142857,9786.0,-0.03608247422680411,0.025799077493410025
2009-02-25,9630.0,9660.0,9470.0,9560.0,20927400,Samsung,9562.857142857143,9778.333333333334,0.022459893048128343,0.02878851159387309
2009-02-26,9580.0,9860.0,9300.0,9540.0,21950050,Samsung,9524.285714285714,9768.666666666666,-0.0020920502092049986,0.02746887480908083
2009-02-27,9500.0,9860.0,9410.0,9540.0,29510500,Samsung,9521.42857142857,9760.333333333334,0.0,0.02572723361665483
2009-03-02,9510.0,9510.0,9160.0,9240.0,24741650,Samsung,9468.57142857143,9762.0,-0.03144654088050314,0.028105722181931157
2009-03-03,9090.0,9580.0,9090.0,9510.0,24954950,Samsung,9491.42857142857,9767.0,0.02922077922077926,0.028868862339840873
2009-03-04,9560.0,9810.0,9380.0,9780.0,26067250,Samsung,9502.857142857143,9776.333333333334,0.028391167192429068,0.02721507852184955
2009-03-05,9980.0,10120.0,9790.0,10060.0,32982600,Samsung,9604.285714285714,9802.333333333334,0.02862985685071573,0.022986296926352536
2009-03-06,9920.0,10100.0,9880.0,10000.0,19412000,Samsung,9667.142857142857,9836.666666666666,-0.005964214711729587,0.023080793644467842
2009-03-09,10200.0,10320.0,9950.0,10300.0,18225250,Samsung,9775.714285714286,9872.666666666666,0.030000000000000027,0.024208386272753
2009-03-10,10100.0,10360.0,10040.0,10080.0,20458750,Samsung,9852.857142857143,9914.0,-0.021359223300970842,0.02704439427424619
2009-03-11,10380.0,10500.0,10260.0,10500.0,26584150,Samsung,10032.857142857143,9938.333333333334,0.04166666666666674,0.022990635914480858
2009-03-12,10400.0,10720.0,10400.0,10720.0,50741850,Samsung,10205.714285714286,9963.333333333334,0.020952380952381056,0.022565799168302463
2009-03-13,10800.0,11000.0,10560.0,10560.0,24128850,Samsung,10317.142857142857,9989.333333333334,-0.014925373134328401,0.02489231336284517
2009-03-16,10520.0,10720.0,10340.0,10460.0,14711600,Samsung,10374.285714285714,10022.333333333334,-0.009469696969697017,0.024631837183056355
2009-03-17,10560.0,10740.0,10340.0,10680.0,20205900,Samsung,10471.42857142857,10051.666666666666,0.021032504780114758,0.024588483599603497
2009-03-18,10760.0,10820.0,10540.0,10800.0,16913000,Samsung,10542.857142857143,10066.333333333334,0.011235955056179803,0.022976499349361072
2009-03-19,10940.0,10980.0,10740.0,10820.0,19517500,Samsung,10648.57142857143,10079.666666666666,0.0018518518518517713,0.01962959805290316
2009-03-20,10700.0,10980.0,10700.0,10840.0,17561600,Samsung,10697.142857142857,10077.666666666666,0.001848428835489857,0.013998620881884041
2009-03-23,10840.0,11020.0,10840.0,11000.0,2420900,Samsung,10737.142857142857,10093.0,0.014760147601476037,0.012953093131950769
2009-03-24,11200.0,11200.0,10960.0,11180.0,24804800,Samsung,10825.714285714286,10119.0,0.016363636363636358,0.010617777829954675
2009-03-25,11000.0,11180.0,11000.0,11120.0,12749800,Samsung,10920.0,10147.666666666666,-0.00536672629695889,0.009535853241670564
2009-03-26,11020.0,11420.0,10960.0,11400.0,20870050,Samsung,11022.857142857143,10181.0,0.02517985611510798,0.010501223836115138
2009-03-27,11620.0,11780.0,11480.0,11680.0,28539350,Samsung,11148.57142857143,10227.666666666666,0.024561403508772006,0.011989622881309524
2009-03-30,11620.0,11800.0,11300.0,11340.0,18359700,Samsung,11222.857142857143,10269.666666666666,-0.02910958904109584,0.01945122760066026
2009-03-31,11280.0,11680.0,11260.0,11360.0,20010000,Samsung,11297.142857142857,10321.333333333334,0.0017636684303350414,0.01945491588941012
2009-04-01,11400.0,11600.0,11180.0,11400.0,24952250,Samsung,11354.285714285714,10382.666666666666,0.0035211267605634866,0.019157584734706995
2009-04-02,11680.0,11820.0,11500.0,11820.0,28688300,Samsung,11445.714285714286,10456.333333333334,0.03684210526315779,0.022419340380456922
2009-04-03,11980.0,12000.0,11680.0,11860.0,24722050,Samsung,11551.42857142857,10540.0,0.0033840947546530664,0.0217714593632059
2009-04-06,11860.0,12260.0,11860.0,11880.0,33315050,Samsung,11620.0,10612.666666666666,0.001686340640809414,0.020728105458897934
2009-04-07,11820.0,11900.0,11660.0,11680.0,27388200,Samsung,11620.0,10690.333333333334,-0.01683501683501687,0.020484576303156147
2009-04-08,11480.0,11560.0,11100.0,11140.0,31449400,Samsung,11591.42857142857,10743.0,-0.046232876712328785,0.02507342556461982
2009-04-09,11220.0,11680.0,11200.0,11600.0,30887600,Samsung,11625.714285714286,10811.666666666666,0.04129263913824066,0.030083366255503605
2009-04-10,11940.0,12060.0,11760.0,12060.0,32713800,Samsung,11720.0,10895.666666666666,0.039655172413793016,0.03306411441740855
2009-04-13,11880.0,12000.0,11640.0,11660.0,20707150,Samsung,11697.142857142857,10976.333333333334,-0.03316749585406298,0.033660008895978255
2009-04-14,11700.0,11760.0,11420.0,11500.0,25554750,Samsung,11645.714285714286,11042.666666666666,-0.013722126929674117,0.03387005167376242
2009-04-15,11320.0,11700.0,11300.0,11700.0,25775000,Samsung,11620.0,11106.666666666666,0.017391304347825987,0.03480915720737445
2009-04-16,11920.0,11980.0,11600.0,11620.0,29263500,Samsung,11611.42857142857,11158.666666666666,-0.006837606837606813,0.03428388383604022
2009-04-17,11880.0,12080.0,11780.0,11940.0,40656900,Samsung,11725.714285714286,11223.333333333334,0.027538726333907082,0.028664475957144383
2009-04-20,12000.0,12020.0,11640.0,11840.0,17605900,Samsung,11760.0,11274.666666666666,-0.008375209380234505,0.025711338269183627
2009-04-21,11620.0,11920.0,11560.0,11820.0,18312700,Samsung,11725.714285714286,11332.666666666666,-0.0016891891891891442,0.020075465897598045
2009-04-22,11960.0,12300.0,11880.0,12180.0,41166700,Samsung,11800.0,11388.666666666666,0.030456852791878264,0.018304200388866144
2009-04-23,12280.0,12640.0,12220.0,12540.0,32402300,Samsung,11948.57142857143,11449.333333333334,0.029556650246305383,0.017675192734597077
2009-04-24,12320.0,12540.0,11800.0,11840.0,45867800,Samsung,11968.57142857143,11492.0,-0.05582137161084533,0.030994513601036756
2009-04-27,11840.0,11880.0,11580.0,11700.0,27196350,Samsung,11980.0,11533.333333333334,-0.011824324324324342,0.03129056391079949
2009-04-28,11800.0,11800.0,11500.0,11500.0,24129050,Samsung,11917.142857142857,11560.666666666666,-0.017094017094017144,0.029578556967162734
2009-04-29,11540.0,11720.0,11500.0,11720.0,16499450,Samsung,11900.0,11591.333333333334,0.019130434782608674,0.030850463032837516
2009-04-30,11900.0,12040.0,11680.0,11840.0,30656900,Samsung,11902.857142857143,11625.333333333334,0.010238907849829282,0.031136768211175215
2009-05-04,11900.0,11940.0,11560.0,11640.0,39634800,Samsung,11825.714285714286,11652.0,-0.016891891891891886,0.028627630818367406
2009-05-06,11500.0,11620.0,11260.0,11300.0,58004900,Samsung,11648.57142857143,11662.0,-0.029209621993127155,0.024787287182318044
2009-05-07,11440.0,11460.0,11180.0,11320.0,34475350,Samsung,11574.285714285714,11666.666666666666,0.001769911504424737,0.01717278369601624
2009-05-08,11320.0,11480.0,11260.0,11380.0,22852100,Samsung,11528.57142857143,11675.333333333334,0.005300353356890497,0.01746668285049959
2009-05-11,11320.0,11360.0,11160.0,11260.0,32233300,Samsung,11494.285714285714,11670.666666666666,-0.010544815465729385,0.01679998032489765
2009-05-12,11260.0,11380.0,11200.0,11220.0,23892300,Samsung,11422.857142857143,11655.333333333334,-0.003552397868561319,0.013757571012012108
2009-05-13,11260.0,11320.0,11140.0,11200.0,29321300,Samsung,11331.42857142857,11650.666666666666,-0.0017825311942959443,0.012013944164061579
2009-05-14,11120.0,11140.0,11020.0,11040.0,30779700,Samsung,11245.714285714286,11640.0,-0.014285714285714235,0.011723710886941463
2009-05-15,11160.0,11240.0,11060.0,11100.0,23443100,Samsung,11217.142857142857,11630.0,0.005434782608695565,0.0076078816114930545
2009-05-18,11100.0,11200.0,11020.0,11120.0,22413200,Samsung,11188.57142857143,11606.666666666666,0.0018018018018017834,0.007610889637870071
2009-05-19,11340.0,11460.0,11240.0,11400.0,27926800,Samsung,11191.42857142857,11591.333333333334,0.02517985611510798,0.012891575893617216
2009-05-20,11460.0,11540.0,11400.0,11520.0,21177800,Samsung,11228.57142857143,11579.333333333334,0.010526315789473717,0.012381353030699042
2009-05-21,11400.0,11460.0,11200.0,11260.0,20055900,Samsung,11234.285714285714,11565.333333333334,-0.02256944444444442,0.015767070356682823
2009-05-22,11140.0,11200.0,11000.0,11000.0,25598900,Samsung,11205.714285714286,11560.666666666666,-0.023090586145648295,0.018179421617676907
2009-05-25,10920.0,11080.0,10400.0,10900.0,28436550,Samsung,11185.714285714286,11537.333333333334,-0.009090909090909038,0.017714835690374534
2009-05-26,10900.0,10940.0,10700.0,10760.0,28037250,Samsung,11137.142857142857,11494.0,-0.012844036697247652,0.01783687948492852
2009-05-27,10900.0,11020.0,10680.0,10700.0,31046950,Samsung,11077.142857142857,11462.0,-0.005576208178438624,0.017633175673579214
2009-05-28,10800.0,11180.0,10720.0,11180.0,33025950,Samsung,11045.714285714286,11451.333333333334,0.04485981308411224,0.02380224871389551
2009-05-29,11140.0,11220.0,11000.0,11160.0,25342100,Samsung,10994.285714285714,11433.333333333334,-0.0017889087656529634,0.023120818937206578
2009-06-01,11040.0,11160.0,10880.0,11160.0,20849600,Samsung,10980.0,11418.0,0.0,0.021677116469792947
2009-06-02,11320.0,11380.0,11100.0,11120.0,27876300,Samsung,10997.142857142857,11390.666666666666,-0.0035842293906810374,0.019522082126083952
2009-06-03,11160.0,11300.0,11020.0,11040.0,19282250,Samsung,11017.142857142857,11364.0,-0.007194244604316502,0.019359662449748818
2009-06-04,11140.0,11400.0,10940.0,11100.0,29484950,Samsung,11065.714285714286,11340.0,0.005434782608695565,0.018226209394031575
2009-06-05,11280.0,11400.0,11100.0,11380.0,31006050,Samsung,11162.857142857143,11313.333333333334,0.02522522522522519,0.019060917781060394
2009-06-08,11460.0,11580.0,11420.0,11500.0,26815150,Samsung,11208.57142857143,11278.666666666666,0.010544815465729274,0.011012783947752116
2009-06-09,11640.0,11660.0,11300.0,11300.0,25031300,Samsung,11228.57142857143,11260.666666666666,-0.017391304347826098,0.013661564734494449
2009-06-10,11340.0,11780.0,11280.0,11740.0,38127050,Samsung,11311.42857142857,11262.0,0.038938053097345104,0.019469588049632468
2009-06-11,11740.0,11960.0,11640.0,11700.0,45518350,Samsung,11394.285714285714,11268.666666666666,-0.0034071550255536653,0.019453008424349605
2009-06-12,11780.0,11820.0,11660.0,11680.0,17554250,Samsung,11485.714285714286,11267.333333333334,-0.0017094017094017033,0.01886646074788528
2009-06-15,11680.0,11720.0,11420.0,11580.0,20025650,Samsung,11554.285714285714,11258.666666666666,-0.008561643835616417,0.019924526081610938
2009-06-16,11400.0,11480.0,11300.0,11300.0,19584700,Samsung,11542.857142857143,11247.333333333334,-0.024179620034542326,0.020806886479909085
2009-06-17,11340.0,11580.0,11260.0,11500.0,17547950,Samsung,11542.857142857143,11254.0,0.017699115044247815,0.021618277033318763
2009-06-18,11500.0,11580.0,11260.0,11300.0,21151050,Samsung,11542.857142857143,11253.333333333334,-0.017391304347826098,0.021618277033318763
2009-06-19,11380.0,11420.0,11220.0,11240.0,19741650,Samsung,11471.42857142857,11248.666666666666,-0.005309734513274322,0.013253763133591952
2009-06-22,11240.0,11640.0,11200.0,11500.0,24495850,Samsung,11442.857142857143,11256.666666666666,0.02313167259786475,0.01732920623843353
2009-06-23,11420.0,11600.0,11340.0,11500.0,28982750,Samsung,11417.142857142857,11266.0,0.0,0.0173514648101227
2009-06-24,11540.0,11660.0,11480.0,11600.0,22931200,Samsung,11420.0,11279.333333333334,0.008695652173912993,0.017503580906995306
2009-06-25,11620.0,11940.0,11560.0,11760.0,31776550,Samsung,11485.714285714286,11303.333333333334,0.01379310344827589,0.014195968133686043
2009-06-26,11920.0,12020.0,11800.0,11920.0,27645950,Samsung,11545.714285714286,11330.666666666666,0.013605442176870763,0.013699858131168096
2009-06-29,11980.0,12160.0,11900.0,11960.0,13490700,Samsung,11640.0,11358.666666666666,0.003355704697986628,0.009634312863795836
2009-06-30,12000.0,12180.0,11840.0,11840.0,20185300,Samsung,11725.714285714286,11373.333333333334,-0.010033444816053505,0.010828241525824796
2009-07-01,11880.0,12120.0,11800.0,12060.0,14641400,Samsung,11805.714285714286,11391.333333333334,0.01858108108108114,0.009823868598496877
2009-07-02,12200.0,12200.0,12000.0,12040.0,12677100,Samsung,11882.857142857143,11417.333333333334,-0.0016583747927031434,0.010034523284060095
2009-07-03,11900.0,12040.0,11880.0,12020.0,11348350,Samsung,11942.857142857143,11451.333333333334,-0.0016611295681062677,0.010433064194256448
2009-07-06,12200.0,12820.0,12180.0,12680.0,46675200,Samsung,12074.285714285714,11510.666666666666,0.05490848585690511,0.021654847763455297
2009-07-07,12980.0,13120.0,12860.0,13000.0,30934250,Samsung,12228.57142857143,11585.333333333334,0.025236593059936974,0.022322767578590048
2009-07-08,12940.0,13100.0,12760.0,13100.0,26589600,Samsung,12391.42857142857,11665.333333333334,0.007692307692307665,0.022079863492590984
2009-07-09,13100.0,13240.0,13000.0,13000.0,28213000,Samsung,12557.142857142857,11726.0,-0.007633587786259555,0.02167213481893406
2009-07-10,13020.0,13120.0,12780.0,12900.0,14290050,Samsung,12677.142857142857,11784.0,-0.007692307692307665,0.022912947067059593
2009-07-13,12900.0,12900.0,12400.0,12400.0,20495950,Samsung,12728.57142857143,11825.333333333334,-0.03875968992248058,0.029400678376077686
2009-07-14,12640.0,12840.0,12480.0,12680.0,21014800,Samsung,12822.857142857143,11877.333333333334,0.022580645161290214,0.029964719461250865
2009-07-15,13080.0,13400.0,13020.0,13320.0,38068700,Samsung,12914.285714285714,11953.333333333334,0.050473186119873725,0.02883424753234529
2009-07-16,13560.0,13580.0,13360.0,13480.0,22349050,Samsung,12982.857142857143,12032.666666666666,0.012012012012011963,0.027889640940252543
2009-07-17,13480.0,13660.0,13280.0,13400.0,17033150,Samsung,13025.714285714286,12100.0,-0.005934718100890191,0.02818712144679863
2009-07-20,13600.0,13940.0,13480.0,13800.0,24285750,Samsung,13140.0,12176.666666666666,0.029850746268656803,0.029243005643812874
2009-07-21,13900.0,13900.0,13720.0,13840.0,19997150,Samsung,13274.285714285714,12261.333333333334,0.0028985507246377384,0.02850413317930368
2009-07-22,13800.0,13820.0,13560.0,13760.0,16247900,Samsung,13468.57142857143,12328.666666666666,-0.005780346820809301,0.020662539700305807
2009-07-23,13740.0,13820.0,13500.0,13560.0,23171400,Samsung,13594.285714285714,12390.666666666666,-0.014534883720930258,0.0230628037311655
2009-07-24,13560.0,13780.0,13500.0,13660.0,29495650,Samsung,13642.857142857143,12456.666666666666,0.007374631268436627,0.014619120100085207
2009-07-27,13700.0,14000.0,13660.0,13980.0,31756300,Samsung,13714.285714285714,12536.666666666666,0.02342606149341142,0.016246918544740054
2009-07-28,13900.0,14040.0,13780.0,14000.0,19430800,Samsung,13800.0,12626.666666666666,0.0014306151645206988,0.015622402318720202
2009-07-29,14000.0,14100.0,13900.0,13940.0,16666750,Samsung,13820.0,12708.0,-0.004285714285714337,0.01197789310687833
2009-07-30,13980.0,14280.0,13880.0,14280.0,18120700,Samsung,13882.857142857143,12807.333333333334,0.024390243902439046,0.014813645849223045
2009-07-31,14460.0,14580.0,14320.0,14480.0,30379200,Samsung,13985.714285714286,12915.333333333334,0.014005602240896309,0.014390194872344629
2009-08-03,14640.0,14640.0,14260.0,14300.0,24572000,Samsung,14091.42857142857,13008.666666666666,-0.012430939226519389,0.013868170797390821
2009-08-04,14400.0,14720.0,14320.0,14500.0,26531750,Samsung,14211.42857142857,13108.666666666666,0.013986013986013957,0.014065921579049604
2009-08-05,14520.0,14700.0,14380.0,14660.0,21336400,Samsung,14308.57142857143,13210.666666666666,0.011034482758620623,0.012599068940539799
2009-08-06,14460.0,14600.0,14280.0,14300.0,20482100,Samsung,14351.42857142857,13295.333333333334,-0.024556616643929052,0.01738911158834698
2009-08-07,14160.0,14340.0,14100.0,14320.0,18601650,Samsung,14405.714285714286,13375.333333333334,0.0013986013986013734,0.01711382327202847
2009-08-10,14420.0,14420.0,14060.0,14200.0,17483500,Samsung,14394.285714285714,13450.0,-0.008379888268156388,0.01494305565107326
2009-08-11,14220.0,14240.0,14060.0,14100.0,16843750,Samsung,14340.0,13525.333333333334,-0.007042253521126751,0.013541260446625045
2009-08-12,14000.0,14040.0,13820.0,13860.0,23187150,Samsung,14277.142857142857,13585.333333333334,-0.017021276595744705,0.014132070635687331
2009-08-13,14000.0,14360.0,13900.0,14040.0,31342850,Samsung,14211.42857142857,13652.0,0.01298701298701288,0.0139192623613628
2009-08-14,14200.0,14620.0,14200.0,14620.0,31875550,Samsung,14205.714285714286,13738.666666666666,0.04131054131054124,0.021945021014416033
2009-08-17,14480.0,14620.0,14220.0,14260.0,22640300,Samsung,14200.0,13791.333333333334,-0.024623803009575895,0.02195746745921281
2009-08-18,14120.0,14720.0,14120.0,14600.0,25444550,Samsung,14240.0,13844.666666666666,0.02384291725105192,0.023791241942309367
2009-08-19,14600.0,15000.0,14480.0,14760.0,27582000,Samsung,14320.0,13900.0,0.010958904109588996,0.02336717690140995
2009-08-20,14900.0,14940.0,14540.0,14800.0,21000450,Samsung,14420.0,13960.0,0.0027100271002709064,0.022758555908727458
2009-08-21,14860.0,15140.0,14840.0,15140.0,27583400,Samsung,14602.857142857143,14034.666666666666,0.02297297297297307,0.02059132093531889
2009-08-24,15400.0,15700.0,15400.0,15660.0,30714750,Samsung,14834.285714285714,14143.333333333334,0.034346103038309206,0.022134561451969837
2009-08-25,15500.0,15680.0,15480.0,15500.0,19044250,Samsung,14960.0,14237.333333333334,-0.010217113665389577,0.020816441670805912
2009-08-26,15500.0,15620.0,15380.0,15540.0,14562850,Samsung,15142.857142857143,14311.333333333334,0.002580645161290418,0.015428670365611125
2009-08-27,15300.0,15480.0,15140.0,15340.0,16354350,Samsung,15248.57142857143,14373.333333333334,-0.012870012870012881,0.01706597764552193
2009-08-28,15460.0,15680.0,15280.0,15280.0,19551050,Samsung,15322.857142857143,14436.0,-0.003911342894393766,0.017443123453766817
2009-08-31,15300.0,15500.0,15200.0,15420.0,21531600,Samsung,15411.42857142857,14490.0,0.009162303664921545,0.0174670252345259
2009-09-01,15600.0,16000.0,15340.0,15980.0,25367300,Samsung,15531.42857142857,14561.333333333334,0.03631647211413758,0.020149072045149007
2009-09-02,15700.0,15820.0,15600.0,15680.0,27898950,Samsung,15534.285714285714,14625.333333333334,-0.018773466833541974,0.01846850686763962
2009-09-03,15660.0,15700.0,15480.0,15500.0,16052050,Samsung,15534.285714285714,14690.0,-0.011479591836734748,0.018594369729045632
2009-09-04,15620.0,15660.0,15220.0,15340.0,22808450,Samsung,15505.714285714286,14746.0,-0.010322580645161339,0.01894902606664819
2009-09-07,15420.0,15600.0,15220.0,15460.0,16972400,Samsung,15522.857142857143,14795.333333333334,0.007822685788787531,0.01852479165866059
2009-09-08,15460.0,15620.0,15400.0,15620.0,13640500,Samsung,15571.42857142857,14849.333333333334,0.010349288486416475,0.01864515163915111
2009-09-09,15640.0,15760.0,15500.0,15620.0,15959400,Samsung,15600.0,14905.333333333334,0.0,0.018485651076911365
2009-09-10,15520.0,15840.0,15520.0,15820.0,34739400,Samsung,15577.142857142857,14956.666666666666,0.012804097311139628,0.012314370475771115
2009-09-11,15880.0,15880.0,15680.0,15860.0,15467150,Samsung,15602.857142857143,15002.666666666666,0.0025284450063212116,0.009638579390865418
2009-09-14,15920.0,15920.0,15200.0,15280.0,27969450,Samsung,15571.42857142857,15035.333333333334,-0.03656998738965955,0.017112150035497983
2009-09-15,15200.0,15460.0,15200.0,15380.0,26013000,Samsung,15577.142857142857,15064.666666666666,0.00654450261780104,0.016916981235790694
2009-09-16,15400.0,16000.0,15320.0,15900.0,35553800,Samsung,15640.0,15106.0,0.033810143042912966,0.0211215799570126
2009-09-17,16120.0,16200.0,15920.0,16200.0,24735000,Samsung,15722.857142857143,15169.333333333334,0.018867924528301883,0.021769751704764015
2009-09-18,16200.0,16400.0,16080.0,16120.0,44801250,Samsung,15794.285714285714,15229.333333333334,-0.004938271604938316,0.02205307917074644
2009-09-21,16040.0,16200.0,15880.0,15960.0,16830750,Samsung,15814.285714285714,15288.0,-0.00992555831265507,0.02233610209850222
2009-09-22,16000.0,16580.0,15960.0,16500.0,25779150,Samsung,15905.714285714286,15368.0,0.03383458646616533,0.02549346640677068
2009-09-23,16500.0,16520.0,16240.0,16400.0,16566700,Samsung,16065.714285714286,15452.666666666666,-0.0060606060606061,0.018721930481069116
2009-09-24,16380.0,16400.0,15960.0,16060.0,24304750,Samsung,16162.857142857143,15520.0,-0.02073170731707319,0.022158134941750552
2009-09-25,15860.0,15920.0,15660.0,15900.0,20494450,Samsung,16162.857142857143,15562.666666666666,-0.00996264009962644,0.019101928797350887
2009-09-28,15820.0,15940.0,15600.0,15920.0,13905100,Samsung,16122.857142857143,15618.0,0.0012578616352201255,0.01730142775914802
2009-09-29,15840.0,16300.0,15840.0,16240.0,20419700,Samsung,16140.0,15672.666666666666,0.0201005025125629,0.019167444356317447
2009-09-30,16140.0,16500.0,16120.0,16300.0,23985850,Samsung,16188.57142857143,15724.0,0.003694581280788256,0.01852858918439511
2009-10-01,16220.0,16300.0,15680.0,15840.0,26930050,Samsung,16094.285714285714,15758.666666666666,-0.02822085889570547,0.016092323733143364
2009-10-05,15560.0,15600.0,14920.0,14940.0,47146300,Samsung,15885.714285714286,15752.0,-0.05681818181818177,0.02516060676794129
2009-10-06,15100.0,15220.0,14900.0,14900.0,38409800,Samsung,15720.0,15726.666666666666,-0.0026773761713521083,0.025155847931361053
2009-10-07,15040.0,15120.0,14420.0,14440.0,38221850,Samsung,15511.42857142857,15691.333333333334,-0.03087248322147651,0.026313526394819896
2009-10-08,14560.0,14560.0,14120.0,14400.0,52971900,Samsung,15294.285714285714,15653.333333333334,-0.0027700831024930483,0.025982488863028556
2009-10-09,14580.0,15100.0,14520.0,15100.0,31334400,Samsung,15131.42857142857,15645.333333333334,0.04861111111111116,0.03338705035091604
2009-10-12,15200.0,15260.0,14820.0,14980.0,21586100,Samsung,14942.857142857143,15635.333333333334,-0.007947019867549643,0.032885234509958984
2009-10-13,15000.0,15300.0,14840.0,15140.0,18348000,Samsung,14842.857142857143,15626.0,0.010680907877169465,0.03288112714526281
2009-10-14,15380.0,15460.0,15280.0,15380.0,20841250,Samsung,14905.714285714286,15606.0,0.01585204755614278,0.024574095475933037
2009-10-15,15660.0,15660.0,15260.0,15500.0,17809550,Samsung,14991.42857142857,15600.0,0.007802340702210753,0.02438880755742869
2009-10-16,15000.0,15560.0,14900.0,14920.0,23712800,Samsung,15060.0,15580.666666666666,-0.03741935483870973,0.026099865249145662
2009-10-19,14760.0,15100.0,14460.0,15020.0,21675850,Samsung,15148.57142857143,15570.0,0.006702412868632601,0.02587610822403554
2009-10-20,15160.0,15220.0,14920.0,15040.0,14165400,Samsung,15140.0,15556.0,0.0013315579227697327,0.017958382976971984
2009-10-21,15000.0,15040.0,14640.0,14700.0,25319950,Samsung,15100.0,15525.333333333334,-0.022606382978723416,0.0197469910192312
2009-10-22,14640.0,14760.0,14460.0,14520.0,21589750,Samsung,15011.42857142857,15488.666666666666,-0.01224489795918371,0.019082186527276612
2009-10-23,14600.0,14980.0,14580.0,14900.0,21616400,Samsung,14942.857142857143,15458.0,0.026170798898071723,0.021302725474015568
2009-10-26,14820.0,15180.0,14780.0,15060.0,15657300,Samsung,14880.0,15431.333333333334,0.010738255033557076,0.021607965119839354
2009-10-27,14980.0,15040.0,14800.0,14840.0,16264450,Samsung,14868.57142857143,15416.666666666666,-0.014608233731739695,0.016923300966994046
2009-10-28,14880.0,14900.0,14400.0,14400.0,25568050,Samsung,14780.0,15384.0,-0.029649595687331498,0.019650589880110255
2009-10-29,14200.0,14440.0,14020.0,14360.0,32193450,Samsung,14682.857142857143,15332.666666666666,-0.002777777777777768,0.019461162968199722
2009-10-30,14660.0,14800.0,14440.0,14460.0,27823550,Samsung,14648.57142857143,15274.666666666666,0.0069637883008355494,0.018551523077510776
2009-11-02,14220.0,14540.0,14160.0,14360.0,23125050,Samsung,14625.714285714286,15216.0,-0.006915629322268302,0.01817620057109077
2009-11-03,14380.0,14640.0,14300.0,14580.0,19636750,Samsung,14580.0,15170.0,0.01532033426183843,0.015726751251203028
2009-11-04,14540.0,14720.0,14400.0,14660.0,17170650,Samsung,14522.857142857143,15108.666666666666,0.005486968449931462,0.015074484619500046
2009-11-05,14620.0,14620.0,14220.0,14240.0,18633900,Samsung,14437.142857142857,15036.666666666666,-0.028649386084583894,0.017500638535232836
2009-11-06,14520.0,14540.0,14280.0,14440.0,15201050,Samsung,14442.857142857143,14982.666666666666,0.014044943820224809,0.01519418867237948
2009-11-09,14540.0,14640.0,14440.0,14480.0,13426450,Samsung,14460.0,14935.333333333334,0.0027700831024930483,0.015139545983866807
2009-11-10,14680.0,14720.0,14480.0,14540.0,19617400,Samsung,14471.42857142857,14889.333333333334,0.004143646408839796,0.015000239992963025
2009-11-11,14640.0,14700.0,14320.0,14700.0,15973550,Samsung,14520.0,14838.0,0.011004126547455195,0.014976012126254956
2009-11-12,14740.0,14860.0,14400.0,14400.0,24682750,Samsung,14494.285714285714,14774.666666666666,-0.020408163265306145,0.016285643131711665
2009-11-13,14480.0,14540.0,14180.0,14280.0,21560950,Samsung,14440.0,14722.666666666666,-0.008333333333333304,0.016111846994278253
2009-11-16,14400.0,14660.0,14280.0,14660.0,20057700,Samsung,14500.0,14713.333333333334,0.026610644257702987,0.015330380298845663
2009-11-17,14760.0,14820.0,14520.0,14560.0,18009450,Samsung,14517.142857142857,14702.0,-0.006821282401091366,0.015138496014547536
2009-11-18,14700.0,15000.0,14640.0,15000.0,29638400,Samsung,14591.42857142857,14720.666666666666,0.030219780219780112,0.018720083650114863
2009-11-19,15000.0,15300.0,15000.0,15180.0,22743700,Samsung,14682.857142857143,14746.666666666666,0.01200000000000001,0.018880859923522748
2009-11-20,15020.0,15220.0,14920.0,15100.0,17162700,Samsung,14740.0,14746.666666666666,-0.005270092226614009,0.01920773462027656
2009-11-23,15220.0,15280.0,15020.0,15180.0,14378850,Samsung,14851.42857142857,14753.333333333334,0.005298013245033095,0.015943471586267757
2009-11-24,15220.0,15260.0,14820.0,14840.0,17703700,Samsung,14931.42857142857,14743.333333333334,-0.022397891963109373,0.018907377347808414
2009-11-25,14840.0,14980.0,14800.0,14980.0,10610150,Samsung,14977.142857142857,14730.0,0.009433962264151052,0.01672419677500969
2009-11-26,14980.0,15140.0,14860.0,14860.0,11798250,Samsung,15020.0,14708.666666666666,-0.008010680907877155,0.016848664398576622
2009-11-27,14600.0,14780.0,14240.0,14240.0,23077300,Samsung,14911.42857142857,14686.0,-0.04172274562584122,0.019273022155910164
2009-11-30,14460.0,14640.0,14380.0,14400.0,18751200,Samsung,14800.0,14665.333333333334,0.011235955056179803,0.01914766532633037
2009-12-01,14400.0,14740.0,14360.0,14740.0,17255950,Samsung,14748.57142857143,14655.333333333334,0.023611111111111027,0.022489871918913436
2009-12-02,14860.0,15000.0,14800.0,14940.0,16733700,Samsung,14714.285714285714,14663.333333333334,0.013568521031207537,0.023217526850609325
2009-12-03,15040.0,15200.0,14940.0,15180.0,15982500,Samsung,14762.857142857143,14685.333333333334,0.016064257028112428,0.022122112890276453
2009-12-04,15160.0,15340.0,15100.0,15240.0,18336750,Samsung,14800.0,14696.666666666666,0.0039525691699604515,0.021971676402396757
2009-12-07,15400.0,15540.0,15260.0,15420.0,16446850,Samsung,14880.0,14708.666666666666,0.011811023622047223,0.021640353081243662
2009-12-08,15420.0,15520.0,15340.0,15440.0,10088500,Samsung,15051.42857142857,14728.666666666666,0.0012970168612191912,0.007448340051413363
2009-12-09,15240.0,15640.0,15220.0,15560.0,17773300,Samsung,15217.142857142857,14767.333333333334,0.007772020725388629,0.007593970626596215
2009-12-10,15420.0,15760.0,15320.0,15760.0,44528150,Samsung,15362.857142857143,14814.0,0.01285347043701801,0.005434181428237172
2009-12-11,15800.0,15940.0,15660.0,15700.0,16265250,Samsung,15471.42857142857,14855.333333333334,-0.0038071065989847552,0.007055058906380968
2009-12-14,15700.0,15800.0,15440.0,15580.0,15496050,Samsung,15528.57142857143,14896.0,-0.007643312101910826,0.007713683497634811
2009-12-15,15600.0,15620.0,15440.0,15540.0,12269300,Samsung,15571.42857142857,14928.0,-0.0025673940949936247,0.008070258098047687
2009-12-16,15600.0,15720.0,15500.0,15600.0,19952700,Samsung,15597.142857142857,14959.333333333334,0.0038610038610038533,0.007093840654496429
2009-12-17,15620.0,15620.0,15300.0,15300.0,15858250,Samsung,15577.142857142857,14994.666666666666,-0.019230769230769273,0.010637072741566968
2009-12-18,15200.0,15580.0,15160.0,15460.0,20295050,Samsung,15562.857142857143,15028.666666666666,0.010457516339869244,0.011056913256549401
2009-12-21,15460.0,15540.0,15340.0,15420.0,14575300,Samsung,15514.285714285714,15060.0,-0.002587322121604174,0.009256952055985552
2009-12-22,15500.0,15620.0,15460.0,15620.0,12264950,Samsung,15502.857142857143,15096.0,0.012970168612191912,0.011036386195458681
2009-12-23,15760.0,15760.0,15560.0,15680.0,12490000,Samsung,15517.142857142857,15128.666666666666,0.003841229193341844,0.010675964842993158
2009-12-24,15700.0,15880.0,15640.0,15800.0,20309600,Samsung,15554.285714285714,15175.333333333334,0.007653061224489832,0.010810627761705606
2009-12-28,15800.0,15860.0,15580.0,15740.0,11758250,Samsung,15574.285714285714,15224.0,-0.0037974683544304,0.011026286992309939
2009-12-29,15720.0,15740.0,15600.0,15720.0,6840100,Samsung,15634.285714285714,15259.333333333334,-0.0012706480304955914,0.006676197897845133
2009-12-30,15760.0,15980.0,15740.0,15980.0,14736900,Samsung,15708.57142857143,15306.666666666666,0.01653944020356235,0.007947305939132633
2010-01-04,16060.0,16180.0,16000.0,16180.0,11950800,Samsung,15817.142857142857,15346.0,0.01251564455569465,0.007663946339092586
2010-01-05,16520.0,16580.0,16300.0,16440.0,27925850,Samsung,15934.285714285714,15388.0,0.01606922126081578,0.008145939825701772
2010-01-06,16580.0,16820.0,16520.0,16820.0,22948850,Samsung,16097.142857142857,15445.333333333334,0.02311435523114347,0.009838049970451896
2010-01-07,16820.0,16820.0,16260.0,16260.0,22107950,Samsung,16162.857142857143,15481.333333333334,-0.03329369797859694,0.019233977621416046
2010-01-08,16400.0,16420.0,16120.0,16420.0,14777550,Samsung,16260.0,15534.0,0.009840098400984099,0.018969710678594095
2010-01-11,16420.0,16460.0,15940.0,15940.0,19896100,Samsung,16291.42857142857,15566.0,-0.02923264311814855,0.023266496138792486
2010-01-12,15940.0,16180.0,15900.0,16180.0,19218050,Samsung,16320.0,15610.0,0.015056461731492998,0.023120692479252934
2010-01-13,16100.0,16120.0,15940.0,15940.0,13375300,Samsung,16285.714285714286,15666.666666666666,-0.014833127317676165,0.02335903022763028
2010-01-14,16120.0,16620.0,16000.0,16540.0,26551550,Samsung,16300.0,15738.0,0.03764115432873272,0.027227039309293065
2010-01-15,16640.0,16860.0,16580.0,16840.0,19905600,Samsung,16302.857142857143,15808.0,0.018137847642079707,0.026617134463064178
2010-01-18,16800.0,16920.0,16560.0,16860.0,13060400,Samsung,16388.571428571428,15872.0,0.0011876484560569,0.022140648277847813
2010-01-19,17000.0,17000.0,16440.0,16460.0,12041250,Samsung,16394.285714285714,15914.666666666666,-0.023724792408066464,0.024524889462838487
2010-01-20,16460.0,16740.0,16460.0,16680.0,19200850,Samsung,16500.0,15962.666666666666,0.013365735115431265,0.020905225703565792
2010-01-21,16400.0,17000.0,16400.0,17000.0,16990100,Samsung,16617.14285714286,16015.333333333334,0.01918465227817756,0.021236186744211745
2010-01-22,16800.0,16900.0,16360.0,16500.0,23460500,Samsung,16697.14285714286,16050.666666666666,-0.02941176470588236,0.024265142720562436
2010-01-25,16320.0,16960.0,16300.0,16840.0,20578400,Samsung,16740.0,16093.333333333334,0.020606060606060517,0.02111930304859933
2010-01-26,16920.0,16920.0,16240.0,16300.0,18722300,Samsung,16662.85714285714,16111.333333333334,-0.03206650831353919,0.023426670023694193
2010-01-27,16300.0,16340.0,16000.0,16000.0,18516150,Samsung,16540.0,16121.333333333334,-0.018404907975460127,0.02381386297154331
2010-01-28,16160.0,16300.0,16060.0,16160.0,13795800,Samsung,16497.14285714286,16140.666666666666,0.010000000000000009,0.023321620522564025
2010-01-29,16000.0,16020.0,15600.0,15680.0,22854100,Samsung,16354.285714285714,16145.333333333334,-0.02970297029702973,0.024139164702722045
2010-02-01,15680.0,15700.0,15300.0,15540.0,25037200,Samsung,16145.714285714286,16143.333333333334,-0.008928571428571397,0.020875259085679238
2010-02-02,15800.0,15800.0,15400.0,15440.0,19677150,Samsung,15994.285714285714,16148.0,-0.006435006435006385,0.01954780046723599
2010-02-03,15640.0,15700.0,15360.0,15540.0,16467700,Samsung,15808.57142857143,16150.666666666666,0.006476683937823857,0.01642857781499615
2010-02-04,15500.0,15660.0,15440.0,15520.0,11971700,Samsung,15697.142857142857,16154.0,-0.0012870012870013214,0.013860742303438338
2010-02-05,15160.0,15220.0,14940.0,15000.0,25705750,Samsung,15554.285714285714,16133.333333333334,-0.03350515463917525,0.0168111923204554
2010-02-08,14940.0,15080.0,14820.0,14960.0,21891500,Samsung,15382.857142857143,16109.333333333334,-0.002666666666666706,0.015002805573691802
2010-02-09,14960.0,15220.0,14840.0,15220.0,16834200,Samsung,15317.142857142857,16090.0,0.017379679144384985,0.0156877374142761
2010-02-10,15260.0,15280.0,15040.0,15100.0,13174200,Samsung,15254.285714285714,16068.666666666666,-0.007884362680683266,0.01563948280013051
2010-02-11,15140.0,15300.0,15120.0,15260.0,13208300,Samsung,15228.57142857143,16053.333333333334,0.01059602649006619,0.016496758775794016
2010-02-12,15340.0,15340.0,14900.0,15000.0,22879300,Samsung,15151.42857142857,16020.666666666666,-0.017038007863695914,0.016975685626883213
2010-02-16,15000.0,15180.0,14960.0,15120.0,7723550,Samsung,15094.285714285714,15985.333333333334,0.008000000000000007,0.017655775069943643
2010-02-17,15440.0,15580.0,15280.0,15580.0,13997150,Samsung,15177.142857142857,15956.666666666666,0.030423280423280463,0.016063933997488206
2010-02-18,15580.0,15620.0,15440.0,15500.0,7251900,Samsung,15254.285714285714,15912.666666666666,-0.005134788189987138,0.016299552474701582
2010-02-19,15380.0,15540.0,15180.0,15200.0,11094000,Samsung,15251.42857142857,15877.333333333334,-0.01935483870967747,0.01758437970549334
2010-02-22,15440.0,15560.0,15400.0,15460.0,11580550,Samsung,15302.857142857143,15845.333333333334,0.017105263157894735,0.018254138574050838
2010-02-23,15480.0,15480.0,15120.0,15340.0,12568850,Samsung,15314.285714285714,15825.333333333334,-0.0077619663648124115,0.018385334080319105
2010-02-24,15180.0,15220.0,15000.0,15040.0,15052500,Samsung,15320.0,15787.333333333334,-0.019556714471968717,0.018814346868244628
2010-02-25,15080.0,15160.0,14680.0,14720.0,19273900,Samsung,15262.857142857143,15746.666666666666,-0.021276595744680882,0.02008832433226356
2010-02-26,14800.0,14960.0,14660.0,14880.0,15576350,Samsung,15162.857142857143,15691.333333333334,0.010869565217391353,0.015364555203669217
2010-03-02,15220.0,15480.0,15120.0,15400.0,23494700,Samsung,15148.57142857143,15643.333333333334,0.034946236559139754,0.02197870327714481
2010-03-03,15420.0,15460.0,15260.0,15420.0,9713550,Samsung,15180.0,15595.333333333334,0.0012987012987013546,0.020388703268625935
2010-03-04,15420.0,15440.0,15120.0,15220.0,10205050,Samsung,15145.714285714286,15554.0,-0.012970168612191912,0.019895027467193026
2010-03-05,15260.0,15500.0,15260.0,15500.0,11754700,Samsung,15168.57142857143,15514.666666666666,0.018396846254927768,0.021068615375347835
2010-03-08,15800.0,15840.0,15700.0,15720.0,19563300,Samsung,15265.714285714286,15472.0,0.014193548387096744,0.019177621971515443
2010-03-09,15740.0,15740.0,15540.0,15720.0,12211750,Samsung,15408.57142857143,15446.0,0.0,0.015345910640921962
2010-03-10,15720.0,15740.0,15560.0,15680.0,11367600,Samsung,15522.857142857143,15407.333333333334,-0.0025445292620864812,0.015975872539454237
2010-03-11,15800.0,15880.0,15560.0,15560.0,19631000,Samsung,15545.714285714286,15382.666666666666,-0.007653061224489832,0.011243039572781012
2010-03-12,15560.0,15680.0,15420.0,15560.0,9997950,Samsung,15565.714285714286,15368.0,0.0,0.011258228798707505
2010-03-15,15640.0,15660.0,15280.0,15360.0,11156550,Samsung,15585.714285714286,15341.333333333334,-0.01285347043701801,0.011233555420984306
2010-03-16,15360.0,15400.0,15160.0,15300.0,16548150,Samsung,15557.142857142857,15328.666666666666,-0.00390625,0.008403351574697163
2010-03-17,15440.0,15960.0,15420.0,15960.0,21840650,Samsung,15591.42857142857,15342.666666666666,0.04313725490196085,0.018569412895852067
2010-03-18,15900.0,16140.0,15900.0,15940.0,15393500,Samsung,15622.857142857143,15359.333333333334,-0.0012531328320801727,0.018601422943438646
2010-03-19,16020.0,16140.0,15960.0,16080.0,10711200,Samsung,15680.0,15377.333333333334,0.008782936010037545,0.01861944919083715
2010-03-22,16060.0,16080.0,15840.0,16020.0,9191800,Samsung,15745.714285714286,15394.0,-0.003731343283582045,0.018274946898487555
2010-03-23,16140.0,16300.0,16100.0,16180.0,9923300,Samsung,15834.285714285714,15433.333333333334,0.009987515605493158,0.018272169256795034
2010-03-24,16300.0,16500.0,16260.0,16380.0,15926950,Samsung,15980.0,15480.666666666666,0.012360939431396822,0.01638417797543442
2010-03-25,16300.0,16440.0,16180.0,16380.0,9481650,Samsung,16134.285714285714,15519.333333333334,0.0,0.015917719074077668
2010-03-26,16460.0,16500.0,16240.0,16400.0,10481650,Samsung,16197.142857142857,15562.666666666666,0.0012210012210012167,0.006320165612261271
2010-03-29,16200.0,16500.0,16200.0,16360.0,7756350,Samsung,16257.142857142857,15599.333333333334,-0.0024390243902439046,0.006495094542055558
2010-03-30,16540.0,16580.0,16240.0,16280.0,12042400,Samsung,16285.714285714286,15642.0,-0.004889975550122272,0.0067757382396083
2010-03-31,16280.0,16680.0,16260.0,16360.0,21699800,Samsung,16334.285714285714,15683.333333333334,0.004914004914004844,0.006378506944111228
2010-04-01,16520.0,16900.0,16480.0,16900.0,28068050,Samsung,16437.14285714286,15727.333333333334,0.033007334963325086,0.013032071020409592
2010-04-02,16920.0,17200.0,16820.0,17140.0,20907050,Samsung,16545.714285714286,15782.0,0.014201183431952646,0.013192043829198401
2010-04-05,17220.0,17400.0,17140.0,17400.0,15201700,Samsung,16691.428571428572,15855.333333333334,0.015169194865811031,0.013178157535591208
2010-04-06,17480.0,17500.0,17220.0,17380.0,16494250,Samsung,16831.428571428572,15919.333333333334,-0.0011494252873562871,0.013431605898092966
2010-04-07,17300.0,17380.0,17040.0,17180.0,19418550,Samsung,16948.571428571428,15980.666666666666,-0.011507479861910253,0.014997543366666899
2010-04-08,17140.0,17260.0,17060.0,17260.0,13447700,Samsung,17088.571428571428,16054.666666666666,0.00465657741559955,0.014134041764229742
2010-04-09,17280.0,17320.0,16960.0,17120.0,13757650,Samsung,17197.14285714286,16134.666666666666,-0.008111239860950192,0.015474105756962078
2010-04-12,17180.0,17200.0,16540.0,16600.0,24897000,Samsung,17154.285714285714,16192.0,-0.030373831775700966,0.015988124024889534
2010-04-13,16680.0,16680.0,16300.0,16560.0,20446350,Samsung,17071.428571428572,16230.666666666666,-0.002409638554216831,0.014243181575950507
2010-04-14,16700.0,16940.0,16660.0,16900.0,15369350,Samsung,17000.0,16280.0,0.020531400966183666,0.015578862019727833
2010-04-15,17240.0,17240.0,16880.0,17100.0,18248400,Samsung,16960.0,16342.666666666666,0.01183431952662728,0.016713627144133308
2010-04-16,17100.0,17160.0,16820.0,16960.0,11003100,Samsung,16928.571428571428,16391.333333333332,-0.008187134502923965,0.01645040303532255
2010-04-19,16740.0,16800.0,16520.0,16540.0,12357100,Samsung,16825.714285714286,16418.666666666668,-0.024764150943396235,0.018212853633972716
2010-04-20,16540.0,16640.0,16420.0,16560.0,13571500,Samsung,16745.714285714286,16446.666666666668,0.0012091898428052694,0.018366496826152306
2010-04-21,16760.0,17060.0,16700.0,17040.0,13200200,Samsung,16808.571428571428,16492.0,0.02898550724637672,0.018182512307910837
2010-04-22,16980.0,16980.0,16660.0,16820.0,17161750,Samsung,16845.714285714286,16534.0,-0.012910798122065748,0.019193570478723738
2010-04-23,16960.0,16960.0,16560.0,16600.0,15442000,Samsung,16802.85714285714,16568.666666666668,-0.013079667063020217,0.018068705414648962
2010-04-26,16700.0,16840.0,16600.0,16680.0,13009350,Samsung,16742.85714285714,16612.666666666668,0.004819277108433662,0.017325870502641776
2010-04-27,16620.0,16760.0,16540.0,16700.0,13040500,Samsung,16705.714285714286,16659.333333333332,0.0011990407673860837,0.017258361077032058
2010-04-28,16400.0,16500.0,16360.0,16500.0,16007500,Samsung,16700.0,16677.333333333332,-0.0119760479041916,0.014983534141610706
2010-04-29,16600.0,16620.0,16320.0,16500.0,11337150,Samsung,16691.428571428572,16696.0,0.0,0.014970865882016854
2010-04-30,16560.0,17040.0,16540.0,16980.0,22710850,Samsung,16682.85714285714,16726.0,0.029090909090909056,0.01500538762503143
2010-05-03,16900.0,16900.0,16540.0,16580.0,14553900,Samsung,16648.571428571428,16744.666666666668,-0.02355712603062421,0.01690333333529753
2010-05-04,16800.0,16860.0,16600.0,16680.0,9138450,Samsung,16660.0,16761.333333333332,0.006031363088057962,0.016336021035442693
2010-05-06,16340.0,16380.0,16200.0,16280.0,22570150,Samsung,16602.85714285714,16758.0,-0.023980815347721784,0.018622104049400297
2010-05-07,15960.0,15980.0,15760.0,15880.0,37887000,Samsung,16485.714285714286,16741.333333333332,-0.02457002457002455,0.02007205047756972
2010-05-10,16000.0,16100.0,15940.0,16060.0,16435550,Samsung,16422.85714285714,16730.0,0.01133501259445846,0.021019240079868846
2010-05-11,16240.0,16240.0,15820.0,15820.0,22498000,Samsung,16325.714285714286,16712.0,-0.01494396014943955,0.02134146489571776
2010-05-12,15940.0,15960.0,15640.0,15780.0,15759500,Samsung,16154.285714285714,16695.333333333332,-0.0025284450063211006,0.015183864610955009
2010-05-13,15960.0,16400.0,15940.0,16260.0,15900650,Samsung,16108.57142857143,16692.0,0.03041825095057038,0.020211751550251504
2010-05-14,16120.0,16240.0,15980.0,16200.0,14674300,Samsung,16040.0,16668.666666666668,-0.0036900369003689537,0.0198501431109621
2010-05-17,15960.0,15980.0,15560.0,15680.0,26460950,Samsung,15954.285714285714,16620.0,-0.032098765432098775,0.021389853572175335
2010-05-18,15800.0,15900.0,15680.0,15840.0,18143800,Samsung,15948.57142857143,16568.0,0.010204081632652962,0.020129973554330684
2010-05-19,15700.0,15700.0,15380.0,15460.0,17987050,Samsung,15862.857142857143,16504.0,-0.023989898989899006,0.021161694539900498
2010-05-20,15300.0,15440.0,15100.0,15120.0,19772500,Samsung,15762.857142857143,16435.333333333332,-0.021992238033635148,0.021857038536161458
2010-05-24,14940.0,15280.0,14880.0,15160.0,17704300,Samsung,15674.285714285714,16365.333333333334,0.002645502645502562,0.022089698625502564
2010-05-25,15000.0,15120.0,14720.0,14820.0,25489550,Samsung,15468.57142857143,16288.666666666666,-0.02242744063324542,0.01594337319582929
2010-05-26,15200.0,15380.0,14900.0,15000.0,22943950,Samsung,15297.142857142857,16235.333333333334,0.012145748987854255,0.018423416776709133
2010-05-27,14880.0,15500.0,14820.0,15440.0,22173500,Samsung,15262.857142857143,16198.0,0.029333333333333433,0.021027461926041793
2010-05-28,15740.0,15740.0,15340.0,15560.0,22448950,Samsung,15222.857142857143,16153.333333333334,0.007772020725388629,0.020810960650682303
2010-05-31,15440.0,15620.0,15360.0,15520.0,12774650,Samsung,15231.42857142857,16100.666666666666,-0.0025706940874036244,0.018552560545818924
2010-06-01,15520.0,15580.0,15300.0,15360.0,11382350,Samsung,15265.714285714286,16047.333333333334,-0.010309278350515427,0.016592829584716123
2010-06-03,15600.0,15680.0,15480.0,15540.0,14649400,Samsung,15320.0,16014.0,0.01171875,0.016968091300382043
2010-06-04,15500.0,15940.0,15480.0,15860.0,12598850,Samsung,15468.57142857143,15990.666666666666,0.0205920205920207,0.013346234482111703
2010-06-07,15580.0,15740.0,15540.0,15740.0,15161550,Samsung,15574.285714285714,15947.333333333334,-0.007566204287515754,0.014774792157434958
2010-06-08,15700.0,15960.0,15520.0,15700.0,14499800,Samsung,15611.42857142857,15910.0,-0.0025412960609910717,0.011229500233880774
2010-06-09,15840.0,15840.0,15320.0,15400.0,17914950,Samsung,15588.57142857143,15870.0,-0.019108280254777066,0.013474693107411027
2010-06-10,15540.0,15600.0,15420.0,15460.0,17769350,Samsung,15580.0,15829.333333333334,0.003896103896103842,0.013601962846768307
2010-06-11,15700.0,15940.0,15660.0,15940.0,18283050,Samsung,15662.857142857143,15804.0,0.031047865459249646,0.01713978353505725
2010-06-14,15820.0,16180.0,15820.0,16140.0,12094650,Samsung,15748.57142857143,15792.0,0.012547051442910906,0.01719317818741636
2010-06-15,16200.0,16200.0,15960.0,15960.0,9528550,Samsung,15762.857142857143,15774.0,-0.01115241635687736,0.01674583863811517
2010-06-16,16300.0,16440.0,16180.0,16380.0,18823500,Samsung,15854.285714285714,15754.0,0.026315789473684292,0.018640728285343147
2010-06-17,16240.0,16340.0,16200.0,16340.0,11648800,Samsung,15945.714285714286,15746.0,-0.0024420024420024333,0.0186333079785853
2010-06-18,16500.0,16500.0,16240.0,16440.0,9579500,Samsung,16094.285714285714,15738.0,0.006119951040391758,0.01510145630178356
2010-06-21,16600.0,16780.0,16500.0,16600.0,14230700,Samsung,16257.142857142857,15748.666666666666,0.009732360097323589,0.014901833330485725
2010-06-22,16540.0,16540.0,16260.0,16320.0,14794100,Samsung,16311.42857142857,15763.333333333334,-0.016867469879518038,0.014792687807210422
2010-06-23,16220.0,16220.0,16000.0,16100.0,17489950,Samsung,16305.714285714286,15764.666666666666,-0.013480392156862697,0.01538839397700485
2010-06-24,16160.0,16460.0,16100.0,16400.0,14152200,Samsung,16368.57142857143,15784.0,0.01863354037267073,0.01597917338888459
2010-06-25,16180.0,16200.0,16040.0,16100.0,16982600,Samsung,16328.57142857143,15794.666666666666,-0.018292682926829285,0.014415556140860398
2010-06-28,16100.0,16160.0,15920.0,15920.0,13026700,Samsung,16268.57142857143,15783.333333333334,-0.011180124223602483,0.014796047422440997
2010-06-29,16020.0,16080.0,15740.0,15840.0,12560000,Samsung,16182.857142857143,15771.333333333334,-0.005025125628140725,0.014159317742265462
2010-06-30,15400.0,15600.0,15400.0,15480.0,26708450,Samsung,16022.857142857143,15764.666666666666,-0.022727272727272707,0.013759168932421862
2010-07-01,15580.0,15600.0,15200.0,15320.0,22206400,Samsung,15880.0,15747.333333333334,-0.01033591731266148,0.013421162470156005
2010-07-02,15400.0,15480.0,15260.0,15340.0,11641100,Samsung,15771.42857142857,15743.333333333334,0.0013054830287206887,0.013742646015994786
2010-07-05,15260.0,15400.0,15220.0,15340.0,9995600,Samsung,15620.0,15750.666666666666,0.0,0.00897048889292455
2010-07-06,15240.0,15500.0,15100.0,15500.0,17879550,Samsung,15534.285714285714,15762.0,0.010430247718383301,0.010668161867979697
2010-07-07,15600.0,15620.0,15300.0,15380.0,16180150,Samsung,15457.142857142857,15780.666666666666,-0.007741935483870921,0.010432174483074552
2010-07-08,15660.0,15680.0,15400.0,15500.0,14752850,Samsung,15408.57142857143,15797.333333333334,0.007802340702210753,0.011475016619259058
2010-07-09,15580.0,15920.0,15460.0,15920.0,18605950,Samsung,15471.42857142857,15813.333333333334,0.02709677419354839,0.012621902486995603
2010-07-12,15980.0,16040.0,15840.0,16040.0,12597450,Samsung,15574.285714285714,15829.333333333334,0.007537688442211143,0.010911682268379085
2010-07-13,15960.0,16160.0,15880.0,15920.0,15339650,Samsung,15657.142857142857,15842.666666666666,-0.007481296758104716,0.012070550560630212
2010-07-14,16260.0,16560.0,16260.0,16480.0,33184600,Samsung,15820.0,15880.0,0.035175879396984966,0.016106099186286544
2010-07-15,16500.0,16500.0,16360.0,16400.0,16063950,Samsung,15948.57142857143,15908.666666666666,-0.004854368932038833,0.01710674939978607
2010-07-16,16320.0,16400.0,16040.0,16040.0,16933400,Samsung,16042.857142857143,15914.666666666666,-0.02195121951219514,0.0199269540720587
2010-07-19,15720.0,15980.0,15720.0,15900.0,14586800,Samsung,16100.0,15920.0,-0.00872817955112215,0.02066961018191851
2010-07-20,15900.0,16040.0,15720.0,15960.0,11578400,Samsung,16105.714285714286,15928.666666666666,0.0037735849056603765,0.01800115198820685
2010-07-21,16340.0,16360.0,16120.0,16340.0,16558800,Samsung,16148.57142857143,15960.0,0.023809523809523725,0.02000149487640888
2010-07-22,16240.0,16340.0,16020.0,16160.0,15439550,Samsung,16182.857142857143,15983.333333333334,-0.011015911872705009,0.02034655458986743
2010-07-23,16300.0,16340.0,16140.0,16220.0,14112800,Samsung,16145.714285714286,15992.666666666666,0.003712871287128605,0.014517987760310599
2010-07-26,16260.0,16400.0,16180.0,16360.0,10617450,Samsung,16140.0,16000.0,0.008631319358816336,0.014990882633281353
2010-07-27,16480.0,16600.0,16420.0,16580.0,19088350,Samsung,16217.142857142857,16020.666666666666,0.01344743276283622,0.012153250935976719
2010-07-28,16640.0,16800.0,16620.0,16740.0,23248200,Samsung,16337.142857142857,16032.666666666666,0.00965018094089265,0.010632565939739535
2010-07-29,16780.0,16800.0,16480.0,16540.0,14865300,Samsung,16420.0,16039.333333333334,-0.01194743130227005,0.012942903744273348
2010-07-30,16440.0,16540.0,16200.0,16200.0,16399000,Samsung,16400.0,16031.333333333334,-0.02055622732769047,0.013162908530792765
2010-08-02,16340.0,16360.0,16200.0,16200.0,12455050,Samsung,16405.714285714286,16018.0,0.0,0.012425181963429892
2010-08-03,16400.0,16440.0,16300.0,16300.0,13105950,Samsung,16417.14285714286,16017.333333333334,0.006172839506172867,0.012567815066968802
2010-08-04,16340.0,16360.0,16120.0,16120.0,10616650,Samsung,16382.857142857143,16018.0,-0.011042944785276121,0.012716092946326842
2010-08-05,16220.0,16360.0,16060.0,16080.0,14028550,Samsung,16311.42857142857,16007.333333333334,-0.002481389578163795,0.010757161352059251
2010-08-06,16200.0,16200.0,15980.0,16020.0,12296750,Samsung,16208.57142857143,16004.666666666666,-0.003731343283582045,0.008888502517574226
2010-08-09,15980.0,16040.0,15960.0,16040.0,9138150,Samsung,16137.142857142857,16008.666666666666,0.0012484394506866447,0.00887230172205095
2010-08-10,16000.0,16080.0,15820.0,15860.0,14060850,Samsung,16088.57142857143,16009.333333333334,-0.01122194513715713,0.006380738349119782
2010-08-11,15680.0,15780.0,15540.0,15580.0,17957900,Samsung,16000.0,16012.666666666666,-0.017654476670870167,0.008218136644821612
2010-08-12,15360.0,15540.0,15300.0,15320.0,21360650,Samsung,15860.0,16012.666666666666,-0.016688061617458283,0.007281334956367166
2010-08-13,15400.0,15640.0,15340.0,15620.0,14274900,Samsung,15788.57142857143,16022.0,0.019582245430809442,0.012808816040290024
2010-08-16,15460.0,15660.0,15340.0,15640.0,10280000,Samsung,15725.714285714286,16032.0,0.001280409731113874,0.012981502867765702
2010-08-17,15540.0,15660.0,15420.0,15640.0,14476450,Samsung,15671.42857142857,16036.666666666666,0.0,0.013065132856187356
2010-08-18,15680.0,15700.0,15480.0,15560.0,11715900,Samsung,15602.857142857143,16042.666666666666,-0.005115089514066473,0.012912300239423736
2010-08-19,15580.0,15780.0,15540.0,15780.0,12179900,Samsung,15591.42857142857,16052.0,0.014138817480719768,0.014133348700400896
2010-08-20,15600.0,15720.0,15540.0,15680.0,12330600,Samsung,15605.714285714286,16044.0,-0.006337135614702172,0.012403626146355809
2010-08-23,15720.0,15820.0,15640.0,15800.0,9081550,Samsung,15674.285714285714,16036.0,0.007653061224489832,0.009753796533736748
2010-08-24,15700.0,15720.0,15500.0,15660.0,11365400,Samsung,15680.0,16027.333333333334,-0.008860759493670933,0.008204305400529976
2010-08-25,15520.0,15560.0,15440.0,15440.0,9263250,Samsung,15651.42857142857,15992.666666666666,-0.01404853128991057,0.009815823950452461
2010-08-26,15440.0,15660.0,15400.0,15460.0,10440100,Samsung,15625.714285714286,15961.333333333334,0.0012953367875647714,0.009867392191822921
2010-08-27,15300.0,15440.0,15300.0,15320.0,12748200,Samsung,15591.42857142857,15937.333333333334,-0.009055627425614499,0.01020719666737924
2010-08-30,15500.0,15560.0,15440.0,15520.0,6984450,Samsung,15554.285714285714,15924.666666666666,0.01305483028720622,0.009922731131284042
2010-08-31,15320.0,15440.0,15120.0,15120.0,22051950,Samsung,15474.285714285714,15896.666666666666,-0.02577319587628868,0.013356559764181767
2010-09-01,15240.0,15260.0,15000.0,15040.0,19451700,Samsung,15365.714285714286,15853.333333333334,-0.005291005291005346,0.012136154494086126
2010-09-02,15200.0,15240.0,14980.0,15180.0,18271500,Samsung,15297.142857142857,15820.666666666666,0.009308510638297962,0.013524025534445448
2010-09-03,15220.0,15280.0,15120.0,15220.0,22082500,Samsung,15265.714285714286,15787.333333333334,0.0026350461133068936,0.012991319802596015
2010-09-06,15440.0,15600.0,15360.0,15600.0,19708650,Samsung,15285.714285714286,15762.0,0.024967148488830526,0.01657200153214588
2010-09-07,15660.0,15800.0,15500.0,15760.0,16036000,Samsung,15348.57142857143,15734.666666666666,0.01025641025641022,0.01614193199452243
2010-09-08,15520.0,15620.0,15420.0,15420.0,10954600,Samsung,15334.285714285714,15690.666666666666,-0.021573604060913687,0.018145438158907894
2010-09-09,15340.0,15480.0,15120.0,15120.0,30825400,Samsung,15334.285714285714,15643.333333333334,-0.01945525291828798,0.016802597717440235
2010-09-10,15200.0,15440.0,15140.0,15320.0,13989000,Samsung,15374.285714285714,15614.0,0.013227513227513255,0.017260081587692738
2010-09-13,15400.0,15520.0,15320.0,15400.0,11741050,Samsung,15405.714285714286,15587.333333333334,0.005221932114882533,0.017069994763941908
2010-09-14,15500.0,15620.0,15200.0,15200.0,18559950,Samsung,15402.857142857143,15550.666666666666,-0.012987012987012991,0.017997041918814606
2010-09-15,15260.0,15340.0,15020.0,15140.0,19441850,Samsung,15337.142857142857,15518.0,-0.003947368421052588,0.014220385563937359
2010-09-16,15080.0,15260.0,15080.0,15140.0,11734100,Samsung,15248.57142857143,15486.666666666666,0.0,0.012957357077350604
2010-09-17,15240.0,15560.0,15160.0,15460.0,22369300,Samsung,15254.285714285714,15468.0,0.021136063408190298,0.014202469620123129
2010-09-20,15480.0,15600.0,15400.0,15600.0,14807550,Samsung,15322.857142857143,15453.333333333334,0.009055627425614388,0.011340198188565388
2010-09-24,15580.0,15600.0,15160.0,15240.0,32766800,Samsung,15311.42857142857,15432.666666666666,-0.023076923076923106,0.014547479341605397
2010-09-27,15300.0,15360.0,15040.0,15100.0,25107150,Samsung,15268.57142857143,15416.666666666666,-0.009186351706036766,0.014596297519036438
2010-09-28,15100.0,15120.0,14900.0,14900.0,23315700,Samsung,15225.714285714286,15402.666666666666,-0.013245033112582738,0.014626854140811659
2010-09-29,15060.0,15500.0,15000.0,15440.0,35348050,Samsung,15268.57142857143,15396.666666666666,0.03624161073825505,0.02070428895230172
2010-09-30,15440.0,15580.0,15340.0,15540.0,16855500,Samsung,15325.714285714286,15393.333333333334,0.006476683937823857,0.020693151541922195
2010-10-01,15440.0,15560.0,15380.0,15540.0,14805750,Samsung,15337.142857142857,15390.0,0.0,0.01925340764575189
2010-10-04,15600.0,15620.0,15480.0,15600.0,12835350,Samsung,15337.142857142857,15391.333333333334,0.0038610038610038533,0.018984685112526493
2010-10-05,15440.0,15580.0,15420.0,15460.0,14300150,Samsung,15368.57142857143,15380.666666666666,-0.008974358974358942,0.0167221272926266
2010-10-06,15560.0,15880.0,15520.0,15860.0,23555150,Samsung,15477.142857142857,15386.666666666666,0.025873221216041298,0.017959313810898377
2010-10-07,15580.0,15660.0,15380.0,15400.0,25542150,Samsung,15548.57142857143,15373.333333333334,-0.0290037831021438,0.02157045826552837
2010-10-08,15260.0,15320.0,15060.0,15160.0,27125750,Samsung,15508.57142857143,15356.666666666666,-0.01558441558441559,0.017549451733297545
2010-10-11,15240.0,15260.0,15060.0,15060.0,18784450,Samsung,15440.0,15344.0,-0.006596306068601621,0.017128133751435036
2010-10-12,15040.0,15120.0,14920.0,14920.0,18391350,Samsung,15351.42857142857,15326.0,-0.009296148738379806,0.017095328601448256
2010-10-13,15040.0,15040.0,14860.0,14880.0,20414700,Samsung,15248.57142857143,15311.333333333334,-0.002680965147453085,0.016660454178397604
2010-10-14,15060.0,15060.0,14840.0,15000.0,26710000,Samsung,15182.857142857143,15294.0,0.008064516129032251,0.017481731488769144
2010-10-15,15000.0,15120.0,14900.0,15080.0,24686150,Samsung,15071.42857142857,15292.666666666666,0.005333333333333412,0.012655140023960221
2010-10-18,15140.0,15240.0,14960.0,15020.0,13804400,Samsung,15017.142857142857,15292.0,-0.003978779840848823,0.008184062424622612
2010-10-19,15000.0,15020.0,14820.0,14820.0,19450000,Samsung,14968.57142857143,15280.0,-0.013315579227696439,0.007655119915125082
2010-10-20,14800.0,14980.0,14700.0,14900.0,18474100,Samsung,14945.714285714286,15269.333333333334,0.005398110661268607,0.0081002585769191
2010-10-21,14900.0,15300.0,14820.0,15300.0,28370400,Samsung,15000.0,15259.333333333334,0.02684563758389258,0.012579900677276962
2010-10-22,15460.0,15540.0,15340.0,15540.0,20425550,Samsung,15094.285714285714,15252.0,0.015686274509803866,0.012945464912791763
2010-10-25,15460.0,15580.0,15340.0,15420.0,12353450,Samsung,15154.285714285714,15252.0,-0.007722007722007707,0.013923072108853601
2010-10-26,15360.0,15420.0,15160.0,15260.0,15629050,Samsung,15180.0,15256.666666666666,-0.01037613488975353,0.014910065661412874
2010-10-27,15160.0,15300.0,15020.0,15060.0,16732750,Samsung,15185.714285714286,15248.0,-0.013106159895150737,0.015867132829266776
2010-10-28,15200.0,15300.0,15060.0,15280.0,14631600,Samsung,15251.42857142857,15244.0,0.014608233731739695,0.01531933983504143
2010-10-29,15280.0,15300.0,14900.0,14900.0,23060950,Samsung,15251.42857142857,15234.0,-0.02486910994764402,0.018874687782521916
2010-11-01,15060.0,15060.0,14860.0,14940.0,14837800,Samsung,15200.0,15227.333333333334,0.0026845637583892135,0.014988949079510955
2010-11-02,14940.0,14960.0,14740.0,14800.0,16536700,Samsung,15094.285714285714,15216.0,-0.009370816599732268,0.012481548418653123
2010-11-03,14800.0,14980.0,14780.0,14800.0,17874950,Samsung,15005.714285714286,15194.0,0.0,0.012733305003957519
2010-11-04,14940.0,15280.0,14900.0,15260.0,27312500,Samsung,15005.714285714286,15182.666666666666,0.031081081081081097,0.018549691502104972
2010-11-05,15600.0,15800.0,15500.0,15520.0,35165050,Samsung,15071.42857142857,15192.0,0.017038007863696025,0.018458992884725082
2010-11-08,15700.0,15760.0,15520.0,15560.0,13961400,Samsung,15111.42857142857,15207.333333333334,0.002577319587628857,0.01790773416639375
2010-11-09,15680.0,15680.0,15340.0,15480.0,12801650,Samsung,15194.285714285714,15226.666666666666,-0.005141388174807249,0.013955864826445416
2010-11-10,15600.0,15800.0,15500.0,15800.0,21088000,Samsung,15317.142857142857,15238.666666666666,0.02067183462532296,0.01495960901998763
2010-11-11,15860.0,15980.0,15340.0,15340.0,44525300,Samsung,15394.285714285714,15232.0,-0.029113924050632956,0.019864465721426708
2010-11-12,15680.0,15800.0,15460.0,15560.0,28325650,Samsung,15502.857142857143,15232.666666666666,0.014341590612777066,0.01996583053547186
2010-11-15,15720.0,16300.0,15700.0,16160.0,35892450,Samsung,15631.42857142857,15251.333333333334,0.03856041131105403,0.02158213286292372
2010-11-16,16280.0,16400.0,16000.0,16220.0,29475050,Samsung,15731.42857142857,15276.666666666666,0.003712871287128605,0.02128077668535864
2010-11-17,16020.0,16080.0,15900.0,15900.0,17123100,Samsung,15780.0,15278.0,-0.019728729963008673,0.023520914355801927
2010-11-18,15940.0,16100.0,15860.0,15980.0,13296000,Samsung,15851.42857142857,15297.333333333334,0.005031446540880502,0.023222720547732438
2010-11-19,16160.0,16380.0,16000.0,16360.0,19355150,Samsung,15931.42857142857,15337.333333333334,0.02377972465581979,0.023603721489354888
2010-11-22,16400.0,16960.0,16360.0,16960.0,36057400,Samsung,16162.857142857143,15400.666666666666,0.03667481662591676,0.020551874263617664
2010-11-23,17000.0,17020.0,16680.0,16800.0,18280200,Samsung,16340.0,15463.333333333334,-0.009433962264150941,0.02248057392953611
2010-11-24,16520.0,17040.0,16500.0,17020.0,31792000,Samsung,16462.85714285714,15534.666666666666,0.013095238095238049,0.019131335593819725
2010-11-25,17060.0,17060.0,16760.0,16900.0,18359500,Samsung,16560.0,15598.0,-0.007050528789659172,0.019911534240531097
2010-11-26,16960.0,16980.0,16640.0,16740.0,15679300,Samsung,16680.0,15653.333333333334,-0.009467455621301801,0.017981327973958735
2010-11-29,16700.0,16920.0,16620.0,16720.0,15401050,Samsung,16785.714285714286,15710.0,-0.0011947431302270495,0.01827642284832252
2010-11-30,16640.0,16920.0,16520.0,16520.0,21205500,Samsung,16808.571428571428,15766.666666666666,-0.011961722488038284,0.01766890539717669
2010-12-01,16480.0,16560.0,16280.0,16400.0,18777150,Samsung,16728.571428571428,15816.666666666666,-0.007263922518159771,0.008552848839327658
2010-12-02,16560.0,17180.0,16500.0,17180.0,30608400,Samsung,16782.85714285714,15879.333333333334,0.04756097560975614,0.02117304432561848
2010-12-03,17400.0,17940.0,17340.0,17880.0,39373850,Samsung,16905.714285714286,15957.333333333334,0.04074505238649584,0.025435785649697364
2010-12-06,17800.0,17980.0,17700.0,17800.0,16837550,Samsung,17034.285714285714,16036.666666666666,-0.004474272930648726,0.0252105328712307
2010-12-07,17740.0,18420.0,17700.0,18020.0,24906050,Samsung,17217.14285714286,16128.666666666666,0.012359550561797716,0.024055775808853697
2010-12-08,18060.0,18200.0,17740.0,17760.0,16803250,Samsung,17365.714285714286,16218.666666666666,-0.01442841287458374,0.025626512071714562
2010-12-09,17700.0,18360.0,17680.0,18340.0,29422050,Samsung,17625.714285714286,16320.666666666666,0.0326576576576576,0.02510672653488271
2010-12-10,18300.0,18380.0,18140.0,18380.0,12757050,Samsung,17908.571428571428,16436.666666666668,0.0021810250817884125,0.023917101731997993
2010-12-13,18380.0,18640.0,18320.0,18600.0,15359300,Samsung,18111.428571428572,16558.666666666668,0.01196953210010876,0.019655978569787864
2010-12-14,18740.0,18740.0,18420.0,18580.0,22126100,Samsung,18211.428571428572,16684.666666666668,-0.0010752688172043223,0.015150666578782779
2010-12-15,18500.0,18500.0,18200.0,18320.0,16449400,Samsung,18285.714285714286,16802.0,-0.013993541442411161,0.016566528276833213
2010-12-16,18160.0,18380.0,18160.0,18220.0,11684200,Samsung,18314.285714285714,16900.666666666668,-0.00545851528384278,0.01647943325596182
2010-12-17,18280.0,18580.0,18240.0,18520.0,17297200,Samsung,18422.85714285714,17000.666666666668,0.016465422612513825,0.015553106855470183
2010-12-20,18340.0,18640.0,18280.0,18640.0,16911750,Samsung,18465.714285714286,17103.333333333332,0.00647948164146861,0.010397727757111565
2010-12-21,18620.0,18800.0,18500.0,18720.0,12599300,Samsung,18514.285714285714,17211.333333333332,0.0042918454935623185,0.01042201924399284
2010-12-22,18780.0,19060.0,18720.0,18780.0,16626800,Samsung,18540.0,17310.666666666668,0.0032051282051281937,0.009613486894140412
2010-12-23,18720.0,18760.0,18500.0,18720.0,10985500,Samsung,18560.0,17423.333333333332,-0.0031948881789137795,0.009737627792994252
2010-12-24,18780.0,18780.0,18500.0,18500.0,8471650,Samsung,18585.714285714286,17521.333333333332,-0.01175213675213671,0.009178891558867636
2010-12-27,18500.0,18600.0,18300.0,18440.0,10524200,Samsung,18617.14285714286,17597.333333333332,-0.00324324324324321,0.008936648603361366
2010-12-28,18560.0,19000.0,18520.0,18760.0,15650700,Samsung,18651.428571428572,17682.0,0.017353579175704903,0.009183291463512365
2010-12-29,18700.0,19020.0,18640.0,18900.0,11918900,Samsung,18688.571428571428,17782.0,0.00746268656716409,0.00927250232017158
2010-12-30,18840.0,19040.0,18840.0,18980.0,9181500,Samsung,18725.714285714286,17882.0,0.004232804232804144,0.009270115344963765
2011-01-03,19100.0,19320.0,19000.0,19160.0,13241050,Samsung,18780.0,17975.333333333332,0.0094836670179137,0.009698943683287773
2011-01-04,19120.0,19220.0,18980.0,19160.0,13713100,Samsung,18842.85714285714,18048.666666666668,0.0,0.009435592506541662
2011-01-05,19100.0,19100.0,18840.0,18840.0,16787500,Samsung,18891.428571428572,18116.666666666668,-0.01670146137787054,0.010838151237388457
2011-01-06,18840.0,18980.0,18460.0,18600.0,19360400,Samsung,18914.285714285714,18169.333333333332,-0.01273885350318471,0.012207251040694138
2011-01-07,18300.0,18580.0,18280.0,18420.0,23139800,Samsung,18865.714285714286,18220.0,-0.009677419354838679,0.010427907653050926
2011-01-10,18360.0,18560.0,18180.0,18340.0,18326750,Samsung,18785.714285714286,18273.333333333332,-0.004343105320304019,0.009444567632394762
2011-01-11,18340.0,18440.0,18160.0,18260.0,19550800,Samsung,18682.85714285714,18324.666666666668,-0.004362050163576936,0.008686334949963593
2011-01-12,18280.0,18660.0,18280.0,18600.0,20555800,Samsung,18602.85714285714,18394.0,0.018619934282584794,0.011529897888521178
2011-01-13,18980.0,18980.0,18340.0,18440.0,28239850,Samsung,18500.0,18462.0,-0.008602150537634357,0.011469404880388901
2011-01-14,18560.0,18680.0,18300.0,18660.0,15382350,Samsung,18474.285714285714,18511.333333333332,0.01193058568329719,0.01186618434188629
2011-01-17,18900.0,19020.0,18800.0,18980.0,20582100,Samsung,18528.571428571428,18548.0,0.017148981779206762,0.012432267212052515
2011-01-18,19000.0,19620.0,18980.0,19380.0,29631350,Samsung,18665.714285714286,18600.666666666668,0.021074815595363505,0.012654088189674083
2011-01-19,19580.0,20000.0,19320.0,19940.0,33343200,Samsung,18894.285714285714,18664.666666666668,0.028895768833849367,0.013725000027202158
2011-01-20,19740.0,19800.0,19580.0,19640.0,15244400,Samsung,19091.428571428572,18727.333333333332,-0.015045135406218657,0.016226659930877144
2011-01-21,19520.0,19680.0,19400.0,19420.0,16666400,Samsung,19208.571428571428,18763.333333333332,-0.011201629327902252,0.017617521141455636
2011-01-24,19360.0,19660.0,19320.0,19420.0,13609350,Samsung,19348.571428571428,18798.0,0.0,0.016678621057137445
2011-01-25,19440.0,19800.0,19420.0,19500.0,13970550,Samsung,19468.571428571428,18828.0,0.004119464469618972,0.01659727480884622
2011-01-26,19700.0,19980.0,19600.0,19960.0,13352500,Samsung,19608.571428571428,18874.0,0.02358974358974364,0.017447463277287818
2011-01-27,19900.0,20040.0,19820.0,19880.0,15367000,Samsung,19680.0,18926.0,-0.004008016032064132,0.016718840834104878
2011-01-28,19960.0,20280.0,19800.0,20200.0,19118950,Samsung,19717.14285714286,18992.0,0.016096579476861272,0.013989340144976964
2011-01-31,20180.0,20200.0,19620.0,19620.0,21411900,Samsung,19714.285714285714,19028.666666666668,-0.02871287128712874,0.01731335507702555
2011-02-01,19640.0,19900.0,19580.0,19660.0,13468450,Samsung,19748.571428571428,19062.666666666668,0.0020387359836901986,0.016596140186092134
2011-02-07,20040.0,20080.0,19440.0,19440.0,24252200,Samsung,19751.428571428572,19086.666666666668,-0.011190233977619535,0.01732956436095445
2011-02-08,19400.0,19480.0,19180.0,19220.0,30483500,Samsung,19711.428571428572,19101.333333333332,-0.011316872427983515,0.017736362794227693
2011-02-09,19460.0,19460.0,19020.0,19200.0,20984650,Samsung,19602.85714285714,19117.333333333332,-0.0010405827263267886,0.01384672133840775
2011-02-10,19200.0,19300.0,18700.0,18720.0,30669300,Samsung,19437.14285714286,19124.666666666668,-0.025000000000000022,0.01564002246326962
2011-02-11,18700.0,18860.0,18260.0,18300.0,26489900,Samsung,19165.714285714286,19120.0,-0.022435897435897467,0.011894660688908038
2011-02-14,18560.0,19100.0,18500.0,19060.0,19565800,Samsung,19085.714285714286,19130.0,0.041530054644808745,0.022376624099299185
2011-02-15,19260.0,19400.0,18940.0,19160.0,18105800,Samsung,19014.285714285714,19138.666666666668,0.005246589716684236,0.022551077292152395
2011-02-16,19040.0,19400.0,18900.0,18900.0,15182650,Samsung,18937.14285714286,19136.0,-0.013569937369519836,0.022704480902679052
2011-02-17,19060.0,19260.0,18860.0,19080.0,14348550,Samsung,18917.14285714286,19133.333333333332,0.00952380952380949,0.022919620456492793
2011-02-18,19300.0,19320.0,19140.0,19200.0,10253850,Samsung,18917.14285714286,19134.666666666668,0.0062893081761006275,0.023074823141078463
2011-02-21,19280.0,19300.0,18840.0,18960.0,13750850,Samsung,18951.428571428572,19138.666666666668,-0.012499999999999956,0.021205174157595656
2011-02-22,18780.0,18960.0,18680.0,18760.0,12181550,Samsung,19017.14285714286,19144.0,-0.010548523206751037,0.01931250317121963
2011-02-23,18500.0,18820.0,18500.0,18600.0,17193000,Samsung,18951.428571428572,19150.0,-0.008528784648187626,0.0099941873959417
2011-02-24,18520.0,18680.0,18400.0,18580.0,18110900,Samsung,18868.571428571428,19158.0,-0.0010752688172043223,0.009342686749044146
2011-02-25,18560.0,18660.0,18460.0,18520.0,15181200,Samsung,18814.285714285714,19166.666666666668,-0.0032292787944026013,0.008411975390238318
2011-02-28,18400.0,18680.0,18400.0,18460.0,16274800,Samsung,18725.714285714286,19162.0,-0.003239740820734305,0.006427844489258028
2011-03-02,18280.0,18460.0,18240.0,18360.0,16134300,Samsung,18605.714285714286,19159.333333333332,-0.005417118093174467,0.004248563405214558
2011-03-03,18380.0,18540.0,18320.0,18460.0,18074200,Samsung,18534.285714285714,19152.666666666668,0.005446623093681824,0.005229449356138251
2011-03-04,18680.0,18900.0,18540.0,18900.0,18569150,Samsung,18554.285714285714,19150.0,0.02383531960996743,0.010903216721109835
2011-03-07,18860.0,18860.0,18120.0,18120.0,31883600,Samsung,18485.714285714286,19108.0,-0.041269841269841234,0.01942287964024644
2011-03-08,18220.0,18240.0,17880.0,17980.0,24905400,Samsung,18400.0,19042.666666666668,-0.007726269315673329,0.01944350081190615
2011-03-09,18120.0,18160.0,17640.0,17800.0,26296300,Samsung,18297.14285714286,18981.333333333332,-0.010011123470522798,0.01953753330201438
2011-03-10,17580.0,17680.0,17320.0,17320.0,41630200,Samsung,18134.285714285714,18911.333333333332,-0.026966292134831482,0.02108064577239966
2011-03-11,17220.0,17520.0,17200.0,17240.0,26884000,Samsung,17974.285714285714,18838.666666666668,-0.004618937644341847,0.02110459723439066
2011-03-14,17600.0,18020.0,17060.0,18000.0,33325000,Samsung,17908.571428571428,18788.666666666668,0.044083526682134666,0.029010547115738004
2011-03-15,18020.0,18040.0,17120.0,17200.0,36313200,Samsung,17665.714285714286,18696.666666666668,-0.0444444444444444,0.0298566320390407
2011-03-16,17700.0,17900.0,17440.0,17720.0,39939050,Samsung,17608.571428571428,18624.666666666668,0.03023255813953485,0.030787059491856252
2011-03-17,17560.0,17800.0,17360.0,17800.0,22505200,Samsung,17582.85714285714,18544.666666666668,0.004514672686230181,0.030806837754670427
2011-03-18,17840.0,17900.0,17660.0,17820.0,19166050,Samsung,17585.714285714286,18484.666666666668,0.0011235955056179137,0.030552232127362963
2011-03-21,17820.0,17980.0,17680.0,17800.0,14473500,Samsung,17654.285714285714,18422.666666666668,-0.001122334455667784,0.028137509172760262
2011-03-22,17840.0,17940.0,17400.0,17500.0,21810300,Samsung,17691.428571428572,18358.0,-0.016853932584269704,0.029142507852376882
2011-03-23,17600.0,17600.0,17180.0,17460.0,25229000,Samsung,17614.285714285714,18299.333333333332,-0.0022857142857143353,0.02266684647894263
2011-03-24,17600.0,17760.0,17480.0,17600.0,15392550,Samsung,17671.428571428572,18246.0,0.008018327605956443,0.014205257317621647
2011-03-25,17840.0,18200.0,17800.0,18200.0,31078100,Samsung,17740.0,18228.666666666668,0.03409090909090917,0.015442072204185904
2011-03-28,18300.0,18440.0,18180.0,18320.0,15890200,Samsung,17814.285714285714,18229.333333333332,0.00659340659340657,0.01547522045335288
2011-03-29,18140.0,18320.0,18000.0,18320.0,17204100,Samsung,17885.714285714286,18204.666666666668,0.0,0.015518498652617032
2011-03-30,18320.0,18580.0,18320.0,18520.0,20685150,Samsung,17988.571428571428,18183.333333333332,0.01091703056768556,0.01551519358153879
2011-03-31,18720.0,18720.0,18420.0,18640.0,26376550,Samsung,18151.428571428572,18174.666666666668,0.00647948164146861,0.011934613042154462
2011-04-01,18720.0,18800.0,18540.0,18800.0,22471700,Samsung,18342.85714285714,18165.333333333332,0.008583690987124415,0.010862872618342718
2011-04-04,18800.0,18900.0,18780.0,18900.0,16716750,Samsung,18528.571428571428,18155.333333333332,0.005319148936170137,0.011019421778083582
2011-04-05,18960.0,18960.0,18700.0,18900.0,11922000,Samsung,18628.571428571428,18153.333333333332,0.0,0.004112750949253882
2011-04-06,18800.0,18840.0,18300.0,18460.0,27471850,Samsung,18648.571428571428,18143.333333333332,-0.023280423280423235,0.011517597181161176
2011-04-07,18500.0,18700.0,18100.0,18180.0,21781250,Samsung,18628.571428571428,18129.333333333332,-0.015167930660888396,0.013088680787284453
2011-04-08,18220.0,18280.0,17900.0,17960.0,25983450,Samsung,18548.571428571428,18108.666666666668,-0.012101210121012063,0.012466163285313645
2011-04-11,17960.0,18140.0,17760.0,17880.0,20582800,Samsung,18440.0,18087.333333333332,-0.0044543429844098315,0.011539566263555909
2011-04-12,17720.0,17800.0,17640.0,17640.0,15766950,Samsung,18274.285714285714,18060.0,-0.01342281879194629,0.009813698408267431
2011-04-13,17740.0,18020.0,17600.0,18020.0,16627750,Samsung,18148.571428571428,18048.666666666668,0.02154195011337867,0.014540325177721802
2011-04-14,18000.0,18000.0,17680.0,18000.0,25265700,Samsung,18020.0,18033.333333333332,-0.0011098779134295356,0.014460951183307822
2011-04-15,17960.0,17980.0,17640.0,17760.0,22274750,Samsung,17920.0,17995.333333333332,-0.013333333333333308,0.012992186246941886
2011-04-18,17820.0,17840.0,17320.0,17340.0,27418700,Samsung,17800.0,17969.333333333332,-0.023648648648648685,0.014373051246299258
2011-04-19,17060.0,17500.0,17060.0,17500.0,23078650,Samsung,17734.285714285714,17953.333333333332,0.009227220299884653,0.015257564820428483
2011-04-20,17780.0,18320.0,17720.0,18320.0,32044250,Samsung,17797.14285714286,17970.666666666668,0.04685714285714293,0.024378360641842962
2011-04-21,18600.0,18740.0,18360.0,18560.0,27071850,Samsung,17928.571428571428,18012.0,0.013100436681222627,0.023305588480789147
2011-04-22,18480.0,18540.0,18040.0,18080.0,18825450,Samsung,17937.14285714286,18040.0,-0.025862068965517238,0.02534942739176029
2011-04-25,18020.0,18220.0,17780.0,17780.0,14338950,Samsung,17905.714285714286,18032.666666666668,-0.0165929203539823,0.026199705983215502
2011-04-26,17980.0,17980.0,17600.0,17940.0,19174650,Samsung,17931.428571428572,18057.333333333332,0.008998875140607376,0.02587121331351012
2011-04-27,18340.0,18540.0,18220.0,18480.0,26379400,Samsung,18094.285714285714,18082.666666666668,0.030100334448160515,0.02504818915225647
2011-04-28,18480.0,18540.0,17980.0,18000.0,20803400,Samsung,18165.714285714286,18089.333333333332,-0.025974025974025983,0.028399049751906973
2011-04-29,18020.0,18160.0,17600.0,17860.0,21415000,Samsung,18100.0,18090.666666666668,-0.007777777777777772,0.02143055478445356
2011-05-02,18200.0,18740.0,18080.0,18640.0,32544850,Samsung,18111.428571428572,18118.666666666668,0.043673012318029114,0.027590757889755898
2011-05-03,18720.0,18800.0,18440.0,18760.0,25366500,Samsung,18208.571428571428,18160.666666666668,0.006437768240343367,0.0249348104214295
2011-05-04,18600.0,18680.0,18000.0,18300.0,25769850,Samsung,18282.85714285714,18188.666666666668,-0.024520255863539453,0.026253371358408092
2011-05-06,17980.0,18280.0,17900.0,17980.0,23637450,Samsung,18288.571428571428,18201.333333333332,-0.01748633879781425,0.027368270739987
2011-05-09,18160.0,18220.0,17820.0,17820.0,13543350,Samsung,18194.285714285714,18188.666666666668,-0.008898776418242438,0.024151019973152835
2011-05-11,17780.0,17900.0,17640.0,17840.0,22363750,Samsung,18171.428571428572,18172.666666666668,0.001122334455667895,0.022318917760260806
2011-05-12,17720.0,18020.0,17660.0,17700.0,27616100,Samsung,18148.571428571428,18152.0,-0.007847533632286963,0.022322430127437953
2011-05-13,17920.0,18480.0,17800.0,18320.0,33438000,Samsung,18102.85714285714,18145.333333333332,0.03502824858757059,0.019494196361139245
2011-05-16,18340.0,18380.0,17960.0,18020.0,16123700,Samsung,17997.14285714286,18124.666666666668,-0.01637554585152834,0.01969409458227184
2011-05-17,17940.0,17960.0,17780.0,17800.0,11549950,Samsung,17925.714285714286,18091.333333333332,-0.01220865704772478,0.018213582035919707
2011-05-18,17860.0,17980.0,17720.0,17860.0,16579300,Samsung,17908.571428571428,18056.666666666668,0.003370786516853963,0.017285644198051342
2011-05-19,17820.0,17960.0,17600.0,17600.0,19345200,Samsung,17877.14285714286,18013.333333333332,-0.014557670772676334,0.01784904956630411
2011-05-20,17700.0,17740.0,17600.0,17640.0,11069950,Samsung,17848.571428571428,17986.0,0.002272727272727204,0.017883965705476963
2011-05-23,17540.0,17700.0,17440.0,17460.0,14056000,Samsung,17814.285714285714,17962.0,-0.010204081632653073,0.018045390354779475
2011-05-24,17440.0,17680.0,17300.0,17300.0,14488500,Samsung,17668.571428571428,17940.0,-0.009163802978235935,0.007871833079530481
2011-05-25,17580.0,17580.0,17060.0,17120.0,16018050,Samsung,17540.0,17914.666666666668,-0.010404624277456698,0.00711584675548813
2011-05-26,17360.0,17600.0,17300.0,17580.0,13968500,Samsung,17508.571428571428,17912.666666666668,0.026869158878504606,0.014299238007522315
2011-05-27,17480.0,17980.0,17340.0,17820.0,21477600,Samsung,17502.85714285714,17906.0,0.013651877133105783,0.01539174055558184
2011-05-30,17900.0,17900.0,17520.0,17680.0,10293600,Samsung,17514.285714285714,17895.333333333332,-0.007856341189674487,0.014535913590850906
2011-05-31,17800.0,18280.0,17720.0,18040.0,23887550,Samsung,17571.428571428572,17904.666666666668,0.020361990950226172,0.016349118378706267
2011-06-01,18040.0,18240.0,17900.0,18220.0,15678500,Samsung,17680.0,17934.0,0.009977827050997812,0.015312952564302141
2011-06-02,17880.0,17940.0,17600.0,17660.0,16582950,Samsung,17731.428571428572,17939.333333333332,-0.03073545554335899,0.020284831523816074
2011-06-03,17800.0,17800.0,17540.0,17700.0,10067100,Samsung,17814.285714285714,17918.666666666668,0.0022650056625141968,0.019423534212740335
2011-06-07,17520.0,17780.0,17380.0,17740.0,15110100,Samsung,17837.14285714286,17891.333333333332,0.002259887005649608,0.01684783607256575
2011-06-08,17700.0,17800.0,17500.0,17540.0,12938850,Samsung,17797.14285714286,17873.333333333332,-0.011273957158962844,0.016460812830084322
2011-06-09,17540.0,17580.0,17300.0,17300.0,21511200,Samsung,17742.85714285714,17857.333333333332,-0.013683010262257711,0.01693826851223745
2011-06-10,17400.0,17480.0,17020.0,17020.0,19586600,Samsung,17597.14285714286,17826.666666666668,-0.016184971098265888,0.013907300352060148
2011-06-13,16880.0,17060.0,16760.0,17060.0,15062450,Samsung,17431.428571428572,17779.333333333332,0.00235017626321965,0.012470595112836668
2011-06-14,17020.0,17460.0,16960.0,17260.0,10642700,Samsung,17374.285714285714,17754.666666666668,0.011723329425556761,0.010463234761866419
2011-06-15,17320.0,17380.0,17020.0,17300.0,13283100,Samsung,17317.14285714286,17736.0,0.002317497103128563,0.010467839132417956
2011-06-16,17060.0,17160.0,16880.0,16960.0,11940550,Samsung,17205.714285714286,17680.0,-0.01965317919075149,0.01175573006017328
2011-06-17,17020.0,17040.0,16060.0,16380.0,36058100,Samsung,17040.0,17600.666666666668,-0.034198113207547176,0.015841306130933742
2011-06-20,16260.0,16280.0,15900.0,16000.0,23580500,Samsung,16854.285714285714,17524.0,-0.023199023199023228,0.016636602369484024
2011-06-21,16000.0,16400.0,15960.0,16280.0,18844400,Samsung,16748.571428571428,17467.333333333332,0.01750000000000007,0.019503973510596167
2011-06-22,16480.0,16660.0,16440.0,16520.0,16530400,Samsung,16671.428571428572,17424.0,0.014742014742014753,0.020916912597784575
2011-06-23,16500.0,16780.0,16400.0,16620.0,13858400,Samsung,16580.0,17383.333333333332,0.006053268765133124,0.020289046165092056
2011-06-24,16420.0,17080.0,16420.0,17040.0,23453150,Samsung,16542.85714285714,17361.333333333332,0.025270758122743597,0.02333383902576734
2011-06-27,16940.0,16940.0,16560.0,16700.0,15207250,Samsung,16505.714285714286,17307.333333333332,-0.0199530516431925,0.023372052148975905
2011-06-28,16800.0,17060.0,16620.0,16640.0,11950100,Samsung,16542.85714285714,17261.333333333332,-0.003592814371257469,0.018742269270063387
2011-06-29,16960.0,16980.0,16640.0,16660.0,10348200,Samsung,16637.14285714286,17223.333333333332,0.0012019230769231282,0.015102736231366022
2011-06-30,16660.0,16700.0,16420.0,16520.0,16408950,Samsung,16671.428571428572,17178.666666666668,-0.008403361344537785,0.014956328514168409
2011-07-01,16860.0,17200.0,16760.0,17100.0,22133050,Samsung,16754.285714285714,17162.0,0.03510895883777243,0.01918793881345007
2011-07-04,17400.0,17660.0,17380.0,17560.0,21439450,Samsung,16888.571428571428,17159.333333333332,0.026900584795321647,0.02090222002449476
2011-07-05,17600.0,17980.0,17560.0,17980.0,21107200,Samsung,17022.85714285714,17176.666666666668,0.023917995444191265,0.020722229956248683
2011-07-06,17860.0,17960.0,17740.0,17960.0,11215100,Samsung,17202.85714285714,17198.666666666668,-0.0011123470522803602,0.017472975303496466
2011-07-07,17960.0,17960.0,17580.0,17600.0,17861200,Samsung,17340.0,17214.666666666668,-0.020044543429844075,0.020534418089472973
2011-07-08,17600.0,17760.0,17460.0,17700.0,12070450,Samsung,17488.571428571428,17218.666666666668,0.005681818181818121,0.0203480485010394
2011-07-11,17600.0,17600.0,17240.0,17300.0,15974500,Samsung,17600.0,17201.333333333332,-0.02259887005649719,0.022902786873004954
2011-07-12,17200.0,17220.0,16920.0,17000.0,12397200,Samsung,17585.714285714286,17178.666666666668,-0.017341040462427793,0.02057271066535307
2011-07-13,16960.0,17100.0,16720.0,16860.0,16430600,Samsung,17485.714285714286,17139.333333333332,-0.008235294117647007,0.016638776272275873
2011-07-14,16700.0,16700.0,16460.0,16620.0,20363350,Samsung,17291.428571428572,17086.0,-0.014234875444839812,0.010413062111226187
2011-07-15,16600.0,16800.0,16420.0,16640.0,13621800,Samsung,17102.85714285714,17052.0,0.001203369434416457,0.010813319631035292
2011-07-18,16560.0,16600.0,16220.0,16260.0,18189050,Samsung,16911.428571428572,17004.0,-0.022836538461538436,0.011253849265678193
2011-07-19,16120.0,16540.0,16120.0,16440.0,14537100,Samsung,16731.428571428572,16960.666666666668,0.011070110701107083,0.012692844026131129
2011-07-20,16800.0,17080.0,16780.0,17020.0,21079150,Samsung,16691.428571428572,16943.333333333332,0.035279805352798066,0.020119567849510658
2011-07-21,16920.0,17020.0,16640.0,16840.0,10343550,Samsung,16668.571428571428,16928.0,-0.010575793184488869,0.019418873635720726
2011-07-22,17000.0,17120.0,16840.0,17000.0,12179600,Samsung,16688.571428571428,16927.333333333332,0.009501187648456089,0.01950331968110866
2011-07-25,17000.0,17000.0,16680.0,16940.0,9496800,Samsung,16734.285714285714,16923.333333333332,-0.003529411764705892,0.01847049663991628
2011-07-26,16860.0,17020.0,16800.0,17000.0,11259900,Samsung,16785.714285714286,16914.666666666668,0.0035419126328217754,0.018456402881798825
2011-07-27,16960.0,16960.0,16720.0,16900.0,10079450,Samsung,16877.14285714286,16901.333333333332,-0.00588235294117645,0.01531398483125368
2011-07-28,16560.0,16800.0,16520.0,16740.0,13623150,Samsung,16920.0,16894.0,-0.009467455621301801,0.01604766106414584
2011-07-29,16920.0,17040.0,16740.0,16880.0,15089150,Samsung,16900.0,16910.666666666668,0.008363201911588902,0.00828699043405856
2011-08-01,17100.0,17500.0,17100.0,17400.0,19432400,Samsung,16980.0,16957.333333333332,0.0308056872037914,0.013538328163515297
2011-08-02,17060.0,17180.0,17000.0,17040.0,13486550,Samsung,16985.714285714286,16982.666666666668,-0.020689655172413834,0.016303485226062266
2011-08-03,16800.0,16880.0,16480.0,16660.0,20417200,Samsung,16945.714285714286,16987.333333333332,-0.02230046948356812,0.018467045148824354
2011-08-04,16780.0,16780.0,16300.0,16420.0,17307750,Samsung,16862.85714285714,16980.666666666668,-0.014405762304921965,0.01877502615150794
2011-08-05,15840.0,16100.0,15780.0,15780.0,30392500,Samsung,16702.85714285714,16938.666666666668,-0.03897685749086477,0.02282415132907498
2011-08-08,15400.0,15780.0,15200.0,15200.0,30296350,Samsung,16482.85714285714,16888.666666666668,-0.03675538656527255,0.025035956889145766
2011-08-09,15000.0,15060.0,13920.0,14480.0,49299200,Samsung,16140.0,16816.666666666668,-0.047368421052631615,0.025802970044529843
2011-08-10,15200.0,15200.0,14400.0,14400.0,49244500,Samsung,15711.42857142857,16741.333333333332,-0.0055248618784530246,0.014910400469516182
2011-08-11,13760.0,14500.0,13760.0,14160.0,39580150,Samsung,15300.0,16662.666666666668,-0.01666666666666672,0.015248725927186
2011-08-12,14420.0,14440.0,14000.0,14140.0,33844600,Samsung,14940.0,16564.0,-0.0014124293785310327,0.01790560679933011
2011-08-16,14700.0,15000.0,14520.0,15000.0,30042550,Samsung,14737.142857142857,16478.666666666668,0.06082036775106081,0.03667334593362398
2011-08-17,15020.0,15200.0,14820.0,15040.0,14649850,Samsung,14631.42857142857,16380.666666666666,0.002666666666666595,0.03495626980216137
2011-08-18,14960.0,14980.0,14060.0,14180.0,35336000,Samsung,14485.714285714286,16254.666666666666,-0.05718085106382975,0.03858443986217578
2011-08-19,13760.0,13940.0,13440.0,13600.0,28970600,Samsung,14360.0,16121.333333333334,-0.04090267983074758,0.03758391730265519
2011-08-22,13680.0,14040.0,13660.0,13820.0,20900650,Samsung,14277.142857142857,15992.0,0.016176470588235237,0.03872993212344403
2011-08-23,14000.0,14700.0,13980.0,14460.0,24617300,Samsung,14320.0,15897.333333333334,0.04630969609261948,0.04273370862432799
2011-08-24,14480.0,14700.0,14000.0,14160.0,18508650,Samsung,14322.857142857143,15802.666666666666,-0.020746887966805017,0.04373846176712626
2011-08-25,14740.0,14760.0,14420.0,14500.0,19039800,Samsung,14251.42857142857,15724.0,0.024011299435028333,0.03705245187065753
2011-08-26,14340.0,14680.0,14340.0,14520.0,10612300,Samsung,14177.142857142857,15654.0,0.0013793103448276334,0.03701564541084095
2011-08-29,14840.0,14840.0,14480.0,14660.0,13001850,Samsung,14245.714285714286,15588.0,0.009641873278236845,0.02885983578298023
2011-08-30,14820.0,14960.0,14720.0,14840.0,12629600,Samsung,14422.857142857143,15540.666666666666,0.012278308321964637,0.020518374239763583
2011-08-31,14940.0,14940.0,14620.0,14880.0,14495500,Samsung,14574.285714285714,15488.666666666666,0.0026954177897573484,0.020771146862855524
2011-09-01,15180.0,15760.0,14880.0,15420.0,35833750,Samsung,14711.42857142857,15435.333333333334,0.03629032258064524,0.01808789404711642
2011-09-02,15300.0,15620.0,15260.0,15380.0,12915400,Samsung,14885.714285714286,15386.666666666666,-0.0025940337224383825,0.013858070919025247
2011-09-05,15100.0,15120.0,14600.0,14620.0,13853900,Samsung,14902.857142857143,15307.333333333334,-0.04941482444733425,0.025830684215551236
2011-09-06,14520.0,14720.0,14200.0,14540.0,13213350,Samsung,14905.714285714286,15227.333333333334,-0.005471956224350261,0.025964063779970722
2011-09-07,14660.0,15560.0,14660.0,15460.0,17512500,Samsung,15020.0,15176.0,0.06327372764786787,0.03533647657441227
2011-09-08,15600.0,16040.0,15560.0,15960.0,28730500,Samsung,15180.0,15144.666666666666,0.03234152652005173,0.03652086595977561
2011-09-09,15700.0,16240.0,15540.0,15600.0,18082650,Samsung,15282.857142857143,15106.666666666666,-0.022556390977443663,0.03866411096845835
2011-09-14,15600.0,15620.0,14820.0,15060.0,27540950,Samsung,15231.42857142857,15046.0,-0.0346153846153846,0.039122194164071394
2011-09-15,15680.0,15680.0,15300.0,15420.0,21318350,Samsung,15237.142857142857,14980.0,0.0239043824701195,0.040397583929373704
2011-09-16,15880.0,16220.0,15840.0,15960.0,23811100,Samsung,15428.57142857143,14944.0,0.035019455252918386,0.035066329387691754
2011-09-19,16000.0,16280.0,15760.0,16160.0,12327650,Samsung,15660.0,14927.333333333334,0.012531328320801949,0.03412228760838937
2011-09-20,16220.0,16360.0,15920.0,16220.0,13997500,Samsung,15768.57142857143,14920.666666666666,0.003712871287128605,0.026955539350304494
2011-09-21,16380.0,16560.0,16020.0,16260.0,17063100,Samsung,15811.42857142857,14936.666666666666,0.002466091245376001,0.024569232688442997
2011-09-22,15920.0,16000.0,15560.0,15800.0,15331100,Samsung,15840.0,14956.666666666666,-0.028290282902828978,0.025632850871580445
2011-09-23,15280.0,15600.0,15020.0,15160.0,21822900,Samsung,15854.285714285714,14979.333333333334,-0.040506329113924044,0.027094367113364468
2011-09-26,15200.0,15740.0,15180.0,15500.0,24018800,Samsung,15865.714285714286,15016.0,0.02242744063324542,0.026893669113730475
2011-09-27,16100.0,16100.0,15820.0,16080.0,16526300,Samsung,15882.857142857143,15080.0,0.03741935483870962,0.027409221904233193
2011-09-28,16480.0,16500.0,15820.0,16140.0,24316950,Samsung,15880.0,15146.666666666666,0.003731343283582156,0.027012216882547558
2011-09-29,16080.0,16960.0,16080.0,16740.0,27675450,Samsung,15954.285714285714,15204.666666666666,0.037174721189590976,0.03048768706963901
2011-09-30,16600.0,16800.0,16220.0,16800.0,25780600,Samsung,16031.42857142857,15263.333333333334,0.0035842293906809264,0.030475629688462996
2011-10-04,16100.0,16640.0,15920.0,16560.0,32895000,Samsung,16140.0,15342.666666666666,-0.014285714285714235,0.028302234826328737
2011-10-05,16480.0,17000.0,16340.0,16840.0,32102800,Samsung,16380.0,15450.666666666666,0.01690821256038655,0.019006844450054773
2011-10-06,17480.0,17580.0,16840.0,17100.0,29969000,Samsung,16608.571428571428,15560.0,0.015439429928741033,0.018750659813624938
2011-10-07,17300.0,17620.0,17000.0,17200.0,26509200,Samsung,16768.571428571428,15651.333333333334,0.005847953216374213,0.015826687465065697
2011-10-10,17560.0,17700.0,17440.0,17480.0,17246250,Samsung,16960.0,15762.0,0.016279069767441756,0.01573890162541863
2011-10-11,17700.0,17700.0,17380.0,17620.0,22915500,Samsung,17085.714285714286,15866.0,0.008009153318077722,0.010965754278900515
2011-10-12,17440.0,17980.0,17400.0,17960.0,21528500,Samsung,17251.428571428572,15980.666666666666,0.0192962542565267,0.011642306825412977
2011-10-13,17960.0,17980.0,17620.0,17800.0,16266150,Samsung,17428.571428571428,16085.333333333334,-0.008908685968819552,0.009838033250841139
2011-10-14,17420.0,17880.0,17420.0,17720.0,10850500,Samsung,17554.285714285714,16181.333333333334,-0.004494382022471877,0.010764176593050108
2011-10-17,17800.0,17900.0,17620.0,17800.0,10675550,Samsung,17654.285714285714,16278.666666666666,0.004514672686230181,0.010171969680309582
2011-10-18,17500.0,17860.0,17420.0,17660.0,13844300,Samsung,17720.0,16353.333333333334,-0.00786516853932584,0.011405151021175274
2011-10-19,17700.0,17720.0,17400.0,17720.0,10704100,Samsung,17754.285714285714,16431.333333333332,0.003397508493771184,0.010017023467480497
2011-10-20,17720.0,18400.0,17660.0,18140.0,28436600,Samsung,17828.571428571428,16548.666666666668,0.023702031602708784,0.012922583442437916
2011-10-21,18400.0,18500.0,18140.0,18340.0,23307000,Samsung,17882.85714285714,16675.333333333332,0.011025358324145529,0.01162932706113539
2011-10-24,18260.0,18860.0,18220.0,18820.0,18769250,Samsung,18028.571428571428,16787.333333333332,0.026172300981461394,0.01308340853927313
2011-10-25,18720.0,19020.0,18700.0,18900.0,18208000,Samsung,18197.14285714286,16885.333333333332,0.004250797024442088,0.01206195660705132
2011-10-26,18660.0,18920.0,18540.0,18680.0,12504750,Samsung,18322.85714285714,16988.0,-0.011640211640211673,0.014443597327293013
2011-10-27,18580.0,18780.0,18380.0,18480.0,17443050,Samsung,18440.0,17102.0,-0.010706638115631661,0.01496182919282276
2011-10-28,18560.0,18920.0,18540.0,18900.0,26884350,Samsung,18608.571428571428,17218.0,0.022727272727272707,0.0160186741312209
2011-10-31,18820.0,19400.0,18660.0,19360.0,23792400,Samsung,18782.85714285714,17331.333333333332,0.024338624338624326,0.01611517382624948
2011-11-01,19360.0,19980.0,19240.0,19800.0,30983650,Samsung,18991.428571428572,17452.666666666668,0.022727272727272707,0.01689367014495146
2011-11-02,19400.0,19560.0,19320.0,19420.0,28454600,Samsung,19077.14285714286,17559.333333333332,-0.019191919191919204,0.01875726980568548
2011-11-03,19240.0,19420.0,19160.0,19340.0,16408700,Samsung,19140.0,17662.0,-0.004119464469618972,0.019050981029336982
2011-11-04,19660.0,20100.0,19640.0,20100.0,26704800,Samsung,19342.85714285714,17805.333333333332,0.03929679420889354,0.02184980008870226
2011-11-07,19920.0,20000.0,19720.0,19860.0,14018050,Samsung,19540.0,17962.0,-0.011940298507462699,0.02205547828005289
2011-11-08,19720.0,19800.0,19300.0,19400.0,17069900,Samsung,19611.428571428572,18092.0,-0.023162134944612278,0.024514958705999818
2011-11-09,19400.0,19760.0,19320.0,19700.0,19304250,Samsung,19660.0,18212.666666666668,0.015463917525773141,0.023495672801028118
2011-11-10,19340.0,19460.0,18700.0,18700.0,31006050,Samsung,19502.85714285714,18298.0,-0.050761421319796995,0.02887171660216941
2011-11-11,18900.0,19680.0,18600.0,19660.0,24246750,Samsung,19537.14285714286,18395.333333333332,0.051336898395721864,0.03571764096243924
2011-11-14,19760.0,20040.0,19740.0,19920.0,14136050,Samsung,19620.0,18499.333333333332,0.01322482197355046,0.03579943144782895
2011-11-15,19720.0,20000.0,19600.0,19920.0,11737100,Samsung,19594.285714285714,18611.333333333332,0.0,0.032404767300139484
2011-11-16,19900.0,20060.0,19460.0,19500.0,16934350,Samsung,19542.85714285714,18700.0,-0.02108433734939763,0.033103863355171244
2011-11-17,19640.0,19840.0,19220.0,19600.0,12943350,Samsung,19571.428571428572,18783.333333333332,0.00512820512820511,0.03181135733296289
2011-11-18,19420.0,19540.0,19240.0,19260.0,16310300,Samsung,19508.571428571428,18852.0,-0.01734693877551019,0.031897027364988936
2011-11-21,19020.0,19200.0,18840.0,19000.0,12791900,Samsung,19551.428571428572,18902.666666666668,-0.01349948078920038,0.024897515439926146
2011-11-22,19000.0,19420.0,18860.0,19260.0,12040600,Samsung,19494.285714285714,18957.333333333332,0.013684210526315743,0.014489177306212964
2011-11-23,18960.0,19200.0,18700.0,18700.0,15335700,Samsung,19320.0,18982.0,-0.029075804776739322,0.015460016584366713
2011-11-24,18440.0,19060.0,18420.0,18860.0,13680750,Samsung,19168.571428571428,19017.333333333332,0.00855614973262031,0.016577408450009087
2011-11-25,18580.0,19060.0,18580.0,18940.0,11689400,Samsung,19088.571428571428,19058.0,0.0042417815482502785,0.015910176459224656
2011-11-28,19180.0,19640.0,19160.0,19560.0,15724000,Samsung,19082.85714285714,19116.666666666668,0.032734952481520585,0.021128648800267328
2011-11-29,19800.0,20100.0,19720.0,20100.0,27588450,Samsung,19202.85714285714,19198.0,0.027607361963190247,0.021833182890273195
2011-11-30,20000.0,20200.0,19920.0,20080.0,19579400,Samsung,19357.14285714286,19276.666666666668,-0.0009950248756218638,0.02040610575043668
2011-12-01,20700.0,21600.0,20580.0,21480.0,34717150,Samsung,19674.285714285714,19388.0,0.06972111553784854,0.031131399257862544
2011-12-02,21220.0,21420.0,20800.0,21000.0,21917950,Samsung,20002.85714285714,19476.666666666668,-0.022346368715083775,0.029568030748142023
2011-12-05,21380.0,21460.0,21160.0,21320.0,14848100,Samsung,20354.285714285714,19560.0,0.015238095238095273,0.02935428795556599
2011-12-06,21140.0,21400.0,20820.0,20880.0,14528550,Samsung,20631.428571428572,19626.0,-0.0206378986866792,0.03262578455893199
2011-12-07,21000.0,21360.0,20820.0,21120.0,19746900,Samsung,20854.285714285714,19707.333333333332,0.011494252873563315,0.031616558505585646
2011-12-08,21140.0,21660.0,20920.0,21280.0,25893000,Samsung,21022.85714285714,19800.666666666668,0.007575757575757569,0.03080550434179886
2011-12-09,20980.0,21480.0,20740.0,21060.0,13804200,Samsung,21162.85714285714,19872.666666666668,-0.010338345864661647,0.03148438586050857
2011-12-12,21260.0,21680.0,21200.0,21680.0,12163550,Samsung,21191.428571428572,19950.0,0.029439696106362767,0.019600354130895732
2011-12-13,21480.0,21500.0,21000.0,21000.0,13210000,Samsung,21191.428571428572,19990.0,-0.03136531365313655,0.02162063004116805
2011-12-14,20680.0,20900.0,20500.0,20800.0,21064350,Samsung,21117.14285714286,20036.0,-0.00952380952380949,0.020758809629363946
2011-12-15,20580.0,20720.0,20300.0,20300.0,16963000,Samsung,21034.285714285714,20068.0,-0.024038461538461564,0.02126479777477705
2011-12-16,20420.0,20900.0,20400.0,20900.0,12263200,Samsung,21002.85714285714,20094.666666666668,0.029556650246305383,0.024310836893643478
2011-12-19,20900.0,20900.0,19680.0,20140.0,20485300,Samsung,20840.0,20104.0,-0.036363636363636376,0.027160232456995403
2011-12-20,20160.0,20580.0,20140.0,20240.0,13750300,Samsung,20722.85714285714,20132.0,0.0049652432969216065,0.027509152497091037
2011-12-21,20700.0,21140.0,20620.0,21140.0,20402950,Samsung,20645.714285714286,20180.0,0.04446640316205541,0.03103518888253346
2011-12-22,20900.0,21060.0,20820.0,21040.0,10634550,Samsung,20651.428571428572,20258.0,-0.004730368968779541,0.02853673168572501
2011-12-23,21120.0,21480.0,21120.0,21360.0,12299050,Samsung,20731.428571428572,20314.666666666668,0.015209125475285079,0.028602692574170703
2011-12-26,21340.0,21500.0,21320.0,21320.0,6216250,Samsung,20877.14285714286,20361.333333333332,-0.0018726591760299671,0.026077076493566217
2011-12-27,21360.0,21600.0,21060.0,21460.0,11133650,Samsung,20957.14285714286,20412.666666666668,0.0065666041275798115,0.024188894701747593
2011-12-28,21460.0,21460.0,21200.0,21220.0,11023850,Samsung,21111.428571428572,20470.0,-0.011183597390493905,0.01834678065618468
2011-12-29,21240.0,21540.0,21140.0,21160.0,10923900,Samsung,21242.85714285714,20522.0,-0.002827521206409056,0.018767141537962478
2012-01-02,21400.0,21600.0,21300.0,21600.0,13151350,Samsung,21308.571428571428,20600.0,0.020793950850661602,0.011524709048984108
2012-01-03,21860.0,22100.0,21840.0,22100.0,16927750,Samsung,21460.0,20703.333333333332,0.02314814814814814,0.013066888385388678
2012-01-04,22100.0,22200.0,21500.0,21600.0,17103700,Samsung,21494.285714285714,20781.333333333332,-0.022624434389140302,0.01652882302276879
2012-01-05,21460.0,21580.0,21100.0,21100.0,17298400,Samsung,21462.85714285714,20861.333333333332,-0.02314814814814814,0.01906054212065042
2012-01-06,21120.0,21320.0,20600.0,20800.0,18816250,Samsung,21368.571428571428,20926.0,-0.014218009478673022,0.019244322003186442
2012-01-09,20800.0,20820.0,20300.0,20320.0,19283000,Samsung,21240.0,20972.0,-0.023076923076923106,0.0204417156535857
2012-01-10,20420.0,20720.0,20420.0,20520.0,20414800,Samsung,21148.571428571428,21004.0,0.009842519685039353,0.02131118652217656
2012-01-11,20340.0,20480.0,20280.0,20420.0,19110150,Samsung,20980.0,21014.666666666668,-0.004873294346978585,0.018291615553556462
2012-01-12,20320.0,20580.0,20220.0,20560.0,18511000,Samsung,20760.0,21030.666666666668,0.006856023506366382,0.014288465222388327
2012-01-13,20560.0,21000.0,20520.0,20920.0,14630750,Samsung,20662.85714285714,21012.0,0.017509727626459082,0.016363108241379605
2012-01-16,20800.0,20800.0,20400.0,20600.0,11614950,Samsung,20591.428571428572,20998.666666666668,-0.015296367112810683,0.015086581269479865
2012-01-17,20820.0,20960.0,20480.0,20720.0,17084400,Samsung,20580.0,20978.666666666668,0.005825242718446644,0.014567095669768762
2012-01-18,21020.0,21040.0,20440.0,20600.0,15359650,Samsung,20620.0,20969.333333333332,-0.00579150579150578,0.011160820739495201
2012-01-19,20760.0,21440.0,20740.0,21440.0,22385800,Samsung,20751.428571428572,20980.0,0.040776699029126284,0.018493999112207102
2012-01-20,21800.0,22100.0,21520.0,22100.0,25550800,Samsung,20991.428571428572,21007.333333333332,0.03078358208955234,0.019731132367114938
2012-01-25,21840.0,22500.0,21840.0,22280.0,22751300,Samsung,21237.14285714286,21048.0,0.008144796380090469,0.019686285141538095
2012-01-26,22320.0,22420.0,21880.0,22260.0,17655150,Samsung,21428.571428571428,21067.333333333332,-0.0008976660682226134,0.02000881889251397
2012-01-27,22400.0,22500.0,22220.0,22500.0,12741200,Samsung,21700.0,21117.333333333332,0.010781671159029615,0.016900526586716057
2012-01-30,22580.0,22600.0,22180.0,22300.0,16354450,Samsung,21925.714285714286,21167.333333333332,-0.008888888888888835,0.018729184037990686
2012-01-31,22100.0,22400.0,21780.0,22140.0,21731350,Samsung,22145.714285714286,21228.666666666668,-0.007174887892376636,0.018938346917872054
2012-02-01,22140.0,22140.0,21560.0,21580.0,22849650,Samsung,22165.714285714286,21251.333333333332,-0.025293586269195978,0.01776388715581404
2012-02-02,21720.0,22080.0,21360.0,21600.0,22402650,Samsung,22094.285714285714,21300.0,0.000926784059314123,0.012129937934993278
2012-02-03,21420.0,21680.0,21120.0,21320.0,17801400,Samsung,21957.14285714286,21336.0,-0.012962962962962954,0.011443808165527853
2012-02-06,21680.0,21820.0,21320.0,21480.0,15837500,Samsung,21845.714285714286,21347.333333333332,0.007504690431519689,0.012487631030376718
2012-02-07,21540.0,21920.0,21460.0,21860.0,11921950,Samsung,21754.285714285714,21374.666666666668,0.017690875232774683,0.014111769563040007
2012-02-08,21980.0,22000.0,21680.0,21840.0,11809400,Samsung,21688.571428571428,21390.666666666668,-0.0009149130832570851,0.013975194352143266
2012-02-09,21740.0,21800.0,21200.0,21680.0,24005850,Samsung,21622.85714285714,21402.666666666668,-0.0073260073260073,0.013983032792326903
2012-02-10,21680.0,21680.0,21220.0,21240.0,18579100,Samsung,21574.285714285714,21395.333333333332,-0.020295202952029467,0.012720126940181037
2012-02-13,21380.0,21780.0,21340.0,21660.0,16017250,Samsung,21582.85714285714,21410.0,0.019774011299435124,0.015237122835030217
2012-02-14,21680.0,21780.0,21480.0,21600.0,12317400,Samsung,21622.85714285714,21424.666666666668,-0.0027700831024930483,0.014187467297499968
2012-02-15,21960.0,22760.0,21840.0,22700.0,28522350,Samsung,21797.14285714286,21461.333333333332,0.05092592592592582,0.02347332828461593
2012-02-16,22600.0,22800.0,22420.0,22700.0,15411800,Samsung,21917.14285714286,21481.333333333332,0.0,0.023226573791832336
2012-02-17,23180.0,23600.0,23120.0,23520.0,17308450,Samsung,22157.14285714286,21545.333333333332,0.03612334801762107,0.0255866072436582
2012-02-20,23560.0,23880.0,23320.0,23500.0,14814150,Samsung,22417.14285714286,21625.333333333332,-0.0008503401360544505,0.024925539620507885
2012-02-21,23500.0,23960.0,23300.0,23600.0,10808250,Samsung,22754.285714285714,21718.666666666668,0.004255319148936065,0.02108021677274759
2012-02-22,23640.0,24000.0,23440.0,23940.0,11779250,Samsung,23080.0,21839.333333333332,0.014406779661017,0.02098995100328658
2012-02-23,23460.0,23580.0,23020.0,23200.0,23259200,Samsung,23308.571428571428,21928.666666666668,-0.030910609857978333,0.026767393920944314
2012-02-24,23060.0,23720.0,23060.0,23600.0,14240300,Samsung,23437.14285714286,22034.666666666668,0.01724137931034475,0.020625199967769178
2012-02-27,23480.0,23600.0,23180.0,23420.0,8273300,Samsung,23540.0,22130.0,-0.007627118644067843,0.02117389203151642
2012-02-28,23920.0,24000.0,23620.0,23700.0,16648100,Samsung,23565.714285714286,22222.666666666668,0.011955593509820561,0.016683200679731176
2012-02-29,23820.0,24180.0,23820.0,24120.0,17278300,Samsung,23654.285714285714,22340.0,0.017721518987341867,0.017743926771237255
2012-03-02,24300.0,24340.0,23580.0,23640.0,18023700,Samsung,23660.0,22437.333333333332,-0.01990049751243783,0.019875809145715174
2012-03-05,23800.0,23820.0,23320.0,23480.0,11175250,Samsung,23594.285714285714,22533.333333333332,-0.006768189509306244,0.01898223834404167
2012-03-06,23580.0,23860.0,23340.0,23600.0,10572850,Samsung,23651.428571428572,22605.333333333332,0.005110732538330387,0.014349561267455372
2012-03-07,23500.0,23660.0,23300.0,23440.0,11521550,Samsung,23628.571428571428,22650.0,-0.006779661016949157,0.013060342200767221
2012-03-08,23600.0,23720.0,23300.0,23600.0,20270400,Samsung,23654.285714285714,22694.0,0.006825938566553003,0.012961343579691045
2012-03-09,23820.0,24620.0,23760.0,24600.0,18228800,Samsung,23782.85714285714,22772.0,0.04237288135593231,0.02023761923126411
2012-03-12,24480.0,24520.0,24200.0,24200.0,11826950,Samsung,23794.285714285714,22828.666666666668,-0.016260162601625994,0.02088597916490641
2012-03-13,24000.0,24580.0,24000.0,24420.0,11985550,Samsung,23905.714285714286,22899.333333333332,0.009090909090909038,0.018911091518164013
2012-03-14,24600.0,25100.0,24600.0,25000.0,18279650,Samsung,24122.85714285714,22994.666666666668,0.02375102375102367,0.019313639806567653
2012-03-15,25020.0,25200.0,24840.0,25000.0,14038800,Samsung,24322.85714285714,23108.666666666668,0.0,0.01958683904744017
2012-03-16,25200.0,25340.0,24760.0,24760.0,18070200,Samsung,24511.428571428572,23214.0,-0.009600000000000053,0.019976941104238952
2012-03-19,24700.0,25360.0,24680.0,25200.0,11881850,Samsung,24740.0,23343.333333333332,0.017770597738287597,0.020293177334890226
2012-03-20,25340.0,25540.0,25200.0,25340.0,11935500,Samsung,24845.714285714286,23472.0,0.005555555555555536,0.014252149944466906
2012-03-21,25200.0,25200.0,24840.0,24840.0,12913550,Samsung,24937.14285714286,23571.333333333332,-0.019731649565903675,0.015121878132099684
2012-03-22,24700.0,25260.0,24700.0,25160.0,12675450,Samsung,25042.85714285714,23682.0,0.012882447665056418,0.015406787002208319
2012-03-23,24860.0,25480.0,24860.0,25220.0,10818600,Samsung,25074.285714285714,23800.0,0.0023847376788552754,0.012829306563401846
2012-03-26,25360.0,25500.0,25220.0,25500.0,9237800,Samsung,25145.714285714286,23942.0,0.011102299762093537,0.013315530453635897
2012-03-27,25700.0,26220.0,25520.0,26220.0,14186350,Samsung,25354.285714285714,24094.0,0.028235294117647136,0.014968044608997477
2012-03-28,26000.0,26160.0,25900.0,26040.0,9914550,Samsung,25474.285714285714,24242.0,-0.006864988558352381,0.015267262958273698
2012-03-29,25980.0,25980.0,25600.0,25600.0,11670000,Samsung,25511.428571428572,24338.666666666668,-0.016897081413210446,0.017303555642747347
2012-03-30,25400.0,25600.0,25140.0,25500.0,15281700,Samsung,25605.714285714286,24432.0,-0.00390625,0.014924154249496453
2012-04-02,25500.0,25980.0,25220.0,25980.0,12582950,Samsung,25722.85714285714,24514.0,0.018823529411764683,0.01567367425035069
2012-04-03,26400.0,26780.0,26040.0,26700.0,16507900,Samsung,25934.285714285714,24620.666666666668,0.02771362586605086,0.017826773341779414
2012-04-04,26620.0,27020.0,26300.0,26400.0,14599350,Samsung,26062.85714285714,24714.0,-0.011235955056179803,0.01919182828020954
2012-04-05,26040.0,26700.0,25940.0,26600.0,12921350,Samsung,26117.14285714286,24802.666666666668,0.007575757575757569,0.01643605836007867
2012-04-06,26540.0,26680.0,26260.0,26640.0,10289650,Samsung,26202.85714285714,24917.333333333332,0.0015037593984963404,0.01596677407305267
2012-04-09,26400.0,26600.0,26120.0,26340.0,8572600,Samsung,26308.571428571428,25008.666666666668,-0.011261261261261257,0.014879680099552203
2012-04-10,26280.0,26400.0,26140.0,26220.0,11176100,Samsung,26411.428571428572,25102.0,-0.004555808656036442,0.014940366089724067
2012-04-12,25660.0,25980.0,25360.0,25460.0,25240650,Samsung,26337.14285714286,25160.666666666668,-0.02898550724637683,0.01774243511684813
2012-04-13,25300.0,25540.0,25200.0,25360.0,35409200,Samsung,26145.714285714286,25202.0,-0.00392772977219169,0.01168428571718881
2012-04-16,25460.0,25520.0,25000.0,25180.0,15222400,Samsung,25971.428571428572,25253.333333333332,-0.007097791798107211,0.011554118038225083
2012-04-17,25020.0,25280.0,24820.0,24980.0,14552300,Samsung,25740.0,25303.333333333332,-0.007942811755361379,0.009703958341400967
2012-04-18,25540.0,26040.0,25380.0,25860.0,17253750,Samsung,25628.571428571428,25378.666666666668,0.03522818254603677,0.019327294771256432
2012-04-19,25840.0,26140.0,25780.0,26140.0,13156400,Samsung,25600.0,25468.666666666668,0.010827532869296164,0.019757356598556812
2012-04-20,25880.0,25940.0,25560.0,25640.0,9900550,Samsung,25517.14285714286,25536.666666666668,-0.01912777352716144,0.02093653164606086
2012-04-23,25380.0,25600.0,25240.0,25580.0,8388400,Samsung,25534.285714285714,25569.333333333332,-0.002340093603744098,0.017578352034667472
2012-04-24,25300.0,25720.0,25240.0,25660.0,13238350,Samsung,25577.14285714286,25618.0,0.0031274433150898506,0.01746380164094852
2012-04-25,26080.0,26300.0,25860.0,26100.0,13821600,Samsung,25708.571428571428,25674.0,0.017147310989867437,0.017803478517746985
2012-04-26,26400.0,26800.0,26340.0,26800.0,16479500,Samsung,25968.571428571428,25734.0,0.026819923371647514,0.0183424489670509
2012-04-27,27100.0,27660.0,27020.0,27480.0,15905350,Samsung,26200.0,25816.666666666668,0.025373134328358304,0.016377869401564663
2012-04-30,27900.0,28180.0,27540.0,27800.0,15757100,Samsung,26437.14285714286,25918.0,0.011644832605531397,0.016397363990332866
2012-05-02,28200.0,28360.0,27980.0,28200.0,18420750,Samsung,26802.85714285714,26018.0,0.014388489208633004,0.0107550760178493
2012-05-03,28040.0,28200.0,27960.0,28020.0,10327050,Samsung,27151.428571428572,26107.333333333332,-0.006382978723404209,0.011818332750955595
2012-05-04,27500.0,27960.0,26980.0,27200.0,20484300,Samsung,27371.428571428572,26186.0,-0.029264810849393252,0.019947177005925344
2012-05-07,26840.0,27060.0,26500.0,26840.0,18908450,Samsung,27477.14285714286,26242.0,-0.013235294117647012,0.021035982747749333
2012-05-08,26960.0,27040.0,26780.0,26820.0,12048600,Samsung,27480.0,26295.333333333332,-0.0007451564828614421,0.018524195043431193
2012-05-09,26700.0,26960.0,26480.0,26620.0,12661700,Samsung,27357.14285714286,26332.666666666668,-0.007457121551081247,0.014907449054418377
2012-05-10,26580.0,26720.0,26440.0,26540.0,13145000,Samsung,27177.14285714286,26343.333333333332,-0.003005259203606281,0.013204703438012184
2012-05-11,26300.0,26460.0,26060.0,26060.0,13626400,Samsung,26871.428571428572,26344.0,-0.018085908063300682,0.009929407263208227
2012-05-14,26100.0,26540.0,26080.0,26280.0,15092100,Samsung,26622.85714285714,26366.666666666668,0.008442056792018482,0.012395036159996714
2012-05-15,26080.0,26400.0,26000.0,26220.0,15558100,Samsung,26482.85714285714,26390.666666666668,-0.0022831050228310223,0.008708076263076524
2012-05-16,25960.0,26000.0,24560.0,24600.0,38488900,Samsung,26162.85714285714,26344.666666666668,-0.06178489702517165,0.023295077583387752
2012-05-17,24600.0,24860.0,24020.0,24460.0,33041100,Samsung,25825.714285714286,26270.0,-0.005691056910569148,0.02296483301480443
2012-05-18,24080.0,24100.0,23300.0,23320.0,30023750,Samsung,25354.285714285714,26167.333333333332,-0.046606704824202816,0.02600232406276174
2012-05-21,23880.0,24320.0,23800.0,24180.0,23702750,Samsung,25017.14285714286,26086.666666666668,0.036878216123499064,0.03329318040255669
2012-05-22,25100.0,25100.0,24540.0,24800.0,23830550,Samsung,24837.14285714286,26025.333333333332,0.02564102564102555,0.036104900691730016
2012-05-23,24800.0,24800.0,23900.0,24420.0,16157100,Samsung,24571.428571428572,25961.333333333332,-0.015322580645161343,0.03558071797529026
2012-05-24,24260.0,24500.0,23960.0,24500.0,15251250,Samsung,24325.714285714286,25904.0,0.003276003276003303,0.035839671232878303
2012-05-25,24660.0,24920.0,24460.0,24500.0,10164250,Samsung,24311.428571428572,25872.0,0.0,0.02728575911981835
2012-05-29,24240.0,24760.0,24120.0,24760.0,10815350,Samsung,24354.285714285714,25852.0,0.010612244897959089,0.027440353148338602
2012-05-30,24760.0,24800.0,24300.0,24520.0,12653250,Samsung,24525.714285714286,25830.0,-0.009693053311793265,0.018673735806639995
2012-05-31,24260.0,24260.0,23840.0,24220.0,22106900,Samsung,24531.428571428572,25804.666666666668,-0.012234910277324595,0.014482760576945463
2012-06-01,24260.0,24740.0,23980.0,24660.0,13554450,Samsung,24511.428571428572,25764.666666666668,0.018166804293971994,0.012436226283335244
2012-06-04,23960.0,24100.0,23840.0,23920.0,18068750,Samsung,24440.0,25690.666666666668,-0.030008110300081103,0.01602630499862446
2012-06-05,24020.0,24180.0,23860.0,24060.0,12848900,Samsung,24377.14285714286,25638.0,0.005852842809364489,0.01621864614933309
2012-06-07,24780.0,25300.0,24660.0,25300.0,20928350,Samsung,24491.428571428572,25628.666666666668,0.05153782211138824,0.02617177261054538
2012-06-08,25500.0,25500.0,24900.0,24940.0,9956350,Samsung,24517.14285714286,25604.666666666668,-0.014229249011857736,0.02693956323952348
2012-06-11,25440.0,25500.0,25320.0,25360.0,9906200,Samsung,24637.14285714286,25580.0,0.016840417000801855,0.026994777208578638
2012-06-12,24920.0,25200.0,24900.0,25100.0,8805200,Samsung,24762.85714285714,25523.333333333332,-0.010252365930599416,0.026791835536801055
2012-06-13,25320.0,25480.0,25120.0,25420.0,9572600,Samsung,24871.428571428572,25454.666666666668,0.012749003984063645,0.026437995008424517
2012-06-14,25380.0,25420.0,25120.0,25220.0,21995050,Samsung,25057.14285714286,25368.666666666668,-0.007867820613689958,0.02265563388523322
2012-06-15,25000.0,25200.0,24280.0,24340.0,30404200,Samsung,25097.14285714286,25240.0,-0.03489294210943694,0.02787395751347256
2012-06-18,24800.0,25140.0,24680.0,24860.0,17608150,Samsung,25034.285714285714,25134.666666666668,0.021364009860312283,0.020214087307426784
2012-06-19,24900.0,24940.0,24440.0,24880.0,14839400,Samsung,25025.714285714286,25057.333333333332,0.0008045052292839916,0.01952567044571731
2012-06-20,24980.0,25300.0,24900.0,25040.0,13237700,Samsung,24980.0,24997.333333333332,0.006430868167202508,0.01837595486825315
2012-06-21,24680.0,24840.0,24520.0,24540.0,12753750,Samsung,24900.0,24921.333333333332,-0.019968051118210872,0.019467071150832325
2012-06-22,23780.0,24040.0,23600.0,23640.0,31294350,Samsung,24645.714285714286,24822.0,-0.03667481662591687,0.02162341368161218
2012-06-25,23420.0,23560.0,22560.0,22640.0,41318100,Samsung,24277.14285714286,24692.0,-0.04230118443316411,0.02472165268341059
2012-06-26,22660.0,22980.0,22580.0,22780.0,25283500,Samsung,24054.285714285714,24582.666666666668,0.006183745583038913,0.024089171877491836
2012-06-27,22800.0,23540.0,22600.0,23340.0,23542000,Samsung,23837.14285714286,24484.666666666668,0.024582967515364373,0.024789645974800507
2012-06-28,23340.0,23600.0,23060.0,23360.0,10398350,Samsung,23620.0,24389.333333333332,0.0008568980291345785,0.02479300372308585
2012-06-29,23340.0,24020.0,23060.0,24020.0,18604450,Samsung,23474.285714285714,24370.0,0.028253424657534332,0.028156330297380825
2012-07-02,24160.0,24180.0,23420.0,23480.0,19106750,Samsung,23322.85714285714,24337.333333333332,-0.022481265611990042,0.028385451144278442
2012-07-03,23640.0,23860.0,23400.0,23500.0,15801550,Samsung,23302.85714285714,24343.333333333332,0.0008517887563883608,0.02494903779397212
2012-07-04,23640.0,23940.0,23560.0,23820.0,19158750,Samsung,23471.428571428572,24331.333333333332,0.013617021276595809,0.017072546254186104
2012-07-05,23740.0,23880.0,23540.0,23700.0,9068550,Samsung,23602.85714285714,24294.666666666668,-0.005037783375314908,0.0177213068042996
2012-07-06,23880.0,23880.0,23060.0,23220.0,21158900,Samsung,23585.714285714286,24254.666666666668,-0.020253164556962022,0.017905328011703258
2012-07-09,22700.0,22760.0,22520.0,22520.0,21282300,Samsung,23465.714285714286,24188.666666666668,-0.030146425495262696,0.02104447462249499
2012-07-10,22700.0,22840.0,22420.0,22540.0,17720700,Samsung,23254.285714285714,24123.333333333332,0.000888099467140302,0.01569279649452219
2012-07-11,22580.0,22660.0,22160.0,22360.0,18001300,Samsung,23094.285714285714,24043.333333333332,-0.007985803016858917,0.01452030303167532
2012-07-12,22420.0,22520.0,21820.0,21820.0,24858600,Samsung,22854.285714285714,23953.333333333332,-0.02415026833631484,0.015356247264727998
2012-07-13,21920.0,22880.0,21820.0,22780.0,27070750,Samsung,22705.714285714286,23905.333333333332,0.04399633363886335,0.024723523047342107
2012-07-16,22900.0,23100.0,22660.0,23040.0,15261950,Samsung,22611.428571428572,23851.333333333332,0.011413520632133523,0.025607275573257152
2012-07-17,22960.0,23560.0,22720.0,23360.0,15885300,Samsung,22631.428571428572,23832.666666666668,0.01388888888888884,0.025187714388726964
2012-07-18,23580.0,23700.0,22760.0,23080.0,14618050,Samsung,22711.428571428572,23800.0,-0.011986301369863006,0.02218582419608635
2012-07-19,23600.0,24040.0,23440.0,23900.0,24847100,Samsung,22905.714285714286,23753.333333333332,0.035528596187174966,0.025117610974142866
2012-07-20,24040.0,24060.0,23820.0,23820.0,11992100,Samsung,23114.285714285714,23716.0,-0.0033472803347280866,0.024661954520725813
2012-07-23,23300.0,23400.0,23100.0,23240.0,12844350,Samsung,23317.14285714286,23645.333333333332,-0.02434928631402178,0.024707064473596274
2012-07-24,23300.0,23500.0,23180.0,23400.0,14598050,Samsung,23405.714285714286,23588.666666666668,0.0068846815834766595,0.01944372399790108
2012-07-25,23060.0,23440.0,22780.0,23160.0,13609850,Samsung,23422.85714285714,23513.333333333332,-0.01025641025641022,0.01978953789059067
2012-07-26,23380.0,23480.0,23200.0,23440.0,13654750,Samsung,23434.285714285714,23454.0,0.012089810017271052,0.019603679143209225
2012-07-27,23900.0,24660.0,23820.0,24660.0,26686200,Samsung,23660.0,23464.666666666668,0.05204778156996581,0.026463378306718684
2012-07-30,25200.0,25560.0,25020.0,25500.0,19113350,Samsung,23888.571428571428,23486.0,0.03406326034063256,0.026230706759118025
2012-07-31,25600.0,26680.0,25500.0,26180.0,33735650,Samsung,24225.714285714286,23529.333333333332,0.026666666666666616,0.026216490543298127
2012-08-01,25840.0,26300.0,25660.0,26000.0,19039100,Samsung,24620.0,23561.333333333332,-0.006875477463712754,0.022544718560475158
2012-08-02,26000.0,26080.0,25220.0,25260.0,15951250,Samsung,24885.714285714286,23585.333333333332,-0.028461538461538427,0.028258651724688916
2012-08-03,24800.0,25340.0,24760.0,24860.0,15582650,Samsung,25128.571428571428,23626.0,-0.015835312747426777,0.029036717988969004
2012-08-06,25700.0,26100.0,25640.0,25960.0,12289150,Samsung,25488.571428571428,23736.666666666668,0.04424778761061954,0.031742832714031055
2012-08-07,26060.0,26080.0,25680.0,25880.0,10258400,Samsung,25662.85714285714,23840.0,-0.0030816640986132127,0.027626412798056214
2012-08-08,26120.0,26560.0,26020.0,26400.0,19459150,Samsung,25791.428571428572,23942.0,0.020092735703245657,0.025811205321222823
2012-08-09,26420.0,26960.0,26360.0,26800.0,30612650,Samsung,25880.0,24056.666666666668,0.015151515151515138,0.024555190074127525
2012-08-10,26700.0,26960.0,26600.0,26960.0,14733250,Samsung,26017.14285714286,24154.666666666668,0.005970149253731405,0.02411746817568963
2012-08-13,26840.0,26940.0,26460.0,26500.0,9891050,Samsung,26194.285714285714,24255.333333333332,-0.017062314540059353,0.021711664796852007
2012-08-14,26520.0,27000.0,26520.0,26900.0,14396850,Samsung,26485.714285714286,24368.666666666668,0.015094339622641506,0.01928520346878252
2012-08-16,27080.0,27100.0,26760.0,26900.0,14824150,Samsung,26620.0,24471.333333333332,0.0,0.01297784021943287
2012-08-17,26880.0,26900.0,25720.0,25900.0,27642800,Samsung,26622.85714285714,24544.666666666668,-0.03717472118959109,0.020693145187029673
2012-08-20,25400.0,25660.0,25100.0,25660.0,19944800,Samsung,26517.14285714286,24626.0,-0.009266409266409315,0.01891043333602712
2012-08-21,25840.0,26040.0,25640.0,25640.0,15315200,Samsung,26351.428571428572,24730.0,-0.000779423226812126,0.017108504068694533
2012-08-22,25380.0,25620.0,25140.0,25280.0,16031200,Samsung,26111.428571428572,24821.333333333332,-0.01404056162246492,0.01639817902532936
2012-08-23,25220.0,25740.0,24980.0,25740.0,13857750,Samsung,26002.85714285714,24934.0,0.018196202531645556,0.018764981897850492
2012-08-24,25400.0,25740.0,25280.0,25500.0,14077200,Samsung,25802.85714285714,25056.666666666668,-0.009324009324009341,0.016790495574506372
2012-08-27,23780.0,24060.0,23460.0,23600.0,63803450,Samsung,25331.428571428572,25084.0,-0.07450980392156858,0.02981848252544219
2012-08-28,23720.0,24180.0,23600.0,23900.0,27767400,Samsung,25045.714285714286,25112.666666666668,0.012711864406779627,0.030462231848495693
2012-08-29,24180.0,24700.0,24140.0,24600.0,23415550,Samsung,24894.285714285714,25154.0,0.029288702928870203,0.03409701045001567
2012-08-30,24560.0,24580.0,24040.0,24300.0,16211400,Samsung,24702.85714285714,25194.666666666668,-0.012195121951219523,0.03410694166418615
2012-08-31,24220.0,24680.0,24140.0,24660.0,20301300,Samsung,24614.285714285714,25220.0,0.014814814814814836,0.03486704514805241
2012-09-03,24400.0,24700.0,24020.0,24360.0,13903800,Samsung,24417.14285714286,25238.0,-0.012165450121654486,0.03365796338083464
2012-09-04,24380.0,24560.0,24200.0,24360.0,9916550,Samsung,24254.285714285714,25275.333333333332,0.0,0.03375072357810414
2012-09-05,24100.0,24240.0,23780.0,23780.0,17381950,Samsung,24280.0,25288.0,-0.023809523809523836,0.01867187578489493
2012-09-06,24000.0,24060.0,23860.0,23920.0,12373750,Samsung,24282.85714285714,25313.333333333332,0.005887300252312766,0.01814343860299582
2012-09-07,24600.0,25020.0,24400.0,25000.0,25512400,Samsung,24340.0,25365.333333333332,0.045150501672240884,0.02277298136026141
2012-09-10,25200.0,25280.0,25000.0,25000.0,15883700,Samsung,24440.0,25376.666666666668,0.0,0.021909182446391735
2012-09-11,24800.0,25300.0,24640.0,25120.0,9890800,Samsung,24505.714285714286,25364.0,0.0047999999999999154,0.02142738901922376
2012-09-12,25360.0,25900.0,25180.0,25880.0,18473250,Samsung,24722.85714285714,25354.0,0.030254777070063632,0.02245122358135034
2012-09-13,25980.0,26100.0,25620.0,26020.0,19489950,Samsung,24960.0,25354.666666666668,0.005409582689335446,0.02218544317226466
2012-09-14,26600.0,26780.0,26540.0,26720.0,24872500,Samsung,25380.0,25403.333333333332,0.02690238278247503,0.01713581172570981
2012-09-17,26720.0,26720.0,26240.0,26300.0,14896000,Samsung,25720.0,25451.333333333332,-0.01571856287425155,0.020970078269331404
2012-09-18,26280.0,26720.0,26160.0,26300.0,11232300,Samsung,25905.714285714286,25462.666666666668,0.0,0.016111022038677383
2012-09-19,26120.0,26460.0,25960.0,26280.0,12114550,Samsung,26088.571428571428,25476.0,-0.0007604562737643095,0.01617151628376173
2012-09-20,25860.0,26100.0,25680.0,25740.0,14199800,Samsung,26177.14285714286,25454.0,-0.020547945205479423,0.019343560465301602
2012-09-21,26000.0,26140.0,25900.0,26040.0,14913400,Samsung,26200.0,25428.666666666668,0.011655011655011593,0.01608223712700921
2012-09-24,26000.0,26560.0,25840.0,26540.0,13195450,Samsung,26274.285714285714,25414.666666666668,0.01920122887864828,0.017496352052020343
2012-09-25,26200.0,26680.0,26200.0,26540.0,11348000,Samsung,26248.571428571428,25416.0,0.0,0.013958010612313191
2012-09-26,26260.0,26500.0,26120.0,26500.0,12054550,Samsung,26277.14285714286,25402.666666666668,-0.0015071590052750938,0.012385194688187082
2012-09-27,26540.0,26840.0,26460.0,26760.0,14541600,Samsung,26342.85714285714,25398.0,0.009811320754717023,0.012782335934066516
2012-09-28,27180.0,27200.0,26780.0,26920.0,17906350,Samsung,26434.285714285714,25432.0,0.005979073243647326,0.012745165686713697
2012-10-02,27080.0,27420.0,27040.0,27380.0,13376250,Samsung,26668.571428571428,25489.333333333332,0.017087667161961306,0.007933303411012707
2012-10-04,27020.0,27460.0,26780.0,27340.0,19127200,Samsung,26854.285714285714,25546.0,-0.0014609203798392478,0.008684603156664795
2012-10-05,27740.0,27800.0,27040.0,27400.0,17828800,Samsung,26977.14285714286,25616.666666666668,0.002194586686174116,0.0069038443073300764
2012-10-08,27500.0,27580.0,27200.0,27460.0,12037600,Samsung,27108.571428571428,25674.0,0.0021897810218978186,0.006708231754293559
2012-10-09,27260.0,27620.0,27260.0,27440.0,8788650,Samsung,27242.85714285714,25738.666666666668,-0.0007283321194464509,0.006589679808387818
2012-10-10,27060.0,27200.0,26500.0,26500.0,12976700,Samsung,27205.714285714286,25835.333333333332,-0.034256559766763894,0.01582175646559781
2012-10-11,26200.0,26400.0,25740.0,26080.0,23779850,Samsung,27085.714285714286,25908.0,-0.01584905660377356,0.016295438755053883
2012-10-12,26100.0,26240.0,25760.0,25920.0,14977250,Samsung,26877.14285714286,25952.0,-0.006134969325153339,0.01327494613919113
2012-10-15,25920.0,26240.0,25740.0,26000.0,10334000,Samsung,26685.714285714286,26008.666666666668,0.0030864197530864335,0.013735603763401692
2012-10-16,26520.0,26620.0,26300.0,26600.0,10671300,Samsung,26571.428571428572,26073.333333333332,0.023076923076922995,0.017761183245330246
2012-10-17,26840.0,26920.0,26320.0,26720.0,8984550,Samsung,26465.714285714286,26152.0,0.004511278195488799,0.017918913605882502
2012-10-18,26720.0,26820.0,26560.0,26740.0,10498450,Samsung,26365.714285714286,26231.333333333332,0.0007485029940119681,0.017969130729456904
2012-10-19,26460.0,26500.0,25980.0,26040.0,13969950,Samsung,26300.0,26306.666666666668,-0.02617801047120416,0.015795957377515452
2012-10-22,25540.0,26340.0,25520.0,26300.0,11741150,Samsung,26331.428571428572,26386.0,0.009984639016897168,0.015131561442431574
2012-10-23,26380.0,26440.0,26040.0,26260.0,9253550,Samsung,26380.0,26428.0,-0.001520912547528508,0.014851650896581714
2012-10-24,25940.0,26180.0,25780.0,26000.0,13454500,Samsung,26380.0,26461.333333333332,-0.00990099009900991,0.015484970902959336
2012-10-25,25920.0,26440.0,25820.0,26440.0,11881100,Samsung,26357.14285714286,26505.333333333332,0.01692307692307682,0.01407367857053946
2012-10-26,26120.0,26240.0,25740.0,25740.0,13793850,Samsung,26217.14285714286,26500.666666666668,-0.02647503782148264,0.01675175404940321
2012-10-29,25960.0,25980.0,25580.0,25980.0,11448050,Samsung,26108.571428571428,26499.333333333332,0.00932400932400923,0.01755386957312601
2012-10-30,25980.0,26080.0,25840.0,25960.0,6643850,Samsung,26097.14285714286,26474.0,-0.0007698229407235857,0.014571871733825415
2012-10-31,26120.0,26240.0,25980.0,26200.0,10604850,Samsung,26082.85714285714,26470.666666666668,0.009244992295839749,0.01448689520720648
2012-11-01,25900.0,26040.0,25800.0,25940.0,10455600,Samsung,26037.14285714286,26458.666666666668,-0.00992366412213741,0.014931389680452468
2012-11-02,26380.0,26660.0,26260.0,26540.0,18521400,Samsung,26114.285714285714,26467.333333333332,0.02313030069390898,0.016970833742085856
2012-11-05,26560.0,26980.0,26400.0,26820.0,13062050,Samsung,26168.571428571428,26503.333333333332,0.010550113036925435,0.01625951837643819
2012-11-06,26980.0,26980.0,26640.0,26980.0,8981800,Samsung,26345.714285714286,26534.666666666668,0.005965697240865042,0.010253202943042123
2012-11-07,26860.0,27240.0,26700.0,27240.0,9676400,Samsung,26525.714285714286,26558.0,0.00963676797627877,0.010266764197699707
2012-11-08,26960.0,27140.0,26820.0,27000.0,15326600,Samsung,26674.285714285714,26573.333333333332,-0.008810572687224627,0.011619872850213063
2012-11-09,26700.0,27020.0,26520.0,26820.0,14550300,Samsung,26762.85714285714,26584.0,-0.00666666666666671,0.012341284966897816
2012-11-12,26620.0,26940.0,26620.0,26900.0,6959250,Samsung,26900.0,26588.666666666668,0.00298284862043241,0.010896472819386455
2012-11-13,26940.0,26980.0,26520.0,26980.0,7325850,Samsung,26962.85714285714,26590.666666666668,0.0029739776951673846,0.007528345029797198
2012-11-14,27140.0,27140.0,26920.0,27100.0,10436000,Samsung,27002.85714285714,26581.333333333332,0.004447739065974732,0.006735630230592106
2012-11-15,26700.0,26760.0,26520.0,26620.0,9959100,Samsung,26951.428571428572,26557.333333333332,-0.0177121771217712,0.009499889913005419
2012-11-16,26440.0,26520.0,26020.0,26140.0,12172550,Samsung,26794.285714285714,26515.333333333332,-0.018031555221637907,0.009664851664181028
2012-11-19,26300.0,26840.0,26260.0,26640.0,10137500,Samsung,26742.85714285714,26488.0,0.01912777352716133,0.013310438365978373
2012-11-20,27060.0,27300.0,26920.0,27280.0,13420300,Samsung,26808.571428571428,26482.666666666668,0.024024024024023927,0.016197123453657886
2012-11-21,27520.0,27940.0,27440.0,27680.0,17780400,Samsung,26920.0,26522.0,0.014662756598240456,0.016838687906137434
2012-11-22,27880.0,28380.0,27820.0,28340.0,14930950,Samsung,27114.285714285714,26597.333333333332,0.02384393063583823,0.018361442462606035
2012-11-23,28440.0,28840.0,28340.0,28740.0,12322050,Samsung,27348.571428571428,26691.333333333332,0.014114326040931546,0.018483519632259783
2012-11-26,28840.0,28860.0,27980.0,28080.0,13749850,Samsung,27557.14285714286,26760.666666666668,-0.022964509394572064,0.019789025077263517
2012-11-27,28100.0,28560.0,28080.0,28320.0,11836200,Samsung,27868.571428571428,26818.0,0.008547008547008517,0.016230950468556736
2012-11-28,28000.0,28760.0,27920.0,28260.0,14055800,Samsung,28100.0,26869.333333333332,-0.0021186440677966045,0.01657634838077881
2012-11-29,28040.0,28440.0,28040.0,28280.0,13073300,Samsung,28242.85714285714,26920.666666666668,0.0007077140835103357,0.015246684573324565
2012-11-30,28460.0,28500.0,27980.0,28120.0,16427600,Samsung,28305.714285714286,26990.0,-0.005657708628005631,0.015090863309857077
2012-12-03,28400.0,28720.0,28160.0,28600.0,10220850,Samsung,28342.85714285714,27066.666666666668,0.017069701280227667,0.013629456772521488
2012-12-04,28640.0,28680.0,28400.0,28600.0,9504900,Samsung,28322.85714285714,27144.666666666668,0.0,0.012423147141753143
2012-12-05,28600.0,29100.0,28540.0,29100.0,12436400,Samsung,28468.571428571428,27248.0,0.0174825174825175,0.009323858606129557
2012-12-06,29360.0,29420.0,28680.0,29080.0,14248700,Samsung,28577.14285714286,27336.0,-0.0006872852233676952,0.009415477622477481
2012-12-07,29000.0,29960.0,29000.0,29600.0,15882450,Samsung,28768.571428571428,27464.666666666668,0.017881705639614776,0.010302951348008894
2012-12-10,30120.0,30120.0,29700.0,29820.0,13056100,Samsung,28988.571428571428,27592.666666666668,0.007432432432432412,0.009960523119332279
2012-12-11,29960.0,29960.0,29380.0,29520.0,12657350,Samsung,29188.571428571428,27711.333333333332,-0.010060362173038184,0.011022922105986255
2012-12-12,29460.0,29920.0,29460.0,29800.0,15244450,Samsung,29360.0,27831.333333333332,0.009485094850948617,0.010213103459542499
2012-12-13,30000.0,30660.0,29860.0,30660.0,30680500,Samsung,29654.285714285714,27988.666666666668,0.0288590604026846,0.01289214977501153
2012-12-14,30320.0,30720.0,30160.0,30300.0,13905250,Samsung,29825.714285714286,28114.0,-0.011741682974559686,0.014692588785869943
2012-12-17,30020.0,30480.0,29940.0,30060.0,15511100,Samsung,29965.714285714286,28222.0,-0.007920792079207928,0.015465603442341946
2012-12-18,30000.0,30320.0,29900.0,30300.0,13538450,Samsung,30065.714285714286,28332.666666666668,0.007984031936127733,0.014497529474986505
2012-12-20,30300.0,30580.0,29900.0,30060.0,20128500,Samsung,30100.0,28426.666666666668,-0.007920792079207928,0.014946228908695899
2012-12-21,29860.0,29920.0,28800.0,28840.0,27576200,Samsung,30002.85714285714,28488.0,-0.040585495675316,0.021713821398354042
2012-12-24,28960.0,29520.0,28840.0,29480.0,14488550,Samsung,29957.14285714286,28576.666666666668,0.02219140083217752,0.02340817737443472
2012-12-26,29600.0,30060.0,29400.0,29400.0,14038700,Samsung,29777.14285714286,28660.0,-0.0027137042062415073,0.01931049570443464
2012-12-27,29400.0,30000.0,29400.0,29920.0,9143900,Samsung,29722.85714285714,28758.0,0.017687074829932037,0.020939949208061776
2012-12-28,29760.0,30600.0,29740.0,30440.0,10562750,Samsung,29777.14285714286,28869.333333333332,0.017379679144384985,0.02183378745371857
2013-01-02,30660.0,31520.0,30540.0,31520.0,11449650,Samsung,29951.428571428572,29032.666666666668,0.035479632063074806,0.025288954327995165
2013-01-03,31640.0,31680.0,30860.0,30860.0,14227400,Samsung,30065.714285714286,29190.0,-0.02093908629441621,0.026904487734271558
2013-01-04,30800.0,30840.0,30200.0,30500.0,12999800,Samsung,30302.85714285714,29318.666666666668,-0.01166558651976668,0.020318487001967724
2013-01-07,30300.0,30560.0,30000.0,30400.0,12610950,Samsung,30434.285714285714,29422.666666666668,-0.003278688524590123,0.019666014091508557
2013-01-08,30260.0,30340.0,29960.0,30000.0,13822250,Samsung,30520.0,29500.0,-0.013157894736842146,0.020680240810603438
2013-01-09,30000.0,30260.0,29820.0,30000.0,12659950,Samsung,30531.428571428572,29555.333333333332,0.0,0.019651913681658407
2013-01-10,30300.0,30680.0,30000.0,30600.0,14663600,Samsung,30554.285714285714,29617.333333333332,0.020000000000000018,0.02004700191707712
2013-01-11,30960.0,30960.0,30140.0,30660.0,11913550,Samsung,30431.428571428572,29703.333333333332,0.0019607843137254832,0.013275863730599028
2013-01-14,30780.0,31040.0,30560.0,31040.0,7999950,Samsung,30457.14285714286,29794.0,0.012393998695368502,0.012054299062894729
2013-01-15,31200.0,31200.0,30240.0,30240.0,10727150,Samsung,30420.0,29860.0,-0.02577319587628868,0.01525767060288052
2013-01-16,30280.0,30520.0,29660.0,29840.0,16221000,Samsung,30340.0,29912.0,-0.013227513227513255,0.015940140702365144
2013-01-17,30040.0,30040.0,29000.0,29380.0,20236700,Samsung,30251.428571428572,29954.0,-0.015415549597855183,0.016211236295351088
2013-01-18,29600.0,29740.0,29100.0,29600.0,12516600,Samsung,30194.285714285714,29987.333333333332,0.0074880871341047595,0.01667236700352719
2013-01-21,29280.0,29500.0,28960.0,29080.0,14519650,Samsung,29977.14285714286,30003.333333333332,-0.01756756756756761,0.014375043795635149
2013-01-22,28900.0,29740.0,28900.0,29600.0,11947400,Samsung,29825.714285714286,30020.0,0.017881705639614776,0.01706670308986369
2013-01-23,30000.0,30040.0,29460.0,29460.0,9293550,Samsung,29600.0,30032.666666666668,-0.004729729729729737,0.015313844980931223
2013-01-24,29360.0,29380.0,28820.0,29060.0,15999050,Samsung,29431.428571428572,30014.666666666668,-0.013577732518669339,0.013446414482697447
2013-01-25,29200.0,29220.0,28100.0,28340.0,21795250,Samsung,29217.14285714286,29965.333333333332,-0.024776324845148023,0.015141036212428903
2013-01-28,27920.0,28020.0,27420.0,27440.0,30852150,Samsung,28940.0,29896.0,-0.031757233592095924,0.017661308992874707
2013-01-29,27800.0,28360.0,27600.0,28180.0,21616550,Samsung,28737.14285714286,29842.0,0.02696793002915454,0.021838938477534944
2013-01-30,28520.0,28800.0,28240.0,28800.0,16170100,Samsung,28697.14285714286,29780.0,0.022001419446415982,0.02363288842033588
2013-01-31,28600.0,28960.0,28440.0,28960.0,16052800,Samsung,28605.714285714286,29735.333333333332,0.005555555555555536,0.022406642316015805
2013-02-01,29200.0,29200.0,28440.0,28820.0,11576200,Samsung,28514.285714285714,29694.0,-0.004834254143646355,0.022408097886817004
2013-02-04,29000.0,29060.0,28340.0,28740.0,12861900,Samsung,28468.571428571428,29642.0,-0.002775850104094424,0.0219181895781852
2013-02-05,28300.0,28860.0,28280.0,28700.0,11388100,Samsung,28520.0,29596.666666666668,-0.0013917884481559062,0.019393552496558754
2013-02-06,28800.0,28860.0,28540.0,28540.0,6897150,Samsung,28677.14285714286,29586.666666666668,-0.0055749128919860835,0.013405902473958828
2013-02-07,28780.0,28780.0,28400.0,28400.0,9721100,Samsung,28708.571428571428,29550.666666666668,-0.004905395935529078,0.009947923431216024
2013-02-08,28360.0,29400.0,28300.0,29240.0,13423850,Samsung,28771.428571428572,29545.333333333332,0.029577464788732355,0.012641552027217246
2013-02-12,29680.0,29680.0,29180.0,29360.0,8419750,Samsung,28828.571428571428,29526.666666666668,0.004103967168262557,0.012589819781376261
2013-02-13,29480.0,29780.0,29120.0,29740.0,9209050,Samsung,28960.0,29503.333333333332,0.012942779291553075,0.012766497228057332
2013-02-14,29800.0,29880.0,29540.0,29800.0,7534100,Samsung,29111.428571428572,29446.0,0.0020174848688634395,0.012431083663160803
2013-02-15,29800.0,29960.0,29540.0,29960.0,7599950,Samsung,29291.428571428572,29416.0,0.005369127516778427,0.012086659499313574
2013-02-18,29800.0,30020.0,29620.0,29800.0,7109950,Samsung,29471.428571428572,29392.666666666668,-0.005340453938584733,0.012048796168409507
2013-02-19,29600.0,29980.0,29580.0,29840.0,6132250,Samsung,29677.14285714286,29374.0,0.0013422818791946067,0.011292186334259897
2013-02-20,30040.0,30900.0,29940.0,30900.0,18039350,Samsung,29914.285714285714,29404.0,0.03552278820375343,0.013304877904615233
2013-02-21,30800.0,31160.0,30700.0,31000.0,13123650,Samsung,30148.571428571428,29437.333333333332,0.003236245954692629,0.013351123269793659
2013-02-22,30600.0,30960.0,30400.0,30600.0,13852650,Samsung,30271.428571428572,29437.333333333332,-0.012903225806451646,0.015165090371571507
2013-02-25,30980.0,30980.0,30600.0,30600.0,8897550,Samsung,30385.714285714286,29435.333333333332,0.0,0.015232012239206106
2013-02-26,30300.0,30760.0,30160.0,30540.0,9244750,Samsung,30468.571428571428,29418.666666666668,-0.0019607843137254832,0.015364715476748923
2013-02-27,31180.0,31180.0,30380.0,30540.0,8938200,Samsung,30574.285714285714,29428.666666666668,0.0,0.015019390801027505
2013-02-28,30600.0,31080.0,30600.0,30880.0,12784200,Samsung,30722.85714285714,29463.333333333332,0.011132940406024971,0.015227947371585532
2013-03-04,31260.0,31260.0,30600.0,30780.0,13276850,Samsung,30705.714285714286,29510.0,-0.0032383419689119286,0.007225527520208524
2013-03-05,31120.0,31280.0,30960.0,31000.0,9294600,Samsung,30705.714285714286,29556.666666666668,0.007147498375568606,0.007701183182494456
2013-03-06,31440.0,31500.0,30940.0,31200.0,10148650,Samsung,30791.428571428572,29627.333333333332,0.006451612903225712,0.005423389362009967
2013-03-07,30960.0,31000.0,30240.0,30400.0,13482700,Samsung,30762.85714285714,29654.0,-0.02564102564102566,0.012132025749395732
2013-03-08,30300.0,30340.0,29780.0,29980.0,18941000,Samsung,30682.85714285714,29671.333333333332,-0.013815789473684226,0.013098227186005357
2013-03-11,29860.0,30240.0,29700.0,30160.0,13748250,Samsung,30628.571428571428,29708.0,0.006004002668445585,0.013485140571007512
2013-03-12,30080.0,30240.0,29800.0,29880.0,8746550,Samsung,30485.714285714286,29759.333333333332,-0.009283819628647216,0.012409876004963879
2013-03-13,30120.0,30580.0,30020.0,30540.0,11303550,Samsung,30451.428571428572,29862.666666666668,0.02208835341365467,0.01604204012452352
2013-03-14,30560.0,30680.0,29980.0,30400.0,12557800,Samsung,30365.714285714286,29936.666666666668,-0.004584151931892655,0.015656310013485823
2013-03-15,30580.0,30580.0,29600.0,29600.0,36618350,Samsung,30137.14285714286,29963.333333333332,-0.02631578947368418,0.01728392055051021
2013-03-18,29200.0,29200.0,28680.0,28900.0,26439550,Samsung,29922.85714285714,29961.333333333332,-0.023648648648648685,0.016945877656576517
2013-03-19,29000.0,29840.0,28960.0,29500.0,13977100,Samsung,29854.285714285714,29984.0,0.02076124567474058,0.01950172532013592
2013-03-20,29200.0,29700.0,29120.0,29200.0,13515750,Samsung,29717.14285714286,29999.333333333332,-0.01016949152542368,0.01933342684367044
2013-03-21,29220.0,29480.0,29120.0,29140.0,11768550,Samsung,29611.428571428572,30014.0,-0.002054794520547909,0.01922497841201246
2013-03-22,29160.0,29360.0,29040.0,29100.0,10687100,Samsung,29405.714285714286,30032.666666666668,-0.0013726835964310569,0.015772311242704257
2013-03-25,29600.0,29900.0,29400.0,29900.0,10272050,Samsung,29334.285714285714,30082.666666666668,0.027491408934707806,0.020472060395679573
2013-03-26,29900.0,30440.0,29820.0,30180.0,16830000,Samsung,29417.14285714286,30114.0,0.00936454849498336,0.017720041917251912
2013-03-27,30300.0,30320.0,29740.0,30080.0,12881400,Samsung,29585.714285714286,30138.0,-0.0033134526176276102,0.013894155461537584
2013-03-28,30060.0,30200.0,29940.0,30200.0,7989600,Samsung,29685.714285714286,30153.333333333332,0.003989361702127603,0.012234183047986612
2013-03-29,30480.0,30640.0,30340.0,30540.0,9533700,Samsung,29877.14285714286,30178.0,0.011258278145695355,0.01087239790280476
2013-04-01,30700.0,30700.0,30240.0,30240.0,5295500,Samsung,30034.285714285714,30187.333333333332,-0.00982318271119842,0.012203756677700486
2013-04-02,30200.0,30640.0,30200.0,30500.0,8574850,Samsung,30234.285714285714,30210.666666666668,0.008597883597883493,0.01186262745301943
2013-04-03,30520.0,30560.0,30180.0,30420.0,10882700,Samsung,30308.571428571428,30230.0,-0.0026229508196721207,0.007907097898992889
2013-04-04,30340.0,30380.0,29980.0,30120.0,10700450,Samsung,30300.0,30204.0,-0.009861932938856066,0.008443422693818241
2013-04-05,30100.0,30320.0,29860.0,30100.0,14977350,Samsung,30302.85714285714,30174.0,-0.0006640106241699861,0.008342180670201996
2013-04-08,30100.0,30620.0,29940.0,30400.0,12959500,Samsung,30331.428571428572,30167.333333333332,0.009966777408637828,0.009077238938670578
2013-04-09,30540.0,30600.0,30200.0,30560.0,9244000,Samsung,30334.285714285714,30166.0,0.0052631578947368585,0.008184638994748495
2013-04-10,30800.0,30800.0,30260.0,30420.0,11779700,Samsung,30360.0,30162.0,-0.0045811518324607725,0.007316815185021295
2013-04-11,30420.0,30800.0,30360.0,30800.0,11291500,Samsung,30402.85714285714,30170.666666666668,0.012491781722550943,0.008107461805266886
2013-04-12,30800.0,31000.0,30260.0,30340.0,10744050,Samsung,30391.428571428572,30152.666666666668,-0.014935064935064912,0.010198485455423364
2013-04-15,30060.0,30700.0,30060.0,30460.0,10767300,Samsung,30440.0,30142.0,0.0039551746868820015,0.009348151586784021
2013-04-16,30100.0,30640.0,30020.0,30560.0,18551850,Samsung,30505.714285714286,30127.333333333332,0.0032829940906107247,0.009304785964645963
2013-04-17,31320.0,31320.0,30280.0,30360.0,10491100,Samsung,30500.0,30099.333333333332,-0.00654450261780104,0.009100162107244248
2013-04-18,30400.0,30440.0,29620.0,29660.0,13358400,Samsung,30371.428571428572,30074.666666666668,-0.023056653491436152,0.01209390065630806
2013-04-19,29300.0,29840.0,29100.0,29500.0,15704000,Samsung,30240.0,30058.666666666668,-0.0053944706675657095,0.012102096970456085
2013-04-22,29800.0,30060.0,29300.0,30060.0,9335850,Samsung,30134.285714285714,30055.333333333332,0.01898305084745755,0.013742078679901978
2013-04-23,30000.0,30060.0,29480.0,29660.0,8864850,Samsung,30037.14285714286,30048.0,-0.01330671989354626,0.013526103347033087
2013-04-24,29700.0,29880.0,29480.0,29720.0,10086550,Samsung,29931.428571428572,30020.666666666668,0.0020229265003370855,0.013375711435474093
2013-04-25,29400.0,29880.0,29400.0,29880.0,10463900,Samsung,29834.285714285714,30003.333333333332,0.0053835800807537915,0.013573531330441401
2013-04-26,29900.0,29940.0,29440.0,29720.0,11651600,Samsung,29742.85714285714,30007.333333333332,-0.0053547523427041055,0.013531038051895112
2013-04-29,29820.0,29840.0,29500.0,29620.0,8500150,Samsung,29737.14285714286,30031.333333333332,-0.003364737550471064,0.010323463867319868
2013-04-30,29800.0,30600.0,29760.0,30400.0,18705000,Samsung,29865.714285714286,30061.333333333332,0.026333558406482105,0.013960283056671356
2013-05-02,30520.0,30640.0,30340.0,30560.0,10048950,Samsung,29937.14285714286,30106.666666666668,0.0052631578947368585,0.012450714719459677
2013-05-03,30700.0,30740.0,30420.0,30700.0,6559050,Samsung,30085.714285714286,30158.666666666668,0.0045811518324607725,0.010340556261630244
2013-05-06,30800.0,30800.0,30240.0,30280.0,8654300,Samsung,30165.714285714286,30198.0,-0.013680781758957705,0.01255544728237624
2013-05-07,30160.0,30160.0,29820.0,29860.0,11434500,Samsung,30162.85714285714,30196.666666666668,-0.01387054161162482,0.013914581038979842
2013-05-08,29860.0,29960.0,29580.0,29760.0,14921950,Samsung,30168.571428571428,30182.666666666668,-0.0033489618218351946,0.013806484518868045
2013-05-09,29800.0,30400.0,29780.0,30300.0,10806150,Samsung,30265.714285714286,30190.0,0.01814516129032251,0.015186546824298701
2013-05-10,30280.0,30280.0,29520.0,29520.0,11794850,Samsung,30140.0,30167.333333333332,-0.025742574257425765,0.014799200173692547
2013-05-13,29420.0,29600.0,29240.0,29540.0,8750100,Samsung,29994.285714285714,30134.0,0.0006775067750677266,0.01441244162583058
2013-05-14,29740.0,30000.0,29660.0,30000.0,9002650,Samsung,29894.285714285714,30126.0,0.015572105619499066,0.016098326570292133
2013-05-15,29700.0,30000.0,29680.0,30000.0,10594800,Samsung,29854.285714285714,30109.333333333332,0.0,0.01542724018370356
2013-05-16,30020.0,30280.0,30000.0,30160.0,14657550,Samsung,29897.14285714286,30100.666666666668,0.005333333333333412,0.014482023965939932
2013-05-20,30040.0,30240.0,29920.0,29940.0,12288850,Samsung,29922.85714285714,30094.666666666668,-0.007294429708222805,0.014776861465182745
2013-05-21,30200.0,30200.0,29700.0,29840.0,11600400,Samsung,29857.14285714286,30086.0,-0.0033400133600534065,0.012696273021324417
2013-05-22,30080.0,30200.0,29820.0,30180.0,9923100,Samsung,29951.428571428572,30078.666666666668,0.011394101876675666,0.008106280952151063
2013-05-23,29840.0,30040.0,29680.0,29680.0,11994150,Samsung,29971.428571428572,30049.333333333332,-0.01656726308813783,0.01107464458365441
2013-05-24,29740.0,29880.0,29440.0,29720.0,10190600,Samsung,29931.428571428572,30026.0,0.0013477088948787852,0.00900949276601462
2013-05-27,29800.0,29980.0,29740.0,29780.0,6146400,Samsung,29900.0,29992.0,0.0020188425302827273,0.009090137054415954
2013-05-28,29620.0,29920.0,29620.0,29680.0,11588050,Samsung,29831.428571428572,29970.0,-0.00335795836131636,0.008661925238040255
2013-05-29,29680.0,30460.0,29660.0,30240.0,14760550,Samsung,29874.285714285714,29962.666666666668,0.018867924528301883,0.011352527331720985
2013-05-30,30360.0,30980.0,30240.0,30880.0,22778000,Samsung,30022.85714285714,29973.333333333332,0.021164021164021163,0.013239497550307034
2013-05-31,30920.0,31180.0,30740.0,30760.0,18025050,Samsung,30105.714285714286,29986.666666666668,-0.0038860103626943143,0.013265549809649621
2013-06-03,30720.0,31180.0,30560.0,30640.0,10309450,Samsung,30242.85714285714,30019.333333333332,-0.0039011703511053764,0.010822747668316575
2013-06-04,30660.0,30840.0,30420.0,30800.0,8496600,Samsung,30397.14285714286,30062.666666666668,0.005221932114882533,0.010726892313064909
2013-06-05,30980.0,31060.0,30420.0,30420.0,13590650,Samsung,30488.571428571428,30074.666666666668,-0.012337662337662314,0.012631214975028188
2013-06-07,29500.0,29700.0,28480.0,28540.0,54290800,Samsung,30325.714285714286,30037.333333333332,-0.06180144641683105,0.02781191638558582
2013-06-10,28400.0,28860.0,28280.0,28500.0,26677700,Samsung,30077.14285714286,29996.666666666668,-0.0014015416958654825,0.02587118346797317
2013-06-11,28220.0,28380.0,27560.0,27780.0,34613000,Samsung,29634.285714285714,29926.666666666668,-0.025263157894736876,0.022887278977578775
2013-06-12,27560.0,28060.0,27240.0,27700.0,22887650,Samsung,29197.14285714286,29859.333333333332,-0.0028797696184305055,0.022970020008833383
2013-06-13,27600.0,27940.0,27140.0,27140.0,33509850,Samsung,28697.14285714286,29776.666666666668,-0.0202166064981949,0.022524155977139804
2013-06-14,27300.0,27540.0,27140.0,27380.0,17558350,Samsung,28208.571428571428,29676.0,0.008843036109064117,0.023151197894347934
2013-06-17,27400.0,27560.0,27300.0,27320.0,11758450,Samsung,27765.714285714286,29568.0,-0.0021913805697589828,0.023760221661525
2013-06-18,27360.0,27740.0,27200.0,27740.0,11043050,Samsung,27651.428571428572,29469.333333333332,0.015373352855051259,0.01452950241023234
2013-06-19,27640.0,27700.0,27280.0,27380.0,10270250,Samsung,27491.428571428572,29372.666666666668,-0.012977649603460706,0.014844830984530755
2013-06-20,26860.0,26960.0,26520.0,26580.0,17817950,Samsung,27320.0,29263.333333333332,-0.029218407596785956,0.015764103831151507
2013-06-21,25880.0,26660.0,25800.0,26500.0,27677800,Samsung,27148.571428571428,29154.666666666668,-0.0030097817908201208,0.015759641969134448
2013-06-24,27000.0,27000.0,26260.0,26260.0,15847900,Samsung,27022.85714285714,29020.0,-0.00905660377358486,0.014629265236156166
2013-06-25,26020.0,26360.0,25760.0,25940.0,20774950,Samsung,26817.14285714286,28900.666666666668,-0.012185833968012205,0.013524815530014922
2013-06-26,26020.0,26100.0,24900.0,25220.0,31751200,Samsung,26517.14285714286,28756.666666666668,-0.02775636083269084,0.015169587636509746
2013-06-27,25900.0,26880.0,25720.0,26780.0,25756150,Samsung,26380.0,28649.333333333332,0.061855670103092786,0.03084573433311902
2013-06-28,27000.0,27000.0,26580.0,26840.0,20961250,Samsung,26302.85714285714,28544.0,0.0022404779686333587,0.03069453348325236
2013-07-01,26680.0,26920.0,26440.0,26520.0,12825950,Samsung,26294.285714285714,28422.666666666668,-0.011922503725782407,0.02881919742905736
2013-07-02,26800.0,27040.0,26600.0,26700.0,10214450,Samsung,26322.85714285714,28314.666666666668,0.006787330316742057,0.028885151753936054
2013-07-03,26680.0,26780.0,25900.0,26020.0,12822050,Samsung,26288.571428571428,28187.333333333332,-0.025468164794007486,0.030498505609942963
2013-07-04,26040.0,26340.0,25920.0,26340.0,9042650,Samsung,26345.714285714286,28059.333333333332,0.012298232129131392,0.030395128077572112
2013-07-05,25720.0,26300.0,25200.0,25340.0,30382800,Samsung,26362.85714285714,27914.666666666668,-0.03796507213363709,0.03227958293390998
2013-07-08,25000.0,25160.0,24180.0,24520.0,26480150,Samsung,26040.0,27741.333333333332,-0.03235990528808208,0.020064278023821193
2013-07-09,24600.0,25000.0,24580.0,24740.0,19694950,Samsung,25740.0,27573.333333333332,0.00897226753670477,0.021018319567328376
2013-07-10,24900.0,25040.0,24740.0,24960.0,17305650,Samsung,25517.14285714286,27416.0,0.008892481810832686,0.022358406178359172
2013-07-11,25020.0,26240.0,25020.0,26240.0,20788350,Samsung,25451.428571428572,27282.666666666668,0.05128205128205132,0.03175006812527987
2013-07-12,26400.0,26480.0,26020.0,26240.0,11391300,Samsung,25482.85714285714,27128.0,0.0,0.030031977948428466
2013-07-15,26300.0,26380.0,25700.0,26260.0,9629600,Samsung,25471.428571428572,26978.0,0.0007621951219511924,0.0296605602185345
2013-07-16,26360.0,26420.0,25800.0,25960.0,9300950,Samsung,25560.0,26822.0,-0.011424219345011477,0.02539744911851442
2013-07-17,26020.0,26600.0,25720.0,26400.0,12302300,Samsung,25828.571428571428,26675.333333333332,0.016949152542372836,0.01997872742408105
2013-07-18,26500.0,26500.0,25840.0,25840.0,15704200,Samsung,25985.714285714286,26522.666666666668,-0.021212121212121238,0.023397804810404398
2013-07-19,25760.0,25900.0,25280.0,25460.0,16271300,Samsung,26057.14285714286,26420.0,-0.014705882352941124,0.024655850268505343
2013-07-22,25600.0,25780.0,25300.0,25460.0,10351150,Samsung,25945.714285714286,26318.666666666668,0.0,0.012643559600412118
2013-07-23,25460.0,26140.0,25440.0,26140.0,11948900,Samsung,25931.428571428572,26264.0,0.02670856245090336,0.017304680887950907
2013-07-24,26140.0,26340.0,25900.0,26300.0,8772650,Samsung,25937.14285714286,26217.333333333332,0.006120887528691554,0.017483173823927986
2013-07-25,26340.0,26440.0,26160.0,26300.0,8495650,Samsung,25985.714285714286,26189.333333333332,0.0,0.016717546841632288
2013-07-26,26280.0,26380.0,25980.0,26060.0,13619550,Samsung,25937.14285714286,26145.333333333332,-0.009125475285171047,0.015700276790107895
2013-07-29,25820.0,26000.0,25580.0,25660.0,11821850,Samsung,25911.428571428572,26090.0,-0.01534919416730618,0.0146069917763952
2013-07-30,25540.0,25900.0,25540.0,25800.0,9425350,Samsung,25960.0,26025.333333333332,0.005455962587685104,0.013367897313567025
2013-07-31,25600.0,25800.0,25580.0,25600.0,12735500,Samsung,25980.0,25966.0,-0.007751937984496138,0.013870235178422457
2013-08-01,25700.0,25760.0,25480.0,25600.0,9058900,Samsung,25902.85714285714,25933.333333333332,0.0,0.00801333604040386
2013-08-02,25860.0,26000.0,25640.0,25720.0,11241350,Samsung,25820.0,25907.333333333332,0.004687499999999956,0.007757129170414683
2013-08-05,25660.0,25660.0,25480.0,25480.0,8079850,Samsung,25702.85714285714,25881.333333333332,-0.009331259720062213,0.0079246083759682
2013-08-06,24900.0,25440.0,24900.0,25080.0,14493700,Samsung,25562.85714285714,25852.666666666668,-0.015698587127158548,0.008895676228919076
2013-08-07,24740.0,24800.0,24440.0,24440.0,15778100,Samsung,25388.571428571428,25826.666666666668,-0.02551834130781494,0.01129337285988572
2013-08-08,24260.0,24700.0,24260.0,24340.0,17910800,Samsung,25180.0,25745.333333333332,-0.004091653027823217,0.01006501537696149
2013-08-09,24580.0,24820.0,24400.0,24600.0,12080200,Samsung,25037.14285714286,25670.666666666668,0.010682004930156141,0.012364025950048957
2013-08-12,24600.0,24960.0,24500.0,24640.0,10140600,Samsung,24900.0,25608.0,0.001626016260162677,0.01250150064037467
2013-08-13,24880.0,25800.0,24840.0,25800.0,20929450,Samsung,24911.428571428572,25578.0,0.04707792207792205,0.023563062167675085
2013-08-14,25780.0,26000.0,25700.0,26000.0,13005100,Samsung,24985.714285714286,25577.333333333332,0.007751937984496138,0.023236004412126685
2013-08-16,25720.0,26020.0,25640.0,25900.0,11416600,Samsung,25102.85714285714,25562.666666666668,-0.0038461538461538325,0.022037192512879184
2013-08-19,25720.0,25920.0,25600.0,25720.0,6499850,Samsung,25285.714285714286,25575.333333333332,-0.006949806949806958,0.018632381613428988
2013-08-20,25920.0,26100.0,25380.0,25380.0,14230950,Samsung,25434.285714285714,25604.0,-0.013219284603421477,0.019855154556037632
2013-08-21,25300.0,25640.0,25120.0,25120.0,12346050,Samsung,25508.571428571428,25616.666666666668,-0.010244286840031536,0.020621478712201886
2013-08-22,25000.0,25340.0,24900.0,25100.0,11984850,Samsung,25574.285714285714,25621.333333333332,-0.0007961783439490722,0.020671982787986
2013-08-23,25600.0,26000.0,25420.0,25900.0,17203400,Samsung,25588.571428571428,25610.0,0.031872509960159334,0.01536440170893467
2013-08-26,26020.0,26100.0,25920.0,26000.0,11519650,Samsung,25588.571428571428,25602.0,0.0038610038610038533,0.015133407444198698
2013-08-27,26140.0,26180.0,25900.0,26080.0,9130800,Samsung,25614.285714285714,25596.0,0.003076923076922977,0.015058812329164352
2013-08-28,25680.0,26200.0,25680.0,26180.0,9492550,Samsung,25680.0,25603.333333333332,0.0038343558282207812,0.014645680054874207
2013-08-29,26340.0,26960.0,26280.0,26880.0,16315000,Samsung,25894.285714285714,25619.333333333332,0.02673796791443861,0.015216064602443652
2013-08-30,27200.0,27360.0,27020.0,27360.0,17135800,Samsung,26214.285714285714,25670.0,0.017857142857142794,0.01305029913102944
2013-09-02,27360.0,27420.0,27000.0,27020.0,10081600,Samsung,26488.571428571428,25722.0,-0.012426900584795342,0.015511226987888052
2013-09-03,27280.0,27280.0,26520.0,26740.0,11798500,Samsung,26608.571428571428,25764.666666666668,-0.010362694300518172,0.014042024567438506
2013-09-04,26600.0,27080.0,26420.0,26800.0,10920050,Samsung,26722.85714285714,25786.666666666668,0.002243829468960401,0.014070519430245064
2013-09-05,27400.0,27420.0,27160.0,27300.0,15100100,Samsung,26897.14285714286,25820.0,0.018656716417910557,0.015022149347493022
2013-09-06,27400.0,27500.0,27160.0,27380.0,11937950,Samsung,27068.571428571428,25856.0,0.00293040293040292,0.015054225146246696
2013-09-09,27420.0,27500.0,27260.0,27460.0,9291550,Samsung,27151.428571428572,25902.666666666668,0.0029218407596784957,0.012130573864823736
2013-09-10,27380.0,27920.0,27360.0,27920.0,14717650,Samsung,27231.428571428572,25978.0,0.016751638747268816,0.011911915093729136
2013-09-11,27960.0,28040.0,27700.0,28040.0,13353000,Samsung,27377.14285714286,26052.666666666668,0.004297994269341077,0.009801872557150359
2013-09-12,28100.0,28480.0,27900.0,28200.0,21805400,Samsung,27585.714285714286,26139.333333333332,0.005706134094151105,0.006986400026912388
2013-09-13,28180.0,28200.0,27920.0,28120.0,12281500,Samsung,27774.285714285714,26223.333333333332,-0.0028368794326241176,0.007851314693254834
2013-09-16,28460.0,28500.0,28220.0,28500.0,11710700,Samsung,27945.714285714286,26316.0,0.013513513513513598,0.0067303537723752945
2013-09-17,28400.0,28400.0,27620.0,27720.0,17181350,Samsung,27994.285714285714,26390.666666666668,-0.027368421052631597,0.014467149326793891
2013-09-23,27300.0,27620.0,27060.0,27200.0,24362900,Samsung,27957.14285714286,26461.333333333332,-0.018759018759018753,0.016393310535007206
2013-09-24,26840.0,27580.0,26760.0,27460.0,15138900,Samsung,27891.428571428572,26562.0,0.00955882352941173,0.015263996087388232
2013-09-25,27340.0,27480.0,27020.0,27280.0,11176450,Samsung,27782.85714285714,26660.0,-0.006554989075018169,0.015035180673333875
2013-09-26,27280.0,27440.0,27120.0,27440.0,10374700,Samsung,27674.285714285714,26754.666666666668,0.0058651026392961825,0.015052078248061273
2013-09-27,27500.0,27540.0,27260.0,27320.0,11613250,Samsung,27560.0,26844.0,-0.004373177842565634,0.015046938085497123
2013-09-30,27320.0,27640.0,27200.0,27340.0,11650900,Samsung,27394.285714285714,26895.333333333332,0.0007320644216690653,0.013231036146203188
2013-10-01,27600.0,27660.0,27200.0,27640.0,9773150,Samsung,27382.85714285714,26950.0,0.01097293343087058,0.010486261775302989
2013-10-02,27960.0,28500.0,27800.0,28360.0,17586350,Samsung,27548.571428571428,27032.0,0.026049204052098318,0.011048053078330861
2013-10-04,28760.0,28840.0,28280.0,28360.0,15753700,Samsung,27677.14285714286,27120.0,0.0,0.011130448386554076
2013-10-07,28740.0,28740.0,28500.0,28720.0,10228250,Samsung,27882.85714285714,27231.333333333332,0.012693935119887145,0.010236915249525264
2013-10-08,28340.0,28660.0,28340.0,28600.0,10546000,Samsung,28048.571428571428,27347.333333333332,-0.004178272980501441,0.011153916332214384
2013-10-10,28420.0,28640.0,28420.0,28600.0,13819000,Samsung,28231.428571428572,27464.0,0.0,0.010584999365505623
2013-10-11,28800.0,28940.0,28720.0,28860.0,11254150,Samsung,28448.571428571428,27562.666666666668,0.009090909090909038,0.010278431366900348
2013-10-14,28960.0,28980.0,28760.0,28760.0,7373700,Samsung,28608.571428571428,27654.666666666668,-0.0034650034650034467,0.010962428150637889
2013-10-15,29000.0,29140.0,28900.0,29140.0,10023650,Samsung,28720.0,27756.666666666668,0.013212795549374157,0.007537996431619319
2013-10-16,29380.0,29380.0,28900.0,29000.0,8010600,Samsung,28811.428571428572,27850.666666666668,-0.0048043925875085325,0.00814720769874105
2013-10-17,29200.0,29360.0,29080.0,29260.0,9099350,Samsung,28888.571428571428,27930.0,0.008965517241379395,0.007522657237328631
2013-10-18,29440.0,29500.0,29260.0,29440.0,7852150,Samsung,29008.571428571428,27999.333333333332,0.0061517429938482415,0.006941823460812822
2013-10-21,29500.0,29780.0,29080.0,29280.0,7126050,Samsung,29105.714285714286,28074.666666666668,-0.005434782608695676,0.007742923643251521
2013-10-22,29200.0,29200.0,28680.0,29100.0,12353250,Samsung,29140.0,28153.333333333332,-0.006147540983606592,0.008009900991981851
2013-10-23,29280.0,29280.0,28720.0,28840.0,8598450,Samsung,29151.428571428572,28221.333333333332,-0.008934707903780037,0.008772586083711448
2013-10-24,28620.0,28980.0,28580.0,28980.0,8915650,Samsung,29128.571428571428,28277.333333333332,0.004854368932038833,0.007164042614724041
2013-10-25,29000.0,29040.0,28660.0,28980.0,6735300,Samsung,29125.714285714286,28330.666666666668,0.0,0.006939079809992216
2013-10-28,29300.0,29700.0,29160.0,29640.0,11307700,Samsung,29180.0,28403.333333333332,0.022774327122153215,0.010817468919515901
2013-10-29,29800.0,29800.0,29560.0,29800.0,10334900,Samsung,29231.428571428572,28466.0,0.005398110661268607,0.010771693197615811
2013-10-30,29700.0,30000.0,29680.0,30000.0,10588400,Samsung,29334.285714285714,28531.333333333332,0.006711409395973256,0.010385835772650658
2013-10-31,29960.0,30040.0,29300.0,29300.0,12647050,Samsung,29362.85714285714,28568.0,-0.023333333333333317,0.014333637638890994
2013-11-01,29800.0,30000.0,29360.0,30000.0,11357700,Samsung,29528.571428571428,28630.666666666668,0.023890784982935065,0.015809641376626923
2013-11-04,29840.0,30040.0,29780.0,29980.0,10887800,Samsung,29671.428571428572,28680.0,-0.0006666666666667043,0.015998736977316127
2013-11-05,30040.0,30040.0,29440.0,29700.0,8009300,Samsung,29774.285714285714,28746.0,-0.009339559706470935,0.016848927000086396
2013-11-06,29960.0,29960.0,28980.0,29020.0,12218400,Samsung,29685.714285714286,28806.666666666668,-0.022895622895622858,0.017043009996105824
2013-11-07,29020.0,29080.0,28500.0,28740.0,13006800,Samsung,29534.285714285714,28849.333333333332,-0.009648518263266737,0.016770042508037732
2013-11-08,28220.0,28560.0,28140.0,28200.0,13681350,Samsung,29277.14285714286,28880.0,-0.018789144050104345,0.01656020042220915
2013-11-11,28500.0,28680.0,28180.0,28560.0,8563850,Samsung,29171.428571428572,28917.333333333332,0.012765957446808418,0.016855821581050985
2013-11-12,28800.0,29320.0,28720.0,29120.0,9784900,Samsung,29045.714285714286,28977.333333333332,0.019607843137254832,0.015735233672361473
2013-11-13,28900.0,28980.0,28380.0,28380.0,9995200,Samsung,28817.14285714286,29012.0,-0.025412087912087933,0.017505464022084697
2013-11-14,29100.0,29100.0,28480.0,28480.0,10132150,Samsung,28642.85714285714,29040.0,0.0035236081747709314,0.017970334002080094
2013-11-15,28680.0,29240.0,28640.0,29240.0,8339250,Samsung,28674.285714285714,29069.333333333332,0.026685393258427004,0.01980306411604426
2013-11-18,29400.0,29520.0,29300.0,29480.0,6386800,Samsung,28780.0,29106.666666666668,0.008207934336525335,0.01930949374919919
2013-11-19,29660.0,29780.0,29540.0,29780.0,8183550,Samsung,29005.714285714286,29142.0,0.010176390773405597,0.016571851764920133
2013-11-20,29460.0,29740.0,29280.0,29400.0,8178150,Samsung,29125.714285714286,29168.666666666668,-0.012760241773002057,0.018072547738086513
2013-11-21,29440.0,29440.0,28640.0,28800.0,9019800,Samsung,29080.0,29175.333333333332,-0.020408163265306145,0.018736315818866818
2013-11-22,28820.0,29120.0,28620.0,29000.0,8574600,Samsung,29168.571428571428,29180.0,0.00694444444444442,0.015553741637968006
2013-11-25,29020.0,29440.0,29020.0,29300.0,6615300,Samsung,29285.714285714286,29198.0,0.010344827586206806,0.015789605288737015
2013-11-26,29160.0,29580.0,29100.0,29580.0,8586250,Samsung,29334.285714285714,29212.666666666668,0.009556313993174026,0.012754261181657404
2013-11-27,29340.0,29520.0,29200.0,29400.0,9351700,Samsung,29322.85714285714,29226.0,-0.006085192697768749,0.012686987122288586
2013-11-28,29600.0,29880.0,29580.0,29880.0,10644900,Samsung,29337.14285714286,29246.666666666668,0.01632653061224487,0.013706886542023997
2013-11-29,29980.0,29980.0,29700.0,29880.0,6752200,Samsung,29405.714285714286,29261.333333333332,0.0,0.012429146205241067
2013-12-02,30000.0,30060.0,29340.0,29340.0,7487800,Samsung,29482.85714285714,29263.333333333332,-0.01807228915662651,0.011726791304551025
2013-12-03,29280.0,29560.0,29140.0,29220.0,7798600,Samsung,29514.285714285714,29267.333333333332,-0.004089979550102263,0.011805095329320198
2013-12-04,29000.0,29060.0,28620.0,28640.0,10844000,Samsung,29420.0,29260.666666666668,-0.019849418206707714,0.013302559377182823
2013-12-05,28660.0,28920.0,28440.0,28800.0,10479650,Samsung,29308.571428571428,29254.666666666668,0.005586592178770999,0.012742245042691492
2013-12-06,29080.0,29080.0,28560.0,28560.0,9147450,Samsung,29188.571428571428,29240.666666666668,-0.008333333333333304,0.012839153672215758
2013-12-09,28800.0,29080.0,28800.0,29080.0,6996900,Samsung,29074.285714285714,29222.0,0.0182072829131652,0.013346569688966222
2013-12-10,28820.0,29020.0,28620.0,28800.0,7755600,Samsung,28920.0,29188.666666666668,-0.009628610729023435,0.013386612296510093
2013-12-11,28520.0,28880.0,28320.0,28400.0,10629150,Samsung,28785.714285714286,29135.333333333332,-0.01388888888888884,0.012794829206874503
2013-12-12,27920.0,28200.0,27920.0,28200.0,14962050,Samsung,28640.0,29098.666666666668,-0.007042253521126751,0.012824956476703732
2013-12-13,28200.0,28220.0,27800.0,27800.0,10053250,Samsung,28520.0,29025.333333333332,-0.014184397163120588,0.011874743487228674
2013-12-16,27820.0,28080.0,27660.0,28000.0,8954400,Samsung,28405.714285714286,28959.333333333332,0.007194244604316502,0.012108440155866247
2013-12-17,28340.0,28340.0,27860.0,27900.0,7762400,Samsung,28311.428571428572,28899.333333333332,-0.0035714285714285587,0.011954159434525746
2013-12-18,28100.0,28200.0,27880.0,28020.0,10899200,Samsung,28160.0,28866.0,0.004301075268817289,0.008423552476213955
2013-12-19,28360.0,28680.0,28360.0,28540.0,10552400,Samsung,28122.85714285714,28859.333333333332,0.01855817273376159,0.01197539731216496
2013-12-20,28260.0,28540.0,28260.0,28540.0,8407400,Samsung,28142.85714285714,28870.666666666668,0.0,0.01060080275636032
2013-12-23,28740.0,28760.0,28580.0,28660.0,10639200,Samsung,28208.571428571428,28874.0,0.0042046250875964475,0.010061391664118974
2013-12-24,28600.0,28640.0,28300.0,28300.0,10980350,Samsung,28280.0,28846.666666666668,-0.012561060711793415,0.00962585356893832
2013-12-26,28160.0,28300.0,28020.0,28160.0,12307800,Samsung,28302.85714285714,28839.333333333332,-0.004946996466431042,0.009750862275465493
2013-12-27,28200.0,28220.0,27900.0,27920.0,10510000,Samsung,28305.714285714286,28820.666666666668,-0.008522727272727293,0.010290135476698829
2013-12-30,27920.0,27940.0,27200.0,27440.0,16908100,Samsung,28222.85714285714,28760.666666666668,-0.017191977077363862,0.011921529394316064
2014-01-02,26960.0,27100.0,26040.0,26180.0,31025000,Samsung,27885.714285714286,28650.666666666668,-0.04591836734693877,0.01656315150132535
2014-01-03,26000.0,26220.0,25740.0,25920.0,26496600,Samsung,27511.428571428572,28522.0,-0.009931245225362817,0.015756270691607913
2014-01-06,26060.0,26400.0,25920.0,26140.0,19735800,Samsung,27151.428571428572,28413.333333333332,0.008487654320987748,0.01662023361531718
2014-01-07,26000.0,26360.0,25900.0,26080.0,19763200,Samsung,26834.285714285714,28322.666666666668,-0.002295332823259333,0.017105151057270344
2014-01-08,26000.0,26080.0,25740.0,25820.0,20474650,Samsung,26500.0,28216.666666666668,-0.009969325153374231,0.01688971386270324
2014-01-09,26140.0,26140.0,25500.0,25500.0,21250950,Samsung,26154.285714285714,28090.0,-0.012393493415956636,0.016812764011968916
2014-01-10,25500.0,25720.0,25440.0,25440.0,18189150,Samsung,25868.571428571428,27952.0,-0.0023529411764705577,0.017091734941905523
2014-01-13,25660.0,25940.0,25460.0,25900.0,16449350,Samsung,25828.571428571428,27835.333333333332,0.018081761006289332,0.011150784145397562
2014-01-14,25940.0,26600.0,25800.0,26260.0,14716650,Samsung,25877.14285714286,27714.666666666668,0.013899613899613916,0.011762276627758184
2014-01-15,26600.0,26620.0,25960.0,25980.0,11747450,Samsung,25854.285714285714,27584.666666666668,-0.010662604722010638,0.012199744271030164
2014-01-16,26000.0,26200.0,25860.0,26020.0,9752450,Samsung,25845.714285714286,27474.0,0.0015396458814471714,0.012208198296327263
2014-01-17,26020.0,26300.0,25840.0,25840.0,12774250,Samsung,25848.571428571428,27361.333333333332,-0.006917755572636408,0.011853252792530515
2014-01-20,26100.0,26380.0,25920.0,26320.0,8682800,Samsung,25965.714285714286,27284.0,0.018575851393188847,0.012157849904198475
2014-01-21,26300.0,26540.0,26220.0,26480.0,7562300,Samsung,26114.285714285714,27206.666666666668,0.006079027355623046,0.011766158458589462
2014-01-22,26280.0,26560.0,26240.0,26560.0,10826500,Samsung,26208.571428571428,27140.0,0.0030211480362538623,0.010449185992275506
2014-01-23,26320.0,26440.0,25980.0,25980.0,10336950,Samsung,26168.571428571428,27036.666666666668,-0.02183734939759041,0.013019614623021127
2014-01-24,26000.0,26360.0,25820.0,26140.0,14001750,Samsung,26191.428571428572,26948.0,0.00615858352578913,0.01258245453079584
2014-01-27,25860.0,26080.0,25700.0,25840.0,13346300,Samsung,26165.714285714286,26862.666666666668,-0.011476664116296886,0.013414327358237915
2014-01-28,25460.0,25860.0,25460.0,25660.0,11701350,Samsung,26140.0,26778.0,-0.00696594427244579,0.0134179338895808
2014-01-29,25600.0,25760.0,25540.0,25600.0,19181850,Samsung,26037.14285714286,26704.666666666668,-0.002338269680436489,0.010325141103547906
2014-02-03,25720.0,25760.0,25420.0,25440.0,16259200,Samsung,25888.571428571428,26619.333333333332,-0.006249999999999978,0.009342271986998425
2014-02-04,25260.0,25260.0,24980.0,24980.0,16033000,Samsung,25662.85714285714,26522.0,-0.018081761006289332,0.009474299745524788
2014-02-05,24900.0,25100.0,24680.0,24740.0,14926650,Samsung,25485.714285714286,26412.666666666668,-0.009607686148919159,0.007583559485406736
2014-02-06,24900.0,25340.0,24800.0,25180.0,15197450,Samsung,25348.571428571428,26300.666666666668,0.017784963621665373,0.011294852396453208
2014-02-07,25500.0,25580.0,25260.0,25500.0,9943600,Samsung,25300.0,26199.333333333332,0.012708498808578161,0.012694480650235481
2014-02-10,25420.0,25620.0,25240.0,25540.0,7799650,Samsung,25282.85714285714,26095.333333333332,0.0015686274509802978,0.012526773973929274
2014-02-11,25620.0,26300.0,25440.0,26220.0,12684000,Samsung,25371.428571428572,26026.0,0.02662490211433055,0.016124440682535043
2014-02-12,26620.0,26620.0,26100.0,26140.0,10027400,Samsung,25471.428571428572,25958.666666666668,-0.0030511060259343914,0.015843778587253683
2014-02-13,26000.0,26400.0,25800.0,25960.0,5838450,Samsung,25611.428571428572,25893.333333333332,-0.00688599846977811,0.013658438181467385
2014-02-14,25920.0,26160.0,25840.0,26020.0,6220750,Samsung,25794.285714285714,25846.0,0.0023112480739599928,0.012102080902891318
2014-02-17,25840.0,26120.0,25600.0,25700.0,9386650,Samsung,25868.571428571428,25830.0,-0.012298232129131392,0.013059471928159462
2014-02-18,25700.0,25980.0,25640.0,25900.0,5910650,Samsung,25925.714285714286,25829.333333333332,0.0077821011673151474,0.012572551304576188
2014-02-19,26000.0,26000.0,25600.0,25800.0,6179750,Samsung,25962.85714285714,25818.0,-0.0038610038610038533,0.012790299776719381
2014-02-20,25800.0,25920.0,25620.0,25720.0,9543300,Samsung,25891.428571428572,25806.0,-0.0031007751937984773,0.006406527790200042
2014-02-21,26660.0,26660.0,26000.0,26600.0,14346200,Samsung,25957.14285714286,25832.0,0.034214618973561484,0.015343871591697235
2014-02-24,26680.0,26900.0,26420.0,26560.0,7425050,Samsung,26042.85714285714,25867.333333333332,-0.0015037593984962294,0.014918574493201392
2014-02-25,26640.0,26800.0,26520.0,26680.0,8785300,Samsung,26137.14285714286,25908.666666666668,0.004518072289156683,0.014915950402329039
2014-02-26,26740.0,26860.0,26500.0,26840.0,12918050,Samsung,26300.0,25940.0,0.0059970014992503096,0.013147930588661667
2014-02-27,26700.0,26840.0,26600.0,26820.0,7891350,Samsung,26431.428571428572,25958.666666666668,-0.0007451564828614421,0.01337988169945963
2014-02-28,26740.0,26980.0,26640.0,26980.0,14232350,Samsung,26600.0,25992.0,0.005965697240865042,0.01278860540522167
2014-03-03,26720.0,26800.0,26420.0,26500.0,12104150,Samsung,26711.428571428572,26008.0,-0.01779095626389915,0.015533243035835058
2014-03-04,26400.0,26580.0,26300.0,26300.0,7900150,Samsung,26668.571428571428,26023.333333333332,-0.007547169811320753,0.008666407110522623
2014-03-05,26700.0,26820.0,26600.0,26600.0,7491500,Samsung,26674.285714285714,26032.666666666668,0.011406844106463865,0.009963689973703636
2014-03-06,26580.0,26580.0,26200.0,26520.0,8616750,Samsung,26651.428571428572,26034.0,-0.003007518796992459,0.009832529967175225
2014-03-07,26780.0,26780.0,26580.0,26780.0,7548650,Samsung,26642.85714285714,26041.333333333332,0.009803921568627416,0.010363214681634174
2014-03-10,26400.0,26600.0,26340.0,26400.0,8657600,Samsung,26582.85714285714,26055.333333333332,-0.014189693801344272,0.011633240417468951
2014-03-11,26400.0,26540.0,26180.0,26440.0,9079800,Samsung,26505.714285714286,26065.333333333332,0.0015151515151514694,0.01122749679357593
2014-03-12,26400.0,26400.0,25860.0,25880.0,12579250,Samsung,26417.14285714286,26066.666666666668,-0.021180030257186067,0.012024927109961203
2014-03-13,25880.0,26260.0,25800.0,25800.0,11750200,Samsung,26345.714285714286,26071.333333333332,-0.0030911901081916993,0.011880567073729786
2014-03-14,25400.0,25700.0,25400.0,25500.0,10836800,Samsung,26188.571428571428,26068.0,-0.011627906976744207,0.010430949229235844
2014-03-17,25500.0,25520.0,25160.0,25320.0,8820000,Samsung,26017.14285714286,26064.0,-0.007058823529411784,0.010351388532134322
2014-03-18,25400.0,25660.0,25320.0,25560.0,11045600,Samsung,25842.85714285714,26083.333333333332,0.009478672985782088,0.010266141381561343
2014-03-19,25600.0,25700.0,25360.0,25380.0,7638550,Samsung,25697.14285714286,26104.666666666668,-0.007042253521126751,0.00972592581949635
2014-03-20,25400.0,25440.0,25240.0,25240.0,5939400,Samsung,25525.714285714286,26106.666666666668,-0.005516154452324673,0.009221981596435546
2014-03-21,25380.0,25460.0,25240.0,25460.0,8321300,Samsung,25465.714285714286,26105.333333333332,0.008716323296354966,0.008197673672883267
2014-03-24,25200.0,25480.0,25180.0,25460.0,7073900,Samsung,25417.14285714286,26102.666666666668,0.0,0.008231510386791895
2014-03-25,25380.0,25400.0,24820.0,24940.0,13625000,Samsung,25337.14285714286,26060.0,-0.0204241948153967,0.010365283579659025
2014-03-26,25380.0,25800.0,24960.0,25700.0,17444700,Samsung,25391.428571428572,26045.333333333332,0.030473135525260542,0.016106171571810834
2014-03-27,25800.0,26660.0,25700.0,26660.0,20877850,Samsung,25548.571428571428,26068.666666666668,0.03735408560311293,0.020920498893216885
2014-03-28,26400.0,26760.0,26400.0,26700.0,10648700,Samsung,25737.14285714286,26091.333333333332,0.0015003750937734317,0.02025633566038257
2014-03-31,26900.0,26900.0,26440.0,26860.0,13259850,Samsung,25968.571428571428,26130.0,0.005992509363295984,0.019481398217803064
2014-04-01,26900.0,26900.0,26620.0,26780.0,11081000,Samsung,26157.14285714286,26159.333333333332,-0.0029784065524943726,0.020012740102424927
2014-04-02,27000.0,27140.0,26860.0,27140.0,13100050,Samsung,26397.14285714286,26204.0,0.01344286781179993,0.019826529885427574
2014-04-03,27020.0,27900.0,27020.0,27800.0,19098800,Samsung,26805.714285714286,26273.333333333332,0.02431834929992638,0.015336542733328769
2014-04-04,27540.0,27940.0,27540.0,27600.0,18400350,Samsung,27077.14285714286,26306.666666666668,-0.007194244604316502,0.015898908497305346
2014-04-07,27940.0,27940.0,27480.0,27940.0,10761750,Samsung,27260.0,26352.666666666668,0.01231884057971011,0.010814082952799774
2014-04-08,27740.0,27980.0,27500.0,27880.0,10608200,Samsung,27428.571428571428,26392.666666666668,-0.0021474588403722628,0.011191724887792753
2014-04-09,27880.0,27900.0,27280.0,27420.0,16061600,Samsung,27508.571428571428,26412.0,-0.016499282639885204,0.014122906405855886
2014-04-10,27380.0,27600.0,27200.0,27600.0,9999200,Samsung,27625.714285714286,26438.0,0.006564551422319376,0.013904334781403137
2014-04-11,27240.0,27360.0,27180.0,27300.0,10659350,Samsung,27648.571428571428,26448.666666666668,-0.010869565217391353,0.01430007242333918
2014-04-14,27300.0,27720.0,27300.0,27400.0,10586000,Samsung,27591.428571428572,26478.666666666668,0.00366300366300365,0.010217197943124775
2014-04-15,27720.0,27740.0,27380.0,27400.0,10969800,Samsung,27562.85714285714,26515.333333333332,0.0,0.00996920398156625
2014-04-16,27400.0,27840.0,27260.0,27600.0,9308550,Samsung,27514.285714285714,26548.666666666668,0.007299270072992803,0.008983691231372723
2014-04-17,27520.0,27600.0,27320.0,27400.0,7241650,Samsung,27445.714285714286,26578.0,-0.007246376811594235,0.009228197979211934
2014-04-18,27400.0,27580.0,27400.0,27560.0,9518350,Samsung,27465.714285714286,26604.0,0.005839416058394109,0.007195004410808911
2014-04-21,27580.0,27720.0,27500.0,27600.0,3299250,Samsung,27465.714285714286,26644.0,0.0014513788098693414,0.006752246026998155
2014-04-22,27480.0,27680.0,27420.0,27500.0,6084300,Samsung,27494.285714285714,26679.333333333332,-0.0036231884057971175,0.005176093659632101
2014-04-23,27880.0,27900.0,27640.0,27780.0,9500750,Samsung,27548.571428571428,26742.666666666668,0.010181818181818292,0.00620726565972743
2014-04-24,28180.0,28180.0,27980.0,28140.0,10546200,Samsung,27654.285714285714,26820.666666666668,0.012958963282937441,0.007344507656996046
2014-04-25,28400.0,28560.0,27960.0,27980.0,15269800,Samsung,27708.571428571428,26903.333333333332,-0.005685856432125047,0.007940078251781986
2014-04-28,28080.0,28120.0,27640.0,27760.0,9431450,Samsung,27760.0,26984.666666666668,-0.00786275911365264,0.008061963196075068
2014-04-29,27780.0,27900.0,27020.0,27200.0,10909200,Samsung,27708.571428571428,27039.333333333332,-0.02017291066282423,0.011289404280662526
2014-04-30,27600.0,27620.0,26520.0,26860.0,15047300,Samsung,27602.85714285714,27088.666666666668,-0.012499999999999956,0.011833627781609178
2014-05-02,27080.0,27180.0,26880.0,26920.0,14943350,Samsung,27520.0,27144.666666666668,0.0022338049143708627,0.012054441217226645
2014-05-07,27000.0,27120.0,26800.0,26880.0,14189700,Samsung,27391.428571428572,27192.0,-0.0014858841010401136,0.010657171950852433
2014-05-08,27100.0,27100.0,26880.0,27000.0,16281900,Samsung,27228.571428571428,27243.333333333332,0.0044642857142858094,0.008604493097558579
2014-05-09,27120.0,27160.0,26520.0,26700.0,13157050,Samsung,27045.714285714286,27302.0,-0.011111111111111072,0.008827791685207748
2014-05-12,26720.0,27900.0,26640.0,27760.0,15944800,Samsung,27045.714285714286,27370.666666666668,0.03970037453183517,0.019535090163431745
2014-05-13,27760.0,28500.0,27760.0,28000.0,12107400,Samsung,27160.0,27415.333333333332,0.008645533141210304,0.017462253499597628
2014-05-14,28180.0,28300.0,28020.0,28300.0,11103750,Samsung,27365.714285714286,27468.666666666668,0.010714285714285676,0.015877203095175457
2014-05-15,28280.0,28380.0,28060.0,28200.0,6806700,Samsung,27548.571428571428,27513.333333333332,-0.0035335689045936647,0.016344510731811618
2014-05-16,28000.0,28740.0,27980.0,28560.0,15856500,Samsung,27788.571428571428,27572.666666666668,0.012765957446808418,0.016029232157532138
2014-05-19,28560.0,29000.0,28160.0,28960.0,19281050,Samsung,28068.571428571428,27633.333333333332,0.014005602240896309,0.016004101533520276
2014-05-20,28900.0,29080.0,28700.0,29020.0,16007300,Samsung,28400.0,27674.0,0.002071823204419898,0.013691032886344124
2014-05-21,28700.0,29000.0,28700.0,28820.0,10842500,Samsung,28551.428571428572,27714.666666666668,-0.006891798759476209,0.008256941501649963
2014-05-22,28820.0,28960.0,28520.0,28520.0,9540000,Samsung,28625.714285714286,27734.0,-0.010409437890353868,0.009970593320517905
2014-05-23,28100.0,28560.0,28100.0,28560.0,8511650,Samsung,28662.85714285714,27756.666666666668,0.0014025245441795509,0.00931909147445976
2014-05-26,28400.0,28640.0,28300.0,28440.0,3735600,Samsung,28697.14285714286,27790.666666666668,-0.004201680672268893,0.009380596246614772
2014-05-27,28340.0,28460.0,28060.0,28140.0,4748400,Samsung,28637.14285714286,27808.666666666668,-0.010548523206751037,0.008726039104899993
2014-05-28,28380.0,28700.0,28180.0,28660.0,9200950,Samsung,28594.285714285714,27854.0,0.018479033404406486,0.010148445645384339
2014-05-29,29000.0,29300.0,28800.0,29200.0,12521500,Samsung,28620.0,27914.0,0.018841591067690233,0.012759749480435734
2014-05-30,29400.0,29640.0,28860.0,28860.0,15831050,Samsung,28625.714285714286,27962.666666666668,-0.011643835616438336,0.013359027057502203
2014-06-02,28860.0,29160.0,28780.0,29100.0,7439450,Samsung,28708.571428571428,28012.666666666668,0.008316008316008316,0.012722807410758945
2014-06-03,29680.0,29900.0,29300.0,29400.0,17234250,Samsung,28828.571428571428,28079.333333333332,0.010309278350515427,0.012985009288401978
2014-06-05,29320.0,29600.0,29000.0,29140.0,13507050,Samsung,28928.571428571428,28132.0,-0.008843537414966018,0.013591245511510993
2014-06-09,29400.0,29460.0,28040.0,28180.0,22269600,Samsung,28934.285714285714,28151.333333333332,-0.03294440631434459,0.01901812921666447
2014-06-10,28420.0,28760.0,28100.0,28720.0,9214100,Samsung,28942.85714285714,28192.0,0.019162526614620257,0.019128100957285794
2014-06-11,28240.0,28600.0,28240.0,28440.0,8625750,Samsung,28834.285714285714,28214.0,-0.00974930362116988,0.01753421727720964
2014-06-12,28600.0,28600.0,28020.0,28260.0,12943150,Samsung,28748.571428571428,28218.0,-0.006329113924050667,0.017241885637572372
2014-06-13,28040.0,28080.0,27260.0,27340.0,18589050,Samsung,28497.14285714286,28196.666666666668,-0.032554847841472,0.019584264299922112
2014-06-16,27600.0,27640.0,27240.0,27480.0,15319950,Samsung,28222.85714285714,28187.333333333332,0.00512070226773953,0.018828172395256863
2014-06-17,27200.0,27560.0,27020.0,27480.0,13476750,Samsung,27985.714285714286,28196.666666666668,0.0,0.019169125321430235
2014-06-18,27460.0,27520.0,27120.0,27160.0,11044350,Samsung,27840.0,28206.666666666668,-0.011644832605531286,0.016014892967124644
2014-06-19,26900.0,26980.0,26400.0,26460.0,22339700,Samsung,27517.14285714286,28191.333333333332,-0.02577319587628868,0.013449448390858184
2014-06-20,26600.0,26600.0,25920.0,26020.0,23902650,Samsung,27171.428571428572,28162.666666666668,-0.016628873771730945,0.013545963735121498
2014-06-23,26420.0,26640.0,26320.0,26440.0,12488250,Samsung,26911.428571428572,28144.0,0.016141429669485063,0.017383275277940296
2014-06-24,26800.0,27080.0,26640.0,26900.0,11890850,Samsung,26848.571428571428,28150.666666666668,0.01739788199697423,0.016492475573780006
2014-06-25,26600.0,26660.0,26360.0,26400.0,10231900,Samsung,26694.285714285714,28105.333333333332,-0.018587360594795488,0.017159818321392028
2014-06-26,26180.0,26860.0,26140.0,26500.0,12765300,Samsung,26554.285714285714,28055.333333333332,0.0037878787878788955,0.01742299749334719
2014-06-27,26140.0,26380.0,26120.0,26220.0,8953050,Samsung,26420.0,27986.0,-0.010566037735849076,0.01735953348434974
2014-06-30,26200.0,26480.0,26180.0,26440.0,8881050,Samsung,26417.14285714286,27927.333333333332,0.008390541571319687,0.015174711630975588
2014-07-01,26160.0,26280.0,26020.0,26200.0,8725400,Samsung,26442.85714285714,27848.666666666668,-0.009077155824508298,0.014020811238568413
2014-07-02,26340.0,26620.0,26120.0,26600.0,11139250,Samsung,26465.714285714286,27770.0,0.01526717557251911,0.013867232331083218
2014-07-03,26720.0,26720.0,26320.0,26360.0,8543050,Samsung,26388.571428571428,27681.333333333332,-0.009022556390977488,0.012129303627585488
2014-07-04,26440.0,26520.0,26060.0,26120.0,5978850,Samsung,26348.571428571428,27591.333333333332,-0.009104704097116834,0.010495594146345672
2014-07-07,25820.0,26020.0,25800.0,25840.0,9437050,Samsung,26254.285714285714,27502.0,-0.01071975497702915,0.010713276967247188
2014-07-08,25880.0,26380.0,25740.0,25900.0,12073200,Samsung,26208.571428571428,27413.333333333332,0.0023219814241486336,0.0104091947407963
2014-07-09,25740.0,26160.0,25660.0,26160.0,11829900,Samsung,26168.571428571428,27337.333333333332,0.010038610038610063,0.010690469821223052
2014-07-10,26160.0,26220.0,26040.0,26120.0,8960200,Samsung,26157.14285714286,27270.0,-0.001529051987767538,0.010163055842178536
2014-07-11,26000.0,26040.0,25640.0,25680.0,10779600,Samsung,26025.714285714286,27170.666666666668,-0.016845329249617125,0.009109270861436874
2014-07-14,25960.0,26000.0,25720.0,25720.0,7082150,Samsung,25934.285714285714,27054.666666666668,0.0015576323987538387,0.009204004727672516
2014-07-15,26000.0,26460.0,25940.0,26400.0,11976050,Samsung,25974.285714285714,26972.666666666668,0.026438569206842955,0.014085954299349099
2014-07-16,26260.0,26460.0,26220.0,26420.0,9114200,Samsung,26057.14285714286,26883.333333333332,0.0007575757575757347,0.013040923117422118
2014-07-17,26520.0,26700.0,26400.0,26600.0,10922700,Samsung,26157.14285714286,26790.0,0.00681302043906129,0.013098087969988476
2014-07-18,26300.0,26860.0,26280.0,26860.0,9742650,Samsung,26257.14285714286,26714.0,0.009774436090225658,0.0130777848614882
2014-07-21,26980.0,27200.0,26860.0,27060.0,8059950,Samsung,26391.428571428572,26676.666666666668,0.007446016381235987,0.012901015799890789
2014-07-22,26960.0,27160.0,26900.0,26960.0,6300950,Samsung,26574.285714285714,26618.0,-0.003695491500369519,0.009736263156794737
2014-07-23,27080.0,27140.0,26700.0,26760.0,6417300,Samsung,26722.85714285714,26562.0,-0.007418397626112738,0.011073731648145445
2014-07-24,27000.0,27160.0,26620.0,27100.0,8051700,Samsung,26822.85714285714,26523.333333333332,0.012705530642750373,0.007401109459870582
2014-07-25,26920.0,27100.0,26700.0,27100.0,8790150,Samsung,26920.0,26515.333333333332,0.0,0.007457805270051429
2014-07-28,27100.0,27340.0,26880.0,27160.0,8992550,Samsung,27000.0,26504.666666666668,0.0022140221402213722,0.0073353896777598555
2014-07-29,27100.0,27760.0,27060.0,27720.0,12809300,Samsung,27122.85714285714,26512.666666666668,0.020618556701030855,0.009750965860506845
2014-07-30,27760.0,28160.0,27480.0,27900.0,17359450,Samsung,27242.85714285714,26537.333333333332,0.006493506493506551,0.009710425793110261
2014-07-31,27480.0,27700.0,26720.0,26860.0,24351350,Samsung,27228.571428571428,26550.666666666668,-0.037275985663082434,0.018606189544560527
2014-08-01,26100.0,26560.0,25840.0,25840.0,28231050,Samsung,27097.14285714286,26544.666666666668,-0.03797468354430378,0.023478908850682642
2014-08-04,26000.0,26340.0,25820.0,26340.0,12066750,Samsung,26988.571428571428,26541.333333333332,0.01934984520123839,0.02441753639888017
2014-08-05,26020.0,26420.0,26000.0,26320.0,8626450,Samsung,26877.14285714286,26522.0,-0.0007593014426727773,0.024399540528689208
2014-08-06,26120.0,26320.0,25900.0,26000.0,10830100,Samsung,26711.428571428572,26508.666666666668,-0.012158054711246202,0.0244035236699211
2014-08-07,26000.0,26040.0,25700.0,25800.0,9527250,Samsung,26437.14285714286,26485.333333333332,-0.007692307692307665,0.021429670224716223
2014-08-08,25680.0,25700.0,24960.0,25000.0,20621450,Samsung,26022.85714285714,26444.666666666668,-0.03100775193798455,0.021305657272490806
2014-08-11,25500.0,25640.0,25140.0,25400.0,18619250,Samsung,25814.285714285714,26410.0,0.016000000000000014,0.02168418303349683
2014-08-12,25400.0,25880.0,25240.0,25320.0,8995700,Samsung,25740.0,26380.666666666668,-0.0031496062992125706,0.017105177942346502
2014-08-13,25500.0,25500.0,24960.0,25280.0,12845000,Samsung,25588.571428571428,26336.666666666668,-0.0015797788309637184,0.014171043144217205
2014-08-14,25480.0,25640.0,25080.0,25220.0,10447350,Samsung,25431.428571428572,26298.666666666668,-0.002373417721519,0.014088932893053718
2014-08-18,25580.0,25600.0,25000.0,25000.0,10518950,Samsung,25288.571428571428,26261.333333333332,-0.008723235527359208,0.01389699471839427
2014-08-19,25280.0,25460.0,25060.0,25080.0,10044400,Samsung,25185.714285714286,26236.0,0.0032000000000000917,0.014217212982555976
2014-08-20,25280.0,25420.0,25020.0,25220.0,9430600,Samsung,25217.14285714286,26213.333333333332,0.005582137161084466,0.00795911543420893
2014-08-21,25100.0,25220.0,24620.0,24700.0,17105400,Samsung,25117.14285714286,26164.666666666668,-0.020618556701030966,0.008673262234483645
2014-08-22,24900.0,24940.0,24700.0,24940.0,8407650,Samsung,25062.85714285714,26125.333333333332,0.009716599190283448,0.01011505068974417
2014-08-25,24620.0,24620.0,24420.0,24560.0,11577200,Samsung,24960.0,26088.0,-0.015236567762630271,0.011248442341504442
2014-08-26,24700.0,24700.0,24420.0,24440.0,10719450,Samsung,24848.571428571428,26045.333333333332,-0.004885993485342022,0.011225542704030977
2014-08-27,24460.0,24740.0,24440.0,24600.0,12171000,Samsung,24791.428571428572,25985.333333333332,0.00654664484451728,0.011723396747216114
2014-08-28,25160.0,25160.0,24720.0,24840.0,10311850,Samsung,24757.14285714286,25932.666666666668,0.009756097560975618,0.012468828313310637
2014-08-29,24760.0,24760.0,24560.0,24680.0,14558250,Samsung,24680.0,25868.666666666668,-0.006441223832528209,0.012186814431233595
2014-09-01,24720.0,24740.0,24480.0,24520.0,5664050,Samsung,24654.285714285714,25790.666666666668,-0.00648298217179899,0.009703450341874626
2014-09-02,24420.0,24500.0,23880.0,23880.0,15899600,Samsung,24502.85714285714,25684.666666666668,-0.02610114192495927,0.012224360343531106
2014-09-03,24000.0,24000.0,23600.0,23780.0,21238750,Samsung,24391.428571428572,25578.666666666668,-0.0041876046901172526,0.011545624197856196
2014-09-04,24200.0,24320.0,24040.0,24200.0,12099950,Samsung,24357.14285714286,25493.333333333332,0.01766190075693852,0.01426001434656459
2014-09-05,24300.0,24320.0,23900.0,24020.0,10770400,Samsung,24274.285714285714,25390.666666666668,-0.007438016528925617,0.013950281954184966
2014-09-11,24000.0,24140.0,23840.0,23840.0,23309200,Samsung,24131.428571428572,25282.0,-0.007493755203996644,0.012725463614598365
2014-09-12,24000.0,24160.0,24000.0,24020.0,10872350,Samsung,24037.14285714286,25177.333333333332,0.007550335570469802,0.013668761015870917
2014-09-15,24140.0,24160.0,23920.0,24000.0,7161500,Samsung,23962.85714285714,25053.333333333332,-0.0008326394671107629,0.013649667576911918
2014-09-16,24160.0,24300.0,24020.0,24120.0,7092400,Samsung,23997.14285714286,24927.333333333332,0.004999999999999893,0.009207073451655738
2014-09-17,24140.0,24520.0,24140.0,24520.0,7545750,Samsung,24102.85714285714,24849.333333333332,0.016583747927031434,0.010356795213440729
2014-09-18,24600.0,24600.0,24080.0,24200.0,9476750,Samsung,24102.85714285714,24794.666666666668,-0.013050570962479635,0.010323959704507826
2014-09-19,24460.0,24460.0,24120.0,24200.0,13435050,Samsung,24128.571428571428,24723.333333333332,0.0,0.009794549463480759
2014-09-22,24080.0,24080.0,23600.0,23760.0,16022100,Samsung,24117.14285714286,24638.0,-0.018181818181818188,0.011954010904650163
2014-09-23,23560.0,23700.0,23220.0,23220.0,19541400,Samsung,24002.85714285714,24545.333333333332,-0.022727272727272707,0.013908000224327095
2014-09-24,23040.0,23220.0,22820.0,23000.0,15789200,Samsung,23860.0,24452.0,-0.009474590869939736,0.013886469178438757
2014-09-25,23240.0,23320.0,22940.0,23120.0,19414500,Samsung,23717.14285714286,24389.333333333332,0.00521739130434784,0.01391532721162319
2014-09-26,23040.0,23700.0,22960.0,23700.0,12413550,Samsung,23600.0,24332.666666666668,0.025086505190311525,0.01636532766761453
2014-09-29,23860.0,24000.0,23400.0,23900.0,9401000,Samsung,23557.14285714286,24285.333333333332,0.00843881856540074,0.016559408258991874
2014-09-30,23700.0,23760.0,23300.0,23680.0,12379300,Samsung,23482.85714285714,24232.0,-0.009205020920502127,0.016769496014099657
2014-10-01,23480.0,23660.0,23120.0,23120.0,11929800,Samsung,23391.428571428572,24162.0,-0.023648648648648685,0.017697203944713847
2014-10-02,23300.0,23300.0,22820.0,22820.0,12732750,Samsung,23334.285714285714,24089.333333333332,-0.012975778546712835,0.016282479206620994
2014-10-06,22900.0,23120.0,22760.0,23020.0,21252900,Samsung,23337.14285714286,24020.666666666668,0.00876424189307623,0.016414116517220485
2014-10-07,23240.0,23720.0,23240.0,23240.0,10149150,Samsung,23354.285714285714,23954.666666666668,0.009556907037358897,0.016712682549220894
2014-10-08,22840.0,23020.0,22480.0,22600.0,14720550,Samsung,23197.14285714286,23884.666666666668,-0.027538726333907082,0.01581018237512209
2014-10-10,22000.0,22280.0,21980.0,22100.0,21837450,Samsung,22940.0,23790.0,-0.02212389380530977,0.015152513304969853
2014-10-13,21640.0,22540.0,21560.0,22160.0,11344750,Samsung,22722.85714285714,23710.0,0.002714932126696823,0.016035136279148567
2014-10-14,22540.0,22920.0,22400.0,22540.0,16572550,Samsung,22640.0,23646.666666666668,0.017148014440433235,0.017322240988808413
2014-10-15,22560.0,22900.0,22400.0,22500.0,14143600,Samsung,22594.285714285714,23576.666666666668,-0.0017746228926353025,0.016810100144322156
2014-10-16,22320.0,22420.0,22080.0,22300.0,15148300,Samsung,22491.428571428572,23492.0,-0.008888888888888835,0.016259933488738536
2014-10-17,22120.0,22300.0,21740.0,21780.0,16281750,Samsung,22282.85714285714,23395.333333333332,-0.02331838565022426,0.016299420130331164
2014-10-20,22300.0,22340.0,22020.0,22120.0,9476750,Samsung,22214.285714285714,23315.333333333332,0.015610651974288237,0.016328301846238485
2014-10-21,21880.0,22000.0,21620.0,21660.0,11766050,Samsung,22151.428571428572,23241.333333333332,-0.020795660036166397,0.016074053826446666
2014-10-22,21940.0,22080.0,21800.0,22080.0,11127700,Samsung,22140.0,23184.666666666668,0.01939058171745156,0.01812513389766166
2014-10-23,22260.0,22260.0,21800.0,21880.0,8505900,Samsung,22045.714285714286,23107.333333333332,-0.009057971014492794,0.016539490002921223
2014-10-24,22060.0,22240.0,21840.0,22240.0,8378450,Samsung,22008.571428571428,23048.0,0.01645338208409508,0.018310271176244536
2014-10-27,22020.0,22220.0,21740.0,21900.0,8388600,Samsung,21951.428571428572,22983.333333333332,-0.015287769784172678,0.01889029465526268
2014-10-28,21800.0,22000.0,21720.0,21820.0,6243850,Samsung,21957.14285714286,22910.0,-0.0036529680365297024,0.016587928866305276
2014-10-29,22000.0,22600.0,21800.0,22600.0,13726100,Samsung,22025.714285714286,22863.333333333332,0.03574702108157646,0.020864177988159205
2014-10-30,22580.0,23660.0,22300.0,23620.0,24566950,Samsung,22305.714285714286,22846.666666666668,0.045132743362831906,0.022971139622341586
2014-10-31,23960.0,25000.0,23700.0,24880.0,38623150,Samsung,22705.714285714286,22858.666666666668,0.053344623200677344,0.027719613554751336
2014-11-03,25000.0,25040.0,24320.0,24700.0,13475800,Samsung,23108.571428571428,22875.333333333332,-0.007234726688102877,0.027435301369701914
2014-11-04,24380.0,24840.0,24100.0,24340.0,13000300,Samsung,23408.571428571428,22880.0,-0.014574898785425061,0.03006685011983094
2014-11-05,24300.0,24500.0,23880.0,24040.0,10162150,Samsung,23714.285714285714,22889.333333333332,-0.01232539030402624,0.029613968160991492
2014-11-06,23960.0,24200.0,23860.0,24080.0,8570150,Samsung,24037.14285714286,22918.0,0.0016638935108153063,0.02915707957882324
2014-11-07,24360.0,24360.0,23900.0,24120.0,6030200,Samsung,24254.285714285714,22955.333333333332,0.0016611295681063787,0.027840919070848184
2014-11-10,24520.0,25380.0,24440.0,25360.0,19202900,Samsung,24502.85714285714,23030.0,0.05140961857379778,0.0292395347828421
2014-11-11,25100.0,25220.0,24540.0,24620.0,12141400,Samsung,24465.714285714286,23060.666666666668,-0.02917981072555209,0.02551504535961577
2014-11-12,24620.0,24680.0,24380.0,24600.0,9079600,Samsung,24451.428571428572,23084.0,-0.0008123476848090894,0.025378060727017468
2014-11-13,24560.0,24640.0,23980.0,24000.0,11547150,Samsung,24402.85714285714,23094.666666666668,-0.024390243902439046,0.026542160813041907
2014-11-14,24020.0,24020.0,23600.0,23880.0,10621750,Samsung,24380.0,23120.0,-0.0050000000000000044,0.026196043216347654
2014-11-17,23800.0,24400.0,23640.0,24100.0,9693950,Samsung,24382.85714285714,23162.666666666668,0.009212730318257867,0.02646187689621014
2014-11-18,24400.0,24540.0,24300.0,24400.0,10754700,Samsung,24422.85714285714,23208.666666666668,0.012448132780082943,0.026857706328109368
2014-11-19,24760.0,24760.0,24240.0,24360.0,12502750,Samsung,24280.0,23246.0,-0.0016393442622950616,0.015775495380583544
2014-11-20,24120.0,24400.0,24120.0,24200.0,10024150,Samsung,24220.0,23299.333333333332,-0.006568144499178974,0.01201475257455802
2014-11-21,24380.0,24520.0,24340.0,24460.0,12336350,Samsung,24200.0,23378.0,0.01074380165289246,0.013019978802277893
2014-11-24,24940.0,24960.0,24200.0,24400.0,10284300,Samsung,24257.14285714286,23452.666666666668,-0.002452984464431762,0.008083442169820484
2014-11-25,24480.0,24480.0,23800.0,23800.0,17811050,Samsung,24245.714285714286,23494.666666666668,-0.024590163934426257,0.012978340100663108
2014-11-26,23800.0,24220.0,23640.0,24020.0,12287900,Samsung,24234.285714285714,23545.333333333332,0.009243697478991564,0.012982170191352706
2014-11-27,25460.0,26020.0,25280.0,25280.0,44377800,Samsung,24360.0,23644.666666666668,0.05245628642797673,0.023844775308853008
2014-11-28,25900.0,25920.0,25480.0,25740.0,9844550,Samsung,24557.14285714286,23776.666666666668,0.018196202531645556,0.024058479136600894
2014-12-01,25880.0,25960.0,25740.0,25900.0,12866850,Samsung,24800.0,23902.666666666668,0.0062160062160061536,0.023226095581722173
2014-12-02,25900.0,25900.0,25320.0,25900.0,9222700,Samsung,25005.714285714286,24044.0,0.0,0.023519819513436235
2014-12-03,26000.0,26020.0,25900.0,25960.0,9735500,Samsung,25228.571428571428,24173.333333333332,0.0023166023166023564,0.023218869578367798
2014-12-04,26040.0,26060.0,25960.0,26000.0,8871350,Samsung,25542.85714285714,24310.666666666668,0.0015408320493066618,0.01852128185352191
2014-12-05,26280.0,26280.0,26000.0,26040.0,5637800,Samsung,25831.428571428572,24437.333333333332,0.0015384615384614886,0.018994448571888412
2014-12-08,26060.0,26420.0,26040.0,26380.0,7916550,Samsung,25988.571428571428,24586.666666666668,0.013056835637480724,0.006926314463862268
2014-12-09,26380.0,27140.0,26380.0,26980.0,13553100,Samsung,26165.714285714286,24758.666666666668,0.022744503411675554,0.008320604310866854
2014-12-10,26920.0,26920.0,26340.0,26340.0,15977800,Samsung,26228.571428571428,24883.333333333332,-0.023721275018532273,0.01424178167798251
2014-12-11,26340.0,26380.0,25880.0,26100.0,20490850,Samsung,26257.14285714286,24966.0,-0.009111617312072884,0.014908760961968566
2014-12-12,26060.0,26080.0,25480.0,25720.0,14397250,Samsung,26222.85714285714,24994.0,-0.014559386973180044,0.016020200240566617
2014-12-15,25600.0,25600.0,25200.0,25460.0,14337950,Samsung,26145.714285714286,25019.333333333332,-0.01010886469673411,0.01628893832705351
2014-12-16,25400.0,25780.0,25360.0,25580.0,12894750,Samsung,26080.0,25060.666666666668,0.00471327572662994,0.01647560521241636
2014-12-17,25580.0,25660.0,25060.0,25320.0,13088650,Samsung,25928.571428571428,25103.333333333332,-0.010164190774042181,0.015120482154298672
2014-12-18,25320.0,25580.0,25040.0,25320.0,11808250,Samsung,25691.428571428572,25144.666666666668,0.0,0.009302989698731834
2014-12-19,25880.0,26560.0,25740.0,26560.0,18356500,Samsung,25722.85714285714,25226.0,0.048973143759873716,0.022013336618782554
2014-12-22,26900.0,26940.0,26360.0,26900.0,17943850,Samsung,25837.14285714286,25277.333333333332,0.012801204819277157,0.021828040888768614
2014-12-23,26920.0,26980.0,26740.0,26780.0,10976350,Samsung,25988.571428571428,25349.333333333332,-0.004460966542750966,0.020659149966554283
2014-12-24,26780.0,26860.0,26780.0,26860.0,6257000,Samsung,26188.571428571428,25424.666666666668,0.0029873039581778116,0.019522654640003176
2014-12-26,26860.0,27100.0,26860.0,27040.0,11488100,Samsung,26397.14285714286,25526.0,0.006701414743112366,0.019484082123625516
2014-12-29,26900.0,26940.0,26580.0,26580.0,9637450,Samsung,26577.14285714286,25616.0,-0.017011834319526575,0.020689657275034197
2014-12-30,26600.0,26700.0,26420.0,26540.0,10649100,Samsung,26751.428571428572,25697.333333333332,-0.0015048908954100604,0.020783835600841537
2015-01-02,26800.0,26800.0,26540.0,26600.0,8774950,Samsung,26757.14285714286,25770.666666666668,0.0022607385079125297,0.009433390106690911
2015-01-05,26720.0,26720.0,26260.0,26660.0,10139500,Samsung,26722.85714285714,25847.333333333332,0.0022556390977443996,0.007795352838846441
2015-01-06,26300.0,26340.0,25760.0,25900.0,15235500,Samsung,26597.14285714286,25904.0,-0.028507126781695424,0.013003127990837809
2015-01-07,25880.0,26220.0,25640.0,26140.0,14322750,Samsung,26494.285714285714,25960.0,0.009266409266409203,0.01381228779183196
2015-01-08,26780.0,26780.0,26200.0,26280.0,14477600,Samsung,26385.714285714286,26022.666666666668,0.00535577658760511,0.013650328583629813
2015-01-09,26280.0,26440.0,26280.0,26280.0,9312400,Samsung,26342.85714285714,26105.333333333332,0.0,0.012401479865889199
2015-01-12,26260.0,26380.0,26020.0,26320.0,8325400,Samsung,26311.428571428572,26182.0,0.0015220700152207556,0.012456103947715434
2015-01-13,26280.0,26800.0,26000.0,26780.0,12293400,Samsung,26337.14285714286,26232.0,0.01747720364741645,0.01433122881024573
2015-01-14,26780.0,27100.0,26700.0,26900.0,14332250,Samsung,26371.428571428572,26270.666666666668,0.004480955937266717,0.014386929696285843
2015-01-15,26900.0,26980.0,26580.0,26680.0,14103900,Samsung,26482.85714285714,26296.666666666668,-0.008178438661710086,0.007972507200222443
2015-01-16,26680.0,26680.0,26260.0,26320.0,13568500,Samsung,26508.571428571428,26310.666666666668,-0.013493253373313308,0.009984612441546437
2015-01-19,26580.0,26980.0,26400.0,26860.0,6672950,Samsung,26591.428571428572,26340.666666666668,0.020516717325227862,0.012426693824880021
2015-01-20,27000.0,27440.0,26900.0,27440.0,13278050,Samsung,26757.14285714286,26388.666666666668,0.021593447505584562,0.01407400307519825
2015-01-21,27340.0,27900.0,27200.0,27900.0,16612650,Samsung,26982.85714285714,26450.666666666668,0.016763848396501357,0.014391727926151319
2015-01-22,27960.0,27980.0,27560.0,27560.0,17957700,Samsung,27094.285714285714,26490.0,-0.012186379928315394,0.015607079417492996
2015-01-23,28000.0,28000.0,27540.0,27720.0,12858750,Samsung,27211.428571428572,26514.666666666668,0.005805515239477588,0.015618882821413691
2015-01-26,27500.0,27900.0,27280.0,27780.0,10153500,Samsung,27368.571428571428,26562.666666666668,0.0021645021645022577,0.014692013600655324
2015-01-27,27500.0,28000.0,27480.0,28000.0,9957200,Samsung,27608.571428571428,26626.0,0.007919366450684029,0.011961331500683887
2015-01-28,27720.0,27800.0,27480.0,27560.0,10831500,Samsung,27708.571428571428,26687.333333333332,-0.01571428571428568,0.013812414334493015
2015-01-29,27360.0,27900.0,27140.0,27200.0,13702250,Samsung,27674.285714285714,26745.333333333332,-0.013062409288824406,0.012505601671043955
2015-01-30,27200.0,27540.0,27200.0,27300.0,16110000,Samsung,27588.571428571428,26802.666666666668,0.003676470588235281,0.01012660836574727
2015-02-02,27300.0,27540.0,27120.0,27360.0,10521000,Samsung,27560.0,26870.666666666668,0.00219780219780219,0.009398505406105855
2015-02-03,27600.0,27600.0,27180.0,27320.0,5654400,Samsung,27502.85714285714,26937.333333333332,-0.0014619883040936088,0.008909896331319188
2015-02-04,27500.0,27620.0,27180.0,27180.0,9328900,Samsung,27417.14285714286,26958.0,-0.00512445095168379,0.008761302724173572
2015-02-05,27180.0,27380.0,26920.0,27160.0,6770400,Samsung,27297.14285714286,26966.666666666668,-0.0007358351729213064,0.0074648769883757585
2015-02-06,26920.0,27480.0,26720.0,27440.0,8005050,Samsung,27280.0,26988.666666666668,0.010309278350515427,0.007322021903168052
2015-02-09,27200.0,27980.0,27140.0,27900.0,8693500,Samsung,27380.0,27023.333333333332,0.016763848396501357,0.0075364309070352084
2015-02-10,28000.0,28000.0,27540.0,27560.0,6519350,Samsung,27417.14285714286,27040.666666666668,-0.012186379928315394,0.009626095712743143
2015-02-11,27480.0,27480.0,27080.0,27100.0,9973800,Samsung,27380.0,27058.0,-0.01669085631349787,0.011771721316485859
2015-02-12,26800.0,27160.0,26620.0,26880.0,10748200,Samsung,27317.14285714286,27069.333333333332,-0.00811808118081181,0.012052117864661096
2015-02-13,27200.0,27220.0,26900.0,27220.0,6522900,Samsung,27322.85714285714,27090.0,0.012648809523809534,0.013167328740734452
2015-02-16,27360.0,27480.0,27220.0,27480.0,6226500,Samsung,27368.571428571428,27117.333333333332,0.009551800146950784,0.013601444788572238
2015-02-17,27480.0,27540.0,27280.0,27540.0,5745000,Samsung,27382.85714285714,27172.0,0.0021834061135370675,0.01308660605498868
2015-02-23,27560.0,27800.0,27320.0,27340.0,15301800,Samsung,27302.85714285714,27212.0,-0.0072621641249092095,0.011145322255766931
2015-02-24,27700.0,27780.0,27280.0,27340.0,10863250,Samsung,27271.428571428572,27247.333333333332,0.0,0.010366467353321161
2015-02-25,27600.0,27700.0,27460.0,27580.0,8374250,Samsung,27340.0,27290.666666666668,0.008778346744696464,0.008231304229833493
2015-02-26,27580.0,27600.0,27360.0,27500.0,8179150,Samsung,27428.571428571428,27330.0,-0.0029006526468455807,0.007287435216652061
2015-02-27,27500.0,27520.0,27140.0,27140.0,13009400,Samsung,27417.14285714286,27342.0,-0.013090909090909042,0.008210923462503971
2015-03-02,27500.0,28460.0,27340.0,28460.0,21805600,Samsung,27557.14285714286,27394.0,0.048636698599852535,0.02037635155534806
2015-03-03,28700.0,28740.0,28120.0,28360.0,13748800,Samsung,27674.285714285714,27450.0,-0.0035137034434293835,0.020628767575592198
2015-03-04,28220.0,28800.0,28200.0,28740.0,11603100,Samsung,27874.285714285714,27530.666666666668,0.013399153737658764,0.020158415407671743
2015-03-05,28780.0,28860.0,28340.0,28440.0,9615600,Samsung,28031.428571428572,27583.333333333332,-0.01043841336116913,0.021152576369467335
2015-03-06,28280.0,28980.0,28120.0,28840.0,11733500,Samsung,28211.428571428572,27630.0,0.014064697609001309,0.021368289567105674
2015-03-09,28800.0,28800.0,28400.0,28400.0,7814600,Samsung,28340.0,27646.666666666668,-0.015256588072122046,0.02274902453195959
2015-03-10,28680.0,28860.0,28400.0,28420.0,10419850,Samsung,28522.85714285714,27675.333333333332,0.0007042253521127861,0.02150124387410765
2015-03-11,28380.0,29580.0,28360.0,29480.0,21108650,Samsung,28668.571428571428,27734.0,0.037297677691766395,0.017959396635402147
2015-03-12,29200.0,29460.0,28940.0,28940.0,19153200,Samsung,28751.428571428572,27772.666666666668,-0.01831750339213023,0.01991846619184233
2015-03-13,29220.0,29580.0,29100.0,29140.0,9413100,Samsung,28808.571428571428,27810.666666666668,0.006910850034554272,0.019504060878593365
2015-03-16,29160.0,29740.0,29100.0,29400.0,8974550,Samsung,28945.714285714286,27872.0,0.008922443376801592,0.018782836610955606
2015-03-17,29400.0,30000.0,29200.0,29940.0,13661150,Samsung,29102.85714285714,27963.333333333332,0.01836734693877551,0.019198398604634535
2015-03-18,29920.0,30120.0,29720.0,30060.0,12464350,Samsung,29340.0,28055.333333333332,0.004008016032064132,0.016976141331417133
2015-03-19,30200.0,30200.0,29400.0,29400.0,13225800,Samsung,29480.0,28123.333333333332,-0.021956087824351322,0.020462061591018744
2015-03-20,29500.0,29600.0,29200.0,29280.0,12704950,Samsung,29451.428571428572,28188.666666666668,-0.004081632653061273,0.014774170781734047
2015-03-23,29240.0,29480.0,29160.0,29340.0,8122900,Samsung,29508.571428571428,28260.666666666668,0.002049180327868827,0.012615035613980436
2015-03-24,29100.0,29560.0,29100.0,29520.0,9113150,Samsung,29562.85714285714,28339.333333333332,0.006134969325153339,0.012568340259189984
2015-03-25,29740.0,29760.0,29440.0,29700.0,9369050,Samsung,29605.714285714286,28414.666666666668,0.0060975609756097615,0.012349495859114075
2015-03-26,29000.0,29120.0,28420.0,28420.0,21005950,Samsung,29388.571428571428,28432.0,-0.04309764309764308,0.01862745396517696
2015-03-27,28300.0,28960.0,28300.0,28420.0,16065800,Samsung,29154.285714285714,28460.666666666668,0.0,0.018281627477508316
2015-03-30,28500.0,28680.0,28240.0,28560.0,8955500,Samsung,29034.285714285714,28509.333333333332,0.0049261083743843415,0.017633200586397897
2015-03-31,28980.0,29040.0,28600.0,28820.0,9842650,Samsung,28968.571428571428,28574.0,0.0091036414565826,0.018313628269690112
2015-04-01,28740.0,28740.0,28400.0,28460.0,7266050,Samsung,28842.85714285714,28615.333333333332,-0.012491325468424685,0.01858555008531098
2015-04-02,28680.0,28800.0,28460.0,28680.0,6903400,Samsung,28722.85714285714,28655.333333333332,0.007730147575544688,0.018742358157499573
2015-04-03,28680.0,28800.0,28400.0,28680.0,6270150,Samsung,28577.14285714286,28693.333333333332,0.0,0.018334173402856643
2015-04-06,28860.0,29800.0,28700.0,29400.0,10582600,Samsung,28717.14285714286,28762.0,0.025104602510460206,0.011433754251250317
2015-04-07,29560.0,29700.0,29240.0,29240.0,9526050,Samsung,28834.285714285714,28825.333333333332,-0.0054421768707483276,0.011994566674864728
2015-04-08,29400.0,29700.0,29200.0,29580.0,7773400,Samsung,28980.0,28892.0,0.011627906976744207,0.01233116709803127
2015-04-09,29400.0,29780.0,29400.0,29660.0,9107550,Samsung,29100.0,28964.0,0.0027045300878971723,0.012220764770830084
2015-04-10,29600.0,29880.0,29560.0,29800.0,9960100,Samsung,29291.428571428572,29052.666666666668,0.00472016183411994,0.009800096175375217
2015-04-13,29580.0,29820.0,29360.0,29580.0,10293300,Samsung,29420.0,29090.0,-0.007382550335570448,0.011097422824376065
2015-04-14,29700.0,29700.0,29300.0,29480.0,9429750,Samsung,29534.285714285714,29127.333333333332,-0.0033806626098715764,0.011394275553687373
2015-04-15,29200.0,29400.0,28540.0,28920.0,13551050,Samsung,29465.714285714286,29133.333333333332,-0.018995929443690662,0.009865273541572368
2015-04-16,29240.0,29540.0,28940.0,29540.0,10762350,Samsung,29508.571428571428,29170.0,0.021438450899031736,0.013132229232456867
2015-04-17,29540.0,29560.0,28940.0,29000.0,10172300,Samsung,29425.714285714286,29175.333333333332,-0.018280297901150933,0.01412807035373527
2015-04-20,28920.0,28960.0,28460.0,28600.0,12394900,Samsung,29274.285714285714,29182.0,-0.01379310344827589,0.014441134362236801
2015-04-21,28420.0,28900.0,28400.0,28880.0,11852650,Samsung,29142.85714285714,29197.333333333332,0.009790209790209836,0.015126417167545581
2015-04-22,28880.0,29460.0,28720.0,29220.0,12655550,Samsung,29091.428571428572,29188.666666666668,0.011772853185595622,0.01618654127781579
2015-04-23,29400.0,29400.0,28800.0,29020.0,9245150,Samsung,29025.714285714286,29191.333333333332,-0.006844626967830281,0.016301329152639474
2015-04-24,28980.0,29100.0,28000.0,28200.0,19089900,Samsung,28922.85714285714,29160.0,-0.028256374913852467,0.018167143332136575
2015-04-27,28200.0,28220.0,27500.0,27900.0,16517150,Samsung,28688.571428571428,29110.0,-0.010638297872340385,0.014521875363239442
2015-04-28,27800.0,28000.0,27180.0,27320.0,15697300,Samsung,28448.571428571428,29022.666666666668,-0.02078853046594986,0.014844154425053208
2015-04-29,27340.0,27880.0,27280.0,27700.0,10895650,Samsung,28320.0,28944.0,0.013909224011713128,0.01673690884082954
2015-04-30,27700.0,28360.0,27580.0,28200.0,18352850,Samsung,28222.85714285714,28904.0,0.018050541516245522,0.01813957454995132
2015-05-04,28140.0,28460.0,27940.0,28000.0,8283700,Samsung,28048.571428571428,28861.333333333332,-0.007092198581560294,0.016893076572519185
2015-05-06,27800.0,27820.0,27120.0,27240.0,13270500,Samsung,27794.285714285714,28791.333333333332,-0.027142857142857135,0.018715741127530307
2015-05-07,27240.0,27500.0,27080.0,27400.0,10257400,Samsung,27680.0,28720.666666666668,0.005873715124816492,0.017202364238643398
2015-05-08,27320.0,27400.0,26760.0,26760.0,9488100,Samsung,27517.14285714286,28622.666666666668,-0.023357664233576658,0.018635503856554422
2015-05-11,27200.0,27200.0,26720.0,26720.0,9640450,Samsung,27431.428571428572,28566.0,-0.001494768310911776,0.017436095766799206
2015-05-12,26900.0,27060.0,26480.0,26620.0,10633200,Samsung,27277.14285714286,28506.0,-0.0037425149700598404,0.015774140498806533
2015-05-13,26980.0,26980.0,26520.0,26660.0,9877250,Samsung,27057.14285714286,28442.666666666668,0.0015026296018032514,0.012558612259138126
2015-05-14,26820.0,26860.0,26560.0,26800.0,8488500,Samsung,26885.714285714286,28375.333333333332,0.005251312828207011,0.013524008332502842
2015-05-15,27100.0,27120.0,26420.0,26520.0,8922350,Samsung,26782.85714285714,28310.666666666668,-0.010447761194029903,0.010292654169981992
2015-05-18,26700.0,26700.0,26180.0,26400.0,9626850,Samsung,26640.0,28234.666666666668,-0.004524886877828038,0.009377982098667513
2015-05-19,26420.0,27100.0,26140.0,26760.0,8680900,Samsung,26640.0,28170.666666666668,0.013636363636363669,0.007763708449463751
2015-05-20,26980.0,27400.0,26820.0,27320.0,10291450,Samsung,26725.714285714286,28101.333333333332,0.020926756352765308,0.010987663392684725
2015-05-21,27420.0,27440.0,26880.0,27040.0,7210600,Samsung,26785.714285714286,28028.0,-0.010248901903367469,0.011912001456106202
2015-05-22,27060.0,27060.0,26700.0,27000.0,8195800,Samsung,26834.285714285714,27942.0,-0.0014792899408283544,0.011998248610392481
2015-05-26,27320.0,27380.0,26720.0,27240.0,10034150,Samsung,26897.14285714286,27861.333333333332,0.008888888888888946,0.012245166004541308
2015-05-27,27200.0,27320.0,26260.0,26280.0,17265450,Samsung,26862.85714285714,27744.0,-0.03524229074889873,0.01854441336418263
2015-05-28,26340.0,26420.0,26020.0,26180.0,15048150,Samsung,26831.428571428572,27630.666666666668,-0.003805175038051778,0.01852456176730554
2015-05-29,26400.0,26420.0,25940.0,26140.0,17380750,Samsung,26742.85714285714,27519.333333333332,-0.0015278838808250317,0.017372195072035464
2015-06-01,26000.0,26020.0,25760.0,25820.0,10921950,Samsung,26528.571428571428,27416.0,-0.01224177505738333,0.01385890104241286
2015-06-02,26000.0,26060.0,25760.0,26060.0,8757550,Samsung,26388.571428571428,27300.0,0.009295120061967532,0.015220561565222005
2015-06-03,26060.0,26320.0,25300.0,25460.0,11769400,Samsung,26168.571428571428,27182.0,-0.023023791250959325,0.016478762909991233
2015-06-04,26300.0,26820.0,26100.0,26740.0,19411950,Samsung,26097.14285714286,27120.0,0.050274941084053504,0.027431544248467
2015-06-05,26500.0,27100.0,26400.0,26820.0,9828150,Samsung,26174.285714285714,27051.333333333332,0.0029917726252803867,0.023276517773011166
2015-06-08,26900.0,26940.0,26260.0,26280.0,10118950,Samsung,26188.571428571428,26953.333333333332,-0.020134228187919434,0.024853109933252713
2015-06-09,26000.0,26200.0,25360.0,25640.0,13735250,Samsung,26117.14285714286,26840.666666666668,-0.0243531202435312,0.026643067434817435
2015-06-10,25640.0,25880.0,25240.0,25240.0,12501700,Samsung,26034.285714285714,26742.0,-0.015600624024960985,0.026877894225773215
2015-06-11,25260.0,25480.0,25060.0,25140.0,15314050,Samsung,25902.85714285714,26650.0,-0.003961965134706813,0.026334008900327114
2015-06-12,25560.0,25740.0,25280.0,25540.0,11741500,Samsung,25914.285714285714,26590.666666666668,0.015910898965791676,0.025959774036348214
2015-06-15,25100.0,25480.0,25100.0,25400.0,8067800,Samsung,25722.85714285714,26514.0,-0.005481597494126911,0.014044633918842288
2015-06-16,25400.0,25480.0,24900.0,25100.0,12767600,Samsung,25477.14285714286,26410.666666666668,-0.011811023622047223,0.013345589526041535
2015-06-17,25000.0,25320.0,24800.0,25080.0,9452300,Samsung,25305.714285714286,26313.333333333332,-0.0007968127490040056,0.012727694785328626
2015-06-18,25180.0,25580.0,25020.0,25300.0,8247600,Samsung,25257.14285714286,26248.666666666668,0.00877192982456143,0.011070490999272212
2015-06-19,25320.0,25560.0,25200.0,25320.0,7094750,Samsung,25268.571428571428,26179.333333333332,0.0007905138339920903,0.009264050816804892
2015-06-22,25820.0,25920.0,25520.0,25620.0,6370900,Samsung,25337.14285714286,26141.333333333332,0.011848341232227444,0.009903322182540782
2015-06-23,26180.0,26560.0,25820.0,26420.0,10159000,Samsung,25462.85714285714,26131.333333333332,0.031225604996096834,0.01409892124396256
2015-06-24,26000.0,26220.0,25820.0,26040.0,10198000,Samsung,25554.285714285714,26112.0,-0.014383043149129415,0.015524412781331319
2015-06-25,25800.0,26060.0,25380.0,25380.0,10695800,Samsung,25594.285714285714,26069.333333333332,-0.025345622119815614,0.01835732010460793
2015-06-26,25040.0,25800.0,25040.0,25560.0,10347500,Samsung,25662.85714285714,26028.0,0.007092198581560183,0.018418390336848944
2015-06-29,25380.0,25700.0,25120.0,25620.0,11519950,Samsung,25708.571428571428,25998.0,0.0023474178403755097,0.018233674218478296
2015-06-30,25520.0,25700.0,25320.0,25360.0,9870350,Samsung,25714.285714285714,25963.333333333332,-0.010148321623731471,0.018808238865159192
2015-07-01,25360.0,26040.0,25180.0,25900.0,8324900,Samsung,25754.285714285714,25934.666666666668,0.021293375394321856,0.020065163141947596
2015-07-02,25720.0,26080.0,25700.0,25980.0,8223000,Samsung,25691.428571428572,25890.0,0.003088803088802994,0.015460675621965516
2015-07-03,25740.0,25880.0,25340.0,25360.0,7130200,Samsung,25594.285714285714,25834.0,-0.0238645111624326,0.01703184240109611
2015-07-06,25060.0,25200.0,24460.0,24600.0,10099950,Samsung,25482.85714285714,25754.0,-0.029968454258675115,0.018071283061249974
2015-07-07,24400.0,25180.0,24400.0,24800.0,12478250,Samsung,25374.285714285714,25672.666666666668,0.008130081300812941,0.01818431612400339
2015-07-08,24800.0,25020.0,24640.0,24780.0,11780950,Samsung,25254.285714285714,25622.666666666668,-0.0008064516129032695,0.01803465868042612
2015-07-09,24600.0,25300.0,24520.0,25300.0,14030500,Samsung,25245.714285714286,25593.333333333332,0.02098466505246166,0.02015560289196853
2015-07-10,25140.0,25320.0,24960.0,25180.0,9573400,Samsung,25142.85714285714,25561.333333333332,-0.004743083003952542,0.017800924742730415
2015-07-13,25000.0,25440.0,24900.0,25320.0,7672050,Samsung,25048.571428571428,25544.666666666668,0.005559968228753043,0.017985768977488867
2015-07-14,25300.0,25400.0,24420.0,24500.0,19989700,Samsung,24925.714285714286,25492.666666666668,-0.03238546603475512,0.019789331721365277
2015-07-15,24500.0,24760.0,24480.0,24700.0,8370650,Samsung,24940.0,25467.333333333332,0.008163265306122547,0.016695997400376264
2015-07-16,24460.0,25740.0,24460.0,25640.0,11173450,Samsung,25060.0,25430.666666666668,0.0380566801619433,0.02192747477589103
2015-07-17,26000.0,26220.0,25560.0,26100.0,14861650,Samsung,25248.571428571428,25406.666666666668,0.017940717628705194,0.02224611194001145
2015-07-20,25820.0,26080.0,25460.0,25500.0,6446400,Samsung,25277.14285714286,25380.666666666668,-0.02298850574712641,0.023994247637889137
2015-07-21,25500.0,25540.0,24940.0,25260.0,9702750,Samsung,25288.571428571428,25368.0,-0.009411764705882342,0.024256011268942196
2015-07-22,24880.0,25200.0,24700.0,25060.0,13416150,Samsung,25251.428571428572,25362.0,-0.007917656373713333,0.02434116573781334
2015-07-23,24880.0,25060.0,24680.0,24680.0,10448250,Samsung,25277.14285714286,25346.666666666668,-0.015163607342378316,0.02135312270699971
2015-07-24,24540.0,24760.0,24480.0,24580.0,9829200,Samsung,25260.0,25314.666666666668,-0.004051863857374438,0.021191541751249026
2015-07-27,24580.0,24940.0,24560.0,24600.0,12152000,Samsung,25111.428571428572,25288.0,0.0008136696501219731,0.012981171537998595
2015-07-28,24480.0,25020.0,24380.0,24600.0,13381350,Samsung,24897.14285714286,25271.333333333332,0.0,0.008506706013897936
2015-07-29,25000.0,25500.0,24620.0,25260.0,13734450,Samsung,24862.85714285714,25277.333333333332,0.02682926829268295,0.01358169231400585
2015-07-30,25160.0,25200.0,24300.0,24300.0,15419600,Samsung,24725.714285714286,25244.0,-0.038004750593824244,0.019463795386152886
2015-07-31,24400.0,24440.0,23500.0,23700.0,19579450,Samsung,24531.428571428572,25190.0,-0.024691358024691357,0.020817148435283647
2015-08-03,23680.0,23680.0,23320.0,23500.0,9844550,Samsung,24362.85714285714,25119.333333333332,-0.008438818565400852,0.020571867243188092
2015-08-04,23500.0,23740.0,23400.0,23640.0,12844350,Samsung,24228.571428571428,25026.666666666668,0.005957446808510625,0.02113424405394137
2015-08-05,23640.0,23640.0,23160.0,23180.0,12802500,Samsung,24025.714285714286,24931.333333333332,-0.019458544839255465,0.021532143472164
2015-08-06,23100.0,23120.0,22300.0,22300.0,20199050,Samsung,23697.14285714286,24828.666666666668,-0.03796376186367556,0.023770206384955736
2015-08-07,22400.0,22740.0,22300.0,22720.0,13787100,Samsung,23334.285714285714,24734.0,0.01883408071748871,0.02159145281392768
2015-08-10,22800.0,22840.0,22600.0,22820.0,5722500,Samsung,23122.85714285714,24640.666666666668,0.004401408450704247,0.01988503991646486
2015-08-11,23020.0,23580.0,22960.0,23140.0,11664300,Samsung,23042.85714285714,24566.666666666668,0.014022787028922012,0.020100005740371
2015-08-12,23000.0,23280.0,22800.0,23080.0,11154000,Samsung,22982.85714285714,24472.666666666668,-0.002592912705272288,0.019968777783451987
2015-08-13,23060.0,23060.0,22760.0,22800.0,7520550,Samsung,22862.85714285714,24366.666666666668,-0.012131715771230511,0.01987724450235251
2015-08-14,22800.0,22800.0,22800.0,22800.0,0,Samsung,22808.571428571428,24281.333333333332,0.0,0.0188497120039589
2015-08-17,22800.0,22820.0,22080.0,22080.0,11360850,Samsung,22777.14285714286,24197.333333333332,-0.03157894736842104,0.01688281662469612
2015-08-18,22360.0,22820.0,22340.0,22620.0,11583600,Samsung,22762.85714285714,24124.666666666668,0.024456521739130377,0.01809046866904577
2015-08-19,23380.0,23520.0,22820.0,23080.0,20070750,Samsung,22800.0,24068.0,0.020335985853227267,0.019736094987119722
2015-08-20,23260.0,23420.0,22600.0,22780.0,10805950,Samsung,22748.571428571428,23984.0,-0.012998266897746968,0.019586074808239564
2015-08-21,21980.0,22560.0,21920.0,22020.0,20442550,Samsung,22597.14285714286,23878.666666666668,-0.03336259877085157,0.02289547228888941
2015-08-24,21760.0,22300.0,20660.0,21580.0,22429600,Samsung,22422.85714285714,23754.0,-0.019981834695731115,0.02340566776999885
2015-08-25,21580.0,22140.0,21340.0,21580.0,19625950,Samsung,22248.571428571428,23656.666666666668,0.0,0.02340566776999885
2015-08-26,21360.0,21480.0,21000.0,21340.0,27947600,Samsung,22142.85714285714,23544.666666666668,-0.011121408711770142,0.021071942872829857
2015-08-27,21640.0,21720.0,21260.0,21340.0,24769400,Samsung,21960.0,23401.333333333332,0.0,0.01708946034271018
2015-08-28,21720.0,21720.0,21460.0,21620.0,23111150,Samsung,21751.428571428572,23252.0,0.013120899718837897,0.015197038555533764
2015-08-31,21420.0,21780.0,21040.0,21780.0,20415450,Samsung,21608.571428571428,23128.0,0.007400555041628065,0.01626384502432777
2015-09-01,21780.0,21960.0,21620.0,21700.0,12018600,Samsung,21562.85714285714,23009.333333333332,-0.0036730945821854544,0.01106306530766883
2015-09-02,21380.0,21900.0,21300.0,21800.0,15634150,Samsung,21594.285714285714,22900.666666666668,0.004608294930875667,0.00785366522925414
2015-09-03,22040.0,22500.0,21860.0,22440.0,15200350,Samsung,21717.14285714286,22826.0,0.029357798165137616,0.013052097203844187
2015-09-04,22440.0,22880.0,22360.0,22580.0,12570650,Samsung,21894.285714285714,22759.333333333332,0.00623885918003575,0.010781515143489984
2015-09-07,22580.0,22580.0,22100.0,22240.0,9590250,Samsung,22022.85714285714,22680.666666666668,-0.015057573073516406,0.01376734989634374
2015-09-08,22260.0,22720.0,22120.0,22620.0,9116500,Samsung,22165.714285714286,22614.666666666668,0.017086330935251803,0.014184483947781611
2015-09-09,22920.0,22940.0,22720.0,22940.0,12968800,Samsung,22331.428571428572,22537.333333333332,0.014146772767462457,0.014476815402916027
2015-09-10,22600.0,22780.0,22360.0,22680.0,18128400,Samsung,22471.428571428572,22483.333333333332,-0.011333914559720992,0.015702533287442425
2015-09-11,22520.0,22660.0,22300.0,22300.0,10208350,Samsung,22542.85714285714,22436.666666666668,-0.01675485008818345,0.018021567953702466
2015-09-14,22400.0,22480.0,22200.0,22480.0,8353650,Samsung,22548.571428571428,22402.666666666668,0.008071748878923701,0.014325050602091601
2015-09-15,22280.0,22560.0,22260.0,22460.0,11647800,Samsung,22531.428571428572,22363.333333333332,-0.000889679715302516,0.01408742920200217
2015-09-16,22420.0,23140.0,22420.0,23040.0,17188150,Samsung,22645.714285714286,22358.666666666668,0.02582368655387346,0.015531548780066124
2015-09-17,23060.0,23140.0,22880.0,23140.0,13698000,Samsung,22720.0,22386.666666666668,0.004340277777777679,0.014621384899532209
2015-09-18,22900.0,23840.0,22700.0,23800.0,21813500,Samsung,22842.85714285714,22422.666666666668,0.028522039757994833,0.017177690167591055
2015-09-21,23260.0,23460.0,23000.0,23000.0,10267950,Samsung,22888.571428571428,22428.666666666668,-0.03361344537815125,0.022141290528156065
2015-09-22,22860.0,23000.0,22600.0,22900.0,12533750,Samsung,22974.285714285714,22420.666666666668,-0.004347826086956497,0.020827321227421248
2015-09-23,22880.0,22880.0,22500.0,22620.0,9882450,Samsung,22994.285714285714,22405.333333333332,-0.012227074235807822,0.02156385464857316
2015-09-24,22520.0,22700.0,22500.0,22520.0,6636050,Samsung,23002.85714285714,22396.0,-0.004420866489831976,0.02165889323986432
2015-09-25,22400.0,22500.0,22180.0,22240.0,10458000,Samsung,22888.571428571428,22377.333333333332,-0.01243339253996445,0.018876121856906358
2015-09-30,22000.0,22680.0,21800.0,22680.0,22946800,Samsung,22822.85714285714,22397.333333333332,0.019784172661870603,0.020925151748879305
2015-10-01,22800.0,22900.0,22420.0,22680.0,12052050,Samsung,22662.85714285714,22399.333333333332,0.0,0.016045581435618347
2015-10-02,22240.0,22660.0,22240.0,22380.0,13715100,Samsung,22574.285714285714,22376.0,-0.013227513227513255,0.011588480151391857
2015-10-05,22380.0,22620.0,22300.0,22300.0,12096750,Samsung,22488.571428571428,22360.0,-0.00357462019660415,0.01158650586363806
2015-10-06,22600.0,23100.0,22540.0,23020.0,19149350,Samsung,22545.714285714286,22393.333333333332,0.03228699551569503,0.017065064069068048
2015-10-07,23960.0,25040.0,23720.0,25020.0,39975100,Samsung,22902.85714285714,22508.0,0.08688097306689846,0.03560155612259075
2015-10-08,25000.0,25580.0,25000.0,25400.0,28533850,Samsung,23354.285714285714,22635.333333333332,0.0151878497202238,0.03343166192076695
2015-10-12,25200.0,25260.0,24940.0,25200.0,18948700,Samsung,23714.285714285714,22764.0,-0.007874015748031482,0.035006311177505724
2015-10-13,25200.0,25440.0,24960.0,25040.0,9900000,Samsung,24051.428571428572,22887.333333333332,-0.006349206349206327,0.03555786322708738
2015-10-14,24960.0,25200.0,24740.0,25080.0,8752550,Samsung,24437.14285714286,23002.666666666668,0.0015974440894568342,0.034021268927246454
2015-10-15,24880.0,25640.0,24860.0,25380.0,12425150,Samsung,24877.14285714286,23122.666666666668,0.011961722488038173,0.032954554994628675
2015-10-16,25300.0,25380.0,25180.0,25300.0,7198400,Samsung,25202.85714285714,23242.666666666668,-0.0031520882584712417,0.033311091659098915
2015-10-19,25140.0,25300.0,24980.0,25120.0,5853500,Samsung,25217.14285714286,23353.333333333332,-0.007114624505928813,0.009456765972441477
2015-10-20,25200.0,25460.0,25120.0,25320.0,7517350,Samsung,25205.714285714286,23449.333333333332,0.0079617834394905,0.007859510674600202
2015-10-21,25300.0,25640.0,25180.0,25400.0,6978350,Samsung,25234.285714285714,23543.333333333332,0.003159557661927437,0.0071947007358031025
2015-10-22,25600.0,25900.0,25380.0,25600.0,11533650,Samsung,25314.285714285714,23655.333333333332,0.007874015748031482,0.006715620008628988
2015-10-23,26000.0,26000.0,25560.0,25780.0,13153550,Samsung,25414.285714285714,23760.666666666668,0.007031250000000044,0.006814980364576358
2015-10-26,25960.0,25960.0,25440.0,25840.0,7608250,Samsung,25480.0,23857.333333333332,0.002327385570209506,0.005831609229429836
2015-10-27,25640.0,25980.0,25620.0,25960.0,6612050,Samsung,25574.285714285714,23966.666666666668,0.004643962848297267,0.0052710800565367675
2015-10-28,25880.0,26160.0,25820.0,26160.0,13565150,Samsung,25722.85714285714,24095.333333333332,0.007704160246533087,0.0023973099761358642
2015-10-29,26600.0,27840.0,26480.0,26500.0,31523550,Samsung,25891.428571428572,24229.333333333332,0.012996941896024516,0.0036017703779960353
2015-10-30,26900.0,27800.0,26820.0,27440.0,25469250,Samsung,26182.85714285714,24395.333333333332,0.035471698113207495,0.011215266561051374
2015-11-02,27700.0,27860.0,27480.0,27660.0,19327300,Samsung,26477.14285714286,24549.333333333332,0.008017492711370311,0.01120841080399041
2015-11-03,27620.0,27620.0,27000.0,27040.0,15092000,Samsung,26657.14285714286,24679.333333333332,-0.022415039768618916,0.017033064252215548
2015-11-04,27040.0,27220.0,26520.0,26600.0,14053500,Samsung,26765.714285714286,24772.666666666668,-0.016272189349112454,0.019190909044008962
2015-11-05,26600.0,27080.0,26600.0,26840.0,8652100,Samsung,26891.428571428572,24900.666666666668,0.009022556390977376,0.019274907987712406
2015-11-06,26860.0,26960.0,26600.0,26760.0,8216100,Samsung,26977.14285714286,25029.333333333332,-0.0029806259314456574,0.01944116317699159
2015-11-09,26760.0,26880.0,26420.0,26880.0,9283050,Samsung,27031.428571428572,25171.333333333332,0.004484304932735439,0.019002519798684694
2015-11-10,26720.0,26820.0,26280.0,26420.0,9877550,Samsung,26885.714285714286,25301.333333333332,-0.017113095238095233,0.013143202261227742
2015-11-11,26420.0,26900.0,26420.0,26660.0,7022450,Samsung,26742.85714285714,25448.666666666668,0.009084027252081794,0.013328493545727208
2015-11-12,26660.0,26680.0,26340.0,26340.0,7870850,Samsung,26642.85714285714,25570.666666666668,-0.012003000750187565,0.011544868304756973
2015-11-13,26340.0,26340.0,26000.0,26000.0,8883850,Samsung,26557.14285714286,25681.333333333332,-0.012908124525436548,0.010990143863355584
2015-11-16,25820.0,25820.0,25260.0,25260.0,13785250,Samsung,26331.428571428572,25777.333333333332,-0.028461538461538427,0.012990907380279058
2015-11-17,25500.0,25800.0,25400.0,25400.0,9309200,Samsung,26137.14285714286,25880.666666666668,0.005542359461599311,0.013963633746173041
2015-11-18,25440.0,25800.0,25440.0,25620.0,8386750,Samsung,25957.14285714286,25967.333333333332,0.008661417322834541,0.014626637098850932
2015-11-19,25800.0,25800.0,25420.0,25780.0,9642500,Samsung,25865.714285714286,25992.666666666668,0.006245120999219367,0.014530539187400843
2015-11-20,25780.0,25920.0,25560.0,25700.0,8436000,Samsung,25728.571428571428,26002.666666666668,-0.003103180760279267,0.013476522275575838
2015-11-23,25700.0,26040.0,25620.0,25640.0,9941000,Samsung,25628.571428571428,26017.333333333332,-0.0023346303501945442,0.013148162155041495
2015-11-24,25640.0,26100.0,25640.0,25980.0,7978000,Samsung,25625.714285714286,26048.666666666668,0.013260530421216776,0.013818558476522044
2015-11-25,26000.0,26200.0,25980.0,25980.0,7131350,Samsung,25728.571428571428,26078.666666666668,0.0,0.006075604981262967
2015-11-26,25980.0,26800.0,25980.0,26700.0,9290000,Samsung,25914.285714285714,26122.666666666668,0.02771362586605086,0.010874211516525222
2015-11-27,26900.0,26980.0,26540.0,26540.0,8492700,Samsung,26045.714285714286,26164.0,-0.005992509363295873,0.011908681498521386
2015-11-30,26500.0,26500.0,25680.0,25680.0,26700300,Samsung,26031.428571428572,26182.666666666668,-0.03240391861341374,0.01845590458103845
2015-12-01,25880.0,26440.0,25760.0,26420.0,12605650,Samsung,26134.285714285714,26219.333333333332,0.028816199376947127,0.02138924963942209
2015-12-02,26420.0,26440.0,25880.0,26000.0,11481400,Samsung,26185.714285714286,26239.333333333332,-0.015897047691143085,0.022651683876674465
2015-12-03,25900.0,25940.0,25720.0,25800.0,8334750,Samsung,26160.0,26246.0,-0.007692307692307665,0.022330762567514997
2015-12-04,25500.0,25600.0,25340.0,25380.0,9635550,Samsung,26074.285714285714,26232.666666666668,-0.016279069767441867,0.02307145062050613
2015-12-07,25380.0,25500.0,25240.0,25240.0,9805350,Samsung,25865.714285714286,26212.666666666668,-0.005516154452324673,0.018672757481403107
2015-12-08,25240.0,25440.0,25240.0,25240.0,6916100,Samsung,25680.0,26188.666666666668,0.0,0.018908105801577434
2015-12-09,25240.0,25500.0,25240.0,25260.0,9090600,Samsung,25620.0,26158.666666666668,0.0007923930269413404,0.015290359107024224
2015-12-10,25260.0,25860.0,25260.0,25660.0,15193350,Samsung,25511.428571428572,26130.666666666668,0.015835312747426666,0.01110984536641436
2015-12-11,25660.0,25900.0,25440.0,25680.0,10336450,Samsung,25465.714285714286,26072.0,0.000779423226812126,0.00988055470726858
2015-12-14,25460.0,25460.0,25100.0,25220.0,11140050,Samsung,25382.85714285714,25990.666666666668,-0.01791277258566981,0.011527135040081871
2015-12-15,25220.0,25600.0,25200.0,25540.0,8774700,Samsung,25405.714285714286,25940.666666666668,0.012688342585249757,0.011239313165164067
2015-12-16,25560.0,26200.0,25560.0,25980.0,10398100,Samsung,25511.428571428572,25920.0,0.017227877838684513,0.012295560782541265
2015-12-17,26020.0,26160.0,25500.0,25800.0,8733850,Samsung,25591.428571428572,25885.333333333332,-0.006928406466512715,0.012951510287652294
2015-12-18,25300.0,25760.0,25280.0,25560.0,8418450,Samsung,25634.285714285714,25845.333333333332,-0.009302325581395321,0.013800003995650026
2015-12-21,25560.0,25700.0,25220.0,25600.0,8023300,Samsung,25625.714285714286,25802.666666666668,0.0015649452269170805,0.012354131454232854
2015-12-22,25600.0,25840.0,25340.0,25840.0,10309600,Samsung,25648.571428571428,25783.333333333332,0.009374999999999911,0.01289121065684191
2015-12-23,25840.0,25980.0,25640.0,25900.0,10357400,Samsung,25745.714285714286,25758.0,0.0023219814241486336,0.009868498445448922
2015-12-24,25900.0,26000.0,25700.0,25700.0,7807550,Samsung,25768.571428571428,25736.666666666668,-0.007722007722007707,0.009836935386140588
2015-12-28,25700.0,25780.0,25320.0,25320.0,11361500,Samsung,25674.285714285714,25714.0,-0.01478599221789878,0.008324645923419804
2015-12-29,25300.0,25320.0,24820.0,25080.0,11647200,Samsung,25571.428571428572,25708.0,-0.009478672985781977,0.008545447800549463
2015-12-30,25200.0,25440.0,25080.0,25200.0,10197900,Samsung,25520.0,25701.333333333332,0.004784688995215225,0.008746084775051458
2016-01-04,25200.0,25200.0,24100.0,24100.0,15346950,Samsung,25305.714285714286,25650.666666666668,-0.04365079365079361,0.017747074917210406
2016-01-05,24040.0,24360.0,23720.0,24160.0,10800100,Samsung,25065.714285714286,25596.666666666668,0.0024896265560165887,0.01675764893253607
2016-01-06,24160.0,24160.0,23360.0,23500.0,18337600,Samsung,24722.85714285714,25523.333333333332,-0.027317880794701987,0.017034342643993044
2016-01-07,23320.0,23660.0,23020.0,23260.0,14119400,Samsung,24374.285714285714,25444.0,-0.010212765957446801,0.016915017711302934
2016-01-08,23260.0,23720.0,23260.0,23420.0,12888150,Samsung,24102.85714285714,25358.666666666668,0.006878761822871837,0.018645927045788654
2016-01-11,23120.0,23320.0,22920.0,23040.0,12063850,Samsung,23811.428571428572,25260.666666666668,-0.016225448334756587,0.018732600806191466
2016-01-12,22960.0,23320.0,22880.0,22920.0,10314150,Samsung,23485.714285714286,25134.666666666668,-0.00520833333333337,0.017596058479616337
2016-01-13,23060.0,23180.0,22960.0,22960.0,7165800,Samsung,23322.85714285714,25015.333333333332,0.0017452006980802626,0.012044501067411737
2016-01-14,22620.0,22840.0,22620.0,22760.0,10451100,Samsung,23122.85714285714,24918.0,-0.008710801393728262,0.011321439470896534
2016-01-15,22800.0,23040.0,22480.0,22640.0,10473200,Samsung,23000.0,24792.0,-0.005272407732864637,0.007671367169795515
2016-01-18,21760.0,22660.0,21760.0,22520.0,16010700,Samsung,22894.285714285714,24676.0,-0.005300353356890497,0.0073641513934155495
2016-01-19,22560.0,23420.0,22560.0,23420.0,10362100,Samsung,22894.285714285714,24596.666666666668,0.03996447602131448,0.018358587427476494
2016-01-20,23200.0,23200.0,22640.0,22760.0,8352600,Samsung,22854.285714285714,24509.333333333332,-0.02818104184457726,0.02055927435945766
2016-01-21,22660.0,23100.0,22500.0,22620.0,9517600,Samsung,22811.428571428572,24422.0,-0.0061511423550087985,0.020590176410296097
2016-01-22,22900.0,23360.0,22900.0,23360.0,7376400,Samsung,22868.571428571428,24359.333333333332,0.03271441202475689,0.024424219857597896
2016-01-25,23440.0,23520.0,23120.0,23240.0,7995650,Samsung,22937.14285714286,24292.0,-0.005136986301369828,0.024181521472198177
2016-01-26,23100.0,23140.0,22720.0,22740.0,7619950,Samsung,22951.428571428572,24194.666666666668,-0.02151462994836484,0.025855107946563077
2016-01-27,22520.0,23500.0,22520.0,23500.0,13811850,Samsung,23091.428571428572,24122.0,0.033421284080914715,0.02832803697458298
2016-01-28,23280.0,23360.0,22780.0,22900.0,15795600,Samsung,23017.14285714286,24044.666666666668,-0.025531914893617058,0.02614394205601305
2016-01-29,22800.0,23000.0,22320.0,23000.0,21849150,Samsung,23051.428571428572,23960.0,0.004366812227074135,0.02367881017170579
2016-02-01,23040.0,23260.0,23020.0,23260.0,12998950,Samsung,23142.85714285714,23869.333333333332,0.011304347826087024,0.023628569803512547
2016-02-02,23220.0,23320.0,22940.0,23120.0,8317400,Samsung,23108.571428571428,23780.0,-0.006018916595012858,0.020121951114549463
2016-02-03,23000.0,23040.0,22740.0,22920.0,8725350,Samsung,23062.85714285714,23692.0,-0.00865051903114189,0.02027679940602535
2016-02-04,23000.0,23220.0,22960.0,23120.0,12397950,Samsung,23117.14285714286,23609.333333333332,0.008726003490401313,0.018522881190614862
2016-02-05,23120.0,23380.0,23120.0,23280.0,9404700,Samsung,23085.714285714286,23524.0,0.006920415224913601,0.013054728654337723
2016-02-11,22360.0,22740.0,22360.0,22600.0,15263100,Samsung,23042.85714285714,23414.0,-0.029209621993127155,0.014216257889127388
2016-02-12,22600.0,23020.0,22440.0,22600.0,12811600,Samsung,22985.714285714286,23310.666666666668,0.0,0.013994917343078835
2016-02-15,23080.0,23200.0,22880.0,23080.0,9157300,Samsung,22960.0,23236.0,0.02123893805309729,0.015981245359900666
2016-02-16,23160.0,23580.0,23140.0,23360.0,9020050,Samsung,22994.285714285714,23178.666666666668,0.0121317157712304,0.016495238462620958
2016-02-17,23580.0,24020.0,23380.0,23700.0,12303100,Samsung,23105.714285714286,23128.666666666668,0.014554794520547976,0.01642492925577794
2016-02-18,24060.0,24060.0,23560.0,23740.0,11124050,Samsung,23194.285714285714,23116.666666666668,0.0016877637130801038,0.01636764311758834
2016-02-19,23740.0,23900.0,23480.0,23800.0,8842600,Samsung,23268.571428571428,23104.666666666668,0.002527379949452291,0.016316825619428137
2016-02-22,23800.0,23840.0,23320.0,23500.0,8744950,Samsung,23397.14285714286,23104.666666666668,-0.012605042016806678,0.011217115612576158
2016-02-23,23580.0,23780.0,23460.0,23620.0,7383700,Samsung,23542.85714285714,23116.666666666668,0.005106382978723456,0.010951492870258128
2016-02-24,23560.0,23580.0,23220.0,23440.0,7024200,Samsung,23594.285714285714,23117.333333333332,-0.007620660457239636,0.009795494794374793
2016-02-25,23440.0,23740.0,23440.0,23580.0,6681750,Samsung,23625.714285714286,23135.333333333332,0.005972696245733822,0.00900516791849676
2016-02-26,23600.0,23740.0,23440.0,23440.0,8867200,Samsung,23588.571428571428,23152.666666666668,-0.00593723494486853,0.007145175377921322
2016-02-29,23580.0,23880.0,23520.0,23560.0,14434000,Samsung,23562.85714285714,23172.666666666668,0.005119453924914641,0.007512829930031799
2016-03-02,24000.0,24140.0,23920.0,23940.0,11818600,Samsung,23582.85714285714,23212.0,0.016129032258064502,0.009957292956766624
2016-03-03,24260.0,24400.0,24040.0,24400.0,10949550,Samsung,23711.428571428572,23270.666666666668,0.019214703425229684,0.010037568602353455
2016-03-04,24400.0,24560.0,24040.0,24300.0,10074500,Samsung,23808.571428571428,23330.0,-0.004098360655737654,0.010669507429449625
2016-03-07,24400.0,24620.0,24300.0,24460.0,6568800,Samsung,23954.285714285714,23364.666666666668,0.006584362139917754,0.009333445482044149
2016-03-08,24460.0,24480.0,23720.0,23840.0,10810100,Samsung,23991.428571428572,23400.666666666668,-0.025347506132461173,0.015132853180319754
2016-03-09,23760.0,23980.0,23540.0,23880.0,9169000,Samsung,24054.285714285714,23442.666666666668,0.001677852348993314,0.014764376487848884
2016-03-10,24160.0,24720.0,24020.0,24500.0,14177000,Samsung,24188.571428571428,23480.666666666668,0.025963149078726877,0.017218765397296252
2016-03-11,24500.0,25060.0,24320.0,24980.0,13361250,Samsung,24337.14285714286,23538.666666666668,0.01959183673469389,0.017612494819681468
2016-03-14,25340.0,25460.0,24980.0,25100.0,10857700,Samsung,24437.14285714286,23617.333333333332,0.0048038430744594685,0.01665765600438251
2016-03-15,25100.0,25280.0,24920.0,25060.0,8640400,Samsung,24545.714285714286,23669.333333333332,-0.0015936254980080111,0.016476412321427523
2016-03-16,25120.0,25260.0,25060.0,25120.0,7342800,Samsung,24640.0,23743.333333333332,0.002394253790901857,0.016465265566821916
2016-03-17,25300.0,25920.0,25140.0,25260.0,12343450,Samsung,24842.85714285714,23818.666666666668,0.005573248407643394,0.010293617965956589
2016-03-18,25560.0,25560.0,25260.0,25460.0,11265700,Samsung,25068.571428571428,23892.0,0.007917656373713333,0.009882045538652474
2016-03-21,25480.0,25580.0,25160.0,25340.0,9058500,Samsung,25188.571428571428,23966.0,-0.004713275726630051,0.0078130728529261
2016-03-22,25340.0,25580.0,25240.0,25380.0,10143600,Samsung,25245.714285714286,24048.0,0.0015785319652723562,0.004347689606558776
2016-03-23,25380.0,25580.0,25240.0,25580.0,9870900,Samsung,25314.285714285714,24130.0,0.007880220646178104,0.004779374905557096
2016-03-24,25580.0,25800.0,25320.0,25640.0,10939750,Samsung,25397.14285714286,24208.666666666668,0.0023455824863174435,0.004404050598989555
2016-03-25,25660.0,25800.0,25560.0,25760.0,7172300,Samsung,25488.571428571428,24314.0,0.004680187207488196,0.0044119696436062256
2016-03-28,25760.0,26000.0,25760.0,25880.0,6060900,Samsung,25577.14285714286,24423.333333333332,0.004658385093167627,0.004357292821948975
2016-03-29,25880.0,26000.0,25700.0,25800.0,8622700,Samsung,25625.714285714286,24514.0,-0.0030911901081916993,0.004473071969802725
2016-03-30,26200.0,26420.0,26040.0,26160.0,13380250,Samsung,25742.85714285714,24607.333333333332,0.013953488372093092,0.005348178553216627
2016-03-31,26120.0,26280.0,25960.0,26240.0,19130750,Samsung,25865.714285714286,24692.0,0.003058103975535076,0.005238254644306841
2016-04-01,25980.0,26180.0,25420.0,25580.0,13557800,Samsung,25865.714285714286,24753.333333333332,-0.02515243902439024,0.012215630304945895
2016-04-04,25580.0,26100.0,25580.0,26100.0,9402300,Samsung,25931.428571428572,24830.0,0.020328381548084362,0.014460007092691093
2016-04-05,25980.0,25980.0,25200.0,25200.0,11815950,Samsung,25851.428571428572,24886.666666666668,-0.03448275862068961,0.02003695765943342
2016-04-06,25380.0,25820.0,25360.0,25700.0,9211700,Samsung,25825.714285714286,24956.0,0.01984126984126977,0.02174794837028138
2016-04-07,26000.0,26000.0,25160.0,25380.0,12939750,Samsung,25765.714285714286,25020.666666666668,-0.012451361867704236,0.022196001208713904
2016-04-08,25380.0,25380.0,24800.0,24920.0,12593400,Samsung,25588.571428571428,25065.333333333332,-0.01812450748620964,0.021626233038860004
2016-04-11,24920.0,25420.0,24920.0,25320.0,6034650,Samsung,25457.14285714286,25128.0,0.01605136436597121,0.023111177569931207
2016-04-12,25400.0,25620.0,25320.0,25500.0,6702700,Samsung,25445.714285714286,25192.666666666668,0.007109004739336511,0.021553310993230684
2016-04-14,26000.0,26040.0,25780.0,26000.0,16766350,Samsung,25431.428571428572,25261.333333333332,0.019607843137254832,0.02144009356185102
2016-04-15,26180.0,26200.0,25800.0,26000.0,6829950,Samsung,25545.714285714286,25314.666666666668,0.0,0.015401670578786737
2016-04-18,25900.0,26100.0,25840.0,25980.0,6423700,Samsung,25585.714285714286,25370.666666666668,-0.0007692307692307443,0.013893263288205629
2016-04-19,25880.0,25920.0,25660.0,25760.0,7238300,Samsung,25640.0,25414.0,-0.008468052347959998,0.013288722637050223
2016-04-20,25640.0,26000.0,25640.0,25980.0,8598600,Samsung,25791.428571428572,25485.333333333332,0.008540372670807539,0.009874487353414995
2016-04-21,26000.0,26020.0,25760.0,25880.0,7254450,Samsung,25871.428571428572,25552.0,-0.0038491147036181506,0.009352699861147845
2016-04-22,25880.0,25880.0,25540.0,25600.0,5741500,Samsung,25885.714285714286,25588.666666666668,-0.010819165378670781,0.010480169248520481
2016-04-25,25700.0,25700.0,25420.0,25620.0,4597850,Samsung,25831.428571428572,25610.0,0.0007812499999999556,0.006420455493678894
2016-04-26,25700.0,26100.0,25660.0,25920.0,8345050,Samsung,25820.0,25637.333333333332,0.011709601873536313,0.008303136782826327
2016-04-27,25880.0,26000.0,25720.0,26000.0,8297300,Samsung,25822.85714285714,25668.666666666668,0.0030864197530864335,0.008402672653581996
2016-04-28,26000.0,26000.0,25220.0,25300.0,14653450,Samsung,25757.14285714286,25674.666666666668,-0.02692307692307694,0.013123087238967166
2016-04-29,25200.0,25340.0,24840.0,24900.0,16253900,Samsung,25602.85714285714,25662.666666666668,-0.015810276679841917,0.012936004702798659
2016-05-02,24940.0,25240.0,24900.0,25000.0,7027600,Samsung,25477.14285714286,25647.333333333332,0.004016064257028162,0.013481496935313019
2016-05-03,25340.0,25400.0,25120.0,25220.0,7903300,Samsung,25422.85714285714,25643.333333333332,0.008799999999999919,0.014060940102656776
2016-05-04,25440.0,25800.0,25240.0,25800.0,14702750,Samsung,25448.571428571428,25657.333333333332,0.022997620935765184,0.01700516883896906
2016-05-09,25800.0,26000.0,25700.0,25980.0,13718100,Samsung,25457.14285714286,25670.666666666668,0.006976744186046435,0.016603541564128545
2016-05-10,25980.0,26000.0,25760.0,25920.0,8559550,Samsung,25445.714285714286,25680.0,-0.002309468822170868,0.016585938385211756
2016-05-11,25920.0,25980.0,25740.0,25840.0,8834400,Samsung,25522.85714285714,25682.666666666668,-0.0030864197530864335,0.012037472263562336
2016-05-12,25840.0,25840.0,25500.0,25620.0,7615100,Samsung,25625.714285714286,25674.0,-0.008513931888544879,0.010322510325752028
2016-05-13,25620.0,25620.0,25020.0,25060.0,12284900,Samsung,25634.285714285714,25649.333333333332,-0.021857923497267784,0.014252658355908785
2016-05-16,25060.0,25260.0,24940.0,24960.0,11720150,Samsung,25597.14285714286,25609.333333333332,-0.003990422984836428,0.013813820435214966
2016-05-17,24980.0,25300.0,24980.0,25280.0,9183550,Samsung,25522.85714285714,25577.333333333332,0.012820512820512775,0.011084221287535353
2016-05-18,25280.0,25420.0,25100.0,25360.0,9169600,Samsung,25434.285714285714,25570.0,0.0031645569620253333,0.010604101173502179
2016-05-19,25360.0,25540.0,25320.0,25400.0,10012450,Samsung,25360.0,25546.666666666668,0.001577287066246047,0.010770932320798196
2016-05-20,25400.0,25600.0,25380.0,25380.0,7960550,Samsung,25294.285714285714,25552.666666666668,-0.0007874015748031704,0.010797217481632985
2016-05-23,25380.0,25720.0,25380.0,25720.0,8112550,Samsung,25308.571428571428,25553.333333333332,0.013396375098502666,0.011888181982387967
2016-05-24,25720.0,25780.0,25360.0,25420.0,10434600,Samsung,25360.0,25554.666666666668,-0.011664074650077794,0.008933264557319888
2016-05-25,25660.0,25960.0,25480.0,25900.0,11862750,Samsung,25494.285714285714,25587.333333333332,0.018882769472855943,0.010407080988605842
2016-05-26,25980.0,26060.0,25900.0,25920.0,12653650,Samsung,25585.714285714286,25607.333333333332,0.0007722007722008595,0.00995027498038845
2016-05-27,26000.0,26020.0,25460.0,25640.0,13744550,Samsung,25625.714285714286,25612.0,-0.010802469135802517,0.01135771835548905
2016-05-30,25940.0,25940.0,25480.0,25600.0,10315350,Samsung,25654.285714285714,25598.666666666668,-0.0015600624024960652,0.011421635358174637
2016-05-31,25600.0,26000.0,25360.0,25840.0,62527700,Samsung,25720.0,25593.333333333332,0.009374999999999911,0.011770883543392691
2016-06-01,25960.0,26820.0,25900.0,26660.0,23504000,Samsung,25854.285714285714,25616.0,0.03173374613003088,0.01588737515722949
2016-06-02,27000.0,27440.0,26920.0,27300.0,23806950,Samsung,26122.85714285714,25667.333333333332,0.02400600150037513,0.015267177585541162
2016-06-03,27400.0,27580.0,27280.0,27540.0,17066200,Samsung,26357.14285714286,25719.333333333332,0.00879120879120876,0.01479566369529588
2016-06-07,27720.0,28040.0,27600.0,27960.0,23142150,Samsung,26648.571428571428,25788.666666666668,0.015250544662309462,0.01447830319844479
2016-06-08,28380.0,28380.0,27780.0,28120.0,18808100,Samsung,27002.85714285714,25872.666666666668,0.005722460658083017,0.011344562750253135
2016-06-09,28160.0,28600.0,28120.0,28600.0,25768750,Samsung,27431.428571428572,25972.0,0.017069701280227667,0.00926316635532991
2016-06-10,28480.0,28500.0,28080.0,28120.0,14484050,Samsung,27757.14285714286,26045.333333333332,-0.016783216783216814,0.015532504481491226
2016-06-13,27920.0,27920.0,27240.0,27420.0,15248300,Samsung,27865.714285714286,26092.666666666668,-0.024893314366998598,0.018212298307340582
2016-06-14,27420.0,27720.0,27380.0,27600.0,12273050,Samsung,27908.571428571428,26169.333333333332,0.006564551422319376,0.01611833021032564
2016-06-15,27700.0,28320.0,27660.0,28260.0,15334450,Samsung,28011.428571428572,26281.333333333332,0.023913043478260843,0.018120153034695503
2016-06-16,28260.0,28340.0,27900.0,28180.0,14621550,Samsung,28042.85714285714,26387.333333333332,-0.0028308563340410098,0.017499747663208328
2016-06-17,28200.0,28700.0,28200.0,28520.0,16419700,Samsung,28100.0,26497.333333333332,0.012065294535131388,0.017928770741916386
2016-06-20,28540.0,28960.0,28520.0,28620.0,13515800,Samsung,28102.85714285714,26591.333333333332,0.003506311360448766,0.016742262642631164
2016-06-21,28640.0,28980.0,28520.0,28960.0,10020550,Samsung,28222.85714285714,26690.666666666668,0.01187980433263447,0.015336666239059297
2016-06-22,28920.0,29000.0,28620.0,28900.0,8948250,Samsung,28434.285714285714,26790.0,-0.002071823204419898,0.009350080457379471
2016-06-23,28880.0,28900.0,28540.0,28600.0,11256300,Samsung,28577.14285714286,26882.0,-0.01038062283737029,0.011582414709966458
2016-06-24,28900.0,28900.0,27200.0,28000.0,20552600,Samsung,28540.0,26961.333333333332,-0.020979020979020935,0.011888985381343897
2016-06-27,28000.0,28100.0,27700.0,27960.0,11839000,Samsung,28508.571428571428,27058.0,-0.0014285714285714457,0.011869878626883273
2016-06-28,27800.0,28080.0,27580.0,27980.0,10718950,Samsung,28431.428571428572,27158.666666666668,0.0007153075822603494,0.010471200003783253
2016-06-29,28160.0,28240.0,27820.0,27920.0,10527050,Samsung,28331.428571428572,27246.666666666668,-0.0021443888491780028,0.010126971877140501
2016-06-30,28160.0,28900.0,27940.0,28500.0,13671700,Samsung,28265.714285714286,27351.333333333332,0.02077363896848139,0.01262585999386613
2016-07-01,28540.0,29580.0,28540.0,29320.0,14393600,Samsung,28325.714285714286,27482.0,0.02877192982456145,0.01722803154423327
2016-07-04,29280.0,29480.0,29020.0,29320.0,7995000,Samsung,28428.571428571428,27613.333333333332,0.0,0.016392158626851096
2016-07-05,29320.0,29500.0,29240.0,29380.0,7870350,Samsung,28625.714285714286,27735.333333333332,0.0020463847203273655,0.012459375990561282
2016-07-06,28940.0,29040.0,28240.0,28420.0,16749150,Samsung,28691.428571428572,27835.333333333332,-0.032675289312457445,0.01954760162473574
2016-07-07,28420.0,29000.0,28320.0,29000.0,11495200,Samsung,28837.14285714286,27938.666666666668,0.020408163265306145,0.020635076131105858
2016-07-08,29000.0,29500.0,28980.0,29200.0,13498150,Samsung,29020.0,28048.0,0.006896551724137945,0.020371890465530392
2016-07-11,29200.0,30000.0,29200.0,29780.0,14056800,Samsung,29202.85714285714,28186.0,0.019863013698630194,0.020268966909134135
2016-07-12,29980.0,30100.0,29200.0,29280.0,11024700,Samsung,29197.14285714286,28308.666666666668,-0.016789791806581578,0.019202192582690642
2016-07-13,29920.0,29920.0,29260.0,29620.0,10009900,Samsung,29240.0,28434.666666666668,0.011612021857923427,0.019700905946132764
2016-07-14,29620.0,30000.0,29520.0,30000.0,12430250,Samsung,29328.571428571428,28546.0,0.01282916948008106,0.020155823002300944
2016-07-15,30000.0,30440.0,29720.0,30360.0,11623150,Samsung,29605.714285714286,28648.0,0.01200000000000001,0.01255714027741572
2016-07-18,30360.0,30660.0,30000.0,30660.0,11567200,Samsung,29842.85714285714,28752.0,0.009881422924901129,0.011635990066483057
2016-07-19,30560.0,30800.0,30440.0,30660.0,10122250,Samsung,30051.428571428572,28842.0,0.0,0.012034266993171542
2016-07-20,30660.0,30840.0,30480.0,30800.0,7773150,Samsung,30197.14285714286,28931.333333333332,0.004566210045662045,0.01062787416077235
2016-07-21,30800.0,30940.0,30740.0,30860.0,8544700,Samsung,30422.85714285714,29006.666666666668,0.001948051948051921,0.005274071556399133
2016-07-22,30120.0,30560.0,30120.0,30320.0,8585150,Samsung,30522.85714285714,29080.0,-0.017498379779650075,0.010461419473180985
2016-07-25,30000.0,30460.0,29900.0,30040.0,7732500,Samsung,30528.571428571428,29167.333333333332,-0.00923482849604218,0.01046715672315802
2016-07-26,30000.0,30620.0,29960.0,30600.0,7228500,Samsung,30562.85714285714,29267.333333333332,0.018641810918774926,0.011912378487283893
2016-07-27,30240.0,30580.0,30240.0,30540.0,6335050,Samsung,30545.714285714286,29343.333333333332,-0.0019607843137254832,0.011296711890357301
2016-07-28,30660.0,30720.0,29960.0,30140.0,9503700,Samsung,30471.428571428572,29408.666666666668,-0.013097576948264522,0.012244009382143387
2016-07-29,30400.0,31140.0,30220.0,30780.0,14985600,Samsung,30468.571428571428,29484.0,0.021234240212342437,0.015105580515268283
2016-08-01,31380.0,31600.0,31200.0,31360.0,11515400,Samsung,30540.0,29575.333333333332,0.018843404808317032,0.016730283593205834
2016-08-02,31360.0,31360.0,30920.0,30960.0,8315800,Samsung,30631.428571428572,29642.0,-0.012755102040816313,0.015862736851408706
2016-08-03,30960.0,30960.0,30340.0,30340.0,7504900,Samsung,30674.285714285714,29690.0,-0.020025839793281652,0.01768092643376001
2016-08-04,30380.0,30660.0,30340.0,30340.0,7009950,Samsung,30637.14285714286,29748.0,0.0,0.016002493325705636
2016-08-05,30580.0,31280.0,30500.0,31220.0,6958850,Samsung,30734.285714285714,29855.333333333332,0.029004614370468085,0.019602685619135574
2016-08-08,31320.0,31500.0,31120.0,31380.0,11125150,Samsung,30911.428571428572,29969.333333333332,0.005124919923126248,0.01822116136912539
2016-08-09,31480.0,31580.0,31140.0,31340.0,9023200,Samsung,30991.428571428572,30081.333333333332,-0.001274697259400881,0.01701388962763418
2016-08-10,31340.0,31400.0,30680.0,30820.0,12340350,Samsung,30914.285714285714,30178.0,-0.01659221442246328,0.016679361058440055
2016-08-11,30820.0,31180.0,30520.0,31180.0,10533600,Samsung,30945.714285714286,30267.333333333332,0.011680726800778807,0.016698189770985097
2016-08-12,31180.0,31400.0,30880.0,30900.0,10474850,Samsung,31025.714285714286,30320.0,-0.008980115458627314,0.014777058284251103
2016-08-16,30900.0,31520.0,30900.0,31360.0,10843100,Samsung,31171.428571428572,30388.0,0.014886731391585695,0.015381086447860423
2016-08-17,31380.0,31400.0,31020.0,31320.0,7446450,Samsung,31185.714285714286,30452.666666666668,-0.0012755102040816757,0.011118260124852376
2016-08-18,31340.0,32880.0,31320.0,32800.0,18327050,Samsung,31388.571428571428,30598.666666666668,0.04725415070242667,0.021023245664799323
2016-08-19,32760.0,33500.0,32720.0,33500.0,16805150,Samsung,31697.14285714286,30748.666666666668,0.021341463414634054,0.021359337585361734
2016-08-22,33480.0,33840.0,33180.0,33300.0,12612200,Samsung,32051.428571428572,30885.333333333332,-0.005970149253731294,0.019468874084175154
2016-08-23,33300.0,33880.0,33140.0,33740.0,11545700,Samsung,32417.14285714286,31017.333333333332,0.013213213213213226,0.019482785214627558
2016-08-24,33600.0,33640.0,32720.0,33060.0,15938550,Samsung,32725.714285714286,31143.333333333332,-0.02015411973918202,0.021764222583350597
2016-08-25,32600.0,33180.0,32440.0,32780.0,14173800,Samsung,32928.57142857143,31248.666666666668,-0.008469449485783431,0.022644716672335766
2016-08-26,32120.0,32460.0,32060.0,32240.0,12058000,Samsung,33060.0,31323.333333333332,-0.016473459426479597,0.02419687475000824
2016-08-29,32040.0,32800.0,31940.0,32800.0,8925750,Samsung,33060.0,31404.666666666668,0.017369727047146455,0.01691442761794038
2016-08-30,32940.0,33420.0,32660.0,32900.0,7849600,Samsung,32974.28571428572,31479.333333333332,0.0030487804878047697,0.01430093975535632
2016-08-31,32820.0,32820.0,32220.0,32400.0,20532200,Samsung,32845.71428571428,31537.333333333332,-0.015197568389057725,0.015079202711269309
2016-09-01,31660.0,31760.0,31260.0,31740.0,18790150,Samsung,32560.0,31568.666666666668,-0.020370370370370372,0.014069447504106766
2016-09-02,31900.0,32260.0,31760.0,31940.0,8153000,Samsung,32400.0,31604.666666666668,0.006301197227473132,0.014003641725083038
2016-09-05,31800.0,32300.0,31700.0,32120.0,8383800,Samsung,32305.714285714286,31664.666666666668,0.005635566687539173,0.014401370007614777
2016-09-06,32140.0,32900.0,31940.0,32860.0,7660150,Samsung,32394.285714285714,31758.666666666668,0.023038605230386144,0.015827244646239753
2016-09-07,32960.0,33040.0,32420.0,32420.0,9591850,Samsung,32340.0,31819.333333333332,-0.013390139987827121,0.015382199279905638
2016-09-08,32460.0,32780.0,32280.0,32780.0,12070850,Samsung,32322.85714285714,31894.0,0.011104256631708775,0.016070557063101305
2016-09-09,32220.0,32360.0,31280.0,31500.0,13258400,Samsung,32194.285714285714,31939.333333333332,-0.03904820012202559,0.02137947961336899
2016-09-12,29800.0,30120.0,29120.0,29300.0,26499350,Samsung,31845.714285714286,31890.0,-0.06984126984126982,0.03285806906322234
2016-09-13,30160.0,30980.0,29900.0,30540.0,24717250,Samsung,31645.714285714286,31862.666666666668,0.04232081911262808,0.03835821638225528
2016-09-19,30760.0,31380.0,30720.0,31160.0,22408150,Samsung,31508.571428571428,31869.333333333332,0.02030124426981006,0.03946757102092367
2016-09-20,31180.0,31760.0,31180.0,31700.0,12921150,Samsung,31342.85714285714,31914.666666666668,0.017329910141206772,0.03887889735106045
2016-09-21,31900.0,32020.0,31520.0,31840.0,10509050,Samsung,31260.0,31964.666666666668,0.00441640378548902,0.03877966853764935
2016-09-22,32000.0,32820.0,31980.0,32360.0,11429950,Samsung,31200.0,32002.666666666668,0.01633165829145722,0.03912102940250593
2016-09-23,31640.0,31960.0,31320.0,31420.0,18299650,Samsung,31188.571428571428,32004.0,-0.029048207663782466,0.03766271090943927
2016-09-26,31420.0,31920.0,31280.0,31360.0,14524800,Samsung,31482.85714285714,32004.666666666668,-0.0019096117122852085,0.022144739357925637
2016-09-27,31000.0,31500.0,30660.0,31380.0,9834400,Samsung,31602.85714285714,32023.333333333332,0.0006377551020408934,0.01700035288223906
2016-09-28,31080.0,31460.0,31080.0,31340.0,8706400,Samsung,31628.571428571428,32028.666666666668,-0.001274697259400881,0.015438185699176007
2016-09-29,31460.0,32380.0,31440.0,32000.0,11397550,Samsung,31671.428571428572,32065.333333333332,0.02105934907466489,0.01614672667464343
2016-09-30,31800.0,32300.0,31700.0,31960.0,11762700,Samsung,31688.571428571428,32085.333333333332,-0.0012499999999999734,0.016115756753587816
2016-10-04,32200.0,32480.0,32120.0,32280.0,13053100,Samsung,31677.14285714286,32117.333333333332,0.01001251564455563,0.015244325172132853
2016-10-05,32020.0,32520.0,31940.0,32380.0,12470450,Samsung,31814.285714285714,32103.333333333332,0.0030978934324659146,0.008453737620124814
2016-10-06,33920.0,34000.0,33340.0,33820.0,29558150,Samsung,32165.714285714286,32114.0,0.044471896232242125,0.01679818924628548
2016-10-07,34000.0,34320.0,33800.0,34120.0,26050550,Samsung,32557.14285714286,32141.333333333332,0.008870490833826183,0.01623334052484785
2016-10-10,33000.0,33780.0,32560.0,33600.0,25293300,Samsung,32880.0,32136.666666666668,-0.015240328253223967,0.01881056159998628
2016-10-11,32000.0,32500.0,30900.0,30900.0,38427150,Samsung,32722.85714285714,32064.666666666668,-0.0803571428571429,0.0381344255656314
2016-10-12,29900.0,30900.0,29880.0,30700.0,39088550,Samsung,32542.85714285714,31995.333333333332,-0.006472491909385147,0.03811493070961089
2016-10-13,31000.0,31620.0,30900.0,31140.0,21864550,Samsung,32380.0,31958.666666666668,0.014332247557003353,0.03843380416236855
2016-10-14,30960.0,31760.0,30940.0,31540.0,14158950,Samsung,32260.0,31916.666666666668,0.012845215157353929,0.03892714410285442
2016-10-17,31300.0,32040.0,30760.0,31800.0,12785200,Samsung,31971.428571428572,31880.0,0.008243500317057784,0.03359458519208849
2016-10-18,31440.0,31900.0,31440.0,31780.0,10384500,Samsung,31637.14285714286,31859.333333333332,-0.0006289308176100628,0.032973670682822344
2016-10-19,31580.0,32860.0,31500.0,32500.0,15444550,Samsung,31480.0,31884.666666666668,0.022655758338577803,0.034947301114229654
2016-10-20,32520.0,33020.0,32180.0,32400.0,10330450,Samsung,31694.285714285714,31900.0,-0.003076923076923088,0.010611763056295758
2016-10-21,32120.0,32260.0,31760.0,31780.0,10477500,Samsung,31848.571428571428,31888.666666666668,-0.01913580246913582,0.013846389167489903
2016-10-24,31860.0,32160.0,31800.0,32160.0,9289950,Samsung,31994.285714285714,31865.333333333332,0.01195720578980497,0.013607599011156591
2016-10-25,32000.0,32080.0,31840.0,31940.0,9866100,Samsung,32051.428571428572,31849.333333333332,-0.006840796019900508,0.013676368768734782
2016-10-26,31940.0,31980.0,31240.0,31340.0,10534000,Samsung,31985.714285714286,31801.333333333332,-0.018785222291797132,0.01530010517885086
2016-10-27,31420.0,32340.0,31120.0,31460.0,14117000,Samsung,31940.0,31800.0,0.0038289725590299195,0.015457642996157105
2016-10-28,31600.0,32280.0,31600.0,32280.0,10214200,Samsung,31908.571428571428,31899.333333333332,0.026064844246662444,0.016366722008602248
2016-10-31,32320.0,32780.0,32220.0,32780.0,12067200,Samsung,31962.85714285714,31974.0,0.015489467162329573,0.017417387047096375
2016-11-01,32600.0,33040.0,32240.0,33040.0,10347400,Samsung,32142.85714285714,32036.666666666668,0.007931665649786535,0.014804181374041147
2016-11-02,32800.0,33040.0,32620.0,32860.0,10099250,Samsung,32242.85714285714,32075.333333333332,-0.005447941888619856,0.015030897304381887
2016-11-03,32600.0,32800.0,32120.0,32320.0,10341850,Samsung,32297.14285714286,32091.333333333332,-0.016433353621424174,0.016465302499525315
2016-11-04,32100.0,32680.0,32100.0,32540.0,7103850,Samsung,32468.571428571428,32097.333333333332,0.0068069306930693685,0.013747942211980613
2016-11-07,32940.0,33000.0,32680.0,32800.0,7661900,Samsung,32660.0,32143.333333333332,0.007990165949600447,0.013755476841809498
2016-11-08,32980.0,32980.0,32700.0,32880.0,5417450,Samsung,32745.714285714286,32194.0,0.0024390243902439046,0.01055409572396218
2016-11-09,32920.0,33140.0,31820.0,31920.0,15683600,Samsung,32622.85714285714,32212.0,-0.029197080291970767,0.014348829925941456
2016-11-10,32600.0,33000.0,32360.0,32980.0,11795350,Samsung,32614.285714285714,32266.666666666668,0.03320802005012524,0.01987899103669182
2016-11-11,31700.0,32360.0,31700.0,31960.0,12836800,Samsung,32485.714285714286,32265.333333333332,-0.030927835051546393,0.023095933936349004
2016-11-14,31900.0,31920.0,31040.0,31060.0,15133300,Samsung,32305.714285714286,32235.333333333332,-0.02816020025031285,0.02455040082875912
2016-11-15,31060.0,31620.0,30780.0,30780.0,13665700,Samsung,32054.285714285714,32185.333333333332,-0.009014810045074095,0.023959843092474883
2016-11-16,30800.0,31280.0,30800.0,31160.0,13308200,Samsung,31820.0,32144.666666666668,0.012345679012345734,0.02448498543410363
2016-11-17,31100.0,31520.0,30900.0,31360.0,7870550,Samsung,31602.85714285714,32062.666666666668,0.006418485237484006,0.024786201198429628
2016-11-18,31640.0,31760.0,31400.0,31720.0,9460750,Samsung,31574.285714285714,31982.666666666668,0.011479591836734748,0.023294744319311132
2016-11-21,31300.0,32120.0,31300.0,31860.0,8180200,Samsung,31414.285714285714,31924.666666666668,0.004413619167717542,0.018329705130070654
2016-11-22,32140.0,32900.0,32000.0,32800.0,9751100,Samsung,31534.285714285714,31988.0,0.029504080351538065,0.018191526978926256
2016-11-23,33220.0,33220.0,32520.0,32980.0,12668600,Samsung,31808.571428571428,32064.0,0.005487804878048674,0.01155802646362414
2016-11-24,32980.0,33040.0,32660.0,33000.0,7757150,Samsung,32125.714285714286,32126.0,0.0006064281382656134,0.009493201153146428
2016-11-25,32820.0,33040.0,32660.0,33000.0,6276900,Samsung,32388.571428571428,32174.666666666668,0.0,0.010118886749969334
2016-11-28,33000.0,33620.0,32800.0,33540.0,13294050,Samsung,32700.0,32232.666666666668,0.016363636363636358,0.010505901256701578
2016-11-29,33800.0,33960.0,33380.0,33540.0,18081300,Samsung,32960.0,32291.333333333332,0.0,0.011061900766314052
2016-11-30,33540.0,34940.0,33540.0,34920.0,28535200,Samsung,33397.142857142855,32372.0,0.041144901610017826,0.016448068711381176
2016-12-01,34800.0,35060.0,34660.0,34980.0,15535350,Samsung,33708.57142857143,32458.0,0.0017182130584192379,0.015190788094222274
2016-12-02,34480.0,34760.0,34140.0,34540.0,15352950,Samsung,33931.42857142857,32550.0,-0.012578616352201255,0.017335964654715198
2016-12-05,34340.0,34680.0,34220.0,34360.0,8484600,Samsung,34125.71428571428,32623.333333333332,-0.005211349160393786,0.01781252736622067
2016-12-06,34440.0,35200.0,34400.0,34960.0,14001800,Samsung,34405.71428571428,32724.0,0.017462165308498312,0.01806629907525744
2016-12-07,35040.0,35480.0,35040.0,35440.0,9603650,Samsung,34677.142857142855,32860.666666666664,0.013729977116704761,0.017899812398353844
2016-12-08,35980.0,36020.0,35520.0,35800.0,16462550,Samsung,35000.0,33005.333333333336,0.010158013544018019,0.017547867982511203
2016-12-09,35900.0,35900.0,35400.0,35600.0,10652450,Samsung,35097.142857142855,33116.0,-0.005586592178770999,0.011260338938567703
2016-12-12,34660.0,35360.0,34660.0,35040.0,11414450,Samsung,35105.71428571428,33191.333333333336,-0.01573033707865168,0.013291219567490844
2016-12-13,34620.0,35440.0,34620.0,35320.0,11684450,Samsung,35217.142857142855,33267.333333333336,0.007990867579908745,0.012192514532852621
2016-12-14,35560.0,35680.0,35280.0,35540.0,7455100,Samsung,35385.71428571428,33356.666666666664,0.006228765571913986,0.01162125485146996
2016-12-15,34820.0,35500.0,34820.0,35180.0,5773550,Samsung,35417.142857142855,33452.0,-0.010129431626336505,0.01132305156293356
2016-12-16,35300.0,36020.0,35200.0,35860.0,11747700,Samsung,35477.142857142855,33562.666666666664,0.01932916429789655,0.012511582152229837
2016-12-19,35620.0,36380.0,35620.0,35900.0,5435800,Samsung,35491.42857142857,33666.0,0.001115448968209698,0.011953325552662935
2016-12-20,35920.0,36400.0,35840.0,36240.0,7615200,Samsung,35582.857142857145,33778.0,0.009470752089136392,0.012038440758847494
2016-12-21,36360.0,36600.0,36020.0,36100.0,6552100,Samsung,35734.28571428572,33917.333333333336,-0.003863134657836609,0.00961718487349707
2016-12-22,36260.0,36300.0,35980.0,36180.0,6354600,Samsung,35857.142857142855,34024.0,0.00221606648199435,0.0094953296300545
2016-12-23,36020.0,36080.0,35600.0,35640.0,8334850,Samsung,35871.42857142857,34146.666666666664,-0.014925373134328401,0.01160666226227692
2016-12-26,35600.0,36000.0,35560.0,35960.0,4823600,Samsung,35982.857142857145,34310.0,0.008978675645342271,0.010928517644710298
2016-12-27,35980.0,36200.0,35860.0,35980.0,4653450,Samsung,36000.0,34483.333333333336,0.0005561735261401246,0.00829324919880407
2016-12-28,35840.0,35980.0,35600.0,35760.0,6662900,Samsung,35980.0,34636.666666666664,-0.00611450806003333,0.008647483027348623
2016-12-29,35420.0,36040.0,35400.0,36040.0,7516450,Samsung,35951.42857142857,34792.666666666664,0.007829977628635243,0.00834842100941438
2017-01-02,35980.0,36240.0,35880.0,36100.0,4650600,Samsung,35951.42857142857,34938.666666666664,0.0016648168701443034,0.008267052887380008
2017-01-03,36280.0,36620.0,36020.0,36480.0,7357650,Samsung,35994.28571428572,35092.666666666664,0.010526315789473717,0.009179713989816094
2017-01-04,36500.0,36520.0,36100.0,36160.0,7971750,Samsung,36068.57142857143,35204.666666666664,-0.00877192982456143,0.007521095583467998
2017-01-05,36060.0,36060.0,35540.0,35560.0,10967450,Samsung,36011.42857142857,35290.666666666664,-0.0165929203539823,0.009555735340591788
2017-01-06,36180.0,36440.0,36040.0,36200.0,8880950,Samsung,36042.857142857145,35397.333333333336,0.017997750281214753,0.01212677597317239
2017-01-09,36600.0,37500.0,36560.0,37220.0,13194900,Samsung,36251.42857142857,35538.0,0.028176795580110436,0.015312528163681555
2017-01-10,37280.0,37400.0,37080.0,37240.0,9099800,Samsung,36422.857142857145,35661.333333333336,0.0005373455131649774,0.015401835645464679
2017-01-11,37520.0,38560.0,37420.0,38280.0,12018150,Samsung,36734.28571428572,35819.333333333336,0.027926960257787403,0.017560663802588177
2017-01-12,38000.0,38800.0,37980.0,38800.0,11669150,Samsung,37065.71428571428,35948.666666666664,0.013584117032392928,0.017655998317581675
2017-01-13,38100.0,38320.0,37460.0,37460.0,15954450,Samsung,37251.42857142857,36031.333333333336,-0.03453608247422679,0.023643472900608083
2017-01-16,36860.0,37820.0,36320.0,36660.0,16611500,Samsung,37408.57142857143,36102.0,-0.02135611318739994,0.024433862833397258
2017-01-17,36580.0,37460.0,36580.0,36960.0,8150700,Samsung,37517.142857142855,36188.666666666664,0.008183306055646433,0.023811861602711235
2017-01-18,37040.0,37500.0,36620.0,36940.0,8875400,Samsung,37477.142857142855,36254.666666666664,-0.0005411255411255089,0.021116035428573838
2017-01-19,37720.0,37920.0,37020.0,37480.0,9418900,Samsung,37511.42857142857,36322.666666666664,0.01461829994585817,0.021929252623188792
2017-01-20,37120.0,37420.0,36880.0,37200.0,9185000,Samsung,37357.142857142855,36369.333333333336,-0.007470651013874119,0.01853797132519127
2017-01-23,37200.0,38060.0,37000.0,38060.0,8810400,Samsung,37251.42857142857,36451.333333333336,0.02311827956989254,0.02030533648161368
2017-01-24,38120.0,38580.0,37880.0,38160.0,11048750,Samsung,37351.42857142857,36555.333333333336,0.0026274303730950965,0.014615382251846526
2017-01-25,38340.0,39400.0,38320.0,39400.0,13433850,Samsung,37742.857142857145,36691.333333333336,0.032494758909853205,0.013976852593913954
2017-01-26,39420.0,40000.0,39420.0,39900.0,15214500,Samsung,38162.857142857145,36836.666666666664,0.012690355329949332,0.013959751411586766
2017-01-31,39900.0,39900.0,39460.0,39460.0,17992200,Samsung,38522.857142857145,36979.333333333336,-0.01102756892230572,0.015849104999518776
2017-02-01,39540.0,39660.0,39040.0,39120.0,14150400,Samsung,38757.142857142855,37088.0,-0.00861632032437909,0.017008355386924665
2017-02-02,39600.0,39660.0,39200.0,39360.0,15029300,Samsung,39065.71428571428,37203.333333333336,0.006134969325153339,0.01592042460755527
2017-02-03,39400.0,39500.0,39180.0,39460.0,10386350,Samsung,39265.71428571428,37310.666666666664,0.0025406504065039748,0.014548025138256091
2017-02-06,39580.0,39660.0,39140.0,39560.0,8860700,Samsung,39465.71428571428,37426.0,0.0025342118601114905,0.014550882652713136
2017-02-07,39560.0,39580.0,38760.0,38820.0,14041800,Samsung,39382.857142857145,37514.0,-0.018705763397371067,0.011011261016183927
2017-02-08,38740.0,38780.0,38200.0,38400.0,17092950,Samsung,39168.57142857143,37606.0,-0.010819165378670781,0.009196761155330607
2017-02-09,38780.0,38840.0,38220.0,38400.0,13694150,Samsung,39017.142857142855,37687.333333333336,0.0,0.009019436590089618
2017-02-10,38400.0,38760.0,38300.0,38360.0,11020750,Samsung,38908.57142857143,37766.666666666664,-0.0010416666666667185,0.00880372692419094
2017-02-13,37740.0,38060.0,37720.0,37960.0,11102050,Samsung,38708.57142857143,37840.0,-0.010427528675703845,0.008219307988739669
2017-02-14,37960.0,38260.0,37320.0,37580.0,13124150,Samsung,38440.0,37891.333333333336,-0.01001053740779767,0.007613421051100063
2017-02-15,37080.0,37960.0,37080.0,37720.0,14191550,Samsung,38177.142857142855,37945.333333333336,0.0037253858435337683,0.007869083621136162
2017-02-16,37800.0,38360.0,37780.0,38020.0,10226350,Samsung,38062.857142857145,37996.666666666664,0.007953340402969244,0.0075661097935860394
2017-02-17,37560.0,38040.0,37280.0,37860.0,15377450,Samsung,37985.71428571428,38053.333333333336,-0.004208311415044741,0.006792594092790813
2017-02-20,38220.0,38780.0,38160.0,38660.0,7485800,Samsung,38022.857142857145,38156.666666666664,0.021130480718436262,0.011136472240076974
2017-02-21,38540.0,39560.0,38420.0,38940.0,10562600,Samsung,38105.71428571428,38248.0,0.007242628039317189,0.011319872501625479
2017-02-22,39000.0,39340.0,38980.0,39300.0,8539450,Samsung,38297.142857142855,38317.333333333336,0.009244992295839749,0.010030760795589995
2017-02-23,39020.0,39440.0,39020.0,39180.0,10217300,Samsung,38525.71428571428,38382.0,-0.003053435114503844,0.008526127374295258
2017-02-24,38960.0,39100.0,38060.0,38220.0,9296850,Samsung,38597.142857142855,38380.0,-0.024502297090352232,0.014421277135856208
2017-02-27,38020.0,38140.0,37700.0,38060.0,9033700,Samsung,38602.857142857145,38355.333333333336,-0.004186289900575568,0.01431168721631742
2017-02-28,38060.0,38760.0,37960.0,38440.0,15088700,Samsung,38685.71428571428,38388.0,0.0099842354177615,0.014579569692194327
2017-03-02,38420.0,39860.0,38420.0,39720.0,21249800,Samsung,38837.142857142855,38490.0,0.03329864724245568,0.017613411071090015
2017-03-03,39340.0,39720.0,39160.0,39620.0,12708700,Samsung,38934.28571428572,38578.666666666664,-0.0025176233635447742,0.017700417925712284
2017-03-06,39220.0,40220.0,39220.0,40080.0,12234850,Samsung,39045.71428571428,38683.333333333336,0.011610297829379057,0.0178699606632042
2017-03-07,39800.0,40320.0,39800.0,40200.0,10553250,Samsung,39191.42857142857,38774.0,0.0029940119760478723,0.017676621098567602
2017-03-08,40200.0,40620.0,40140.0,40200.0,12140950,Samsung,39474.28571428572,38874.0,0.0,0.012921974641861216
2017-03-09,40200.0,40300.0,40020.0,40200.0,14372250,Samsung,39780.0,38945.333333333336,0.0,0.012386932177590309
2017-03-10,39960.0,40420.0,39860.0,40180.0,10227800,Samsung,40028.57142857143,39012.666666666664,-0.0004975124378109319,0.012723362788273348
2017-03-13,40040.0,40980.0,40040.0,40600.0,7424100,Samsung,40154.28571428572,39052.666666666664,0.010452961672473782,0.005630356909271215
2017-03-14,40620.0,41540.0,40500.0,41360.0,11325050,Samsung,40402.857142857145,39101.333333333336,0.01871921182266001,0.007484457336554791
2017-03-15,40800.0,41440.0,40800.0,41400.0,9587850,Samsung,40591.42857142857,39166.0,0.0009671179883945502,0.007276260882539183
2017-03-16,41800.0,42180.0,41540.0,41840.0,9933150,Samsung,40825.71428571428,39256.666666666664,0.010628019323671412,0.007551442382275528
2017-03-17,41800.0,42500.0,41720.0,42400.0,12602300,Samsung,41140.0,39358.0,0.013384321223709472,0.007546510294035855
2017-03-20,42000.0,42120.0,41740.0,41900.0,10250050,Samsung,41382.857142857145,39439.333333333336,-0.011792452830188704,0.010341423121374699
2017-03-21,41780.0,42680.0,41760.0,42560.0,14220150,Samsung,41722.857142857145,39539.333333333336,0.01575178997613369,0.010467984454474983
2017-03-22,41600.0,42460.0,41580.0,42460.0,16427250,Samsung,41988.57142857143,39660.666666666664,-0.0023496240601503793,0.011127116968696456
2017-03-23,42200.0,42360.0,41700.0,41800.0,15397100,Samsung,42051.42857142857,39774.0,-0.015544041450777257,0.012314768320273919
2017-03-24,41600.0,41980.0,41080.0,41500.0,12808150,Samsung,42065.71428571428,39877.333333333336,-0.0071770334928229484,0.012758795714789509
2017-03-27,41200.0,41880.0,41180.0,41200.0,12177650,Samsung,41974.28571428572,39972.0,-0.0072289156626506035,0.012146820568572048
2017-03-28,41560.0,41840.0,41380.0,41480.0,8216250,Samsung,41842.857142857145,40089.333333333336,0.006796116504854455,0.010938965157631082
2017-03-29,41740.0,41960.0,41580.0,41780.0,10093250,Samsung,41825.71428571428,40229.333333333336,0.007232401157184265,0.010775063817534562
2017-03-30,41880.0,42440.0,41880.0,41980.0,8204000,Samsung,41742.857142857145,40371.333333333336,0.00478697941598849,0.008624968576236866
2017-03-31,41820.0,42020.0,41200.0,41200.0,10500300,Samsung,41562.857142857145,40477.333333333336,-0.018580276322058165,0.010691762414595908
2017-04-03,41400.0,41720.0,41300.0,41440.0,9579400,Samsung,41511.42857142857,40596.666666666664,0.005825242718446644,0.009953119780114358
2017-04-04,41600.0,42180.0,41520.0,42080.0,12255500,Samsung,41594.28571428572,40710.666666666664,0.015444015444015413,0.011271142005914801
2017-04-05,41900.0,42240.0,41700.0,42140.0,10699700,Samsung,41728.57142857143,40817.333333333336,0.001425855513307983,0.010535704977952547
2017-04-06,42000.0,42080.0,41600.0,41840.0,9683400,Samsung,41780.0,40902.0,-0.007119126720455671,0.011060479906227594
2017-04-07,41800.0,41820.0,41160.0,41600.0,10021000,Samsung,41754.28571428572,40982.666666666664,-0.005736137667303964,0.010984674090820669
2017-04-10,41940.0,41940.0,41500.0,41940.0,7141350,Samsung,41748.57142857143,41106.666666666664,0.008173076923077005,0.011328792530303085
2017-04-11,41940.0,41940.0,41580.0,41600.0,7172900,Samsung,41805.71428571428,41224.666666666664,-0.008106819265617515,0.00891226091286622
2017-04-12,41860.0,41940.0,41700.0,41900.0,8274900,Samsung,41871.42857142857,41340.0,0.007211538461538547,0.009041063739072246
2017-04-13,41660.0,42460.0,41660.0,42420.0,9040800,Samsung,41920.0,41430.0,0.012410501193317325,0.0083108429125516
2017-04-14,42160.0,42260.0,41760.0,42020.0,5462850,Samsung,41902.857142857145,41510.0,-0.009429514380009385,0.009220307402794283
2017-04-17,42000.0,42080.0,41520.0,41560.0,5224750,Samsung,41862.857142857145,41559.333333333336,-0.01094716801523088,0.00978357194570839
2017-04-18,41680.0,41820.0,41280.0,41500.0,6860650,Samsung,41848.57142857143,41602.666666666664,-0.0014436958614052475,0.009563277184024924
2017-04-19,41300.0,41420.0,40900.0,40900.0,11762900,Samsung,41700.0,41626.0,-0.014457831325301207,0.010033410138150038
2017-04-20,40580.0,40800.0,40080.0,40280.0,21148850,Samsung,41511.42857142857,41628.666666666664,-0.01515892420537901,0.010886452993041496
2017-04-21,40480.0,41400.0,40480.0,40760.0,15130500,Samsung,41348.57142857143,41648.0,0.011916583912611634,0.011837048718834068
2017-04-24,41260.0,41260.0,40920.0,41240.0,8990150,Samsung,41180.0,41669.333333333336,0.011776251226692791,0.011693186704899923
2017-04-25,41460.0,42740.0,41320.0,42700.0,19299600,Samsung,41277.142857142855,41714.0,0.035402521823472366,0.018498005584961966
2017-04-26,42700.0,42800.0,42520.0,42800.0,14794800,Samsung,41454.28571428572,41760.666666666664,0.0023419203747072626,0.017552742826472338
2017-04-27,42700.0,44520.0,41960.0,43840.0,23032250,Samsung,41788.57142857143,41827.333333333336,0.024299065420560817,0.0187921048091948
2017-04-28,45780.0,45800.0,44520.0,44620.0,22685700,Samsung,42320.0,41901.333333333336,0.01779197080291972,0.016128170413425184
2017-05-02,45500.0,45500.0,44760.0,44900.0,14068300,Samsung,42980.0,42001.333333333336,0.006275212909009342,0.01128039042817637
2017-05-04,45700.0,45700.0,44860.0,45520.0,13690100,Samsung,43660.0,42100.0,0.0138084632516704,0.011197378825815613
2017-05-08,45520.0,47020.0,45340.0,47020.0,19582550,Samsung,44485.71428571428,42252.0,0.032952548330404285,0.012646589010665375
2017-05-10,46160.0,47220.0,45600.0,45600.0,23410950,Samsung,44900.0,42378.666666666664,-0.030199914929817107,0.02038786427594622
2017-05-11,45420.0,46180.0,45220.0,45500.0,21277850,Samsung,45285.71428571428,42512.0,-0.002192982456140302,0.020726539407077155
2017-05-12,45760.0,46160.0,45660.0,45820.0,9422900,Samsung,45568.57142857143,42666.0,0.007032967032966964,0.019593560557604365
2017-05-15,45620.0,46280.0,45620.0,46100.0,8001400,Samsung,45780.0,42820.0,0.006110868616324705,0.018958243605066746
2017-05-16,46660.0,46800.0,46100.0,46380.0,8803750,Samsung,45991.42857142857,42973.333333333336,0.006073752711496683,0.01895583099139506
2017-05-17,46120.0,46640.0,46100.0,46340.0,7424450,Samsung,46108.57142857143,43118.666666666664,-0.0008624407072014284,0.018601273021312863
2017-05-18,45740.0,46000.0,45540.0,45940.0,11160350,Samsung,45954.28571428572,43276.666666666664,-0.008631851532153623,0.013180646668247753
2017-05-19,45640.0,45780.0,44720.0,44720.0,15762350,Samsung,45828.57142857143,43386.0,-0.026556377884196736,0.011953282942818432
2017-05-22,45040.0,45380.0,44760.0,45100.0,17643550,Samsung,45771.42857142857,43486.666666666664,0.008497316636851604,0.012691648487537004
2017-05-23,45400.0,45580.0,44900.0,44920.0,12607050,Samsung,45642.857142857145,43579.333333333336,-0.003991130820399147,0.012174543817736637
2017-05-24,44860.0,45300.0,44800.0,44880.0,8675400,Samsung,45468.57142857143,43680.666666666664,-0.0008904719501335867,0.011597682997942577
2017-05-25,45160.0,45680.0,44800.0,45680.0,13044800,Samsung,45368.57142857143,43816.666666666664,0.017825311942959,0.013884466141207353
2017-05-26,45600.0,46460.0,45540.0,46080.0,13613650,Samsung,45331.42857142857,43954.666666666664,0.008756567425569184,0.014488717895178837
2017-05-29,46220.0,46400.0,45380.0,45620.0,8739550,Samsung,45285.71428571428,44088.666666666664,-0.00998263888888884,0.014620163887044483
2017-05-30,45520.0,45660.0,44480.0,44640.0,12433600,Samsung,45274.28571428572,44180.0,-0.021481806225339795,0.013192406142640811
2017-05-31,44580.0,45020.0,44400.0,44700.0,18669100,Samsung,45217.142857142855,44256.0,0.0013440860215054862,0.012675045522479136
2017-06-01,44860.0,44900.0,44400.0,44680.0,9753500,Samsung,45182.857142857145,44344.666666666664,-0.0004474272930649059,0.012615750640100488
2017-06-02,45060.0,45960.0,45000.0,45960.0,12488750,Samsung,45337.142857142855,44491.333333333336,0.0286481647269472,0.016789752988162224
2017-06-05,46040.0,46360.0,45720.0,45940.0,7599400,Samsung,45374.28571428572,44639.333333333336,-0.0004351610095735259,0.01557164797598232
2017-06-07,46500.0,46500.0,45240.0,45300.0,13729400,Samsung,45262.857142857145,44786.0,-0.013931214627775357,0.016021978419928938
2017-06-08,45000.0,45580.0,45000.0,45160.0,13978750,Samsung,45197.142857142855,44948.666666666664,-0.003090507726269287,0.01568122579579172
2017-06-09,45680.0,46440.0,45600.0,46100.0,11732850,Samsung,45405.71428571428,45126.666666666664,0.020814880425155113,0.014748707162954833
2017-06-12,45420.0,45600.0,45140.0,45380.0,10954300,Samsung,45502.857142857145,45264.666666666664,-0.015618221258134501,0.01666145734568386
2017-06-13,45140.0,45620.0,45140.0,45400.0,8624900,Samsung,45605.71428571428,45354.666666666664,0.00044072278536799736,0.016640619499726738
2017-06-14,45800.0,46060.0,45240.0,45360.0,10166700,Samsung,45520.0,45440.0,-0.0008810572687224516,0.011964770990671472
2017-06-15,45680.0,45920.0,45180.0,45680.0,9657000,Samsung,45482.857142857145,45501.333333333336,0.007054673721340388,0.012434348762571453
2017-06-16,45500.0,45940.0,45460.0,45580.0,17403450,Samsung,45522.857142857145,45533.333333333336,-0.002189141856392296,0.011076826473424254
2017-06-19,45580.0,46560.0,45560.0,46560.0,11303900,Samsung,45722.857142857145,45588.666666666664,0.021500658183413845,0.013270422359096291
2017-06-20,47240.0,48140.0,47220.0,48140.0,15045000,Samsung,46014.28571428572,45676.0,0.03393470790378017,0.016500890852935136
2017-06-21,47740.0,48120.0,47480.0,47480.0,9973650,Samsung,46314.28571428572,45691.333333333336,-0.01371001246364767,0.016088664663213393
2017-06-22,47960.0,48080.0,47720.0,47960.0,11455800,Samsung,46680.0,45770.0,0.010109519797809607,0.01588622217509741
2017-06-23,47600.0,47780.0,47420.0,47620.0,9515100,Samsung,47002.857142857145,45840.666666666664,-0.007089241034195171,0.016619356070432557
2017-06-26,47520.0,48360.0,47520.0,48280.0,8552800,Samsung,47374.28571428572,45922.666666666664,0.013859722805543928,0.016815008032784566
2017-06-27,48220.0,48400.0,47900.0,48300.0,9616750,Samsung,47762.857142857145,45996.0,0.00041425020712515526,0.016577666365879373
2017-06-28,47600.0,48000.0,47560.0,47700.0,9572500,Samsung,47925.71428571428,46040.0,-0.012422360248447228,0.017071370629185963
2017-06-29,48040.0,48320.0,47940.0,47940.0,8306550,Samsung,47897.142857142855,46093.333333333336,0.005031446540880502,0.010880012780786456
2017-06-30,47500.0,47620.0,47100.0,47540.0,11877550,Samsung,47905.71428571428,46146.666666666664,-0.008343763037129692,0.009946730206164985
2017-07-03,47500.0,47780.0,47120.0,47220.0,6805550,Samsung,47800.0,46230.0,-0.006731173748422359,0.009162600500329004
2017-07-04,47160.0,47400.0,46900.0,47000.0,7961000,Samsung,47711.42857142857,46293.333333333336,-0.004659042778483724,0.008990137761478724
2017-07-05,46820.0,47680.0,46780.0,47580.0,10640250,Samsung,47611.42857142857,46382.0,0.012340425531914834,0.00855590931233691
2017-07-06,48000.0,48100.0,47720.0,48060.0,10923050,Samsung,47577.142857142855,46488.0,0.010088272383354413,0.009722593827675497
2017-07-07,47740.0,48120.0,47620.0,47860.0,8131900,Samsung,47600.0,46560.666666666664,-0.004161464835622186,0.008480478062919353
2017-07-10,48500.0,48900.0,48320.0,48660.0,10792750,Samsung,47702.857142857145,46646.666666666664,0.01671541997492687,0.01044189257289208
2017-07-11,48640.0,49000.0,48280.0,49000.0,9717800,Samsung,47911.42857142857,46759.333333333336,0.006987258528565521,0.009425420485158454
2017-07-12,49000.0,50000.0,48840.0,49880.0,9486150,Samsung,48291.42857142857,46934.0,0.01795918367346938,0.009196432087170034
2017-07-13,50080.0,50940.0,50040.0,50560.0,16034150,Samsung,48800.0,47129.333333333336,0.013632718524458687,0.007471488423599093
2017-07-14,51000.0,51080.0,50420.0,50480.0,8239000,Samsung,49214.28571428572,47322.666666666664,-0.0015822784810126667,0.008661094456974102
2017-07-17,50900.0,51020.0,50520.0,50640.0,8976100,Samsung,49582.857142857145,47478.666666666664,0.0031695721077653616,0.008845100705533689
2017-07-18,50420.0,50880.0,50360.0,50840.0,7084450,Samsung,50008.57142857143,47642.0,0.003949447077409074,0.007484679883427782
2017-07-19,50620.0,50820.0,50000.0,50740.0,11157500,Samsung,50305.71428571428,47823.333333333336,-0.0019669551534224894,0.007476980083881993
2017-07-20,50760.0,51320.0,50560.0,51200.0,8367600,Samsung,50620.0,48024.666666666664,0.009065825778478587,0.007562520894788051
2017-07-21,50860.0,51160.0,50520.0,51080.0,8449050,Samsung,50791.42857142857,48190.666666666664,-0.002343749999999978,0.006107111328035905
2017-07-24,50700.0,51000.0,50620.0,50860.0,7099750,Samsung,50834.28571428572,48373.333333333336,-0.004306969459671128,0.0047104881959804
2017-07-25,50500.0,50760.0,49940.0,50000.0,10810600,Samsung,50765.71428571428,48526.666666666664,-0.016909162406606337,0.008258307003504177
2017-07-26,49600.0,50020.0,49300.0,49840.0,11224800,Samsung,50651.42857142857,48676.0,-0.0031999999999999806,0.008026979665879624
2017-07-27,50000.0,50640.0,49560.0,49800.0,11449500,Samsung,50502.857142857145,48813.333333333336,-0.0008025682182986049,0.007605727722989542
2017-07-28,49800.0,49800.0,47380.0,47760.0,26168300,Samsung,50077.142857142855,48886.0,-0.04096385542168679,0.016206970252474875
2017-07-31,47420.0,48240.0,46920.0,48200.0,12701400,Samsung,49648.57142857143,48940.666666666664,0.009212730318257867,0.016233571936317578
2017-08-01,48000.0,48840.0,47540.0,48600.0,11369500,Samsung,49294.28571428572,48956.0,0.008298755186721962,0.017362433715260993
2017-08-02,49200.0,49340.0,48600.0,49000.0,7777450,Samsung,49028.57142857143,49006.666666666664,0.008230452674897082,0.018302118985940002
2017-08-03,49000.0,49000.0,47120.0,47780.0,15540800,Samsung,48711.42857142857,49000.666666666664,-0.024897959183673435,0.0193743866680898
2017-08-04,48160.0,48180.0,47500.0,47700.0,8359200,Samsung,48405.71428571428,49003.333333333336,-0.001674340728338164,0.019423633115812366
2017-08-07,47500.0,48080.0,47440.0,47580.0,7218250,Samsung,48088.57142857143,48980.0,-0.002515723270440251,0.019356655384289722
2017-08-08,47980.0,48260.0,47480.0,47720.0,7979600,Samsung,48082.857142857145,48960.666666666664,0.002942412778478287,0.011966336497069538
2017-08-09,47400.0,47400.0,46240.0,46280.0,14555400,Samsung,47808.57142857143,48913.333333333336,-0.030176026823134916,0.015592174216588272
2017-08-10,46200.0,46320.0,45460.0,45900.0,22986150,Samsung,47422.857142857145,48845.333333333336,-0.00821089023336219,0.014321335349992673
2017-08-11,45120.0,45300.0,44220.0,44620.0,25407300,Samsung,46797.142857142855,48748.0,-0.02788671023965139,0.013983266416273687
2017-08-14,45120.0,45400.0,44720.0,45000.0,19185600,Samsung,46400.0,48674.0,0.008516360376512822,0.014992385651757466
2017-08-16,46220.0,46380.0,46000.0,46200.0,21913650,Samsung,46185.71428571428,48647.333333333336,0.026666666666666616,0.020083081696795093
2017-08-17,46960.0,47300.0,46740.0,47040.0,12415850,Samsung,46108.57142857143,48629.333333333336,0.018181818181818077,0.02184935522942326
2017-08-18,46760.0,47240.0,46240.0,46900.0,10477950,Samsung,45991.42857142857,48590.666666666664,-0.0029761904761904656,0.0217665958507928
2017-08-21,47240.0,47240.0,46580.0,46840.0,5103450,Samsung,46071.42857142857,48556.666666666664,-0.0012793176972281106,0.01800746714411796
2017-08-22,46820.0,47160.0,46700.0,47000.0,7381750,Samsung,46228.57142857143,48501.333333333336,0.0034158838599487318,0.017451489602989582
2017-08-23,47780.0,47780.0,47180.0,47480.0,9384700,Samsung,46637.142857142855,48450.666666666664,0.010212765957446912,0.010633184386841922
2017-08-24,47520.0,47660.0,47340.0,47520.0,8657450,Samsung,46997.142857142855,48372.0,0.0008424599831506896,0.011073331776856446
2017-08-25,47880.0,47880.0,46720.0,47020.0,11243550,Samsung,47114.28571428572,48254.0,-0.010521885521885488,0.009334646241431254
2017-08-28,47020.0,47240.0,45960.0,46100.0,9962100,Samsung,46980.0,48108.0,-0.019566142067205416,0.009697944421896122
2017-08-29,45640.0,46080.0,45160.0,46080.0,12623650,Samsung,46862.857142857145,47956.0,-0.0004338394793925726,0.009739463973157846
2017-08-30,46380.0,46400.0,45960.0,46200.0,7513000,Samsung,46771.42857142857,47801.333333333336,0.0026041666666667407,0.009927758783723898
2017-08-31,46220.0,46640.0,46000.0,46320.0,11011700,Samsung,46674.28571428572,47654.0,0.0025974025974024872,0.009859009361908722
2017-09-01,46460.0,46640.0,46300.0,46480.0,10641700,Samsung,46531.42857142857,47496.666666666664,0.003454231433505983,0.008725060907031916
2017-09-04,45780.0,46360.0,45500.0,46040.0,7943500,Samsung,46320.0,47328.666666666664,-0.009466437177280573,0.008837033807905778
2017-09-05,46240.0,46900.0,45960.0,46760.0,11716100,Samsung,46282.857142857145,47192.0,0.01563857515204181,0.011096839371966778
2017-09-06,46760.0,47180.0,46700.0,47000.0,10811050,Samsung,46411.42857142857,47092.0,0.0051325919589393365,0.007435274523218638
2017-09-07,47000.0,48220.0,47000.0,48120.0,9676500,Samsung,46702.857142857145,47034.666666666664,0.0238297872340425,0.010645021676790878
2017-09-08,48700.0,49180.0,48580.0,49080.0,10893000,Samsung,47114.28571428572,47010.666666666664,0.01995012468827939,0.011626960336245286
2017-09-11,49700.0,50180.0,49500.0,49800.0,10374750,Samsung,47611.42857142857,47078.666666666664,0.014669926650366705,0.011459201183565939
2017-09-12,50200.0,50220.0,49140.0,49600.0,12029750,Samsung,48057.142857142855,47125.333333333336,-0.004016064257028162,0.012519047490664254
2017-09-13,49820.0,50400.0,49440.0,49620.0,9357000,Samsung,48568.57142857143,47159.333333333336,0.00040322580645169026,0.010421263975093312
2017-09-14,50060.0,50320.0,49760.0,50300.0,14204750,Samsung,49074.28571428572,47202.666666666664,0.01370415155179372,0.010296509821835794
2017-09-15,50300.0,50560.0,49860.0,50400.0,10757300,Samsung,49560.0,47290.0,0.001988071570576455,0.010634033949167865
2017-09-18,50540.0,52480.0,50520.0,52480.0,11524950,Samsung,50182.857142857145,47449.333333333336,0.041269841269841345,0.01537827575272561
2017-09-19,52500.0,52640.0,51780.0,52120.0,9850400,Samsung,50617.142857142855,47600.666666666664,-0.006859756097560954,0.016528547275388907
2017-09-20,52120.0,52500.0,51840.0,52220.0,9292750,Samsung,50962.857142857145,47750.666666666664,0.0019186492709133418,0.01646825792710751
2017-09-21,52220.0,52960.0,52220.0,52800.0,8839800,Samsung,51420.0,47968.0,0.011106855610877098,0.01577244068181078
2017-09-25,53000.0,53680.0,53000.0,53620.0,9303100,Samsung,51991.42857142857,48225.333333333336,0.015530303030303116,0.015418466733849506
2017-09-26,53620.0,53620.0,53620.0,53620.0,0,Samsung,52465.71428571428,48525.333333333336,0.0,0.015915011049974483
2017-09-27,52000.0,52200.0,51500.0,51680.0,10797000,Samsung,52648.57142857143,48748.0,-0.03618052965311447,0.023540839960737872
2017-09-28,52260.0,52460.0,51260.0,51260.0,12025450,Samsung,52474.28571428572,48916.666666666664,-0.008126934984520107,0.01691807905573631
2017-09-29,51180.0,51620.0,50840.0,51280.0,12909400,Samsung,52354.28571428572,49058.0,0.0003901677721420693,0.016880723891691575
2017-10-10,53360.0,53640.0,52800.0,52800.0,20519800,Samsung,52437.142857142855,49254.666666666664,0.029641185647425905,0.020802862550796417
2017-10-11,53600.0,54760.0,53340.0,54640.0,13652150,Samsung,52700.0,49514.666666666664,0.034848484848484906,0.024232336034509902
2017-10-12,54840.0,55160.0,54100.0,54800.0,13890700,Samsung,52868.57142857143,49774.666666666664,0.002928257686676483,0.02379749429726316
2017-10-13,54540.0,54840.0,53780.0,54000.0,12601650,Samsung,52922.857142857145,49992.0,-0.014598540145985384,0.024760916269216525
2017-10-16,53980.0,54860.0,53760.0,53920.0,9769950,Samsung,53242.857142857145,50205.333333333336,-0.001481481481481528,0.018759544385815723
2017-10-17,54020.0,55380.0,54000.0,54800.0,10607800,Samsung,53748.57142857143,50464.666666666664,0.016320474777448135,0.01789738696238878
2017-10-18,54820.0,55240.0,54040.0,54760.0,10110750,Samsung,54245.71428571428,50753.333333333336,-0.0007299270072992359,0.017999432727918218
2017-10-19,54700.0,54700.0,52980.0,52980.0,12108700,Samsung,54271.42857142857,50983.333333333336,-0.032505478451424374,0.021441914048204076
2017-10-20,52800.0,54100.0,52800.0,53840.0,8027050,Samsung,54157.142857142855,51238.0,0.016232540581351484,0.01724112575065949
2017-10-23,54600.0,54640.0,54000.0,54300.0,8311050,Samsung,54085.71428571428,51504.0,0.008543833580980653,0.017633548319309123
2017-10-24,54700.0,54780.0,54040.0,54040.0,5806050,Samsung,54091.42857142857,51756.0,-0.0047882136279926435,0.01675683497872609
2017-10-25,54040.0,54420.0,53700.0,53900.0,5882850,Samsung,54088.57142857143,52018.0,-0.002590673575129543,0.016780914750909467
2017-10-26,53720.0,53900.0,52400.0,52400.0,9776550,Samsung,53745.71428571428,52206.0,-0.0278293135435993,0.01791338782967526
2017-10-27,52400.0,53320.0,52140.0,53080.0,7392500,Samsung,53505.71428571428,52408.666666666664,0.012977099236641143,0.019310542931774984
2017-10-30,53780.0,54320.0,53700.0,54040.0,8196150,Samsung,53657.142857142855,52606.0,0.018085908063300682,0.016203396741978904
2017-10-31,54060.0,55440.0,53500.0,55080.0,13381550,Samsung,53834.28571428572,52806.0,0.01924500370096216,0.016648931076128432
2017-11-01,57500.0,57500.0,56180.0,57220.0,14510250,Samsung,54251.42857142857,53053.333333333336,0.038852578068264254,0.02146186643195422
2017-11-02,57500.0,57520.0,56760.0,57060.0,10721050,Samsung,54682.857142857145,53302.0,-0.0027962250961202084,0.0212810120768167
2017-11-03,57060.0,57140.0,55860.0,56380.0,9935800,Samsung,55037.142857142855,53527.333333333336,-0.01191728005608128,0.02232058016726643
2017-11-06,56380.0,56500.0,55340.0,56380.0,9000950,Samsung,55605.71428571428,53730.0,0.0,0.01699741011282505
2017-11-07,56380.0,56920.0,55860.0,56100.0,7464550,Samsung,56037.142857142855,53920.0,-0.00496630010642074,0.017913693273441892
2017-11-08,56100.0,57060.0,55860.0,56760.0,8520200,Samsung,56425.71428571428,54062.666666666664,0.0117647058823529,0.017478803183573952
2017-11-09,56920.0,56920.0,55900.0,56340.0,11994050,Samsung,56605.71428571428,54203.333333333336,-0.007399577167019,0.017311084602749535
2017-11-10,55800.0,56540.0,55780.0,56400.0,6748800,Samsung,56488.57142857143,54342.666666666664,0.0010649627263046302,0.007525434698609786
2017-11-13,56400.0,56800.0,56100.0,56380.0,8806650,Samsung,56391.42857142857,54462.0,-0.00035460992907798694,0.007540876377896715
2017-11-14,56380.0,56740.0,55920.0,55920.0,6725000,Samsung,56325.71428571428,54538.666666666664,-0.008158921603405478,0.006787208269646884
2017-11-15,55920.0,56320.0,55320.0,55340.0,8816950,Samsung,56177.142857142855,54596.0,-0.0103719599427754,0.0075801469840462415
2017-11-16,55440.0,56000.0,55400.0,55780.0,7640700,Samsung,56131.42857142857,54732.666666666664,0.007950849295265572,0.008440526416937306
2017-11-17,56400.0,56880.0,55820.0,55820.0,10733150,Samsung,55997.142857142855,54884.666666666664,0.0007171029042667421,0.006516010009983117
2017-11-20,55900.0,55980.0,55200.0,55200.0,9472750,Samsung,55834.28571428572,55015.333333333336,-0.01110713006091002,0.00711650075060216
2017-11-21,55400.0,55840.0,55280.0,55280.0,10324700,Samsung,55674.28571428572,55098.0,0.0014492753623187582,0.007153521749682703
2017-11-22,55980.0,56200.0,55620.0,55960.0,7952950,Samsung,55614.28571428572,55142.0,0.012301013024601959,0.009194319012594508
2017-11-23,55960.0,55980.0,55020.0,55300.0,6272900,Samsung,55525.71428571428,55158.666666666664,-0.01179413867047896,0.00974987344529206
2017-11-24,55300.0,55500.0,55180.0,55460.0,4536200,Samsung,55542.857142857145,55207.333333333336,0.002893309222423257,0.00901070588151471
2017-11-27,55360.0,55360.0,52640.0,52640.0,18128900,Samsung,55094.28571428572,55164.666666666664,-0.05084745762711862,0.02063978708296179
2017-11-28,52700.0,53280.0,51720.0,53280.0,13499400,Samsung,54731.42857142857,55114.0,0.012158054711246091,0.021866767813434208
2017-11-29,53200.0,53240.0,52500.0,52600.0,9590250,Samsung,54360.0,55042.0,-0.01276276276276278,0.02193475067895697
2017-11-30,50800.0,51860.0,50200.0,50800.0,29634150,Samsung,53720.0,54969.333333333336,-0.034220532319391594,0.023801387888146036
2017-12-01,50800.0,51780.0,50800.0,50840.0,12868600,Samsung,52988.57142857143,54869.333333333336,0.0007874015748030594,0.02220645526526907
2017-12-04,50840.0,51340.0,50020.0,51340.0,14865050,Samsung,52422.857142857145,54770.666666666664,0.009834775767112447,0.023906485235265392
2017-12-05,50600.0,51300.0,50280.0,51260.0,9326550,Samsung,51822.857142857145,54678.0,-0.001558239189715649,0.02355338450017394
2017-12-06,51260.0,51560.0,50020.0,50020.0,10889200,Samsung,51448.57142857143,54548.666666666664,-0.0241904018728053,0.017369726820370312
2017-12-07,50040.0,50980.0,50020.0,50740.0,11065600,Samsung,51085.71428571428,54493.333333333336,0.01439424230307873,0.017798973257467408
2017-12-08,51360.0,52000.0,51040.0,52000.0,11290450,Samsung,51000.0,54457.333333333336,0.024832479306267308,0.021076076951088582
2017-12-11,52000.0,52040.0,51500.0,51780.0,8125850,Samsung,51140.0,54382.0,-0.00423076923076926,0.015654033583862824
2017-12-12,51820.0,52100.0,51660.0,52100.0,8765050,Samsung,51320.0,54282.666666666664,0.006179992275009649,0.01566895496079385
2017-12-13,52100.0,52100.0,51100.0,51320.0,11333700,Samsung,51317.142857142855,54086.0,-0.01497120921305184,0.016791113685419447
2017-12-14,51320.0,52280.0,51060.0,51060.0,20310400,Samsung,51288.57142857143,53886.0,-0.005066250974279041,0.016899639541534853
2017-12-15,51240.0,51480.0,50520.0,50620.0,14928550,Samsung,51374.28571428572,53694.0,-0.008617312965139012,0.01403331117166722
2017-12-18,50620.0,51240.0,50620.0,51200.0,7350250,Samsung,51440.0,53521.333333333336,0.011457921770051449,0.0136318597662637
2017-12-19,51540.0,52080.0,51520.0,51560.0,11978600,Samsung,51377.142857142855,53370.0,0.007031250000000044,0.009584989331546187
2017-12-21,51000.0,51060.0,49100.0,49140.0,15624300,Samsung,51000.0,53116.0,-0.04693560899922422,0.01989767105709499
2017-12-22,49400.0,49960.0,49240.0,49700.0,11199650,Samsung,50657.142857142855,52894.666666666664,0.01139601139601143,0.020571750049710444
2017-12-26,49760.0,50100.0,48200.0,48200.0,16039850,Samsung,50211.42857142857,52621.333333333336,-0.030181086519114664,0.022339328253549173
2017-12-27,48960.0,49560.0,48460.0,49360.0,10743600,Samsung,49968.57142857143,52387.333333333336,0.02406639004149369,0.02560464410482137
2017-12-28,49560.0,50960.0,49500.0,50960.0,8985450,Samsung,50017.142857142855,52222.0,0.03241491085899506,0.028988893906006414
2018-01-02,51380.0,51400.0,50780.0,51020.0,8474250,Samsung,49991.42857142857,52078.0,0.0011773940345369827,0.028648179073861392
2018-01-03,52540.0,52560.0,51420.0,51620.0,10013500,Samsung,50000.0,51939.333333333336,0.011760094080752737,0.028900312527337216
2018-01-04,52120.0,52180.0,50640.0,51080.0,11695450,Samsung,50277.142857142855,51781.333333333336,-0.010461061604029487,0.021170953600928095
2018-01-05,51300.0,52120.0,51200.0,52120.0,9481150,Samsung,50622.857142857145,51678.666666666664,0.02036021926389986,0.021830999553204885
2018-01-08,52400.0,52520.0,51500.0,52020.0,8383650,Samsung,51168.57142857143,51570.0,-0.0019186492709132308,0.01549973052823733
2018-01-09,51460.0,51720.0,49980.0,50400.0,18013600,Samsung,51317.142857142855,51384.666666666664,-0.03114186851211076,0.020886730862897714
2018-01-10,50500.0,50520.0,48640.0,48840.0,18566800,Samsung,51014.28571428572,51169.333333333336,-0.030952380952380953,0.019803171090258816
2018-01-11,48200.0,49260.0,48020.0,48240.0,25123800,Samsung,50617.142857142855,50928.666666666664,-0.012285012285012331,0.01965645549511943
2018-01-12,48240.0,48480.0,46760.0,48200.0,27270450,Samsung,50128.57142857143,50780.666666666664,-0.0008291873963516272,0.01808070757719058
2018-01-15,48800.0,48980.0,47920.0,48540.0,10096000,Samsung,49765.71428571428,50622.666666666664,0.007053941908713668,0.019124151601230762
2018-01-16,48760.0,50140.0,48620.0,50000.0,20389650,Samsung,49462.857142857145,50536.0,0.030078285949732164,0.021637562734893367
2018-01-17,50020.0,50020.0,49060.0,49620.0,11053050,Samsung,49120.0,50496.666666666664,-0.007600000000000051,0.021577963329670775
2018-01-18,50020.0,50640.0,49820.0,49900.0,14848850,Samsung,49048.57142857143,50465.333333333336,0.005642885933091479,0.01889633334316112
2018-01-19,50380.0,50380.0,49040.0,49320.0,9219950,Samsung,49117.142857142855,50398.0,-0.011623246492985961,0.01480545464515824
2018-01-22,48640.0,48680.0,47960.0,48240.0,12520900,Samsung,49117.142857142855,50297.333333333336,-0.021897810218978075,0.01662963141259638
2018-01-23,48660.0,49160.0,48300.0,49160.0,13532700,Samsung,49254.28571428572,50268.666666666664,0.019071310116086204,0.01807866784746013
2018-01-24,48860.0,49700.0,48560.0,49340.0,9550500,Samsung,49368.57142857143,50222.0,0.003661513425549323,0.017995935968203598
2018-01-25,49220.0,50360.0,49160.0,50260.0,11160350,Samsung,49405.71428571428,50164.0,0.01864612890149986,0.015405851763237024
2018-01-26,50500.0,50780.0,49840.0,50780.0,10350100,Samsung,49571.42857142857,50130.666666666664,0.010346199761241515,0.015259204034952095
2018-01-29,51200.0,51480.0,50900.0,51220.0,11838800,Samsung,49760.0,50101.333333333336,0.008664828672705793,0.01537531883061153
2018-01-30,50440.0,50640.0,49780.0,49800.0,12284550,Samsung,49828.57142857143,50050.666666666664,-0.027723545490042967,0.018878849106301672
2018-01-31,50020.0,54140.0,49600.0,49900.0,64681300,Samsung,50065.71428571428,50012.0,0.002008032128514081,0.015852392733109844
2018-02-01,50620.0,50960.0,49720.0,49820.0,27609450,Samsung,50160.0,49985.333333333336,-0.0016032064128256307,0.014665182936843699
2018-02-02,49380.0,49400.0,47700.0,47700.0,29260350,Samsung,49925.71428571428,49868.666666666664,-0.04255319148936165,0.022239293324733737
2018-02-05,46500.0,48320.0,46000.0,47920.0,28357900,Samsung,49591.42857142857,49747.333333333336,0.004612159329140386,0.020346183811123204
2018-02-06,46600.0,47920.0,46580.0,47420.0,19406450,Samsung,49111.42857142857,49690.0,-0.01043405676126874,0.01892684055204899
2018-02-07,48240.0,48260.0,45800.0,45800.0,23448050,Samsung,48337.142857142855,49560.0,-0.03416280050611553,0.018969898255692792
2018-02-08,46120.0,46620.0,45980.0,46000.0,23251050,Samsung,47794.28571428572,49486.666666666664,0.004366812227074135,0.019449690234821064
2018-02-09,44440.0,45180.0,44420.0,44700.0,17465000,Samsung,47051.42857142857,49331.333333333336,-0.02826086956521734,0.019412015391944724
2018-02-12,45100.0,46320.0,45040.0,45720.0,15754950,Samsung,46465.71428571428,49156.666666666664,0.02281879194630876,0.02397122778075343
2018-02-13,46200.0,48060.0,46200.0,47540.0,18923250,Samsung,46442.857142857145,49040.666666666664,0.039807524059492616,0.02652073541444003
2018-02-14,48080.0,49100.0,47940.0,49000.0,18905900,Samsung,46597.142857142855,48953.333333333336,0.03071098022717722,0.02902303972493693
2018-02-19,49800.0,49800.0,47860.0,48380.0,15353450,Samsung,46734.28571428572,48863.333333333336,-0.012653061224489837,0.02921272736015157
2018-02-20,48040.0,48160.0,47220.0,47400.0,10122600,Samsung,46962.857142857145,48706.0,-0.02025630425795788,0.026601971476167652
2018-02-21,47280.0,47580.0,46840.0,47280.0,12880200,Samsung,47145.71428571428,48548.0,-0.0025316455696202667,0.026766082188023954
2018-02-22,47260.0,47260.0,46760.0,46760.0,8869950,Samsung,47440.0,48426.666666666664,-0.010998307952622688,0.023916826281787058
2018-02-23,46760.0,47800.0,46760.0,47220.0,12423300,Samsung,47654.28571428572,48372.666666666664,0.009837467921300247,0.022942081735267336
2018-02-26,47280.0,47560.0,47080.0,47380.0,9560650,Samsung,47631.42857142857,48344.0,0.0033883947479882437,0.01707003466882826
2018-02-27,48360.0,48380.0,47380.0,47380.0,9830550,Samsung,47400.0,48316.666666666664,0.0,0.0103959631248545
2018-02-28,47380.0,48100.0,47000.0,47060.0,15162350,Samsung,47211.42857142857,48267.333333333336,-0.006753904601097482,0.009874044458140982
2018-03-02,46580.0,46800.0,46000.0,46020.0,13265500,Samsung,47014.28571428572,48134.666666666664,-0.02209944751381221,0.01039373916662743
2018-03-05,45820.0,46160.0,45080.0,45200.0,14100950,Samsung,46717.142857142855,47987.333333333336,-0.01781833985223813,0.011536397233441218
2018-03-06,45920.0,47100.0,45820.0,47020.0,15423350,Samsung,46754.28571428572,47891.333333333336,0.04026548672566377,0.02071399083200354
2018-03-07,48200.0,48900.0,47220.0,48620.0,21427050,Samsung,46954.28571428572,47868.0,0.034028073160357275,0.02416891191474951
2018-03-08,49200.0,49480.0,48080.0,49200.0,19463650,Samsung,47214.28571428572,47900.0,0.01192924722336497,0.024322657698665796
2018-03-09,49440.0,50540.0,49240.0,49740.0,14304400,Samsung,47551.42857142857,47919.333333333336,0.01097560975609757,0.02425138155258527
2018-03-12,50560.0,50780.0,49580.0,49740.0,8688950,Samsung,47934.28571428572,47932.666666666664,0.0,0.023731640585211065
2018-03-13,50760.0,51660.0,50360.0,51660.0,20098700,Samsung,48740.0,47979.333333333336,0.0386007237635706,0.021836527583964125
2018-03-14,51020.0,52000.0,51000.0,51760.0,12713250,Samsung,49677.142857142855,48012.0,0.0019357336430507743,0.01744336135118359
2018-03-15,52000.0,52020.0,51020.0,51540.0,8882450,Samsung,50322.857142857145,48022.666666666664,-0.004250386398763517,0.016788448323280795
2018-03-16,51220.0,51420.0,50240.0,51140.0,12184900,Samsung,50682.857142857145,48067.333333333336,-0.007760962359332546,0.015582945580845537
2018-03-19,50620.0,51340.0,50440.0,50740.0,8218850,Samsung,50902.857142857145,48095.333333333336,-0.007821666014861117,0.016382600924878452
2018-03-20,50700.0,51200.0,50100.0,51200.0,8193250,Samsung,51111.42857142857,48141.333333333336,0.009065825778478587,0.016272817738188675
2018-03-21,51780.0,51780.0,51060.0,51060.0,8905200,Samsung,51300.0,48253.333333333336,-0.0027343749999999556,0.0164240348026659
2018-03-22,51060.0,51780.0,51040.0,51780.0,8454100,Samsung,51317.142857142855,48382.0,0.014101057579318343,0.008473600937422485
2018-03-23,50340.0,50720.0,49600.0,49720.0,14854950,Samsung,51025.71428571428,48458.666666666664,-0.0397837002703747,0.01727899623706855
2018-03-26,49420.0,50280.0,49040.0,50280.0,10057750,Samsung,50845.71428571428,48608.0,0.011263073209975882,0.018436706968842715
2018-03-27,50320.0,50460.0,49080.0,49980.0,11874000,Samsung,50680.0,48740.666666666664,-0.005966587112171795,0.018378049069877837
2018-03-28,49100.0,49100.0,48340.0,48700.0,15159450,Samsung,50388.57142857143,48874.0,-0.025610244097639012,0.020268332840234254
2018-03-29,48700.0,49560.0,48320.0,49040.0,10067000,Samsung,50080.0,48984.666666666664,0.006981519507186951,0.020029738640267553
2018-03-30,49080.0,49900.0,49080.0,49220.0,7777100,Samsung,49817.142857142855,49040.666666666664,0.0036704730831973453,0.0203456677440223
2018-04-02,49000.0,49220.0,48500.0,48540.0,7115650,Samsung,49354.28571428572,49025.333333333336,-0.013815522145469328,0.018629991580606894
2018-04-03,47880.0,48140.0,47280.0,48120.0,12768250,Samsung,49125.71428571428,49016.666666666664,-0.008652657601977753,0.012902302824903449
2018-04-04,48160.0,48260.0,46920.0,46920.0,12384200,Samsung,48645.71428571428,49000.666666666664,-0.02493765586034913,0.012743043789569706
2018-04-05,47400.0,49380.0,47340.0,48740.0,13245600,Samsung,48468.57142857143,49049.333333333336,0.038789428815004356,0.02247571749982124
2018-04-06,48000.0,48580.0,47400.0,48400.0,12532700,Samsung,48425.71428571428,49104.0,-0.006975789905621643,0.020410915048744288
2018-04-09,48260.0,49440.0,48200.0,49200.0,9950400,Samsung,48448.57142857143,49170.0,0.016528925619834656,0.021309429340458392
2018-04-10,48540.0,49220.0,48040.0,48880.0,10984350,Samsung,48400.0,49220.0,-0.006504065040650375,0.021416448515606482
2018-04-11,49900.0,49900.0,48600.0,48860.0,10051100,Samsung,48445.71428571428,49269.333333333336,-0.00040916530278234386,0.020643536720058624
2018-04-12,49440.0,49440.0,48880.0,49000.0,12466250,Samsung,48571.42857142857,49334.0,0.002865329512893977,0.020188801380759392
2018-04-13,49600.0,50180.0,49400.0,49800.0,10278300,Samsung,48982.857142857145,49460.0,0.01632653061224487,0.016425249477693325
2018-04-16,50320.0,50600.0,49860.0,50340.0,7877450,Samsung,49211.42857142857,49631.333333333336,0.010843373493975905,0.01003459216340952
2018-04-17,50240.0,50540.0,49820.0,49980.0,7772000,Samsung,49437.142857142855,49730.0,-0.007151370679380209,0.010068709549273962
2018-04-18,51000.0,51360.0,50580.0,51360.0,13462600,Samsung,49745.71428571428,49821.333333333336,0.027611044417767072,0.012760545366595427
2018-04-19,52000.0,52980.0,51540.0,52780.0,17190550,Samsung,50302.857142857145,49940.666666666664,0.027647975077881526,0.013584400364730263
2018-04-20,51800.0,52260.0,51420.0,51620.0,11761000,Samsung,50697.142857142855,50003.333333333336,-0.02197802197802201,0.018269549648524716
2018-04-23,51000.0,52080.0,51000.0,51900.0,11619000,Samsung,51111.42857142857,50075.333333333336,0.005424254165052211,0.01817448906462639
2018-04-24,51840.0,51860.0,50080.0,50460.0,15770300,Samsung,51205.71428571428,50035.333333333336,-0.02774566473988438,0.022162701529327353
2018-04-25,49220.0,50500.0,49220.0,50400.0,16614600,Samsung,51214.28571428572,49990.0,-0.0011890606420927874,0.021835117609513063
2018-04-26,50420.0,52160.0,50400.0,52140.0,18046550,Samsung,51522.857142857145,50010.0,0.03452380952380962,0.0249067643341284
2018-04-27,53380.0,53640.0,52440.0,53000.0,30310800,Samsung,51757.142857142855,50072.0,0.016494054468737973,0.023646005664232164
2018-04-30,53000.0,53000.0,53000.0,53000.0,0,Samsung,51788.57142857143,50147.333333333336,0.0,0.0213825135384009
2018-05-02,53000.0,53000.0,53000.0,53000.0,0,Samsung,51985.71428571428,50207.333333333336,0.0,0.01895833923362069
2018-05-03,53000.0,53000.0,53000.0,53000.0,0,Samsung,52142.857142857145,50272.0,0.0,0.018997879722901446
2018-05-04,53000.0,53900.0,51800.0,51900.0,39565391,Samsung,52348.57142857143,50276.0,-0.02075471698113207,0.017201559518868575
2018-05-08,52600.0,53200.0,51900.0,52600.0,23104720,Samsung,52662.857142857145,50372.0,0.01348747591522148,0.01733576387003748
2018-05-09,52600.0,52800.0,50900.0,50900.0,16128305,Samsung,52485.71428571428,50392.666666666664,-0.03231939163498099,0.017574063122503442
2018-05-10,51700.0,51700.0,50600.0,51600.0,13905263,Samsung,52285.71428571428,50446.666666666664,0.013752455795677854,0.017083129453475017
2018-05-11,52000.0,52200.0,51200.0,51300.0,10314997,Samsung,52042.857142857145,50533.333333333336,-0.005813953488372103,0.017014989208349814
2018-05-14,51000.0,51100.0,49900.0,50100.0,14909272,Samsung,51628.57142857143,50568.666666666664,-0.023391812865497075,0.018232533189537315
2018-05-15,50200.0,50400.0,49100.0,49200.0,18709146,Samsung,51085.71428571428,50568.0,-0.017964071856287456,0.018205588799100506
2018-05-16,49200.0,50200.0,49150.0,49850.0,15918683,Samsung,50792.857142857145,50611.666666666664,0.013211382113821113,0.019476927245188135
2018-05-17,50300.0,50500.0,49400.0,49400.0,10365440,Samsung,50335.71428571428,50654.333333333336,-0.009027081243731194,0.017569599314917583
2018-05-18,49900.0,49900.0,49350.0,49500.0,6706570,Samsung,50135.71428571428,50740.333333333336,0.002024291497975783,0.014417487649548675
2018-05-21,49650.0,50200.0,49100.0,50000.0,9020998,Samsung,49907.142857142855,50782.333333333336,0.010101010101010166,0.01372220356070555
2018-05-23,50600.0,52000.0,50400.0,51800.0,17095490,Samsung,49978.57142857143,50895.666666666664,0.03600000000000003,0.02045687007371126
2018-05-24,52000.0,52000.0,51100.0,51400.0,8289275,Samsung,50164.28571428572,50969.0,-0.007722007722007707,0.017977928144291607
2018-05-25,51000.0,52800.0,50800.0,52700.0,15207266,Samsung,50664.28571428572,51096.333333333336,0.02529182879377423,0.01663266080882564
2018-05-28,52500.0,53000.0,52000.0,52300.0,9787820,Samsung,51014.28571428572,51211.0,-0.007590132827324458,0.017778455560670012
2018-05-29,52200.0,52500.0,51300.0,51300.0,8480437,Samsung,51285.71428571428,51287.666666666664,-0.019120458891013437,0.019610893459071774
2018-05-30,51300.0,51500.0,49100.0,49500.0,20498098,Samsung,51285.71428571428,51277.666666666664,-0.03508771929824561,0.025003951746378317
2018-05-31,50400.0,50800.0,49850.0,50700.0,63491109,Samsung,51385.71428571428,51289.666666666664,0.024242424242424176,0.026459768499486277
2018-06-01,50500.0,51700.0,49950.0,51300.0,13038499,Samsung,51314.28571428572,51333.666666666664,0.01183431952662728,0.022627083232968755
2018-06-04,50800.0,51200.0,50700.0,51100.0,9767171,Samsung,51271.42857142857,51325.0,-0.003898635477582846,0.02248812991052648
2018-06-05,51100.0,51400.0,50400.0,51300.0,9144100,Samsung,51071.42857142857,51275.666666666664,0.00391389432485334,0.019656263834633304
2018-06-07,51800.0,51800.0,50500.0,50600.0,13590016,Samsung,50828.57142857143,51241.666666666664,-0.013645224171540016,0.019987846125934166
2018-06-08,50200.0,50400.0,49600.0,49650.0,16951706,Samsung,50592.857142857145,51166.666666666664,-0.018774703557312256,0.019946186121833864
2018-06-11,49750.0,50300.0,49350.0,49900.0,10571312,Samsung,50650.0,51148.0,0.0050352467270895485,0.01478438625091593
2018-06-12,49700.0,49800.0,49250.0,49400.0,12110569,Samsung,50464.28571428572,51114.666666666664,-0.01002004008016033,0.011118382298787564
2018-06-14,49000.0,49000.0,48200.0,48200.0,20971729,Samsung,50021.42857142857,50983.333333333336,-0.02429149797570851,0.011116995355287028
2018-06-15,48500.0,48700.0,47650.0,47650.0,17080892,Samsung,49528.57142857143,50805.0,-0.011410788381742698,0.0109246114466941
2018-06-18,47600.0,47650.0,46200.0,46600.0,16661870,Samsung,48857.142857142855,50591.666666666664,-0.022035676810073457,0.009807557342492987
2018-06-19,47200.0,47350.0,46500.0,47000.0,15217971,Samsung,48342.857142857145,50391.666666666664,0.008583690987124415,0.012898901304417322
2018-06-20,47450.0,47600.0,46850.0,47000.0,12959316,Samsung,47964.28571428572,50191.666666666664,0.0,0.01282295407861756
2018-06-21,47900.0,47900.0,47050.0,47050.0,10015541,Samsung,47557.142857142855,50030.0,0.0010638297872340718,0.012238346028683709
2018-06-22,47000.0,47250.0,46200.0,47250.0,10298006,Samsung,47250.0,49851.666666666664,0.004250797024442088,0.013065065141090787
2018-06-25,47050.0,47050.0,46150.0,46650.0,10587711,Samsung,47028.57142857143,49710.0,-0.012698412698412653,0.01096478398190425
2018-06-26,45900.0,47300.0,45900.0,47000.0,11223166,Samsung,46935.71428571428,49556.666666666664,0.007502679528403,0.011332812176994151
2018-06-27,47450.0,48500.0,47000.0,47950.0,15274752,Samsung,47128.57142857143,49445.0,0.0202127659574467,0.009996116354241202
2018-06-28,46850.0,47150.0,46600.0,46800.0,12784800,Samsung,47100.0,49335.0,-0.023983315954118845,0.014251264880182149
2018-06-29,46250.0,47150.0,46200.0,46650.0,14099635,Samsung,47050.0,49250.0,-0.0032051282051281937,0.014283163711904603
2018-07-02,46500.0,47150.0,45500.0,45550.0,13112253,Samsung,46835.71428571428,49106.666666666664,-0.02357984994640938,0.016552404175554418
2018-07-03,45750.0,46450.0,45750.0,46150.0,10959655,Samsung,46678.57142857143,48998.333333333336,0.01317233809001106,0.017645859835544276
2018-07-04,46700.0,47050.0,46050.0,46250.0,8776763,Samsung,46621.42857142857,48890.0,0.0021668472372697867,0.017204812088542458
2018-07-05,46100.0,46550.0,45600.0,45950.0,7039773,Samsung,46471.42857142857,48755.0,-0.006486486486486531,0.016847503296280906
2018-07-06,45500.0,45850.0,44650.0,44900.0,17843706,Samsung,46035.71428571428,48525.0,-0.02285092491838958,0.014632631606309834
2018-07-09,45500.0,46100.0,45200.0,45600.0,11602464,Samsung,45864.28571428572,48331.666666666664,0.015590200445434244,0.015605084002084832
2018-07-10,46200.0,46550.0,46100.0,46300.0,10528665,Samsung,45814.28571428572,48118.333333333336,0.015350877192982448,0.01717976172326543
2018-07-11,46400.0,46450.0,45400.0,46000.0,11224077,Samsung,45878.57142857143,47908.333333333336,-0.006479481641468721,0.014419270414385356
2018-07-12,45900.0,46250.0,45450.0,45500.0,11828104,Samsung,45785.71428571428,47715.0,-0.010869565217391353,0.014032283637753164
2018-07-13,45800.0,46500.0,45750.0,46500.0,11543389,Samsung,45821.42857142857,47615.0,0.0219780219780219,0.016735980376160132
2018-07-16,46800.0,46800.0,46000.0,46050.0,7678719,Samsung,45835.71428571428,47460.0,-0.009677419354838679,0.01701158361731164
2018-07-17,46150.0,46200.0,45600.0,45850.0,8892953,Samsung,45971.42857142857,47278.333333333336,-0.004343105320304019,0.013952556883271298
2018-07-18,46700.0,47200.0,46450.0,46550.0,10952645,Samsung,46107.142857142855,47126.666666666664,0.01526717557251911,0.013904731339936171
2018-07-19,47050.0,47200.0,46600.0,46900.0,9880128,Samsung,46192.857142857145,46980.0,0.007518796992481258,0.013036285684492704
2018-07-20,47000.0,47600.0,46700.0,47450.0,10474547,Samsung,46400.0,46875.0,0.011727078891258014,0.012898184213845419
2018-07-23,47100.0,47200.0,46150.0,46500.0,10823782,Samsung,46542.857142857145,46770.0,-0.02002107481559534,0.015008543403802005
2018-07-24,46350.0,46600.0,45950.0,46150.0,8261363,Samsung,46492.857142857145,46645.0,-0.007526881720430145,0.012845520837133617
2018-07-25,46250.0,46550.0,45900.0,46150.0,7222471,Samsung,46507.142857142855,46536.666666666664,0.0,0.01226459109273357
2018-07-26,46100.0,47000.0,46000.0,46900.0,7374946,Samsung,46657.142857142855,46493.333333333336,0.01625135427952329,0.01336504605741521
2018-07-27,46450.0,47000.0,46450.0,46900.0,4762460,Samsung,46707.142857142855,46468.333333333336,0.0,0.012292499813006544
2018-07-30,46550.0,46800.0,46350.0,46500.0,5723035,Samsung,46650.0,46465.0,-0.008528784648187626,0.012399593449041523
2018-07-31,46200.0,46450.0,46000.0,46250.0,8033607,Samsung,46478.57142857143,46440.0,-0.005376344086021501,0.011049258503544561
2018-08-01,46050.0,46850.0,46050.0,46550.0,7484499,Samsung,46485.71428571428,46425.0,0.00648648648648642,0.008796179242774043
2018-08-02,46550.0,46800.0,45500.0,45550.0,8560924,Samsung,46400.0,46375.0,-0.02148227712137485,0.011877539807024034
2018-08-03,45850.0,45900.0,45450.0,45750.0,8274944,Samsung,46342.857142857145,46325.0,0.004390779363337094,0.012102682246627068
2018-08-06,46150.0,46150.0,45750.0,45800.0,6771979,Samsung,46185.71428571428,46296.666666666664,0.0010928961748633004,0.009551118251143735
2018-08-07,46300.0,46750.0,45900.0,46700.0,9058174,Samsung,46157.142857142855,46286.666666666664,0.01965065502183405,0.012973067275519895
2018-08-08,47000.0,47000.0,46550.0,46800.0,6429338,Samsung,46200.0,46248.333333333336,0.0021413276231263545,0.012495774810139838
2018-08-09,47000.0,47050.0,46450.0,46900.0,12010886,Samsung,46292.857142857145,46251.666666666664,0.002136752136752129,0.012176781625026008
2018-08-10,46150.0,46400.0,44850.0,45400.0,16670643,Samsung,46128.57142857143,46210.0,-0.031982942430703654,0.017404602866509352
2018-08-13,44950.0,45100.0,44650.0,45050.0,9803831,Samsung,46057.142857142855,46193.333333333336,-0.00770925110132159,0.015721627796609117
2018-08-14,44850.0,45400.0,44850.0,45150.0,6409259,Samsung,45971.42857142857,46160.0,0.002219755826859071,0.01560777610370761
2018-08-16,43800.0,44650.0,43700.0,44250.0,10088229,Samsung,45750.0,46093.333333333336,-0.019933554817275767,0.01693030070896224
2018-08-17,44050.0,44400.0,44050.0,44100.0,6808747,Samsung,45378.57142857143,46031.666666666664,-0.003389830508474523,0.01322204498090659
2018-08-20,43500.0,44200.0,43500.0,43850.0,7289124,Samsung,44957.142857142855,45996.666666666664,-0.005668934240362855,0.01252765290403412
2018-08-21,43700.0,44900.0,43700.0,44800.0,9520270,Samsung,44657.142857142855,45970.0,0.02166476624857472,0.016886311322417687
2018-08-22,45150.0,46200.0,44900.0,46100.0,11641656,Samsung,44757.142857142855,45963.333333333336,0.029017857142857206,0.017220323269776544
2018-08-23,46150.0,46200.0,45700.0,46200.0,6730918,Samsung,44921.42857142857,45970.0,0.002169197396963085,0.01665755156274273
2018-08-24,45900.0,46400.0,45550.0,46150.0,6582535,Samsung,45064.28571428572,45991.666666666664,-0.0010822510822511289,0.016753777964388275
2018-08-27,46100.0,46550.0,46000.0,46300.0,5263782,Samsung,45357.142857142855,45985.0,0.003250270855904569,0.013352231310122396
2018-08-28,46800.0,46950.0,46300.0,46550.0,7365976,Samsung,45707.142857142855,46001.666666666664,0.005399568034557323,0.012655042413559952
2018-08-29,46750.0,46800.0,46400.0,46800.0,5572374,Samsung,46128.57142857143,46033.333333333336,0.005370569280343629,0.011310067978550343
2018-08-30,46950.0,47950.0,46700.0,47650.0,12193231,Samsung,46535.71428571428,46070.0,0.018162393162393098,0.01074009982936046
2018-08-31,47100.0,48450.0,47000.0,48450.0,13577454,Samsung,46871.42857142857,46121.666666666664,0.016789087093389332,0.007395960807622851
2018-09-03,48200.0,48300.0,47300.0,47450.0,8595084,Samsung,47050.0,46121.666666666664,-0.02063983488132093,0.0129190028830764
2018-09-04,47550.0,47800.0,47200.0,47650.0,6791255,Samsung,47264.28571428572,46160.0,0.004214963119072657,0.012732815364114683
2018-09-05,47300.0,47450.0,46400.0,46600.0,9139998,Samsung,47307.142857142855,46175.0,-0.022035676810073457,0.016286764544443083
2018-09-06,46200.0,46400.0,45800.0,46100.0,9040553,Samsung,47242.857142857145,46173.333333333336,-0.010729613733905574,0.01670238791170303
2018-09-07,44500.0,45200.0,44400.0,44900.0,18285508,Samsung,46971.42857142857,46106.666666666664,-0.026030368763557465,0.018717789194386984
2018-09-10,45450.0,45550.0,45000.0,45500.0,9979838,Samsung,46664.28571428572,46060.0,0.013363028953229383,0.017759140570936797
2018-09-11,45550.0,45900.0,45050.0,45050.0,9865790,Samsung,46178.57142857143,46011.666666666664,-0.009890109890109855,0.014508852061408319
2018-09-12,44900.0,45100.0,44500.0,44550.0,12995269,Samsung,45764.28571428572,45955.0,-0.011098779134295245,0.013800974852777571
2018-09-13,44550.0,44750.0,44000.0,44050.0,18277942,Samsung,45250.0,45871.666666666664,-0.011223344556677839,0.012533691431679926
2018-09-14,45000.0,45850.0,44900.0,45850.0,12446344,Samsung,45142.857142857145,45881.666666666664,0.04086265607264483,0.022199575101726564
2018-09-17,45550.0,45800.0,44900.0,45150.0,8123384,Samsung,45007.142857142855,45861.666666666664,-0.01526717557251911,0.022556704140324294
2018-09-18,44950.0,45900.0,44700.0,45500.0,9987090,Samsung,45092.857142857145,45851.666666666664,0.007751937984496138,0.020242030186951462
2018-09-19,46000.0,46200.0,45700.0,46150.0,9367454,Samsung,45185.71428571428,45833.333333333336,0.014285714285714235,0.020330625923143896
2018-09-20,46850.0,47600.0,46400.0,47250.0,13536966,Samsung,45500.0,45848.333333333336,0.02383531960996743,0.02097313618314729
2018-09-21,46550.0,47550.0,46550.0,47400.0,14476906,Samsung,45907.142857142855,45865.0,0.0031746031746031633,0.019564430106724734
2018-09-27,46950.0,47500.0,46450.0,47500.0,15804586,Samsung,46400.0,45935.0,0.0021097046413502962,0.017833019231753656
2018-09-28,47250.0,47250.0,46300.0,46450.0,11270515,Samsung,46485.71428571428,45981.666666666664,-0.02210526315789474,0.016028146737861564
2018-10-01,46450.0,46800.0,45800.0,46350.0,6354983,Samsung,46657.142857142855,46021.666666666664,-0.0021528525296017342,0.014356976215472517
2018-10-02,46450.0,46700.0,45700.0,45700.0,6607188,Samsung,46685.71428571428,46070.0,-0.014023732470334394,0.015668043547543992
2018-10-04,45150.0,45600.0,44700.0,44700.0,11865327,Samsung,46478.57142857143,46090.0,-0.021881838074398252,0.01639986044843292
2018-10-05,44800.0,45500.0,44550.0,44700.0,10544165,Samsung,46114.28571428572,46118.333333333336,0.0,0.011202952353250886
2018-10-08,44200.0,45200.0,44200.0,44950.0,6759464,Samsung,45764.28571428572,46123.333333333336,0.005592841163311046,0.011628418830765406
2018-10-10,45250.0,45500.0,44500.0,45300.0,10341349,Samsung,45450.0,46096.666666666664,0.007786429365962189,0.012569689858308869
2018-10-11,44000.0,44650.0,43100.0,43100.0,19324537,Samsung,44971.42857142857,45993.333333333336,-0.04856512141280356,0.01985029370456058
2018-10-12,43200.0,44650.0,43200.0,44000.0,12640906,Samsung,44635.71428571428,45921.666666666664,0.02088167053364276,0.023100713780536852
2018-10-15,44050.0,44050.0,43350.0,43800.0,7434522,Samsung,44364.28571428572,45838.333333333336,-0.004545454545454519,0.0229092120315866
2018-10-16,43700.0,44150.0,43350.0,43600.0,6825677,Samsung,44207.142857142855,45740.0,-0.004566210045662156,0.021793371087380827
2018-10-17,44150.0,44500.0,44000.0,44150.0,8306193,Samsung,44128.57142857143,45651.666666666664,0.012614678899082632,0.02262188702779043
2018-10-18,43950.0,44450.0,43700.0,44050.0,8347725,Samsung,44000.0,45531.666666666664,-0.0022650056625141968,0.02240267284680427
2018-10-19,43900.0,44150.0,43450.0,43900.0,7842520,Samsung,43800.0,45380.0,-0.0034052213393870323,0.02192672620382639
2018-10-22,43450.0,43950.0,43200.0,43550.0,8357648,Samsung,43864.28571428572,45250.0,-0.007972665148063829,0.010805023228111587
2018-10-23,43300.0,43450.0,42550.0,43050.0,9531231,Samsung,43728.57142857143,45096.666666666664,-0.01148105625717566,0.007593469736375482
2018-10-24,43050.0,43100.0,42250.0,42550.0,13522825,Samsung,43550.0,44961.666666666664,-0.011614401858304313,0.008260261412269319
2018-10-25,40600.0,41550.0,40550.0,41000.0,19338170,Samsung,43178.57142857143,44791.666666666664,-0.03642773207990602,0.014772306095087685
2018-10-26,41100.0,41300.0,40400.0,41000.0,14413864,Samsung,42728.57142857143,44661.666666666664,0.0,0.012310051194112229
2018-10-29,40850.0,41950.0,40550.0,41400.0,14460521,Samsung,42350.0,44525.0,0.009756097560975618,0.014317400829560087
2018-10-30,41400.0,43000.0,41000.0,42350.0,14205190,Samsung,42128.57142857143,44435.0,0.022946859903381744,0.01873524641899177
2018-10-31,42900.0,43350.0,41700.0,42400.0,17621480,Samsung,41964.28571428572,44363.333333333336,0.0011806375442739991,0.0188100579488192
2018-11-01,42450.0,42950.0,42150.0,42150.0,13423132,Samsung,41835.71428571428,44300.0,-0.005896226415094352,0.01853967356136784
2018-11-02,43050.0,44250.0,42800.0,44150.0,16517112,Samsung,42064.28571428572,44243.333333333336,0.04744958481613293,0.02588098882484025
2018-11-05,43750.0,43800.0,42900.0,43800.0,9426777,Samsung,42464.28571428572,44198.333333333336,-0.007927519818799578,0.019668642879383226
2018-11-06,43750.0,43800.0,42950.0,43750.0,7713625,Samsung,42857.142857142855,44140.0,-0.0011415525114155667,0.01976642265598987
2018-11-07,43600.0,44500.0,43400.0,44000.0,11553998,Samsung,43228.57142857143,44068.333333333336,0.005714285714285783,0.01981602261641862
2018-11-08,44900.0,45050.0,44050.0,44050.0,12617397,Samsung,43471.42857142857,43961.666666666664,0.001136363636363713,0.01893503772396208
2018-11-09,44450.0,44850.0,43900.0,44300.0,7318500,Samsung,43742.857142857145,43858.333333333336,0.00567536889897835,0.018828671752936826
2018-11-12,43850.0,45250.0,43700.0,45200.0,8552566,Samsung,44178.57142857143,43781.666666666664,0.020316027088036037,0.01857346802383764
2018-11-13,43900.0,44500.0,43400.0,44500.0,9311126,Samsung,44228.57142857143,43716.666666666664,-0.015486725663716783,0.011351018269800645
2018-11-14,44500.0,44500.0,43800.0,44100.0,6783344,Samsung,44271.42857142857,43641.666666666664,-0.008988764044943864,0.011499113057946686
2018-11-15,44050.0,44350.0,43500.0,44250.0,5864067,Samsung,44342.857142857145,43593.333333333336,0.00340136054421758,0.011484174251379242
2018-11-16,44600.0,44750.0,43700.0,44000.0,7777124,Samsung,44342.857142857145,43570.0,-0.005649717514124242,0.011621416271633938
2018-11-19,44050.0,44250.0,43450.0,43650.0,7538720,Samsung,44285.71428571428,43535.0,-0.007954545454545436,0.011983113932496887
2018-11-20,42450.0,43000.0,42100.0,42800.0,9420664,Samsung,44071.42857142857,43463.333333333336,-0.019473081328751474,0.013265202312647195
2018-11-21,41800.0,42300.0,41800.0,42100.0,10769589,Samsung,43628.57142857143,43356.666666666664,-0.016355140186915862,0.007788051472410166
2018-11-22,42000.0,42650.0,42000.0,42450.0,5970796,Samsung,43335.71428571428,43335.0,0.008313539192398967,0.009930821078686147
2018-11-23,42450.0,42600.0,41900.0,42400.0,5192638,Samsung,43092.857142857145,43281.666666666664,-0.0011778563015312216,0.010065079488336917
2018-11-26,42150.0,42800.0,42100.0,42600.0,6613009,Samsung,42857.142857142855,43241.666666666664,0.004716981132075526,0.010270417162576005
2018-11-27,42900.0,43100.0,42500.0,43050.0,8367091,Samsung,42721.42857142857,43223.333333333336,0.010563380281690238,0.011895965320891962
2018-11-28,42800.0,43200.0,42750.0,43150.0,6943099,Samsung,42650.0,43190.0,0.0023228803716608404,0.011824106540665801
2018-11-29,43850.0,43850.0,42900.0,43150.0,8473511,Samsung,42700.0,43160.0,0.0,0.008824043449231475
2018-11-30,43450.0,44000.0,41750.0,41850.0,19775519,Samsung,42664.28571428572,43091.666666666664,-0.030127462340672095,0.013621361320536386
2018-12-03,42750.0,43400.0,42400.0,43250.0,12110702,Samsung,42778.57142857143,43081.666666666664,0.03345280764635605,0.01876008626967369
2018-12-04,42650.0,42900.0,41900.0,42150.0,14347746,Samsung,42742.857142857145,43051.666666666664,-0.02543352601156068,0.021640818100764816
2018-12-05,40900.0,41750.0,40850.0,41450.0,12631983,Samsung,42578.57142857143,43015.0,-0.016607354685646447,0.022252701072387207
2018-12-06,40600.0,41100.0,40450.0,40500.0,14251826,Samsung,42214.28571428572,42998.333333333336,-0.022919179734619988,0.022276860661637993
2018-12-07,40900.0,41400.0,40850.0,40950.0,11433083,Samsung,41900.0,42996.666666666664,0.011111111111111072,0.02321460140729862
2018-12-10,40450.0,40650.0,40000.0,40200.0,14892263,Samsung,41478.57142857143,42956.666666666664,-0.01831501831501836,0.023297507574904217
2018-12-11,40600.0,40700.0,40200.0,40250.0,10638766,Samsung,41250.0,42886.666666666664,0.0012437810945273853,0.021706173446971587
2018-12-12,40250.0,40700.0,40150.0,40450.0,12024279,Samsung,40850.0,42821.666666666664,0.00496894409937898,0.0147858306719649
2018-12-13,40650.0,40750.0,40000.0,40000.0,26254646,Samsung,40542.857142857145,42750.0,-0.011124845488257096,0.013095774394938125
2018-12-14,40200.0,40200.0,38700.0,38950.0,19671783,Samsung,40185.71428571428,42576.666666666664,-0.026249999999999996,0.014644075969872524
2018-12-17,38650.0,39600.0,38650.0,39150.0,11532968,Samsung,39992.857142857145,42421.666666666664,0.005134788189987249,0.013943729152450273
2018-12-18,38300.0,39200.0,38300.0,38900.0,11042101,Samsung,39700.0,42260.0,-0.0063856960408684715,0.012069423495266735
2018-12-19,38900.0,39350.0,38850.0,39100.0,9942037,Samsung,39542.857142857145,42096.666666666664,0.005141388174807249,0.011735915057277948
2018-12-20,38600.0,39100.0,38500.0,38650.0,11937617,Samsung,39314.28571428572,41916.666666666664,-0.011508951406649648,0.011794758971423158
2018-12-21,38200.0,38650.0,38100.0,38650.0,14947080,Samsung,39057.142857142855,41728.333333333336,0.0,0.011177789695041695
2018-12-24,38500.0,39050.0,38300.0,38800.0,9729530,Samsung,38885.71428571428,41515.0,0.0038809831824062613,0.011559219441797929
2018-12-26,38400.0,38750.0,38300.0,38350.0,12707675,Samsung,38800.0,41310.0,-0.011597938144329856,0.007549952846512452
2018-12-27,38700.0,38800.0,38100.0,38250.0,10510643,Samsung,38671.42857142857,41115.0,-0.0026075619295958807,0.0068307775839536455
2018-12-28,38250.0,38900.0,38200.0,38700.0,9900267,Samsung,38642.857142857145,40930.0,0.0117647058823529,0.008662209949296886
2019-01-02,39400.0,39400.0,38550.0,38750.0,7847664,Samsung,38592.857142857145,40755.0,0.0012919896640826156,0.008345683004534001
2019-01-03,38300.0,38550.0,37450.0,37600.0,12471493,Samsung,38442.857142857145,40553.333333333336,-0.029677419354838697,0.01337584566551836
2019-01-04,37450.0,37600.0,36850.0,37450.0,14108958,Samsung,38271.42857142857,40375.0,-0.003989361702127714,0.01326906337831298
2019-01-07,38000.0,38900.0,37800.0,38750.0,12748997,Samsung,38264.28571428572,40263.333333333336,0.03471295060080104,0.0199292111866193
2019-01-08,38000.0,39200.0,37950.0,38100.0,12756554,Samsung,38228.57142857143,40118.333333333336,-0.01677419354838705,0.020517970583348415
2019-01-09,38650.0,39600.0,38300.0,39600.0,17452708,Samsung,38421.42857142857,40025.0,0.03937007874015741,0.02543196028485232
2019-01-10,40000.0,40150.0,39600.0,39800.0,14731699,Samsung,38578.57142857143,39931.666666666664,0.005050505050504972,0.0252710890285688
2019-01-11,40350.0,40550.0,39950.0,40500.0,11661063,Samsung,38828.57142857143,39846.666666666664,0.017587939698492372,0.025696593613875687
2019-01-14,40450.0,40700.0,39850.0,40050.0,11984996,Samsung,39178.57142857143,39743.333333333336,-0.011111111111111072,0.022022151150761386
2019-01-15,40050.0,41100.0,39850.0,41100.0,11492756,Samsung,39700.0,39675.0,0.02621722846441954,0.021951739483652647
2019-01-16,41150.0,41450.0,40700.0,41450.0,8491595,Samsung,40085.71428571428,39661.666666666664,0.008515815085158085,0.019883941318862768
2019-01-17,41700.0,42100.0,41450.0,41950.0,11736903,Samsung,40635.71428571428,39618.333333333336,0.012062726176115701,0.01607405831805624
2019-01-18,42000.0,42400.0,41950.0,42300.0,11029256,Samsung,41021.42857142857,39623.333333333336,0.008343265792610355,0.011535211802459927
2019-01-21,42700.0,42750.0,41900.0,42750.0,11355701,Samsung,41442.857142857145,39666.666666666664,0.010638297872340496,0.01136616532015146
2019-01-22,42750.0,42850.0,41850.0,42150.0,9964356,Samsung,41678.57142857143,39721.666666666664,-0.01403508771929829,0.013980666301837108
2019-01-23,41350.0,42250.0,41350.0,42000.0,11071079,Samsung,41957.142857142855,39756.666666666664,-0.003558718861209953,0.012689487530156734
2019-01-24,43050.0,43100.0,42350.0,43050.0,14747623,Samsung,42235.71428571428,39851.666666666664,0.02499999999999991,0.012385078902560598
2019-01-25,44300.0,44750.0,43750.0,44750.0,22789395,Samsung,42707.142857142855,40001.666666666664,0.03948896631823451,0.017580886804947186
2019-01-28,45000.0,45500.0,44600.0,45050.0,17998914,Samsung,43150.0,40155.0,0.006703910614525244,0.017650252355561835
2019-01-29,45050.0,45500.0,44350.0,45500.0,16215017,Samsung,43607.142857142855,40338.333333333336,0.009988901220865598,0.017629726619290437
2019-01-30,44800.0,46400.0,44800.0,46400.0,17505980,Samsung,44128.57142857143,40586.666666666664,0.01978021978021971,0.0179680766420243
2019-01-31,46650.0,47050.0,46150.0,46150.0,21621145,Samsung,44700.0,40820.0,-0.0053879310344827624,0.016085729060202024
2019-02-01,46650.0,46950.0,46250.0,46350.0,13832454,Samsung,45321.42857142857,41068.333333333336,0.004333694474539573,0.01495676867128186
2019-02-07,46800.0,47100.0,46200.0,46200.0,15872001,Samsung,45771.42857142857,41305.0,-0.003236245954692518,0.015382948736642709
2019-02-08,45700.0,45700.0,44650.0,44800.0,12689196,Samsung,45778.57142857143,41510.0,-0.030303030303030276,0.015874668741392484
2019-02-11,44500.0,45000.0,44250.0,45000.0,11125044,Samsung,45771.42857142857,41721.666666666664,0.0044642857142858094,0.015745391949968195
2019-02-12,44650.0,46250.0,44650.0,46050.0,13184367,Samsung,45850.0,41963.333333333336,0.023333333333333428,0.017833042147612027
2019-02-13,46400.0,46700.0,46000.0,46200.0,11299738,Samsung,45821.42857142857,42225.0,0.0032573289902280145,0.016071472388196985
2019-02-14,46600.0,47500.0,46150.0,47500.0,17259341,Samsung,46014.28571428572,42533.333333333336,0.02813852813852824,0.019086737993514413
2019-02-15,46750.0,46850.0,45650.0,46050.0,10554643,Samsung,45971.42857142857,42778.333333333336,-0.030526315789473735,0.023180354703738488
2019-02-18,46500.0,46850.0,45850.0,46200.0,8183728,Samsung,45971.42857142857,43026.666666666664,0.0032573289902280145,0.02319168476264532
2019-02-19,45850.0,46150.0,45450.0,45950.0,6741395,Samsung,46135.71428571428,43305.0,-0.005411255411255422,0.01931358515256905
2019-02-20,46750.0,47100.0,46500.0,46900.0,11506720,Samsung,46407.142857142855,43620.0,0.020674646354733373,0.020352159195523967
2019-02-21,46500.0,47200.0,46200.0,46950.0,8694009,Samsung,46535.71428571428,43893.333333333336,0.0010660980810235365,0.01889855365303577
2019-02-22,46500.0,47150.0,46450.0,47150.0,6895772,Samsung,46671.42857142857,44195.0,0.004259850905218299,0.018905312860733034
2019-02-25,47400.0,47550.0,47050.0,47350.0,7484716,Samsung,46650.0,44453.333333333336,0.0042417815482502785,0.015468330084637837
2019-02-26,47350.0,47450.0,46500.0,46750.0,7985547,Samsung,46750.0,44685.0,-0.012671594508975703,0.010256896747360918
2019-02-27,47000.0,47250.0,46750.0,46750.0,8045211,Samsung,46828.57142857143,44893.333333333336,0.0,0.01027493378928571
2019-02-28,46400.0,46500.0,45100.0,45100.0,23569321,Samsung,46707.142857142855,45061.666666666664,-0.03529411764705881,0.017445567027564786
2019-03-04,46000.0,46100.0,44800.0,44850.0,12926539,Samsung,46414.28571428572,45186.666666666664,-0.005543237250554278,0.014132787960582895
2019-03-05,44600.0,45100.0,44150.0,44250.0,10612405,Samsung,46028.57142857143,45280.0,-0.013377926421404673,0.01393498486699297
2019-03-06,44000.0,44300.0,43700.0,44000.0,10202544,Samsung,45578.57142857143,45348.333333333336,-0.005649717514124242,0.012906980309622512
2019-03-07,43400.0,44950.0,43400.0,44450.0,11049749,Samsung,45164.28571428572,45420.0,0.010227272727272751,0.014129289546361038
2019-03-08,44450.0,44800.0,43800.0,43800.0,7729069,Samsung,44742.857142857145,45455.0,-0.01462317210348707,0.014234941877843516
2019-03-11,44400.0,44450.0,43650.0,43650.0,10717408,Samsung,44300.0,45505.0,-0.003424657534246589,0.013922264190595916
2019-03-12,44300.0,44950.0,44150.0,44650.0,11431977,Samsung,44235.71428571428,45593.333333333336,0.02290950744558984,0.013439865603027056
2019-03-13,44250.0,44450.0,43700.0,43850.0,8108343,Samsung,44092.857142857145,45620.0,-0.017917133258678608,0.01482498102208942
2019-03-14,43700.0,44300.0,43550.0,43850.0,18039161,Samsung,44035.71428571428,45590.0,0.0,0.014128477301416713
2019-03-15,43800.0,44250.0,43700.0,44200.0,16814163,Samsung,44064.28571428572,45561.666666666664,0.007981755986316896,0.01435238647444285
2019-03-18,43950.0,44150.0,43450.0,43700.0,8188876,Samsung,43957.142857142855,45501.666666666664,-0.011312217194570096,0.01428724622825469
2019-03-19,43750.0,43900.0,43550.0,43900.0,7609563,Samsung,43971.42857142857,45418.333333333336,0.004576659038901587,0.013348450659350239
2019-03-20,43800.0,44200.0,43100.0,44050.0,9846242,Samsung,44028.57142857143,45348.333333333336,0.003416856492027387,0.013271814826067487
2019-03-21,44600.0,46250.0,44050.0,45850.0,21138016,Samsung,44200.0,45331.666666666664,0.04086265607264483,0.018735817853098094
2019-03-22,46850.0,47000.0,46250.0,46550.0,12535911,Samsung,44585.71428571428,45343.333333333336,0.01526717557251911,0.016325699878317015
2019-03-25,45300.0,45650.0,44800.0,45500.0,8699728,Samsung,44821.42857142857,45366.666666666664,-0.022556390977443663,0.020112467624850843
2019-03-26,45500.0,45700.0,44900.0,45250.0,9729811,Samsung,44971.42857142857,45375.0,-0.005494505494505475,0.020472865541444396
2019-03-27,44750.0,45600.0,44250.0,45350.0,9568081,Samsung,45207.142857142855,45351.666666666664,0.0022099447513812542,0.019450643234156982
2019-03-28,44950.0,45200.0,44300.0,44850.0,6821306,Samsung,45342.857142857145,45306.666666666664,-0.011025358324145529,0.020438751250330227
2019-03-29,44500.0,44900.0,44200.0,44650.0,11491713,Samsung,45428.57142857143,45211.666666666664,-0.004459308807134854,0.02064316774642787
2019-04-01,45200.0,45450.0,44850.0,45050.0,7362129,Samsung,45314.28571428572,45178.333333333336,0.008958566629339249,0.012628529164132997
2019-04-02,45550.0,46100.0,45350.0,45750.0,9480688,Samsung,45200.0,45163.333333333336,0.015538290788013276,0.012692152465067556
2019-04-03,46750.0,46750.0,45800.0,46600.0,12436570,Samsung,45357.142857142855,45185.0,0.01857923497267766,0.011247195177116786
2019-04-04,46150.0,47100.0,46150.0,46950.0,12650168,Samsung,45600.0,45186.666666666664,0.007510729613734002,0.010573051929023445
2019-04-05,46950.0,47550.0,46600.0,46850.0,8546339,Samsung,45814.28571428572,45183.333333333336,-0.0021299254526091493,0.01090843916399428
2019-04-08,47250.0,47250.0,46150.0,46650.0,8507909,Samsung,46071.42857142857,45166.666666666664,-0.004268943436499417,0.009490860374708148
2019-04-09,46700.0,46950.0,46200.0,46650.0,6878761,Samsung,46357.142857142855,45143.333333333336,0.0,0.008823402351243976
2019-04-10,46400.0,46700.0,46050.0,46700.0,11883995,Samsung,46592.857142857145,45141.666666666664,0.001071811361200492,0.00893208542324783
2019-04-11,46700.0,46800.0,46150.0,46250.0,13697399,Samsung,46664.28571428572,45125.0,-0.009635974304068484,0.009134853810889026
2019-04-12,46050.0,46900.0,46000.0,46850.0,7668936,Samsung,46700.0,45183.333333333336,0.012972972972973063,0.007495736073956618
2019-04-15,47150.0,47500.0,47000.0,47050.0,8733019,Samsung,46714.28571428572,45256.666666666664,0.004268943436499528,0.007100953510748169
2019-04-16,47400.0,47400.0,46800.0,47250.0,7730881,Samsung,46771.42857142857,45356.666666666664,0.004250797024442088,0.007142632039447557
2019-04-17,47300.0,47600.0,47000.0,47050.0,5513658,Samsung,46828.57142857143,45458.333333333336,-0.004232804232804255,0.0071380005029345155
2019-04-18,47200.0,47250.0,45500.0,45600.0,12808747,Samsung,46678.57142857143,45496.666666666664,-0.03081827842720508,0.014120668505264288
2019-04-19,45750.0,46000.0,45250.0,45300.0,8479710,Samsung,46478.57142857143,45546.666666666664,-0.006578947368421018,0.014034321603284794
2019-04-22,45400.0,45900.0,45100.0,45350.0,6006957,Samsung,46350.0,45603.333333333336,0.001103752759381793,0.013934496304160405
2019-04-23,45050.0,45500.0,45000.0,45200.0,6920566,Samsung,46114.28571428572,45621.666666666664,-0.003307607497243681,0.012119279510608835
2019-04-24,45400.0,45650.0,44150.0,44750.0,13299267,Samsung,45785.71428571428,45651.666666666664,-0.009955752212389424,0.011472612624693563
2019-04-25,44250.0,45000.0,44100.0,44650.0,10868965,Samsung,45414.28571428572,45678.333333333336,-0.0022346368715083775,0.010636776933207073
2019-04-26,44200.0,45000.0,43800.0,44850.0,9739982,Samsung,45100.0,45700.0,0.004479283314669624,0.011616112278090738
2019-04-29,45150.0,46150.0,45100.0,46150.0,8777517,Samsung,45178.57142857143,45781.666666666664,0.02898550724637672,0.012893692663371962
2019-04-30,46000.0,46300.0,45350.0,45850.0,11121273,Samsung,45257.142857142855,45846.666666666664,-0.00650054171180936,0.012885247681193687
2019-05-02,45500.0,46150.0,45400.0,45900.0,8625126,Samsung,45335.71428571428,45908.333333333336,0.0010905125408942062,0.012885367156564938
2019-05-03,45900.0,46050.0,45300.0,45300.0,6562916,Samsung,45350.0,45890.0,-0.013071895424836555,0.014009169223292647
2019-05-07,45250.0,45300.0,44400.0,44850.0,12014907,Samsung,45364.28571428572,45833.333333333336,-0.009933774834437137,0.014006464047267317
2019-05-08,44300.0,44850.0,44200.0,44250.0,10398754,Samsung,45307.142857142855,45791.666666666664,-0.013377926421404673,0.014957067388039152
2019-05-09,43900.0,44250.0,42450.0,42450.0,23029718,Samsung,44964.28571428572,45698.333333333336,-0.04067796610169494,0.020728988899743863
2019-05-10,42600.0,43450.0,42450.0,42900.0,14579512,Samsung,44500.0,45616.666666666664,0.010600706713780994,0.01592233066027604
2019-05-13,42500.0,43200.0,42350.0,42650.0,7635079,Samsung,44042.857142857145,45543.333333333336,-0.005827505827505797,0.015950873716314113
2019-05-14,41300.0,43100.0,41300.0,42650.0,11563730,Samsung,43578.57142857143,45476.666666666664,0.0,0.015827400593629772
2019-05-15,42700.0,43050.0,42550.0,42550.0,7670185,Samsung,43185.71428571428,45393.333333333336,-0.0023446658851113966,0.016035283199853166
2019-05-16,42350.0,42400.0,41350.0,41550.0,13687828,Samsung,42714.28571428572,45253.333333333336,-0.023501762632197387,0.016987693009489307
2019-05-17,41950.0,42050.0,40850.0,41200.0,13357951,Samsung,42278.57142857143,45073.333333333336,-0.008423586040914532,0.01696230566297453
2019-05-20,41650.0,42100.0,41550.0,42000.0,15752397,Samsung,42214.28571428572,44908.333333333336,0.01941747572815533,0.01376981592733208
2019-05-21,42600.0,43950.0,42350.0,43150.0,18812133,Samsung,42250.0,44785.0,0.027380952380952284,0.01723894453908698
2019-05-22,43700.0,43800.0,42400.0,43500.0,11033339,Samsung,42371.42857142857,44680.0,0.008111239860950192,0.017129301237558132
2019-05-23,43900.0,44000.0,43250.0,43850.0,12259006,Samsung,42542.857142857145,44586.666666666664,0.008045977011494232,0.017168380737300145
2019-05-24,43800.0,43800.0,42400.0,42700.0,13966305,Samsung,42564.28571428572,44453.333333333336,-0.026225769669327215,0.020676346707407225
2019-05-27,42500.0,43000.0,42350.0,42650.0,8066669,Samsung,42721.42857142857,44333.333333333336,-0.0011709601873536313,0.017852237855744364
2019-05-28,42550.0,42950.0,42150.0,42550.0,24506881,Samsung,42914.28571428572,44190.0,-0.0023446658851113966,0.017293285909801313
2019-05-29,41850.0,42100.0,41300.0,41800.0,14930618,Samsung,42885.71428571428,44015.0,-0.01762632197414804,0.017717685492827394
2019-05-30,42200.0,42700.0,42150.0,42550.0,11766018,Samsung,42800.0,43858.333333333336,0.017942583732057482,0.015452426260533716
2019-05-31,42600.0,42800.0,42150.0,42500.0,11365999,Samsung,42657.142857142855,43706.666666666664,-0.001175088131609825,0.014836504241609769
2019-06-03,42950.0,43900.0,42500.0,43800.0,15466580,Samsung,42650.0,43646.666666666664,0.030588235294117583,0.019426374202524733
2019-06-04,43400.0,43700.0,43000.0,43450.0,9913497,Samsung,42757.142857142855,43585.0,-0.007990867579908634,0.0162938017048761
2019-06-05,44050.0,44200.0,43700.0,43900.0,12464135,Samsung,42935.71428571428,43536.666666666664,0.010356731875719172,0.016430739298716884
2019-06-07,43600.0,44350.0,43450.0,44200.0,11683682,Samsung,43171.42857142857,43503.333333333336,0.006833712984054774,0.016181083929154738
2019-06-10,44300.0,44850.0,44050.0,44800.0,8792182,Samsung,43600.0,43505.0,0.013574660633484115,0.012638844860914262
2019-06-11,44800.0,45000.0,44550.0,44850.0,6664872,Samsung,43928.57142857143,43511.666666666664,0.0011160714285713969,0.012479713019831633
2019-06-12,44800.0,45050.0,44300.0,44600.0,8607439,Samsung,44228.57142857143,43503.333333333336,-0.005574136008918651,0.013091858947509399
2019-06-13,44200.0,44400.0,43400.0,43750.0,16906541,Samsung,44221.42857142857,43423.333333333336,-0.01905829596412556,0.011529263340327774
2019-06-14,43750.0,44150.0,43300.0,44000.0,9322873,Samsung,44300.0,43361.666666666664,0.005714285714285783,0.011123664832676254
2019-06-17,43750.0,44050.0,43400.0,43900.0,11890424,Samsung,44300.0,43295.0,-0.002272727272727315,0.01052226806960132
2019-06-18,43750.0,44500.0,43650.0,44350.0,7994928,Samsung,44321.42857142857,43263.333333333336,0.010250569476081939,0.010959697394990798
2019-06-19,45450.0,45450.0,45000.0,45350.0,10417690,Samsung,44400.0,43280.0,0.022547914317925688,0.013062087495830616
2019-06-20,44850.0,45500.0,44850.0,45500.0,7147785,Samsung,44492.857142857145,43321.666666666664,0.00330760749724357,0.013068730735775858
2019-06-21,45750.0,45800.0,45200.0,45700.0,9454913,Samsung,44650.0,43430.0,0.00439560439560438,0.012624812460782373
2019-06-24,45200.0,45800.0,45200.0,45500.0,6085066,Samsung,44900.0,43516.666666666664,-0.004376367614879695,0.008916901607555783
2019-06-25,45200.0,45800.0,45200.0,45600.0,7076774,Samsung,45128.57142857143,43615.0,0.00219780219780219,0.00901138896430149
2019-06-26,45800.0,46000.0,45600.0,45700.0,9226097,Samsung,45385.71428571428,43716.666666666664,0.002192982456140413,0.00854428080812076
2019-06-27,46000.0,46600.0,45750.0,46500.0,12603534,Samsung,45692.857142857145,43848.333333333336,0.017505470459518557,0.009555920303730519
2019-06-28,47000.0,47000.0,46700.0,47000.0,12949231,Samsung,45928.57142857143,44030.0,0.010752688172043001,0.00702639791144201
2019-07-01,47350.0,47400.0,46250.0,46600.0,11383522,Samsung,46085.71428571428,44210.0,-0.008510638297872353,0.008748682328415773
2019-07-02,46200.0,46900.0,45850.0,46250.0,8463073,Samsung,46164.28571428572,44351.666666666664,-0.007510729613733891,0.009645847078677182
2019-07-03,45750.0,46350.0,45200.0,45400.0,9669368,Samsung,46150.0,44426.666666666664,-0.018378378378378413,0.012232948808308797
2019-07-04,45250.0,46200.0,45250.0,46000.0,6365573,Samsung,46207.142857142855,44510.0,0.013215859030837107,0.01326566910034646
2019-07-05,45950.0,45950.0,45250.0,45650.0,7235395,Samsung,46200.0,44570.0,-0.007608695652173925,0.013669790247361941
2019-07-08,44750.0,44800.0,44350.0,44400.0,7823843,Samsung,45900.0,44626.666666666664,-0.027382256297918905,0.014547780062398307
2019-07-09,44850.0,45450.0,44700.0,45100.0,7646421,Samsung,45628.57142857143,44708.333333333336,0.015765765765765716,0.015621752278337186
2019-07-10,45550.0,46150.0,45500.0,45550.0,9253930,Samsung,45478.57142857143,44808.333333333336,0.009977827050997812,0.01661318086468904
2019-07-11,46350.0,46550.0,46150.0,46200.0,10989751,Samsung,45471.42857142857,44955.0,0.014270032930845167,0.017662820556641815
2019-07-12,46350.0,46400.0,45800.0,46300.0,5245804,Samsung,45600.0,45080.0,0.0021645021645022577,0.01570193901064193
2019-07-15,45950.0,46650.0,45750.0,46450.0,4717226,Samsung,45664.28571428572,45211.666666666664,0.003239740820734305,0.0150503595140637
2019-07-16,46450.0,46850.0,46300.0,46850.0,7407824,Samsung,45835.71428571428,45313.333333333336,0.008611410118406937,0.014659683317443214
2019-07-17,46150.0,46350.0,45950.0,46050.0,5216602,Samsung,46071.42857142857,45400.0,-0.01707577374599789,0.011087451211526616
2019-07-18,46450.0,46450.0,45650.0,46100.0,5143554,Samsung,46214.28571428572,45473.333333333336,0.0010857763300760048,0.010119423735642966
2019-07-19,46650.0,46950.0,46600.0,46800.0,8819393,Samsung,46392.857142857145,45560.0,0.015184381778741818,0.010865990078029174
2019-07-22,46800.0,47300.0,46600.0,47200.0,9009109,Samsung,46535.71428571428,45640.0,0.008547008547008517,0.010149638652235619
2019-07-23,47350.0,47550.0,47050.0,47300.0,9061381,Samsung,46678.57142857143,45721.666666666664,0.0021186440677967155,0.010150364023869197
2019-07-24,47100.0,47150.0,46250.0,46400.0,8756522,Samsung,46671.42857142857,45781.666666666664,-0.019027484143763207,0.013146759968094031
2019-07-25,47150.0,47200.0,46600.0,47200.0,8408838,Samsung,46721.42857142857,45896.666666666664,0.01724137931034475,0.014438744778467395
2019-07-26,46650.0,47150.0,46550.0,47150.0,7873886,Samsung,46878.57142857143,46001.666666666664,-0.0010593220338983578,0.012157372168298913
2019-07-29,46800.0,47050.0,46000.0,46100.0,6856846,Samsung,46878.57142857143,46075.0,-0.022269353128313907,0.015622552046362564
2019-07-30,46300.0,46850.0,46300.0,46550.0,5551014,Samsung,46842.857142857145,46148.333333333336,0.009761388286334105,0.014866304199081588
2019-07-31,46200.0,46600.0,45000.0,45350.0,12872916,Samsung,46578.57142857143,46148.333333333336,-0.025778732545649885,0.016848526260316406
2019-08-01,44900.0,45500.0,44850.0,45200.0,7811181,Samsung,46278.57142857143,46138.333333333336,-0.003307607497243681,0.016557966246224926
2019-08-02,44550.0,45500.0,44300.0,44950.0,12151374,Samsung,46071.42857142857,46113.333333333336,-0.00553097345132747,0.015593202709352228
2019-08-05,44350.0,44600.0,43600.0,43950.0,14214086,Samsung,45607.142857142855,46061.666666666664,-0.022246941045606206,0.013445413673507326
2019-08-06,42500.0,43800.0,42500.0,43500.0,15083824,Samsung,45085.71428571428,45991.666666666664,-0.010238907849829393,0.012855780795659485
2019-08-07,43600.0,43900.0,43100.0,43200.0,10002533,Samsung,44671.42857142857,45908.333333333336,-0.006896551724137945,0.011966444778612003
2019-08-08,43250.0,43500.0,42650.0,42650.0,16926881,Samsung,44114.28571428572,45780.0,-0.01273148148148151,0.008572002153533934
2019-08-09,43250.0,43350.0,43050.0,43150.0,9685147,Samsung,43800.0,45651.666666666664,0.011723329425556761,0.01034543121932317
2019-08-12,44000.0,44000.0,43550.0,43700.0,8466169,Samsung,43585.71428571428,45555.0,0.012746234067207318,0.01279766057648106
2019-08-13,43500.0,43500.0,42950.0,43000.0,7276979,Samsung,43307.142857142855,45446.666666666664,-0.016018306636155555,0.013500353966164367
2019-08-14,43900.0,44250.0,43500.0,43700.0,8750135,Samsung,43271.42857142857,45390.0,0.016279069767441756,0.013736910240868662
2019-08-16,43800.0,43900.0,43300.0,43900.0,9528115,Samsung,43328.57142857143,45320.0,0.004576659038901587,0.013157462331055102
2019-08-19,44350.0,44350.0,43500.0,43600.0,6014218,Samsung,43385.71428571428,45251.666666666664,-0.006833712984054663,0.013150891973099856
2019-08-20,43950.0,44600.0,43550.0,44450.0,8434205,Samsung,43642.857142857145,45253.333333333336,0.019495412844036775,0.013022988599684893
2019-08-21,44350.0,44800.0,44150.0,44500.0,6571717,Samsung,43835.71428571428,45233.333333333336,0.0011248593925758943,0.012861170688682033
2019-08-22,44500.0,44700.0,43850.0,44050.0,8061177,Samsung,43885.71428571428,45183.333333333336,-0.010112359550561778,0.013307180235802048
2019-08-23,43800.0,44200.0,43650.0,43950.0,5017381,Samsung,44021.42857142857,45108.333333333336,-0.002270147559591429,0.011184944963311327
2019-08-26,43050.0,43800.0,42950.0,43600.0,7954949,Samsung,44007.142857142855,45018.333333333336,-0.007963594994311762,0.010159170018836695
2019-08-27,43650.0,44200.0,43600.0,44050.0,16883932,Samsung,44028.57142857143,44938.333333333336,0.010321100917431103,0.010827219460439796
2019-08-28,44100.0,44400.0,43750.0,44150.0,5758333,Samsung,44107.142857142855,44848.333333333336,0.002270147559591429,0.01032958360489124
2019-08-29,44200.0,44200.0,43050.0,43400.0,10768862,Samsung,43957.142857142855,44760.0,-0.016987542468856143,0.009061538013518111
2019-08-30,43750.0,44300.0,43750.0,44000.0,9899073,Samsung,43885.71428571428,44690.0,0.01382488479262678,0.011144412108422054
2019-09-02,44850.0,44850.0,43650.0,43800.0,7185537,Samsung,43850.0,44590.0,-0.004545454545454519,0.010618587865598944
2019-09-03,43550.0,43650.0,43100.0,43250.0,9774941,Samsung,43750.0,44458.333333333336,-0.01255707762557079,0.01153407786370515
2019-09-04,43250.0,44100.0,43150.0,44100.0,12441837,Samsung,43821.42857142857,44351.666666666664,0.01965317919075149,0.0137566422443651
2019-09-05,44800.0,46100.0,44450.0,45700.0,18297430,Samsung,44057.142857142855,44328.333333333336,0.03628117913832196,0.01897429397077978
2019-09-06,46500.0,46500.0,45850.0,46300.0,9896562,Samsung,44364.28571428572,44298.333333333336,0.013129102844638973,0.019117219705418947
2019-09-09,46450.0,47000.0,46300.0,46900.0,9434157,Samsung,44864.28571428572,44290.0,0.012958963282937441,0.01595059188941278
2019-09-10,47100.0,47200.0,46550.0,47000.0,9231792,Samsung,45292.857142857145,44320.0,0.002132196162046851,0.01624542948666947
2019-09-11,47300.0,47400.0,46800.0,47150.0,16141619,Samsung,45771.42857142857,44340.0,0.0031914893617022155,0.015363563468198265
2019-09-16,47000.0,47100.0,46400.0,47100.0,15550926,Samsung,46321.42857142857,44398.333333333336,-0.0010604453870625141,0.012878493821155834
2019-09-17,47000.0,47100.0,46800.0,46900.0,7006280,Samsung,46721.42857142857,44455.0,-0.00424628450106157,0.013750842000171664
2019-09-18,46900.0,47700.0,46800.0,47700.0,10413027,Samsung,47007.142857142855,44546.666666666664,0.017057569296375252,0.00815487483533509
2019-09-19,48050.0,49200.0,47850.0,49150.0,16461413,Samsung,47414.28571428572,44720.0,0.03039832285115307,0.012214239955704864
2019-09-20,49400.0,49600.0,49100.0,49200.0,15460210,Samsung,47742.857142857145,44910.0,0.0010172939979653517,0.01234262134112417
2019-09-23,49250.0,49300.0,49000.0,49300.0,7568553,Samsung,48071.42857142857,45113.333333333336,0.00203252032520318,0.012349130941465234
2019-09-24,49050.0,49650.0,48850.0,49500.0,7871955,Samsung,48407.142857142855,45341.666666666664,0.0040567951318457585,0.012309939358375988
2019-09-25,49200.0,49350.0,48800.0,48900.0,9187141,Samsung,48664.28571428572,45533.333333333336,-0.012121212121212088,0.014101942460010728
2019-09-26,49000.0,49250.0,48900.0,49200.0,8494756,Samsung,48992.857142857145,45716.666666666664,0.006134969325153339,0.013441916237591259
2019-09-27,48000.0,48700.0,48000.0,48400.0,8048041,Samsung,49092.857142857145,45896.666666666664,-0.016260162601625994,0.01506306623811871
2019-09-30,48050.0,49250.0,47900.0,49050.0,9497119,Samsung,49078.57142857143,46075.0,0.013429752066115741,0.010412481476418637
2019-10-01,48900.0,49100.0,48650.0,48850.0,6206035,Samsung,49028.57142857143,46240.0,-0.004077471967380175,0.010487390850677394
2019-10-02,48350.0,48400.0,47600.0,47600.0,8382463,Samsung,48785.71428571428,46373.333333333336,-0.025588536335721557,0.013831507278453224
2019-10-04,47400.0,48650.0,47350.0,48000.0,9331695,Samsung,48571.42857142857,46491.666666666664,0.008403361344537785,0.014387935732912829
2019-10-07,48350.0,48700.0,47650.0,47750.0,7047273,Samsung,48407.142857142855,46600.0,-0.00520833333333337,0.013993225457831694
2019-10-08,47900.0,49000.0,47600.0,48900.0,14239367,Samsung,48364.28571428572,46761.666666666664,0.02408376963350789,0.017272483869030072
2019-10-10,48200.0,49200.0,48000.0,48550.0,18639855,Samsung,48385.71428571428,46915.0,-0.007157464212678932,0.01622036487995346
2019-10-11,49000.0,49450.0,48800.0,49150.0,7783275,Samsung,48400.0,47100.0,0.012358393408856916,0.01608310877440137
2019-10-14,50000.0,50300.0,49850.0,50000.0,11130635,Samsung,48564.28571428572,47298.333333333336,0.01729399796541209,0.017088131551153532
2019-10-15,49900.0,50200.0,49900.0,50100.0,6058105,Samsung,48921.42857142857,47496.666666666664,0.0020000000000000018,0.011560575960490293
2019-10-16,50700.0,50900.0,50400.0,50700.0,9136282,Samsung,49307.142857142855,47740.0,0.011976047904191711,0.011690582814153697
2019-10-17,50500.0,50600.0,50100.0,50500.0,6701380,Samsung,49700.0,47956.666666666664,-0.0039447731755424265,0.011461848085725382
2019-10-18,50300.0,50900.0,49650.0,49900.0,8483106,Samsung,49842.857142857145,48160.0,-0.011881188118811892,0.011152750425738973
2019-10-21,49900.0,50400.0,49800.0,50300.0,4406531,Samsung,50092.857142857145,48395.0,0.008016032064128265,0.010303217979394864
2019-10-22,50800.0,51500.0,50700.0,51200.0,10898729,Samsung,50385.71428571428,48631.666666666664,0.017892644135188762,0.011130606938697519
2019-10-23,51300.0,51500.0,50800.0,51200.0,8663880,Samsung,50557.142857142855,48815.0,0.0,0.01004874719859866
2019-10-24,52500.0,52500.0,50500.0,50700.0,21185785,Samsung,50642.857142857145,48961.666666666664,-0.009765625,0.011242269622546293
2019-10-25,50800.0,51200.0,50500.0,50900.0,7879897,Samsung,50671.42857142857,49095.0,0.0039447731755424265,0.010404015533702462
2019-10-28,50700.0,51500.0,50700.0,51300.0,6431522,Samsung,50785.71428571428,49238.333333333336,0.007858546168958647,0.010499059623901914
2019-10-29,51400.0,51700.0,50800.0,51100.0,7581629,Samsung,50957.142857142855,49370.0,-0.003898635477582846,0.009033962694113395
2019-10-30,50700.0,50800.0,50200.0,50400.0,8959435,Samsung,50971.42857142857,49480.0,-0.013698630136986356,0.010761864392073781
2019-10-31,51000.0,51400.0,50300.0,50400.0,10304777,Samsung,50857.142857142855,49596.666666666664,0.0,0.007538252339407244
2019-11-01,50600.0,51200.0,50400.0,51200.0,8467846,Samsung,50857.142857142855,49713.333333333336,0.015873015873015817,0.010226402419708683
2019-11-04,51700.0,52300.0,51400.0,52300.0,13012411,Samsung,51085.71428571428,49818.333333333336,0.021484375,0.011912033377368101
2019-11-05,52400.0,52700.0,52100.0,52700.0,10581034,Samsung,51342.857142857145,49935.0,0.007648183556405286,0.011964917919648096
2019-11-06,52900.0,53500.0,52700.0,53300.0,14361133,Samsung,51628.57142857143,50068.333333333336,0.011385199240986799,0.012175860040852846
2019-11-07,53400.0,53400.0,52400.0,52900.0,9257116,Samsung,51885.71428571428,50181.666666666664,-0.007504690431519689,0.012706571598911748
2019-11-08,53200.0,53300.0,52000.0,52100.0,11603290,Samsung,52128.57142857143,50288.333333333336,-0.015122873345935761,0.013062794059849081
2019-11-11,52200.0,52200.0,51400.0,51600.0,8185952,Samsung,52300.0,50368.333333333336,-0.009596928982725572,0.014114657405083685
2019-11-12,51800.0,52600.0,51600.0,52600.0,6576148,Samsung,52500.0,50508.333333333336,0.019379844961240345,0.014679900150986837
2019-11-13,52500.0,52500.0,52000.0,52500.0,6225196,Samsung,52528.57142857143,50623.333333333336,-0.0019011406844106071,0.012528678524467766
2019-11-14,51900.0,52800.0,51900.0,52800.0,12010018,Samsung,52542.857142857145,50755.0,0.005714285714285783,0.01236796843850056
2019-11-15,52900.0,53700.0,52600.0,53700.0,9703360,Samsung,52600.0,50958.333333333336,0.017045454545454586,0.013356279773911878
2019-11-18,53600.0,53800.0,53200.0,53500.0,7746554,Samsung,52685.71428571428,51141.666666666664,-0.003724394785847296,0.013020462935149354
2019-11-19,53200.0,53500.0,52700.0,53500.0,8907177,Samsung,52885.71428571428,51333.333333333336,0.0,0.010838672939842229
2019-11-20,53400.0,53400.0,52000.0,52000.0,12560070,Samsung,52942.857142857145,51436.666666666664,-0.028037383177570097,0.015769667302662556
2019-11-21,51600.0,52100.0,50600.0,51000.0,14298646,Samsung,52714.28571428572,51518.333333333336,-0.019230769230769273,0.015093493414961223
2019-11-22,51000.0,51600.0,50900.0,51600.0,8478310,Samsung,52585.71428571428,51600.0,0.0117647058823529,0.016292404783651376
2019-11-25,52200.0,52600.0,51700.0,51800.0,9050625,Samsung,52442.857142857145,51660.0,0.003875968992248069,0.01615493953210753
2019-11-26,51900.0,52900.0,51800.0,51800.0,27372226,Samsung,52171.42857142857,51716.666666666664,0.0,0.013812334381344302
2019-11-27,51800.0,52300.0,51600.0,52200.0,7546261,Samsung,51985.71428571428,51766.666666666664,0.007722007722007707,0.01464774954383354
2019-11-28,51900.0,52100.0,51300.0,51300.0,6833885,Samsung,51671.42857142857,51793.333333333336,-0.017241379310344862,0.01540766678302275
2019-11-29,51200.0,51400.0,50200.0,50300.0,11179334,Samsung,51428.57142857143,51806.666666666664,-0.01949317738791423,0.013590958850760995
2019-12-02,50900.0,51300.0,50400.0,50400.0,18877252,Samsung,51342.857142857145,51810.0,0.001988071570576455,0.012081317552736214
2019-12-03,49800.0,50300.0,49500.0,49900.0,12059812,Samsung,51100.0,51766.666666666664,-0.009920634920634885,0.010786172131320264
2019-12-04,49600.0,49850.0,49000.0,49450.0,13246549,Samsung,50764.28571428572,51708.333333333336,-0.009018036072144242,0.010155239664811019
2019-12-05,50200.0,50400.0,49500.0,49500.0,10449715,Samsung,50435.71428571428,51668.333333333336,0.0010111223458038054,0.010270735628284804
2019-12-06,50100.0,50900.0,49950.0,50400.0,11414563,Samsung,50178.57142857143,51651.666666666664,0.018181818181818077,0.013054931478580174
2019-12-09,50900.0,51400.0,50700.0,51200.0,8470627,Samsung,50164.28571428572,51648.333333333336,0.015873015873015817,0.01382607850123118
2019-12-10,51000.0,51600.0,50700.0,51500.0,6882771,Samsung,50335.71428571428,51661.666666666664,0.005859375,0.010950415900965757
2019-12-11,51500.0,52200.0,51400.0,51900.0,11379521,Samsung,50550.0,51711.666666666664,0.007766990291262044,0.01104149269992996
2019-12-12,53000.0,53300.0,52700.0,53300.0,29178697,Samsung,51035.71428571428,51808.333333333336,0.026974951830443183,0.011920544135276576
2019-12-13,54500.0,54800.0,53900.0,54700.0,18120261,Samsung,51785.71428571428,51925.0,0.026266416510319024,0.010094806497224213
2019-12-16,54500.0,54900.0,54300.0,54700.0,11512405,Samsung,52528.57142857143,52005.0,0.0,0.010325616413593109
2019-12-17,55800.0,56700.0,55400.0,56700.0,19358433,Samsung,53428.57142857143,52138.333333333336,0.03656307129798897,0.013339782592815933
2019-12-18,56700.0,57200.0,56000.0,56300.0,15558208,Samsung,54157.142857142855,52238.333333333336,-0.007054673721340388,0.01618615302872288
2019-12-19,57000.0,57300.0,55500.0,56000.0,14180520,Samsung,54800.0,52341.666666666664,-0.005328596802841923,0.017588830964822645
2019-12-20,56100.0,56500.0,55600.0,56000.0,12095519,Samsung,55385.71428571428,52471.666666666664,0.0,0.01814893086604293
2019-12-23,56100.0,56400.0,55100.0,55500.0,9839252,Samsung,55700.0,52601.666666666664,-0.008928571428571397,0.017974146172554627
2019-12-24,55600.0,55700.0,54800.0,55000.0,11868463,Samsung,55742.857142857145,52681.666666666664,-0.009009009009009028,0.01617784341566628
2019-12-26,54700.0,55400.0,54400.0,55400.0,9645034,Samsung,55842.857142857145,52778.333333333336,0.0072727272727273196,0.016343711021567897
2019-12-27,55700.0,56900.0,55500.0,56500.0,12313056,Samsung,55814.28571428572,52901.666666666664,0.019855595667870096,0.010682736883992197
2019-12-30,56200.0,56600.0,55700.0,55800.0,8356767,Samsung,55742.857142857145,52971.666666666664,-0.012389380530973493,0.011398259296575484
2020-01-02,55500.0,56000.0,55000.0,55200.0,12993228,Samsung,55628.57142857143,53028.333333333336,-0.010752688172043001,0.011897690826423765
2020-01-03,56000.0,56600.0,54900.0,55500.0,15422255,Samsung,55557.142857142855,53095.0,0.005434782608695565,0.01222232344452806
2020-01-06,54900.0,55600.0,54600.0,55500.0,10278951,Samsung,55557.142857142855,53211.666666666664,0.0,0.011739741245617191
2020-01-07,55700.0,56400.0,55600.0,55800.0,10009778,Samsung,55671.42857142857,53371.666666666664,0.00540540540540535,0.01113258147938142
2020-01-08,56200.0,57400.0,55900.0,56800.0,23501171,Samsung,55871.42857142857,53545.0,0.017921146953405076,0.012586862935084079
2020-01-09,58400.0,58600.0,57400.0,58600.0,24102579,Samsung,56171.42857142857,53771.666666666664,0.03169014084507049,0.015569461977082278
2020-01-10,58800.0,59700.0,58300.0,59500.0,16000170,Samsung,56700.0,54028.333333333336,0.015358361774743923,0.01372985883880521
2020-01-13,59600.0,60000.0,59100.0,60000.0,11359139,Samsung,57385.71428571428,54288.333333333336,0.008403361344537785,0.010626698256709569
2020-01-14,60400.0,61000.0,59900.0,60000.0,16906295,Samsung,58028.57142857143,54578.333333333336,0.0,0.011361995996647696
2020-01-15,59500.0,59600.0,58900.0,59000.0,14300928,Samsung,58528.57142857143,54868.333333333336,-0.01666666666666672,0.015208551717629441
2020-01-16,59100.0,60700.0,59000.0,60700.0,14381774,Samsung,59228.57142857143,55211.666666666664,0.028813559322034,0.01680832913943035
2020-01-17,61900.0,62000.0,61000.0,61300.0,16025661,Samsung,59871.42857142857,55591.666666666664,0.009884678747940745,0.016627275144608097
2020-01-20,62000.0,62800.0,61700.0,62400.0,12528855,Samsung,60414.28571428572,56023.333333333336,0.01794453507340954,0.014455963283577393
2020-01-21,62000.0,62400.0,61200.0,61400.0,11142693,Samsung,60685.71428571428,56420.0,-0.01602564102564108,0.016860265205504283
2020-01-22,60500.0,62600.0,60400.0,62300.0,15339565,Samsung,61014.28571428572,56816.666666666664,0.014657980456026065,0.017255169118331262
2020-01-23,61800.0,61800.0,60700.0,60800.0,14916555,Samsung,61128.57142857143,57136.666666666664,-0.024077046548956704,0.02061119430956155
2020-01-28,59400.0,59400.0,58300.0,58800.0,23664541,Samsung,61100.0,57380.0,-0.03289473684210531,0.023745064805921777
2020-01-29,59100.0,59700.0,58800.0,59100.0,16446102,Samsung,60871.42857142857,57620.0,0.005102040816326481,0.02035912703700277
2020-01-30,58800.0,58800.0,56800.0,57200.0,20821939,Samsung,60285.71428571428,57750.0,-0.032148900169204686,0.021852780467124796
2020-01-31,57800.0,58400.0,56400.0,56400.0,19749457,Samsung,59428.57142857143,57806.666666666664,-0.013986013986013957,0.01815646217731746
2020-02-03,55500.0,57400.0,55200.0,57200.0,23995260,Samsung,58828.57142857143,57890.0,0.014184397163120588,0.02101454555852815
2020-02-04,57100.0,59000.0,56800.0,58900.0,21800192,Samsung,58342.857142857145,57963.333333333336,0.029720279720279796,0.024438138973715155
2020-02-05,60000.0,60200.0,58900.0,59500.0,19278165,Samsung,58157.142857142855,58070.0,0.01018675721561979,0.024046158803795917
2020-02-06,60100.0,61100.0,59700.0,61100.0,14727159,Samsung,58485.71428571428,58240.0,0.026890756302520913,0.022130573024870977
2020-02-07,61100.0,61200.0,59700.0,60400.0,16402493,Samsung,58671.42857142857,58386.666666666664,-0.011456628477905073,0.023071011062666756
2020-02-10,59200.0,59800.0,59100.0,59700.0,13107121,Samsung,59028.57142857143,58526.666666666664,-0.011589403973509937,0.01869316779074074
2020-02-11,59800.0,60700.0,59700.0,59900.0,11071231,Samsung,59528.57142857143,58690.0,0.003350083752093891,0.01659113574013872
2020-02-12,60300.0,60700.0,59700.0,60500.0,12904207,Samsung,60000.0,58860.0,0.01001669449081799,0.01643790495917111
2020-02-13,61200.0,61600.0,60500.0,60700.0,18449775,Samsung,60257.142857142855,59000.0,0.0033057851239668423,0.013418022433895352
2020-02-14,60900.0,61900.0,60200.0,61800.0,13276067,Samsung,60585.71428571428,59200.0,0.01812191103789118,0.01429619151409654
2020-02-17,61600.0,62000.0,61200.0,61500.0,8740596,Samsung,60642.857142857145,59410.0,-0.004854368932038833,0.011054658700559111
2020-02-18,60800.0,60900.0,59700.0,59800.0,16674266,Samsung,60557.142857142855,59553.333333333336,-0.027642276422764178,0.01505838855282626
2020-02-19,59800.0,60400.0,59400.0,60200.0,12951496,Samsung,60628.57142857143,59710.0,0.006688963210702337,0.014558812830955328
2020-02-20,60700.0,61300.0,59600.0,60000.0,14591924,Samsung,60642.857142857145,59850.0,-0.0033222591362126463,0.014619283966863354
2020-02-21,58800.0,59800.0,58500.0,59200.0,13777393,Samsung,60457.142857142855,59930.0,-0.013333333333333308,0.014704511662235752
2020-02-24,57400.0,58100.0,56800.0,56800.0,25627537,Samsung,59900.0,59870.0,-0.04054054054054057,0.019965706562528374
2020-02-25,56200.0,58000.0,56200.0,57900.0,23885408,Samsung,59342.857142857145,59816.666666666664,0.01936619718309851,0.020253672809270557
2020-02-26,56000.0,57000.0,56000.0,56500.0,25483102,Samsung,58628.57142857143,59700.0,-0.024179620034542326,0.02088711478072131
2020-02-27,56300.0,56900.0,55500.0,55900.0,23209541,Samsung,58071.42857142857,59563.333333333336,-0.010619469026548645,0.019699465383830012
2020-02-28,55000.0,55500.0,54200.0,54200.0,30054227,Samsung,57214.28571428572,59403.333333333336,-0.030411449016100156,0.019633817896290737
2020-03-02,54300.0,55500.0,53600.0,55000.0,30403412,Samsung,56500.0,59213.333333333336,0.014760147601476037,0.022380733510487926
2020-03-03,56700.0,56900.0,55100.0,55400.0,30330295,Samsung,55957.142857142855,59016.666666666664,0.0072727272727273196,0.023523129287184048
2020-03-04,54800.0,57600.0,54600.0,57400.0,24765728,Samsung,56042.857142857145,58850.0,0.036101083032491044,0.024323511614534457
2020-03-05,57600.0,58000.0,56700.0,57800.0,21698990,Samsung,56028.57142857143,58730.0,0.006968641114982521,0.023255416532437297
2020-03-06,56500.0,57200.0,56200.0,56500.0,18716656,Samsung,56028.57142857143,58536.666666666664,-0.02249134948096887,0.022970045897552586
2020-03-09,56500.0,56500.0,56500.0,56500.0,0,Samsung,56114.28571428572,58393.333333333336,0.0,0.0224798411367782
2020-03-10,53800.0,54900.0,53700.0,54600.0,32106554,Samsung,56171.42857142857,58253.333333333336,-0.03362831858407078,0.023265860927578503
2020-03-11,54300.0,54400.0,52000.0,52100.0,45707281,Samsung,55757.142857142855,58020.0,-0.045787545787545736,0.0281606116451127
2020-03-12,52100.0,52100.0,52100.0,52100.0,0,Samsung,55285.71428571428,57850.0,0.0,0.027660212365999828
2020-03-13,47450.0,51600.0,46850.0,49950.0,59462933,Samsung,54221.42857142857,57635.0,-0.041266794625719805,0.021735004527321057
2020-03-16,50100.0,50900.0,48800.0,48900.0,33339821,Samsung,52950.0,57358.333333333336,-0.02102102102102099,0.018378547057994514
2020-03-17,46900.0,49650.0,46700.0,47300.0,51218151,Samsung,51635.71428571428,56971.666666666664,-0.03271983640081799,0.018692954200424713
2020-03-18,47750.0,48350.0,45600.0,45600.0,40152623,Samsung,50078.57142857143,56508.333333333336,-0.03594080338266381,0.015344085266475363
2020-03-19,46400.0,46650.0,42300.0,42950.0,56925513,Samsung,48414.28571428572,55903.333333333336,-0.058114035087719285,0.01871577406298428
2020-03-20,44150.0,45500.0,43550.0,45400.0,49730008,Samsung,47457.142857142855,55403.333333333336,0.057043073341094264,0.03796585918021191
2020-03-23,42600.0,43550.0,42400.0,42500.0,41701626,Samsung,46085.71428571428,54830.0,-0.06387665198237891,0.04028308008784427
2020-03-24,43850.0,46950.0,43050.0,46950.0,49801908,Samsung,45657.142857142855,54398.333333333336,0.1047058823529412,0.06340723516379067
2020-03-25,48950.0,49600.0,47150.0,48650.0,52735922,Samsung,45621.42857142857,54003.333333333336,0.03620873269435565,0.06498778986870118
2020-03-26,49000.0,49300.0,47700.0,47800.0,42185129,Samsung,45692.857142857145,53573.333333333336,-0.0174717368961973,0.06391414170651664
2020-03-27,49600.0,49700.0,46850.0,48300.0,39896178,Samsung,46078.57142857143,53123.333333333336,0.010460251046025215,0.06153750396376102
2020-03-30,47050.0,48350.0,46550.0,47850.0,26797395,Samsung,46778.57142857143,52668.333333333336,-0.009316770186335366,0.054968471116285327
2020-03-31,48000.0,48500.0,47150.0,47750.0,30654261,Samsung,47114.28571428572,52266.666666666664,-0.002089864158829724,0.052232765858343945
2020-04-01,47450.0,47900.0,45800.0,45800.0,27259532,Samsung,47585.71428571428,51786.666666666664,-0.0408376963350785,0.04742602230344019
2020-04-02,46200.0,46850.0,45350.0,46800.0,21621076,Samsung,47564.28571428572,51346.666666666664,0.02183406113537112,0.0256942080650315
2020-04-03,47400.0,47600.0,46550.0,47000.0,22784682,Samsung,47328.57142857143,50940.0,0.004273504273504258,0.020459644517875908
2020-04-06,47500.0,48800.0,47250.0,48700.0,23395726,Samsung,47457.142857142855,50670.0,0.036170212765957555,0.024534256925681935
2020-04-07,49650.0,50200.0,49000.0,49600.0,31524034,Samsung,47642.857142857145,50393.333333333336,0.01848049281314168,0.02512482137738037
2020-04-08,49600.0,49750.0,48600.0,48600.0,25010314,Samsung,47750.0,50130.0,-0.020161290322580627,0.02639053924833059
2020-04-09,49750.0,49800.0,48700.0,49100.0,22628058,Samsung,47942.857142857145,49903.333333333336,0.010288065843621297,0.02644448187972846
2020-04-10,48950.0,49250.0,48650.0,49250.0,17839111,Samsung,48435.71428571428,49738.333333333336,0.003054989816700715,0.017726808488343706
2020-04-13,48650.0,48900.0,48300.0,48300.0,14431800,Samsung,48650.0,49515.0,-0.019289340101522834,0.020033147168642414
2020-04-14,48800.0,49200.0,48300.0,49000.0,14206216,Samsung,48935.71428571428,49301.666666666664,0.01449275362318847,0.02036746767634737
2020-04-16,49350.0,49350.0,48550.0,49000.0,23349760,Samsung,48978.57142857143,49021.666666666664,0.0,0.015484229244255111
2020-04-17,50800.0,52000.0,50300.0,51400.0,32041675,Samsung,49235.71428571428,48808.333333333336,0.048979591836734615,0.023463898761409762
2020-04-20,51400.0,51400.0,50000.0,50100.0,21866354,Samsung,49450.0,48595.0,-0.02529182879377434,0.024452463158368593
2020-04-21,49400.0,49700.0,48700.0,49250.0,27407543,Samsung,49471.42857142857,48353.333333333336,-0.01696606786427146,0.025542229530895844
2020-04-22,48700.0,50000.0,48350.0,49850.0,18613864,Samsung,49557.142857142855,48195.0,0.012182741116751217,0.02591212440901972
2020-04-23,50200.0,50300.0,49500.0,49850.0,18754442,Samsung,49778.57142857143,48120.0,0.0,0.024240615601689768
2020-04-24,49650.0,49750.0,49000.0,49350.0,15618347,Samsung,49828.57142857143,48028.333333333336,-0.010030090270812475,0.02437312658459095
2020-04-27,49350.0,50000.0,49100.0,49850.0,14049471,Samsung,49950.0,48025.0,0.010131712259371817,0.024585204367074173
2020-04-28,49850.0,50100.0,49300.0,50100.0,16095399,Samsung,49764.28571428572,48065.0,0.005015045135406293,0.014232350334888387
2020-04-29,49900.0,50500.0,49600.0,50000.0,15604533,Samsung,49750.0,48155.0,-0.001996007984031989,0.01055352031516091
2020-05-04,48900.0,49100.0,48500.0,48500.0,26083749,Samsung,49642.857142857145,48251.666666666664,-0.030000000000000027,0.014433482429603501
2020-05-06,49000.0,49200.0,48500.0,49200.0,18070225,Samsung,49550.0,48460.0,0.014432989690721598,0.014824360494169315
2020-05-07,49200.0,49300.0,48700.0,48800.0,13884411,Samsung,49400.0,48573.333333333336,-0.008130081300813052,0.014979509439884072
2020-05-08,49100.0,49350.0,48800.0,48800.0,15319700,Samsung,49321.42857142857,48783.333333333336,0.0,0.014664619547636648
2020-05-11,48900.0,49250.0,48300.0,48400.0,16357743,Samsung,49114.28571428572,48831.666666666664,-0.008196721311475419,0.013854138094804853
2020-05-12,48400.0,48500.0,47550.0,47900.0,23433590,Samsung,48800.0,48806.666666666664,-0.010330578512396715,0.013372555542196109
2020-05-13,47250.0,48550.0,47200.0,48550.0,20223277,Samsung,48592.857142857145,48831.666666666664,0.013569937369519725,0.01535774987080847
2020-05-14,47750.0,48100.0,47650.0,48000.0,19305974,Samsung,48521.42857142857,48821.666666666664,-0.011328527291452062,0.011154656022414916
2020-05-15,48400.0,48450.0,47700.0,47850.0,18463118,Samsung,48328.57142857143,48821.666666666664,-0.0031250000000000444,0.008697622289709432
2020-05-18,47950.0,49100.0,47600.0,48800.0,20481981,Samsung,48328.57142857143,48856.666666666664,0.01985370950888199,0.012181223371542768
2020-05-19,50100.0,50500.0,49700.0,50300.0,25168295,Samsung,48542.857142857145,49006.666666666664,0.03073770491803285,0.01681387537415599
2020-05-20,50000.0,50200.0,49800.0,50000.0,14896899,Samsung,48771.42857142857,49113.333333333336,-0.005964214711729587,0.01655306243584008
2020-05-21,50300.0,50400.0,49850.0,49950.0,14949266,Samsung,49064.28571428572,49211.666666666664,-0.0010000000000000009,0.015474657705741628
2020-05-22,49600.0,49800.0,48600.0,48750.0,19706284,Samsung,49092.857142857145,49213.333333333336,-0.024024024024024038,0.01865035574586737
2020-05-25,48750.0,48900.0,48450.0,48850.0,14337913,Samsung,49214.28571428572,49188.333333333336,0.002051282051282133,0.01787748383237572
2020-05-26,48700.0,49450.0,48600.0,49250.0,15127490,Samsung,49414.28571428572,49210.0,0.008188331627430934,0.017779815173370937
2020-05-27,48950.0,50000.0,48800.0,49900.0,19548479,Samsung,49571.42857142857,49236.666666666664,0.013197969543147225,0.016966483702865902
2020-05-28,51100.0,51200.0,49900.0,50400.0,31309318,Samsung,49585.71428571428,49275.0,0.01002004008016022,0.012640534012470134
2020-05-29,50000.0,50700.0,49700.0,50700.0,27596961,Samsung,49685.71428571428,49355.0,0.005952380952380931,0.012448985913114987
2020-06-01,50800.0,51200.0,50600.0,51200.0,16949183,Samsung,49864.28571428572,49428.333333333336,0.009861932938856066,0.012679518418776976
2020-06-02,51000.0,51500.0,50800.0,51400.0,14247933,Samsung,50242.857142857145,49508.333333333336,0.00390625,0.0038687416604347084
2020-06-03,51800.0,55000.0,51700.0,54500.0,49257814,Samsung,51050.0,49611.666666666664,0.060311284046692615,0.0198030619122024
2020-06-04,55800.0,57000.0,54600.0,54600.0,40220334,Samsung,51814.28571428572,49761.666666666664,0.0018348623853210455,0.020354401785238518
2020-06-05,54400.0,55900.0,54000.0,55500.0,22743629,Samsung,52614.28571428572,49970.0,0.016483516483516425,0.02034347517707604
2020-06-08,56400.0,56500.0,54700.0,54900.0,25634965,Samsung,53257.142857142855,50138.333333333336,-0.010810810810810811,0.022666456041523675
2020-06-09,55800.0,56500.0,54400.0,55500.0,23998831,Samsung,53942.857142857145,50326.666666666664,0.010928961748633892,0.022504118612473985
2020-06-10,55100.0,55900.0,54900.0,55400.0,16742493,Samsung,54542.857142857145,50528.333333333336,-0.0018018018018017834,0.023214490370456753
2020-06-11,54500.0,55100.0,53200.0,54300.0,33815123,Samsung,54957.142857142855,50676.666666666664,-0.019855595667869985,0.02607909284892326
2020-06-12,52100.0,52800.0,51500.0,52300.0,26976019,Samsung,54642.857142857145,50750.0,-0.036832412523020275,0.018422476768554533
2020-06-15,51400.0,52000.0,49900.0,49900.0,28772921,Samsung,53971.42857142857,50746.666666666664,-0.04588910133843216,0.02333544326978399
2020-06-16,51200.0,52100.0,50600.0,52100.0,21808375,Samsung,53485.71428571428,50866.666666666664,0.044088176352705455,0.030339089141174058
2020-06-17,52100.0,52900.0,51300.0,52200.0,26672595,Samsung,53100.0,50966.666666666664,0.0019193857965451588,0.030564906144985797
2020-06-18,52200.0,52300.0,51600.0,52300.0,15982926,Samsung,52642.857142857145,51083.333333333336,0.0019157088122605526,0.029876771286262812
2020-06-19,52600.0,52900.0,51600.0,52900.0,18157985,Samsung,52285.71428571428,51220.0,0.011472275334607929,0.030749084241985435
2020-06-22,52000.0,52600.0,51800.0,52000.0,13801350,Samsung,51957.142857142855,51340.0,-0.017013232514177745,0.03055638573322752
2020-06-23,52500.0,52800.0,51100.0,51400.0,18086152,Samsung,51828.57142857143,51456.666666666664,-0.011538461538461497,0.027624847209598204
2020-06-24,51900.0,53900.0,51600.0,52900.0,24519552,Samsung,52257.142857142855,51601.666666666664,0.029182879377431803,0.021764715056088856
2020-06-25,52100.0,53000.0,51900.0,51900.0,18541624,Samsung,52228.57142857143,51731.666666666664,-0.018903591682419618,0.017172087651272396
2020-06-26,52800.0,53900.0,52200.0,53300.0,21575360,Samsung,52385.71428571428,51913.333333333336,0.026974951830443183,0.020103027960576298
2020-06-29,52500.0,53200.0,52000.0,52400.0,17776925,Samsung,52400.0,52033.333333333336,-0.016885553470919357,0.021503526202166202
2020-06-30,53900.0,53900.0,52800.0,52800.0,21157172,Samsung,52385.71428571428,52116.666666666664,0.007633587786259444,0.021223300418996248
2020-07-01,53400.0,53600.0,52400.0,52600.0,16706143,Samsung,52471.42857142857,52203.333333333336,-0.0037878787878787845,0.02001898169260161
2020-07-02,52100.0,52900.0,52100.0,52900.0,14142583,Samsung,52685.71428571428,52301.666666666664,0.005703422053231932,0.01914435039473678
2020-07-03,53000.0,53600.0,52700.0,53600.0,11887868,Samsung,52785.71428571428,52463.333333333336,0.013232514177693666,0.016444319711208313
2020-07-06,54000.0,55000.0,53800.0,55000.0,19856623,Samsung,53228.57142857143,52668.333333333336,0.026119402985074647,0.015695628974853496
2020-07-07,55800.0,55900.0,53400.0,53400.0,30760032,Samsung,53242.857142857145,52806.666666666664,-0.029090909090909056,0.018675529340746965
2020-07-08,53600.0,53900.0,52900.0,53000.0,19664652,Samsung,53328.57142857143,52910.0,-0.0074906367041198685,0.017527029299989998
2020-07-09,53200.0,53600.0,52800.0,52800.0,17054850,Samsung,53328.57142857143,52990.0,-0.0037735849056603765,0.017419870641946646
2020-07-10,53100.0,53200.0,52300.0,52700.0,13714746,Samsung,53342.857142857145,53056.666666666664,-0.0018939393939394478,0.017363487674821352
2020-07-13,53300.0,53800.0,53100.0,53400.0,12240188,Samsung,53414.28571428572,53130.0,0.013282732447817747,0.017974809204533912
2020-07-14,53700.0,53800.0,53200.0,53800.0,14269484,Samsung,53442.857142857145,53210.0,0.0074906367041198685,0.0174733170114499
2020-07-15,54400.0,55000.0,54300.0,54700.0,24051450,Samsung,53400.0,53216.666666666664,0.016728624535315983,0.015434732640055026
2020-07-16,54800.0,54800.0,53800.0,53800.0,16779127,Samsung,53457.142857142855,53190.0,-0.01645338208409508,0.011889376876801588
2020-07-17,54200.0,54700.0,54100.0,54400.0,10096174,Samsung,53657.142857142855,53153.333333333336,0.011152416356877248,0.011724115893659475
2020-07-20,54800.0,54800.0,54000.0,54200.0,10507530,Samsung,53857.142857142855,53130.0,-0.003676470588235281,0.011713726156513763
2020-07-21,55200.0,55400.0,54800.0,55300.0,18297260,Samsung,54228.57142857143,53123.333333333336,0.02029520295202958,0.0128608455163346
2020-07-22,55300.0,55500.0,54700.0,54700.0,12885057,Samsung,54414.28571428572,53100.0,-0.010849909584086825,0.01406599976642897
2020-07-23,54700.0,54700.0,53800.0,54100.0,16214932,Samsung,54457.142857142855,53093.333333333336,-0.010968921389396757,0.014904396257045944
2020-07-24,54000.0,54400.0,53700.0,54200.0,10994535,Samsung,54385.71428571428,53156.666666666664,0.001848428835489857,0.013236697045366676
2020-07-27,54300.0,55700.0,54300.0,55600.0,21054421,Samsung,54642.857142857145,53346.666666666664,0.02583025830258312,0.0147018536971111
2020-07-28,57000.0,58800.0,56400.0,58600.0,48431566,Samsung,55242.857142857145,53563.333333333336,0.05395683453237421,0.0238424815421701
2020-07-29,60300.0,60400.0,58600.0,59000.0,36476611,Samsung,55928.57142857143,53790.0,0.006825938566553003,0.023089479738597436
2020-07-30,59700.0,60100.0,59000.0,59000.0,19285354,Samsung,56457.142857142855,54013.333333333336,0.0,0.0232096505627548
2020-07-31,59500.0,59600.0,57700.0,57900.0,21943345,Samsung,56914.28571428572,54180.0,-0.01864406779661021,0.024500803437052177
2020-08-03,57800.0,57900.0,56700.0,56800.0,21158940,Samsung,57300.0,54340.0,-0.01899827288428324,0.025716880266118642
2020-08-04,57200.0,58100.0,57000.0,57300.0,19419694,Samsung,57742.857142857145,54536.666666666664,0.008802816901408494,0.025607080535563775
2020-08-05,57300.0,57500.0,56300.0,56900.0,17739706,Samsung,57928.57142857143,54670.0,-0.006980802792321161,0.024845095367844613
2020-08-06,57100.0,58400.0,57100.0,58000.0,21625874,Samsung,57842.857142857145,54873.333333333336,0.019332161687170446,0.014386022134248885
2020-08-07,57900.0,58400.0,57100.0,57500.0,18751717,Samsung,57628.57142857143,55013.333333333336,-0.008620689655172376,0.014099294638228115
2020-08-10,57600.0,58300.0,57500.0,57800.0,17774291,Samsung,57457.142857142855,55193.333333333336,0.00521739130434784,0.014453963916045264
2020-08-11,58000.0,59500.0,57800.0,58200.0,24907912,Samsung,57500.0,55373.333333333336,0.006920415224913601,0.012946814645516475
2020-08-12,58200.0,59000.0,57700.0,59000.0,18573934,Samsung,57814.28571428572,55586.666666666664,0.013745704467353903,0.01022651550416045
2020-08-13,59400.0,59600.0,58000.0,58700.0,22089460,Samsung,58014.28571428572,55780.0,-0.005084745762711895,0.010806915670481053
2020-08-14,58000.0,58400.0,57700.0,58000.0,15672548,Samsung,58171.42857142857,55926.666666666664,-0.011925042589437829,0.011728673088991722
2020-08-18,58900.0,59900.0,58000.0,58400.0,25307825,Samsung,58228.57142857143,56040.0,0.006896551724137945,0.009545464370739686
2020-08-19,59000.0,59200.0,57800.0,57800.0,16930719,Samsung,58271.42857142857,56186.666666666664,-0.010273972602739767,0.009839718069759786
2020-08-20,57600.0,57600.0,55300.0,55400.0,30386029,Samsung,57928.57142857143,56266.666666666664,-0.04152249134948094,0.018435144587647456
2020-08-21,56200.0,56900.0,55800.0,55900.0,21142288,Samsung,57600.0,56370.0,0.00902527075812265,0.01869430015648147
2020-08-24,55800.0,56600.0,55400.0,56100.0,15055896,Samsung,57185.71428571428,56483.333333333336,0.003577817531305927,0.017283160374294115
2020-08-25,56400.0,56800.0,56100.0,56400.0,14021705,Samsung,56857.142857142855,56583.333333333336,0.005347593582887722,0.017918365351253202
2020-08-26,56400.0,56500.0,55700.0,56400.0,17651593,Samsung,56628.57142857143,56670.0,0.0,0.017777962483750142
2020-08-27,56300.0,56300.0,55600.0,55600.0,16196568,Samsung,56228.57142857143,56700.0,-0.014184397163120588,0.017436384838637926
2020-08-28,56100.0,56300.0,55400.0,55400.0,14619888,Samsung,55885.71428571428,56753.333333333336,-0.003597122302158251,0.017401183194804732
2020-08-31,56000.0,56100.0,54000.0,54000.0,32671367,Samsung,55685.71428571428,56740.0,-0.02527075812274371,0.012148990376516629
2020-09-01,54100.0,54800.0,54100.0,54200.0,19363117,Samsung,55442.857142857145,56740.0,0.0037037037037037646,0.011369831905712056
2020-09-02,54600.0,55100.0,54100.0,54400.0,16905723,Samsung,55200.0,56710.0,0.0036900369003689537,0.011382938317458468
2020-09-03,55600.0,56700.0,55500.0,56400.0,28384920,Samsung,55200.0,56766.666666666664,0.03676470588235303,0.019285358083819846
2020-09-04,55200.0,55800.0,55100.0,55600.0,22139109,Samsung,55085.71428571428,56816.666666666664,-0.014184397163120588,0.02003533482491103
2020-09-07,56100.0,57300.0,55800.0,56500.0,18685880,Samsung,55214.28571428572,56893.333333333336,0.01618705035971213,0.020211479471804922
2020-09-08,57400.0,58700.0,57200.0,58700.0,31517520,Samsung,55685.71428571428,56996.666666666664,0.038938053097345104,0.024102663041235546
2020-09-09,58200.0,59300.0,57800.0,58400.0,30597399,Samsung,56314.28571428572,56990.0,-0.005110732538330498,0.020291482725216057
2020-09-10,59900.0,60000.0,59100.0,59200.0,29923293,Samsung,57028.57142857143,56996.666666666664,0.013698630136986356,0.020007111479330507
2020-09-11,59300.0,59400.0,58200.0,59000.0,16017098,Samsung,57685.71428571428,56996.666666666664,-0.0033783783783783994,0.020712686310757504
2020-09-14,60200.0,60800.0,59900.0,60400.0,20648281,Samsung,58257.142857142855,57080.0,0.023728813559322104,0.018574395089558098
2020-09-15,60900.0,61000.0,60500.0,61000.0,17877075,Samsung,59028.57142857143,57220.0,0.009933774834437026,0.015291085290646022
2020-09-16,61100.0,61300.0,60600.0,61000.0,17041444,Samsung,59671.42857142857,57343.333333333336,0.0,0.016011332695745614
2020-09-17,60700.0,60800.0,59300.0,59500.0,25108356,Samsung,59785.71428571428,57430.0,-0.024590163934426257,0.01561227616407266
2020-09-18,59800.0,59900.0,59100.0,59300.0,18884571,Samsung,59914.28571428572,57473.333333333336,-0.003361344537815114,0.015492268951358563
2020-09-21,59100.0,60000.0,59000.0,59200.0,15140387,Samsung,59914.28571428572,57530.0,-0.001686340640809414,0.01467372241366796
2020-09-22,59100.0,59700.0,57800.0,58200.0,20830381,Samsung,59800.0,57543.333333333336,-0.016891891891891886,0.01603246230867213
2020-09-23,58400.0,58800.0,57400.0,58600.0,20111398,Samsung,59542.857142857145,57556.666666666664,0.0068728522336769515,0.012408743318231512
2020-09-24,57700.0,58600.0,57600.0,57800.0,17564020,Samsung,59085.71428571428,57516.666666666664,-0.013651877133105783,0.011043772537814302
2020-09-25,57700.0,58200.0,57700.0,57900.0,11444683,Samsung,58642.857142857145,57490.0,0.0017301038062282892,0.011259858380112682
2020-09-28,58300.0,58800.0,57900.0,58200.0,12614080,Samsung,58457.142857142855,57496.666666666664,0.005181347150259086,0.009082876578361702
2020-09-29,58300.0,59000.0,58200.0,58200.0,15503563,Samsung,58300.0,57490.0,0.0,0.009156258294921202
2020-10-05,57500.0,59200.0,57500.0,58700.0,20228289,Samsung,58228.57142857143,57520.0,0.00859106529209619,0.01010824791261704
2020-10-06,59400.0,59900.0,58700.0,59000.0,14463826,Samsung,58342.857142857145,57640.0,0.005110732538330387,0.007483700432459435
2020-10-07,58700.0,59900.0,58500.0,59900.0,14861838,Samsung,58528.57142857143,57773.333333333336,0.015254237288135686,0.00892866505067826
2020-10-08,60500.0,60700.0,59500.0,59700.0,24589924,Samsung,58800.0,57893.333333333336,-0.0033388981636059967,0.006088885646811923
2020-10-12,60000.0,60400.0,59900.0,60400.0,16145837,Samsung,59157.142857142855,58026.666666666664,0.011725293132328396,0.00645200646829963
2020-10-13,61000.0,61400.0,60400.0,60900.0,19247631,Samsung,59542.857142857145,58176.666666666664,0.008278145695364225,0.006486609530512796
2020-10-14,61000.0,61100.0,60500.0,60900.0,16086716,Samsung,59928.57142857143,58353.333333333336,0.0,0.006486609530512796
2020-10-15,60700.0,60800.0,59700.0,60000.0,17756232,Samsung,60114.28571428572,58506.666666666664,-0.014778325123152691,0.01019507987438072
2020-10-16,60000.0,60400.0,59000.0,59500.0,16554190,Samsung,60185.71428571428,58690.0,-0.008333333333333304,0.011004641175750536
2020-10-19,59600.0,60200.0,59500.0,60000.0,14474985,Samsung,60200.0,58883.333333333336,0.008403361344537785,0.009790059222765537
2020-10-20,60300.0,60900.0,60100.0,60900.0,19326115,Samsung,60371.42857142857,59100.0,0.014999999999999902,0.011035006340781134
2020-10-21,61200.0,61500.0,60600.0,60900.0,15703443,Samsung,60442.857142857145,59250.0,0.0,0.010340017392878945
2020-10-22,60300.0,60500.0,59800.0,60100.0,14294095,Samsung,60328.57142857143,59400.0,-0.013136288998357948,0.011048777099570996
2020-10-23,60400.0,60400.0,59800.0,60200.0,9322232,Samsung,60228.57142857143,59523.333333333336,0.0016638935108153063,0.011112546816313917
2020-10-26,60400.0,61100.0,60100.0,60400.0,13268226,Samsung,60285.71428571428,59580.0,0.0033222591362125353,0.009527051505053995
2020-10-27,60300.0,60300.0,59500.0,59800.0,17260416,Samsung,60328.57142857143,59626.666666666664,-0.009933774834437137,0.00980324806799195
2020-10-28,59400.0,59400.0,58800.0,59000.0,14428882,Samsung,60185.71428571428,59620.0,-0.013377926421404673,0.010410761075745675
2020-10-29,58200.0,58500.0,57500.0,58100.0,22636966,Samsung,59785.71428571428,59590.0,-0.015254237288135575,0.008009768544725586
2020-10-30,58000.0,58000.0,56600.0,56600.0,26907844,Samsung,59171.42857142857,59463.333333333336,-0.025817555938037917,0.0100967414403233
2020-11-02,56400.0,57500.0,56000.0,57400.0,20489076,Samsung,58785.71428571428,59343.333333333336,0.014134275618374659,0.0135264713421395
2020-11-03,57900.0,58900.0,57600.0,58800.0,14950919,Samsung,58585.71428571428,59270.0,0.024390243902439046,0.017842030185516704
2020-11-04,58900.0,59000.0,57800.0,58500.0,21718561,Samsung,58314.28571428572,59236.666666666664,-0.005102040816326481,0.017609839439237565
2020-11-05,59000.0,60300.0,58800.0,60300.0,20639475,Samsung,58385.71428571428,59270.0,0.03076923076923066,0.021725894459676636
2020-11-06,60700.0,60800.0,59600.0,60100.0,16910230,Samsung,58542.857142857145,59300.0,-0.0033167495854062867,0.020903162739916922
2020-11-09,60700.0,60900.0,60100.0,60200.0,15892961,Samsung,58842.857142857145,59366.666666666664,0.0016638935108153063,0.019386926224079393
2020-11-10,60500.0,60500.0,59500.0,60200.0,19073552,Samsung,59357.142857142855,59420.0,0.0,0.01427397256247816
2020-11-11,60700.0,61400.0,60400.0,61300.0,25628510,Samsung,59914.28571428572,59536.666666666664,0.0182724252491695,0.014607040202490559
2020-11-12,61000.0,61400.0,60700.0,61000.0,19800573,Samsung,60228.57142857143,59640.0,-0.004893964110929905,0.013812025479574889
2020-11-13,61300.0,63200.0,61000.0,63200.0,31508829,Samsung,60900.0,59806.666666666664,0.0360655737704918,0.017016639411426532
2020-11-16,64000.0,66700.0,63900.0,66300.0,36354334,Samsung,61757.142857142855,60076.666666666664,0.049050632911392444,0.0213640259220382
2020-11-17,67000.0,67000.0,65600.0,65700.0,30204089,Samsung,62557.142857142855,60310.0,-0.009049773755656076,0.022223708768709206
2020-11-18,65700.0,66200.0,64700.0,64800.0,22963790,Samsung,63214.28571428572,60503.333333333336,-0.013698630136986356,0.024202035469739213
2020-11-19,64100.0,64800.0,63900.0,64600.0,16590290,Samsung,63842.857142857145,60660.0,-0.0030864197530864335,0.02445878132728399
2020-11-20,63900.0,65200.0,63900.0,64700.0,15068682,Samsung,64328.57142857143,60826.666666666664,0.001547987616099089,0.024376037104863926
2020-11-23,64800.0,67800.0,64700.0,67500.0,27134398,Samsung,65257.142857142855,61063.333333333336,0.043276661514683123,0.02681025184547392
2020-11-24,67900.0,69500.0,67000.0,67700.0,32158235,Samsung,65900.0,61290.0,0.002962962962963056,0.025327435822510562
2020-11-25,67900.0,68300.0,66500.0,66600.0,32447065,Samsung,65942.85714285714,61480.0,-0.01624815361890697,0.02009342853944966
2020-11-26,66100.0,68000.0,66000.0,68000.0,19023323,Samsung,66271.42857142857,61746.666666666664,0.021021021021021102,0.020833742372912377
2020-11-27,68000.0,68400.0,67600.0,68200.0,14063434,Samsung,66757.14285714286,62036.666666666664,0.002941176470588225,0.019216432222339107
2020-11-30,68400.0,68600.0,66700.0,66700.0,43811016,Samsung,67057.14285714286,62260.0,-0.021994134897360684,0.022067811146223477
2020-12-01,67100.0,68300.0,67100.0,67800.0,22327173,Samsung,67500.0,62490.0,0.016491754122938573,0.022422250135672207
2020-12-02,68400.0,69900.0,68300.0,69500.0,29703942,Samsung,67785.71428571429,62776.666666666664,0.025073746312684442,0.018152222178491613
2020-12-03,70100.0,70500.0,69300.0,69700.0,23677989,Samsung,68071.42857142857,63096.666666666664,0.0028776978417266452,0.018153314075174305
2020-12-04,70400.0,72100.0,70100.0,71500.0,28130533,Samsung,68771.42857142857,63473.333333333336,0.02582496413199431,0.0171499152236102
2020-12-07,72400.0,73500.0,71900.0,72900.0,28490496,Samsung,69471.42857142857,63890.0,0.019580419580419672,0.017008150218410775
2020-12-08,72200.0,72900.0,71600.0,71700.0,25000338,Samsung,69971.42857142857,64286.666666666664,-0.016460905349794275,0.019734271425941575
2020-12-09,72100.0,73900.0,72000.0,73900.0,24077996,Samsung,71000.0,64783.333333333336,0.030683403068340276,0.016454231591301136
2020-12-10,72700.0,73800.0,72500.0,72900.0,39882928,Samsung,71728.57142857143,65276.666666666664,-0.013531799729364025,0.01957697144498976
2020-12-11,73500.0,73800.0,73100.0,73400.0,18486672,Samsung,72285.71428571429,65836.66666666667,0.006858710562414272,0.018510641269798688
2020-12-14,73600.0,74500.0,73200.0,73800.0,21510415,Samsung,72871.42857142857,66383.33333333333,0.005449591280654031,0.018417870802168508
2020-12-15,73800.0,74100.0,73300.0,73800.0,20863671,Samsung,73200.0,66883.33333333333,0.0,0.016852516108750833
2020-12-16,74100.0,74500.0,73400.0,73800.0,17512081,Samsung,73328.57142857143,67393.33333333333,0.0,0.015535674247963042
2020-12-17,73400.0,73700.0,72600.0,73300.0,24293214,Samsung,73557.14285714286,67826.66666666667,-0.006775067750677488,0.013986349157917459
2020-12-18,73300.0,73700.0,73000.0,73000.0,17613029,Samsung,73428.57142857143,68256.66666666667,-0.004092769440654842,0.007090088095413601
2020-12-21,73100.0,73400.0,72000.0,73000.0,20367355,Samsung,73442.85714285714,68683.33333333333,0.0,0.004814835418657154
2020-12-22,72500.0,73200.0,72100.0,72300.0,16304910,Samsung,73285.71428571429,69086.66666666667,-0.009589041095890427,0.005035308071156445
2020-12-23,72400.0,74000.0,72300.0,73900.0,19411326,Samsung,73300.0,69506.66666666667,0.022130013831258566,0.01035969444721825
2020-12-24,74100.0,78800.0,74000.0,77800.0,32502870,Samsung,73871.42857142857,70066.66666666667,0.05277401894451961,0.022382797167218825
2020-12-28,79000.0,80100.0,78200.0,78700.0,40085044,Samsung,74571.42857142857,70583.33333333333,0.011568123393316254,0.02213851935578568
2020-12-29,78800.0,78900.0,77300.0,78300.0,30339449,Samsung,75285.71428571429,70983.33333333333,-0.0050825921219822545,0.02194038734906316
2020-12-30,77400.0,81300.0,77300.0,81000.0,29417421,Samsung,76428.57142857143,71493.33333333333,0.034482758620689724,0.02273677437737066
2021-01-04,81000.0,84400.0,80200.0,83000.0,38655276,Samsung,77857.14285714286,72100.0,0.024691358024691468,0.02188812465244018
2021-01-05,81600.0,83900.0,81600.0,83900.0,35335669,Samsung,79514.28571428571,72743.33333333333,0.010843373493975905,0.018600719053437128
2021-01-06,83300.0,84500.0,82100.0,82200.0,42089013,Samsung,80700.0,73326.66666666667,-0.020262216924910592,0.024405818616563844
2021-01-07,82800.0,84200.0,82700.0,82900.0,32644642,Samsung,81428.57142857143,73840.0,0.008515815085158085,0.018073799390287328
2021-01-08,83300.0,90000.0,83000.0,88800.0,59013307,Samsung,82871.42857142857,74543.33333333333,0.07117008443908324,0.029667880945573755
2021-01-11,90000.0,96800.0,89500.0,91000.0,90306177,Samsung,84685.71428571429,75356.66666666667,0.024774774774774855,0.02793098973336923
2021-01-12,90300.0,91400.0,87800.0,90600.0,48682416,Samsung,86057.14285714286,76110.0,-0.00439560439560438,0.02889122160943783
2021-01-13,89800.0,91200.0,89100.0,89700.0,36068848,Samsung,87014.28571428571,76826.66666666667,-0.009933774834437137,0.030185493367526094
2021-01-14,88700.0,90000.0,88700.0,89700.0,26393970,Samsung,87842.85714285714,77593.33333333333,0.0,0.030503180529301642
2021-01-15,89800.0,91800.0,88000.0,88000.0,33431809,Samsung,88671.42857142857,78266.66666666667,-0.018952062430323324,0.03028995453162109
2021-01-18,86600.0,87300.0,84100.0,85000.0,43227951,Samsung,88971.42857142857,78783.33333333333,-0.03409090909090906,0.034645142676071675
2021-01-19,84500.0,88000.0,83600.0,87000.0,39895044,Samsung,88714.28571428571,79360.0,0.0235294117647058,0.02142760108666573
2021-01-20,89000.0,89000.0,86500.0,87200.0,25211127,Samsung,88171.42857142857,79883.33333333333,0.0022988505747125743,0.01803575684975993
2021-01-21,87500.0,88600.0,86500.0,88100.0,25318011,Samsung,87814.28571428571,80390.0,0.010321100917431103,0.019073009699005477
2021-01-22,89000.0,89700.0,86800.0,86800.0,30861661,Samsung,87400.0,80893.33333333333,-0.014755959137343955,0.019414139335323596
2021-01-25,87000.0,89900.0,86300.0,89400.0,27258534,Samsung,87357.14285714286,81410.0,0.02995391705069128,0.02345697671162005
2021-01-26,88800.0,89200.0,86500.0,86700.0,33178936,Samsung,87171.42857142857,81870.0,-0.030201342281879207,0.025267868086098457
2021-01-27,86600.0,87700.0,85600.0,85600.0,26423070,Samsung,87257.14285714286,82276.66666666667,-0.012687427912341454,0.02176882106522574
2021-01-28,83200.0,85600.0,83200.0,83700.0,31859808,Samsung,86785.71428571429,82606.66666666667,-0.02219626168224298,0.02079321107957718
2021-01-29,84500.0,85000.0,82000.0,82000.0,39615978,Samsung,86042.85714285714,82880.0,-0.020310633213859064,0.02116449774818398
2021-02-01,81700.0,83400.0,81000.0,83000.0,28046832,Samsung,85314.28571428571,83186.66666666667,0.012195121951219523,0.02145293283217262
2021-02-02,84100.0,86400.0,83700.0,84400.0,26302077,Samsung,84971.42857142857,83556.66666666667,0.01686746987951815,0.023127721059659764
2021-02-03,84800.0,85400.0,83400.0,84600.0,22112205,Samsung,84285.71428571429,83943.33333333333,0.0023696682464455776,0.01826256924466179
2021-02-04,83500.0,83800.0,82100.0,82500.0,24171688,Samsung,83685.71428571429,84260.0,-0.024822695035460973,0.017243208789611622
2021-02-05,83100.0,84000.0,82500.0,83500.0,18036835,Samsung,83385.71428571429,84633.33333333333,0.0121212121212122,0.018377413725364652
2021-02-08,83800.0,84200.0,83000.0,83000.0,15338765,Samsung,83285.71428571429,84936.66666666667,-0.005988023952095856,0.01654354991113028
2021-02-09,84000.0,84800.0,82700.0,82700.0,20898332,Samsung,83385.71428571429,85100.0,-0.0036144578313253017,0.01436984628283469
2021-02-10,82600.0,82600.0,81600.0,81600.0,23025766,Samsung,83185.71428571429,85196.66666666667,-0.013301088270858519,0.01438044889756253
2021-02-15,83800.0,84500.0,83300.0,84200.0,23529706,Samsung,83157.14285714286,85393.33333333333,0.031862745098039325,0.01830077570102419
2021-02-16,84500.0,86000.0,84200.0,84900.0,20483100,Samsung,83200.0,85523.33333333333,0.008313539192398967,0.018575494392422582
2021-02-17,83900.0,84200.0,83000.0,83200.0,18307735,Samsung,83300.0,85530.0,-0.020023557126030656,0.0175381126170847
2021-02-18,83200.0,83600.0,82100.0,82100.0,21327683,Samsung,83100.0,85470.0,-0.013221153846153855,0.017556989908425087
2021-02-19,82300.0,82800.0,81000.0,82600.0,25880879,Samsung,83042.85714285714,85483.33333333333,0.006090133982947554,0.017724738819859552
2021-02-22,83800.0,84200.0,82200.0,82200.0,25419886,Samsung,82971.42857142857,85460.0,-0.004842615012106588,0.017766086488368596
2021-02-23,81200.0,82900.0,81100.0,82000.0,20587314,Samsung,83028.57142857143,85233.33333333333,-0.0024330900243308973,0.016940263370544953
2021-02-24,81800.0,83600.0,81300.0,82000.0,26807651,Samsung,82714.28571428571,84933.33333333333,0.0,0.010114977788965081
2021-02-25,84000.0,85400.0,83000.0,85300.0,34155986,Samsung,82771.42857142857,84756.66666666667,0.040243902439024426,0.019394783232948676
2021-02-26,82800.0,83400.0,82000.0,82500.0,38520800,Samsung,82671.42857142857,84516.66666666667,-0.03282532239155922,0.022103380782229103
2021-03-02,85100.0,85300.0,83000.0,83600.0,33498180,Samsung,82885.71428571429,84313.33333333333,0.01333333333333342,0.0219340684465
2021-03-03,83500.0,84000.0,82800.0,84000.0,19882132,Samsung,83085.71428571429,84180.0,0.004784688995215225,0.021906917292120003
2021-03-04,82600.0,83200.0,82200.0,82400.0,24348331,Samsung,83114.28571428571,84093.33333333333,-0.01904761904761909,0.02332425840192272
2021-03-05,81100.0,82600.0,81100.0,82100.0,20508971,Samsung,83128.57142857143,83930.0,-0.00364077669902918,0.023354702057827817
2021-03-08,82900.0,83000.0,81600.0,82000.0,17641256,Samsung,83128.57142857143,83756.66666666667,-0.0012180267965895553,0.023362774859894478
2021-03-09,81400.0,81900.0,80600.0,81400.0,25420764,Samsung,82571.42857142857,83533.33333333333,-0.007317073170731714,0.015318214402268512
2021-03-10,82400.0,82500.0,80700.0,80900.0,20038422,Samsung,82342.85714285714,83336.66666666667,-0.00614250614250611,0.010137103594396377
2021-03-11,81000.0,82500.0,81000.0,82000.0,23818297,Samsung,82114.28571428571,83090.0,0.013597033374536549,0.010207081027006532
2021-03-12,83100.0,83500.0,82400.0,82800.0,13530573,Samsung,81942.85714285714,82960.0,0.009756097560975618,0.010960762032412823
2021-03-15,82800.0,82900.0,81800.0,81800.0,13735798,Samsung,81857.14285714286,82833.33333333333,-0.012077294685990392,0.009352764628401967
2021-03-16,82200.0,83000.0,82100.0,82800.0,12293537,Samsung,81957.14285714286,82803.33333333333,0.012224938875305513,0.010464250865574608
2021-03-17,82800.0,82900.0,82000.0,82300.0,11625146,Samsung,82000.0,82813.33333333333,-0.006038647342995196,0.010807539876750616
2021-03-18,82800.0,83800.0,82600.0,82900.0,18585244,Samsung,82214.28571428571,82810.0,0.007290400972053357,0.010434241618409897
2021-03-19,82100.0,82500.0,81800.0,81900.0,15869700,Samsung,82357.14285714286,82726.66666666667,-0.012062726176115812,0.011456374231254157
2021-03-22,82000.0,82300.0,81700.0,82000.0,12670506,Samsung,82357.14285714286,82640.0,0.0012210012210012167,0.010223281985663546
2021-03-23,82600.0,82900.0,81800.0,81800.0,13299907,Samsung,82214.28571428571,82616.66666666667,-0.0024390243902439046,0.00928895210621115
2021-03-24,81000.0,81600.0,80700.0,81000.0,17926638,Samsung,82100.0,82533.33333333333,-0.009779951100244544,0.008893245957505461
2021-03-25,81000.0,82100.0,80800.0,81200.0,14758826,Samsung,81871.42857142857,82473.33333333333,0.0024691358024691024,0.00696270681431575
2021-03-26,81400.0,81600.0,81000.0,81500.0,12845778,Samsung,81757.14285714286,82433.33333333333,0.003694581280788256,0.007168324118812563
2021-03-29,81700.0,81700.0,81000.0,81600.0,14952134,Samsung,81571.42857142857,82433.33333333333,0.0012269938650306678,0.006255267106121273
2021-03-30,81600.0,82300.0,81300.0,82200.0,13121698,Samsung,81614.28571428571,82366.66666666667,0.007352941176470562,0.0054221866353459935
2021-03-31,82400.0,82700.0,81400.0,81400.0,17240518,Samsung,81528.57142857143,82250.0,-0.009732360097323589,0.006635904964706656
2021-04-01,82500.0,83000.0,82000.0,82900.0,18676461,Samsung,81685.71428571429,82240.0,0.01842751842751844,0.009820093937335711
2021-04-02,84000.0,85200.0,83900.0,84800.0,22997538,Samsung,82228.57142857143,82330.0,0.022919179734619988,0.01101430775676162
2021-04-05,85800.0,86000.0,84800.0,85400.0,16255990,Samsung,82828.57142857143,82423.33333333333,0.007075471698113178,0.010861344040331032
2021-04-06,86200.0,86200.0,85100.0,86000.0,19042023,Samsung,83471.42857142857,82550.0,0.007025761124121788,0.010750448110522332
2021-04-07,86100.0,86200.0,85400.0,85600.0,17885538,Samsung,84042.85714285714,82670.0,-0.0046511627906976605,0.011545651124363262
2021-04-08,85700.0,85700.0,84100.0,84700.0,19244259,Samsung,84400.0,82760.0,-0.010514018691588745,0.013278116483551835
2021-04-09,84700.0,84900.0,83400.0,83600.0,18193707,Samsung,84714.28571428571,82703.33333333333,-0.012987012987012991,0.013896579420199909
2021-04-12,84100.0,84100.0,83100.0,83200.0,12915282,Samsung,84757.14285714286,82726.66666666667,-0.004784688995215336,0.012556962912098187
2021-04-13,83000.0,84500.0,82800.0,84000.0,15238206,Samsung,84642.85714285714,82740.0,0.009615384615384581,0.009160314240792793
2021-04-14,84000.0,84300.0,83400.0,84000.0,13794652,Samsung,84442.85714285714,82740.0,0.0,0.008442104134199194
2021-04-15,83700.0,84500.0,83400.0,84100.0,16377412,Samsung,84171.42857142857,82796.66666666667,0.0011904761904761862,0.0076118069882761905
2021-04-16,84700.0,84700.0,83600.0,83900.0,15429522,Samsung,83928.57142857143,82856.66666666667,-0.0023781212841854638,0.00758611074762616
2021-04-19,83800.0,84000.0,83300.0,83300.0,15287311,Samsung,83728.57142857143,82900.0,-0.007151370679380209,0.007110500616006565
2021-04-20,83300.0,84000.0,83100.0,83900.0,15521965,Samsung,83771.42857142857,82983.33333333333,0.007202881152460927,0.006103212204298084
2021-04-21,83300.0,83500.0,82500.0,82600.0,21636079,Samsung,83685.71428571429,83040.0,-0.015494636471990453,0.008520610970060575
2021-04-22,82900.0,83000.0,82400.0,82400.0,13934746,Samsung,83457.14285714286,83053.33333333333,-0.002421307506053294,0.00712025578791734
2021-04-23,81900.0,82900.0,81600.0,82800.0,17805080,Samsung,83285.71428571429,83053.33333333333,0.004854368932038833,0.0076464725879944575
2021-04-26,82900.0,83500.0,82600.0,83500.0,15489938,Samsung,83200.0,83110.0,0.008454106280193274,0.008590630366432064
2021-04-27,83200.0,83300.0,82500.0,82900.0,12941533,Samsung,83057.14285714286,83113.33333333333,-0.007185628742514938,0.008906413224997725
2021-04-28,83200.0,83200.0,82100.0,82100.0,15596759,Samsung,82885.71428571429,83106.66666666667,-0.00965018094089265,0.009207372088464947
2021-04-29,82400.0,82500.0,81500.0,81700.0,20000973,Samsung,82571.42857142857,83066.66666666667,-0.00487210718635811,0.00827195541366991
2021-04-30,81900.0,82100.0,81500.0,81500.0,18673197,Samsung,82414.28571428571,83053.33333333333,-0.002447980416156681,0.0064580378578452564
2021-05-03,81000.0,82400.0,81000.0,81700.0,15710336,Samsung,82314.28571428571,83043.33333333333,0.0024539877300613355,0.006651865741929863
2021-05-04,81900.0,82600.0,81800.0,82600.0,12532550,Samsung,82285.71428571429,83070.0,0.01101591187270512,0.007880587461637771
2021-05-06,81700.0,82300.0,81700.0,82300.0,17047511,Samsung,82114.28571428571,83113.33333333333,-0.003631961259079941,0.006901286396993233
2021-05-07,81800.0,82100.0,81500.0,81900.0,14154882,Samsung,81971.42857142857,83136.66666666667,-0.004860267314702349,0.006664529033379681
2021-05-10,82300.0,83500.0,81800.0,83200.0,19385027,Samsung,82128.57142857143,83193.33333333333,0.015873015873015817,0.008363756200295124
2021-05-11,82500.0,82600.0,81100.0,81200.0,28996680,Samsung,82057.14285714286,83180.0,-0.024038461538461564,0.012880483910210667
2021-05-12,80800.0,81200.0,79800.0,80000.0,35812268,Samsung,81842.85714285714,83106.66666666667,-0.014778325123152691,0.013941982978541038
2021-05-13,78900.0,79600.0,78400.0,78500.0,31490096,Samsung,81385.71428571429,83010.0,-0.018750000000000044,0.014937314613213843
2021-05-14,79000.0,80300.0,78900.0,80100.0,16450920,Samsung,81028.57142857143,82916.66666666667,0.020382165605095537,0.01695637625521585
2021-05-17,80800.0,80900.0,79200.0,79600.0,17740855,Samsung,80642.85714285714,82743.33333333333,-0.006242197253433224,0.016969018685509953
2021-05-18,79600.0,80000.0,79100.0,79600.0,17494407,Samsung,80314.28571428571,82550.0,0.0,0.017057258960842137
2021-05-20,79400.0,79700.0,79100.0,79500.0,16541828,Samsung,79785.71428571429,82333.33333333333,-0.0012562814070351536,0.014824300670648927
2021-05-21,80100.0,81500.0,79800.0,80100.0,20961714,Samsung,79628.57142857143,82150.0,0.007547169811320753,0.013281508889072641
2021-05-24,80100.0,80400.0,79500.0,79700.0,13398666,Samsung,79585.71428571429,81983.33333333333,-0.004993757802746579,0.01216462036347513
2021-05-25,80000.0,80400.0,79800.0,79900.0,13628942,Samsung,79785.71428571429,81860.0,0.0025094102885820924,0.009111891915865483
2021-05-26,80400.0,80500.0,79700.0,79800.0,11984359,Samsung,79742.85714285714,81746.66666666667,-0.0012515644555695093,0.004625328530051119
2021-05-27,80000.0,80000.0,79100.0,79600.0,23198510,Samsung,79742.85714285714,81600.0,-0.0025062656641604564,0.0040336132339501415
2021-05-28,79800.0,80400.0,79400.0,80100.0,12360199,Samsung,79814.28571428571,81470.0,0.00628140703517599,0.004678893850717385
2021-05-31,80300.0,80600.0,79600.0,80500.0,13321324,Samsung,79957.14285714286,81350.0,0.004993757802746579,0.004792831107416306
2021-06-01,80500.0,81300.0,80100.0,80600.0,14058401,Samsung,80028.57142857143,81240.0,0.001242236024844745,0.004070091938353654
2021-06-02,80400.0,81400.0,80300.0,80800.0,16414644,Samsung,80185.71428571429,81156.66666666667,0.002481389578163684,0.0031418856471417274
2021-06-03,81300.0,83000.0,81100.0,82800.0,29546007,Samsung,80600.0,81120.0,0.024752475247524774,0.009197387351171529
2021-06-04,82700.0,82700.0,81500.0,82200.0,18112259,Samsung,80942.85714285714,81106.66666666667,-0.007246376811594235,0.01012431794789296
2021-06-07,82700.0,82800.0,81600.0,81900.0,16496197,Samsung,81271.42857142857,81090.0,-0.0036496350364964014,0.010260461772455381
2021-06-08,82300.0,82600.0,81800.0,81900.0,12781226,Samsung,81528.57142857143,81060.0,0.0,0.010314681835161472
2021-06-09,81500.0,82000.0,81100.0,81100.0,14908823,Samsung,81614.28571428571,80980.0,-0.009768009768009733,0.011349823304281014
2021-06-10,81300.0,81400.0,80900.0,81000.0,17586995,Samsung,81671.42857142857,80916.66666666667,-0.0012330456226880004,0.01138374412344386
2021-06-11,81200.0,81700.0,80700.0,81000.0,14087962,Samsung,81700.0,80880.0,0.0,0.011359903865680006
2021-06-14,80800.0,80900.0,80500.0,80500.0,10550078,Samsung,81371.42857142857,80840.0,-0.006172839506172867,0.003836409445561432
2021-06-15,80900.0,81200.0,80600.0,80900.0,10075685,Samsung,81185.71428571429,80820.0,0.00496894409937898,0.004780845573997337
2021-06-16,81500.0,81900.0,81100.0,81800.0,14999855,Samsung,81171.42857142857,80823.33333333333,0.011124845488257096,0.006871733107890448
2021-06-17,81100.0,81300.0,80700.0,80900.0,14007385,Samsung,81028.57142857143,80766.66666666667,-0.011002444987775029,0.007996763100836276
2021-06-18,81100.0,81100.0,80500.0,80500.0,14916721,Samsung,80942.85714285714,80706.66666666667,-0.0049443757725586845,0.007371682075752402
2021-06-21,79700.0,80000.0,79600.0,79900.0,16063340,Samsung,80785.71428571429,80640.0,-0.007453416149068359,0.007763748214586574
2021-06-22,80200.0,80300.0,79900.0,80000.0,11773365,Samsung,80642.85714285714,80533.33333333333,0.0012515644555695093,0.007829617001424871
2021-06-23,80500.0,80600.0,79900.0,80100.0,13856548,Samsung,80585.71428571429,80496.66666666667,0.0012499999999999734,0.007630393584077562
2021-06-24,80400.0,81400.0,80100.0,81200.0,18771080,Samsung,80628.57142857143,80536.66666666667,0.013732833957553092,0.009258300634346184
2021-06-25,81500.0,81900.0,81200.0,81600.0,13481405,Samsung,80600.0,80640.0,0.0049261083743843415,0.008329902143287007
2021-06-28,81700.0,82000.0,81600.0,81900.0,11578529,Samsung,80742.85714285714,80700.0,0.003676470588235281,0.006920959997923519
2021-06-29,81900.0,82100.0,80800.0,81000.0,15744317,Samsung,80814.28571428571,80746.66666666667,-0.01098901098901095,0.008164689513057146
2021-06-30,81100.0,81400.0,80700.0,80700.0,13288643,Samsung,80928.57142857143,80783.33333333333,-0.0037037037037036535,0.007629739389965824
2021-07-01,80500.0,80600.0,80000.0,80100.0,13382882,Samsung,80942.85714285714,80803.33333333333,-0.0074349442379182396,0.008340531653431148
2021-07-02,80000.0,80400.0,79900.0,80000.0,8753097,Samsung,80928.57142857143,80800.0,-0.0012484394506866447,0.008341979887890105
2021-07-05,80100.0,80800.0,80000.0,80400.0,8330969,Samsung,80814.28571428571,80823.33333333333,0.004999999999999893,0.006330479256211705
2021-07-06,80600.0,81200.0,80500.0,81200.0,12131651,Samsung,80757.14285714286,80866.66666666667,0.00995024875621886,0.0073667529619694415
2021-07-07,81200.0,81300.0,80300.0,80800.0,15992202,Samsung,80600.0,80900.0,-0.0049261083743842304,0.007235548222621065
2021-07-08,81100.0,81200.0,79900.0,79900.0,16660998,Samsung,80442.85714285714,80910.0,-0.011138613861386149,0.007266996119995804
2021-07-09,79600.0,79800.0,79000.0,79400.0,22720577,Samsung,80257.14285714286,80886.66666666667,-0.006257822277847325,0.00743318732954285
2021-07-12,79900.0,80000.0,79500.0,79700.0,9768108,Samsung,80200.0,80860.0,0.0037783375314861534,0.007348329257430972
2021-07-13,80000.0,80200.0,79800.0,79800.0,9863450,Samsung,80171.42857142857,80833.33333333333,0.0012547051442910462,0.007377572349799161
2021-07-14,79400.0,79600.0,79100.0,79500.0,11575636,Samsung,80042.85714285714,80790.0,-0.003759398496240629,0.007057963547048839
2021-07-15,79800.0,80600.0,79500.0,80600.0,13766279,Samsung,79957.14285714286,80716.66666666667,0.01383647798742138,0.008180216285943532
2021-07-16,80100.0,80100.0,79500.0,79800.0,10859399,Samsung,79814.28571428571,80636.66666666667,-0.00992555831265507,0.008773756561578796
2021-07-19,79100.0,79200.0,78800.0,79000.0,13155414,Samsung,79685.71428571429,80540.0,-0.010025062656641603,0.008583066118814877
2021-07-20,78500.0,79000.0,78400.0,79000.0,12456646,Samsung,79628.57142857143,80443.33333333333,0.0,0.008337692572936197
2021-07-21,79000.0,79100.0,78500.0,78500.0,12355296,Samsung,79457.14285714286,80356.66666666667,-0.006329113924050667,0.008309749128339391
2021-07-22,79000.0,79800.0,78900.0,79700.0,12618790,Samsung,79442.85714285714,80313.33333333333,0.015286624203821653,0.010631858402476716
2021-07-23,79700.0,79900.0,79200.0,79300.0,9098910,Samsung,79414.28571428571,80256.66666666667,-0.005018820577164407,0.010713836454951615
2021-07-26,79400.0,79500.0,78800.0,78800.0,10040975,Samsung,79157.14285714286,80200.0,-0.006305170239596425,0.008818072843679765
2021-07-27,79200.0,79400.0,78500.0,78500.0,11427693,Samsung,78971.42857142857,80120.0,-0.0038071065989847552,0.00832859588980078
2021-07-28,78300.0,79200.0,78100.0,79200.0,12743417,Samsung,79000.0,80033.33333333333,0.008917197452229297,0.008481523280018749
2021-07-29,78800.0,79400.0,78800.0,79000.0,14360453,Samsung,79000.0,79970.0,-0.002525252525252486,0.008554363937746612
2021-07-30,78900.0,78900.0,78500.0,78500.0,13823411,Samsung,79000.0,79903.33333333333,-0.006329113924050667,0.008554363937746612
2021-08-02,79200.0,79500.0,78700.0,79300.0,11739124,Samsung,78942.85714285714,79883.33333333333,0.010191082802547768,0.007139664131204023
2021-08-03,79400.0,81400.0,79300.0,81400.0,24339360,Samsung,79242.85714285714,79930.0,0.02648171500630525,0.012138657748789281
2021-08-04,82200.0,83100.0,81800.0,82900.0,25642368,Samsung,79828.57142857143,80023.33333333333,0.01842751842751844,0.012304337511564905
2021-08-05,83300.0,83300.0,82000.0,82100.0,18485469,Samsung,80342.85714285714,80053.33333333333,-0.00965018094089265,0.013340859753884647
2021-08-06,81900.0,82500.0,81300.0,81500.0,13342623,Samsung,80671.42857142857,80050.0,-0.0073081607795371095,0.014231098054307964
2021-08-09,81500.0,82300.0,80900.0,81500.0,15522581,Samsung,81028.57142857143,80036.66666666667,0.0,0.014063700286915323
2021-08-10,82300.0,82400.0,80100.0,80200.0,20362639,Samsung,81271.42857142857,80010.0,-0.015950920245398792,0.015680831782639838
2021-08-11,79600.0,79800.0,78500.0,78500.0,30241137,Samsung,81157.14285714286,79936.66666666667,-0.021197007481296715,0.017696756837081624
2021-08-12,77100.0,78200.0,76900.0,77000.0,42365223,Samsung,80528.57142857143,79833.33333333333,-0.019108280254777066,0.013700226966352994
2021-08-13,75800.0,76000.0,74100.0,74400.0,61270643,Samsung,79314.28571428571,79646.66666666667,-0.03376623376623378,0.010958870847902874
2021-08-17,74000.0,75100.0,74000.0,74200.0,30944847,Samsung,78185.71428571429,79440.0,-0.0026881720430107503,0.011836085273302726
2021-08-18,73900.0,74600.0,73100.0,73900.0,29192631,Samsung,77100.0,79196.66666666667,-0.0040431266846361336,0.012215266598938533
2021-08-19,73500.0,74400.0,73100.0,73100.0,22166298,Samsung,75900.0,78940.0,-0.010825439783491153,0.010773945971914813
2021-08-20,73500.0,73900.0,72500.0,72700.0,22364803,Samsung,74828.57142857143,78700.0,-0.005471956224350261,0.011389921887459683
2021-08-23,73300.0,74000.0,73000.0,73300.0,19384648,Samsung,74085.71428571429,78496.66666666667,0.008253094910591452,0.013480312541816374
2021-08-24,73900.0,75700.0,73900.0,75600.0,21016913,Samsung,73885.71428571429,78360.0,0.03137789904502042,0.01967004682917657
2021-08-25,76200.0,76600.0,74900.0,75700.0,22319664,Samsung,74071.42857142857,78223.33333333333,0.001322751322751392,0.014019274389622218
2021-08-26,76100.0,76200.0,74600.0,74600.0,16671494,Samsung,74128.57142857143,78060.0,-0.014531043593130732,0.015404445503812437
2021-08-27,74300.0,75000.0,73800.0,74300.0,15172748,Samsung,74185.71428571429,77850.0,-0.004021447721179627,0.015403295513043702
2021-08-30,75400.0,75500.0,74200.0,74600.0,12686999,Samsung,74400.0,77676.66666666667,0.004037685060565233,0.014521261526112312
2021-08-31,74900.0,76700.0,74300.0,76700.0,24630370,Samsung,74971.42857142857,77600.0,0.02815013404825728,0.016657242946206678
2021-09-01,76700.0,77100.0,75900.0,76800.0,16114775,Samsung,75471.42857142857,77526.66666666667,0.0013037809647979959,0.016831801902218363
2021-09-02,76800.0,76800.0,75700.0,76000.0,15347486,Samsung,75528.57142857143,77443.33333333333,-0.01041666666666663,0.013802969363897945
2021-09-03,76400.0,76700.0,76000.0,76600.0,12096419,Samsung,75657.14285714286,77340.0,0.007894736842105177,0.014062735967565375
2021-09-06,76800.0,77600.0,76600.0,77300.0,12861180,Samsung,76042.85714285714,77273.33333333333,0.009138381201044377,0.012212793494085368
2021-09-07,77100.0,77100.0,75900.0,76100.0,13239401,Samsung,76300.0,77183.33333333333,-0.015523932729624823,0.014256163948229265
2021-09-08,76000.0,76400.0,75600.0,76300.0,11798147,Samsung,76542.85714285714,77110.0,0.0026281208935610145,0.014257456351460708
2021-09-09,76400.0,76600.0,75000.0,75300.0,17600770,Samsung,76342.85714285714,76980.0,-0.013106159895150737,0.0102388765764461
2021-09-10,75300.0,75600.0,74800.0,75300.0,10103212,Samsung,76128.57142857143,76856.66666666667,0.0,0.010167999423162093
2021-09-13,75200.0,76300.0,75100.0,76300.0,11397775,Samsung,76171.42857142857,76783.33333333333,0.013280212483399723,0.011099673090634385
2021-09-14,77100.0,77700.0,76600.0,76600.0,18167057,Samsung,76171.42857142857,76693.33333333333,0.003931847968545288,0.01076248940938961
2021-09-15,77400.0,77400.0,76400.0,77000.0,12829128,Samsung,76128.57142857143,76546.66666666667,0.005221932114882533,0.010303270854084287
2021-09-16,77300.0,77400.0,76100.0,76100.0,13067622,Samsung,76128.57142857143,76320.0,-0.011688311688311637,0.009437309738905627
2021-09-17,76300.0,77200.0,75900.0,77200.0,16289502,Samsung,76257.14285714286,76156.66666666667,0.014454664914586024,0.010920331368937072
2021-09-23,77500.0,77600.0,76800.0,77400.0,17055590,Samsung,76557.14285714286,76020.0,0.002590673575129543,0.00876568318901628
2021-09-24,77600.0,77700.0,77100.0,77300.0,12247274,Samsung,76842.85714285714,75880.0,-0.0012919896640827266,0.00887611739130461
2021-09-27,77300.0,77700.0,77000.0,77700.0,11699798,Samsung,77042.85714285714,75796.66666666667,0.005174644243208348,0.007906836650539461
2021-09-28,77700.0,77800.0,76200.0,76300.0,15406382,Samsung,77000.0,75723.33333333333,-0.018018018018018056,0.011036473071265172
2021-09-29,74800.0,75300.0,73800.0,74100.0,23992458,Samsung,76585.71428571429,75626.66666666667,-0.028833551769331556,0.014914427963243947
2021-09-30,74300.0,74800.0,73700.0,74100.0,19919361,Samsung,76300.0,75616.66666666667,0.0,0.014742869697519907
2021-10-01,73900.0,74000.0,72900.0,73200.0,15803395,Samsung,75728.57142857143,75583.33333333333,-0.012145748987854255,0.012547175829520585
2021-10-05,73000.0,73000.0,71400.0,72200.0,24013921,Samsung,74985.71428571429,75526.66666666667,-0.013661202185792365,0.011852461948151774
2021-10-06,72600.0,72800.0,71200.0,71300.0,18956962,Samsung,74128.57142857143,75466.66666666667,-0.012465373961218829,0.011248753544820855
2021-10-07,71600.0,72100.0,71300.0,71600.0,13683532,Samsung,73257.14285714286,75430.0,0.004207573632538653,0.011014455791406695
2021-10-08,72300.0,72400.0,71500.0,71500.0,14043287,Samsung,72571.42857142857,75370.0,-0.0013966480446927498,0.01118043335636799
2021-10-12,70700.0,70900.0,68700.0,69000.0,31001484,Samsung,71842.85714285714,75150.0,-0.034965034965035,0.013058755141494018
2021-10-13,68700.0,69600.0,68300.0,68800.0,24172015,Samsung,71085.71428571429,74920.0,-0.0028985507246376274,0.012728339208008694
2021-10-14,69000.0,69800.0,68800.0,69400.0,19520641,Samsung,70542.85714285714,74746.66666666667,0.008720930232558155,0.014580542666703243
2021-10-15,70200.0,71000.0,70000.0,70100.0,18051612,Samsung,70242.85714285714,74606.66666666667,0.01008645533141217,0.015631319988083266
2021-10-18,70200.0,70300.0,69200.0,70200.0,13486391,Samsung,70085.71428571429,74460.0,0.0014265335235377208,0.015270150865586911
2021-10-19,70800.0,71000.0,70400.0,70600.0,9507991,Samsung,69942.85714285714,74256.66666666667,0.005698005698005604,0.015383008352190206
2021-10-20,70700.0,71000.0,70200.0,70300.0,10151638,Samsung,69771.42857142857,74040.0,-0.004249291784702569,0.015405096021680074
2021-10-21,70300.0,70600.0,70000.0,70200.0,10891094,Samsung,69942.85714285714,73846.66666666667,-0.0014224751066855834,0.0057404153824198965
2021-10-22,70000.0,70700.0,70000.0,70400.0,8395448,Samsung,70171.42857142857,73640.0,0.002849002849002913,0.005231311698851104
2021-10-25,69900.0,70600.0,69500.0,70200.0,10029621,Samsung,70285.71428571429,73403.33333333333,-0.0028409090909090606,0.005057299741761698
2021-10-26,70600.0,71500.0,70400.0,71100.0,10528252,Samsung,70428.57142857143,73236.66666666667,0.012820512820512775,0.005859443764655677
2021-10-27,71000.0,71000.0,70000.0,70100.0,10295316,Samsung,70414.28571428571,73030.0,-0.01406469760900142,0.00847257269554334
2021-10-28,69500.0,72200.0,69500.0,70700.0,20644902,Samsung,70428.57142857143,72876.66666666667,0.008559201141226769,0.008863023634981999
2021-10-29,71200.0,71600.0,69700.0,69800.0,17016151,Samsung,70357.14285714286,72693.33333333333,-0.012729844413012725,0.01007503980154319
2021-11-01,70200.0,70600.0,69900.0,69900.0,11503729,Samsung,70314.28571428571,72480.0,0.0014326647564470996,0.010111660473875048
2021-11-02,70800.0,72200.0,70700.0,71500.0,16812570,Samsung,70471.42857142857,72310.0,0.022889842632331847,0.013507288269862196
2021-11-03,71700.0,71700.0,70100.0,70400.0,12770428,Samsung,70500.0,72090.0,-0.01538461538461533,0.01504659875964671
2021-11-04,71200.0,71600.0,70500.0,70600.0,11818987,Samsung,70428.57142857143,71906.66666666667,0.0028409090909091717,0.014129896723699223
2021-11-05,71600.0,71600.0,70200.0,70200.0,12667743,Samsung,70442.85714285714,71673.33333333333,-0.005665722379603388,0.013150569342231556
2021-11-08,70400.0,70600.0,69800.0,70600.0,11121981,Samsung,70428.57142857143,71446.66666666667,0.005698005698005604,0.012892185024702735
2021-11-09,70300.0,71000.0,70100.0,70500.0,11159589,Samsung,70528.57142857143,71220.0,-0.0014164305949008194,0.011703937989851837
2021-11-10,70300.0,70900.0,70200.0,70200.0,9422009,Samsung,70571.42857142857,70970.0,-0.004255319148936176,0.011903914405587555
2021-11-11,69900.0,70000.0,69600.0,69900.0,11489122,Samsung,70342.85714285714,70756.66666666667,-0.004273504273504258,0.006778132705343303
2021-11-12,70200.0,70900.0,69900.0,70600.0,10087450,Samsung,70371.42857142857,70640.0,0.010014306151645114,0.005916994458165055
2021-11-15,71700.0,71900.0,70900.0,71400.0,12420710,Samsung,70485.71428571429,70550.0,0.011331444759206777,0.007222186475107831
2021-11-16,71500.0,72000.0,71300.0,71300.0,10919239,Samsung,70642.85714285714,70486.66666666667,-0.0014005602240896309,0.006661957089511126
2021-11-17,71300.0,71600.0,70600.0,70700.0,11027606,Samsung,70657.14285714286,70436.66666666667,-0.008415147265077194,0.007521993330748177
2021-11-18,70700.0,71000.0,70200.0,70200.0,10144957,Samsung,70614.28571428571,70400.0,-0.007072135785007094,0.00801542726587394
2021-11-19,70400.0,71400.0,70100.0,71200.0,11954728,Samsung,70757.14285714286,70386.66666666667,0.014245014245014342,0.00951243573281891
2021-11-22,73300.0,75200.0,73000.0,74900.0,27506623,Samsung,71471.42857142857,70500.0,0.05196629213483139,0.020580925779219685
2021-11-23,76000.0,76000.0,74500.0,75300.0,22029195,Samsung,72142.85714285714,70710.0,0.005340453938584844,0.020659667472541502
2021-11-24,76000.0,76200.0,74100.0,74800.0,15652305,Samsung,72628.57142857143,70910.0,-0.006640106241699861,0.021483905987834458
2021-11-25,75100.0,75100.0,73600.0,73700.0,12559258,Samsung,72971.42857142857,71053.33333333333,-0.014705882352941124,0.022879845512729192
2021-11-26,73500.0,74100.0,72000.0,72300.0,13002242,Samsung,73200.0,71126.66666666667,-0.018995929443690662,0.02422092114824892
2021-11-29,71700.0,73000.0,71400.0,72300.0,16682559,Samsung,73500.0,71196.66666666667,0.0,0.023853668870792058
2021-11-30,73200.0,73900.0,70500.0,71300.0,30364841,Samsung,73514.28571428571,71220.0,-0.013831258644536604,0.024290314439079908
2021-12-01,72000.0,74800.0,71600.0,74400.0,21954856,Samsung,73442.85714285714,71356.66666666667,0.04347826086956519,0.02132012704231924
2021-12-02,73900.0,75800.0,73800.0,75800.0,23652940,Samsung,73514.28571428571,71543.33333333333,0.018817204301075252,0.022537098577352917
2021-12-03,75600.0,76000.0,74100.0,75600.0,18330240,Samsung,73628.57142857143,71716.66666666667,-0.0026385224274406704,0.022356288629802486
2021-12-06,75100.0,76700.0,74900.0,76300.0,16391250,Samsung,74000.0,71920.0,0.0092592592592593,0.02122589424478601
2021-12-07,76100.0,77700.0,75600.0,77400.0,19232453,Samsung,74728.57142857143,72130.0,0.014416775884665833,0.018467175010577385
2021-12-08,78300.0,78600.0,77100.0,77400.0,21558340,Samsung,75457.14285714286,72373.33333333333,0.0,0.018467175010577385
2021-12-09,77400.0,78200.0,77000.0,78200.0,21604528,Samsung,76442.85714285714,72623.33333333333,0.010335917312661591,0.01526656365685985
2021-12-10,77400.0,77600.0,76800.0,76900.0,9155219,Samsung,76800.0,72860.0,-0.01662404092071612,0.012088953320527441
2021-12-13,77200.0,78300.0,76500.0,76800.0,15038750,Samsung,76942.85714285714,73090.0,-0.0013003901170350884,0.010484756232482632
2021-12-14,76500.0,77200.0,76200.0,77000.0,10976660,Samsung,77142.85714285714,73273.33333333333,0.0026041666666667407,0.010290194490122535
2021-12-15,76400.0,77600.0,76300.0,77600.0,9584939,Samsung,77328.57142857143,73513.33333333333,0.007792207792207684,0.01014758210662169
2021-12-16,78500.0,78500.0,77400.0,77800.0,11996128,Samsung,77385.71428571429,73753.33333333333,0.002577319587628857,0.00870709307817838
2021-12-17,76800.0,78000.0,76800.0,78000.0,13108479,Samsung,77471.42857142857,74013.33333333333,0.0025706940874035134,0.008723434831299379
2021-12-20,77600.0,77800.0,76800.0,77100.0,11264375,Samsung,77314.28571428571,74230.0,-0.011538461538461497,0.008796420766032913
2021-12-21,77900.0,78300.0,77500.0,78100.0,14245298,Samsung,77485.71428571429,74483.33333333333,0.012970168612191912,0.007623424997676306
2021-12-22,78900.0,79400.0,78800.0,79400.0,17105892,Samsung,77857.14285714286,74790.0,0.016645326504481472,0.00910763214383539
2021-12-23,79800.0,80000.0,79300.0,79900.0,13577498,Samsung,78271.42857142857,75123.33333333333,0.006297229219143663,0.009065895803081342
2021-12-24,80200.0,80800.0,80200.0,80500.0,12086380,Samsung,78685.71428571429,75453.33333333333,0.007509386733416834,0.009053719264568374
2021-12-27,80600.0,80600.0,79800.0,80200.0,10783368,Samsung,79028.57142857143,75746.66666666667,-0.003726708074534124,0.009661669353571671
2021-12-28,80200.0,80400.0,79700.0,80300.0,18226325,Samsung,79357.14285714286,76046.66666666667,0.0012468827930174342,0.00971601077160624
2021-12-29,80200.0,80200.0,78500.0,78800.0,19794795,Samsung,79600.0,76316.66666666667,-0.018679950186799466,0.011796327866278667
2021-12-30,78900.0,79500.0,78100.0,78300.0,14236700,Samsung,79628.57142857143,76586.66666666667,-0.006345177664974666,0.011376269817287621
2022-01-04,78800.0,79200.0,78300.0,78700.0,12427416,Samsung,79528.57142857143,76836.66666666667,0.005108556832694733,0.00927584325147854
2022-01-05,78800.0,79000.0,76400.0,77400.0,25470640,Samsung,79171.42857142857,76920.0,-0.016518424396442133,0.01015784829342493
2022-01-06,76700.0,77600.0,76600.0,76900.0,12931954,Samsung,78657.14285714286,76973.33333333333,-0.006459948320413411,0.008671863318450103
2022-01-07,78100.0,78400.0,77400.0,78300.0,15163757,Samsung,78385.71428571429,77090.0,0.01820546163849146,0.012808682441634465
2022-01-10,78100.0,78100.0,77100.0,78000.0,9947422,Samsung,78057.14285714286,77233.33333333333,-0.003831417624521105,0.012647800089910207
2022-01-11,78400.0,79000.0,78000.0,78900.0,13221123,Samsung,78071.42857142857,77453.33333333333,0.011538461538461497,0.011970734793259932
2022-01-12,79500.0,79600.0,78600.0,78900.0,11000502,Samsung,78157.14285714286,77673.33333333333,0.0,0.011623973969369395
2022-01-13,79300.0,79300.0,77900.0,77900.0,13889401,Samsung,78042.85714285714,77893.33333333333,-0.012674271229404344,0.012522833929665193
2022-01-14,77700.0,78100.0,77100.0,77300.0,10096725,Samsung,78028.57142857143,77990.0,-0.007702182284980763,0.011111738867736228
2022-01-17,77600.0,77800.0,76900.0,77500.0,8785122,Samsung,78114.28571428571,78046.66666666667,0.002587322121604174,0.010774063442594895
2022-01-18,77600.0,77800.0,76600.0,77000.0,9592788,Samsung,77928.57142857143,78093.33333333333,-0.006451612903225823,0.007927192346936314
2022-01-19,76500.0,76900.0,76100.0,76300.0,10598290,Samsung,77685.71428571429,78093.33333333333,-0.009090909090909038,0.008328765420722646
2022-01-20,76200.0,76700.0,75900.0,76500.0,9708168,Samsung,77342.85714285714,78063.33333333333,0.002621231979030192,0.006097279973169212
2022-01-21,75800.0,75800.0,74700.0,75600.0,15774888,Samsung,76871.42857142857,78003.33333333333,-0.0117647058823529,0.006304341371148032
2022-01-24,75400.0,75800.0,74700.0,75100.0,13691134,Samsung,76471.42857142857,77900.0,-0.006613756613756627,0.005625458806123945
2022-01-25,74800.0,75000.0,73200.0,74000.0,17766704,Samsung,76000.0,77803.33333333333,-0.01464713715046606,0.006657613019599637
2022-01-26,74000.0,74000.0,74000.0,74000.0,0,Samsung,75500.0,77710.0,0.0,0.006140567377888655
2022-01-27,73800.0,74000.0,71300.0,71300.0,22274777,Samsung,74685.71428571429,77520.0,-0.03648648648648645,0.012862872816237264
2022-01-28,71300.0,73700.0,71200.0,73300.0,21367447,Samsung,74257.14285714286,77376.66666666667,0.028050490883590573,0.01960502807193079
2022-02-03,74900.0,74900.0,73300.0,73300.0,17744721,Samsung,73800.0,77226.66666666667,0.0,0.01944737295160098
2022-02-04,74300.0,74600.0,73400.0,74000.0,12730034,Samsung,73571.42857142857,77093.33333333333,0.009549795361528002,0.020039902878879166
2022-02-07,73500.0,73600.0,72400.0,73000.0,14240838,Samsung,73271.42857142857,76956.66666666667,-0.013513513513513487,0.020420338752435693
2022-02-08,73000.0,73000.0,73000.0,73000.0,0,Samsung,73128.57142857143,76786.66666666667,0.0,0.019874366546274693
2022-02-09,73000.0,73000.0,73000.0,73000.0,0,Samsung,72985.71428571429,76573.33333333333,0.0,0.019874366546274693
2022-02-10,75600.0,75800.0,74700.0,75400.0,17746033,Samsung,73571.42857142857,76423.33333333333,0.03287671232876721,0.016723105351278307
2022-02-11,75000.0,75500.0,74600.0,74900.0,12205407,Samsung,73800.0,76236.66666666667,-0.006631299734747964,0.014875825718038277
2022-02-14,74400.0,74500.0,73100.0,73700.0,13993255,Samsung,73857.14285714286,76020.0,-0.01602136181575431,0.016581873635417844
2022-02-15,74100.0,74200.0,73100.0,73700.0,9320365,Samsung,73814.28571428571,75800.0,0.0,0.016137976105135038
2022-02-16,74600.0,74900.0,74200.0,74800.0,10767386,Samsung,74071.42857142857,75666.66666666667,0.014925373134328401,0.015884724998983996
2022-02-17,75000.0,75600.0,74500.0,75000.0,13605382,Samsung,74357.14285714286,75556.66666666667,0.002673796791443861,0.01581593134881941
2022-02-18,74600.0,74800.0,73700.0,74300.0,10122226,Samsung,74542.85714285714,75410.0,-0.009333333333333305,0.01658173708462036
2022-02-21,74300.0,74300.0,74300.0,74300.0,0,Samsung,74385.71428571429,75306.66666666667,0.0,0.00990047606718955
2022-02-22,74300.0,74300.0,74300.0,74300.0,0,Samsung,74300.0,75220.0,0.0,0.009704968676716087
2022-02-23,74300.0,74300.0,74300.0,74300.0,0,Samsung,74385.71428571429,75086.66666666667,0.0,0.0071561917755104225
2022-02-24,72300.0,72300.0,71300.0,71500.0,15759283,Samsung,74071.42857142857,74870.0,-0.037685060565275874,0.016398929432711134
2022-02-25,72100.0,72600.0,71900.0,71900.0,13168484,Samsung,73657.14285714286,74636.66666666667,0.005594405594405494,0.014895247649612893
2022-02-28,71900.0,71900.0,71900.0,71900.0,0,Samsung,73214.28571428571,74403.33333333333,0.0,0.014682398854454257
2022-03-02,72300.0,72400.0,71500.0,71700.0,12481430,Samsung,72842.85714285714,74196.66666666667,-0.0027816411682892728,0.014637129728918015
2022-03-03,72300.0,73100.0,72200.0,72900.0,13232638,Samsung,72642.85714285714,74050.0,0.01673640167364021,0.016794436549240923
2022-03-04,72900.0,72900.0,72900.0,72900.0,0,Samsung,72442.85714285714,73896.66666666667,0.0,0.016794436549240923
2022-03-07,70000.0,70600.0,69900.0,70100.0,18617138,Samsung,71842.85714285714,73666.66666666667,-0.0384087791495199,0.021438994802751736
2022-03-08,68800.0,70000.0,68700.0,69500.0,15828269,Samsung,71557.14285714286,73440.0,-0.008559201141226769,0.01712813239031386
2022-03-10,69500.0,69500.0,69500.0,69500.0,0,Samsung,71214.28571428571,73206.66666666667,0.0,0.01673640150129223
2022-03-11,70500.0,70700.0,69700.0,70000.0,15787655,Samsung,70942.85714285714,73020.0,0.007194244604316502,0.017286144305626756
2022-03-14,70000.0,70200.0,69600.0,70200.0,9040993,Samsung,70728.57142857143,72856.66666666667,0.0028571428571428914,0.017465893632782156
2022-03-15,70200.0,70200.0,70200.0,70200.0,0,Samsung,70342.85714285714,72730.0,0.0,0.01534994012593785
2022-03-16,70200.0,70500.0,69700.0,70400.0,10175750,Samsung,69985.71428571429,72610.0,0.002849002849002913,0.015549551867856596
2022-03-17,70400.0,70400.0,70400.0,70400.0,0,Samsung,70028.57142857143,72580.0,0.0,0.004806330675449752
2022-03-18,70600.0,70900.0,70200.0,70700.0,14410038,Samsung,70200.0,72493.33333333333,0.0042613636363635354,0.0027117443319726302
2022-03-21,70900.0,71000.0,69900.0,69900.0,11169002,Samsung,70257.14285714286,72380.0,-0.011315417256011262,0.005906949553372947
2022-03-22,69900.0,70500.0,69900.0,70300.0,9402666,Samsung,70300.0,72256.66666666667,0.005722460658083017,0.005664078481723428
2022-03-23,70600.0,71200.0,70300.0,70500.0,12398025,Samsung,70342.85714285714,72173.33333333333,0.002844950213371167,0.0056632794489676975
2022-03-24,69600.0,70300.0,69600.0,69800.0,37943357,Samsung,70285.71428571429,72066.66666666667,-0.009929078014184411,0.006943998439424352
2022-03-25,70100.0,70200.0,69600.0,69800.0,12986010,Samsung,70200.0,71960.0,0.0,0.006776269997755044
2022-03-28,69500.0,69900.0,69200.0,69700.0,12619289,Samsung,70100.0,71770.0,-0.0014326647564469885,0.006755509973730849
2022-03-29,70000.0,70300.0,69800.0,70200.0,13686208,Samsung,70028.57142857143,71613.33333333333,0.007173601147776099,0.007235396313340858
2022-03-30,70300.0,70500.0,69800.0,69900.0,12670187,Samsung,70028.57142857143,71486.66666666667,-0.004273504273504258,0.0059329757905315205
2022-03-31,69900.0,70200.0,69600.0,69600.0,12510366,Samsung,69928.57142857143,71350.0,-0.0042918454935622075,0.005520425585274147
2022-04-01,69500.0,69500.0,69000.0,69100.0,15916846,Samsung,69728.57142857143,71160.0,-0.007183908045977017,0.00553180627230976
2022-04-04,68900.0,69300.0,68600.0,69300.0,11107905,Samsung,69657.14285714286,70970.0,0.0028943560057888007,0.004881118442056992
2022-04-05,69400.0,69600.0,69100.0,69200.0,8467248,Samsung,69571.42857142857,70800.0,-0.0014430014430014682,0.0048614761587600355
2022-04-06,68600.0,68800.0,68500.0,68500.0,15517308,Samsung,69400.0,70606.66666666667,-0.010115606936416222,0.005917174286288917
2022-04-07,68500.0,68500.0,68000.0,68000.0,20683327,Samsung,69085.71428571429,70396.66666666667,-0.007299270072992692,0.00429504012817554
2022-04-08,68100.0,68300.0,67700.0,67800.0,15453191,Samsung,68785.71428571429,70180.0,-0.002941176470588225,0.0043376311003110405
2022-04-11,67800.0,68100.0,67400.0,67900.0,12263735,Samsung,68542.85714285714,70060.0,0.001474926253687281,0.004864004647897379
2022-04-12,67600.0,67700.0,67000.0,67000.0,13924389,Samsung,68242.85714285714,69896.66666666667,-0.013254786450662692,0.006028732087213737
2022-04-13,67300.0,69000.0,67200.0,68700.0,17378619,Samsung,68157.14285714286,69790.0,0.025373134328358304,0.012769619374443986
2022-04-14,68700.0,68700.0,67500.0,67500.0,16409494,Samsung,67914.28571428571,69650.0,-0.017467248908296984,0.014184206344811481
2022-04-15,67200.0,67300.0,66500.0,66600.0,13176415,Samsung,67642.85714285714,69440.0,-0.013333333333333308,0.014484747936516742
2022-04-18,66500.0,67100.0,66100.0,66700.0,10119203,Samsung,67457.14285714286,69233.33333333333,0.0015015015015014122,0.014524550773026411
2022-04-19,67100.0,68000.0,67000.0,67300.0,12959434,Samsung,67385.71428571429,69140.0,0.008995502248875464,0.015172805985390654
2022-04-20,67000.0,67400.0,66500.0,67400.0,16693293,Samsung,67314.28571428571,69070.0,0.0014858841010401136,0.015173099466313917
2022-04-21,67600.0,68300.0,67500.0,67700.0,12847448,Samsung,67414.28571428571,69010.0,0.004451038575667754,0.014227705307804978
2022-04-22,67200.0,67300.0,66700.0,67000.0,11791478,Samsung,67171.42857142857,68910.0,-0.010339734121122546,0.0100646660196488
2022-04-25,66500.0,66700.0,66300.0,66300.0,11016474,Samsung,67000.0,68780.0,-0.010447761194029903,0.00870198497870358
2022-04-26,66400.0,66700.0,66100.0,66100.0,12946923,Samsung,66928.57142857143,68643.33333333333,-0.003016591251885359,0.0073325633026110545
2022-04-27,65400.0,65500.0,64900.0,65000.0,18122084,Samsung,66685.71428571429,68463.33333333333,-0.016641452344931973,0.009238089672627346
2022-04-28,65400.0,65500.0,64500.0,64800.0,16895527,Samsung,66328.57142857143,68276.66666666667,-0.003076923076923088,0.007436175440846709
2022-04-29,65100.0,67600.0,65000.0,67400.0,26190390,Samsung,66328.57142857143,68166.66666666667,0.04012345679012341,0.01889054635172998
2022-05-02,66600.0,67600.0,66500.0,67300.0,14106184,Samsung,66271.42857142857,68080.0,-0.0014836795252225476,0.01879830807320844
2022-05-03,67400.0,68400.0,67300.0,67500.0,14168875,Samsung,66342.85714285714,67986.66666666667,0.002971768202080227,0.018327739193243656
2022-05-04,68000.0,68400.0,67500.0,67900.0,11505248,Samsung,66571.42857142857,67900.0,0.00592592592592589,0.017624158149333758
2022-05-06,67000.0,67100.0,66500.0,66500.0,14356156,Samsung,66628.57142857143,67790.0,-0.020618556701030966,0.019833324408554502
2022-05-10,65900.0,66300.0,65300.0,65700.0,17235605,Samsung,66728.57142857143,67653.33333333333,-0.012030075187969946,0.01921555149218276
2022-05-11,65500.0,66300.0,65200.0,65700.0,12330920,Samsung,66857.14285714286,67520.0,0.0,0.019123373409074922
2022-05-12,65200.0,65500.0,64900.0,64900.0,16414188,Samsung,66500.0,67343.33333333333,-0.0121765601217656,0.009698137291442982
2022-05-13,65300.0,66700.0,65200.0,66500.0,14551536,Samsung,66385.71428571429,67230.0,0.024653312788905923,0.015009396296712307
2022-05-16,67100.0,67400.0,66100.0,66300.0,11937555,Samsung,66214.28571428571,67120.0,-0.003007518796992459,0.014874686338265311
2022-05-17,66600.0,67900.0,66600.0,67600.0,15680447,Samsung,66171.42857142857,67070.0,0.019607843137254832,0.01691937958285956
2022-05-18,68300.0,68700.0,67600.0,68100.0,16486319,Samsung,66400.0,67030.0,0.007396449704142105,0.014512309082560274
2022-05-19,66500.0,67600.0,66500.0,67500.0,17073727,Samsung,66657.14285714286,66973.33333333333,-0.008810572687224627,0.013979633568244478
2022-05-20,67800.0,68400.0,67700.0,68000.0,12109671,Samsung,66985.71428571429,66956.66666666667,0.007407407407407307,0.013910824034503905
2022-05-23,68800.0,68800.0,67600.0,67900.0,13684088,Samsung,67414.28571428571,66953.33333333333,-0.0014705882352941124,0.01218818584473149
2022-05-24,67500.0,67700.0,66500.0,66500.0,15482576,Samsung,67414.28571428571,66910.0,-0.020618556701030966,0.012961270391574093
2022-05-25,66700.0,67100.0,65900.0,66400.0,15150490,Samsung,67428.57142857143,66860.0,-0.0015037593984962294,0.012914097733348888
2022-05-26,66300.0,67200.0,65500.0,65900.0,15970890,Samsung,67185.71428571429,66823.33333333333,-0.0075301204819276935,0.009859344338977812
2022-05-27,66700.0,66900.0,66200.0,66500.0,11405555,Samsung,66957.14285714286,66750.0,0.009104704097116834,0.010192124875923653
2022-05-30,67500.0,67800.0,66900.0,67700.0,14255484,Samsung,66985.71428571429,66756.66666666667,0.018045112781954975,0.012569527407593678
2022-05-31,67500.0,67500.0,66700.0,67400.0,24365002,Samsung,66900.0,66783.33333333333,-0.004431314623338234,0.0122768002157492
2022-06-02,66600.0,67000.0,66400.0,66700.0,14959443,Samsung,66728.57142857143,66783.33333333333,-0.010385756676557834,0.012762301325858106
2022-06-03,67200.0,67300.0,66800.0,66800.0,8222883,Samsung,66771.42857142857,66766.66666666667,0.0014992503748125774,0.00994941485820986
2022-06-07,66200.0,66400.0,65400.0,65500.0,19355755,Samsung,66642.85714285714,66703.33333333333,-0.019461077844311392,0.012576223857314717
2022-06-08,65400.0,65700.0,65300.0,65300.0,12483180,Samsung,66557.14285714286,66623.33333333333,-0.003053435114503844,0.012352850875509285
2022-06-09,65100.0,65200.0,64500.0,65200.0,25790725,Samsung,66371.42857142857,66563.33333333333,-0.0015313935681470214,0.0114924683155526
2022-06-10,64000.0,64400.0,63800.0,63800.0,22193552,Samsung,65814.28571428571,66480.0,-0.021472392638036797,0.009006359489752945
2022-06-13,62400.0,62800.0,62100.0,62100.0,22157816,Samsung,65057.142857142855,66346.66666666667,-0.026645768025078342,0.0110537925696418
2022-06-14,61200.0,62200.0,61100.0,61900.0,24606419,Samsung,64371.42857142857,66243.33333333333,-0.0032206119162641045,0.01150519918429964
2022-06-15,61300.0,61500.0,60200.0,60700.0,26811224,Samsung,63500.0,66106.66666666667,-0.01938610662358642,0.01052445219327006
2022-06-16,61300.0,61800.0,60500.0,60900.0,23394895,Samsung,62842.857142857145,65890.0,0.0032948929159801743,0.011824429492619306
2022-06-17,59400.0,59900.0,59400.0,59800.0,29053450,Samsung,62057.142857142855,65640.0,-0.01806239737274218,0.011653532553284702
2022-06-20,59800.0,59900.0,58100.0,58700.0,34111306,Samsung,61128.57142857143,65346.666666666664,-0.018394648829431426,0.010731074525087843
2022-06-21,58700.0,59200.0,58200.0,58500.0,25148109,Samsung,60371.42857142857,65033.333333333336,-0.0034071550255536653,0.011038353916014246
2022-06-22,59000.0,59100.0,57600.0,57600.0,23334687,Samsung,59728.57142857143,64736.666666666664,-0.01538461538461533,0.009271587377239869
2022-06-23,57700.0,58000.0,56800.0,57400.0,28338608,Samsung,59085.71428571428,64460.0,-0.00347222222222221,0.00923840599951595
2022-06-24,57900.0,59100.0,57700.0,58400.0,23256103,Samsung,58757.142857142855,64216.666666666664,0.017421602787456525,0.013121218489047213
2022-06-27,59000.0,59900.0,58300.0,58800.0,18122236,Samsung,58457.142857142855,64013.333333333336,0.006849315068493178,0.013575994027440095
2022-06-28,59200.0,59500.0,58700.0,59400.0,13540538,Samsung,58400.0,63776.666666666664,0.010204081632652962,0.013214894888311391
2022-06-29,58500.0,58800.0,58000.0,58000.0,14677138,Samsung,58300.0,63500.0,-0.023569023569023573,0.014445124420223554
2022-06-30,57200.0,57600.0,57000.0,57000.0,18915142,Samsung,58085.71428571428,63146.666666666664,-0.017241379310344862,0.015627919721807923
2022-07-01,56900.0,57500.0,55900.0,56200.0,24982097,Samsung,57885.71428571428,62750.0,-0.01403508771929829,0.015465779311296241
2022-07-04,56100.0,57400.0,55700.0,57100.0,17807126,Samsung,57842.857142857145,62403.333333333336,0.016014234875444844,0.01711744278764044
2022-07-05,57600.0,58200.0,57200.0,57200.0,14216539,Samsung,57671.42857142857,62043.333333333336,0.0017513134851139256,0.015291676873706967
2022-07-06,57300.0,57300.0,56400.0,56400.0,16820461,Samsung,57328.57142857143,61660.0,-0.013986013986013957,0.015113321190257973
2022-07-07,56400.0,58700.0,56300.0,58200.0,21322833,Samsung,57157.142857142855,61383.333333333336,0.03191489361702127,0.02029386120837626
2022-07-08,58600.0,59300.0,58200.0,58700.0,15339271,Samsung,57257.142857142855,61126.666666666664,0.00859106529209619,0.018337442093379293
2022-07-11,59300.0,59600.0,58700.0,58800.0,13042624,Samsung,57514.28571428572,60890.0,0.0017035775127767216,0.016337680451506898
2022-07-12,58600.0,58700.0,58100.0,58100.0,9336061,Samsung,57785.71428571428,60610.0,-0.011904761904761862,0.015948672365561283
2022-07-13,58300.0,58600.0,58000.0,58000.0,10841315,Samsung,57914.28571428572,60286.666666666664,-0.0017211703958691649,0.015277688941599985
2022-07-14,57500.0,58200.0,57400.0,57500.0,15067012,Samsung,57957.142857142855,59956.666666666664,-0.008620689655172376,0.015836541817774306
2022-07-15,58400.0,60000.0,58100.0,60000.0,18685583,Samsung,58471.42857142857,59733.333333333336,0.04347826086956519,0.020935063468400922
2022-07-18,60600.0,62000.0,60500.0,61900.0,20832517,Samsung,59000.0,59570.0,0.03166666666666673,0.020890066257717645
2022-07-19,61400.0,61500.0,60200.0,60900.0,15248261,Samsung,59314.28571428572,59416.666666666664,-0.016155088852988664,0.02296687088986839
2022-07-20,61800.0,62100.0,60500.0,60500.0,16782238,Samsung,59557.142857142855,59256.666666666664,-0.006568144499178974,0.02340295569444998
2022-07-21,61100.0,61900.0,60700.0,61800.0,12291374,Samsung,60085.71428571428,59143.333333333336,0.02148760330578514,0.022945588921504598
2022-07-22,61800.0,62200.0,61200.0,61300.0,10261310,Samsung,60557.142857142855,59060.0,-0.008090614886731351,0.02356332915547878
2022-07-25,60900.0,61900.0,60800.0,61100.0,9193681,Samsung,61071.42857142857,59026.666666666664,-0.0032626427406199365,0.02300741718084574
2022-07-26,60800.0,61900.0,60800.0,61700.0,6597211,Samsung,61314.28571428572,59020.0,0.009819967266775809,0.017425363841623322
2022-07-27,61300.0,61900.0,61200.0,61800.0,7320997,Samsung,61300.0,59056.666666666664,0.0016207455429497752,0.012522098097702848
2022-07-28,62300.0,62600.0,61600.0,61900.0,10745302,Samsung,61442.857142857145,59090.0,0.0016181229773462036,0.010353363781096544
2022-07-29,62400.0,62600.0,61300.0,61400.0,15093120,Samsung,61571.42857142857,59143.333333333336,-0.008077544426494332,0.010583818208036552
2022-08-01,61000.0,61700.0,60300.0,61300.0,13154816,Samsung,61500.0,59230.0,-0.0016286644951140072,0.006278730699249379
2022-08-02,61200.0,61900.0,61000.0,61700.0,13614895,Samsung,61557.142857142855,59336.666666666664,0.006525285481239873,0.006007615596109785
2022-08-03,61600.0,61600.0,61000.0,61300.0,10053861,Samsung,61585.71428571428,59460.0,-0.00648298217179899,0.006487655821971972
2022-08-04,61700.0,61800.0,61200.0,61500.0,9125439,Samsung,61557.142857142855,59596.666666666664,0.0032626427406199365,0.005275240584199212
2022-08-05,61700.0,61900.0,61200.0,61500.0,9567620,Samsung,61514.28571428572,59700.0,0.0,0.005204204923653773
2022-08-08,61400.0,61400.0,60600.0,60800.0,11313150,Samsung,61357.142857142855,59766.666666666664,-0.011382113821138184,0.006422962425466912
2022-08-09,60600.0,60700.0,59600.0,60000.0,18251170,Samsung,61157.142857142855,59786.666666666664,-0.013157894736842146,0.007370096447530433
2022-08-10,58900.0,59200.0,58600.0,59100.0,18084349,Samsung,60842.857142857145,59823.333333333336,-0.015000000000000013,0.008518288351402333
2022-08-11,59600.0,60000.0,59300.0,59900.0,15141941,Samsung,60585.71428571428,59920.0,0.013536379018612488,0.010340731722300718
2022-08-12,59500.0,60700.0,59400.0,60200.0,10786658,Samsung,60428.57142857143,60053.333333333336,0.005008347245408995,0.010814525080503238
2022-08-16,60500.0,61600.0,60300.0,61000.0,15036727,Samsung,60357.142857142855,60183.333333333336,0.013289036544850585,0.012275412783819
2022-08-17,61100.0,61200.0,60300.0,60400.0,9061518,Samsung,60200.0,60290.0,-0.00983606557377048,0.012684535689223371
2022-08-18,60300.0,61900.0,60000.0,61500.0,16372754,Samsung,60300.0,60460.0,0.01821192052980125,0.014087339906031183
2022-08-19,61400.0,61600.0,60600.0,60900.0,6923679,Samsung,60428.57142857143,60550.0,-0.009756097560975618,0.013536391494979249
2022-08-22,60300.0,60400.0,59800.0,60000.0,8259865,Samsung,60557.142857142855,60593.333333333336,-0.014778325123152691,0.013489603913858153
2022-08-23,59000.0,59600.0,59000.0,59100.0,9041629,Samsung,60442.857142857145,60603.333333333336,-0.015000000000000013,0.013814573195073126
2022-08-24,59200.0,59500.0,59000.0,59000.0,8888486,Samsung,60271.42857142857,60633.333333333336,-0.0016920473773265332,0.013489496124835918
2022-08-25,59200.0,59700.0,59000.0,59700.0,5767902,Samsung,60085.71428571428,60690.0,0.011864406779660941,0.013214338575029783
2022-08-26,60300.0,60900.0,59900.0,60000.0,9499995,Samsung,60028.57142857143,60773.333333333336,0.005025125628140614,0.013126144633395433
2022-08-29,58700.0,58900.0,58600.0,58600.0,9841329,Samsung,59614.28571428572,60726.666666666664,-0.023333333333333317,0.01243159581332369
2022-08-30,58700.0,59000.0,58300.0,58800.0,9690044,Samsung,59314.28571428572,60623.333333333336,0.0034129692832765013,0.012899116077325077
2022-08-31,58200.0,59900.0,58200.0,59700.0,14203512,Samsung,59271.42857142857,60583.333333333336,0.015306122448979664,0.01403247678621886
2022-09-01,58700.0,58900.0,58300.0,58400.0,14905777,Samsung,59171.42857142857,60513.333333333336,-0.021775544388609736,0.015359732040946861
2022-09-02,58300.0,58600.0,57500.0,57500.0,15040310,Samsung,58957.142857142855,60370.0,-0.015410958904109595,0.01622449571810464
2022-09-05,57400.0,57800.0,56800.0,57100.0,11425977,Samsung,58585.71428571428,60230.0,-0.006956521739130417,0.014733595115263289
2022-09-06,57200.0,57600.0,56900.0,57100.0,7503086,Samsung,58171.42857142857,60096.666666666664,0.0,0.014205780635226541
2022-09-07,56700.0,56700.0,55900.0,56000.0,17384854,Samsung,57800.0,59906.666666666664,-0.019264448336252182,0.013489606067735275
2022-09-08,56200.0,56400.0,55600.0,55600.0,18000016,Samsung,57342.857142857145,59700.0,-0.0071428571428571175,0.012783407296841078
2022-09-13,57000.0,58500.0,56800.0,58100.0,17166581,Samsung,57114.28571428572,59573.333333333336,0.04496402877697836,0.02276856661157493
2022-09-14,56200.0,57200.0,56100.0,56800.0,12524961,Samsung,56885.71428571428,59420.0,-0.022375215146299476,0.02284909365190515
2022-09-15,57000.0,57100.0,56000.0,56000.0,11664819,Samsung,56671.42857142857,59243.333333333336,-0.014084507042253502,0.02274142673065037
2022-09-16,55600.0,56400.0,55500.0,56200.0,13456503,Samsung,56542.857142857145,59060.0,0.0035714285714285587,0.02282666557777266
2022-09-19,56300.0,57000.0,56000.0,56400.0,12278653,Samsung,56442.857142857145,58896.666666666664,0.003558718861210064,0.022919304982807857
2022-09-20,56400.0,57000.0,55800.0,55800.0,14041465,Samsung,56414.28571428572,58706.666666666664,-0.010638297872340385,0.022021741207708934
2022-09-21,55400.0,55500.0,55000.0,55300.0,11863700,Samsung,56371.42857142857,58500.0,-0.008960573476702538,0.022126255469838544
2022-09-22,54600.0,54700.0,54300.0,54400.0,12786510,Samsung,55842.857142857145,58286.666666666664,-0.016274864376130238,0.009793080404750729
2022-09-23,54400.0,54900.0,54200.0,54500.0,10555964,Samsung,55514.28571428572,58103.333333333336,0.0018382352941177516,0.00861669319070771
2022-09-26,53700.0,54200.0,53600.0,53900.0,15008449,Samsung,55214.28571428572,57930.0,-0.011009174311926606,0.008195306689159054
2022-09-27,53800.0,54200.0,53500.0,54200.0,16631289,Samsung,54928.57142857143,57740.0,0.005565862708719838,0.008585248339032727
2022-09-28,53900.0,54400.0,52500.0,52900.0,19991129,Samsung,54428.57142857143,57496.666666666664,-0.023985239852398532,0.01011438215446555
2022-09-29,53300.0,53700.0,52600.0,52600.0,13882080,Samsung,53971.42857142857,57216.666666666664,-0.005671077504725952,0.010159854775640987
2022-09-30,52300.0,53600.0,51800.0,53100.0,22503249,Samsung,53657.142857142855,56973.333333333336,0.009505703422053147,0.012174574304462562
2022-10-04,55300.0,55400.0,54500.0,55200.0,19148435,Samsung,53771.42857142857,56763.333333333336,0.039548022598870025,0.01992397610915676
2022-10-05,56900.0,57200.0,55400.0,56000.0,22458970,Samsung,53985.71428571428,56600.0,0.01449275362318847,0.0204469829218117
2022-10-06,56700.0,57300.0,56300.0,56300.0,14944446,Samsung,54328.57142857143,56476.666666666664,0.005357142857142838,0.019342037472175562
2022-10-07,55900.0,56900.0,55200.0,56200.0,16886813,Samsung,54614.28571428572,56380.0,-0.001776198934280604,0.019592378235828677
2022-10-11,54400.0,55700.0,54000.0,55400.0,21437877,Samsung,54971.42857142857,56260.0,-0.014234875444839812,0.01738072969431859
2022-10-12,55700.0,57000.0,55200.0,55800.0,18408910,Samsung,55428.57142857143,56130.0,0.0072202166064982976,0.016506770455168712
2022-10-13,55400.0,56100.0,55200.0,55200.0,13784602,Samsung,55728.57142857143,55970.0,-0.010752688172043001,0.018025043781148664
2022-10-14,56200.0,56500.0,55800.0,56300.0,12924326,Samsung,55885.71428571428,55893.333333333336,0.019927536231884035,0.01258899527449114
2022-10-17,55800.0,57000.0,55700.0,56600.0,13641878,Samsung,55971.42857142857,55820.0,0.005328596802841812,0.011620617137575192
2022-10-18,56700.0,57100.0,55800.0,56500.0,14820702,Samsung,56000.0,55713.333333333336,-0.0017667844522968323,0.011546546162888041
2022-10-19,56700.0,56900.0,55700.0,55800.0,12660652,Samsung,55942.857142857145,55626.666666666664,-0.012389380530973493,0.012557546654858389
2022-10-20,55200.0,56000.0,55100.0,55500.0,17107653,Samsung,55957.142857142855,55560.0,-0.005376344086021501,0.011387785484881513
2022-10-21,55100.0,56300.0,55100.0,55900.0,11456060,Samsung,55971.42857142857,55520.0,0.007207207207207134,0.011386471341417804
2022-10-24,57000.0,57500.0,56700.0,57500.0,16944503,Samsung,56300.0,55533.333333333336,0.028622540250447193,0.014350079497144846
2022-10-25,57000.0,58600.0,57000.0,57700.0,17405678,Samsung,56500.0,55590.0,0.003478260869565153,0.012956198234037602
2022-10-26,58000.0,59600.0,57700.0,59400.0,20824967,Samsung,56900.0,55716.666666666664,0.029462738301559765,0.016281506953174193
2022-10-27,59700.0,60100.0,58900.0,59500.0,21756712,Samsung,57328.57142857143,55763.333333333336,0.0016835016835017313,0.016020809196524786
2022-10-28,58900.0,59200.0,57200.0,57300.0,20924937,Samsung,57542.857142857145,55780.0,-0.036974789915966366,0.022499602969011556
2022-10-31,58100.0,59900.0,58000.0,59400.0,18999514,Samsung,58100.0,55893.333333333336,0.03664921465968596,0.025039646127252582
2022-11-01,59900.0,60300.0,59500.0,60000.0,17201647,Samsung,58685.71428571428,56020.0,0.010101010101010166,0.02500936855868068
2022-11-02,59700.0,60000.0,59300.0,59600.0,13202919,Samsung,58985.71428571428,56126.666666666664,-0.00666666666666671,0.024277425581285067
2022-11-03,58600.0,59800.0,58100.0,59200.0,17492162,Samsung,59200.0,56240.0,-0.006711409395973145,0.024712771558628315
2022-11-04,59100.0,59500.0,58400.0,59400.0,12445841,Samsung,59200.0,56376.666666666664,0.0033783783783782884,0.022044505406167498
2022-11-07,59700.0,60300.0,59400.0,60200.0,12437246,Samsung,59300.0,56570.0,0.013468013468013407,0.02261843648052824
2022-11-08,60500.0,61900.0,60500.0,61800.0,18273898,Samsung,59942.857142857145,56813.333333333336,0.02657807308970095,0.016285710442895483
2022-11-09,62000.0,62200.0,61300.0,62000.0,14045592,Samsung,60314.28571428572,57083.333333333336,0.003236245954692629,0.011777865642340934
2022-11-10,61400.0,61500.0,60400.0,60400.0,21087633,Samsung,60371.42857142857,57290.0,-0.02580645161290318,0.016618983775109997
2022-11-11,63100.0,63200.0,62300.0,62900.0,20037163,Samsung,60842.857142857145,57623.333333333336,0.041390728476821126,0.021959463096293784
2022-11-14,62900.0,62900.0,61700.0,61900.0,15973416,Samsung,61228.57142857143,57933.333333333336,-0.015898251192368873,0.023218985857056743
2022-11-15,62200.0,62500.0,61600.0,62400.0,12310986,Samsung,61657.142857142855,58243.333333333336,0.008077544426494443,0.023177505298802494
2022-11-16,62400.0,62700.0,61700.0,62700.0,12909260,Samsung,62014.28571428572,58493.333333333336,0.004807692307692291,0.023023536542653975
2022-11-17,62000.0,62000.0,61300.0,61400.0,13298296,Samsung,61957.142857142855,58673.333333333336,-0.020733652312599715,0.022938945398152055
2022-11-18,61800.0,62400.0,61400.0,61800.0,12236503,Samsung,61928.57142857143,58856.666666666664,0.006514657980456029,0.023065911412387455
2022-11-21,61400.0,61800.0,60800.0,61400.0,9378097,Samsung,62071.42857142857,59030.0,-0.006472491909385147,0.020509508319967052
2022-11-22,60900.0,61200.0,60300.0,60600.0,9411289,Samsung,61742.857142857145,59203.333333333336,-0.013029315960912058,0.011778007334722406
2022-11-23,61200.0,61300.0,60700.0,61000.0,8765050,Samsung,61614.28571428572,59376.666666666664,0.0066006600660066805,0.011452533713829725
2022-11-24,61200.0,61700.0,60900.0,61400.0,8125010,Samsung,61471.42857142857,59583.333333333336,0.006557377049180246,0.011241313787111355
2022-11-25,61400.0,61700.0,60800.0,61000.0,6677933,Samsung,61228.57142857143,59740.0,-0.006514657980456029,0.010864690755545019
2022-11-28,60500.0,60500.0,59800.0,60100.0,8589032,Samsung,61042.857142857145,59856.666666666664,-0.014754098360655776,0.009462209974478372
2022-11-29,59900.0,60600.0,59800.0,60600.0,7014160,Samsung,60871.42857142857,59993.333333333336,0.008319467554076532,0.009784232792809421
2022-11-30,60400.0,62200.0,60200.0,62200.0,19768903,Samsung,60985.71428571428,60206.666666666664,0.0264026402640265,0.014470745658002214
2022-12-01,63100.0,63200.0,62300.0,62600.0,16631445,Samsung,61271.42857142857,60443.333333333336,0.006430868167202508,0.0128995543091811
2022-12-02,62500.0,62500.0,60400.0,60400.0,15331184,Samsung,61185.71428571428,60593.333333333336,-0.03514376996805113,0.019727555631197775
2022-12-05,60900.0,61100.0,60000.0,60300.0,13767787,Samsung,61028.57142857143,60686.666666666664,-0.0016556291390728006,0.019428261736113242
2022-12-06,59800.0,60100.0,59200.0,59200.0,13888300,Samsung,60771.42857142857,60736.666666666664,-0.018242122719734688,0.020325488929898744
2022-12-07,58800.0,59600.0,58500.0,58900.0,12100662,Samsung,60600.0,60720.0,-0.0050675675675675436,0.01980158459248659
2022-12-08,58700.0,59200.0,58600.0,59200.0,12986815,Samsung,60400.0,60710.0,0.005093378607809784,0.019537937754131388
2022-12-09,59300.0,60600.0,59300.0,60400.0,10529632,Samsung,60142.857142857145,60813.333333333336,0.020270270270270174,0.01807361184301909
2022-12-12,59900.0,60000.0,59400.0,59500.0,9036472,Samsung,59700.0,60816.666666666664,-0.01490066225165565,0.017809323314415957
2022-12-13,59600.0,60300.0,59400.0,59700.0,9040873,Samsung,59600.0,60806.666666666664,0.003361344537815114,0.012997560446801578
2022-12-14,59800.0,60600.0,59800.0,60500.0,8207485,Samsung,59628.57142857143,60836.666666666664,0.01340033500837512,0.014177384686094398
2022-12-15,59800.0,60200.0,59300.0,59300.0,8716039,Samsung,59642.857142857145,60840.0,-0.01983471074380161,0.014537590394558757
2022-12-16,58300.0,59500.0,58300.0,59500.0,13033596,Samsung,59728.57142857143,60843.333333333336,0.003372681281618828,0.014364114305154264
2022-12-19,59500.0,59900.0,59100.0,59500.0,7696187,Samsung,59771.42857142857,60820.0,0.0,0.01428274272749636
2022-12-20,59000.0,59100.0,58500.0,58600.0,9284761,Samsung,59514.28571428572,60713.333333333336,-0.015126050420168013,0.012384418129586032
2022-12-21,58700.0,59100.0,58000.0,58000.0,10356971,Samsung,59300.0,60580.0,-0.010238907849829393,0.011828906468126297
2022-12-22,58100.0,59100.0,58100.0,59100.0,10720630,Samsung,59214.28571428572,60536.666666666664,0.018965517241379404,0.014519501848901366
2022-12-23,58200.0,58400.0,57700.0,58100.0,9829407,Samsung,58871.42857142857,60376.666666666664,-0.016920473773265665,0.013894426255999952
2022-12-26,58000.0,58100.0,57700.0,57900.0,6756411,Samsung,58671.42857142857,60243.333333333336,-0.0034423407917383297,0.012414356151045006
2022-12-27,58000.0,58400.0,57900.0,58100.0,10667027,Samsung,58471.42857142857,60100.0,0.003454231433505983,0.012421743004870029
2022-12-28,57600.0,57600.0,56400.0,56600.0,14665410,Samsung,58057.142857142855,59896.666666666664,-0.025817555938037917,0.014861545217266538
2022-12-29,56000.0,56200.0,55300.0,55300.0,11295935,Samsung,57585.71428571428,59693.333333333336,-0.02296819787985871,0.015838122879774805
2023-01-02,55500.0,56100.0,55200.0,55500.0,10031448,Samsung,57228.57142857143,59483.333333333336,0.003616636528029016,0.016388085939685455
2023-01-03,55400.0,56000.0,54500.0,55400.0,13547030,Samsung,56700.0,59283.333333333336,-0.0018018018018017834,0.012500354475886401
2023-01-04,55700.0,58000.0,55600.0,57800.0,20188071,Samsung,56657.142857142855,59190.0,0.04332129963898912,0.02276340940560988
2023-01-05,58200.0,58800.0,57600.0,58200.0,15682826,Samsung,56700.0,59096.666666666664,0.006920415224913601,0.022878333513822013
2023-01-06,58300.0,59400.0,57900.0,59000.0,17334989,Samsung,56828.57142857143,59016.666666666664,0.013745704467353903,0.02339022766516858
2023-01-09,59700.0,60700.0,59600.0,60700.0,18640107,Samsung,57414.28571428572,59006.666666666664,0.028813559322034,0.021425519400574716
2023-01-10,60200.0,61100.0,59900.0,60400.0,14859797,Samsung,58142.857142857145,59016.666666666664,-0.0049423393739703725,0.017491828109408816
2023-01-11,61000.0,61200.0,60300.0,60500.0,12310751,Samsung,58857.142857142855,59013.333333333336,0.0016556291390728006,0.017678324502009898
2023-01-12,61100.0,61200.0,59900.0,60500.0,16102561,Samsung,59585.71428571428,58956.666666666664,0.0,0.017446462135348974
2023-01-13,60500.0,61200.0,60400.0,60800.0,12510328,Samsung,60014.28571428572,58896.666666666664,0.0049586776859504855,0.011143231355663055
2023-01-16,61300.0,61600.0,60800.0,61100.0,10039972,Samsung,60428.57142857143,58920.0,0.004934210526315708,0.011179954095602537
2023-01-17,61200.0,61500.0,60600.0,61000.0,9831456,Samsung,60714.28571428572,58943.333333333336,-0.0016366612111292644,0.011150188984943694
2023-01-18,60700.0,61000.0,59900.0,60400.0,11584041,Samsung,60671.42857142857,58983.333333333336,-0.00983606557377048,0.005356402118822979
2023-01-19,60500.0,61500.0,60400.0,61500.0,12808490,Samsung,60828.57142857143,59070.0,0.01821192052980125,0.00851469048467035
2023-01-20,62100.0,62300.0,61100.0,61800.0,9646327,Samsung,61014.28571428572,59156.666666666664,0.004878048780487809,0.008541401255743819
2023-01-25,63500.0,63700.0,63000.0,63300.0,39217,Samsung,61414.28571428572,59253.333333333336,0.024271844660194164,0.011500192589246571
2023-01-26,63800.0,63900.0,63300.0,63800.0,54188,Samsung,61842.857142857145,59396.666666666664,0.00789889415481837,0.011486484444081421
2023-01-27,64400.0,65000.0,63900.0,64600.0,44282,Samsung,62342.857142857145,59560.0,0.012539184952978122,0.011621764314830146
2023-01-30,64900.0,64900.0,63100.0,63300.0,59628,Samsung,62671.42857142857,59653.333333333336,-0.020123839009287936,0.015606518504063936
2023-01-31,63500.0,63700.0,61000.0,61400.0,163847,Samsung,62814.28571428572,59723.333333333336,-0.03001579778830965,0.020106290904923017
2023-02-01,62600.0,62700.0,61000.0,61000.0,98585,Samsung,62742.857142857145,59773.333333333336,-0.006514657980456029,0.019034030928725965
2023-02-02,63200.0,63900.0,62600.0,63500.0,65992,Samsung,62985.71428571428,59906.666666666664,0.040983606557376984,0.024887385520109048
2023-02-03,63900.0,64000.0,63000.0,63500.0,47567,Samsung,63014.28571428572,60070.0,0.0,0.023253639919865517
2023-02-06,62800.0,63000.0,61600.0,61600.0,144104,Samsung,62700.0,60190.0,-0.0299212598425197,0.025574914242963976
2023-02-07,61900.0,62500.0,61600.0,62000.0,32873,Samsung,62328.57142857143,60286.666666666664,0.006493506493506551,0.0249902553892244
2023-02-08,62800.0,63300.0,62400.0,63100.0,42558,Samsung,62300.0,60453.333333333336,0.01774193548387104,0.025413420066653224
2023-02-09,63000.0,63300.0,62300.0,63300.0,48035,Samsung,62571.42857142857,60633.333333333336,0.0031695721077653616,0.021750528927518324
2023-02-10,62600.0,63000.0,62400.0,62900.0,44786,Samsung,62842.857142857145,60793.333333333336,-0.006319115323854652,0.0217340472649989
2023-02-13,62900.0,63000.0,62300.0,62900.0,59395,Samsung,62757.142857142855,61003.333333333336,0.0,0.014668839729437142
2023-02-14,63600.0,63900.0,63200.0,63200.0,70606,Samsung,62714.28571428572,61266.666666666664,0.004769475357710551,0.01484692650843299
2023-02-15,63900.0,63900.0,62000.0,62200.0,58370,Samsung,62800.0,61490.0,-0.015822784810126556,0.010532875067559363
2023-02-16,62500.0,63700.0,62400.0,63700.0,41448,Samsung,63042.857142857145,61766.666666666664,0.02411575562700974,0.013602549009249844
2023-02-17,62900.0,63300.0,62400.0,62600.0,28613,Samsung,62971.42857142857,61926.666666666664,-0.017268445839874413,0.014113383523593698
2023-02-20,62900.0,63000.0,61800.0,62700.0,29846,Samsung,62885.71428571428,62076.666666666664,0.0015974440894568342,0.01404738507578051
2023-02-21,62700.0,62800.0,62000.0,62100.0,60971,Samsung,62771.42857142857,62180.0,-0.009569377990430672,0.014293449075502063
2023-02-22,61500.0,61800.0,61000.0,61100.0,39178,Samsung,62514.28571428572,62193.333333333336,-0.01610305958132041,0.015231827595371134
2023-02-23,61700.0,62500.0,61500.0,62000.0,37145,Samsung,62342.857142857145,62246.666666666664,0.014729950900163713,0.016596111231265233
2023-02-24,62300.0,62600.0,61300.0,61300.0,50792,Samsung,62214.28571428572,62273.333333333336,-0.011290322580645107,0.01607527314741805
2023-02-27,60800.0,60800.0,60200.0,60500.0,11155697,Samsung,61757.142857142855,62273.333333333336,-0.013050570962479635,0.011514380909459306
2023-02-28,60800.0,61400.0,60500.0,60600.0,13715861,Samsung,61471.42857142857,62266.666666666664,0.0016528925619834212,0.010987399309664218
2023-03-02,60900.0,61800.0,60500.0,60800.0,13095682,Samsung,61200.0,62256.666666666664,0.0033003300330032292,0.011164296306086549
2023-03-03,61000.0,61200.0,60500.0,60500.0,10711405,Samsung,60971.42857142857,62240.0,-0.004934210526315819,0.010937096675909965
2023-03-06,61100.0,61600.0,60800.0,61500.0,13630602,Samsung,61028.57142857143,62276.666666666664,0.016528925619834656,0.011683761741372508
2023-03-07,61400.0,61400.0,60700.0,60700.0,11473280,Samsung,60842.857142857145,62250.0,-0.013008130081300862,0.01092675702446238
2023-03-08,60100.0,60500.0,59900.0,60300.0,14161857,Samsung,60700.0,62200.0,-0.00658978583196046,0.010465002384756525
2023-03-09,60500.0,60800.0,59900.0,60100.0,14334499,Samsung,60642.857142857145,62093.333333333336,-0.0033167495854062867,0.00938991351578565
2023-03-10,59500.0,59700.0,59100.0,59500.0,11902471,Samsung,60485.71428571428,61950.0,-0.009983361064891838,0.009877988972271573
2023-03-13,59900.0,60200.0,59300.0,60000.0,12779724,Samsung,60371.42857142857,61796.666666666664,0.008403361344537785,0.010549096925948253
2023-03-14,59400.0,59500.0,59000.0,59000.0,12147346,Samsung,60157.142857142855,61653.333333333336,-0.01666666666666672,0.01195983099761244
2023-03-15,60000.0,60300.0,59600.0,59800.0,10482149,Samsung,59914.28571428572,61600.0,0.013559322033898313,0.011155834186157025
2023-03-16,59200.0,60200.0,59100.0,59900.0,10611939,Samsung,59800.0,61563.333333333336,0.0016722408026756952,0.010530010977941252
2023-03-17,60800.0,61300.0,60600.0,61300.0,14090110,Samsung,59942.857142857145,61490.0,0.023372287145241977,0.013847356268410053
2023-03-20,61100.0,61200.0,60200.0,60200.0,9618009,Samsung,59957.142857142855,61380.0,-0.01794453507340943,0.0158227260255018
2023-03-21,60500.0,60700.0,60100.0,60300.0,8318514,Samsung,60071.42857142857,61336.666666666664,0.0016611295681063787,0.01515391223853255
2023-03-22,61000.0,61200.0,60500.0,61100.0,8978591,Samsung,60228.57142857143,61306.666666666664,0.013266998341625147,0.015600907399123011
2023-03-23,60600.0,62300.0,60600.0,62300.0,15381057,Samsung,60700.0,61280.0,0.019639934533551617,0.014045747031576331
2023-03-24,62700.0,63300.0,62300.0,63000.0,18278602,Samsung,61157.142857142855,61270.0,0.011235955056179803,0.013916293641325357
2023-03-27,62600.0,62800.0,62000.0,62100.0,11039331,Samsung,61471.42857142857,61243.333333333336,-0.014285714285714235,0.016166305068484866
2023-03-28,62400.0,62900.0,62100.0,62900.0,11614118,Samsung,61700.0,61243.333333333336,0.012882447665056418,0.014621910197301517
2023-03-29,62500.0,62700.0,62200.0,62700.0,11216008,Samsung,62057.142857142855,61226.666666666664,-0.0031796502384737746,0.011748444579483975
2023-03-30,63700.0,63700.0,63100.0,63200.0,15684377,Samsung,62471.42857142857,61260.0,0.00797448165869219,0.011611340810065467
2023-03-31,64000.0,64000.0,63700.0,64000.0,14094479,Samsung,62885.71428571428,61270.0,0.012658227848101333,0.011556901505266377
2023-04-03,64000.0,64000.0,63000.0,63100.0,11973133,Samsung,63000.0,61286.666666666664,-0.014062499999999978,0.012267801796810104
2023-04-04,63400.0,63800.0,62800.0,63600.0,11120514,Samsung,63085.71428571428,61316.666666666664,0.007923930269413626,0.01190575310435671
2023-04-05,63700.0,64000.0,63400.0,63900.0,9176149,Samsung,63342.857142857145,61376.666666666664,0.004716981132075526,0.009688933068083322
2023-04-06,63500.0,63600.0,62300.0,62300.0,14992747,Samsung,63257.142857142855,61416.666666666664,-0.025039123630672955,0.013736158791033048
2023-04-07,63800.0,65200.0,63800.0,65000.0,27476120,Samsung,63585.71428571428,61516.666666666664,0.043338683788122,0.02164411963787702
2023-04-10,64800.0,66300.0,64700.0,65700.0,18777166,Samsung,63942.857142857145,61663.333333333336,0.010769230769230864,0.021726034269599754
2023-04-11,66200.0,66200.0,65400.0,65900.0,16323183,Samsung,64214.28571428572,61843.333333333336,0.003044140030441511,0.021520026848393787
2023-04-12,65800.0,66200.0,65300.0,66000.0,15021313,Samsung,64628.57142857143,62023.333333333336,0.0015174506828528056,0.020049612584817505
2023-04-13,65600.0,66100.0,65400.0,66100.0,15091022,Samsung,64985.71428571428,62200.0,0.0015151515151514694,0.020125803224716545
2023-04-14,66600.0,66600.0,65000.0,65100.0,16176490,Samsung,65157.142857142855,62353.333333333336,-0.015128593040847238,0.02162820424760979
2023-04-17,65000.0,65600.0,64700.0,65300.0,13486618,Samsung,65585.71428571429,62480.0,0.003072196620583778,0.01786752867628829
2023-04-18,65900.0,66000.0,64800.0,65600.0,14802060,Samsung,65671.42857142857,62643.333333333336,0.004594180704440953,0.007923397891253387
2023-04-19,65500.0,65800.0,65300.0,65500.0,10255985,Samsung,65642.85714285714,62816.666666666664,-0.0015243902439023849,0.006762623940567295
2023-04-20,65100.0,65300.0,64600.0,65300.0,9501169,Samsung,65557.14285714286,62990.0,-0.003053435114503844,0.006634181978003097
2023-04-21,65800.0,65900.0,65400.0,65700.0,10538622,Samsung,65514.28571428572,63196.666666666664,0.006125574272588086,0.007166123291143747
2023-04-24,65300.0,65700.0,64800.0,65200.0,12986581,Samsung,65385.71428571428,63370.0,-0.007610350076103556,0.0075318768286229375
2023-04-25,65300.0,65400.0,63400.0,63600.0,16193271,Samsung,65171.42857142857,63523.333333333336,-0.024539877300613466,0.010525252818484359
2023-04-26,63600.0,64300.0,63300.0,64100.0,12664541,Samsung,65000.0,63666.666666666664,0.007861635220125729,0.011144218613725557
2023-04-27,64100.0,65000.0,63300.0,64600.0,14779601,Samsung,64857.142857142855,63823.333333333336,0.007800312012480548,0.011547399257083474
2023-04-28,65200.0,65900.0,65000.0,65500.0,19699481,Samsung,64857.142857142855,63963.333333333336,0.01393188854489158,0.01306189641200484
2023-05-02,66000.0,66300.0,65100.0,65700.0,14396948,Samsung,64914.28571428572,64146.666666666664,0.003053435114503733,0.013022104577230633
2023-05-03,65100.0,65600.0,64900.0,65400.0,8876749,Samsung,64871.42857142857,64316.666666666664,-0.004566210045662156,0.012940112025947517
2023-05-04,65600.0,65700.0,64700.0,65100.0,9791064,Samsung,64857.142857142855,64450.0,-0.004587155963302725,0.012714904103396886
2023-05-08,66300.0,66300.0,65400.0,65900.0,9405365,Samsung,65185.71428571428,64570.0,0.01228878648233489,0.007484019404806638
2023-05-09,65800.0,65800.0,65100.0,65300.0,9366861,Samsung,65357.142857142855,64646.666666666664,-0.009104704097116834,0.009032245339215029
2023-05-10,65500.0,65500.0,64300.0,64600.0,13057727,Samsung,65357.142857142855,64730.0,-0.01071975497702915,0.00995091096683884
2023-05-11,64700.0,65100.0,64200.0,64200.0,11648905,Samsung,65171.42857142857,64773.333333333336,-0.006191950464396245,0.007981409105497168
2023-05-12,63700.0,64600.0,63600.0,64100.0,8693913,Samsung,64942.857142857145,64820.0,-0.0015576323987538387,0.0075956227689732755
2023-05-15,64100.0,64600.0,63900.0,64500.0,8172021,Samsung,64814.28571428572,64863.333333333336,0.006240249609984483,0.008396668629405074
2023-05-16,65800.0,65900.0,65300.0,65400.0,12334657,Samsung,64857.142857142855,64910.0,0.013953488372093092,0.010163563950400377
2023-05-17,65900.0,65900.0,64800.0,65000.0,10745504,Samsung,64728.57142857143,64973.333333333336,-0.006116207951070374,0.00897776460117353
2023-05-18,66000.0,66200.0,65700.0,66200.0,14431704,Samsung,64857.142857142855,65060.0,0.01846153846153853,0.011100127279979879
2023-05-19,67800.0,68400.0,67500.0,68400.0,20349345,Samsung,65400.0,65210.0,0.0332326283987916,0.014583741261399037
2023-05-22,68400.0,69000.0,68000.0,68500.0,14470308,Samsung,66014.28571428571,65416.666666666664,0.0014619883040936088,0.013568690593402537
2023-05-23,68500.0,68700.0,68100.0,68400.0,8561643,Samsung,66628.57142857143,65530.0,-0.0014598540145985828,0.013555595430306303
2023-05-24,68100.0,68700.0,68000.0,68500.0,8192896,Samsung,67200.0,65623.33333333333,0.0014619883040936088,0.013857943587417964
2023-05-25,69900.0,70000.0,68700.0,68800.0,14231160,Samsung,67685.71428571429,65720.0,0.004379562043795637,0.01372643298163772
2023-05-26,69800.0,70400.0,69500.0,70300.0,19549511,Samsung,68442.85714285714,65863.33333333333,0.021802325581395277,0.013209199494745217
2023-05-30,71300.0,72300.0,71200.0,72300.0,27476897,Samsung,69314.28571428571,66070.0,0.028449502133712556,0.014576114927666773
2023-05-31,72400.0,72500.0,71000.0,71400.0,25666087,Samsung,69742.85714285714,66280.0,-0.012448132780082943,0.014101429537987905
2023-06-01,70900.0,71600.0,70600.0,70900.0,14669296,Samsung,70085.71428571429,66466.66666666667,-0.007002801120448154,0.014918273407027852
2023-06-02,71700.0,72200.0,71600.0,72200.0,12161798,Samsung,70628.57142857143,66686.66666666667,0.01833568406205921,0.015353755583046785
2023-06-05,72700.0,72700.0,71400.0,71700.0,12686829,Samsung,71085.71428571429,66893.33333333333,-0.006925207756232732,0.016237533909175792
2023-06-07,71300.0,71600.0,70800.0,71000.0,14796613,Samsung,71400.0,67083.33333333333,-0.009762900976290068,0.017405775468383552
2023-06-08,70400.0,70900.0,70000.0,70900.0,19165568,Samsung,71485.71428571429,67256.66666666667,-0.0014084507042253502,0.01571958691326495
2023-06-09,71100.0,72300.0,70800.0,72000.0,15050209,Samsung,71442.85714285714,67483.33333333333,0.015514809590973178,0.012411055471015129
2023-06-12,72100.0,72400.0,70800.0,71000.0,12064287,Samsung,71385.71428571429,67730.0,-0.01388888888888884,0.012651301794556048
2023-06-13,71700.0,72200.0,71600.0,72000.0,13227285,Samsung,71542.85714285714,67993.33333333333,0.014084507042253502,0.013398361198210007
2023-06-14,72100.0,72200.0,71100.0,71900.0,12541046,Samsung,71500.0,68236.66666666667,-0.001388888888888884,0.011380784593172962
2023-06-15,72100.0,72300.0,71300.0,71500.0,13614994,Samsung,71471.42857142857,68436.66666666667,-0.0055632823365785455,0.011264465664326397
2023-06-16,71800.0,71900.0,70900.0,71800.0,15373696,Samsung,71585.71428571429,68640.0,0.00419580419580412,0.010530974179261722
2023-06-19,71300.0,71700.0,70900.0,71200.0,11100887,Samsung,71628.57142857143,68833.33333333333,-0.00835654596100277,0.011174972439070768
2023-06-20,70700.0,71400.0,70400.0,71400.0,11557883,Samsung,71542.85714285714,69043.33333333333,0.002808988764045006,0.009220345776166388
2023-06-21,70700.0,71200.0,70400.0,70500.0,10626603,Samsung,71471.42857142857,69196.66666666667,-0.012605042016806678,0.008933208421495606
2023-06-22,70200.0,71500.0,70100.0,71300.0,11411007,Samsung,71371.42857142857,69396.66666666667,0.01134751773049647,0.008193485535627449
2023-06-23,72000.0,72200.0,71600.0,71600.0,12329484,Samsung,71328.57142857143,69630.0,0.004207573632538653,0.008459592256007686
2023-06-26,71700.0,72500.0,71500.0,72400.0,10541901,Samsung,71457.14285714286,69903.33333333333,0.011173184357541999,0.009148975236247121
2023-06-27,72500.0,72600.0,72000.0,72600.0,9442997,Samsung,71571.42857142857,70186.66666666667,0.0027624309392264568,0.009102981212971768
2023-06-28,72600.0,72700.0,72000.0,72700.0,8783093,Samsung,71785.71428571429,70460.0,0.0013774104683195176,0.008001901279079909
2023-06-29,73100.0,73400.0,72400.0,72400.0,12229967,Samsung,71928.57142857143,70693.33333333333,-0.004126547455295726,0.008447927479472232
2023-06-30,72500.0,72700.0,71700.0,72200.0,11694765,Samsung,72171.42857142857,70933.33333333333,-0.002762430939226568,0.006101295741065446
2023-07-03,72700.0,73200.0,72600.0,73000.0,10722181,Samsung,72414.28571428571,71160.0,0.011080332409972193,0.006044043942829413
2023-07-04,73400.0,73600.0,72900.0,73000.0,10214350,Samsung,72614.28571428571,71313.33333333333,0.0,0.006157051309189448
2023-07-05,73000.0,73300.0,71900.0,72000.0,12310610,Samsung,72557.14285714286,71430.0,-0.013698630136986356,0.007533240942994054
2023-07-06,71900.0,72400.0,71500.0,71600.0,14777667,Samsung,72414.28571428571,71536.66666666667,-0.005555555555555536,0.0075397976068958495
2023-07-07,71100.0,71400.0,69800.0,69900.0,17308877,Samsung,72014.28571428571,71583.33333333333,-0.023743016759776525,0.010912935740035315
2023-07-10,70000.0,70400.0,69200.0,69500.0,11713926,Samsung,71600.0,71606.66666666667,-0.005722460658083017,0.010895050924806178
2023-07-11,70200.0,71500.0,70100.0,71500.0,12177392,Samsung,71500.0,71646.66666666667,0.02877697841726623,0.017100985035682227
2023-07-12,71200.0,72000.0,71100.0,71900.0,10375581,Samsung,71342.85714285714,71633.33333333333,0.005594405594405494,0.016557956204666057
2023-07-13,72400.0,72600.0,71900.0,71900.0,14417279,Samsung,71185.71428571429,71650.0,0.0,0.016557956204666057
2023-07-14,72500.0,73400.0,72400.0,73400.0,15882519,Samsung,71385.71428571429,71733.33333333333,0.020862308762169768,0.0176239650733442
2023-07-17,73200.0,73500.0,72800.0,73300.0,10060049,Samsung,71628.57142857143,71770.0,-0.0013623978201634523,0.017358424114281915
2023-07-18,73200.0,73500.0,72000.0,72000.0,11697900,Samsung,71928.57142857143,71780.0,-0.017735334242837686,0.01587268309286767
2023-07-19,72700.0,72800.0,71300.0,71700.0,10896412,Samsung,72242.85714285714,71803.33333333333,-0.004166666666666652,0.01571836504695213
2023-07-20,71100.0,71500.0,70800.0,71000.0,9732730,Samsung,72171.42857142857,71806.66666666667,-0.009762900976290068,0.012175380506259915
2023-07-21,70400.0,70400.0,69400.0,70300.0,16528926,Samsung,71942.85714285714,71750.0,-0.009859154929577452,0.012194381926595102
2023-07-24,70100.0,70900.0,69900.0,70400.0,13418597,Samsung,71728.57142857143,71730.0,0.0014224751066855834,0.012267186326098056
2023-07-25,70000.0,70500.0,69800.0,70000.0,14314945,Samsung,71242.85714285714,71663.33333333333,-0.005681818181818232,0.006364624420206476
2023-07-26,69800.0,70600.0,68100.0,69800.0,30016221,Samsung,70742.85714285714,71593.33333333333,-0.0028571428571428914,0.006176623468526098
2023-07-27,69900.0,71700.0,69300.0,71700.0,24261179,Samsung,70700.0,71600.0,0.027220630372492893,0.012854125886442334
2023-07-28,71800.0,72400.0,70100.0,70600.0,19420683,Samsung,70542.85714285714,71560.0,-0.015341701534170138,0.014022442962100461
2023-07-31,70900.0,71000.0,69800.0,69800.0,13035420,Samsung,70371.42857142857,71513.33333333333,-0.011331444759206777,0.014176564896820586
2023-08-01,70100.0,71200.0,70000.0,71100.0,12299254,Samsung,70485.71428571429,71503.33333333333,0.018624641833810962,0.015670123216475134
2023-08-02,70700.0,71000.0,69800.0,69900.0,13835020,Samsung,70414.28571428571,71483.33333333333,-0.016877637130801704,0.017182063881397192
2023-08-03,69900.0,70200.0,68500.0,68800.0,20087090,Samsung,70242.85714285714,71400.0,-0.01573676680972813,0.01804771527712906
2023-08-04,68800.0,69100.0,68200.0,68300.0,12360193,Samsung,70028.57142857143,71290.0,-0.007267441860465129,0.018145960370982366
2023-08-07,67700.0,69200.0,67600.0,68500.0,10968505,Samsung,69571.42857142857,71160.0,0.002928257686676483,0.013007850061387572
2023-08-08,69000.0,69100.0,67400.0,67600.0,14664709,Samsung,69142.85714285714,70993.33333333333,-0.013138686131386912,0.012780941033634413
2023-08-09,68000.0,69600.0,67900.0,68900.0,17259673,Samsung,69014.28571428571,70866.66666666667,0.019230769230769162,0.015608887239507211
2023-08-10,68300.0,68500.0,67800.0,68000.0,10227311,Samsung,68571.42857142857,70720.0,-0.013062409288824406,0.013110741234016246
2023-08-11,68400.0,68800.0,67500.0,67500.0,9781038,Samsung,68228.57142857143,70563.33333333333,-0.007352941176470562,0.01229588228221113
2023-08-14,67500.0,67900.0,66900.0,67300.0,9352343,Samsung,68014.28571428571,70373.33333333333,-0.002962962962962945,0.011332115336541273
2023-08-16,66700.0,67100.0,66300.0,67000.0,13174578,Samsung,67828.57142857143,70173.33333333333,-0.004457652303120341,0.011208545503085846
2023-08-17,66300.0,66800.0,66000.0,66700.0,10778652,Samsung,67571.42857142857,69996.66666666667,-0.004477611940298498,0.010936291538807912
2023-08-18,66000.0,66700.0,65800.0,66300.0,11745006,Samsung,67385.71428571429,69820.0,-0.005997001499250421,0.010223926368629203
2023-08-21,66600.0,67100.0,66300.0,66600.0,9720067,Samsung,67057.14285714286,69710.0,0.004524886877828038,0.005271972415761827
2023-08-22,67200.0,67700.0,66300.0,66600.0,10500242,Samsung,66857.14285714286,69613.33333333333,0.0,0.004038410527300818
2023-08-23,66700.0,67100.0,66400.0,67100.0,9549352,Samsung,66800.0,69466.66666666667,0.007507507507507505,0.005108648153300127
2023-08-24,68300.0,68700.0,67900.0,68200.0,15044463,Samsung,66928.57142857143,69343.33333333333,0.016393442622950838,0.008118446150043685
2023-08-25,67100.0,67400.0,66900.0,67100.0,7032462,Samsung,66942.85714285714,69183.33333333333,-0.016129032258064502,0.010498147521892444
2023-08-28,66800.0,67000.0,66500.0,66800.0,5824628,Samsung,66957.14285714286,68963.33333333333,-0.0044709388971684305,0.010497645877061404
2023-08-29,66900.0,67200.0,66600.0,66800.0,9114352,Samsung,67028.57142857143,68746.66666666667,0.0,0.010140414516661577
2023-08-30,67300.0,67700.0,67100.0,67100.0,9181223,Samsung,67100.0,68583.33333333333,0.004491017964071808,0.01013852591385897
2023-08-31,67100.0,67200.0,66400.0,66900.0,15964630,Samsung,67142.85714285714,68423.33333333333,-0.0029806259314456574,0.010254990150654465
2023-09-01,66800.0,71000.0,66700.0,71000.0,29738235,Samsung,67700.0,68423.33333333333,0.06128550074738426,0.02530961034477365
2023-09-04,72900.0,72900.0,70700.0,71200.0,26286495,Samsung,68128.57142857143,68453.33333333333,0.0028169014084507005,0.025111701387857305
2023-09-05,70900.0,71500.0,70200.0,70700.0,12330239,Samsung,68642.85714285714,68463.33333333333,-0.0070224719101124045,0.023957566429691983
2023-09-06,70700.0,70800.0,69700.0,70000.0,11414620,Samsung,69100.0,68463.33333333333,-0.00990099009900991,0.02450027614494954
2023-09-07,70000.0,70600.0,69600.0,70400.0,13741241,Samsung,69614.28571428571,68483.33333333333,0.005714285714285783,0.024324462097627654
2023-09-08,70200.0,70300.0,69600.0,70300.0,10688118,Samsung,70071.42857142857,68436.66666666667,-0.0014204545454545858,0.02455884177097374
2023-09-11,70400.0,70800.0,70000.0,70800.0,11785462,Samsung,70628.57142857143,68443.33333333333,0.007112375533428139,0.024173442137063614
2023-09-12,70800.0,71000.0,70400.0,70500.0,11688599,Samsung,70557.14285714286,68466.66666666667,-0.004237288135593209,0.006475789005421384
2023-09-13,71100.0,71600.0,70300.0,70900.0,15955797,Samsung,70514.28571428571,68460.0,0.005673758865248235,0.00683579467849327
2023-09-14,71200.0,71800.0,70800.0,71700.0,21041407,Samsung,70657.14285714286,68520.0,0.01128349788434413,0.0074368646282876715
2023-09-15,71700.0,72300.0,71400.0,72000.0,17823512,Samsung,70942.85714285714,68626.66666666667,0.004184100418409997,0.005255645383921723
2023-09-18,71300.0,71700.0,70200.0,70200.0,16040727,Samsung,70914.28571428571,68690.0,-0.025000000000000022,0.012053686427301627
2023-09-19,70400.0,70800.0,69600.0,69800.0,11820188,Samsung,70842.85714285714,68733.33333333333,-0.005698005698005715,0.012224604406916084
2023-09-20,70000.0,70300.0,69500.0,69600.0,10873015,Samsung,70671.42857142857,68800.0,-0.002865329512893977,0.011697579851460794
2023-09-21,69200.0,69800.0,68800.0,68900.0,10796336,Samsung,70442.85714285714,68800.0,-0.010057471264367845,0.01205305143629354
2023-09-22,68300.0,68900.0,68300.0,68800.0,9897840,Samsung,70142.85714285714,68826.66666666667,-0.0014513788098693414,0.011464118817684112
2023-09-25,68500.0,69700.0,68500.0,69400.0,13582516,Samsung,69814.28571428571,68890.0,0.008720930232558155,0.010913905155935905
2023-09-26,70000.0,70000.0,68400.0,68600.0,13143470,Samsung,69328.57142857143,68933.33333333333,-0.011527377521613813,0.010411461421595262
2023-09-27,68600.0,69100.0,68200.0,68400.0,14886491,Samsung,69071.42857142857,68980.0,-0.002915451895043719,0.006662378198718666
2023-10-04,67400.0,67700.0,66700.0,67500.0,23361149,Samsung,68742.85714285714,69006.66666666667,-0.013157894736842146,0.007572529317910335
2023-10-05,67300.0,67400.0,66700.0,66700.0,16108313,Samsung,68328.57142857143,69020.0,-0.011851851851851891,0.007951902482370961
2023-10-06,67100.0,67300.0,66000.0,66000.0,14386527,Samsung,67914.28571428571,69000.0,-0.010494752623688153,0.007990399272853029
2023-10-10,66200.0,67600.0,66200.0,66400.0,19889202,Samsung,67571.42857142857,68993.33333333333,0.0060606060606061,0.00914002581132837
2023-10-11,68600.0,69400.0,67900.0,68200.0,25209349,Samsung,67400.0,69030.0,0.027108433734939652,0.014699767474227085
2023-10-12,68600.0,69700.0,68200.0,68900.0,19311380,Samsung,67442.85714285714,69053.33333333333,0.01026392961876832,0.014751229354688306
2023-10-13,68000.0,68500.0,67700.0,68000.0,9724086,Samsung,67385.71428571429,69083.33333333333,-0.013062409288824406,0.015639394697112074
2023-10-16,67900.0,68500.0,66800.0,67300.0,12599299,Samsung,67357.14285714286,69100.0,-0.010294117647058787,0.015293853680872127
2023-10-17,67700.0,69900.0,67400.0,69400.0,17299253,Samsung,67742.85714285714,69186.66666666667,0.031203566121842385,0.018256096106788158
2023-10-18,68900.0,70500.0,68800.0,70500.0,16493184,Samsung,68385.71428571429,69300.0,0.015850144092218965,0.01700319454779859
2023-10-19,69700.0,70000.0,69400.0,69500.0,13985012,Samsung,68828.57142857143,69386.66666666667,-0.014184397163120588,0.01927375815411299
2023-10-20,68900.0,69200.0,68100.0,68800.0,15204495,Samsung,68914.28571428571,69313.33333333333,-0.010071942446043147,0.017776481368691803
2023-10-23,68700.0,69100.0,68200.0,68400.0,11625959,Samsung,68842.85714285714,69220.0,-0.005813953488372103,0.017474390034439326
2023-10-24,68700.0,68800.0,67700.0,68500.0,12791710,Samsung,68914.28571428571,69146.66666666667,0.0014619883040936088,0.016633035148956605
2023-10-25,68800.0,68800.0,67900.0,68000.0,10610703,Samsung,69014.28571428571,69080.0,-0.007299270072992692,0.01632483545066831
2023-10-26,67000.0,67900.0,66700.0,66700.0,15517624,Samsung,68628.57142857143,68956.66666666667,-0.019117647058823573,0.01146974638219682
2023-10-27,67100.0,67300.0,66700.0,67300.0,11334726,Samsung,68171.42857142857,68856.66666666667,0.008995502248875464,0.00944798923873017
2023-10-30,66800.0,67800.0,66700.0,67300.0,10139270,Samsung,67857.14285714286,68740.0,0.0,0.009057146211511722
2023-10-31,67600.0,68300.0,66900.0,66900.0,14488892,Samsung,67585.71428571429,68620.0,-0.005943536404160454,0.008767374592924891
2023-11-01,67500.0,68900.0,67300.0,68600.0,13775256,Samsung,67614.28571428571,68543.33333333333,0.025411061285500747,0.014030382485560385
2023-11-02,70000.0,70000.0,69400.0,69700.0,16350031,Samsung,67785.71428571429,68476.66666666667,0.016034985422740622,0.015226881578190505
2023-11-03,69700.0,70200.0,69500.0,69600.0,10322234,Samsung,68014.28571428571,68396.66666666667,-0.0014347202295552641,0.014746281519423329
2023-11-06,69800.0,70900.0,69300.0,70900.0,22228489,Samsung,68614.28571428571,68420.0,0.018678160919540332,0.011729216802684404
2023-11-07,70600.0,70900.0,70000.0,70900.0,17228731,Samsung,69128.57142857143,68456.66666666667,0.0,0.012190519738811653
2023-11-08,71300.0,71400.0,69700.0,69900.0,12901310,Samsung,69500.0,68466.66666666667,-0.014104372355430161,0.014575799730134783
2023-11-09,69900.0,70800.0,69600.0,70300.0,12301373,Samsung,69985.71428571429,68513.33333333333,0.005722460658083017,0.01368639516543113
2023-11-10,70000.0,70500.0,69500.0,70500.0,9684347,Samsung,70257.14285714286,68570.0,0.002844950213371167,0.011089674075035161
2023-11-13,71300.0,71300.0,70300.0,70400.0,9246919,Samsung,70357.14285714286,68603.33333333333,-0.0014184397163120588,0.009811533768086984
2023-11-14,71000.0,71100.0,70600.0,70800.0,9567984,Samsung,70528.57142857143,68676.66666666667,0.005681818181818121,0.00982910771961961
2023-11-15,71600.0,72200.0,71500.0,72200.0,20148677,Samsung,70714.28571428571,68803.33333333333,0.019774011299435124,0.010133977898229896
2023-11-16,72500.0,73000.0,72300.0,72800.0,15860451,Samsung,70985.71428571429,68980.0,0.008310249307479145,0.010258759853170459
2023-11-17,72300.0,73000.0,72300.0,72500.0,11494644,Samsung,71357.14285714286,69173.33333333333,-0.004120879120879106,0.007732907663215911
2023-11-20,72100.0,73000.0,72100.0,72700.0,10610157,Samsung,71700.0,69396.66666666667,0.0027586206896552667,0.00778410147836975
2023-11-21,73100.0,73400.0,72700.0,72800.0,9712881,Samsung,72028.57142857143,69610.0,0.0013755158184318717,0.007866029562200842
2023-11-22,72200.0,73000.0,71900.0,72800.0,11105143,Samsung,72371.42857142857,69763.33333333333,0.0,0.0077009986267481765
2023-11-23,73000.0,73200.0,72200.0,72400.0,6775614,Samsung,72600.0,69880.0,-0.005494505494505475,0.008599998700913807
2023-11-24,72400.0,72600.0,71700.0,71700.0,6676685,Samsung,72528.57142857143,70003.33333333333,-0.00966850828729282,0.005951622599526686
2023-11-27,71500.0,72100.0,71100.0,71300.0,9113857,Samsung,72314.28571428571,70136.66666666667,-0.00557880055788007,0.004470169045674671
2023-11-28,71400.0,72700.0,71300.0,72700.0,13283081,Samsung,72342.85714285714,70246.66666666667,0.019635343618513268,0.009561484129297535
2023-11-29,72400.0,72800.0,72200.0,72700.0,9283933,Samsung,72342.85714285714,70320.0,0.0,0.00950632316607408
2023-11-30,72700.0,72800.0,72200.0,72800.0,15783714,Samsung,72342.85714285714,70430.0,0.0013755158184318717,0.00950632316607408
2023-12-01,72400.0,72500.0,71700.0,72000.0,9871284,Samsung,72228.57142857143,70536.66666666667,-0.01098901098901095,0.010380855570700905
2023-12-04,72800.0,72900.0,72400.0,72600.0,10229267,Samsung,72257.14285714286,70676.66666666667,0.008333333333333304,0.010807904505047913
2023-12-05,72300.0,72400.0,71200.0,71200.0,12129682,Samsung,72185.71428571429,70766.66666666667,-0.019283746556473802,0.012744790217657932
2023-12-06,71800.0,72100.0,71600.0,71700.0,8123087,Samsung,72242.85714285714,70890.0,0.0070224719101124045,0.01286801242184146
2023-12-07,71800.0,71900.0,71100.0,71500.0,8862017,Samsung,72071.42857142857,71050.0,-0.002789400278940035,0.009856927650885618
2023-12-08,72100.0,72800.0,71900.0,72600.0,10859463,Samsung,72057.14285714286,71226.66666666667,0.01538461538461533,0.011955557167931029
2023-12-11,72800.0,73000.0,72200.0,73000.0,9861960,Samsung,72085.71428571429,71416.66666666667,0.005509641873278293,0.01214325792708913
2023-12-12,73300.0,73500.0,73100.0,73500.0,13758646,Samsung,72300.0,71636.66666666667,0.006849315068493178,0.011174385662871175
2023-12-13,73300.0,73500.0,72800.0,72800.0,13116766,Samsung,72328.57142857143,71776.66666666667,-0.00952380952380949,0.011776973469566885
2023-12-14,74100.0,74300.0,72500.0,73100.0,27567593,Samsung,72600.0,71890.0,0.004120879120879106,0.007935739804882627
2023-12-15,73800.0,74000.0,73200.0,73300.0,15419815,Samsung,72828.57142857143,72013.33333333333,0.002735978112175186,0.007809679466698194
2023-12-18,73300.0,73400.0,72800.0,72900.0,9690551,Samsung,73028.57142857143,72080.0,-0.00545702592087316,0.008204827642189496
2023-12-19,73000.0,73400.0,72800.0,73400.0,8907632,Samsung,73142.85714285714,72163.33333333333,0.006858710562414272,0.006476612559323468
2023-12-20,74200.0,74900.0,73800.0,74800.0,16870156,Samsung,73400.0,72326.66666666667,0.019073569482288777,0.009272257129602298
2023-12-21,74600.0,75000.0,74300.0,75000.0,13478766,Samsung,73614.28571428571,72483.33333333333,0.002673796791443861,0.009156150430272158
2023-12-22,75800.0,76300.0,75400.0,75900.0,14515608,Samsung,74057.14285714286,72663.33333333333,0.01200000000000001,0.0077906739412193305
2023-12-26,76100.0,76700.0,75700.0,76600.0,13164909,Samsung,74557.14285714286,72870.0,0.00922266139657446,0.007824056174756734
2023-12-27,76700.0,78000.0,76500.0,78000.0,20651042,Samsung,75228.57142857143,73110.0,0.018276762402088753,0.008661972581194013
2023-12-28,77700.0,78500.0,77500.0,78500.0,17797536,Samsung,76028.57142857143,73320.0,0.0064102564102563875,0.006177280610818694
2024-01-02,78200.0,79800.0,78200.0,79600.0,17142847,Samsung,76914.28571428571,73546.66666666667,0.014012738853503182,0.006036630662266059
2024-01-03,78500.0,78800.0,77000.0,77000.0,21753644,Samsung,77228.57142857143,73696.66666666667,-0.03266331658291455,0.017061605441052556
2024-01-04,76100.0,77300.0,76100.0,76600.0,15324439,Samsung,77457.14285714286,73826.66666666667,-0.0051948051948051965,0.017439784085400263
2024-01-05,76700.0,77100.0,76400.0,76600.0,11304316,Samsung,77557.14285714286,73953.33333333333,0.0,0.0170095757558436
2024-01-08,77000.0,77500.0,76400.0,76500.0,11088724,Samsung,77542.85714285714,74076.66666666667,-0.0013054830287205776,0.016668533639566274
2024-01-09,77400.0,77700.0,74300.0,74700.0,26019249,Samsung,77071.42857142857,74153.33333333333,-0.02352941176470591,0.0164894578490958
2024-01-10,75000.0,75200.0,73200.0,73600.0,20259529,Samsung,76371.42857142857,74216.66666666667,-0.014725568942436373,0.015748471967657864
2024-01-11,72900.0,73600.0,72700.0,73200.0,57691266,Samsung,75457.14285714286,74280.0,-0.005434782608695676,0.012348591953223735
2024-01-12,73000.0,74100.0,72800.0,73100.0,13038939,Samsung,74900.0,74293.33333333333,-0.001366120218579181,0.008668421587257188
2024-01-15,73200.0,74000.0,73200.0,73900.0,2957915,Samsung,74514.28571428571,74333.33333333333,0.010943912448700521,0.011136672260195218
2024-01-16,73500.0,73700.0,72500.0,72600.0,14760415,Samsung,73942.85714285714,74326.66666666667,-0.017591339648173165,0.011771353599194305
2024-01-17,73100.0,73300.0,71000.0,71000.0,22683660,Samsung,73157.14285714286,74293.33333333333,-0.02203856749311295,0.01251641490165683
2024-01-18,71600.0,72000.0,70700.0,71700.0,17853397,Samsung,72728.57142857143,74263.33333333333,0.009859154929577452,0.013087807704949777
2024-01-19,73500.0,74700.0,73000.0,74700.0,23363427,Samsung,72885.71428571429,74380.0,0.04184100418410042,0.021434574037581984
2024-01-22,75900.0,76000.0,75000.0,75100.0,19673375,Samsung,73157.14285714286,74493.33333333333,0.0053547523427042165,0.021170619184790188
2024-01-23,75700.0,75800.0,74300.0,75200.0,14786224,Samsung,73457.14285714286,74616.66666666667,0.0013315579227697327,0.021084057991896027
2024-01-24,75200.0,75200.0,73500.0,74000.0,12860661,Samsung,73471.42857142857,74663.33333333333,-0.015957446808510634,0.02208692482808851
2024-01-25,74200.0,74800.0,73700.0,74100.0,11737747,Samsung,73685.71428571429,74700.0,0.0013513513513514486,0.02062746653106368
2024-01-26,73700.0,74500.0,73300.0,73400.0,11160062,Samsung,74028.57142857143,74696.66666666667,-0.009446693657219951,0.018509569766930006
2024-01-29,73800.0,75200.0,73500.0,74400.0,13976521,Samsung,74414.28571428571,74750.0,0.013623978201634968,0.018730894911474807
2024-01-30,75000.0,75300.0,73700.0,74300.0,12244418,Samsung,74357.14285714286,74790.0,-0.0013440860215053752,0.009659846908305741
2024-01-31,73400.0,74000.0,72500.0,72700.0,15703560,Samsung,74014.28571428571,74770.0,-0.021534320323014833,0.011920307406731332
2024-02-01,73000.0,74200.0,72900.0,73600.0,19881033,Samsung,73785.71428571429,74793.33333333333,0.012379642365887289,0.013463171540894717
2024-02-02,74000.0,75200.0,73700.0,75200.0,14955881,Samsung,73957.14285714286,74853.33333333333,0.021739130434782705,0.014876639748208744
2024-02-05,74200.0,74800.0,73500.0,74300.0,19026021,Samsung,73985.71428571429,74836.66666666667,-0.01196808510638303,0.015852270032581803
2024-02-06,74300.0,74700.0,73300.0,74400.0,14559254,Samsung,74128.57142857143,74816.66666666667,0.0013458950201883368,0.015237350696396312
2024-02-07,74600.0,75500.0,74300.0,75000.0,16566445,Samsung,74214.28571428571,74786.66666666667,0.008064516129032251,0.014666809995453925
2024-02-08,75000.0,75200.0,73600.0,74100.0,20810708,Samsung,74185.71428571429,74703.33333333333,-0.01200000000000001,0.015508594256386739
2024-02-13,74800.0,75200.0,74400.0,75200.0,21966745,Samsung,74542.85714285714,74610.0,0.014844804318488558,0.013109710231589586
2024-02-14,73700.0,74300.0,73700.0,74000.0,12434945,Samsung,74600.0,74460.0,-0.015957446808510634,0.014699317049986596
2024-02-15,74200.0,74400.0,73000.0,73200.0,14120600,Samsung,74314.28571428571,74246.66666666667,-0.010810810810810811,0.011872842143353497
2024-02-16,73300.0,73400.0,72500.0,72800.0,13444781,Samsung,74100.0,74106.66666666667,-0.005464480874316946,0.01136937311266467
2024-02-19,72800.0,73900.0,72800.0,73800.0,12726404,Samsung,74014.28571428571,74013.33333333333,0.013736263736263687,0.012982297618265217
2024-02-20,73700.0,73700.0,72800.0,73300.0,14681477,Samsung,73771.42857142857,73903.33333333333,-0.006775067750677488,0.01243970634317049
2024-02-21,73400.0,73700.0,72900.0,73000.0,11503495,Samsung,73614.28571428571,73786.66666666667,-0.004092769440654842,0.01185301062804704
2024-02-22,73800.0,73900.0,72700.0,73100.0,15208934,Samsung,73314.28571428571,73733.33333333333,0.00136986301369868,0.009509928716928797
2024-02-23,73600.0,74200.0,72900.0,72900.0,16225166,Samsung,73157.14285714286,73710.0,-0.002735978112175075,0.007918925124833723
2024-02-26,72300.0,73200.0,72200.0,72800.0,14669352,Samsung,73100.0,73696.66666666667,-0.00137174211248281,0.006932738774825066
2024-02-27,73100.0,73400.0,72700.0,72900.0,13201981,Samsung,73114.28571428571,73690.0,0.0013736263736263687,0.006635066486105554
2024-02-28,72900.0,73900.0,72800.0,73200.0,11795859,Samsung,73028.57142857143,73666.66666666667,0.004115226337448652,0.003726171966074475
2024-02-29,72600.0,73400.0,72000.0,73400.0,21176403,Samsung,73042.85714285714,73693.33333333333,0.002732240437158362,0.0030001503981949167
2024-03-04,74300.0,75000.0,74000.0,74900.0,23210474,Samsung,73314.28571428571,73823.33333333333,0.02043596730245234,0.0077372201650126446
2024-03-05,74600.0,74800.0,73700.0,73700.0,19505125,Samsung,73400.0,73890.0,-0.01602136181575431,0.010797975379164881
2024-03-06,73200.0,73500.0,72700.0,72900.0,21547905,Samsung,73400.0,73830.0,-0.01085481682496603,0.011692481060928323
2024-03-07,73100.0,73300.0,72200.0,72200.0,14516963,Samsung,73314.28571428571,73733.33333333333,-0.009602194787380003,0.012260302274209878
2024-03-08,72800.0,73400.0,72600.0,73300.0,19271349,Samsung,73371.42857142857,73670.0,0.015235457063711877,0.013757717918840872
2024-03-11,72900.0,73100.0,72300.0,72400.0,9740504,Samsung,73257.14285714286,73616.66666666667,-0.012278308321964526,0.01448775917182019
2024-03-12,72600.0,73500.0,72100.0,73300.0,13011654,Samsung,73242.85714285714,73590.0,0.012430939226519389,0.01539309955006509
2024-03-13,73700.0,74100.0,73500.0,74100.0,15243134,Samsung,73128.57142857143,73613.33333333333,0.01091405184174632,0.01359191142131806
2024-03-14,74400.0,74500.0,73600.0,74300.0,22545539,Samsung,73214.28571428571,73610.0,0.0026990553306343035,0.011995873368607843
2024-03-15,73400.0,73700.0,72300.0,72300.0,22580555,Samsung,73128.57142857143,73543.33333333333,-0.026917900403768513,0.01566580632025693
2024-03-18,72600.0,73000.0,72500.0,72800.0,11520348,Samsung,73214.28571428571,73546.66666666667,0.006915629322268302,0.015409068290909551
2024-03-19,72300.0,73000.0,71700.0,72800.0,15376066,Samsung,73142.85714285714,73520.0,0.0,0.01413346789721562
2024-03-20,73700.0,77200.0,73400.0,76900.0,50106297,Samsung,73785.71428571429,73576.66666666667,0.05631868131868134,0.024730467658387142
2024-03-21,79200.0,79300.0,77700.0,79300.0,44569799,Samsung,74642.85714285714,73743.33333333333,0.031209362808842567,0.02615376440729407
2024-03-22,79600.0,79900.0,77800.0,78900.0,26724761,Samsung,75328.57142857143,73893.33333333333,-0.0050441361916772065,0.02690729110687666
2024-03-25,79600.0,79800.0,77800.0,78200.0,18703996,Samsung,75885.71428571429,74000.0,-0.008871989860583018,0.027724244474915512
2024-03-26,79700.0,80100.0,79200.0,79900.0,30551494,Samsung,76971.42857142857,74193.33333333333,0.021739130434782705,0.023367790508740258
2024-03-27,79200.0,80000.0,79200.0,79800.0,17424595,Samsung,77971.42857142857,74346.66666666667,-0.0012515644555695093,0.024011007636934683
2024-03-28,79400.0,81000.0,79200.0,80800.0,25084812,Samsung,79114.28571428571,74573.33333333333,0.012531328320801949,0.023298282464293496
2024-03-29,81200.0,82500.0,80900.0,82400.0,27126366,Samsung,79900.0,74880.0,0.01980198019801982,0.01527091227652882
2024-04-01,83200.0,83300.0,82000.0,82000.0,20116513,Samsung,80285.71428571429,75186.66666666667,-0.004854368932038833,0.012815333302401128
2024-04-02,82900.0,85000.0,82900.0,85000.0,37077944,Samsung,81157.14285714286,75560.0,0.03658536585365857,0.016562349662702286
2024-04-03,84300.0,85000.0,83500.0,84100.0,30493347,Samsung,82000.0,75920.0,-0.010588235294117676,0.016911319517432598
2024-04-04,85200.0,85500.0,84300.0,85300.0,25248934,Samsung,82771.42857142857,76330.0,0.014268727705113005,0.016313893828631364
2024-04-05,84500.0,85000.0,83800.0,84500.0,18883752,Samsung,83442.85714285714,76710.0,-0.009378663540445475,0.017455730676100695
2024-04-08,85200.0,86000.0,84500.0,84500.0,18953232,Samsung,83971.42857142857,77096.66666666667,0.0,0.017596024491615188
2024-04-09,84500.0,84900.0,83100.0,83600.0,23725956,Samsung,84142.85714285714,77456.66666666667,-0.010650887573964485,0.017537395143400882
2024-04-11,83200.0,84700.0,82500.0,84100.0,25538009,Samsung,84442.85714285714,77830.0,0.005980861244019087,0.0172876465132664
2024-04-12,84700.0,84900.0,83200.0,83700.0,17061770,Samsung,84257.14285714286,78180.0,-0.0047562425683710385,0.009511591294639537
2024-04-15,82900.0,83200.0,81200.0,82200.0,26663772,Samsung,83985.71428571429,78473.33333333333,-0.017921146953404965,0.010897322746670268
2024-04-16,81200.0,81300.0,79400.0,80000.0,31949845,Samsung,83228.57142857143,78643.33333333333,-0.02676399026763987,0.010965220776389704
2024-04-17,80700.0,80800.0,78900.0,78900.0,22611631,Samsung,82428.57142857143,78816.66666666667,-0.01375000000000004,0.01110925771878994
2024-04-18,78800.0,80100.0,78300.0,79600.0,21370190,Samsung,81728.57142857143,79040.0,0.008871989860582907,0.012780062723571944
2024-04-19,78300.0,78700.0,76300.0,77600.0,31317563,Samsung,80871.42857142857,79220.0,-0.025125628140703515,0.014282539716050225
2024-04-22,77400.0,77500.0,75100.0,76100.0,30469477,Samsung,79728.57142857143,79313.33333333333,-0.019329896907216537,0.012510222023349078
2024-04-23,76400.0,76800.0,75500.0,75500.0,18717699,Samsung,78557.14285714286,79416.66666666667,-0.007884362680683266,0.01217167095580436
2024-04-24,77500.0,78800.0,77200.0,78600.0,22166150,Samsung,78042.85714285714,79593.33333333333,0.041059602649006655,0.02406204890828356
2024-04-25,77300.0,77500.0,76300.0,76300.0,15549134,Samsung,77514.28571428571,79666.66666666667,-0.029262086513994867,0.024434691156945684
2024-04-26,77800.0,77900.0,76500.0,76700.0,12755629,Samsung,77200.0,79746.66666666667,0.005242463958060384,0.02454820150457983
2024-04-29,77400.0,77600.0,76200.0,76700.0,14664474,Samsung,76785.71428571429,79893.33333333333,0.0,0.024009503182438257
2024-04-30,77000.0,78500.0,76600.0,77500.0,19007007,Samsung,76771.42857142857,80050.0,0.010430247718383301,0.022782423422556083
2024-05-02,77600.0,78600.0,77300.0,78000.0,18900640,Samsung,77042.85714285714,80223.33333333333,0.006451612903225712,0.021155655741500568
2024-05-03,79000.0,79000.0,77500.0,77600.0,13151889,Samsung,77342.85714285714,80246.66666666667,-0.00512820512820511,0.02092811866536101
2024-05-07,79600.0,81300.0,79400.0,81300.0,26238868,Samsung,77728.57142857143,80313.33333333333,0.04768041237113407,0.02293003028349318
2024-05-08,80800.0,81400.0,80500.0,81300.0,13089576,Samsung,78442.85714285714,80393.33333333333,0.0,0.017701402518773706
2024-05-09,81100.0,81500.0,79700.0,79700.0,18759935,Samsung,78871.42857142857,80443.33333333333,-0.019680196801967975,0.020863351255912037
2024-05-10,80400.0,81100.0,78900.0,79200.0,16976124,Samsung,79228.57142857143,80420.0,-0.006273525721455453,0.021278578816836344
2024-05-13,79400.0,79900.0,77600.0,78400.0,18652344,Samsung,79357.14285714286,80373.33333333333,-0.010101010101010055,0.021779528128592004
2024-05-14,78600.0,78800.0,77900.0,78300.0,11763992,Samsung,79400.0,80290.0,-0.0012755102040816757,0.02170310751672541
2024-05-16,80200.0,80300.0,78100.0,78200.0,20989778,Samsung,79485.71428571429,80150.0,-0.0012771392081737387,0.021577833642202178
2024-05-17,78600.0,78800.0,77200.0,77400.0,15918201,Samsung,78928.57142857143,79996.66666666667,-0.010230179028132946,0.007022376444787056
2024-05-20,78100.0,79100.0,77900.0,78900.0,19456783,Samsung,78585.71428571429,79793.33333333333,0.019379844961240345,0.01216706859766262
2024-05-21,78500.0,79000.0,78200.0,78400.0,13690583,Samsung,78400.0,79603.33333333333,-0.006337135614702172,0.010230203150872811
2024-05-22,78100.0,78700.0,77300.0,77700.0,19521506,Samsung,78185.71428571429,79350.0,-0.008928571428571397,0.010448869447116817
2024-05-23,77700.0,79100.0,77100.0,78300.0,18728087,Samsung,78171.42857142857,79143.33333333333,0.007722007722007707,0.010510891284436646
2024-05-24,76800.0,77000.0,75700.0,75900.0,27891278,Samsung,77828.57142857143,78856.66666666667,-0.03065134099616862,0.015649963428188224
2024-05-27,75300.0,78200.0,74000.0,77200.0,43825202,Samsung,77685.71428571429,78643.33333333333,0.017127799736495364,0.017665028838699925
2024-05-28,76500.0,78000.0,76200.0,77600.0,18539072,Samsung,77714.28571428571,78426.66666666667,0.005181347150259086,0.01738320597466735
2024-05-29,77700.0,78200.0,75200.0,75200.0,30244875,Samsung,77185.71428571429,78143.33333333333,-0.030927835051546393,0.018630962677944164
2024-05-30,74800.0,75200.0,73500.0,73500.0,28551273,Samsung,76485.71428571429,77853.33333333333,-0.022606382978723416,0.01957100900795207
2024-05-31,74500.0,74700.0,73500.0,73500.0,26198776,Samsung,75885.71428571429,77636.66666666667,0.0,0.019866070105447695
2024-06-03,74400.0,76400.0,74200.0,75700.0,15706268,Samsung,75514.28571428571,77530.0,0.029931972789115635,0.02407431875868972
2024-06-04,74900.0,76100.0,74900.0,75300.0,14098053,Samsung,75428.57142857143,77386.66666666667,-0.005284015852047519,0.021234607982947053
2024-06-05,78000.0,78000.0,76800.0,77400.0,23177968,Samsung,75457.14285714286,77380.0,0.027888446215139417,0.023070669922537902
2024-06-07,78400.0,78600.0,77100.0,77300.0,21189349,Samsung,75414.28571428571,77420.0,-0.0012919896640827266,0.02298589781892816
2024-06-10,76100.0,76600.0,75600.0,75700.0,14598755,Samsung,75485.71428571429,77426.66666666667,-0.02069857697283317,0.020951344981958185
2024-06-11,75900.0,76000.0,75100.0,75200.0,16971175,Samsung,75728.57142857143,77313.33333333333,-0.006605019815059454,0.018679112564986607
2024-06-12,75300.0,77100.0,75200.0,76500.0,19246725,Samsung,76157.14285714286,77320.0,0.017287234042553168,0.019284547294689564
2024-06-13,78400.0,79000.0,77800.0,78600.0,33763804,Samsung,76571.42857142857,77383.33333333333,0.027450980392156765,0.018785372378565302
2024-06-14,79700.0,80500.0,79000.0,79600.0,22926612,Samsung,77185.71428571429,77480.0,0.012722646310432628,0.018283060807809757
2024-06-17,79200.0,79500.0,78000.0,78100.0,16123051,Samsung,77285.71428571429,77500.0,-0.018844221105527637,0.018388202135820587
2024-06-18,78700.0,80200.0,78600.0,79800.0,18207598,Samsung,77642.85714285714,77560.0,0.02176696542893719,0.01982803838067723
2024-06-19,81100.0,82500.0,80500.0,81200.0,24168863,Samsung,78428.57142857143,77680.0,0.01754385964912286,0.01667278486240103
2024-06-20,81500.0,82200.0,81200.0,81600.0,20288913,Samsung,79342.85714285714,77690.0,0.0049261083743843415,0.01524552399912335
2024-06-21,80700.0,80800.0,80000.0,80000.0,17907523,Samsung,79842.85714285714,77646.66666666667,-0.019607843137254943,0.01896974826847227
2024-06-24,79700.0,80900.0,79500.0,80600.0,15454227,Samsung,80128.57142857143,77676.66666666667,0.007500000000000062,0.016667908204991626
2024-06-25,80600.0,81800.0,80100.0,80800.0,19088458,Samsung,80300.0,77730.0,0.002481389578163684,0.016188077467627512
2024-06-26,80100.0,81400.0,79900.0,81300.0,17783242,Samsung,80757.14285714286,77826.66666666667,0.006188118811881083,0.013249104251355222
2024-06-27,81300.0,81600.0,80500.0,81600.0,11739720,Samsung,81014.28571428571,77936.66666666667,0.0036900369003689537,0.011233017387681444
2024-06-28,81900.0,81900.0,80800.0,81500.0,9455929,Samsung,81057.14285714286,78046.66666666667,-0.001225490196078427,0.009330244864832377
2024-07-01,81500.0,82100.0,81300.0,81800.0,11317202,Samsung,81085.71428571429,78193.33333333333,0.0036809815950920033,0.009244714345130866
2024-07-02,82500.0,82600.0,81500.0,81800.0,14471904,Samsung,81342.85714285714,78290.0,0.0,0.0031153027315285785
2024-07-03,82300.0,82300.0,81000.0,81800.0,11440328,Samsung,81514.28571428571,78403.33333333333,0.0,0.00263827241870387
2024-07-04,82900.0,84700.0,82400.0,84600.0,43857229,Samsung,82057.14285714286,78633.33333333333,0.03422982885085579,0.012442568500914915
2024-07-05,85600.0,87100.0,85200.0,87100.0,45791193,Samsung,82885.71428571429,78926.66666666667,0.029550827423167947,0.015138669793757888
2024-07-08,87900.0,88600.0,86900.0,87400.0,24035809,Samsung,83714.28571428571,79310.0,0.003444316877152742,0.015155986044542366
2024-07-09,87800.0,88200.0,86900.0,87800.0,21336201,Samsung,84614.28571428571,79663.33333333333,0.004576659038901587,0.014590778540467093
2024-07-10,87600.0,88000.0,87100.0,87800.0,17813847,Samsung,85471.42857142857,80003.33333333333,0.0,0.014951284061490669
2024-07-11,88500.0,88800.0,86700.0,87600.0,24677608,Samsung,86300.0,80416.66666666667,-0.002277904328018221,0.015233863578261063
2024-07-12,85900.0,86100.0,84100.0,84400.0,26344386,Samsung,86671.42857142857,80780.0,-0.0365296803652968,0.023316063121620937
2024-07-15,84700.0,87300.0,84100.0,86700.0,25193080,Samsung,86971.42857142857,81220.0,0.027251184834123254,0.02195301084272945
2024-07-16,86900.0,88000.0,86700.0,87700.0,16166688,Samsung,87057.14285714286,81620.0,0.011534025374855927,0.019317249105154536
2024-07-17,87100.0,88000.0,86400.0,86700.0,18186490,Samsung,86957.14285714286,82000.0,-0.011402508551881407,0.019830660109699215
2024-07-18,83800.0,86900.0,83800.0,86900.0,24721790,Samsung,86828.57142857143,82316.66666666667,0.0023068050749712743,0.019743052421348235
2024-07-19,85600.0,86100.0,84100.0,84400.0,18569122,Samsung,86342.85714285714,82553.33333333333,-0.028768699654775576,0.022260523985552314
2024-07-22,84400.0,84900.0,82600.0,83000.0,18987560,Samsung,85685.71428571429,82796.66666666667,-0.016587677725118488,0.022579469388526317
2024-07-23,84200.0,84700.0,83400.0,83900.0,15766389,Samsung,85614.28571428571,83086.66666666667,0.010843373493975905,0.019270199427685656
2024-07-24,82900.0,83300.0,81900.0,82000.0,16939083,Samsung,84942.85714285714,83270.0,-0.022646007151370662,0.016195765813087664
2024-07-25,80400.0,81000.0,80100.0,80400.0,20323811,Samsung,83900.0,83330.0,-0.019512195121951237,0.014132834129796202
2024-07-26,80700.0,81300.0,80400.0,80900.0,14508334,Samsung,83071.42857142857,83373.33333333333,0.006218905472636926,0.015782533539665213
2024-07-29,81600.0,82000.0,81100.0,81200.0,12797136,Samsung,82257.14285714286,83476.66666666667,0.003708281829418958,0.015968544882079733
2024-07-30,80400.0,81000.0,80000.0,81000.0,13169636,Samsung,81771.42857142857,83516.66666666667,-0.0024630541871921707,0.01360870500545398
2024-07-31,81200.0,83900.0,80900.0,83900.0,20744323,Samsung,81900.0,83606.66666666667,0.03580246913580254,0.01971061180316361
2024-08-01,86000.0,86100.0,83100.0,83100.0,20900338,Samsung,81785.71428571429,83656.66666666667,-0.009535160905840279,0.019641163979829467
2024-08-02,81000.0,81400.0,79500.0,79600.0,25800275,Samsung,81442.85714285714,83643.33333333333,-0.04211793020457277,0.024064786618538836
2024-08-05,76700.0,76900.0,70200.0,71400.0,54608790,Samsung,80157.14285714286,83336.66666666667,-0.10301507537688437,0.04480393109303682
2024-08-06,74900.0,75300.0,72300.0,72500.0,47295226,Samsung,78957.14285714286,83060.0,0.01540616246498594,0.045686234105618576
2024-08-07,73000.0,76000.0,72800.0,74700.0,32710428,Samsung,78028.57142857143,82840.0,0.030344827586206824,0.04848880834726358
2024-08-08,73200.0,73900.0,72500.0,73400.0,28414729,Samsung,76942.85714285714,82566.66666666667,-0.01740294511378848,0.048389548787791815
2024-08-09,75700.0,75800.0,74200.0,74700.0,16388222,Samsung,75628.57142857143,82340.0,0.017711171662125436,0.04576483812981584
2024-08-12,75200.0,75900.0,74800.0,75500.0,9839259,Samsung,74542.85714285714,82130.0,0.010709504685408211,0.04683296910964781
2024-08-13,76500.0,76600.0,75500.0,76100.0,10716261,Samsung,74042.85714285714,81940.0,0.007947019867549754,0.045378248175453814
2024-08-14,77400.0,77800.0,77000.0,77200.0,13246168,Samsung,74871.42857142857,81786.66666666667,0.014454664914586024,0.014526243901568852
2024-08-16,79400.0,80200.0,78700.0,80200.0,22061478,Samsung,75971.42857142857,81640.0,0.03886010362694292,0.017933737317935183
2024-08-19,80100.0,80100.0,78000.0,78300.0,14146565,Samsung,76485.71428571429,81346.66666666667,-0.023690773067331694,0.021359727770119106
2024-08-20,79500.0,79800.0,78700.0,78900.0,10683836,Samsung,77271.42857142857,81063.33333333333,0.00766283524904221,0.018509243206071613
2024-08-21,77900.0,78600.0,77800.0,78300.0,7805598,Samsung,77785.71428571429,80746.66666666667,-0.0076045627376425395,0.019325670329348843
2024-08-22,78700.0,78900.0,77800.0,78300.0,8149101,Samsung,78185.71428571429,80430.0,0.0,0.019398113273501716
2024-08-23,77700.0,78400.0,77500.0,77700.0,9420306,Samsung,78414.28571428571,80100.0,-0.007662835249042099,0.019942835484772704
2024-08-26,78100.0,78200.0,76000.0,76100.0,15655938,Samsung,78257.14285714286,79823.33333333333,-0.020592020592020588,0.021001646638641572
2024-08-27,75700.0,76500.0,75600.0,75800.0,11130145,Samsung,77628.57142857143,79460.0,-0.003942181340341633,0.011036421083521267
2024-08-28,75800.0,76400.0,75400.0,76400.0,9794514,Samsung,77357.14285714286,79083.33333333333,0.0079155672823219,0.00994713062762966
2024-08-29,73600.0,74700.0,73500.0,74000.0,16884479,Samsung,76657.14285714286,78660.0,-0.03141361256544506,0.013122406687870906
2024-08-30,74400.0,75000.0,74100.0,74300.0,16358520,Samsung,76085.71428571429,78240.0,0.004054054054054124,0.014042951572268557
2024-09-02,74500.0,74700.0,73500.0,74400.0,12641376,Samsung,75528.57142857143,77906.66666666667,0.0013458950201883368,0.01416943721245844
2024-09-03,74100.0,74300.0,72500.0,72500.0,16314599,Samsung,74785.71428571429,77556.66666666667,-0.025537634408602128,0.01578809585263081
2024-09-04,69800.0,71100.0,69800.0,70000.0,27366563,Samsung,73914.28571428571,77093.33333333333,-0.03448275862068961,0.018085430946355743
2024-09-05,70100.0,71200.0,69000.0,69000.0,25686769,Samsung,72942.85714285714,76660.0,-0.014285714285714235,0.017763446164665613
2024-09-06,69100.0,69700.0,68000.0,68900.0,19022299,Samsung,71871.42857142857,76276.66666666667,-0.0014492753623188692,0.016191111797206538
2024-09-09,66900.0,68200.0,66600.0,67500.0,23263298,Samsung,70942.85714285714,75830.0,-0.020319303338171224,0.014742094190001125
2024-09-10,67000.0,67300.0,66000.0,66200.0,30651376,Samsung,69785.71428571429,75330.0,-0.01925925925925931,0.012759544173463139
2024-09-11,65100.0,65500.0,64200.0,64900.0,35809707,Samsung,68428.57142857143,74793.33333333333,-0.01963746223564955,0.010119023596163169
2024-09-12,66000.0,66600.0,65200.0,66300.0,35884106,Samsung,67542.85714285714,74206.66666666667,0.02157164869029282,0.017921960159399102
2024-09-13,65000.0,65500.0,64300.0,64400.0,25045135,Samsung,66742.85714285714,73583.33333333333,-0.02865761689291102,0.016836280606379372
2024-09-19,64000.0,64400.0,62200.0,63100.0,49402713,Samsung,65900.0,73033.33333333333,-0.02018633540372672,0.017131302713435027
2024-09-20,63800.0,64700.0,63000.0,63000.0,32746056,Samsung,65057.142857142855,72753.33333333333,-0.0015847860538826808,0.01711672189344666
2024-09-23,62300.0,63500.0,62200.0,62600.0,28542376,Samsung,64357.142857142855,72423.33333333333,-0.006349206349206327,0.016876960695247255
2024-09-24,62800.0,63400.0,62400.0,63200.0,26957500,Samsung,63928.57142857143,72040.0,0.009584664536741228,0.017896816973170294
2024-09-25,63800.0,64200.0,62200.0,62200.0,28652438,Samsung,63542.857142857145,71666.66666666667,-0.015822784810126556,0.017482164054573233
2024-09-26,63900.0,64900.0,63700.0,64700.0,37566015,Samsung,63314.28571428572,71333.33333333333,0.04019292604501601,0.022930529363655666
2024-09-27,64700.0,65400.0,64200.0,64200.0,28433030,Samsung,63285.71428571428,70956.66666666667,-0.007727975270479082,0.02027814560107957
2024-09-30,64200.0,64300.0,61500.0,61500.0,32694163,Samsung,63057.142857142855,70470.0,-0.04205607476635509,0.024994287379664262
2024-10-02,60500.0,61900.0,59900.0,61300.0,28473536,Samsung,62814.28571428572,69940.0,-0.003252032520325243,0.024982105973766124
2024-10-04,61000.0,61700.0,60500.0,60600.0,24247578,Samsung,62528.57142857143,69286.66666666667,-0.011419249592169667,0.02514693545476733
2024-10-07,60200.0,61900.0,59500.0,61000.0,35066533,Samsung,62214.28571428572,68710.0,0.0066006600660066805,0.024895237626681128
2024-10-08,60000.0,61000.0,59900.0,60300.0,27411786,Samsung,61942.857142857145,68090.0,-0.011475409836065542,0.02462672353578407
2024-10-10,60100.0,60200.0,58900.0,58900.0,45262214,Samsung,61114.28571428572,67443.33333333333,-0.023217247097844118,0.015599848949171644
2024-10-11,59100.0,60100.0,59000.0,59300.0,29623969,Samsung,60414.28571428572,66810.0,0.00679117147707986,0.017322103826928236
2024-10-14,59500.0,61200.0,59400.0,59300.0,20886249,Samsung,60100.0,66196.66666666667,0.0,0.010928046636787061
2024-10-15,61100.0,61400.0,60100.0,61000.0,22715239,Samsung,60057.142857142855,65693.33333333333,0.02866779089376048,0.01688347295915063
2024-10-16,59400.0,60000.0,59200.0,59500.0,23303268,Samsung,59900.0,65150.0,-0.024590163934426257,0.018905712436333964
2024-10-17,59400.0,60100.0,59100.0,59700.0,23372873,Samsung,59714.28571428572,64593.333333333336,0.003361344537815114,0.018685316356057316
2024-10-18,59900.0,60100.0,59100.0,59200.0,14420260,Samsung,59557.142857142855,64100.0,-0.008375209380234505,0.018484486573902902
2024-10-21,59000.0,59600.0,58500.0,59000.0,18514905,Samsung,59571.42857142857,63590.0,-0.0033783783783783994,0.016148366415950414
2024-10-22,58800.0,58900.0,57700.0,57700.0,27582527,Samsung,59342.857142857145,63033.333333333336,-0.02203389830508473,0.017821754195395317
2024-10-23,57500.0,60000.0,57100.0,59100.0,27300780,Samsung,59314.28571428572,62586.666666666664,0.024263431542461023,0.02078845957863223
2024-10-24,58200.0,58500.0,56600.0,56600.0,31499922,Samsung,58685.71428571428,62140.0,-0.04230118443316411,0.021597514234781956
2024-10-25,56000.0,56900.0,55800.0,55900.0,25829315,Samsung,58171.42857142857,61703.333333333336,-0.012367491166077715,0.020739540556456135
2024-10-28,55700.0,58500.0,55700.0,58100.0,27775009,Samsung,57942.857142857145,61343.333333333336,0.03935599284436497,0.027564712382963874
2024-10-29,58000.0,59600.0,57300.0,59600.0,28369314,Samsung,58000.0,61080.0,0.025817555938037806,0.02952654341866682
2024-10-30,59100.0,59800.0,58600.0,59100.0,19838511,Samsung,58014.28571428572,60843.333333333336,-0.008389261744966459,0.029720012123573912
2024-10-31,58500.0,61200.0,58300.0,59200.0,35809196,Samsung,58228.57142857143,60653.333333333336,0.0016920473773265332,0.02800944130080228
2024-11-01,59000.0,59600.0,58100.0,58300.0,19083180,Samsung,58114.28571428572,60386.666666666664,-0.015202702702702742,0.02721396927120092
2024-11-04,58600.0,59400.0,58400.0,58700.0,15586947,Samsung,58414.28571428572,60196.666666666664,0.006861063464836947,0.020477908203882053
2024-11-05,57800.0,58100.0,57200.0,57600.0,17484474,Samsung,58657.142857142855,60013.333333333336,-0.01873935264054516,0.021514464729131547
2024-11-06,57600.0,58000.0,56300.0,57300.0,22092218,Samsung,58542.857142857145,59823.333333333336,-0.00520833333333337,0.01511897690750853
2024-11-07,56900.0,58100.0,56800.0,57300.0,17043102,Samsung,58214.28571428572,59646.666666666664,0.0,0.009242956049165486
2024-11-08,58000.0,58300.0,57000.0,57000.0,13877396,Samsung,57914.28571428572,59440.0,-0.005235602094240788,0.009159085568783676
2024-11-11,56700.0,56800.0,55000.0,55000.0,29811326,Samsung,57314.28571428572,59200.0,-0.03508771929824561,0.013915326956490219
2024-11-12,54600.0,54600.0,53000.0,53000.0,37962881,Samsung,56557.142857142855,58810.0,-0.036363636363636376,0.01707837735741613
2024-11-13,52000.0,53000.0,50500.0,50600.0,52527995,Samsung,55400.0,58356.666666666664,-0.04528301886792452,0.01811079933814283
2024-11-14,50200.0,51800.0,49900.0,49900.0,48510715,Samsung,54300.0,57970.0,-0.013833992094861691,0.018299786063815285
2024-11-15,50300.0,54200.0,50300.0,53500.0,46774485,Samsung,53757.142857142855,57710.0,0.07214428857715438,0.039683469948632775
2024-11-18,57000.0,57500.0,55900.0,56700.0,48095234,Samsung,53671.42857142857,57580.0,0.059813084112149584,0.047614938845431276
2024-11-19,56500.0,57500.0,55900.0,56300.0,31539632,Samsung,53571.42857142857,57423.333333333336,-0.007054673721340388,0.04764972782810165
2024-11-20,56100.0,56500.0,54800.0,55300.0,20864667,Samsung,53614.28571428572,57256.666666666664,-0.017761989342806372,0.04599362789304602
2024-11-21,54900.0,56900.0,54700.0,56400.0,19096850,Samsung,54100.0,57173.333333333336,0.019891500904159143,0.04306262519234538
2024-11-22,56000.0,56700.0,55900.0,56000.0,15281543,Samsung,54871.42857142857,57063.333333333336,-0.007092198581560294,0.036915794199773304
2024-11-25,57400.0,57900.0,56700.0,57900.0,36237325,Samsung,56014.28571428572,57016.666666666664,0.03392857142857153,0.03502988962875183
2024-11-26,57900.0,58900.0,57500.0,58300.0,23209405,Samsung,56700.0,56926.666666666664,0.006908462867012188,0.027280809426181142
2024-11-27,57700.0,57800.0,56000.0,56300.0,21808387,Samsung,56642.857142857145,56820.0,-0.03430531732418529,0.023031349984046805
2024-11-28,56000.0,56400.0,55200.0,55500.0,20001134,Samsung,56528.57142857143,56680.0,-0.014209591474245165,0.02350983908488857
2024-11-29,55100.0,55300.0,53800.0,54200.0,24513531,Samsung,56371.42857142857,56513.333333333336,-0.023423423423423406,0.024236398575501156
2024-12-02,54300.0,54400.0,53100.0,53600.0,22044867,Samsung,55971.42857142857,56333.333333333336,-0.011070110701106972,0.02218274507202874
2024-12-03,53100.0,54400.0,53100.0,53600.0,23374603,Samsung,55628.57142857143,56196.666666666664,0.0,0.022341236611372068
2024-12-04,52000.0,53400.0,52000.0,53100.0,29004766,Samsung,54942.857142857145,55996.666666666664,-0.009328358208955279,0.013797010304525629
2024-12-05,53200.0,54400.0,53200.0,53700.0,23588277,Samsung,54285.71428571428,55900.0,0.011299435028248483,0.014868962242830236
2024-12-06,53900.0,54400.0,52700.0,54100.0,22861874,Samsung,53971.42857142857,55840.0,0.007448789571694592,0.01240190225437001
2024-12-09,53500.0,54600.0,53200.0,53400.0,26227680,Samsung,53671.42857142857,55683.333333333336,-0.012939001848428888,0.012263622064726589
2024-12-10,54500.0,54500.0,53700.0,54000.0,20783970,Samsung,53642.857142857145,55496.666666666664,0.011235955056179803,0.010683206485104952
2024-12-11,53600.0,54200.0,53400.0,54000.0,14565947,Samsung,53700.0,55326.666666666664,0.0,0.009620614812668219
2024-12-12,54000.0,56500.0,53900.0,55900.0,33476698,Samsung,54028.57142857143,55216.666666666664,0.03518518518518521,0.016015104269130224
2024-12-13,55800.0,56300.0,55500.0,56100.0,15908823,Samsung,54457.142857142855,55143.333333333336,0.003577817531305927,0.01462126330000225
2024-12-16,56300.0,56600.0,55200.0,55600.0,15277277,Samsung,54728.57142857143,55040.0,-0.0089126559714795,0.01580279899562775
2024-12-17,54700.0,55200.0,54000.0,54200.0,20215230,Samsung,54742.857142857145,54926.666666666664,-0.025179856115107868,0.019393577629747367
2024-12-18,54100.0,55400.0,54000.0,54900.0,13698937,Samsung,54957.142857142855,54846.666666666664,0.012915129151291449,0.018879604723561587
2024-12-19,53500.0,53800.0,53100.0,53100.0,22481925,Samsung,54828.57142857143,54706.666666666664,-0.032786885245901676,0.022996477339374342
2024-12-20,52700.0,53100.0,51900.0,53000.0,24674774,Samsung,54685.71428571428,54573.333333333336,-0.0018832391713747842,0.02297784597760335
2024-12-23,53400.0,54000.0,53300.0,53500.0,13672650,Samsung,54342.857142857145,54523.333333333336,0.009433962264151052,0.017313094753801005
2024-12-24,53700.0,54500.0,53600.0,54400.0,11634677,Samsung,54100.0,54570.0,0.016822429906542036,0.019173292153052263
2024-12-26,54500.0,54600.0,53500.0,53600.0,10517075,Samsung,53814.28571428572,54670.0,-0.014705882352941124,0.01953093443040983
2024-12-27,53500.0,54100.0,53200.0,53700.0,10747196,Samsung,53742.857142857145,54796.666666666664,0.001865671641791078,0.017450553025418394
2024-12-30,53300.0,54000.0,53100.0,53200.0,12624702,Samsung,53500.0,54786.666666666664,-0.009310986964618295,0.01644941302532807
2025-01-02,52700.0,53600.0,52300.0,53400.0,16630538,Samsung,53542.857142857145,54676.666666666664,0.003759398496240518,0.010731578802532981
2025-01-03,52800.0,55100.0,52800.0,54400.0,19318046,Samsung,53742.857142857145,54613.333333333336,0.01872659176029967,0.012531542053746372
2025-01-06,54400.0,56200.0,54300.0,55900.0,19034284,Samsung,54085.71428571428,54633.333333333336,0.02757352941176472,0.01543111501453196
2025-01-07,56800.0,57300.0,55400.0,55400.0,17030235,Samsung,54228.57142857143,54600.0,-0.008944543828264706,0.01560013838643733
2025-01-08,54800.0,57500.0,54700.0,57300.0,26593553,Samsung,54757.142857142855,54643.333333333336,0.03429602888086647,0.01737627942382951
2025-01-09,57600.0,57700.0,56100.0,56100.0,24490592,Samsung,55100.0,54583.333333333336,-0.020942408376963373,0.020877833456972986
2025-01-10,56100.0,56500.0,55200.0,55300.0,16059223,Samsung,55400.0,54483.333333333336,-0.014260249554367221,0.0215728253116794
2025-01-13,54600.0,55000.0,54100.0,54100.0,16868600,Samsung,55500.0,54410.0,-0.02169981916817365,0.0239755148545599
2025-01-14,54200.0,54600.0,53700.0,53900.0,17465926,Samsung,55428.57142857143,54356.666666666664,-0.003696857670979714,0.022856787763468948
2025-01-15,54100.0,54700.0,53500.0,53700.0,18625025,Samsung,55114.28571428572,54340.0,-0.0037105751391465214,0.019059801627041833
2025-01-16,54200.0,55000.0,54100.0,54300.0,18627298,Samsung,54957.142857142855,54363.333333333336,0.011173184357541999,0.019960810954061412
2025-01-17,53800.0,54100.0,53200.0,53700.0,18805344,Samsung,54442.857142857145,54366.666666666664,-0.011049723756906049,0.01153715536919795
2025-01-20,53600.0,53900.0,53300.0,53400.0,11822531,Samsung,54057.142857142855,54376.666666666664,-0.005586592178770999,0.010321381434685877
2025-01-21,53700.0,54300.0,53300.0,53500.0,13535702,Samsung,53800.0,54370.0,0.001872659176029856,0.010224448889390277
2025-01-22,53400.0,54400.0,53100.0,54300.0,18341991,Samsung,53828.57142857143,54376.666666666664,0.01495327102803734,0.00940260388494193
2025-01-23,53700.0,54100.0,53500.0,53700.0,15588067,Samsung,53800.0,54386.666666666664,-0.011049723756906049,0.010323673317535084
2025-01-24,53600.0,53800.0,53200.0,53700.0,11867631,Samsung,53800.0,54376.666666666664,0.0,0.010225262960166107
2025-01-31,52200.0,53000.0,51700.0,52400.0,42186279,Samsung,53528.57142857143,54323.333333333336,-0.02420856610800748,0.012334755858179355
2025-02-03,51100.0,51400.0,50800.0,51000.0,32344897,Samsung,53142.857142857145,54160.0,-0.026717557251908386,0.01479050486399056
2025-02-04,51600.0,53600.0,51500.0,52700.0,27214851,Samsung,53042.857142857145,54046.666666666664,0.03333333333333344,0.021370734792173857
2025-02-05,53600.0,53800.0,52800.0,52900.0,15974885,Samsung,52957.142857142855,53956.666666666664,0.00379506641366234,0.021436370679558826
2025-02-06,53400.0,54000.0,53200.0,54000.0,16466025,Samsung,52914.28571428572,53950.0,0.020793950850661602,0.022276795489886165
2025-02-07,53900.0,54200.0,53600.0,53700.0,14476866,Samsung,52914.28571428572,53910.0,-0.005555555555555536,0.021940648209945447
2025-02-10,53000.0,55900.0,52900.0,55600.0,27577591,Samsung,53185.71428571428,53993.333333333336,0.035381750465549366,0.025647671604503475
2025-02-11,55500.0,56300.0,55000.0,55700.0,24596196,Samsung,53657.142857142855,54083.333333333336,0.0017985611510791255,0.0223374168292659
2025-02-12,55100.0,55900.0,54500.0,55800.0,26428596,Samsung,54342.857142857145,54160.0,0.0017953321364452268,0.01660909577453006
2025-02-13,56100.0,56400.0,55600.0,55800.0,22448377,Samsung,54785.71428571428,54206.666666666664,0.0,0.014464088249692092
2025-02-14,56000.0,57300.0,56000.0,56000.0,23979779,Samsung,55228.57142857143,54286.666666666664,0.0035842293906809264,0.014475216368334293
2025-02-17,56100.0,56500.0,55700.0,56000.0,11916027,Samsung,55514.28571428572,54363.333333333336,0.0,0.013579519684969676
2025-02-18,56200.0,57200.0,55900.0,56900.0,22131007,Samsung,55971.42857142857,54486.666666666664,0.016071428571428514,0.01315531507255963
2025-02-19,57400.0,58900.0,57300.0,58700.0,25395151,Samsung,56414.28571428572,54663.333333333336,0.03163444639718804,0.011888452869747617
2025-02-20,59100.0,59100.0,58100.0,58400.0,21589059,Samsung,56800.0,54796.666666666664,-0.005110732538330498,0.012730687914552787
2025-02-21,58400.0,58500.0,57100.0,58200.0,22198428,Samsung,57142.857142857145,54873.333333333336,-0.003424657534246589,0.013219843921485522
2025-02-24,57300.0,57700.0,57200.0,57300.0,14138471,Samsung,57357.142857142855,54936.666666666664,-0.015463917525773141,0.015505150220824137
2025-02-25,56600.0,57800.0,56500.0,57200.0,14625181,Samsung,57528.57142857143,54933.333333333336,-0.0017452006980802626,0.015653301674659417
2025-02-26,57000.0,57100.0,56100.0,56600.0,18117091,Samsung,57614.28571428572,54950.0,-0.010489510489510523,0.01648375303526005
2025-02-27,56500.0,57100.0,56200.0,56300.0,14975356,Samsung,57528.57142857143,54983.333333333336,-0.005300353356890497,0.015301889280746194
2025-02-28,55400.0,55700.0,54500.0,54500.0,28036698,Samsung,56928.57142857143,54996.666666666664,-0.03197158081705154,0.010555068891014582
2025-03-04,53900.0,55000.0,53800.0,54500.0,18553933,Samsung,56371.42857142857,55016.666666666664,0.0,0.011150037331594566
2025-03-05,55100.0,55400.0,54000.0,54000.0,16578817,Samsung,55771.42857142857,55026.666666666664,-0.00917431192660545,0.01081126145768588
2025-03-06,54100.0,54500.0,54000.0,54300.0,12258101,Samsung,55342.857142857145,55026.666666666664,0.005555555555555536,0.01207750372229056
2025-03-07,53500.0,54200.0,53400.0,53700.0,14274992,Samsung,54842.857142857145,55026.666666666664,-0.011049723756906049,0.011836730088584881
2025-03-10,53500.0,54800.0,53500.0,53700.0,12921670,Samsung,54428.57142857143,55036.666666666664,0.0,0.01226107233854334
2025-03-11,52500.0,54100.0,52500.0,53600.0,17740891,Samsung,54042.857142857145,55040.0,-0.0018621973929237035,0.012427867488748308
2025-03-12,53800.0,55300.0,53600.0,54900.0,17973221,Samsung,54100.0,55060.0,0.02425373134328357,0.011692726092383556
2025-03-13,55800.0,55900.0,54200.0,54700.0,24132151,Samsung,54128.57142857143,55093.333333333336,-0.0036429872495445936,0.011830279487511315
2025-03-14,54500.0,55100.0,54400.0,54700.0,10845154,Samsung,54228.57142857143,55126.666666666664,0.0,0.01105174402758807
2025-03-17,55500.0,57800.0,55400.0,57600.0,35559021,Samsung,54700.0,55300.0,0.05301645338208405,0.022402390723827787
2025-03-18,58800.0,59000.0,57300.0,57600.0,28138594,Samsung,55257.142857142855,55520.0,0.0,0.021134418668271863
2025-03-19,57400.0,59200.0,57400.0,58500.0,29421759,Samsung,55942.857142857145,55713.333333333336,0.015625,0.02069164824623746
2025-03-20,59200.0,60300.0,58500.0,60200.0,34989004,Samsung,56885.71428571428,55956.666666666664,0.029059829059828957,0.020417300432909645
2025-03-21,60900.0,61700.0,60400.0,61700.0,40155612,Samsung,57857.142857142855,56213.333333333336,0.024916943521594792,0.02045859984577132
2025-03-24,61200.0,61600.0,60500.0,60500.0,14088094,Samsung,58685.71428571428,56440.0,-0.01944894651539708,0.023727329670197455
2025-03-25,60900.0,61100.0,59500.0,59800.0,17259455,Samsung,59414.28571428572,56580.0,-0.011570247933884281,0.02527752219337924
2025-03-26,59800.0,61400.0,59700.0,61400.0,16431645,Samsung,59957.142857142855,56770.0,0.026755852842809347,0.019696037021586798
2025-03-27,60900.0,62000.0,60800.0,61800.0,20389790,Samsung,60557.142857142855,56970.0,0.006514657980456029,0.019332031322942197
2025-03-28,60700.0,61100.0,60000.0,60200.0,16282514,Samsung,60800.0,57116.666666666664,-0.02588996763754048,0.02336158102487601
2025-03-31,59500.0,59700.0,57800.0,57800.0,17633494,Samsung,60457.142857142855,57176.666666666664,-0.039867109634551534,0.025619821099522908
2025-04-01,58700.0,59600.0,57900.0,58800.0,13841706,Samsung,60042.857142857145,57270.0,0.01730103806228378,0.024236573657932255
2025-04-02,58800.0,59400.0,58300.0,58800.0,14402297,Samsung,59800.0,57333.333333333336,0.0,0.02362527768258222
2025-04-03,56900.0,57800.0,56900.0,57600.0,19508076,Samsung,59485.71428571428,57296.666666666664,-0.020408163265306145,0.024333875774958953
2025-04-04,56200.0,58200.0,55700.0,56100.0,23527139,Samsung,58728.57142857143,57220.0,-0.02604166666666663,0.020736285941137897
2025-04-07,53300.0,54100.0,53100.0,53200.0,31998883,Samsung,57500.0,57053.333333333336,-0.05169340463458105,0.0232940620024796
2025-04-08,55000.0,55300.0,53300.0,53500.0,25532845,Samsung,56542.857142857145,56926.666666666664,0.005639097744360999,0.025152163987967872
2025-04-09,53300.0,54300.0,52900.0,53000.0,20576960,Samsung,55857.142857142855,56786.666666666664,-0.009345794392523366,0.02296418353073681
2025-04-10,56600.0,56700.0,55000.0,56400.0,22948172,Samsung,55514.28571428572,56780.0,0.0641509433962264,0.036051643333100174
2025-04-11,55600.0,55700.0,54800.0,55200.0,13930480,Samsung,55000.0,56743.333333333336,-0.021276595744680882,0.036416973530149936
2025-04-14,56300.0,56700.0,55800.0,56200.0,12852613,Samsung,54800.0,56800.0,0.018115942028985588,0.037206613100550456
2025-04-15,56300.0,57100.0,56200.0,56600.0,8998640,Samsung,54871.42857142857,56870.0,0.007117437722419906,0.035858900825665
2025-04-16,56000.0,56200.0,54500.0,54700.0,14437025,Samsung,55085.71428571428,56893.333333333336,-0.03356890459363959,0.03177287662612461
2025-04-17,54700.0,55300.0,54500.0,55100.0,10867069,Samsung,55314.28571428572,56920.0,0.007312614259597838,0.03179000534292782
2025-04-18,55300.0,55600.0,54900.0,55300.0,5848342,Samsung,55642.857142857145,56973.333333333336,0.003629764065335772,0.031211369577192432
2025-04-21,55200.0,56000.0,55100.0,55400.0,5941847,Samsung,55500.0,57030.0,0.001808318264014508,0.01820125596708546
2025-04-22,54900.0,55500.0,54700.0,55000.0,9532469,Samsung,55471.42857142857,57076.666666666664,-0.0072202166064981865,0.01646533555023889
2025-04-23,56000.0,56100.0,55500.0,55700.0,11148692,Samsung,55400.0,57103.333333333336,0.012727272727272698,0.015556203535265222
2025-04-24,55600.0,55800.0,55200.0,55700.0,10580377,Samsung,55271.42857142857,57136.666666666664,0.0,0.015151543859498904
2025-04-25,56400.0,56400.0,55600.0,55700.0,12183303,Samsung,55414.28571428572,57170.0,0.0,0.006277124312002934
2025-04-28,55800.0,55900.0,55500.0,55800.0,9341518,Samsung,55514.28571428572,57110.0,0.0017953321364452268,0.005924453639317418
2025-04-29,55700.0,56500.0,55600.0,55800.0,10295518,Samsung,55585.71428571428,57050.0,0.0,0.0058984514636246
2025-04-30,55900.0,56000.0,55300.0,55500.0,13014189,Samsung,55600.0,56950.0,-0.005376344086021501,0.006399392453984631
2025-05-02,55000.0,55500.0,54200.0,54300.0,22454204,Samsung,55500.0,56753.333333333336,-0.021621621621621623,0.010322893388985212
2025-05-07,54500.0,55000.0,54300.0,54600.0,17136991,Samsung,55342.857142857145,56516.666666666664,0.005524861878453136,0.008895977817665277
2025-05-08,55100.0,55500.0,54500.0,54600.0,16320532,Samsung,55185.71428571428,56320.0,0.0,0.008895977817665277
2025-05-09,54700.0,55000.0,54400.0,54800.0,7814322,Samsung,55057.142857142855,56153.333333333336,0.00366300366300365,0.009191713103391015
2025-05-12,55200.0,57600.0,55000.0,57600.0,15414702,Samsung,55314.28571428572,56026.666666666664,0.051094890510948954,0.02233368512297044
2025-05-13,57700.0,58200.0,56800.0,56900.0,16842801,Samsung,55471.42857142857,55863.333333333336,-0.01215277777777779,0.023219691969368822
2025-05-14,57500.0,57900.0,57000.0,57400.0,12468089,Samsung,55742.857142857145,55770.0,0.008787346221441172,0.022982101708419977
2025-05-15,57400.0,58600.0,57100.0,57300.0,13139736,Samsung,56171.42857142857,55753.333333333336,-0.0017421602787456303,0.020197657841896297
2025-05-16,57400.0,57500.0,56700.0,56800.0,10385352,Samsung,56485.71428571428,55686.666666666664,-0.008726003490401424,0.02116968847965043
2025-05-19,56400.0,56400.0,55500.0,55800.0,9802105,Samsung,56657.142857142855,55586.666666666664,-0.017605633802816878,0.02295092399923739
2025-05-20,56200.0,56700.0,55700.0,55900.0,9080577,Samsung,56814.28571428572,55530.0,0.0017921146953405742,0.022957309198727287
2025-05-21,56200.0,56600.0,55700.0,55700.0,7794181,Samsung,56542.857142857145,55516.666666666664,-0.003577817531305927,0.00887277739509531
2025-05-22,55300.0,55500.0,54500.0,54700.0,15254278,Samsung,56228.57142857143,55566.666666666664,-0.01795332136445238,0.00989207240272328
2025-05-23,55000.0,55200.0,54100.0,54200.0,11247115,Samsung,55771.42857142857,55590.0,-0.009140767824497242,0.007611801149904373
2025-05-26,53900.0,55000.0,53700.0,54700.0,10901337,Samsung,55400.0,55646.666666666664,0.009225092250922495,0.009924594638042869
2025-05-27,54200.0,54500.0,53800.0,53900.0,13439520,Samsung,54985.71428571428,55563.333333333336,-0.014625228519195566,0.010378330395758237
2025-05-28,54300.0,56100.0,54200.0,55900.0,17516283,Samsung,55000.0,55586.666666666664,0.03710575139146566,0.01869306246831896
2025-05-29,56200.0,56400.0,55600.0,56100.0,12936810,Samsung,55028.57142857143,55583.333333333336,0.003577817531305927,0.0187273211250371
2025-05-30,56200.0,57200.0,55800.0,56200.0,26219683,Samsung,55100.0,55570.0,0.0017825311942958333,0.01863457598841767
2025-06-02,56300.0,57300.0,56200.0,56800.0,12870515,Samsung,55400.0,55640.0,0.01067615658362997,0.016715672426406567
2025-06-04,57200.0,57900.0,56800.0,57800.0,19649983,Samsung,55914.28571428572,55730.0,0.01760563380281699,0.01584143449780451
2025-06-05,58100.0,59900.0,57900.0,59100.0,23266027,Samsung,56542.857142857145,55856.666666666664,0.02249134948096887,0.016601362162851158
2025-06-09,60400.0,60400.0,59500.0,59800.0,19609659,Samsung,57385.71428571428,56003.333333333336,0.011844331641285955,0.012147664316332839
2025-06-10,60000.0,60100.0,58800.0,59200.0,15305760,Samsung,57857.142857142855,56143.333333333336,-0.010033444816053505,0.010855764776698931
2025-06-11,59500.0,60100.0,59400.0,59900.0,13610734,Samsung,58400.0,56283.333333333336,0.011824324324324342,0.010707157419262234
2025-06-12,59700.0,60000.0,59300.0,59500.0,17755115,Samsung,58871.42857142857,56410.0,-0.006677796327211993,0.012104052850829617
2025-06-13,60200.0,60200.0,57700.0,58300.0,20705979,Samsung,59085.71428571428,56496.666666666664,-0.020168067226890796,0.01604508267499314
2025-06-16,58000.0,58100.0,56900.0,57200.0,22200872,Samsung,59000.0,56543.333333333336,-0.018867924528301883,0.016737410319665073
2025-06-17,57800.0,59800.0,57400.0,58100.0,28637003,Samsung,58857.142857142855,56620.0,0.01573426573426584,0.015261717290470834
2025-06-18,58000.0,59800.0,57900.0,59800.0,17620705,Samsung,58857.142857142855,56763.333333333336,0.029259896729776358,0.018935732844719715
2025-06-19,60500.0,60600.0,59000.0,59200.0,16876278,Samsung,58857.142857142855,56926.666666666664,-0.010033444816053505,0.018935732844719715
2025-06-20,59400.0,59800.0,59100.0,59500.0,18072251,Samsung,58800.0,57090.0,0.0050675675675675436,0.01840644614098431
2025-06-23,58400.0,58500.0,57600.0,58000.0,16551694,Samsung,58585.71428571428,57203.333333333336,-0.025210084033613467,0.020593570468935323
2025-06-24,59400.0,60600.0,59300.0,60500.0,23737899,Samsung,58900.0,57393.333333333336,0.0431034482758621,0.0253693657823149
2025-06-25,61500.0,61600.0,60300.0,61300.0,23933612,Samsung,59485.71428571428,57516.666666666664,0.013223140495867813,0.02300464788521823
2025-06-26,61300.0,61300.0,59900.0,60200.0,19402300,Samsung,59785.71428571428,57626.666666666664,-0.01794453507340943,0.025074145269606246
2025-06-27,60100.0,61600.0,60000.0,60800.0,17340470,Samsung,59928.57142857143,57740.0,0.009966777408637828,0.02298122876548492
2025-06-30,61200.0,61200.0,59800.0,59800.0,17110294,Samsung,60014.28571428572,57823.333333333336,-0.016447368421052655,0.023685765540058537
2025-07-01,60400.0,61100.0,60200.0,60200.0,13650991,Samsung,60114.28571428572,57936.666666666664,0.006688963210702337,0.023732298530889564
2025-07-02,60200.0,60900.0,59800.0,60800.0,15047951,Samsung,60514.28571428572,58103.333333333336,0.009966777408637828,0.020542101650694176
2025-07-03,61300.0,63800.0,61100.0,63800.0,32040639,Samsung,60985.71428571428,58366.666666666664,0.049342105263157965,0.02242205645962131
2025-07-04,64700.0,64700.0,63000.0,63300.0,23748959,Samsung,61271.42857142857,58620.0,-0.00783699059561127,0.022983377837514876
2025-07-07,62900.0,63300.0,61700.0,61700.0,17164708,Samsung,61485.71428571428,58853.333333333336,-0.025276461295418606,0.02432179519133058
2025-07-08,61600.0,62400.0,61000.0,61400.0,20213724,Samsung,61571.42857142857,59093.333333333336,-0.004862236628849326,0.024338097814892393
2025-07-09,61400.0,61400.0,60200.0,60400.0,17533415,Samsung,61657.142857142855,59283.333333333336,-0.016286644951140072,0.02431824312183568
2025-07-10,60600.0,61200.0,60400.0,61000.0,14768473,Samsung,61771.42857142857,59520.0,0.009933774834437026,0.024460224056289878
2025-07-11,61300.0,62800.0,61200.0,62600.0,19140650,Samsung,62028.57142857143,59743.333333333336,0.026229508196721207,0.02604828041529076
2025-07-14,62300.0,62600.0,61800.0,62500.0,13563846,Samsung,61842.857142857145,59956.666666666664,-0.0015974440894568342,0.01694604760606075
2025-07-15,62300.0,63800.0,62000.0,63700.0,18442202,Samsung,61900.0,60206.666666666664,0.019200000000000106,0.018609840139460224
2025-07-16,63700.0,64700.0,63100.0,64700.0,23042660,Samsung,62328.57142857143,60470.0,0.01569858712715866,0.015053881273863028
2025-07-17,65900.0,66800.0,64400.0,66700.0,39448683,Samsung,63085.71428571428,60766.666666666664,0.03091190108191655,0.01640605253454368
2025-07-18,67000.0,67800.0,66300.0,67100.0,23951531,Samsung,64042.857142857145,61033.333333333336,0.0059970014992503096,0.011396964588634262
2025-07-21,67400.0,68800.0,67200.0,67800.0,17723148,Samsung,65014.28571428572,61300.0,0.010432190760059523,0.011360105620366562
2025-07-22,68100.0,68500.0,65600.0,66000.0,20829006,Samsung,65500.0,61526.666666666664,-0.026548672566371723,0.01827928474550775
2025-07-23,66200.0,66500.0,64900.0,66400.0,15687058,Samsung,66057.14285714286,61743.333333333336,0.0060606060606061,0.017852344237344997
2025-07-24,66500.0,66800.0,65900.0,66000.0,12660193,Samsung,66385.71428571429,61960.0,-0.0060240963855421326,0.017953783675874923
2025-07-25,65700.0,66300.0,65500.0,65900.0,8080910,Samsung,66557.14285714286,62213.333333333336,-0.0015151515151514694,0.017450882387051454
2025-07-28,68200.0,70400.0,67200.0,70400.0,35332500,Samsung,67085.71428571429,62653.333333333336,0.06828528072837625,0.029236850562405495
2025-07-29,70800.0,70800.0,68800.0,70600.0,28190940,Samsung,67585.71428571429,63070.0,0.0028409090909091717,0.029298923334162272
2025-07-30,71000.0,73700.0,70600.0,72600.0,34761444,Samsung,68271.42857142857,63496.666666666664,0.028328611898017053,0.030344598953360308
2025-07-31,73000.0,74000.0,71000.0,71400.0,26568072,Samsung,69042.85714285714,63903.333333333336,-0.016528925619834656,0.028502391020012483
2025-08-01,70200.0,72000.0,68800.0,68900.0,24038534,Samsung,69400.0,64216.666666666664,-0.03501400560224088,0.03361146174704971
2025-08-04,69500.0,70200.0,68700.0,69700.0,14780072,Samsung,69928.57142857143,64606.666666666664,0.011611030478954953,0.03323917971130842
2025-08-05,71000.0,71500.0,69700.0,69900.0,14392903,Samsung,70500.0,64920.0,0.0028694404591105283,0.03306453632123321
2025-08-06,69200.0,69400.0,68300.0,68800.0,12542415,Samsung,70271.42857142857,65170.0,-0.01573676680972813,0.02095084584691184
2025-08-07,70800.0,71000.0,69700.0,70500.0,15008213,Samsung,70257.14285714286,65513.333333333336,0.024709302325581328,0.02346249934153201
2025-08-08,71000.0,72400.0,70700.0,71800.0,22241128,Samsung,70142.85714285714,65880.0,0.018439716312056653,0.02170695160336932
2025-08-11,72000.0,72100.0,70800.0,71000.0,11354253,Samsung,70085.71428571429,66253.33333333333,-0.011142061281337101,0.02116915144654348
2025-08-12,71100.0,72400.0,71100.0,71100.0,15797656,Samsung,70400.0,66616.66666666667,0.0014084507042253502,0.014830450083397137
2025-08-13,71900.0,72100.0,71400.0,71900.0,12305742,Samsung,70714.28571428571,66986.66666666667,0.011251758087201136,0.0148027148338046
2025-08-14,71900.0,71900.0,71200.0,71600.0,11946122,Samsung,70957.14285714286,67246.66666666667,-0.004172461752433909,0.015170114706114764
