Date,Close,Volume,Open,High,Low,Asset_Name,MA_7,MA_30,Daily_Return,Volatility_7
2014-12-08,14.2907,138260571,14.7693,14.9907,14.156,Tesla,,,,
2014-12-09,14.4593,141405904,13.956,14.5153,13.618,Tesla,,,0.011797882538993942,
2014-12-10,13.9893,109622540,14.2753,14.4513,13.8467,Tesla,,,-0.032505031363897374,
2014-12-11,13.9253,100266835,14.0353,14.362,13.882,Tesla,,,-0.004574925121342721,
2014-12-12,13.8,107507556,13.6547,14.112,13.6333,Tesla,,,-0.008998010814847746,
2014-12-15,13.6027,77934666,13.9527,13.9867,13.5113,Tesla,,,-0.014297101449275429,
2014-12-16,13.1873,126242622,13.3927,13.5787,13.0247,Tesla,13.893514285714286,,-0.03053805494497419,
2014-12-17,13.7213,110445485,12.8707,13.7767,12.8433,Tesla,13.812171428571428,,0.04049350511476946,0.02536820151118898
2014-12-18,14.5507,111976774,14.1587,14.5627,14.12,Tesla,13.825228571428571,,0.06044616763717725,0.035530626650828664
2014-12-19,14.6193,103530863,14.6793,14.6933,14.3,Tesla,13.915228571428571,,0.004714549815472813,0.03223786310714157
2014-12-22,14.84,72038169,14.6667,14.9373,14.5507,Tesla,14.045900000000001,,0.015096482047703974,0.031942213137968675
2014-12-23,14.7313,67643141,14.9207,14.9543,14.635,Tesla,14.178942857142857,,-0.007324797843665798,0.03178607594054622
2014-12-24,14.8173,20002760,14.6513,14.8333,14.6167,Tesla,14.352457142857142,,0.005837909756776449,0.03010894623713307
2014-12-26,15.188,49866530,14.7673,15.2333,14.7667,Tesla,14.638271428571429,,0.025018053221572245,0.023392793542181517
2014-12-29,15.0473,42044709,15.1267,15.194,14.9347,Tesla,14.827700000000002,,-0.009263892546747532,0.023898799293954623
2014-12-30,14.8153,43474058,14.9327,15.0436,14.76,Tesla,14.865499999999999,,-0.015418048420646868,0.014361754300836912
2014-12-31,14.8273,35894187,14.8727,15.0453,14.8167,Tesla,14.895214285714287,,0.0008099734733686415,0.014344733601911042
2015-01-02,14.6207,71298549,14.858,14.8833,14.2173,Tesla,14.863885714285715,,-0.01393375732601354,0.014159033662287534
2015-01-05,14.006,80332235,14.3033,14.4333,13.8108,Tesla,14.760271428571428,,-0.042043130629860315,0.020828866512341535
2015-01-06,14.0853,93864718,14.004,14.28,13.614,Tesla,14.6557,,0.005661859203198727,0.020810881618825473
2015-01-07,14.0633,44479928,14.2233,14.3187,13.9853,Tesla,14.495028571428573,,-0.0015619120643507456,0.015815409349597333
2015-01-08,14.041,51523489,14.1873,14.2533,14.0007,Tesla,14.351271428571428,,-0.0015856875697737305,0.01620293963568598
2015-01-09,13.7773,68869616,13.928,13.9987,13.664,Tesla,14.202985714285715,,-0.018780713624385714,0.01644787440377403
2015-01-12,13.4807,89184060,13.5367,13.6313,13.2833,Tesla,14.010614285714285,,-0.021528165896075424,0.016118341796363993
2015-01-13,13.6167,63715528,13.5547,13.8407,13.3941,Tesla,13.867185714285714,,0.010088496888143839,0.01838294636292726
2015-01-14,12.846,172745014,12.3887,13.0133,12.3333,Tesla,13.701471428571427,,-0.05659961664720525,0.0228878826102745
2015-01-15,12.7913,78071616,12.966,13.05,12.6667,Tesla,13.516614285714285,,-0.004258134827962001,0.021894449961580666
2015-01-16,12.8713,53862798,12.7133,12.966,12.6433,Tesla,13.34632857142857,,0.006254250936183148,0.022783671588842865
2015-01-20,12.7953,67360181,12.9247,12.9413,12.4693,Tesla,13.16837142857143,,-0.005904609480005929,0.0225004886814878
2015-01-21,13.1047,62161784,12.6367,13.2453,12.634,Tesla,13.072285714285714,14.017066666666667,0.024180753870561844,0.026203121351274755
2015-01-22,13.4413,61556264,13.1333,13.5493,13.0133,Tesla,13.066657142857142,13.988753333333333,0.025685441101284345,0.027814304303697298
2015-01-23,13.4193,51615754,13.3527,13.5667,13.222,Tesla,13.038457142857142,13.954086666666665,-0.0016367464456563674,0.027450622741485523
2015-01-26,13.77,48466791,13.4553,13.908,13.4033,Tesla,13.170457142857144,13.946776666666667,0.02613400102836949,0.01479357280562591
2015-01-27,13.732,41668869,13.628,13.8687,13.5533,Tesla,13.304842857142857,13.940333333333333,-0.0027596223674655196,0.014560773520488901
2015-01-28,13.2913,47092191,13.7407,13.7579,13.228,Tesla,13.364842857142856,13.923376666666666,-0.032092921642877914,0.021760862388752678
2015-01-29,13.68,53138628,13.4047,13.732,13.1,Tesla,13.49122857142857,13.925953333333332,0.029244693897511942,0.022904168978382353
2015-01-30,13.5733,45018997,13.5973,13.8313,13.5333,Tesla,13.558171428571429,13.93882,-0.007799707602339168,0.022751791099190427
2015-02-02,14.0627,62157719,13.598,14.13,13.5533,Tesla,13.646942857142857,13.950199999999999,0.03605608068782096,0.024569060996558943
2015-02-03,14.5573,72237474,14.2147,14.6913,14.0847,Tesla,13.809514285714284,13.95042,0.035171055344990654,0.026352743630983687
2015-02-04,14.57,49566230,14.5527,14.7653,14.4533,Tesla,13.9238,13.948776666666667,0.000872414527419263,0.025817812792977082
2015-02-05,14.7327,52774714,14.6587,15.032,14.6425,Tesla,14.066757142857142,13.9452,0.011166781056966224,0.025348234720009372
2015-02-06,14.4907,48537816,14.8,14.8933,14.4333,Tesla,14.238100000000001,13.937180000000001,-0.01642604546349269,0.021349999296865832
2015-02-09,14.4987,52046614,14.3587,14.5287,14.1327,Tesla,14.355057142857143,13.92656,0.000552078229484998,0.02035571583040098
2015-02-10,14.4193,80232890,14.5033,14.7,14.3333,Tesla,14.475914285714284,13.900936666666666,-0.00547635305234262,0.02006222126300339
2015-02-11,14.1867,135796177,14.1473,14.316,13.8187,Tesla,14.493628571428571,13.872250000000001,-0.01613115754578931,0.01783846217866554
2015-02-12,13.5253,234402333,12.9047,13.5392,12.8853,Tesla,14.3462,13.82925,-0.04662113105937249,0.018785792098661696
2015-02-13,13.5847,92223059,13.5267,13.7327,13.394,Tesla,14.205442857142856,13.787830000000001,0.004391769498643283,0.019177482263360298
2015-02-17,13.6233,59468295,13.7133,13.7133,13.4333,Tesla,14.046957142857142,13.754583333333333,0.0028414319050107384,0.017874965180572383
2015-02-18,13.6307,40663450,13.6113,13.7447,13.5067,Tesla,13.9241,13.742073333333332,0.0005431870398506788,0.018161864409735537
2015-02-19,14.1137,77058006,13.6667,14.1627,13.5833,Tesla,13.8691,13.743020000000001,0.035434717219218426,0.024690076088788426
2015-02-20,14.474,89675595,14.052,14.5067,13.9873,Tesla,13.876914285714287,13.75671,0.025528387311619216,0.026967873880338583
2015-02-23,13.8223,127306901,14.3773,14.5467,13.7553,Tesla,13.824857142857143,13.749419999999999,-0.04502556307862371,0.03178270631392104
2015-02-24,13.6073,98809421,13.8193,13.8193,13.4467,Tesla,13.836571428571428,13.743753333333332,-0.015554574853678504,0.026440844585497753
2015-02-25,13.584,58612546,13.6627,13.8093,13.5053,Tesla,13.836471428571429,13.747196666666667,-0.0017123161832252043,0.02641735931560046
2015-02-26,13.8127,97020251,13.6,14.0727,13.4813,Tesla,13.863528571428573,13.75373,0.01683598351001181,0.0271613750144083
2015-02-27,13.556,58070926,13.7933,13.9033,13.52,Tesla,13.852857142857143,13.777396666666666,-0.01858434629000849,0.028304802241030193
2015-03-02,13.155,118655971,13.5133,13.556,13.055,Tesla,13.715900000000001,13.78952,-0.02958099734434938,0.02505112292649441
2015-03-03,13.304,66461967,13.1207,13.3496,13.0213,Tesla,13.548757142857143,13.803943333333333,0.011326491828202334,0.02212400044753094
2015-03-04,13.4957,63228793,13.2833,13.5013,13.1473,Tesla,13.5021,13.82729,0.014409200240529163,0.0183029919488128
2015-03-05,13.3753,73051928,13.5233,13.746,13.3433,Tesla,13.46895714285714,13.83631,-0.008921360136932455,0.017723255593469354
2015-03-06,12.9253,100581715,13.2807,13.3833,12.8101,Tesla,13.374857142857142,13.819109999999998,-0.033644105178949224,0.021291491825980283
2015-03-09,12.7253,100987615,12.9593,12.966,12.55,Tesla,13.219514285714284,13.795976666666666,-0.015473528660843394,0.018629033705952633
2015-03-10,12.688,83085573,12.564,12.9,12.5067,Tesla,13.095514285714286,13.759909999999998,-0.002931168616849944,0.018575696143904582
2015-03-11,12.916,74526053,12.7433,13.0787,12.734,Tesla,13.061371428571428,13.73271,0.017969735182849833,0.018600101192088356
2015-03-12,12.738,62096504,12.9167,12.9633,12.65,Tesla,12.980514285714284,13.714266666666667,-0.013781356457107541,0.017904886222408045
2015-03-13,12.5787,81319354,12.5967,12.7833,12.488,Tesla,12.849514285714283,13.677556666666668,-0.01250588789448892,0.015507776524625493
2015-03-16,13.0467,84255378,12.8,13.0607,12.6533,Tesla,12.802571428571428,13.660003333333332,0.0372057525817453,0.02365311770821383
2015-03-17,12.982,73353938,13.0287,13.2473,12.9293,Tesla,12.810671428571428,13.62398,-0.004959108433550297,0.019671286624115304
2015-03-18,13.3807,71953059,12.9973,13.392,12.874,Tesla,12.904300000000001,13.58476,0.030711754737328567,0.021007592968180642
2015-03-19,13.0433,127032626,13.4667,13.6393,12.9687,Tesla,12.955057142857143,13.53387,-0.025215422212589655,0.024267366835294298
2015-03-20,13.2053,63751108,13.1633,13.266,13.0414,Tesla,12.996385714285713,13.482956666666666,0.012420169742319631,0.023829382616284454
2015-03-23,13.3087,39337360,13.2333,13.3667,13.1647,Tesla,13.077914285714286,13.443556666666666,0.007830189393652542,0.02259894188908523
2015-03-24,13.448,54612963,13.4387,13.586,13.3167,Tesla,13.202100000000002,13.408533333333333,0.010466837482248526,0.02098997839328636
2015-03-25,12.9533,85823687,13.218,13.2393,12.8467,Tesla,13.188757142857144,13.359666666666666,-0.03678613920285545,0.023372341003557034
2015-03-26,12.6937,61802729,12.928,12.986,12.6467,Tesla,13.147571428571428,13.3099,-0.020041225016019126,0.024489191457514655
2015-03-27,12.3333,128948381,12.6047,12.6193,12.0933,Tesla,12.997942857142858,13.270166666666665,-0.028392036994729697,0.0208729503119694
2015-03-30,12.7047,150934575,12.39,12.8167,12.12,Tesla,12.949571428571428,13.240833333333333,0.030113594901608032,0.024859479174792972
2015-03-31,12.5847,75269212,12.902,12.9173,12.5607,Tesla,12.860914285714285,13.206213333333332,-0.009445323384259408,0.023882536197915062
2015-04-01,12.506,56872157,12.58,12.82,12.4033,Tesla,12.746242857142859,13.168723333333334,-0.006253625434058829,0.023041950333805135
2015-04-02,12.7333,75071092,12.682,12.882,12.6667,Tesla,12.644142857142855,13.12271,0.018175275867583496,0.024258246481161073
2015-04-06,13.54,186341457,13.2,13.85,13.1667,Tesla,12.727957142857141,13.091576666666667,0.06335356898840039,0.032312185831852275
2015-04-07,13.55,65104392,13.5007,13.6707,13.4093,Tesla,12.850285714285715,13.082500000000001,0.0007385524372232055,0.0303304063346654
2015-04-08,13.8447,94195648,13.88,14.06,13.7247,Tesla,13.066199999999998,13.090413333333334,0.021749077490774926,0.025327947045450067
2015-04-09,14.006,56697767,13.8953,14.0247,13.7413,Tesla,13.2521,13.104479999999999,0.011650667764559808,0.02467785913718919
2015-04-10,14.06,60312720,13.99,14.11,13.9333,Tesla,13.462857142857144,13.112723333333332,0.0038554905040697474,0.023001650618894972
2015-04-13,13.9853,56358272,14.029,14.2,13.9367,Tesla,13.674185714285715,13.127033333333333,-0.005312944523470864,0.022850987830155337
2015-04-14,13.8307,45286282,13.9047,13.966,13.7,Tesla,13.830957142857143,13.149556666666667,-0.011054464330404135,0.025022050332384402
2015-04-15,13.8553,29157015,13.8307,13.9727,13.7733,Tesla,13.876000000000001,13.167933333333334,0.0017786518397477913,0.010797425337323023
2015-04-16,13.78,24855258,13.8467,13.9447,13.7527,Tesla,13.908857142857144,13.17741,-0.005434743383398444,0.011286680052052495
2015-04-17,13.786,36983247,13.666,13.792,13.5667,Tesla,13.90047142857143,13.1911,0.0004354136429607358,0.0074334911587348226
2015-04-20,13.6847,38383676,13.7853,13.8567,13.59,Tesla,13.854571428571429,13.216413333333334,-0.007348034237632417,0.005417169980079633
2015-04-21,13.9607,51242629,13.72,14.05,13.6207,Tesla,13.840385714285715,13.257593333333334,0.0201685093571653,0.010308068222372613
2015-04-22,14.6293,117832636,14.1667,14.792,14.1127,Tesla,13.932385714285715,13.322303333333334,0.047891581367696556,0.020822269572545227
2015-04-23,14.5733,66125727,14.5513,14.7653,14.4767,Tesla,14.038471428571427,13.377546666666666,-0.0038279343509259878,0.019960434246585956
2015-04-24,14.5617,36395322,14.7,14.72,14.534,Tesla,14.139385714285712,13.438336666666665,-0.00079597620305627,0.02011016280664101
2015-04-27,15.4367,174886413,14.8373,15.9167,14.8,Tesla,14.37605714285714,13.533603333333334,0.06008913794405868,0.02719650957127982
2015-04-28,15.3653,91202624,15.65,15.7,15.202,Tesla,14.601671428571427,13.610890000000001,-0.004625340908354758,0.02776106393653034
2015-04-29,15.4967,58969276,15.3367,15.6647,15.1753,Tesla,14.860528571428572,13.694713333333333,0.008551736705433743,0.026141686711434946
2015-04-30,15.07,58383421,15.3593,15.526,15.0113,Tesla,15.019,13.751023333333334,-0.027534894525931386,0.03126166254287798
2015-05-01,15.0687,79153820,15.3293,15.4513,14.6937,Tesla,15.081771428571429,13.818536666666667,-8.626410086265413e-05,0.02687781106049021
2015-05-04,15.3673,66408852,15.212,15.6487,15.1407,Tesla,15.1952,13.890603333333333,0.01981590979978365,0.027135567837375384
2015-05-05,15.53,86740922,15.8507,15.9667,15.2753,Tesla,15.333528571428571,13.964646666666665,0.010587416136861982,0.026866190081405547
2015-05-06,15.362,76256602,15.6067,15.6313,15.2133,Tesla,15.322857142857144,14.028446666666667,-0.010817772054088848,0.01566354293042233
2015-05-07,15.7867,141598459,14.7333,15.832,14.6833,Tesla,15.383057142857142,14.122893333333334,0.027646139825543425,0.018726563236114303
2015-05-08,15.774,69981640,15.7327,15.894,15.58,Tesla,15.422671428571428,14.22557,-0.0008044746527140489,0.01868331676324452
2015-05-11,15.966,84956958,15.7527,16.192,15.6873,Tesla,15.550671428571428,14.346660000000002,0.012171928489920214,0.013202267146311841
2015-05-12,16.316,95186907,16.0073,16.4233,15.8793,Tesla,15.72885714285714,14.467036666666667,0.021921583364649777,0.013473609196221687
2015-05-13,16.212,81490294,16.5073,16.5533,16.15,Tesla,15.84952857142857,14.587946666666666,-0.006374111301789553,0.014385903528816416
2015-05-14,16.2733,42706224,16.3213,16.326,16.0833,Tesla,15.955714285714283,14.713523333333333,0.003781149765605729,0.014393084111603721
2015-05-15,16.5893,67790021,16.262,16.6267,16.1667,Tesla,16.131042857142855,14.842056666666668,0.01941831097564739,0.01266129841792866
2015-05-18,16.5833,50248940,16.4667,16.66,16.4,Tesla,16.244842857142856,14.9435,-0.0003616789135165721,0.010861767769397783
2015-05-19,16.476,55022957,16.562,16.7333,16.41,Tesla,16.34512857142857,15.041033333333333,-0.006470364764552428,0.01172633329305007
2015-05-20,16.29,56242157,16.4753,16.516,16.0915,Tesla,16.391414285714287,15.122543333333333,-0.011289147851420211,0.013046198937124524
2015-05-21,16.3747,29498490,16.202,16.4413,16.1572,Tesla,16.3998,15.201500000000001,0.005199508901166494,0.010216787072370613
2015-05-22,16.5153,33289618,16.3587,16.5733,16.334,Tesla,16.44312857142857,15.283343333333333,0.008586416850385081,0.0100890517966093
2015-05-26,16.497,52364914,16.512,16.8,16.4333,Tesla,16.475085714285715,15.367066666666666,-0.001108063432090245,0.01017022883562571
2015-05-27,16.4953,51059794,16.5673,16.6333,16.37,Tesla,16.461657142857142,15.455886666666665,-0.00010304903921920516,0.0066714134671142485
2015-05-28,16.7633,54690918,16.4687,16.7867,16.3367,Tesla,16.48737142857143,15.552819999999999,0.016247052190623945,0.009289732856636616
2015-05-29,16.72,56776652,16.7333,16.8579,16.6287,Tesla,16.522228571428574,15.650820000000001,-0.0025830236289992037,0.00883323104808487
2015-06-01,16.63,37533551,16.7607,16.7733,16.498,Tesla,16.5708,15.74562,-0.005382775119617267,0.007521895759297221
2015-06-02,16.5567,31941554,16.5947,16.6267,16.42,Tesla,16.5968,15.841353333333332,-0.004407696933253158,0.007915481226715936
2015-06-03,16.5993,26671517,16.5467,16.7147,16.4673,Tesla,16.6088,15.929306666666667,0.0025729764989399495,0.007336935631496357
2015-06-04,16.3947,36383802,16.5,16.62,16.3807,Tesla,16.594185714285715,15.988153333333335,-0.012325820968353995,0.008873977346021626
2015-06-05,16.6093,45297532,16.4,16.6467,16.3787,Tesla,16.610471428571426,16.05602,0.013089596027984651,0.010340030918298429
2015-06-08,17.086,75104122,16.7233,17.25,16.6873,Tesla,16.65657142857143,16.140163333333334,0.02870078811268373,0.013865146183246056
2015-06-09,17.0667,38940866,17.0267,17.1827,16.9427,Tesla,16.7061,16.194496666666666,-0.0011295797729133916,0.013781569484846663
2015-06-10,16.7133,51789439,16.7933,16.9333,16.5667,Tesla,16.718,16.239430000000002,-0.02070699080665861,0.016321292188944812
2015-06-11,16.7607,30614580,16.884,16.958,16.6953,Tesla,16.747142857142858,16.281563333333334,0.002836064690994622,0.01616290458433248
2015-06-12,16.7127,21276844,16.6807,16.8973,16.6807,Tesla,16.763342857142856,16.336319999999997,-0.00286384220229452,0.016253445805010387
2015-06-15,16.692,32743964,16.6467,16.752,16.4007,Tesla,16.805814285714284,16.39043,-0.0012385790446787226,0.015237116924390729
2015-06-16,16.8747,29713755,16.6753,16.896,16.6063,Tesla,16.843728571428574,16.44067666666667,0.010945363048166845,0.015012626174694038
2015-06-17,17.3607,82508359,16.8113,17.624,16.8013,Tesla,16.88297142857143,16.501700000000003,0.028800512009102386,0.015041803651090079
2015-06-18,17.4593,41721594,17.4667,17.564,17.3347,Tesla,16.939057142857145,16.57161,0.005679494490429482,0.014997302391282856
2015-06-19,17.5007,36883482,17.4933,17.5867,17.34,Tesla,17.05154285714286,16.628743333333333,0.002371229087076765,0.010767497442287397
2015-06-22,17.3193,68386046,17.4767,17.6267,17.046,Tesla,17.131342857142858,16.680253333333333,-0.010365299673727346,0.012554130991639571
2015-06-23,17.8447,57969001,17.3547,17.8667,17.238,Tesla,17.29305714285714,16.742876666666668,0.030336099034025787,0.01518828819938921
2015-06-24,17.678,36172362,17.7987,17.8233,17.5813,Tesla,17.433914285714284,16.78827666666667,-0.009341709303042345,0.01640367915201047
2015-06-25,17.9193,42674874,17.7633,18.094,17.6833,Tesla,17.583142857142857,16.845186666666667,0.013649734132820335,0.01650661176810887
2015-06-26,17.806,57444871,17.926,17.9407,17.7333,Tesla,17.646757142857144,16.89627666666667,-0.006322791626904967,0.014620399971553953
2015-06-29,17.468,52071754,17.4633,17.73,17.38,Tesla,17.648,16.925566666666665,-0.018982365494777054,0.01686699610386684
2015-06-30,17.884,46266502,17.6533,18.0613,17.6,Tesla,17.702757142857145,16.968923333333333,0.02381497595603399,0.019124910444512266
2015-07-01,17.9433,31500269,18.074,18.1747,17.8567,Tesla,17.7919,17.017833333333332,0.003315813017222169,0.01817650091979984
2015-07-02,18.668,107333721,18.6797,18.83,18.2207,Tesla,17.909514285714287,17.0971,0.040388334364358736,0.020712600125821518
2015-07-06,18.648,61638854,18.592,18.7793,18.42,Tesla,18.048085714285715,17.172876666666664,-0.0010713520462823922,0.01986726898019599
2015-07-07,17.8587,91445729,18.3333,18.3467,17.3847,Tesla,18.03942857142857,17.217656666666667,-0.04232625482625485,0.027086689970774177
2015-07-08,16.9973,93189103,17.288,17.3867,16.954,Tesla,17.9239,17.234333333333332,-0.0482341939782851,0.032719975399792156
2015-07-09,17.1947,49946435,17.272,17.53,17.1193,Tesla,17.884857142857143,17.25764666666667,0.01161360922028809,0.032764615512239414
2015-07-10,17.2767,39078205,17.4813,17.5333,17.188,Tesla,17.7981,17.27476,0.004768911350590654,0.031029209968889394
2015-07-13,17.4773,44270933,17.4833,17.5033,17.07,Tesla,17.731528571428573,17.300003333333333,0.011611013677380377,0.031532062976541396
2015-07-14,17.71,28583521,17.4733,17.7327,17.3673,Tesla,17.594671428571427,17.336003333333334,0.013314413553580984,0.026542797142226102
2015-07-15,17.5427,30102885,17.7827,17.8327,17.472,Tesla,17.43677142857143,17.36887,-0.009446640316205568,0.026409496346740464
2015-07-16,17.7787,23973783,17.6147,17.8133,17.544,Tesla,17.42534285714286,17.408183333333334,0.013452889235978427,0.022602530601031564
2015-07-17,18.3107,74950298,18.1667,18.3693,17.8833,Tesla,17.612971428571427,17.47205,0.02992344772114941,0.011737885739029993
2015-07-20,18.8173,74546273,18.3333,19.11,18.1693,Tesla,17.844771428571427,17.545650000000002,0.027666883297743805,0.013387457981973393
2015-07-21,17.7847,91374434,18.0033,18.2333,17.77,Tesla,17.917342857142856,17.56894,-0.054875035206963685,0.029187244072715748
2015-07-22,17.858,46459867,17.418,17.9627,17.3907,Tesla,17.97172857142857,17.59531666666667,0.004121520183078653,0.029020823883980484
2015-07-23,17.8133,33337198,17.9767,17.9933,17.6847,Tesla,17.986485714285713,17.63198333333333,-0.0025030798521670228,0.02873926972114945
2015-07-24,17.694,42517794,17.8253,18.0727,17.5947,Tesla,18.008100000000002,17.663093333333336,-0.006697243071188574,0.028588040924453113
2015-07-27,16.8673,70333075,17.4953,17.6288,16.7193,Tesla,17.8779,17.66824666666667,-0.04672205267322249,0.03311342973230236
2015-07-28,17.6547,58189921,17.05,17.6933,16.7892,Tesla,17.784185714285712,17.700336666666665,0.0466820415834186,0.036646291643200164
2015-07-29,17.588,41743269,17.618,17.8593,17.4667,Tesla,17.60857142857143,17.724113333333335,-0.0037780307793390255,0.03384974807708236
2015-07-30,17.786,30459060,17.5127,17.796,17.474,Tesla,17.608757142857144,17.73829,0.011257675687968982,0.02759976200185741
2015-07-31,17.7433,33270043,17.84,17.9573,17.6749,Tesla,17.59237142857143,17.747756666666664,-0.0024007646463510834,0.02756078185419908
2015-08-03,17.3327,38207441,17.7527,17.7807,17.138,Tesla,17.523714285714284,17.74215666666667,-0.02314112932768997,0.02887167370705759
2015-08-04,17.752,35042262,17.334,17.7813,17.2227,Tesla,17.532,17.75658,0.02419126852711928,0.03061690281133437
2015-08-05,18.0087,89538630,17.572,18.0667,17.36,Tesla,17.69505714285714,17.762046666666667,0.014460342496620315,0.022395403635665004
2015-08-06,16.4087,219267190,16.636,17.0,15.7413,Tesla,17.517057142857144,17.719736666666666,-0.08884594668132628,0.03808901772469429
2015-08-07,16.1673,76043992,16.2387,16.2487,15.8927,Tesla,17.3141,17.661336666666667,-0.014711707813537811,0.03802739207095784
2015-08-10,16.076,62689574,15.8767,16.198,15.7367,Tesla,17.069814285714283,17.60367,-0.0056472014498401,0.036874425967551576
2015-08-11,15.8247,63913348,15.81,15.9533,15.6293,Tesla,16.795728571428572,17.548893333333336,-0.01563199800945514,0.0365345785597521
2015-08-12,15.878,55952042,15.6667,15.9847,15.516,Tesla,16.587914285714287,17.482026666666666,0.0033681523188433538,0.03699581100506754
2015-08-13,16.1673,70249915,15.9907,16.432,15.9413,Tesla,16.361528571428572,17.422826666666666,0.018220178863836756,0.03608442910326212
2015-08-14,16.21,65410362,16.4827,16.5287,16.118,Tesla,16.10457142857143,17.340893333333334,0.0026411336463108004,0.034858293328443264
2015-08-17,16.9993,107525886,17.0373,17.106,16.7007,Tesla,16.188942857142855,17.285936666666665,0.04869216533004317,0.022431624833348065
2015-08-18,17.3813,62790734,17.0253,17.3967,16.904,Tesla,16.36237142857143,17.27002333333333,0.022471513532910103,0.021282795908539206
2015-08-19,17.0167,53984028,17.3553,17.3767,17.0013,Tesla,16.496757142857142,17.27067,-0.020976566770034455,0.023863869465931355
2015-08-20,16.1453,73382513,16.804,16.9707,16.1267,Tesla,16.54255714285714,17.235689999999998,-0.051208518690462945,0.032175494627944806
2015-08-21,15.3847,98676476,15.7333,16.2533,15.3673,Tesla,16.472085714285715,17.172623333333334,-0.04710968517153591,0.037394881909062115
2015-08-24,14.5913,143437188,13.5193,15.4267,13.0,Tesla,16.24694285714286,17.07642333333333,-0.05157071636106003,0.03974551652235441
2015-08-25,14.6687,64705153,15.368,15.3933,14.608,Tesla,16.026757142857143,16.975046666666668,0.0053045307820411836,0.039942137104545486
2015-08-26,14.9893,74269463,15.1953,15.2,14.3673,Tesla,15.739614285714284,16.889933333333335,0.021856060864289262,0.033794320958742914
2015-08-27,16.1993,114686538,15.4,16.3167,15.3873,Tesla,15.570757142857143,16.837286666666667,0.08072424996497518,0.04898429725981179
2015-08-28,16.5653,82609999,16.124,16.7633,16.1047,Tesla,15.506271428571427,16.779106666666667,0.022593568857913526,0.04996673719379509
2015-08-31,16.604,70325560,16.3747,16.9967,16.3673,Tesla,15.5718,16.70533,0.002336208822055763,0.04518585538970377
2015-09-01,15.9087,81658474,16.0227,16.4,15.798,Tesla,15.646657142857142,16.642796666666666,-0.04187545169838591,0.044215077998684495
2015-09-02,16.5127,68862821,16.3533,16.5253,15.9853,Tesla,15.921142857142858,16.597953333333333,0.0379666471804736,0.03732595471205682
2015-09-03,16.3713,62772089,16.804,16.8053,16.3333,Tesla,16.164371428571428,16.549886666666666,-0.008563105972978158,0.038487715243898026
2015-09-04,16.1287,55311812,16.0593,16.2727,15.88,Tesla,16.327142857142857,16.497709999999998,-0.014818615503961352,0.040089497862009
2015-09-08,16.5447,46948042,16.3367,16.6107,16.27,Tesla,16.376485714285714,16.486956666666668,0.02579253132614534,0.02766069505770776
2015-09-09,16.594,50774690,16.8033,16.95,16.5535,Tesla,16.380585714285715,16.4516,0.0029798062219321686,0.026348457332791248
2015-09-10,16.5653,40603090,16.482,16.7149,16.3553,Tesla,16.37505714285714,16.41751,-0.0017295407978787924,0.026347214792775412
2015-09-11,16.6827,35202012,16.5093,16.6827,16.3153,Tesla,16.485628571428574,16.380733333333335,0.007087103765099245,0.018809206660455696
2015-09-14,16.8793,43284128,16.74,16.95,16.6447,Tesla,16.538,16.35193333333333,0.011784663154045916,0.013457439036050137
2015-09-15,16.9047,43974083,16.85,16.9733,16.6333,Tesla,16.6142,16.337666666666667,0.00150480173940859,0.012491707287984358
2015-09-16,17.4833,66085557,16.8693,17.5253,16.8587,Tesla,16.807714285714287,16.328709999999997,0.03422716759244482,0.013464062869050435
2015-09-17,17.4713,53628288,17.5973,17.7,17.3793,Tesla,16.940085714285715,16.310796666666665,-0.0006863692781111652,0.012519513565416324
2015-09-18,17.3747,56409632,17.1973,17.588,17.1667,Tesla,17.051614285714287,16.342996666666668,-0.005529067670980381,0.013452980343272398
2015-09-21,17.6133,91719179,17.5987,18.1047,17.0533,Tesla,17.201328571428572,16.391196666666666,0.013732611210553136,0.01310984533902525
2015-09-22,17.396,54909618,17.2687,17.51,17.058,Tesla,17.30322857142857,16.435196666666666,-0.012337267860082934,0.015405888593880271
2015-09-23,17.404,38957531,17.4633,17.472,17.1723,Tesla,17.378185714285713,16.48784,0.0004598758335248032,0.015303655787097291
2015-09-24,17.5413,51639994,17.302,17.5633,17.0807,Tesla,17.469128571428573,16.543283333333335,0.007888991036543391,0.015286904576143519
2015-09-25,17.1273,56570897,17.774,17.794,17.0767,Tesla,17.418271428571426,16.575283333333335,-0.023601443450599335,0.012474984365955776
2015-09-28,16.562,73396658,17.1567,17.3193,16.4407,Tesla,17.28837142857143,16.587016666666667,-0.03300578608420479,0.016773431984270067
2015-09-29,16.4433,55439552,16.6973,16.982,16.364,Tesla,17.155314285714287,16.568483333333333,-0.007167008815360476,0.016753017982288364
2015-09-30,16.56,73886228,16.8,16.8267,16.156,Tesla,17.004842857142858,16.541106666666668,0.007097115542500365,0.015476019017307009
2015-10-01,15.992,68523881,16.5007,16.5667,15.8087,Tesla,16.80427142857143,16.50695,-0.034299516908212424,0.018310807776254424
2015-10-02,16.5047,66114192,15.7067,16.5133,15.662,Tesla,16.675800000000002,16.51893,0.032059779889944906,0.024639703769445503
2015-10-05,16.41,55267322,16.5893,16.656,16.2753,Tesla,16.514185714285713,16.553106666666665,-0.005737759547280397,0.023763343920416312
2015-10-06,16.0973,78520146,16.0,16.202,15.7053,Tesla,16.36704285714286,16.603306666666665,-0.019055453991468574,0.023364096067924365
2015-10-07,15.464,102066444,15.7753,15.8467,15.2747,Tesla,16.210185714285714,16.629816666666667,-0.03934200145365996,0.02455994098109751
2015-10-08,15.1147,91889864,15.3387,15.3813,14.754,Tesla,16.020385714285716,16.633996666666665,-0.02258794619762039,0.025004221368138815
2015-10-09,14.7127,92306264,14.7287,14.958,14.5573,Tesla,15.756485714285715,16.584443333333333,-0.026596624478157027,0.024006917853060628
2015-10-12,14.372,57242536,14.866,14.8667,14.3513,Tesla,15.525057142857142,16.511333333333333,-0.023156864477628214,0.02297801924683395
2015-10-13,14.6167,77522391,14.2187,14.8348,14.0753,Tesla,15.255342857142855,16.44509,0.017026161981630983,0.01802408579369172
2015-10-14,14.4587,46416517,14.7113,14.73,14.362,Tesla,14.976585714285715,16.396756666666665,-0.010809553455978449,0.017589589997943255
2015-10-15,14.754,42538779,14.4287,14.782,14.2467,Tesla,14.784685714285713,16.338133333333335,0.020423689543319856,0.022702063624909712
2015-10-16,15.134,64913578,14.8693,15.3654,14.858,Tesla,14.737542857142857,16.29689,0.025755727260404093,0.023037020928292927
2015-10-19,15.2067,37602521,15.1,15.41,14.996,Tesla,14.750685714285714,16.266156666666667,0.004803753138628242,0.021393133776988982
2015-10-20,14.202,223155188,15.1813,15.24,13.4667,Tesla,14.677728571428572,16.188066666666668,-0.06606956144331111,0.03231407107179505
2015-10-21,14.006,62669309,14.1327,14.3207,13.92,Tesla,14.625442857142858,16.1018,-0.013800873116462498,0.03160307381509576
2015-10-22,14.1147,42281994,14.104,14.3833,13.96,Tesla,14.553728571428573,16.020113333333335,0.007760959588747562,0.03079661980349931
2015-10-23,13.9393,63396133,14.3333,14.3567,13.846,Tesla,14.47952857142857,15.928666666666667,-0.012426760752973887,0.030857302765948804
2015-10-26,14.3507,50823380,14.092,14.392,14.0,Tesla,14.421914285714285,15.84438,0.029513677157389617,0.03225499148193658
2015-10-27,14.0233,52692454,14.3227,14.4733,13.834,Tesla,14.263242857142858,15.748333333333333,-0.022814218121763985,0.030063696295640215
2015-10-28,14.1973,40903180,14.0873,14.23,13.8867,Tesla,14.119042857142857,15.6388,0.012407921102736141,0.03083355303147006
2015-10-29,14.1087,26921132,14.1167,14.2499,14.0427,Tesla,14.105714285714285,15.526713333333333,-0.006240623217090513,0.01818923069491918
2015-10-30,13.7953,66486462,14.0267,14.1087,13.5927,Tesla,14.075614285714284,15.4074,-0.022213244310248403,0.01942714379263632
2015-11-02,14.2527,58867681,13.928,14.3867,13.8147,Tesla,14.09532857142857,15.29538,0.03315621987198547,0.02349866947185299
2015-11-03,13.89,120976305,14.2567,14.296,13.85,Tesla,14.088285714285716,15.178513333333335,-0.025447809888652695,0.025246842743123353
2015-11-04,15.442,190702855,15.1333,15.516,15.0133,Tesla,14.244185714285717,15.113113333333335,0.11173506119510446,0.04917791078685691
2015-11-05,15.4513,67424126,15.372,15.639,15.2793,Tesla,14.448185714285714,15.043446666666666,0.0006022535940939377,0.04721088573287079
2015-11-06,15.4907,36663942,15.38,15.5573,15.3,Tesla,14.632957142857142,14.988893333333332,0.0025499472536292256,0.04744258167388779
2015-11-09,15.022,57692656,15.5327,15.5327,14.954,Tesla,14.763428571428573,14.93756,-0.03025686379569681,0.0499080943398223
2015-11-10,14.4333,69186085,14.8987,14.9133,14.4053,Tesla,14.854571428571429,14.870560000000001,-0.03918918918918923,0.0520996330265615
2015-11-11,14.6053,50062490,14.518,14.632,14.242,Tesla,14.904942857142856,14.805403333333334,0.011916886644079971,0.050968937913264394
2015-11-12,14.196,43702643,14.5233,14.6,14.1773,Tesla,14.948657142857144,14.745536666666668,-0.02802407345278768,0.05123035179158013
2015-11-13,13.8127,51347059,14.1967,14.1993,13.768,Tesla,14.7159,14.655803333333331,-0.027000563539025135,0.020019618728859673
2015-11-16,14.2873,43805408,13.7393,14.332,13.72,Tesla,14.549614285714286,14.585046666666667,0.0343596834796962,0.02731701954395342
2015-11-17,14.2667,32224874,14.3467,14.4,14.0933,Tesla,14.374757142857144,14.524026666666666,-0.0014418399557648565,0.027031909203547814
2015-11-18,14.738,42152979,14.3,14.7587,14.168,Tesla,14.334185714285713,14.499826666666667,0.03303496954446361,0.030077672586365588
2015-11-19,14.7867,37493876,14.7027,15.0793,14.6867,Tesla,14.384671428571428,14.488893333333333,0.0033043832270320816,0.025310081769737026
2015-11-20,14.6673,65912952,14.8993,15.0,14.2387,Tesla,14.393528571428572,14.48738,-0.008074823997240799,0.025360927968774982
2015-11-23,14.5167,37877921,14.49,14.612,14.312,Tesla,14.439342857142856,14.492203333333334,-0.01026773843856732,0.02274077484098129
2015-11-24,14.55,37175816,14.358,14.7333,14.3333,Tesla,14.54467142857143,14.48998,0.002293909772882241,0.01851277170060068
2015-11-25,15.3093,59804145,14.756,15.3883,14.6917,Tesla,14.690671428571429,14.518333333333334,0.0521855670103093,0.023390490657457554
2015-11-27,15.4407,29240280,15.404,15.4833,15.134,Tesla,14.858385714285715,14.541223333333333,0.008583018165428724,0.02286359105779361
2015-11-30,15.3507,38868056,15.4527,15.6187,15.272,Tesla,14.945914285714284,14.548446666666667,-0.005828751287182521,0.021460948702629885
2015-12-01,15.8127,55928402,15.404,15.8667,15.4033,Tesla,15.092485714285715,14.568646666666666,0.03009634739783862,0.02321192335657178
2015-12-02,15.466,44709638,15.8,15.9067,15.4153,Tesla,15.206585714285714,14.61078,-0.021925414382110597,0.025475088881666524
2015-12-03,15.514,44058473,15.6987,15.83,15.3333,Tesla,15.349057142857143,14.661046666666667,0.003103582050950404,0.024364937373448848
2015-12-04,15.3587,38580191,15.4973,15.5513,15.1773,Tesla,15.464585714285713,14.702513333333334,-0.010010313265437554,0.025416720035117416
2015-12-07,15.4087,47112936,15.18,15.7087,15.0767,Tesla,15.478785714285715,14.751493333333332,0.003255483862566466,0.01636579057465686
2015-12-08,15.1147,40233865,15.168,15.2533,14.9467,Tesla,15.432214285714284,14.77696,-0.01908013005639675,0.017538471635990562
2015-12-09,14.968,45855517,15.1133,15.1667,14.7147,Tesla,15.377542857142856,14.80845,-0.009705783111805033,0.01770632128217725
2015-12-10,15.138,31051304,14.9807,15.2327,14.9093,Tesla,15.281157142857142,14.839806666666666,0.011357562800641263,0.012411043118926216
2015-12-11,14.468,48886686,15.016,15.05,14.4427,Tesla,15.138585714285714,14.851783333333334,-0.04425947945567443,0.018514413802797173
2015-12-14,14.572,42416934,14.5007,14.728,14.3247,Tesla,15.004014285714288,14.877673333333332,0.007188277578103364,0.019028973711373867
2015-12-15,14.7393,33625273,14.788,14.8147,14.5333,Tesla,14.91552857142857,14.893893333333331,0.011480922316772002,0.020470946442384595
2015-12-16,15.634,76506607,14.8067,15.6587,14.7153,Tesla,14.947714285714286,14.952026666666665,0.060701661544306784,0.032582341908329183
2015-12-17,15.5593,49416875,15.596,15.8507,15.321,Tesla,15.011228571428571,14.955936666666666,-0.00477804784444158,0.031429690590534624
2015-12-18,15.364,45120832,15.526,15.7267,15.286,Tesla,15.067800000000002,14.953026666666664,-0.012551978559446786,0.03166269001887575
2015-12-21,15.504,29273700,15.446,15.722,15.4053,Tesla,15.120085714285713,14.953470000000001,0.00911221036188481,0.031588940627031825
2015-12-22,15.33,29382525,15.666,15.77,15.3087,Tesla,15.243228571428572,14.963736666666666,-0.011222910216718285,0.024981506144317708
2015-12-23,15.3133,23265453,15.4787,15.5633,15.2087,Tesla,15.34912857142857,14.99307,-0.0010893672537508614,0.025251792165004124
2015-12-24,15.3713,10654150,15.3707,15.4587,15.2187,Tesla,15.439414285714284,15.018603333333335,0.0037875572215002595,0.025210891198185266
2015-12-28,15.2633,28502551,15.4327,15.4653,15.036,Tesla,15.386457142857141,15.054179999999999,-0.007026081073168822,0.007890494128664369
2015-12-29,15.8127,36036552,15.3373,15.848,15.3031,Tesla,15.422657142857144,15.120846666666665,0.03599483728944586,0.01676185276440549
2015-12-30,15.8727,55416692,15.7733,16.2423,15.7114,Tesla,15.495328571428571,15.173693333333334,0.0037944184105180856,0.015411115454391866
2015-12-31,16.0007,40707235,15.9007,16.23,15.8913,Tesla,15.566285714285714,15.231493333333333,0.00806416047679348,0.015366863080133073
2016-01-04,14.894,102352599,15.3813,15.4253,14.6,Tesla,15.504,15.236693333333333,-0.06916572399957488,0.03196335139571334
2016-01-05,14.8953,47782851,15.0907,15.126,14.6667,Tesla,15.444285714285714,15.240313333333335,8.728346985376056e-05,0.03198222938668212
2016-01-06,14.6027,56615267,14.6667,14.67,14.3987,Tesla,15.334485714285716,15.238159999999999,-0.019643780252831422,0.03231744279198152
2016-01-07,14.3767,53260533,14.2793,14.5627,14.2447,Tesla,15.207828571428573,15.233493333333334,-0.015476589945695007,0.03248287031963264
2016-01-08,14.0667,53585373,14.524,14.696,14.0513,Tesla,14.9584,15.217383333333334,-0.021562667371510802,0.02614152121644543
2016-01-11,13.8567,61362614,14.2673,14.2967,13.5333,Tesla,14.6704,15.168963333333332,-0.014928874576126683,0.024662195336584803
2016-01-12,13.998,46185742,14.1067,14.2493,13.6873,Tesla,14.3843,15.120873333333334,0.010197233107449799,0.02506150798532061
2016-01-13,13.354,61814864,14.134,14.1767,13.3333,Tesla,14.1643,15.054316666666667,-0.04600657236748107,0.017738947275767185
2016-01-14,13.7453,97358636,13.4807,14.0,12.892,Tesla,14.000014285714286,14.985403333333332,0.029302081773251443,0.024223344295827905
2016-01-15,13.666,79886555,13.2647,13.6713,13.15,Tesla,13.866200000000001,14.925403333333332,-0.005769244760027048,0.023979868242228305
2016-01-19,13.648,60469035,13.914,14.0313,13.3853,Tesla,13.7621,14.863203333333333,-0.0013171374213376552,0.023957178613600118
2016-01-20,13.2467,87391606,13.2933,13.4187,12.75,Tesla,13.644957142857143,14.792803333333332,-0.029403575615474686,0.02490754048851548
2016-01-21,13.3313,47466336,13.4367,13.5487,13.0013,Tesla,13.5699,14.723556666666667,0.006386496259445762,0.02525898872601656
2016-01-22,13.5033,46830967,13.6534,13.7,13.2687,Tesla,13.49922857142857,14.669843333333334,0.012901967550051241,0.025553288327993008
2016-01-25,13.092,40431100,13.3373,13.5713,13.0587,Tesla,13.4618,14.60731,-0.030459221079291665,0.02177561730140475
2016-01-26,12.904,74353733,13.1133,13.188,12.592,Tesla,13.341614285714286,14.532843333333334,-0.014359914451573474,0.01678938321723802
2016-01-27,12.538,53660268,12.8253,12.884,12.3847,Tesla,13.180471428571428,14.46851,-0.02836329820210781,0.018208033118726093
2016-01-28,12.6467,68794886,12.7193,12.752,12.1607,Tesla,13.037428571428572,14.404333333333334,0.008669644281384503,0.019535486535450803
2016-01-29,12.7467,42733914,12.6633,12.916,12.5387,Tesla,12.966,14.337913333333335,0.007907201088031002,0.01863886791923691
2016-02-01,13.1293,79435235,12.584,13.3013,12.1833,Tesla,12.937142857142858,14.254423333333333,0.03001561188386015,0.022791688250853193
2016-02-02,12.1853,86472212,12.828,12.8747,12.0153,Tesla,12.748857142857144,14.141956666666665,-0.07190025363119135,0.03356823198450154
2016-02-03,11.5653,118914541,12.2393,12.2627,11.3453,Tesla,12.530757142857142,14.015333333333334,-0.05088097954092219,0.036027348822266755
2016-02-04,11.6887,65691597,11.38,11.732,11.1327,Tesla,12.357142857142858,13.888156666666667,0.010669848598825915,0.03754184734669791
2016-02-05,10.84,141517354,11.42,11.5333,10.5163,Tesla,12.114571428571427,13.738490000000002,-0.07260858778136159,0.043698579816831645
2016-02-08,9.866,139601240,10.4737,10.4767,9.7333,Tesla,11.71732857142857,13.556913333333334,-0.0898523985239853,0.04861559605889537
2016-02-09,9.8833,129594850,9.488,10.6527,9.4033,Tesla,11.308271428571429,13.373979999999998,0.001753496857895831,0.047784099062550954
2016-02-10,9.578,151570274,10.0333,10.3313,9.4493,Tesla,10.800942857142857,13.184470000000001,-0.03089049204213179,0.038725680244916336
2016-02-11,10.0313,213553393,10.1333,10.884,9.8,Tesla,10.493228571428572,12.991756666666667,0.04732720818542502,0.04896155494119076
2016-02-12,10.0693,108498906,10.3333,10.4673,9.58,Tesla,10.279514285714285,12.798309999999999,0.003788143112059217,0.048757018686100925
2016-02-16,10.3447,83424528,10.58,10.8633,10.274,Tesla,10.087514285714287,12.609776666666667,0.027350461303168982,0.05078813455041742
2016-02-17,11.2453,87303916,10.6,11.2893,10.4453,Tesla,10.145414285714285,12.488153333333335,0.08705907372857613,0.05671997135527726
2016-02-18,11.118,58246576,11.4947,11.53,10.9847,Tesla,10.324271428571427,12.362243333333334,-0.011320284919032808,0.039649364848140065
2016-02-19,11.1053,44337458,10.9107,11.166,10.8333,Tesla,10.498842857142858,12.245663333333335,-0.001142291779096971,0.03986005078760663
2016-02-22,11.8493,75830062,11.3413,11.9273,11.3233,Tesla,10.823314285714286,12.161416666666666,0.06699503840508592,0.03715158733503507
2016-02-23,11.814,89744850,11.744,12.1153,11.5787,Tesla,11.077985714285713,12.086326666666668,-0.0029790789329326994,0.038409753294530224
2016-02-24,11.9333,80780495,11.5167,11.9667,11.1893,Tesla,11.344271428571428,12.022213333333333,0.010098188589808599,0.0379204233863366
2016-02-25,12.4953,85905077,11.91,12.568,11.68,Tesla,11.6515,11.972123333333334,0.047095103617607936,0.0388345657052676
2016-02-26,12.6893,90810870,12.58,12.8,12.3333,Tesla,11.857785714285715,11.949966666666665,0.015525837714980728,0.028813772240946205
2016-02-29,12.7953,67430996,12.8267,13.09,12.6148,Tesla,12.097399999999999,11.918299999999999,0.008353494676617279,0.02636030216855146
2016-03-01,12.4233,100435510,12.95,13.0632,12.18,Tesla,12.285685714285714,11.876876666666668,-0.02907317530655784,0.031755361420075394
2016-03-02,12.556,72879429,12.2487,12.568,12.1,Tesla,12.386642857142856,11.840476666666666,0.01068154194135218,0.022692826129105035
2016-03-03,13.0493,72344859,12.552,13.1613,12.2813,Tesla,12.563114285714287,11.833896666666668,0.03928798980567061,0.02465854767496016
2016-03-04,13.4027,97197821,13.2,13.602,13.1667,Tesla,12.77302857142857,11.836276666666667,0.02708191243974767,0.02497902451406563
2016-03-07,13.686,79966415,13.1787,13.98,13.16,Tesla,12.943128571428572,11.842366666666665,0.021137531989823044,0.021441807440668276
2016-03-08,13.5067,62632439,13.5667,13.8333,13.48,Tesla,13.059899999999999,11.85619,-0.013100979102732668,0.023567759066231767
2016-03-09,13.9147,48113931,13.6347,13.9582,13.5193,Tesla,13.219814285714287,11.88988,0.030207230485610914,0.024850198044710572
2016-03-10,13.6787,77873991,14.0,14.2193,13.3781,Tesla,13.399157142857144,11.927903333333331,-0.016960480642773557,0.02171116506289402
2016-03-11,13.8333,50087195,13.862,13.9613,13.6887,Tesla,13.58162857142857,11.967456666666665,0.011302243634263576,0.02169638776409092
2016-03-14,14.3433,60934530,14.1767,14.448,14.0427,Tesla,13.766485714285713,12.020676666666667,0.036867558717008864,0.021243297299014925
2016-03-15,14.556,46998427,14.2847,14.598,14.1,Tesla,13.931242857142857,12.068233333333334,0.014829223400472769,0.020455813282471366
2016-03-16,14.7953,52678069,14.5333,14.8387,14.468,Tesla,14.089714285714285,12.155233333333335,0.016439956031876868,0.020182859775410143
2016-03-17,15.092,56536217,14.7647,15.2333,14.6667,Tesla,14.316185714285714,12.272789999999999,0.02005366569113165,0.017144877696880563
2016-03-18,15.516,70571380,15.2733,15.632,15.204,Tesla,14.544942857142855,12.400366666666667,0.02809435462496679,0.016871660718825718
2016-03-21,15.888,79335170,15.6893,15.992,15.6667,Tesla,14.860557142857143,12.568633333333333,0.023975251353441696,0.008773088289819214
2016-03-22,15.616,64545748,15.814,15.9327,15.5039,Tesla,15.115228571428572,12.760299999999999,-0.017119838872104776,0.017041734105666163
2016-03-23,14.8387,74043008,15.4913,15.6487,14.802,Tesla,15.186000000000002,12.92548,-0.049775870901639374,0.028392697793987502
2016-03-24,15.1833,74349023,14.3853,15.2592,14.3333,Tesla,15.275614285714287,13.112323333333332,0.02322305862373386,0.029036423127475414
2016-03-28,15.3507,58178956,15.4407,15.654,15.0,Tesla,15.354957142857142,13.289636666666667,0.011025271186105856,0.028795912179934782
2016-03-29,15.342,60090525,15.326,15.492,15.022,Tesla,15.390671428571427,13.465393333333333,-0.0005667493990501038,0.02812244077486214
2016-03-30,15.126,60385020,15.6727,15.7,15.1,Tesla,15.334957142857144,13.624770000000002,-0.014078998826750122,0.02622743660528257
2016-03-31,15.318,119634510,15.2893,15.828,15.0007,Tesla,15.253528571428571,13.760526666666665,0.012693375644585503,0.024563638610787454
2016-04-01,15.8393,239698530,16.3217,16.5267,15.55,Tesla,15.28542857142857,13.917903333333332,0.03403185794490149,0.02774044823936922
2016-04-04,16.466,200717300,16.608,16.808,16.2427,Tesla,15.5179,14.096593333333333,0.0395661424431637,0.0188955124453588
2016-04-05,17.0313,148971976,16.0333,17.104,16.0,Tesla,15.781900000000002,14.269326666666666,0.03433134944734606,0.020115747352411308
2016-04-06,17.6947,175436312,16.9313,17.8493,16.8967,Tesla,16.116757142857143,14.465349999999999,0.038951812251560414,0.021519647649405393
2016-04-07,17.1467,132683439,17.7633,17.956,16.9673,Tesla,16.374571428571432,14.63913,-0.03096972539800058,0.028472965766513186
2016-04-08,16.6713,110290550,17.3667,17.388,16.5347,Tesla,16.59532857142857,14.77833,-0.027725451544612145,0.031237456322367435
2016-04-11,16.6613,137345991,16.7333,17.266,16.3533,Tesla,16.787228571428574,14.910730000000001,-0.000599833246357373,0.03175901896133283
2016-04-12,16.5213,86330222,16.6333,16.7867,16.242,Tesla,16.884657142857144,15.034930000000001,-0.00840270567122614,0.031007839568657623
2016-04-13,16.9687,73823273,16.5673,17.0333,16.4887,Tesla,16.95647142857143,15.186443333333333,0.02708019344724688,0.029084867402967448
2016-04-14,16.7907,61938839,16.8667,17.1226,16.7367,Tesla,16.9221,15.327599999999999,-0.01048990199602784,0.026262457363232964
2016-04-15,16.9673,56228867,16.754,16.9733,16.608,Tesla,16.818185714285715,15.4582,0.01051772707510712,0.02048343565224291
2016-04-18,16.9253,63948658,16.8153,17.2207,16.7773,Tesla,16.786557142857145,15.575619999999999,-0.0024753496431372257,0.017218649008847595
2016-04-19,16.4913,95270352,16.8747,16.958,16.0834,Tesla,16.76084285714286,15.669130000000001,-0.025642086107779516,0.016704723918076845
2016-04-20,16.6647,77885106,16.4173,16.9107,16.1,Tesla,16.76132857142857,15.774396666666666,0.010514634989358118,0.017313919273543966
2016-04-21,16.5527,41656164,16.5993,16.7267,16.4607,Tesla,16.765814285714285,15.862330000000002,-0.0067207930535801985,0.017186528025711766
2016-04-22,16.9167,56746862,16.5927,16.9333,16.3807,Tesla,16.758385714285716,15.970263333333332,0.021990370151093064,0.015931354221822253
2016-04-25,16.788,54976293,16.8673,17.1587,16.7173,Tesla,16.758,16.068753333333333,-0.00760786678252845,0.015659936365516054
2016-04-26,16.916,48266661,16.8033,17.0487,16.626,Tesla,16.75067142857143,16.154510000000002,0.007624493685966183,0.015374181844325971
2016-04-27,16.7647,47971551,16.85,17.0,16.6267,Tesla,16.72772857142857,16.228133333333332,-0.008944194845116993,0.01571519670886964
2016-04-28,16.514,37733906,16.6567,16.8953,16.496,Tesla,16.73097142857143,16.285423333333334,-0.014954040334751117,0.013281693814972231
2016-04-29,16.0507,81077419,16.5427,16.562,15.854,Tesla,16.643257142857145,16.31738,-0.028054983650236176,0.01603846881447661
2016-05-02,16.12,57584341,16.1,16.2127,15.6547,Tesla,16.581442857142857,16.33751333333333,0.004317568704168773,0.016406816774550016
2016-05-03,15.488,64444843,15.824,15.9273,15.4413,Tesla,16.377342857142857,16.32418,-0.03920595533498772,0.01676069493492561
2016-05-04,14.8373,128249996,15.3527,15.6307,14.6933,Tesla,16.09867142857143,16.298223333333333,-0.042013171487603196,0.019875242729466298
2016-05-05,14.102,168725016,15.2307,15.2427,13.986,Tesla,15.69667142857143,16.273666666666667,-0.04955753405269159,0.01966481284302971
2016-05-06,14.3287,85255082,14.058,14.4247,13.874,Tesla,15.348671428571427,16.24518,0.0160757339384483,0.024781112378648006
2016-05-09,13.928,71594844,14.3813,14.41,13.7867,Tesla,14.979242857142859,16.197756666666667,-0.027964853755050978,0.02465978785522309
2016-05-10,13.9127,61020764,13.8367,13.9647,13.6667,Tesla,14.673814285714286,16.150113333333334,-0.0010985066053993409,0.025950467567527405
2016-05-11,13.9307,77394561,13.8393,14.3653,13.7367,Tesla,14.361057142857144,16.11027,0.0012937819402416562,0.025501024231498748
2016-05-12,13.8187,54751098,14.096,14.1113,13.5772,Tesla,14.122585714285714,16.060293333333334,-0.008039796995125914,0.024355795728394147
2016-05-13,13.8407,42309219,13.852,14.08,13.78,Tesla,13.980214285714284,15.993673333333334,0.0015920455614493179,0.02202924607711593
2016-05-16,13.886,44186288,13.8767,14.21,13.8613,Tesla,13.949357142857142,15.907673333333333,0.0032729558476087828,0.013476186956866214
2016-05-17,13.644,42630399,13.9367,13.988,13.6013,Tesla,13.851542857142858,15.794763333333332,-0.017427624945988707,0.0117774969323725
2016-05-18,14.078,83290338,13.9433,14.354,13.85,Tesla,13.872971428571429,15.674206666666667,0.03180885370858988,0.015153216265797282
2016-05-19,14.3473,102268779,14.2413,14.4527,13.82,Tesla,13.935057142857143,15.580893333333334,0.01912913766159985,0.01642199584073924
2016-05-20,14.6853,134948123,14.466,14.7033,14.4233,Tesla,14.042857142857143,15.514693333333332,0.023558439567026523,0.01779230492577555
2016-05-23,14.4147,76451227,14.658,14.84,14.3907,Tesla,14.128,15.439806666666666,-0.018426589855161324,0.019658858016062625
2016-05-24,14.5273,45139882,14.44,14.5827,14.3453,Tesla,14.226085714285714,15.37334,0.007811470235246087,0.019555354629100366
2016-05-25,14.6387,46969162,14.5273,14.7573,14.434,Tesla,14.333614285714287,15.295673333333333,0.007668321023176938,0.019482277165617165
2016-05-26,15.008,60997650,14.7,15.0173,14.6033,Tesla,14.528471428571427,15.236250000000002,0.025227649996242718,0.016785635858195147
2016-05-27,14.8693,54686853,14.9993,15.062,14.7167,Tesla,14.641514285714285,15.166316666666667,-0.009241737739871914,0.01662574171879073
2016-05-31,14.882,41800209,14.8693,14.9833,14.7667,Tesla,14.7179,15.098206666666668,0.0008541088013558351,0.016002915159484103
2016-06-01,14.6373,44734028,14.7653,14.8267,14.4593,Tesla,14.711042857142857,15.036406666666666,-0.016442682435156564,0.015552964569328483
2016-06-02,14.5973,30259170,14.6393,14.6606,14.474,Tesla,14.73712857142857,14.967493333333334,-0.002732744426909295,0.013512607266357822
2016-06-03,14.5993,33391633,14.6667,14.796,14.534,Tesla,14.747414285714285,14.902379999999999,0.0001370116391385956,0.01325990736470954
2016-06-06,14.712,33639493,14.5333,14.7267,14.3633,Tesla,14.757885714285715,14.82889,0.007719548197516302,0.013264355132016408
2016-06-07,15.4893,92912264,14.816,15.6293,14.768,Tesla,14.826642857142858,14.785599999999999,0.0528344208809135,0.022576814164214306
2016-06-08,15.7013,89476605,15.5867,16.0563,15.507,Tesla,14.9455,14.74511,0.013686867708676331,0.02186348108641258
2016-06-09,15.2907,66813297,15.6653,15.6887,15.1373,Tesla,15.003885714285715,14.695976666666667,-0.02615070089737792,0.02542811320596515
2016-06-10,14.586,89918175,15.1593,15.198,14.5615,Tesla,14.996557142857142,14.631709999999998,-0.046086837097058964,0.031234836420993495
2016-06-13,14.5247,62817464,14.6333,15.0513,14.5107,Tesla,14.986185714285714,14.580843333333336,-0.004202660085013132,0.03126053695578931
2016-06-14,14.3307,53637303,14.592,14.8133,14.1687,Tesla,14.947814285714287,14.5212,-0.013356558138894359,0.03164317723073477
2016-06-15,14.5133,43575008,14.4633,14.7933,14.342,Tesla,14.919428571428572,14.488710000000001,0.012741875833001792,0.0319615043158543
2016-06-16,14.5287,36580362,14.4947,14.536,14.2333,Tesla,14.782200000000001,14.478423333333332,0.0010610956846479613,0.021602986870339336
2016-06-17,14.3647,46615987,14.5207,14.666,14.3,Tesla,14.591257142857144,14.48718,-0.011288002367727423,0.019176872139245182
2016-06-20,14.6467,53246493,14.6333,14.9167,14.5487,Tesla,14.499257142857143,14.49778,0.019631457670539643,0.021409965331030064
2016-06-21,14.6407,42834264,14.712,14.8379,14.5873,Tesla,14.507071428571427,14.521536666666666,-0.00040964858978465024,0.01204179607762237
2016-06-22,13.1107,355591322,13.298,13.73,13.05,Tesla,14.305071428571429,14.494803333333333,-0.10450319998360746,0.04174492377068244
2016-06-23,13.0933,151472774,13.046,13.17,12.8087,Tesla,14.1283,14.466890000000001,-0.00132716025841495,0.04200971158612241
2016-06-24,12.8767,104834183,12.67,13.008,12.6487,Tesla,13.894500000000003,14.435489999999998,-0.016542811972535598,0.040566972698125744
2016-06-27,13.2367,108177291,12.724,13.254,12.5247,Tesla,13.709928571428572,14.415356666666668,0.027957473576304626,0.04363198498374898
2016-06-28,13.4527,92384894,13.4593,13.6033,13.294,Tesla,13.579642857142858,14.400913333333333,0.016318266637454837,0.04497151247206446
2016-06-29,14.0127,89806755,13.6753,14.1187,13.5333,Tesla,13.489071428571426,14.413203333333334,0.04162733131638996,0.04792868173316724
2016-06-30,14.152,71916564,14.198,14.2333,13.9347,Tesla,13.419257142857143,14.41567,0.00994098210908656,0.04826207407280004
2016-07-01,14.4333,80940410,13.7427,14.5493,13.7333,Tesla,13.608199999999998,14.418536666666666,0.019877049180327955,0.019071148525849964
2016-07-05,14.2653,77547441,13.982,14.3029,13.8667,Tesla,13.77562857142857,14.404536666666667,-0.011639749745380401,0.020772962150777795
2016-07-06,14.296,73654238,14.0,14.3487,13.9333,Tesla,13.978385714285713,14.40058,0.00215207531562589,0.0173328017175332
2016-07-07,14.396,54050748,14.2067,14.5413,14.2007,Tesla,14.144,14.396203333333334,0.006994963626189232,0.016549686181292374
2016-07-08,14.452,61006934,14.52,14.654,14.3,Tesla,14.286757142857143,14.38998,0.0038899694359544323,0.01669792762248261
2016-07-11,14.9853,80535950,14.664,15.1187,14.634,Tesla,14.425699999999997,14.389223333333332,0.03690146692499319,0.015258731142690541
2016-07-12,14.9767,68608091,14.94,15.1667,14.8813,Tesla,14.543514285714286,14.392803333333331,-0.0005738957511696174,0.015744441584097293
2016-07-13,14.8353,53110458,15.0333,15.0393,14.686,Tesla,14.600942857142858,14.391246666666666,-0.009441332202688169,0.01602645463793423
2016-07-14,14.7687,39868465,14.8747,14.996,14.7367,Tesla,14.672857142857143,14.395626666666665,-0.004489292430891134,0.015059141591070052
2016-07-15,14.6933,33462298,14.8347,14.85,14.6427,Tesla,14.729614285714286,14.398826666666666,-0.005105391808351456,0.015535176051164666
2016-07-18,15.0833,50918795,14.6427,15.1393,14.5533,Tesla,14.8278,14.41496,0.026542709942626752,0.017756128838108714
2016-07-19,15.0173,45713002,15.0,15.2733,14.9833,Tesla,14.908557142857143,14.425136666666667,-0.004375700277790551,0.01825121856818318
2016-07-20,15.224,38341766,15.098,15.32,15.0,Tesla,14.942657142857144,14.416293333333334,0.013764125375400393,0.012979121805486507
2016-07-21,14.7,66386307,15.0667,15.1898,14.6067,Tesla,14.90312857142857,14.382916666666667,-0.03441933788754603,0.019101878256479306
2016-07-22,14.818,38556911,14.7993,14.9667,14.592,Tesla,14.900657142857144,14.36716,0.008027210884353764,0.01918531823982765
2016-07-25,15.334,67192211,14.818,15.426,14.7581,Tesla,14.981414285714285,14.392093333333333,0.034822513159670665,0.023024492884817598
2016-07-26,15.3007,51408739,15.1793,15.3333,15.02,Tesla,15.068185714285715,14.417959999999999,-0.0021716447110994297,0.022822795920626818
2016-07-27,15.2327,43305398,15.2893,15.5573,15.128,Tesla,15.089528571428572,14.448026666666665,-0.004444241113151781,0.021122145627477416
2016-07-28,15.374,36231912,15.1967,15.384,15.1067,Tesla,15.140485714285715,14.476716666666666,0.009276096818029655,0.02110863869046056
2016-07-29,15.6527,45923587,15.38,15.6853,15.3493,Tesla,15.201728571428571,14.514183333333333,0.018128008325744682,0.021520964001205692
2016-08-01,15.334,60210690,15.7,15.7753,15.292,Tesla,15.2923,14.546493333333332,-0.02036070454298622,0.01762186090441317
2016-08-02,15.1467,58930561,15.2913,15.3247,14.76,Tesla,15.339257142857141,14.56316,-0.012214686317986168,0.0188842897669985
2016-08-03,15.0527,57131176,15.158,15.3133,14.9473,Tesla,15.299071428571427,14.576893333333334,-0.006205972257983583,0.012878654564292455
2016-08-04,15.374,62132294,15.046,15.3907,14.8033,Tesla,15.309542857142858,14.652336666666665,0.021345007872341837,0.015747718307108166
2016-08-05,15.3353,47855106,15.3333,15.4667,15.16,Tesla,15.3242,14.72707,-0.0025172368934565093,0.015657572306024024
2016-08-08,15.0773,33891958,15.2,15.3067,15.0727,Tesla,15.281814285714287,14.800423333333333,-0.016823929104745283,0.016463088657501408
2016-08-09,15.272,32996474,15.1213,15.4358,15.11,Tesla,15.227428571428572,14.868266666666667,0.012913452673887216,0.015452412883058392
2016-08-10,15.0433,35047422,15.216,15.3247,14.9747,Tesla,15.1859,14.921286666666667,-0.014975117862755405,0.014577009963953978
2016-08-11,14.994,28154371,15.078,15.1713,14.894,Tesla,15.164085714285715,14.953996666666665,-0.0032772064640073095,0.013977670486984105
2016-08-12,15.0407,27177736,15.0273,15.11,14.936,Tesla,15.16237142857143,14.98362,0.0031145791649993537,0.013883056766417998
2016-08-15,15.0393,30269445,15.068,15.3,14.9953,Tesla,15.11455714285714,15.00382,-9.308077416603222e-05,0.010278040083050636
2016-08-16,14.9073,33766708,15.0327,15.146,14.894,Tesla,15.053414285714286,15.02522,-0.00877700424886807,0.010489627832268717
2016-08-17,14.8827,26796107,14.9553,14.9887,14.8533,Tesla,15.025614285714285,15.044776666666667,-0.0016501982250306524,0.008831914323200246
2016-08-18,14.9007,25489487,14.9213,15.044,14.8193,Tesla,14.97257142857143,15.0616,0.0012094579612571543,0.006331599060089208
2016-08-19,15.0,24879228,14.9027,15.0113,14.8353,Tesla,14.966385714285716,15.079866666666668,0.006664116450904922,0.004915181628574508
2016-08-22,14.862,30925365,14.9447,15.0073,14.8453,Tesla,14.947528571428572,15.075756666666667,-0.009199999999999986,0.005903227817684094
2016-08-23,14.9893,71216139,14.9547,15.2327,14.8533,Tesla,14.940185714285715,15.076176666666667,0.008565468981294622,0.00685699206250615
2016-08-24,14.8413,38504186,15.1367,15.1433,14.8147,Tesla,14.911900000000001,15.076376666666667,-0.009873709913071349,0.007710992128433326
2016-08-25,14.7307,26403167,14.874,14.92,14.718,Tesla,14.886671428571429,15.07511,-0.007452177369906887,0.007527162013699538
2016-08-26,14.666,33571288,14.8093,14.857,14.588,Tesla,14.855714285714285,15.0742,-0.004392187743963327,0.00759657812801236
2016-08-29,14.3467,48920691,14.6767,14.6933,14.3333,Tesla,14.77657142857143,15.049646666666666,-0.021771444156552633,0.010394438340966846
2016-08-30,14.0893,47463306,14.4073,14.4073,14.0347,Tesla,14.646471428571429,15.018713333333332,-0.0179414081286986,0.00979719820933624
2016-08-31,14.134,49122785,14.0287,14.1733,13.91,Tesla,14.54247142857143,14.98238,0.0031726203572923772,0.010792518911485964
2016-09-01,13.3847,118986601,13.934,14.0733,13.3667,Tesla,14.313242857142857,14.938536666666666,-0.053014008773171084,0.018348329674082734
2016-09-02,13.1853,89552265,13.4887,13.5467,13.08,Tesla,14.076671428571428,14.884113333333334,-0.014897606969151433,0.01817090127890272
2016-09-06,13.522,65792862,13.268,13.55,13.2667,Tesla,13.904,14.823713333333334,0.02553601359089286,0.024215345067907516
2016-09-07,13.4473,54568743,13.7,13.7665,13.3807,Tesla,13.7299,14.761933333333333,-0.005524330720307669,0.02416055267306459
2016-09-08,13.1573,50584370,13.3033,13.326,13.0907,Tesla,13.559985714285714,14.692753333333334,-0.021565667457407844,0.024146892606912326
2016-09-09,12.9647,56305982,13.2727,13.328,12.9133,Tesla,13.39932857142857,14.612443333333335,-0.014638261649426498,0.024044254865509377
2016-09-12,13.22,55710707,13.0,13.4246,12.94,Tesla,13.268757142857142,14.531353333333334,0.019691932709588356,0.026424292647711373
2016-09-13,13.07,53747073,13.1373,13.2327,12.8967,Tesla,13.2238,14.455886666666666,-0.0113464447806354,0.018378042943486474
2016-09-14,13.094,33842128,13.05,13.195,12.9904,Tesla,13.210757142857144,14.387463333333333,0.001836266258607333,0.017685624927962607
2016-09-15,13.3613,46244107,13.0993,13.5013,13.0933,Tesla,13.1878,14.331083333333334,0.020413930044295148,0.016476167091651187
2016-09-16,13.6933,46563967,13.3613,13.7133,13.2667,Tesla,13.222942857142858,14.27506,0.024847881568410335,0.01906352474800453
2016-09-19,13.756,34474753,13.8,13.962,13.6667,Tesla,13.308471428571428,14.222416666666668,0.0045788816428471435,0.015785173343088002
2016-09-20,13.6427,36128322,13.79,13.85,13.594,Tesla,13.405328571428571,14.174596666666668,-0.008236405931956958,0.014489782334680113
2016-09-21,13.6813,39469255,13.758,13.8,13.4373,Tesla,13.471228571428572,14.121573333333334,0.0028293519611222173,0.013471165310879501
2016-09-22,13.762,35723982,13.76,13.8187,13.5333,Tesla,13.570085714285714,14.078863333333334,0.005898562271129171,0.011404149260004997
2016-09-23,13.83,43561853,13.7327,14.012,13.7113,Tesla,13.675228571428573,14.040063333333334,0.004941142275831867,0.01120799209191625
2016-09-26,13.9327,35900577,13.7667,14.0667,13.7667,Tesla,13.756857142857143,14.00313,0.007425885755603767,0.009773633505108261
2016-09-27,13.7207,50518580,13.9767,13.9988,13.6406,Tesla,13.760771428571429,13.959176666666666,-0.015216002641268322,0.008582766226875026
2016-09-28,13.7513,31189844,13.834,13.8833,13.684,Tesla,13.7601,13.920643333333334,0.002230206913641508,0.00843300622553487
2016-09-29,13.38,40710580,13.7067,13.822,13.372,Tesla,13.72257142857143,13.870553333333334,-0.02700108353392039,0.013146162544117778
2016-09-30,13.602,38725931,13.4807,13.6653,13.3033,Tesla,13.711242857142858,13.827263333333333,0.016591928251121102,0.015008021395700856
2016-10-03,14.2467,89840085,14.1533,14.3779,13.8833,Tesla,13.780485714285716,13.802153333333333,0.04739744155271275,0.023727495163639378
2016-10-04,14.094,53069268,14.2067,14.2213,13.9213,Tesla,13.818200000000001,13.776553333333334,-0.010718271599738927,0.024481697625081407
2016-10-05,13.8973,28086826,14.1493,14.21,13.8747,Tesla,13.813142857142859,13.740153333333334,-0.013956293458209146,0.025156058140354154
2016-10-06,13.4,70469020,13.4973,13.614,13.3473,Tesla,13.76732857142857,13.692110000000001,-0.03578392925244467,0.02822983857029127
2016-10-07,13.1073,52342174,13.4,13.4213,13.0533,Tesla,13.67532857142857,13.637996666666668,-0.021843283582089534,0.028939061848348453
2016-10-10,13.3967,49670075,13.4233,13.6093,13.3107,Tesla,13.677714285714286,13.595686666666667,0.02207929932175201,0.029081941830688685
2016-10-11,13.34,34901293,13.4567,13.48,13.2207,Tesla,13.640285714285714,13.56213,-0.004232385587495391,0.028218312672440855
2016-10-12,13.434,29536470,13.3967,13.592,13.3613,Tesla,13.524185714285712,13.540286666666669,0.00704647676161918,0.018936393185555157
2016-10-13,13.3493,37427081,13.3667,13.393,13.1367,Tesla,13.4178,13.51413,-0.006304898019949379,0.01891207579299599
2016-10-14,13.1007,63982033,13.3773,13.4287,13.0867,Tesla,13.304,13.504663333333333,-0.018622699317567215,0.01925382920692707
2016-10-17,12.9307,67774931,13.1367,13.226,12.8,Tesla,13.236957142857145,13.496176666666667,-0.01297640584090931,0.015349224649499407
2016-10-18,13.2733,85140647,13.066,13.298,12.884,Tesla,13.260671428571428,13.487886666666666,0.026495085339540925,0.017253110097006908
2016-10-19,13.5707,104492723,13.316,13.7773,13.204,Tesla,13.285528571428571,13.491999999999999,0.022405882485892814,0.01731701231846062
2016-10-20,13.2733,76041112,13.4747,13.5333,13.1367,Tesla,13.276,13.495866666666668,-0.021914860692521354,0.01952233644553169
2016-10-21,13.3393,44053598,13.24,13.438,13.1607,Tesla,13.262471428571429,13.508353333333332,0.004972388177770348,0.01940314747529718
2016-10-24,13.5173,41210139,13.4,13.5964,13.35,Tesla,13.28647142857143,13.518263333333334,0.013344028547225273,0.019897352320493365
2016-10-25,13.4893,36631752,13.5267,13.646,13.4133,Tesla,13.341985714285714,13.53224,-0.002071419588231427,0.01793030972368642
2016-10-26,13.4827,80203355,13.4,13.546,13.34,Tesla,13.420842857142857,13.545196666666667,-0.0004892766859659892,0.016485405680393073
2016-10-27,13.6007,196064752,14.0893,14.2467,13.4433,Tesla,13.467614285714287,13.553176666666667,0.00875195621055136,0.014005492504284794
2016-10-28,13.3313,64101808,13.6,13.688,13.322,Tesla,13.433414285714287,13.541110000000002,-0.019807804010087637,0.013627107326208709
2016-10-31,13.182,70369765,13.4993,13.4993,13.054,Tesla,13.420371428571428,13.521976666666665,-0.01119920787920159,0.011515580224261291
2016-11-01,12.7193,105355057,13.2027,13.2333,12.5403,Tesla,13.3318,13.491196666666667,-0.03510089516006676,0.016828427357785797
2016-11-02,12.5347,63633718,12.67,12.8463,12.5003,Tesla,13.191428571428572,13.452976666666666,-0.014513377308499664,0.014434941118539461
2016-11-03,12.4947,39668230,12.6,12.7647,12.4693,Tesla,13.049342857142857,13.410733333333333,-0.003191141391497232,0.014330078809363713
2016-11-04,12.704,77158686,12.6,12.8973,12.3973,Tesla,12.9381,13.3732,0.016751102467446266,0.01752212942758049
2016-11-07,12.8807,57865201,12.906,12.9527,12.67,Tesla,12.835242857142857,13.338133333333333,0.01390900503778325,0.018444195089754128
2016-11-08,12.996,48793881,12.9193,13.166,12.7507,Tesla,12.787342857142857,13.313976666666667,0.008951376866164207,0.018472953257421754
2016-11-09,12.6707,122496644,12.4583,12.8,12.2633,Tesla,12.7143,13.277956666666666,-0.02503077870113879,0.020103435087564042
2016-11-10,12.3567,101194299,12.7367,12.774,12.028,Tesla,12.662499999999998,13.243846666666666,-0.02478158270655928,0.017815867396162127
2016-11-11,12.5707,59806335,12.2827,12.592,12.2,Tesla,12.667642857142857,13.20947,0.017318539739574534,0.01872060548696135
2016-11-14,12.0967,98218646,12.5333,12.55,11.8793,Tesla,12.610785714285713,13.137803333333332,-0.037706730730985516,0.02374486938648514
2016-11-15,12.2513,58496116,12.1853,12.4287,12.1367,Tesla,12.546114285714285,13.07638,0.012780345052783026,0.023197323624546566
2016-11-16,12.262,51489994,12.1767,12.3153,12.0807,Tesla,12.457728571428571,13.02187,0.0008733767028805683,0.021920329472004972
2016-11-17,12.5773,73214498,12.2327,12.6327,12.1407,Tesla,12.397914285714288,12.994446666666667,0.025713586690588652,0.024670738157178015
2016-11-18,12.3347,78097056,12.71,12.8667,12.3333,Tesla,12.349914285714286,12.968693333333333,-0.019288718564397733,0.023955727215061312
2016-11-21,12.3013,65338047,12.336,12.5927,12.294,Tesla,12.342,12.932179999999999,-0.0027078080537021876,0.022079795125663347
2016-11-22,12.7447,84018528,12.3893,12.7647,12.2473,Tesla,12.366857142857143,12.912336666666668,0.036044970856738745,0.025463894580182358
2016-11-23,12.876,73354238,12.7073,13.0429,12.6,Tesla,12.478185714285715,12.893736666666666,0.01030232174943313,0.018394085061317733
2016-11-25,13.11,35491452,12.9093,13.1492,12.9093,Tesla,12.600857142857143,12.885760000000001,0.01817334575955276,0.01868445023062036
2016-11-28,13.0747,67816196,13.032,13.29,12.97,Tesla,12.716957142857142,12.884893333333334,-0.002692601067887046,0.019016381841939135
2016-11-29,12.638,66529647,13.0373,13.1153,12.6333,Tesla,12.72562857142857,12.875136666666666,-0.03340038394762401,0.023209058597255472
2016-11-30,12.6267,53173338,12.7333,12.7927,12.5,Tesla,12.767342857142856,12.853583333333335,-0.0008941288178510032,0.021519644209831844
2016-12-01,12.1253,76786537,12.55,12.5687,12.0667,Tesla,12.742199999999999,12.805403333333334,-0.039709504462765444,0.027126091377437433
2016-12-02,12.098,60602985,12.192,12.3253,12.0,Tesla,12.649814285714285,12.766226666666666,-0.0022514906847664884,0.021517564888299253
2016-12-05,12.4533,61042169,12.1673,12.5927,12.1673,Tesla,12.589428571428572,12.736693333333333,0.029368490659613222,0.025024721781246522
2016-12-06,12.39,50840450,12.368,12.4387,12.1788,Tesla,12.486571428571429,12.699116666666667,-0.005082990050829905,0.022974757708506457
2016-12-07,12.8767,81856024,12.41,12.8933,12.3333,Tesla,12.458285714285713,12.678696666666667,0.03928167877320421,0.02917389041198311
2016-12-08,12.8193,47905236,12.8033,12.8333,12.636,Tesla,12.484185714285715,12.656583333333334,-0.0044576638424440596,0.02580773753640123
2016-12-09,12.812,40814035,12.7247,12.9224,12.7207,Tesla,12.510657142857143,12.630293333333332,-0.0005694538703362451,0.025801284935562333
2016-12-12,12.8287,36546402,12.8533,12.9613,12.736,Tesla,12.611142857142857,12.61354,0.0013034655010928375,0.01818664312680452
2016-12-13,13.21,102289779,12.8787,13.4187,12.8667,Tesla,12.770000000000001,12.614473333333335,0.02972241926305874,0.01910804018455959
2016-12-14,13.246,62209679,13.2493,13.5333,13.1173,Tesla,12.883242857142857,12.632029999999999,0.002725208175624605,0.017869999547681727
2016-12-15,13.172,48279771,13.2273,13.3827,13.1593,Tesla,12.994957142857142,12.653273333333335,-0.005586592178770888,0.017936982314452704
2016-12-16,13.4993,56931632,13.2053,13.506,13.1733,Tesla,13.0839,12.68676,0.024848162769510962,0.014332013003488834
2016-12-19,13.5153,52304029,13.4993,13.63,13.3227,Tesla,13.183328571428572,12.713803333333333,0.0011852466424184804,0.013735959622444177
2016-12-20,13.9193,70264000,13.5367,13.9333,13.5,Tesla,13.341514285714286,12.748423333333333,0.029892048271218608,0.01541627059674348
2016-12-21,13.8467,78092106,13.8967,14.1487,13.8273,Tesla,13.486942857142859,12.77678,-0.005215779529142983,0.01634029610880842
2016-12-22,13.8967,46626382,13.8813,13.9993,13.7667,Tesla,13.585042857142856,12.817646666666667,0.00361096867845756,0.01421828106869264
2016-12-23,14.2227,70023910,13.8667,14.23,13.8473,Tesla,13.724571428571428,12.879846666666667,0.023458806767074236,0.015218385006918926
2016-12-27,14.6353,88699981,14.3253,14.8167,14.2947,Tesla,13.933614285714286,12.948666666666668,0.029009962946557444,0.014806347973383078
2016-12-28,14.6493,56678132,14.7687,14.92,14.48,Tesla,14.0979,13.033753333333333,0.0009565912553892719,0.01497926136597875
2016-12-29,14.312,60646260,14.5707,14.6133,14.2748,Tesla,14.211714285714285,13.102443333333333,-0.023024990955199276,0.019852385380072366
2016-12-30,14.246,69619285,14.42,14.5,14.112,Tesla,14.258385714285714,13.168576666666667,-0.004611514812744466,0.017799418476373362
2017-01-03,14.466,88522366,14.324,14.6887,14.064,Tesla,14.346857142857143,13.231533333333335,0.015442931349150646,0.017834800272970987
2017-01-04,15.1327,168068316,14.3167,15.2,14.2873,Tesla,14.523428571428571,13.324800000000002,0.046087377298493104,0.023157150142369468
2017-01-05,15.1167,88633861,15.0947,15.1653,14.7967,Tesla,14.651142857142856,13.418646666666666,-0.0010573129712476703,0.023072701562400384
2017-01-06,15.2673,82862254,15.1287,15.354,15.03,Tesla,14.741428571428571,13.502733333333333,0.009962491813689578,0.021376481649600647
2017-01-09,15.4187,59590710,15.2647,15.4613,15.2,Tesla,14.851342857142857,13.58749,0.009916619179553665,0.021274650753152654
2017-01-10,15.3247,54884688,15.4667,15.4667,15.126,Tesla,14.996014285714285,13.661313333333334,-0.006096493219272636,0.01792006415211026
2017-01-11,15.3153,54748623,15.2713,15.332,15.112,Tesla,15.14877142857143,13.735999999999999,-0.0006133888428484502,0.017435800496457106
2017-01-12,15.306,56813177,15.2707,15.38,15.0387,Tesla,15.268771428571428,13.824933333333332,-0.0006072359013535866,0.017733358569187934
2017-01-13,15.85,91284104,15.3333,15.8567,15.306,Tesla,15.371242857142857,13.932376666666666,0.035541617666274616,0.014045366020760678
2017-01-17,15.7053,69220930,15.78,15.9973,15.6247,Tesla,15.45532857142857,14.051709999999998,-0.009129337539432236,0.015083407229588905
2017-01-18,15.8907,56509052,15.7767,15.9807,15.7053,Tesla,15.544385714285713,14.178133333333333,0.01180493209298783,0.015188585482200248
2017-01-19,16.2507,115758602,16.4833,16.5787,16.05,Tesla,15.663242857142857,14.304713333333334,0.02265476033151459,0.016468790736657392
2017-01-20,16.3153,62995769,16.364,16.4,16.2007,Tesla,15.804757142857142,14.435556666666665,0.003975213375424058,0.015477721065815324
2017-01-23,16.5947,93931408,16.39,16.726,16.3667,Tesla,15.98752857142857,14.55949,0.01712502987992859,0.015071121727269248
2017-01-24,16.974,74372123,16.6667,16.9867,16.6433,Tesla,16.225814285714286,14.69798,0.02285669520991651,0.014495815207602862
2017-01-25,16.9647,77179476,17.154,17.2307,16.7867,Tesla,16.385057142857143,14.836403333333333,-0.0005478967833156823,0.012197828490157044
2017-01-26,16.834,47155731,16.9527,17.0493,16.7167,Tesla,16.5463,14.969913333333334,-0.007704232907154274,0.011835353669314076
2017-01-27,16.8633,47426586,16.7587,16.8667,16.568,Tesla,16.685242857142857,15.09169,0.001740525127717607,0.012188911818762459
2017-01-30,16.7087,56979542,16.8353,17.0193,16.4733,Tesla,16.75067142857143,15.207113333333332,-0.009167837849056726,0.012000004102774534
2017-01-31,16.7953,61680164,16.616,17.0593,16.5133,Tesla,16.819242857142857,15.32789,0.005182928653934882,0.012007602976092257
2017-02-01,16.616,59296545,16.87,16.88,16.6033,Tesla,16.822285714285716,15.43178,-0.010675605675397382,0.011615998282850643
2017-02-02,16.77,37481966,16.556,16.828,16.514,Tesla,16.793142857142858,15.54027,0.009268175252768351,0.0076726900993932074
2017-02-03,16.7553,32778434,16.794,16.8119,16.6453,Tesla,16.763228571428574,15.634803333333332,-0.0008765652951699954,0.007665463030415067
2017-02-06,17.1847,53363973,16.7333,17.188,16.7087,Tesla,16.81332857142857,15.74607,0.025627711828496214,0.012300133031136177
2017-02-07,17.1653,63660913,17.2127,17.3333,17.0947,Tesla,16.856471428571428,15.855023333333332,-0.0011289111826218168,0.012397086113006153
2017-02-08,17.472,58686391,17.1567,17.5573,17.08,Tesla,16.965514285714285,15.963333333333333,0.017867441874013457,0.012329457408358873
2017-02-09,17.9467,117188941,17.75,18.0787,17.7433,Tesla,17.13,16.073713333333334,0.027169184981684857,0.014548724304579774
2017-02-10,17.9487,54275013,17.986,18.0633,17.7407,Tesla,17.320385714285713,16.183693333333334,0.00011144110059224666,0.01246423826539003
2017-02-13,18.7067,105346027,18.0493,18.7193,18.034,Tesla,17.597057142857143,16.33018333333333,0.04223147080289946,0.017027149573079436
2017-02-14,18.732,110121695,18.602,19.1593,18.574,Tesla,17.879442857142855,16.47971666666667,0.0013524566064564425,0.01667933326559416
2017-02-15,18.6507,74158148,18.6667,18.816,18.4293,Tesla,18.088871428571426,16.619206666666667,-0.00434016655989744,0.017665751357782113
2017-02-16,17.93,105957847,18.5067,18.6667,17.9,Tesla,18.198114285714286,16.71245,-0.03864198126611873,0.02599929999729626
2017-02-17,18.1487,93771988,17.72,18.1927,17.61,Tesla,18.294785714285716,16.81351666666667,0.012197434467373203,0.02567370791423122
2017-02-21,18.4927,84713583,18.3633,18.76,18.2673,Tesla,18.372785714285715,16.92103,0.018954525668505084,0.024699440677294873
2017-02-22,18.234,128067101,18.6873,18.8967,18.1733,Tesla,18.413542857142858,17.014873333333334,-0.013989303887479765,0.025677603511347943
2017-02-23,17.066,223156238,17.6,17.644,17.0373,Tesla,18.179157142857143,17.072916666666668,-0.06405615882417481,0.029442976108074514
2017-02-24,17.1333,122502974,16.844,17.2167,16.68,Tesla,17.95077142857143,17.133516666666665,0.003943513418492861,0.029663754601286126
2017-02-27,16.4153,171752314,16.5447,16.5573,16.134,Tesla,17.63142857142857,17.170493333333336,-0.04190669631652977,0.03133959943246411
2017-02-28,16.666,91108304,16.2793,16.7333,16.26,Tesla,17.450857142857142,17.197693333333333,0.015272337392554736,0.03193795729898699
2017-03-01,16.668,72074409,16.9453,16.99,16.6073,Tesla,17.23932857142857,17.229783333333334,0.00012000480019191961,0.03085040147842569
2017-03-02,16.6987,50186240,16.6473,16.8853,16.5513,Tesla,16.98304285714286,17.256716666666666,0.001841852651787823,0.028616706685559868
2017-03-03,16.7713,43882193,16.716,16.7933,16.6,Tesla,16.774085714285714,17.27407,0.004347643828561676,0.02945661772867483
2017-03-06,16.7473,50303990,16.5273,16.78,16.5007,Tesla,16.72855714285714,17.28847,-0.0014310160810432349,0.018184231630518136
2017-03-07,16.5727,51788779,16.7947,16.926,16.5547,Tesla,16.64847142857143,17.287736666666667,-0.010425561135227635,0.018140723969669186
2017-03-08,16.458,55901162,16.4667,16.6713,16.3547,Tesla,16.654571428571426,17.270536666666665,-0.0069210207147901714,0.008297292562591195
2017-03-09,16.3267,58147381,16.5087,16.5773,16.2,Tesla,16.6061,17.24927,-0.00797788309636649,0.0055509215573541874
2017-03-10,16.246,45941752,16.414,16.4333,16.2,Tesla,16.545814285714282,17.22967,-0.004942823718203981,0.005416889791382068
2017-03-13,16.4113,45169177,16.3213,16.4567,16.1854,Tesla,16.50475714285714,17.214603333333333,0.010174812261479982,0.007382449258265913
2017-03-14,17.2,113725728,16.4073,17.208,16.4013,Tesla,16.566,17.23098,0.048058350039302145,0.020652946013298073
2017-03-15,17.0487,78500436,17.1333,17.4,16.9513,Tesla,16.609057142857143,17.239426666666663,-0.008796511627906956,0.021145080151309018
2017-03-16,17.47,106907647,17.4933,17.7167,17.2707,Tesla,16.737242857142856,17.267893333333333,0.024711561585340824,0.02166347498101755
2017-03-17,17.4333,97365221,17.6,17.6887,17.4133,Tesla,16.876571428571427,17.290003333333335,-0.0021007441327990373,0.02119055651888776
2017-03-20,17.4613,54024213,17.3733,17.6367,17.2547,Tesla,17.038657142857144,17.313536666666664,0.001606121617823586,0.02024081354554606
2017-03-21,16.712,103523273,17.522,17.6533,16.6827,Tesla,17.105228571428572,17.29778,-0.04291203976794411,0.028327258626130968
2017-03-22,17.0007,60850995,16.7707,17.0047,16.7007,Tesla,17.18942857142857,17.29229333333333,0.017275011967448517,0.028693598890772155
2017-03-23,16.9853,49647635,17.026,17.1781,16.8867,Tesla,17.158757142857144,17.27607,-0.0009058450534389362,0.02167198541738871
2017-03-24,17.544,84564978,17.0467,17.5927,17.0007,Tesla,17.229514285714284,17.26264666666667,0.03289314878159355,0.024855662610529645
2017-03-27,18.0147,93320368,17.3733,18.038,17.3167,Tesla,17.30732857142857,17.264846666666664,0.026829685362517175,0.025155698458136512
2017-03-28,18.4967,119679915,18.468,18.712,18.3333,Tesla,17.459242857142858,17.25784666666667,0.026755927103976118,0.02620394502560595
2017-03-29,18.492,55087862,18.556,18.64,18.3693,Tesla,17.606485714285714,17.249846666666667,-0.00025409937988940534,0.026298225769090165
2017-03-30,18.528,62121524,18.536,18.8,18.4807,Tesla,17.865914285714286,17.24575666666667,0.001946787800129579,0.014488635699078165
2017-03-31,18.5533,49405445,18.582,18.6453,18.4213,Tesla,18.087714285714288,17.26653333333333,0.0013655008635580224,0.015286160284075812
2017-04-03,19.9013,207972646,19.1267,19.9333,18.972,Tesla,18.504285714285714,17.324953333333333,0.07265553836783756,0.025962022422111063
2017-04-04,20.2467,151623374,19.7927,20.3207,19.6353,Tesla,18.890385714285713,17.383419999999997,0.01735565013340845,0.0256545968774395
2017-04-05,19.6667,117878416,20.136,20.3253,19.6133,Tesla,19.126385714285714,17.431176666666666,-0.028646643650570347,0.031450026667649074
2017-04-06,19.9133,82765924,19.792,20.1293,19.6067,Tesla,19.328757142857143,17.526086666666668,0.012538961798369774,0.03086924905742637
2017-04-07,20.1693,68499446,19.8333,20.1793,19.81,Tesla,19.568371428571428,17.627286666666667,0.012855729587762932,0.03046813406762882
2017-04-10,20.826,114804288,20.61,20.9153,20.5807,Tesla,19.896657142857144,17.77431,0.032559384807603564,0.030834191496818986
2017-04-11,20.5807,85770752,20.892,20.898,20.3667,Tesla,20.186285714285713,17.904799999999998,-0.011778546048208938,0.032326189357688564
2017-04-12,19.7893,90654675,20.4227,20.5632,19.7547,Tesla,20.170285714285715,18.008843333333335,-0.038453502553363106,0.02620446536214558
2017-04-13,20.2667,139135160,19.78,20.4927,19.6867,Tesla,20.173142857142857,18.127776666666666,0.024124147898106463,0.027083688713584665
2017-04-17,20.096,61920974,20.18,20.2667,19.912,Tesla,20.234471428571428,18.2386,-0.00842268351532316,0.024408164630201786
2017-04-18,20.0167,45513352,19.98,20.056,19.86,Tesla,20.249242857142857,18.34758,-0.003946058917197459,0.024167468957796152
2017-04-19,20.368,58367146,20.164,20.4413,20.1407,Tesla,20.277628571428572,18.474089999999997,0.01755034546153955,0.024612628828637288
2017-04-20,20.1673,92189369,20.434,20.61,20.0153,Tesla,20.18352857142857,18.597733333333334,-0.009853692065985742,0.020638392226833085
2017-04-21,20.3733,67529336,20.1333,20.4267,20.028,Tesla,20.1539,18.73262,0.010214555245372514,0.020998319160942622
2017-04-24,20.5353,76166527,20.6147,20.7033,20.4014,Tesla,20.26047142857143,18.875596666666663,0.007951583690418262,0.01315928650330976
2017-04-25,20.9193,101012379,20.5333,20.932,20.3907,Tesla,20.3537,19.025863333333334,0.01869950767702444,0.011977746904923694
2017-04-26,20.678,70246930,20.8247,20.9667,20.6,Tesla,20.43684285714286,19.141796666666668,-0.011534802789768261,0.012584055783941882
2017-04-27,20.5753,51939919,20.7793,20.8727,20.5,Tesla,20.51664285714286,19.259349999999998,-0.004966631202244054,0.012698936478359634
2017-04-28,20.938,67449851,20.6553,20.9867,20.5333,Tesla,20.598071428571426,19.37495,0.017627932521032452,0.012712752124888803
2017-05-01,21.522,132298254,20.992,21.8167,20.9873,Tesla,20.7916,19.51124,0.027891871238895805,0.013805527154789752
2017-05-02,21.2593,79748225,21.6,21.844,21.104,Tesla,20.91817142857143,19.637839999999997,-0.012206114673357416,0.01601271382192314
2017-05-03,20.7347,103188833,21.178,21.4353,20.6967,Tesla,20.94665714285714,19.77193,-0.024676259331210315,0.01973670689243746
2017-05-04,19.6973,212039744,20.4957,20.518,19.384,Tesla,20.772085714285712,19.861816666666666,-0.05003207184092373,0.025912300831103376
2017-05-05,20.5567,121761674,19.8667,20.57,19.7867,Tesla,20.75475714285714,19.980863333333332,0.043630345275748494,0.03234456352896767
2017-05-08,20.4793,105043552,20.7267,20.9193,20.388,Tesla,20.741042857142855,20.07870666666667,-0.0037651957755865384,0.03231940914390956
2017-05-09,21.4173,144950538,20.6253,21.466,20.6067,Tesla,20.809514285714283,20.192126666666663,0.04580234675989914,0.036408077647413925
2017-05-10,21.6813,86017817,21.4373,21.7,21.208,Tesla,20.832271428571428,20.29828,0.012326483730442206,0.035145316279380175
2017-05-11,21.54,71207544,21.56,21.7333,21.3067,Tesla,20.87237142857143,20.39988,-0.006517136887548292,0.03483774523788188
2017-05-12,21.654,61779164,21.6987,21.8,21.4353,Tesla,21.003700000000002,20.50408,0.005292479108635062,0.03273433360686949
2017-05-15,21.0587,114102753,21.2253,21.3467,20.8353,Tesla,21.198185714285717,20.587593333333334,-0.027491456543825565,0.026796183431589328
2017-05-16,21.134,62115959,21.1727,21.3373,21.0093,Tesla,21.28065714285714,20.628683333333335,0.0035757192989120945,0.02228984653741663
2017-05-17,20.4073,100434805,20.9593,20.9753,20.3667,Tesla,21.27037142857143,20.634036666666663,-0.03438535061985426,0.026679955333022448
2017-05-18,20.8707,84137253,20.4667,20.9293,20.354,Tesla,21.192285714285713,20.67417,0.022707560529810378,0.020829807503639483
2017-05-19,20.722,69818665,21.0333,21.1,20.68,Tesla,21.055242857142854,20.701126666666664,-0.007124820921195596,0.019629665807562858
2017-05-22,20.69,64864543,20.8533,20.958,20.4533,Tesla,20.933814285714284,20.718483333333335,-0.0015442524852813388,0.019709375123040627
2017-05-23,20.2573,64713973,20.6973,20.7153,20.232,Tesla,20.734285714285715,20.699526666666667,-0.020913484775253788,0.019791526851163293
2017-05-24,20.6813,75527842,20.434,20.7333,20.36,Tesla,20.680371428571426,20.70288,0.020930726207342598,0.020813814755426777
2017-05-25,21.122,75006442,20.7347,21.1313,20.5207,Tesla,20.678657142857144,20.747303333333335,0.02130910532703445,0.022658859528747945
2017-05-26,21.676,116895077,21.152,21.6993,21.0873,Tesla,20.8599,20.79428,0.026228576839314455,0.018458522950444627
2017-05-30,22.34,116572982,21.7333,22.4187,21.7173,Tesla,21.069799999999997,20.86908,0.030632958110352604,0.019657916239971044
2017-05-31,22.734,149063265,22.5127,22.8593,22.344,Tesla,21.35722857142857,20.959656666666667,0.017636526410026887,0.01825501827532407
2017-06-01,22.6913,114026403,22.9333,22.992,22.486,Tesla,21.643128571428573,21.037100000000002,-0.0018782440397643319,0.01830117526112877
2017-06-02,22.6567,83759238,22.6513,22.8587,22.3953,Tesla,21.985900000000004,21.120079999999998,-0.0015248134747677389,0.012912657115530317
2017-06-05,23.1547,101537559,22.5667,23.2293,22.2807,Tesla,22.339242857142857,21.21279333333333,0.021980253081869794,0.012982770765031208
2017-06-06,23.5233,165478717,22.98,23.9662,22.6647,Tesla,22.682285714285715,21.312393333333333,0.015919014282197663,0.0127974966264372
2017-06-07,23.9767,140230310,23.756,24.0333,23.676,Tesla,23.010957142857144,21.414306666666665,0.019274506553077275,0.01208217469675512
2017-06-08,24.6667,135430087,24.25,24.7933,24.0147,Tesla,23.343342857142858,21.547263333333333,0.02877793858203992,0.011685144338951322
2017-06-09,23.8213,258750771,24.9613,25.1247,23.6533,Tesla,23.49867142857143,21.655463333333334,-0.03427292665820714,0.02153978534641036
2017-06-12,23.934,157617821,23.866,24.3,23.3747,Tesla,23.676199999999998,21.75533,0.004731060017715283,0.021233724231754715
2017-06-13,25.0633,176600462,24.508,25.0667,24.4407,Tesla,24.02,21.873373333333333,0.04718392245341363,0.0252536014404213
2017-06-14,25.3773,191677104,25.4057,25.6167,25.0873,Tesla,24.337514285714285,22.010640000000002,0.012528278399093429,0.025057571502802863
2017-06-15,25.0227,156189672,24.8333,25.0307,24.4327,Tesla,24.551714285714286,22.15357333333333,-0.013973117707557603,0.02703548315251376
2017-06-16,24.76,95211702,25.1983,25.2007,24.6733,Tesla,24.663614285714285,22.32233,-0.010498467391608424,0.02752007241456384
2017-06-19,24.6533,96501462,25.0,25.1133,24.52,Tesla,24.6617,22.458883333333336,-0.004309369951534747,0.02550835636279148
2017-06-20,24.816,111286594,25.1113,25.2587,24.6487,Tesla,24.8038,22.60344,0.006599522173502015,0.020486181097004313
2017-06-21,25.0933,73751513,24.9567,25.1327,24.5347,Tesla,24.969414285714286,22.725973333333336,0.011174242424242475,0.02056231023405963
2017-06-22,25.5073,112656034,25.1993,25.6667,24.9047,Tesla,25.03284285714286,22.853506666666668,0.016498427867199572,0.012077690439362902
2017-06-23,25.5633,96377652,25.4967,25.7993,25.2897,Tesla,25.059414285714286,22.987616666666664,0.002195449930020077,0.011262262036733616
2017-06-26,25.166,98952761,25.7793,25.7967,24.8733,Tesla,25.079885714285716,23.104683333333334,-0.015541811894395519,0.011621996336201805
2017-06-27,24.158,104662358,25.0933,25.0933,24.1347,Tesla,24.993885714285714,23.207993333333334,-0.04005404116665334,0.019284734883261614
2017-06-28,24.7493,94354798,24.4453,24.7827,24.168,Tesla,25.0076,23.328503333333334,0.02447636393741215,0.02193291257940194
2017-06-29,24.05,123036883,24.7073,24.7333,23.6067,Tesla,24.89817142857143,23.449926666666666,-0.028255344595604748,0.024224074858798968
2017-06-30,24.1073,87345646,24.2473,24.4512,23.9746,Tesla,24.75731428571429,23.557813333333335,0.002382536382536271,0.023510590531231324
2017-07-03,23.508,94580968,24.6827,24.7567,23.4333,Tesla,24.4717,23.65068,-0.024859689803503504,0.022231283097895384
2017-07-05,21.806,254974373,23.1467,23.1493,21.7553,Tesla,23.934942857142858,23.68788,-0.0724008848051726,0.03084845835526924
2017-07-06,20.5887,288870456,21.1507,21.386,20.42,Tesla,23.281042857142857,23.69892666666667,-0.05582408511418879,0.03310942888785444
2017-07-07,20.8813,211949144,20.9,21.1333,20.492,Tesla,22.81294285714286,23.705593333333336,0.01421167922209765,0.035987355675889524
2017-07-10,21.07,206404247,20.86,21.196,20.2087,Tesla,22.28732857142857,23.70386,0.009036793686216793,0.03316696197994285
2017-07-11,21.8147,172901314,21.0667,21.8187,20.9533,Tesla,21.968,23.708483333333334,0.03534409112482195,0.03937578165042032
2017-07-12,21.968,154758523,22.0267,22.2067,21.6333,Tesla,21.662385714285712,23.69608333333333,0.007027371451360898,0.03971896416533075
2017-07-13,21.5607,128734661,22.0073,22.1067,21.3313,Tesla,21.3842,23.656973333333333,-0.018540604515659087,0.039462082143908804
2017-07-14,21.852,84118818,21.546,21.8947,21.4147,Tesla,21.39077142857143,23.62899666666667,0.013510693066551616,0.029500284273216416
2017-07-17,21.3047,147412516,21.7027,21.8067,20.8967,Tesla,21.493057142857143,23.583930000000002,-0.025045762401610827,0.020637031105242107
2017-07-18,21.8827,95410602,21.1667,21.942,21.044,Tesla,21.636114285714285,23.541530000000005,0.027130163766680537,0.022114706755500427
2017-07-19,21.684,95188212,21.882,22.11,21.548,Tesla,21.723828571428573,23.48022,-0.009080232329648497,0.02287326084631739
2017-07-20,21.9947,77137701,21.7933,22.0147,21.6133,Tesla,21.749542857142853,23.414153333333335,0.014328537170263722,0.019210823291117368
2017-07-21,21.8933,73075583,21.964,22.0838,21.72,Tesla,21.73887142857143,23.321706666666667,-0.00461020154855496,0.01913931298272581
2017-07-24,22.8347,128974316,22.016,22.8933,22.0007,Tesla,21.920871428571427,23.28882,0.04299945645471448,0.02310347847608193
2017-07-25,22.64,104668928,23.0,23.04,22.2767,Tesla,22.03344285714286,23.245686666666668,-0.008526496954196938,0.023792011050378
2017-07-26,22.9233,72142674,22.6907,23.0333,22.5413,Tesla,22.26467142857143,23.174353333333332,0.01251325088339228,0.01968491110713475
2017-07-27,22.2973,124288123,23.0667,23.1667,21.7527,Tesla,22.323900000000002,23.07168666666667,-0.02730845907875401,0.02263491901532608
2017-07-28,22.338,73048328,22.4593,22.64,22.1673,Tesla,22.417328571428573,22.982196666666667,0.0018253331120807736,0.02204021589553221
2017-07-31,21.5647,127881746,22.3667,22.766,21.4027,Tesla,22.355900000000002,22.87568666666667,-0.03461813949324033,0.025826684004878094
2017-08-01,21.3047,124274893,21.5333,21.63,21.0753,Tesla,22.27181428571429,22.76406666666667,-0.012056740877452454,0.02607867318219953
2017-08-02,21.726,179135160,21.2627,21.808,20.748,Tesla,22.113428571428575,22.661066666666667,0.019774979229935097,0.019910620567827157
2017-08-03,23.1393,202863949,23.022,23.3333,22.8767,Tesla,22.18475714285714,22.59593333333333,0.06505109085887884,0.03361932608555754
2017-08-04,23.794,138499356,23.1333,23.818,22.8867,Tesla,22.30914285714286,22.53882333333333,0.02829385504315174,0.034824330214358504
2017-08-07,23.678,94639918,23.8233,23.9653,23.5167,Tesla,22.506385714285717,22.47598,-0.00487517861645792,0.03219725751868259
2017-08-08,24.348,111477514,23.8353,24.572,23.8267,Tesla,22.79352857142857,22.448713333333334,0.028296308809865556,0.032756071447142224
2017-08-09,24.2353,103217678,24.0667,24.6667,23.93,Tesla,23.175042857142852,22.451289999999997,-0.004628716937736144,0.02696380303621679
2017-08-10,23.6933,105945757,24.1067,24.4434,23.644,Tesla,23.51627142857143,22.41609,-0.022364072241729982,0.02902544410917667
2017-08-11,23.858,65363397,23.798,24.084,23.5747,Tesla,23.820842857142857,22.40969,0.00695133223316291,0.029126194322864393
2017-08-14,24.2533,67619501,24.3087,24.5107,24.1733,Tesla,23.979985714285714,22.414556666666666,0.016568865789253095,0.01887211461711532
2017-08-15,24.1553,46268992,24.3467,24.366,23.958,Tesla,24.031599999999997,22.436133333333334,-0.004040687246683938,0.016578345819474337
2017-08-16,24.194,51092569,24.2,24.4333,24.168,Tesla,24.105314285714286,22.515733333333333,0.0016021328652511269,0.01629117900431605
2017-08-17,23.4613,75162337,24.0807,24.22,23.4393,Tesla,23.97864285714286,22.611486666666668,-0.030284368025130126,0.016295718744072575
2017-08-18,23.164,80862035,23.5273,23.6,23.0533,Tesla,23.8256,22.687576666666665,-0.012671932075375203,0.016532967680388193
2017-08-21,22.524,97347701,23.0547,23.0547,22.1233,Tesla,23.65855714285714,22.736043333333335,-0.02762907960628569,0.017477321546658178
2017-08-22,22.7567,64713988,22.742,22.816,22.4915,Tesla,23.501228571428573,22.767443333333336,0.01033120227313078,0.01796907541023977
2017-08-23,23.518,74129168,22.5993,23.566,22.5536,Tesla,23.396185714285714,22.819110000000002,0.03345388391111204,0.02222516175041133
2017-08-24,23.5287,68573576,23.5013,23.7773,23.316,Tesla,23.30667142857143,22.884710000000002,0.00045497066077038184,0.02229460318671326
2017-08-25,23.2033,52127764,23.616,23.7127,23.1533,Tesla,23.165142857142857,22.929753333333334,-0.013829918355030335,0.022464334717674422
2017-08-28,23.044,56193572,23.152,23.1567,22.648,Tesla,23.10552857142857,22.98773,-0.006865402765985795,0.01978356636621309
2017-08-29,23.1573,61039514,22.632,23.27,22.5833,Tesla,23.10457142857143,23.030216666666664,0.004916681131747813,0.019373281894610687
2017-08-30,23.5453,51062449,23.3113,23.5647,23.1333,Tesla,23.250471428571434,23.09226,0.016754975752786505,0.01569146188091445
2017-08-31,23.7267,60949920,23.57,23.896,23.5213,Tesla,23.389042857142858,23.149993333333335,0.0077042976729964074,0.015614658785607638
2017-09-01,23.6933,45728227,23.7413,23.8393,23.5794,Tesla,23.414085714285715,23.209993333333333,-0.00140769681413766,0.009969258302804034
2017-09-05,23.306,57546001,23.5867,23.6993,23.0593,Tesla,23.382271428571432,23.225703333333332,-0.01634639328417742,0.011972779272575692
2017-09-06,22.9687,61229984,23.3,23.3986,22.7707,Tesla,23.348757142857142,23.236659999999997,-0.014472667982493914,0.0120868443992428
2017-09-07,23.374,63525643,23.0653,23.4987,22.8967,Tesla,23.3959,23.251683333333336,0.017645752698237205,0.013680923364067234
2017-09-08,22.8933,48919971,23.266,23.3187,22.82,Tesla,23.358185714285717,23.271549999999998,-0.020565585693505528,0.016003794628460074
2017-09-11,24.246,114764943,23.4233,24.2473,23.3333,Tesla,23.45828571428571,23.33515,0.05908715650430474,0.027750530643701303
2017-09-12,24.1833,89493015,24.2993,24.584,24.0267,Tesla,23.52351428571428,23.422436666666666,-0.0025859935659490185,0.0278262293546896
2017-09-13,24.4153,62567744,24.2547,24.538,23.9727,Tesla,23.62665714285714,23.52612333333333,0.009593397096343326,0.027843119146006942
2017-09-14,25.176,107553891,24.2887,25.1973,24.1753,Tesla,23.8938,23.641123333333333,0.03115669272955901,0.027669074746826776
2017-09-15,25.3207,81108364,24.9673,25.3333,24.8467,Tesla,24.2298,23.71383666666667,0.005747537337146502,0.025486185958713135
2017-09-18,25.6667,107666541,25.35,25.974,25.1787,Tesla,24.55732857142857,23.77626,0.013664709111517404,0.02544338665065582
2017-09-19,25.0067,96528072,25.3333,25.4927,24.9047,Tesla,24.859242857142853,23.820550000000004,-0.02571425231915281,0.026645989822849513
2017-09-20,24.9273,73649333,24.8667,25.2166,24.738,Tesla,24.956571428571426,23.839859999999998,-0.003175149060051896,0.017525980683848735
2017-09-21,24.432,69163045,24.9933,25.122,24.3007,Tesla,24.9921,23.846416666666666,-0.019869781324090452,0.019706461701058695
2017-09-22,23.406,122143364,24.4327,24.66,23.392,Tesla,24.847914285714285,23.83684,-0.04199410609037324,0.025131097356938983
2017-09-25,22.9993,113807313,23.5433,23.8313,22.8587,Tesla,24.53695714285714,23.808216666666667,-0.01737588652482258,0.019265308250820522
2017-09-26,23.0167,107244681,23.3953,23.416,22.7267,Tesla,24.207814285714285,23.766996666666667,0.0007565447644057866,0.018548953527626304
2017-09-27,22.7313,90410580,23.3267,23.4326,22.7,Tesla,23.78847142857143,23.71953,-0.012399692397259354,0.014355715888152463
2017-09-28,22.64,79646645,22.6587,22.85,22.36,Tesla,23.45037142857143,23.667730000000002,-0.004016488278277053,0.014529766150045517
2017-09-29,22.74,76485727,22.7907,22.9787,22.5734,Tesla,23.137900000000002,23.643686666666664,0.004416961130741859,0.015708909953895667
2017-10-02,22.7687,78413166,22.8347,22.9133,22.3673,Tesla,22.90028571428571,23.63051,0.0012620932277924712,0.01617567092632868
2017-10-03,23.2093,151838174,22.3933,23.2367,22.0853,Tesla,22.872185714285713,23.65335333333333,0.0193511267661306,0.01196377730397877
2017-10-04,23.6673,122219864,23.4167,23.908,23.3067,Tesla,22.967614285714287,23.683706666666662,0.019733468911169227,0.011792858028805451
2017-10-05,23.6887,62518664,23.7333,23.829,23.4233,Tesla,23.063614285714287,23.689396666666667,0.0009042011551803064,0.01178589044350205
2017-10-06,23.792,64092958,23.54,24.0066,23.4833,Tesla,23.215142857142858,23.698173333333333,0.004360728955155935,0.009296051001243436
2017-10-09,22.8627,111921859,23.31,23.45,22.8447,Tesla,23.246957142857145,23.686819999999997,-0.0390593476798925,0.01963523768510796
2017-10-10,23.706,104583893,23.12,23.7087,23.0354,Tesla,23.38495714285714,23.708886666666665,0.03688540723536593,0.02381148465712705
2017-10-11,23.64,67420961,23.5927,23.84,23.41,Tesla,23.509428571428572,23.724976666666667,-0.0027841052897999985,0.023999849913071955
2017-10-12,23.712,61103249,23.53,23.9853,23.5093,Tesla,23.581242857142858,23.730533333333334,0.003045685279187804,0.023224623422908746
2017-10-13,23.7047,53082078,23.7987,23.8993,23.5787,Tesla,23.586585714285714,23.7298,-0.0003078609986505443,0.022067311204519165
2017-10-16,23.3733,80596310,23.584,23.632,23.144,Tesla,23.541528571428568,23.719133333333335,-0.013980349888418675,0.022721972796144217
2017-10-17,23.7167,49354325,23.394,23.748,23.338,Tesla,23.530771428571427,23.732823333333332,0.014691977598370709,0.02350272109840094
2017-10-18,23.9767,74040323,23.7313,24.2,23.6087,Tesla,23.689914285714284,23.766423333333332,0.01096273933557379,0.01619114372325774
2017-10-19,23.454,75835687,23.704,23.8098,23.2133,Tesla,23.653914285714286,23.76909,-0.02180033115482949,0.012968427165598526
2017-10-20,23.0067,73884818,23.5127,23.6367,22.956,Tesla,23.563442857142856,23.77287,-0.01907137375287804,0.014604871517629953
2017-10-23,22.468,86093927,23.3253,23.33,22.4167,Tesla,23.385728571428576,23.71360333333333,-0.02341491826294073,0.01590981867965414
2017-10-24,22.4893,67285346,22.5867,22.8533,22.4107,Tesla,23.2121,23.657136666666666,0.0009480149546021721,0.01601198251905622
2017-10-25,21.7227,128754221,22.4467,22.5,21.5707,Tesla,22.976300000000002,23.567383333333332,-0.03408732152623695,0.018930741253166707
2017-10-26,21.7447,75151267,21.852,22.0153,21.5467,Tesla,22.694585714285715,23.453006666666667,0.0010127654481257853,0.016473063715721433
2017-10-27,21.3913,104525423,21.3167,21.6393,21.1107,Tesla,22.325242857142857,23.322026666666666,-0.016252236177091484,0.012922068733669379
2017-10-30,21.3387,63714253,21.2787,21.5853,21.15,Tesla,22.023057142857144,23.17776,-0.002458943589216278,0.013551330078245034
2017-10-31,22.102,84750888,21.3487,22.13,21.3453,Tesla,21.893814285714285,23.080936666666666,0.0357706889360645,0.02254735972963791
2017-11-01,21.4053,123637243,22.15,22.1739,21.3507,Tesla,21.742,22.963536666666666,-0.03152203420504929,0.02379479995300236
2017-11-02,19.9507,296569052,20.0087,20.5793,19.5087,Tesla,21.37934285714286,22.81416,-0.06795513260734487,0.032707645845780724
2017-11-03,20.406,133288928,19.9667,20.4167,19.6753,Tesla,21.191242857142857,22.71416,0.022821254392076273,0.03462370575844246
2017-11-06,20.1853,97210286,20.4667,20.5,19.934,Tesla,20.96847142857143,22.620359999999998,-0.01081544643732224,0.03437728117971297
2017-11-07,20.4033,79272620,20.068,20.4333,20.002,Tesla,20.827328571428573,22.533246666666667,0.010799938569156842,0.035078410463389026
2017-11-08,20.2927,70880290,20.3667,20.4593,20.0867,Tesla,20.6779,22.45196,-0.005420691750844253,0.035043691989907685
2017-11-09,20.1993,81602554,20.1667,20.2973,19.7533,Tesla,20.406085714285716,22.37060333333333,-0.004602640358355448,0.029840737396766823
2017-11-10,20.1993,69316165,20.1667,20.5573,20.1233,Tesla,20.233800000000002,22.285913333333333,0.0,0.028832935999040115
2017-11-13,21.0267,113478573,20.0087,21.12,19.9407,Tesla,20.387514285714285,22.227846666666665,0.040961815508458344,0.01857519011428605
2017-11-14,20.58,84928518,21.0,21.09,20.46,Tesla,20.412371428571426,22.140203333333332,-0.02124441781163966,0.01999997625607985
2017-11-15,20.7533,89277480,20.4007,20.8327,20.1,Tesla,20.493514285714287,22.04307,0.008420796890184601,0.01935576722260086
2017-11-16,20.8333,86916092,20.9327,21.2093,20.7533,Tesla,20.55494285714286,21.947889999999997,0.0038548086328440423,0.019133656364620895
2017-11-17,21.0033,205812347,21.7113,21.778,20.8767,Tesla,20.656457142857143,21.85493333333333,0.008160013056020876,0.018806860745284253
2017-11-20,20.5827,123627253,20.9193,21.0333,20.3167,Tesla,20.71122857142857,21.778933333333335,-0.020025424576138096,0.020915282100504452
2017-11-21,21.1873,108845661,20.724,21.2153,20.5807,Tesla,20.852371428571427,21.69497666666667,0.02937418317324747,0.02307722633131303
2017-11-22,20.84,73699208,21.118,21.1613,20.7893,Tesla,20.8257,21.601643333333335,-0.016391895144732938,0.018830061991303597
2017-11-24,21.0367,48660951,20.9193,21.094,20.7333,Tesla,20.890942857142857,21.512466666666665,0.009438579654510448,0.016830186779237505
2017-11-27,21.1207,68066651,20.8833,21.156,20.634,Tesla,20.943428571428573,21.426333333333332,0.0039930217191859185,0.016686560812489377
2017-11-28,21.17,74125508,21.0907,21.3333,20.928,Tesla,20.99152857142857,21.35289,0.0023342029383497387,0.016677839454576814
2017-11-29,20.5027,131361879,21.1533,21.2,20.082,Tesla,20.920014285714284,21.24575666666667,-0.03152102031176196,0.020665416362565275
2017-11-30,20.59,65181477,20.5707,20.7133,20.3027,Tesla,20.92105714285714,21.132866666666665,0.004257975778799716,0.019379570007412972
2017-12-01,20.4353,64291198,20.3627,20.688,20.3367,Tesla,20.813628571428573,21.032243333333334,-0.007513355998057247,0.014538920634654732
2017-12-04,20.3467,87513361,20.4333,20.551,20.0407,Tesla,20.743157142857143,20.94357666666667,-0.004335634906265318,0.0136599722577883
2017-12-05,20.2467,69655585,20.1333,20.5333,20.0667,Tesla,20.630300000000002,20.869533333333333,-0.004914801908908917,0.012446311866948204
2017-12-06,20.884,107767101,20.0067,20.8927,20.0,Tesla,20.596485714285713,20.81602333333333,0.03147673448018695,0.01867454904465989
2017-12-07,20.7493,71693814,20.8,21.2423,20.7367,Tesla,20.536385714285718,20.78357666666667,-0.0064499138096149045,0.01867227574068261
2017-12-08,21.0087,51991294,20.9733,21.132,20.7507,Tesla,20.60867142857143,20.759043333333334,0.012501626560895929,0.014240571855180049
2017-12-11,21.9273,118891291,20.9753,21.934,20.9167,Tesla,20.799714285714288,20.776909999999997,0.04372474260663428,0.020839895487672185
2017-12-12,22.7353,130733485,22.03,22.7627,22.002,Tesla,21.128285714285713,20.823463333333333,0.03684904206172224,0.02163585590899983
2017-12-13,22.602,93265468,22.7287,22.948,22.4333,Tesla,21.45047142857143,20.84013,-0.005863129142786749,0.021876214835476717
2017-12-14,22.526,86880317,22.734,23.1627,22.46,Tesla,21.776085714285717,20.877486666666666,-0.003362534289001018,0.02164340132400633
2017-12-15,22.8967,103818638,22.8027,22.9267,22.384,Tesla,22.063614285714287,20.975686666666665,0.016456539110361268,0.02051692966942821
2017-12-18,22.5913,81998149,22.9933,23.1153,22.5053,Tesla,22.326757142857144,21.048530000000003,-0.013338166635366577,0.021755878714699556
2017-12-19,22.0733,102312969,22.684,22.7662,22.02,Tesla,22.47884285714286,21.111463333333337,-0.022929180702305763,0.025529125664356448
2017-12-20,21.932,88610626,22.1793,22.2067,21.6693,Tesla,22.479514285714284,21.16242,-0.0064013989752326195,0.02007776523030465
2017-12-21,22.1107,65549877,21.9727,22.2493,21.814,Tesla,22.390285714285714,21.22302,0.008147911727156787,0.013045620574396228
2017-12-22,21.68,63113998,21.9673,22.0614,21.6547,Tesla,22.25857142857143,21.27237666666667,-0.01947925664949557,0.014338422511148865
2017-12-26,21.1527,65530452,21.5887,21.596,21.1053,Tesla,22.06238571428571,21.304156666666668,-0.024321955719557198,0.01584336891607119
2017-12-27,20.776,70576225,21.0667,21.1787,20.7167,Tesla,21.759428571428572,21.2958,-0.01780860126603223,0.01139450363748458
2017-12-28,21.024,64601158,20.7833,21.0547,20.636,Tesla,21.535528571428568,21.3106,0.011936850211782923,0.014980710540534362
2017-12-29,20.7567,56542532,21.0787,21.094,20.6667,Tesla,21.347442857142855,21.310713333333336,-0.012714041095890471,0.013990012387516092
2018-01-02,21.3687,65184192,20.8,21.474,20.7333,Tesla,21.266971428571427,21.32856,0.029484455621558325,0.0201678801910782
2018-01-03,21.15,66577767,21.4,21.6833,21.0367,Tesla,21.12972857142857,21.333449999999996,-0.010234595459714502,0.01958115628911005
2018-01-04,20.9747,149168820,20.858,21.2367,20.3787,Tesla,21.028971428571428,21.346516666666666,-0.008288416075650118,0.018751985504931894
2018-01-05,21.1053,68830886,21.108,21.1493,20.8,Tesla,21.022199999999998,21.34378333333333,0.006226549128235392,0.01684512894660125
2018-01-08,22.4273,147489076,21.0667,22.468,21.0333,Tesla,21.258100000000002,21.396693333333335,0.06263829464636839,0.027131037119112564
2018-01-09,22.246,107017821,22.344,22.5867,21.827,Tesla,21.432671428571428,21.437003333333333,-0.008083897749617708,0.028090141539149644
2018-01-10,22.32,64545763,22.1467,22.4667,22.0,Tesla,21.656000000000002,21.47698,0.0033264407084421244,0.02669728868229107
2018-01-11,22.53,99612895,22.3493,22.9873,22.2173,Tesla,21.8219,21.522313333333333,0.009408602150537737,0.025392500705001993
2018-01-12,22.4147,72337599,22.5753,22.694,22.2447,Tesla,22.00257142857143,21.586046666666668,-0.005117620949844692,0.02485282623155197
2018-01-16,22.6707,96438462,22.5027,23.0,22.32,Tesla,22.244857142857143,21.655403333333332,0.011421076347218673,0.023712619427852598
2018-01-17,23.144,106388257,22.698,23.2667,22.65,Tesla,22.5361,21.745693333333335,0.020877167445204625,0.023825888205570387
2018-01-18,22.9713,85194392,23.0447,23.4867,22.916,Tesla,22.613814285714284,21.833179999999995,-0.007461977186311697,0.011017135901227135
2018-01-19,23.3347,73067678,23.0,23.3727,22.84,Tesla,22.769342857142856,21.93611333333333,0.01581974028461608,0.010528659456982678
2018-01-22,23.4373,92996609,23.2933,23.8553,23.28,Tesla,22.928957142857143,22.021223333333335,0.004396885325288036,0.010475811108654262
2018-01-23,23.5193,81714289,24.0,24.0333,23.4,Tesla,23.070285714285713,22.113556666666668,0.003498696522210354,0.010492096615741821
2018-01-24,23.0593,79160750,23.6387,23.65,22.9013,Tesla,23.16237142857143,22.181910000000002,-0.01955840522464536,0.0139419074507627
2018-01-25,22.5093,100878070,23.218,23.28,22.4267,Tesla,23.139314285714285,22.20131,-0.02385154796546296,0.016927144798193086
2018-01-26,22.8567,68031821,22.7667,22.9333,22.3807,Tesla,23.098271428571426,22.205356666666667,0.015433620770081813,0.015850921823128812
2018-01-29,23.302,71073084,22.6567,23.39,22.552,Tesla,23.145514285714285,22.228689999999997,0.019482252468641548,0.01740652175045448
2018-01-30,23.0547,70660225,23.0093,23.218,22.8113,Tesla,23.10551428571429,22.24631333333333,-0.010612822933653732,0.016809876112554578
2018-01-31,23.6207,92990549,23.1673,23.746,23.0127,Tesla,23.13171428571429,22.27044666666667,0.02455030861386187,0.019516445544268027
2018-02-01,23.2833,62811569,23.4,23.9773,23.242,Tesla,23.098000000000003,22.293513333333333,-0.014284081335438792,0.020319947696224628
2018-02-02,22.9167,55442327,23.2293,23.4633,22.7007,Tesla,23.07762857142857,22.321626666666663,-0.015745190759042016,0.019791985164306938
2018-02-05,22.2087,66617457,22.5313,22.9647,22.2,Tesla,23.03468571428571,22.330849999999998,-0.030894500517090084,0.021286564986612112
2018-02-06,22.2647,76200442,21.6807,22.4147,21.5667,Tesla,22.950114285714285,22.335983333333335,0.002521534353654209,0.020077024079893733
2018-02-07,23.0,100945180,22.5993,23.0667,22.3773,Tesla,22.906971428571428,22.379983333333332,0.033025372001419306,0.023094389523672407
2018-02-08,21.0153,154446223,22.8873,23.2413,20.9733,Tesla,22.61562857142857,22.37540333333333,-0.08629130434782606,0.03972433962769255
2018-02-09,20.6947,193866353,21.3287,21.399,19.6507,Tesla,22.19762857142857,22.372693333333334,-0.015255551907419784,0.03624222829342768
2018-02-12,21.0487,93367138,21.0753,21.2053,20.4167,Tesla,21.8784,22.373516666666667,0.017105829028688513,0.038659042437939814
2018-02-13,21.5773,68319431,21.0013,21.6127,20.834,Tesla,21.687057142857146,22.40087,0.025113189888211762,0.04128488164055613
2018-02-14,21.4873,59221125,21.3893,21.7447,21.2347,Tesla,21.584000000000003,22.404823333333336,-0.0041710501313880766,0.04001045191650421
2018-02-15,22.271,88647301,21.6333,22.2747,21.4933,Tesla,21.5849,22.44219,0.03647270713398143,0.04288626919415444
2018-02-16,22.366,84602718,22.1667,22.8747,22.1093,Tesla,21.494328571428575,22.488566666666667,0.004265636926945371,0.040607980329002105
2018-02-20,22.318,60089400,22.298,22.7227,22.1,Tesla,21.68042857142857,22.52899,-0.0021461146382901752,0.018203363463124227
2018-02-21,22.22,48108726,22.402,22.6462,22.2113,Tesla,21.89832857142857,22.522080000000003,-0.004391074469038525,0.016162279096498283
2018-02-22,23.078,104428148,22.3687,23.1627,22.3167,Tesla,22.18822857142857,22.549813333333336,0.03861386138613865,0.019389299360723332
2018-02-23,23.47,87212611,23.1887,23.666,23.14,Tesla,22.458614285714283,22.588146666666667,0.01698587399254703,0.018805112714352024
2018-02-26,23.828,65017467,23.5667,23.9333,23.4903,Tesla,22.793,22.631413333333334,0.015253515125692507,0.017358613186952844
2018-02-27,23.3993,71775294,23.75,23.9993,23.334,Tesla,22.954185714285718,22.664233333333335,-0.017991438643612523,0.018313792094912705
2018-02-28,22.8707,90990615,23.5047,23.6827,22.8147,Tesla,23.026285714285713,22.6709,-0.022590419371519732,0.021562517569292203
2018-03-01,22.062,103088228,23.0007,23.2447,22.0047,Tesla,22.989714285714285,22.634833333333333,-0.03535965230622584,0.02615017068996332
2018-03-02,22.3413,76331797,21.7987,22.348,21.5313,Tesla,23.00704285714286,22.613833333333336,0.01265977699211307,0.02661022394568155
2018-03-05,22.2233,57310501,22.1593,22.5167,21.9529,Tesla,22.884942857142857,22.57678666666667,-0.005281698021153747,0.020837422209739883
2018-03-06,21.88,63547213,22.25,22.4247,21.802,Tesla,22.6578,22.524876666666668,-0.015447750784086889,0.018567081595649952
2018-03-07,22.1533,75029062,21.696,22.1667,21.4493,Tesla,22.418557142857143,22.47934333333333,0.012490859232175522,0.017964818042270587
2018-03-08,21.94,52715479,22.1907,22.22,21.7516,Tesla,22.210085714285714,22.44203333333333,-0.00962836236587783,0.01763672449260965
2018-03-09,21.8113,82541644,21.6067,21.8993,21.4913,Tesla,22.058742857142853,22.418766666666667,-0.005865998176846077,0.016594377181088884
2018-03-12,23.034,123793723,21.9073,23.1473,21.7667,Tesla,22.1976,22.424676666666663,0.05605809832518016,0.024369908399857997
2018-03-13,22.7893,89409495,22.9947,23.008,22.4176,Tesla,22.261599999999998,22.407586666666667,-0.01062342623947199,0.02495914359960867
2018-03-14,21.7753,119282220,22.4507,22.654,21.5953,Tesla,22.197599999999998,22.36494,-0.0444945654320229,0.030857462754952644
2018-03-15,21.7067,98318471,21.9587,22.19,21.4067,Tesla,22.172842857142857,22.301139999999997,-0.0031503584336380897,0.030343346957876677
2018-03-16,21.4233,91700429,21.7307,21.8267,21.2713,Tesla,22.06855714285714,22.239140000000003,-0.013055876756945972,0.03002070777419369
2018-03-19,20.904,112018294,21.1,21.3833,20.6447,Tesla,21.920557142857145,22.172050000000002,-0.024239963030905698,0.03093921686257878
2018-03-20,20.7033,71415429,20.9913,21.0833,20.584,Tesla,21.76227142857143,22.12187,-0.009601033295063233,0.03095902900781432
2018-03-21,21.102,89313660,20.6833,21.496,20.6793,Tesla,21.486271428571428,22.083113333333333,0.019257799481242177,0.019447899552397938
2018-03-22,20.6067,73873883,20.926,21.2547,20.5453,Tesla,21.174471428571426,22.003336666666666,-0.023471708842763728,0.019868086943686337
2018-03-23,20.1027,99599350,20.75,20.774,20.03,Tesla,20.93552857142857,21.972916666666666,-0.024458064610054064,0.01578434058700646
2018-03-26,20.2787,125473992,20.4893,20.506,19.424,Tesla,20.731528571428573,21.95905,0.008755042854939887,0.017364316261191417
2018-03-27,18.612,206805797,20.2667,20.2847,18.4787,Tesla,20.329914285714285,21.877826666666667,-0.082189686715618,0.0326376096066513
2018-03-28,17.1853,314434043,17.6387,17.912,16.8067,Tesla,19.798671428571428,21.731426666666664,-0.07665484633569719,0.03926679819880432
2018-03-29,17.742,225216487,17.0993,18.064,16.5473,Tesla,19.37562857142857,21.606583333333333,0.03239396460928812,0.04512319901586609
2018-04-02,16.832,241399229,17.084,17.3555,16.306,Tesla,18.76562857142857,21.425283333333333,-0.05129072257919065,0.042456235708000604
2018-04-03,17.8353,282444609,17.988,18.2233,16.966,Tesla,18.369714285714284,21.27426,0.05960670152091252,0.05474196188453342
2018-04-04,19.1293,298202551,16.852,19.2247,16.8,Tesla,18.230657142857144,21.167970000000004,0.0725527465195428,0.06456390007860234
2018-04-05,20.3813,285387757,19.2893,20.4173,19.2133,Tesla,18.245314285714283,21.106679999999997,0.06544933688111954,0.06994677099906911
2018-04-06,19.9533,202747849,20.0667,20.6187,19.7,Tesla,18.436928571428574,21.002523333333333,-0.020999641828538973,0.060771313657854015
2018-04-09,19.3107,153621073,20.0247,20.6333,19.2807,Tesla,18.740557142857142,20.863879999999998,-0.03220519913999176,0.05165341094868196
2018-04-10,20.3133,165255067,19.9313,20.4733,19.5787,Tesla,19.107885714285715,20.746723333333332,0.05191940219670954,0.05307239524006469
2018-04-11,20.062,112053004,20.0493,20.5987,19.9773,Tesla,19.569314285714288,20.635479999999998,-0.012371205072538749,0.04581348181495038
2018-04-12,19.6053,113932818,20.1547,20.2633,19.5787,Tesla,19.82217142857143,20.526633333333336,-0.022764430266174918,0.04640126911360714
2018-04-13,20.0227,109788320,20.24,20.2633,19.732,Tesla,19.949800000000003,20.45865666666667,0.02129016133392514,0.039200830227952246
2018-04-16,19.414,94342408,19.9333,19.9773,19.2673,Tesla,19.811614285714285,20.36108,-0.0304004954376782,0.03142809989509774
2018-04-17,19.1793,103967228,19.258,19.478,18.834,Tesla,19.70104285714286,20.259613333333334,-0.012089213969300516,0.030919492750095073
2018-04-18,19.5567,97973396,19.4053,20.016,19.2107,Tesla,19.736185714285714,20.18217,0.019677464766701513,0.029564700208709247
2018-04-19,20.0053,91256954,19.4053,20.0673,19.2367,Tesla,19.692185714285717,20.110570000000003,0.022938430307771762,0.02266186952217851
2018-04-20,19.3493,84339408,19.678,19.9987,19.3167,Tesla,19.590371428571427,20.024213333333332,-0.032791310302769716,0.02537706959160166
2018-04-23,18.8913,73211108,19.4193,19.4413,18.822,Tesla,19.48837142857143,19.92688,-0.023670106928932788,0.02548554293585905
2018-04-24,18.8973,85173587,19.0,19.1393,18.564,Tesla,19.3276,19.788990000000002,0.0003176065172858511,0.022989404240694372
2018-04-25,18.7127,60006285,18.9,19.0107,18.4833,Tesla,19.227414285714286,19.653103333333334,-0.009768591280235772,0.02086350513319724
2018-04-26,19.032,65221587,18.5833,19.0527,18.4333,Tesla,19.206371428571426,19.56166,0.017063277880797534,0.02209845187031104
2018-04-27,19.605,65202777,19.0247,19.6313,18.922,Tesla,19.213271428571428,19.491603333333334,0.030107187894073073,0.02398723357729094
2018-04-30,19.5933,63360988,19.574,19.9153,19.5,Tesla,19.154414285714285,19.430603333333334,-0.0005967865340474887,0.0218921523698745
2018-05-01,19.9947,69224155,19.5673,20.0547,19.548,Tesla,19.246614285714287,19.400293333333334,0.020486594907442868,0.01874790017121244
2018-05-02,20.0767,125192577,19.9047,20.4567,19.8523,Tesla,19.415957142857142,19.379406666666668,0.004101086787998698,0.014059254018104057
2018-05-03,18.9633,260086220,18.586,19.2027,18.3487,Tesla,19.425385714285714,19.308116666666667,-0.05545732117330038,0.028285393484643366
2018-05-04,19.606,128482526,18.8667,19.7907,18.6347,Tesla,19.553,19.27476,0.033891780439058605,0.030296448935276995
2018-05-07,20.1847,130096285,19.8333,20.3973,19.678,Tesla,19.71767142857143,19.277493333333336,0.029516474548607396,0.031328092889106755
2018-05-08,20.1313,88911661,20.053,20.5167,19.9333,Tesla,19.792857142857144,19.27258,-0.002645568177877311,0.030046225674274344
2018-05-09,20.4567,85683782,20.0273,20.4673,20.0033,Tesla,19.9162,19.33407,0.016163884100877768,0.030268643752736323
2018-05-10,20.3347,84641523,20.5,20.866,20.2741,Tesla,19.964771428571428,19.43905,-0.005963816255798782,0.029891830546794243
2018-05-11,20.0707,69979780,20.5133,20.592,19.9387,Tesla,19.963914285714285,19.516673333333333,-0.012982733947390579,0.030459998477273185
2018-05-14,19.4647,108982461,20.2213,20.3293,19.4413,Tesla,20.035542857142854,19.604429999999997,-0.0301932668018553,0.02342931407820863
2018-05-15,18.9453,142646224,19.0007,19.1307,18.7,Tesla,19.941157142857143,19.64143,-0.02668420268486038,0.021655255176794484
2018-05-16,19.0987,85044617,18.922,19.254,18.7707,Tesla,19.786014285714284,19.640409999999996,0.008096995033068932,0.017038350360343568
2018-05-17,18.9693,66273837,19.06,19.2792,18.9313,Tesla,19.620014285714287,19.593343333333337,-0.006775330258080414,0.016903349552256013
2018-05-18,18.4547,108655431,18.9767,18.9767,18.2667,Tesla,19.334014285714286,19.543390000000002,-0.027128043733822604,0.014140142112341991
2018-05-21,18.966,137517591,18.7553,19.4327,18.7533,Tesla,19.138485714285714,19.531900000000004,0.027705679312045373,0.021398680706327694
2018-05-22,18.334,134077448,19.1841,19.2,18.2281,Tesla,18.890385714285713,19.465923333333333,-0.0333227881472109,0.023220768416473886
2018-05-23,18.6047,89583510,18.5173,18.6607,18.2667,Tesla,18.767528571428574,19.417346666666667,0.014764917639358721,0.023759519763334944
2018-05-24,18.5233,62561804,18.56,18.7407,18.326,Tesla,18.707242857142855,19.38128,-0.004375238514998991,0.021982388978431765
2018-05-25,18.59,58089286,18.5083,18.6427,18.374,Tesla,18.63457142857143,19.333523333333332,0.0036008702553000926,0.021667369602091553
2018-05-29,18.9173,84857253,18.5673,19.1,18.41,Tesla,18.627142857142854,19.316966666666666,0.017606239913932287,0.022999444548218333
2018-05-30,19.448,112103794,18.886,19.667,18.7733,Tesla,18.769042857142857,19.325923333333332,0.028053686308299852,0.02163341265199491
2018-05-31,18.982,88692331,19.1473,19.358,18.862,Tesla,18.771328571428572,19.306766666666665,-0.023961332784862233,0.022475373567170314
2018-06-01,19.4547,81269719,19.0573,19.4633,18.9226,Tesla,18.93142857142857,19.28841333333333,0.024902539247708244,0.01833441142059779
2018-06-04,19.7827,71906769,19.6227,19.9333,19.5699,Tesla,19.09971428571429,19.30286,0.01685967915208142,0.018467352540820627
2018-06-05,19.4087,88168051,19.8467,19.8533,19.116,Tesla,19.2262,19.320106666666668,-0.018905407249768635,0.02087506828879207
2018-06-06,21.3,281135859,20.0333,21.478,19.832,Tesla,19.613342857142857,19.400196666666666,0.09744599071550386,0.03989157639117456
2018-06-07,21.0727,215041542,21.0767,22.0,20.9053,Tesla,19.921257142857144,19.478863333333333,-0.010671361502347376,0.04160322025417024
2018-06-08,21.1773,122882564,21.2667,21.632,21.1433,Tesla,20.1683,19.550373333333333,0.0049637682878793665,0.041426004857217695
2018-06-11,22.14,197490651,21.5007,22.3107,21.5,Tesla,20.619442857142854,19.634873333333335,0.04545905285376328,0.039376260628492636
2018-06-12,22.8513,333846283,22.98,23.6647,22.5333,Tesla,21.10467142857143,19.743473333333334,0.03212737127371268,0.039532948285687514
2018-06-13,22.9853,141021934,23.1137,23.1467,22.6533,Tesla,21.56218571428571,19.843159999999997,0.005863998984740437,0.04007392626001103
2018-06-14,23.848,164417168,23.1753,23.9167,23.1067,Tesla,22.19637142857143,19.96887,0.037532683932774535,0.03585078339555148
2018-06-15,23.878,162413319,23.5893,24.3113,23.4167,Tesla,22.56465714285714,20.132693333333332,0.001257967125125825,0.021377068309376277
2018-06-18,24.722,180381660,23.6933,24.9153,23.6333,Tesla,23.085985714285716,20.303226666666667,0.03534634391490088,0.018451149515369594
2018-06-19,23.5033,191022504,24.344,24.6667,23.0833,Tesla,23.418271428571426,20.413846666666664,-0.04929617344875015,0.0330342164416205
2018-06-20,24.148,125553957,23.8693,24.292,23.4667,Tesla,23.705128571428567,20.547736666666665,0.027430190654078368,0.030943043775831038
2018-06-21,23.1673,119247630,24.1333,24.4143,23.0847,Tesla,23.75027142857143,20.63809,-0.04061205896968689,0.03531297667588853
2018-06-22,22.242,153806473,23.436,23.4833,22.1333,Tesla,23.644085714285715,20.701666666666664,-0.03993991531166774,0.03867051879571494
2018-06-25,22.2007,103876283,22.008,22.5647,21.8333,Tesla,23.408757142857144,20.77266666666667,-0.0018568474058088258,0.03422297848686149
2018-06-26,22.8,111521179,22.4036,22.9033,21.7199,Tesla,23.25475714285714,20.883843333333335,0.026994644313017124,0.03687225821692056
2018-06-27,22.9667,124707193,23.0,23.386,22.6333,Tesla,23.003999999999998,21.01789,0.007311403508771797,0.03294769667559302
2018-06-28,23.3287,125822517,23.244,23.8013,23.074,Tesla,22.979057142857148,21.15889,0.015761950998619767,0.02894696602224617
2018-06-29,22.8633,97138496,23.5553,23.5907,22.8273,Tesla,22.795528571428573,21.288689999999995,-0.01994967572132189,0.026726910301949614
2018-07-02,22.338,280990510,24.0047,24.3187,21.99,Tesla,22.67705714285714,21.418133333333333,-0.022975685924603972,0.023747156388761508
2018-07-03,20.724,184239508,22.1167,22.166,20.646,Tesla,22.460200000000004,21.476733333333332,-0.0722535589578297,0.03301472913389952
2018-07-05,20.6107,261863419,20.9173,20.9593,19.748,Tesla,22.23305714285714,21.552623333333333,-0.005467091295116688,0.03290221909060263
2018-07-06,20.5933,132902904,20.3303,20.8047,20.1333,Tesla,21.917814285714282,21.618910000000003,-0.0008442216906753286,0.029141175233753442
2018-07-09,21.234,113693058,20.7993,21.2347,20.5333,Tesla,21.670285714285715,21.709266666666664,0.03111206071877759,0.03316142601918436
2018-07-10,21.498,141563284,21.6373,21.8452,21.28,Tesla,21.408757142857144,21.8062,0.012432890647075423,0.03274055465966389
2018-07-11,21.264,73178888,21.0533,21.4627,21.0047,Tesla,21.180285714285713,21.884423333333334,-0.0108847334635781,0.032512278058472274
2018-07-12,21.114,85677722,21.4287,21.5487,20.8513,Tesla,21.005428571428574,21.939956666666667,-0.007054176072234686,0.03199294705476193
2018-07-13,21.258,88001596,21.0387,21.3057,20.6167,Tesla,21.081714285714288,22.015823333333334,0.006820119352088483,0.014551433315476748
2018-07-16,20.6733,117006751,20.7807,21.0107,20.4167,Tesla,21.090657142857143,22.056443333333334,-0.027504939316962962,0.018673286526581376
2018-07-17,21.5127,104816678,20.5873,21.6493,20.5667,Tesla,21.222,22.11411,0.04060309674797913,0.023966493515317985
2018-07-18,21.59,84151233,21.6667,21.7,21.0833,Tesla,21.27285714285714,22.18682,0.0035932263267743902,0.02137389422127227
2018-07-19,21.3487,88606696,21.0887,21.5693,20.934,Tesla,21.251528571428572,22.188443333333336,-0.011176470588235232,0.021421268900474567
2018-07-20,20.9053,77397426,21.4153,21.5493,20.7806,Tesla,21.200285714285712,22.182863333333334,-0.020769414531095598,0.022495670526713116
2018-07-23,20.2133,164622218,20.1227,20.3667,19.524,Tesla,21.071614285714286,22.150730000000003,-0.03310165364763962,0.025397167903201928
2018-07-24,19.8287,143792718,20.2947,20.5145,19.503,Tesla,20.867428571428572,22.073686666666667,-0.01902707623198585,0.02511119528098891
2018-07-25,20.5827,105470677,19.7827,20.6413,19.6335,Tesla,20.854485714285715,21.998066666666666,0.038025690035150994,0.029214770002255287
2018-07-26,20.4433,69293470,20.3233,20.7133,20.2428,Tesla,20.701714285714285,21.913333333333338,-0.006772678025720569,0.02299478201869483
2018-07-27,19.812,85420307,20.4833,20.5129,19.6894,Tesla,20.447714285714287,21.7788,-0.0308805329863574,0.02400901507281186
2018-07-30,19.3447,101993664,19.7267,19.74,19.0753,Tesla,20.16142857142857,21.627690000000005,-0.023586715122148272,0.0243968055715168
2018-07-31,19.876,75826372,19.4833,19.888,19.2713,Tesla,20.014385714285712,21.466156666666667,0.027464887023319173,0.02853757441449574
2018-08-01,20.056,131521419,19.866,20.2,19.5333,Tesla,19.991914285714284,21.35124666666667,0.009056148118333551,0.026443183355345384
2018-08-02,23.3027,347387226,21.896,23.3327,21.544,Tesla,20.488200000000003,21.323069999999998,0.16188173115277227,0.06539541249149679
2018-08-03,23.2113,204699498,23.1873,23.6667,22.8353,Tesla,20.863714285714288,21.32453666666667,-0.003922292266561378,0.06592555602705753
2018-08-06,22.7993,128051426,23.0307,23.6653,22.788,Tesla,21.200285714285712,21.343113333333335,-0.01774997522758326,0.06676693715524398
2018-08-07,25.3047,458945771,22.9227,25.8307,22.61,Tesla,21.984957142857144,21.446579999999997,0.10988933870776751,0.07085278143955276
2018-08-08,24.6893,368031116,24.606,25.5093,24.4747,Tesla,22.74847142857143,21.509556666666665,-0.024319592802918066,0.07095868518452808
2018-08-09,23.4967,254276873,24.37,24.4673,23.0487,Tesla,23.265714285714285,21.527223333333335,-0.04830432616558589,0.07815372186465808
2018-08-10,23.6993,172957564,23.6,24.0,23.0667,Tesla,23.78618571428572,21.53957666666667,0.008622487413126212,0.07817016035294289
2018-08-13,23.7607,156673722,24.0753,24.2127,23.268,Tesla,23.851614285714284,21.569490000000005,0.0025907938209144277,0.05051281652344965
2018-08-14,23.176,104227613,23.8967,23.9466,23.14,Tesla,23.846571428571426,21.59742333333333,-0.024607860879519605,0.0516345057116855
2018-08-15,22.5793,136095427,22.7937,22.966,22.1427,Tesla,23.815142857142856,21.659266666666667,-0.025746461857093506,0.05220057683875484
2018-08-16,22.3633,90680835,22.6607,22.8187,22.2547,Tesla,23.394942857142855,21.717686666666665,-0.00956628416292804,0.019419544393224717
2018-08-17,20.3667,283438058,21.5667,21.7847,20.2353,Tesla,22.77742857142857,21.71013333333333,-0.08928020462096364,0.03363394937800519
2018-08-20,20.5627,260706320,19.4469,20.5667,19.2133,Tesla,22.358285714285717,21.68775666666667,0.00962355217094557,0.034522134323072926
2018-08-21,21.46,197216451,20.7073,21.6527,20.6,Tesla,22.038385714285713,21.68649,0.043637265534195446,0.04100724359998468
2018-08-22,21.4427,89037750,21.3913,21.592,20.978,Tesla,21.70724285714286,21.69244666666667,-0.0008061509785648457,0.04080696994522373
2018-08-23,21.34,77080236,21.276,21.8213,21.2067,Tesla,21.444957142857138,21.699979999999996,-0.004789508783875074,0.04062090967568577
2018-08-24,21.5213,53890983,21.38,21.59,21.2933,Tesla,21.293814285714287,21.708756666666666,0.008495782567947474,0.04060945355045441
2018-08-27,21.2847,195939652,21.2,21.4957,20.5873,Tesla,21.139728571428574,21.729136666666665,-0.01099375967065186,0.04063335013653076
2018-08-28,20.7907,114591738,21.2273,21.2587,20.746,Tesla,21.2003,21.70507,-0.023209159631096488,0.021147261033042992
2018-08-29,20.334,111158014,20.6847,20.79,20.246,Tesla,21.167628571428573,21.663203333333332,-0.021966552352734703,0.02283557875332085
2018-08-30,20.21,108159321,20.1507,20.3067,19.848,Tesla,20.989057142857142,21.625246666666666,-0.006098160716042078,0.011339549181337658
2018-08-31,20.1107,80505680,20.1333,20.3539,19.9067,Tesla,20.79877142857143,21.598760000000002,-0.004913409203364694,0.01097668828200024
2018-09-04,19.2633,124568503,19.796,19.8793,19.2,Tesla,20.502100000000002,21.567093333333332,-0.0421367729616573,0.016324408033753568
2018-09-05,18.716,115610072,19.0033,19.1187,18.4787,Tesla,20.10134285714286,21.530003333333337,-0.02841153904055893,0.013392777370717469
2018-09-06,18.73,112091284,18.9867,19.4113,18.592,Tesla,19.736385714285717,21.46824666666667,0.0007480230818550648,0.015265723152721422
2018-09-07,17.5493,336634482,17.34,17.89,16.817,Tesla,19.27332857142857,21.371779999999998,-0.06303790710090773,0.022996574184610825
2018-09-10,19.0333,213483643,18.2173,19.0687,18.0667,Tesla,19.08751428571429,21.345823333333332,0.08456177739283066,0.047022922743139614
2018-09-11,18.6293,137415846,18.6313,18.8,18.2367,Tesla,18.861700000000003,21.321976666666668,-0.021225956612883734,0.0472428763490001
2018-09-12,19.3693,150032175,18.7627,19.5,18.5764,Tesla,18.755785714285715,21.305086666666668,0.039722372821308305,0.05100566984795008
2018-09-13,19.2973,94999168,19.2013,19.6667,19.012,Tesla,18.76064285714286,21.279796666666662,-0.003717222615169269,0.04824211470059888
2018-09-14,19.68,101364729,19.2507,19.8217,19.1013,Tesla,18.898357142857144,21.15904,0.01983178993952528,0.04672315602799158
2018-09-17,19.656,102993069,19.336,20.058,19.2087,Tesla,19.030642857142855,21.040529999999997,-0.0012195121951219523,0.04678082116845495
2018-09-18,18.9973,247414076,19.7793,20.176,18.3667,Tesla,19.2375,20.913796666666666,-0.033511396011395966,0.040191393119920156
2018-09-19,19.9347,123965233,18.7007,20.0,18.7,Tesla,19.366271428571427,20.734796666666668,0.04934385412663911,0.030683058326853557
2018-09-20,19.8887,109987100,20.2373,20.3987,19.5553,Tesla,19.546185714285713,20.574776666666665,-0.0023075340988326642,0.02853736161084232
2018-09-21,19.94,75577417,19.8467,20.0387,19.6913,Tesla,19.627714285714287,20.45622,0.00257935410559762,0.02530195124633996
2018-09-24,19.9787,72515724,19.8987,20.2,19.572,Tesla,19.725057142857143,20.3322,0.0019408224674022367,0.02508782931997242
2018-09-25,20.066,67084271,20.0,20.3067,19.7667,Tesla,19.7802,20.209043333333334,0.004369653681170371,0.024255509205708726
2018-09-26,20.6387,117537886,20.1273,20.926,20.074,Tesla,19.920585714285714,20.124466666666667,0.02854081530947883,0.025936852455230378
2018-09-27,20.5013,110066345,20.86,20.9973,20.4607,Tesla,20.13544285714286,20.055200000000003,-0.006657396056922171,0.02026346995822198
2018-09-28,17.6513,503959098,18.0173,18.5333,17.3703,Tesla,19.809242857142856,19.898133333333337,-0.13901557462209724,0.055487493462246865
2018-10-01,20.7133,325712987,20.3847,20.7627,20.07,Tesla,19.927042857142855,19.90968666666667,0.17347164231529688,0.09101127748773982
2018-10-02,20.068,175495262,20.93,21.1227,19.9433,Tesla,19.945328571428572,19.893196666666668,-0.031153896288857785,0.09231138522371593
2018-10-03,19.6533,119734020,20.222,20.3067,19.438,Tesla,19.898842857142856,19.83297333333333,-0.020664739884393102,0.09280987623117656
2018-10-04,18.7887,144583203,19.5967,19.6,18.5113,Tesla,19.716371428571428,19.744506666666666,-0.043992611927768044,0.0943283379946805
2018-10-05,17.4633,268510516,18.31,18.3253,17.3333,Tesla,19.262742857142857,19.615283333333334,-0.07054240048539806,0.09576772344189982
2018-10-08,16.704,200567600,17.6347,17.8507,16.6,Tesla,18.72027142857143,19.454706666666667,-0.04347975468554055,0.09593706228763167
2018-10-09,17.52,180566610,17.0167,17.7847,16.8867,Tesla,18.701514285714286,19.329216666666664,0.048850574712643535,0.08431703446733714
2018-10-10,17.1253,191723304,17.6407,17.7007,16.518,Tesla,18.188942857142855,19.207036666666667,-0.02252853881278538,0.03715432288696802
2018-10-11,16.8153,121922699,17.1687,17.4833,16.602,Tesla,17.72427142857143,19.089746666666667,-0.018101872667923957,0.03719269566326245
2018-10-12,17.252,107838801,17.4,17.466,16.8007,Tesla,17.381228571428572,18.99114666666667,0.025970396008397012,0.041848485502018036
2018-10-15,17.306,92835344,17.2707,17.552,16.9691,Tesla,17.169414285714286,18.897656666666666,0.0031300718757247825,0.04068604060643095
2018-10-16,18.4393,142516729,17.7133,18.4917,17.4827,Tesla,17.308842857142857,18.870189999999997,0.06548595862706574,0.03996235663882975
2018-10-17,18.1187,129554170,18.8267,18.8467,17.7202,Tesla,17.510942857142858,18.850279999999998,-0.017386777155314892,0.03524721652744498
2018-10-18,17.594,81028024,17.9527,18.0667,17.5333,Tesla,17.521514285714286,18.812413333333332,-0.02895903127707833,0.034011111804854784
2018-10-19,17.3333,140171390,17.826,17.9773,16.9,Tesla,17.551228571428574,18.805213333333334,-0.01481755143799024,0.03323476741923857
2018-10-22,17.3967,83922783,17.3787,17.4573,16.8393,Tesla,17.634285714285713,18.75066,0.0036576993417294368,0.032015901078653576
2018-10-23,19.6093,284343008,17.5913,19.862,17.4733,Tesla,17.97104285714286,18.783326666666664,0.12718504084107907,0.0564444791021149
2018-10-24,19.2333,290256605,20.07,20.296,19.0487,Tesla,18.24637142857143,18.778793333333333,-0.01917457532905309,0.058143492372199866
2018-10-25,20.9907,311574894,21.148,21.4,20.0673,Tesla,18.610857142857146,18.835240000000002,0.09137277534276489,0.0624378895458334
2018-10-26,22.06,410703095,20.55,22.66,20.4433,Tesla,19.1739,18.914573333333333,0.050941607473785844,0.0608918857877227
2018-10-29,22.3233,216827142,22.498,23.144,21.7667,Tesla,19.849514285714285,19.003483333333335,0.011935630099727979,0.05605914675653821
2018-10-30,21.9933,136636732,21.8927,22.5267,21.484,Tesla,20.51522857142857,19.10335,-0.014782760613350154,0.05605390503622122
2018-10-31,22.488,114012543,22.1693,22.8,21.94,Tesla,21.242557142857144,19.188460000000003,0.02249321384239744,0.05468488658494055
2018-11-01,22.952,119714130,22.5507,23.1893,22.315,Tesla,21.720085714285716,19.290570000000002,0.020633226609747535,0.0382736731783471
2018-11-02,23.094,116998742,22.916,23.28,22.7273,Tesla,22.271614285714286,19.395703333333334,0.006186824677588021,0.03460206498847208
2018-11-05,22.76,117312616,22.7,22.9303,22.0093,Tesla,22.52437142857143,19.48841333333333,-0.014462630986403324,0.02292129365387944
2018-11-06,22.7373,101278899,22.6047,23.2533,22.406,Tesla,22.621128571428567,19.577456666666663,-0.0009973637961335768,0.0152957680130045
2018-11-07,23.2107,110500535,22.8893,23.412,22.72,Tesla,22.747899999999998,19.66319,0.02082041403332835,0.01635444408322339
2018-11-08,23.4267,106202992,23.2333,23.8384,23.2293,Tesla,22.952671428571428,19.760703333333332,0.009306052811849819,0.013634721620679859
2018-11-09,23.3673,76401802,23.2667,23.6,23.0153,Tesla,23.078285714285716,19.951236666666667,-0.002535568389914089,0.012805930136621681
2018-11-12,22.0853,103754423,23.2247,23.3187,22.0227,Tesla,22.954471428571427,19.996969999999997,-0.05486299230120728,0.02447486724626767
2018-11-13,22.582,81341299,22.2107,22.98,22.1467,Tesla,22.881328571428575,20.080769999999998,0.022490072582215248,0.02643829580907378
2018-11-14,22.9333,75481207,22.8467,23.1407,22.4767,Tesla,22.906085714285716,20.190103333333337,0.015556638030289616,0.02668214132656151
2018-11-15,23.2293,69001915,22.822,23.2387,22.6027,Tesla,22.97637142857143,20.338123333333332,0.012906995504353924,0.026989983356756654
2018-11-16,23.6207,107916816,23.0127,23.7133,23.008,Tesla,23.03494285714286,20.54337,0.01684941001235507,0.02660132828316231
2018-11-19,23.5647,145478312,23.756,24.45,23.5253,Tesla,23.054657142857142,20.772060000000003,-0.002370801881400708,0.02649239848286244
2018-11-20,23.166,119868735,22.7833,23.32,22.2367,Tesla,23.0259,20.96026,-0.016919375167093076,0.02736901816050468
2018-11-21,22.546,70160800,23.4667,23.54,22.4933,Tesla,23.091714285714286,21.14095,-0.026763360096693445,0.018880727222439306
2018-11-23,21.722,63039598,22.2897,22.5,21.7033,Tesla,22.96885714285714,21.30450666666667,-0.03654750288299469,0.021747634714754605
2018-11-26,23.0667,119596725,21.6667,23.0813,21.6667,Tesla,22.987914285714286,21.49833,0.06190498112512666,0.03320360442594255
2018-11-27,22.928,95205012,22.67,23.1307,22.3667,Tesla,22.944871428571425,21.68573,-0.006012997091044636,0.03286913773119475
2018-11-28,23.1913,61710539,23.066,23.2187,22.814,Tesla,22.88352857142857,21.84413,0.0114837752965804,0.032432051249213216
2018-11-29,22.7447,46140367,23.1333,23.1667,22.6367,Tesla,22.766385714285715,21.998330000000003,-0.019257221458046647,0.0330707685774048
2018-11-30,23.3653,84316518,22.7887,23.44,22.551,Tesla,22.794857142857147,22.190706666666664,0.027285477495856192,0.03451256568381145
2018-12-03,23.8993,124437583,24.0,24.4,23.4667,Tesla,22.988185714285716,22.409573333333334,0.022854403752573305,0.03273532147450137
2018-12-04,23.98,126453132,23.7367,24.5787,23.4667,Tesla,23.310757142857142,22.629016666666665,0.0033766679358808727,0.02637439826579374
2018-12-06,24.204,117430276,23.734,24.492,23.384,Tesla,23.47322857142857,22.782173333333333,0.009341117597998272,0.016126351988041306
2018-12-07,23.8643,172265164,24.6,25.2993,23.8433,Tesla,23.606985714285717,22.93654,-0.014034870269376998,0.01743776249519846
2018-12-10,24.3433,98630066,24.0,24.3987,23.5413,Tesla,23.771557142857144,23.048293333333334,0.020071822764547775,0.018185131469359996
2018-12-11,24.4507,94477033,24.6607,24.8113,24.0153,Tesla,24.015271428571427,23.127983333333336,0.004411891567700499,0.014242587435364834
2018-12-12,24.44,75295837,24.628,24.794,24.344,Tesla,24.1688,23.198539999999998,-0.0004376152829980162,0.01254099047909811
2018-12-13,25.1193,110222465,24.6767,25.1627,24.45,Tesla,24.343085714285714,23.302740000000004,0.027794599018003074,0.013699439349478008
2018-12-14,24.3807,94914328,25.0,25.1913,24.2887,Tesla,24.40032857142857,23.36583,-0.029403685612258257,0.019574260882218437
2018-12-17,23.228,114972423,24.1333,24.38,22.9253,Tesla,24.2609,23.37503,-0.04727920035109734,0.02669592117620575
2018-12-18,22.4687,106273252,23.3693,23.4367,22.246,Tesla,24.06152857142857,23.35418666666667,-0.03268899603926312,0.02855027786929003
2018-12-19,22.198,123845548,22.5067,23.134,21.9827,Tesla,23.75505714285714,23.335453333333337,-0.012047871038377789,0.025682790480061432
2018-12-20,21.0253,135740767,21.8036,22.0193,20.7913,Tesla,23.26571428571429,23.27838666666667,-0.05282908370123429,0.02826896119223197
2018-12-21,21.318,119958225,21.16,21.5647,20.8293,Tesla,22.81971428571429,23.215296666666667,0.01392132335804952,0.03044556432510812
2018-12-24,19.6927,83398653,20.9,20.9667,19.6797,Tesla,22.044485714285713,23.090829999999997,-0.0762407355286614,0.029200606398417435
2018-12-26,21.7393,122146469,20.0,21.798,19.606,Tesla,21.66714285714286,23.036563333333334,0.10392683583256757,0.059895215796005964
2018-12-27,21.0753,128510711,21.3227,21.4781,20.1,Tesla,21.359614285714287,23.00289666666667,-0.03054376175865836,0.05870242173317592
2018-12-28,22.258,148781581,21.54,22.416,21.2273,Tesla,21.329514285714286,22.99209666666667,0.05611782513178931,0.06301412073196429
2018-12-31,22.1867,94414423,22.5193,22.614,21.684,Tesla,21.3279,22.96721,-0.003203342618384397,0.06281293392250503
2019-01-02,20.6747,174168963,20.4067,21.0087,19.92,Tesla,21.277814285714282,22.882056666666667,-0.0681489360743146,0.06524495600450554
2019-01-03,20.024,104228603,20.4667,20.6267,19.8253,Tesla,21.09295714285714,22.762166666666666,-0.03147324991414635,0.06581503402294027
2019-01-04,21.1793,110741270,20.4,21.2,20.182,Tesla,21.30532857142857,22.682653333333338,0.05769576508190166,0.061698051850489787
2019-01-07,22.3307,113135013,21.448,22.4493,21.1834,Tesla,21.389814285714287,22.65481,0.054364402978379855,0.05137838941869853
2019-01-08,22.3567,104916353,22.7973,22.934,21.8013,Tesla,21.57287142857143,22.6485,0.0011643163895445063,0.0490711915200073
2019-01-09,22.5687,81399229,22.3667,22.9002,22.098,Tesla,21.61725714285714,22.67672333333333,0.009482615949581108,0.04465460312498451
2019-01-10,22.998,90744270,22.2933,23.026,22.1193,Tesla,21.73315714285714,22.674433333333337,0.01902191973839873,0.04494247804312393
2019-01-11,23.1507,75526132,22.806,23.2273,22.5847,Tesla,22.08687142857143,22.681856666666665,0.006639707800678352,0.031144745139751833
2019-01-14,22.2933,78490311,22.8253,22.8333,22.2667,Tesla,22.411057142857143,22.651923333333336,-0.03703559719576521,0.032614915179301644
2019-01-15,22.962,90718305,22.3333,23.2533,22.3,Tesla,22.66572857142857,22.659166666666668,0.029995559203886524,0.02806196323909314
2019-01-16,23.07,70158370,22.9853,23.4667,22.9,Tesla,22.771342857142855,22.649323333333335,0.004703423046772848,0.020919749733303124
2019-01-17,23.154,54917403,23.0807,23.4333,22.9433,Tesla,22.88524285714286,22.624480000000002,0.003641092327698381,0.020867841657248355
2019-01-18,20.1507,361188719,21.5333,21.8087,19.982,Tesla,22.53981428571429,22.496836666666663,-0.1297097693703032,0.05481674769519641
2019-01-22,19.928,180781860,20.3213,20.5333,19.7,Tesla,22.10124285714286,22.354303333333334,-0.011051725250239453,0.05287963827959563
2019-01-23,19.1727,187696106,19.5,19.6333,18.7793,Tesla,21.532957142857146,22.197916666666668,-0.037901445202729867,0.05195561483948874
2019-01-24,19.434,119863605,18.8687,19.5787,18.6189,Tesla,21.124485714285715,22.03427333333333,0.013628753383717607,0.05355850979330162
2019-01-25,19.8027,106541662,19.626,19.9013,19.3033,Tesla,20.673157142857146,21.87934,0.018971904908922532,0.05204947254808357
2019-01-28,19.7587,96142107,19.5273,19.8307,19.1833,Tesla,20.200114285714285,21.72329666666667,-0.0022219192332358917,0.05157252321694915
2019-01-29,19.8307,69043960,19.6847,19.9038,19.4533,Tesla,19.725357142857145,21.54701,0.0036439644308583485,0.051572748815464614
2019-01-30,20.5847,158910521,20.03,20.6,19.8993,Tesla,19.787357142857143,21.42047666666667,0.03802185500259703,0.02412481420364444
2019-01-31,20.468,188177756,20.0667,20.7709,19.6,Tesla,19.8645,21.328476666666667,-0.005669259207081057,0.023672734292477158
2019-02-01,20.814,108954216,20.3613,21.0733,20.2333,Tesla,20.098971428571428,21.27332,0.016904436193081906,0.014925736465693742
2019-02-04,20.8593,110161085,20.8653,21.02,20.1253,Tesla,20.302585714285716,21.228696666666668,0.002176419717497824,0.01532656848032072
2019-02-05,21.4233,101021034,20.8327,21.496,20.8166,Tesla,20.5341,21.24196333333333,0.027038299463548743,0.016359115447383107
2019-02-06,21.148,75470482,21.306,21.616,21.0416,Tesla,20.732571428571426,21.236296666666664,-0.012850494554993874,0.018222698752986082
2019-02-07,20.5007,97677401,20.8867,20.98,20.2,Tesla,20.828285714285716,21.263230000000004,-0.030608095328163443,0.023896399428171032
2019-02-08,20.3867,87526126,20.4553,20.4963,19.9,Tesla,20.800000000000004,21.218143333333334,-0.005560785729267659,0.019044374048906656
2019-02-11,20.856,106710127,20.7733,21.24,20.7,Tesla,20.855428571428572,21.210833333333333,0.023019910039388414,0.020922742269130844
2019-02-12,20.7873,82281244,21.08,21.2127,20.6413,Tesla,20.851614285714284,21.16181,-0.0032940161104719756,0.020039483537334844
2019-02-13,20.5447,76955932,20.8233,20.85,20.3713,Tesla,20.80667142857143,21.107076666666668,-0.011670587329763782,0.02046642872831779
2019-02-14,20.2513,77863266,20.2253,20.4513,20.0667,Tesla,20.639242857142854,21.092963333333334,-0.014281055454691383,0.016216388854843226
2019-02-15,20.5253,58437196,20.3,20.5333,20.26,Tesla,20.550285714285714,21.10967333333333,0.01352999560522039,0.01785465718476388
2019-02-19,20.376,61807769,20.4373,20.7696,20.3647,Tesla,20.53247142857143,21.082896666666667,-0.007273949710844718,0.013804841814342944
2019-02-20,20.1707,106994482,20.294,20.42,19.9333,Tesla,20.501614285714286,21.010896666666667,-0.010075579112681643,0.014165633232374781
2019-02-21,19.4153,133212383,20.1207,20.216,19.3667,Tesla,20.295800000000003,20.912850000000002,-0.03745036116743605,0.01516943544765815
2019-02-22,19.6473,85970657,19.6327,19.7667,19.4733,Tesla,20.132942857142858,20.81547,0.011949338923426422,0.0172555545791801
2019-02-25,19.918,93205468,19.8607,20.1936,19.8,Tesla,20.043414285714285,20.712803333333333,0.013777974581749008,0.018927588406068747
2019-02-26,19.8573,128574071,19.4813,20.134,19.2513,Tesla,19.98712857142857,20.603023333333336,-0.0030474947283863907,0.018405408397798233
2019-02-27,20.9827,167161416,20.1187,21.0863,20.0367,Tesla,20.05247142857143,20.559336666666663,0.056674371641663335,0.02893877898711468
2019-02-28,21.3253,144993288,21.2613,21.3333,20.7207,Tesla,20.188085714285712,20.50478,0.016327736659247805,0.02884801310080304
2019-03-01,19.6527,342731079,20.4627,20.4753,19.46,Tesla,20.114085714285714,20.39087,-0.07843265979845537,0.04342886871345793
2019-03-04,19.024,256033222,19.8747,19.9333,18.852,Tesla,20.058185714285713,20.25320333333333,-0.03199051529815233,0.04274832862455563
2019-03-05,18.436,280946860,18.8,18.9333,18.0067,Tesla,19.885142857142856,20.19604666666667,-0.030908326324642577,0.04346291751106971
2019-03-06,18.416,154790473,18.432,18.7671,18.2927,Tesla,19.670571428571428,20.145646666666668,-0.0010848340203948315,0.042562391733263996
2019-03-07,18.4393,141160384,18.5893,18.98,18.2833,Tesla,19.468,20.121199999999998,0.001265204170286749,0.04271667690645133
2019-03-08,18.9427,132086514,18.4607,19.0393,18.3927,Tesla,19.176571428571428,20.104823333333336,0.027300385589474674,0.036024081568068626
2019-03-11,19.3947,110584415,18.9013,19.4187,18.7,Tesla,18.900771428571428,20.091223333333335,0.02386143474795044,0.03717299320863387
2019-03-12,18.8907,112320499,19.0993,19.2047,18.7373,Tesla,18.791914285714284,20.06229,-0.025986480842704496,0.02506696487604696
2019-03-13,19.264,102267759,18.9267,19.466,18.8467,Tesla,18.8262,20.043400000000002,0.019761046440841312,0.023486654302829753
2019-03-14,19.3307,105722017,19.4967,19.6927,19.2193,Tesla,18.954014285714287,20.0016,0.0034624169435215624,0.018520742787413762
2019-03-15,18.362,221360289,18.9007,18.915,18.2933,Tesla,18.9463,19.9314,-0.05011199801352262,0.028592679748894866
2019-03-18,17.966,153974323,18.4,18.5367,17.82,Tesla,18.878685714285716,19.83646666666667,-0.021566278183204335,0.029696692211542294
2019-03-19,17.8313,176614862,17.8333,18.22,17.564,Tesla,18.719914285714285,19.735533333333333,-0.007497495268841248,0.026450669571401877
2019-03-20,18.24,103229588,17.9793,18.3313,17.7533,Tesla,18.554957142857145,19.62942333333333,0.022920370359984954,0.02626169815317721
2019-03-21,18.268,88963831,18.1733,18.43,17.8967,Tesla,18.466,19.533423333333335,0.0015350877192983337,0.025235539234469907
2019-03-22,17.6353,130829185,18.172,18.1867,17.6,Tesla,18.23332857142857,19.43791,-0.03463433326034593,0.024892533554223
2019-03-25,17.3613,153076123,17.314,17.5453,16.964,Tesla,17.951985714285716,19.337063333333333,-0.015537019500660665,0.023907507053100272
2019-03-26,17.8513,110127965,17.6293,18.0173,17.6287,Tesla,17.87902857142857,19.236906666666663,0.028223692926220956,0.023042655485758436
2019-03-27,18.322,131285694,17.9167,18.358,17.8789,Tesla,17.929885714285714,19.154729999999997,0.02636782755317535,0.023984016501963613
2019-03-28,18.5747,101473764,18.4773,18.6887,18.34,Tesla,18.036085714285715,19.089063333333332,0.013792162427682664,0.023771907927982675
2019-03-29,18.6573,89705280,18.58,18.6773,18.3,Tesla,18.0957,19.03593,0.004446908967574048,0.022588739045081914
2019-04-01,19.2787,121396949,18.8413,19.28,18.7521,Tesla,18.240085714285716,18.994376666666668,0.03330599818837676,0.025181406756025475
2019-04-02,19.0587,81407719,19.22,19.296,18.9253,Tesla,18.443428571428573,18.950466666666667,-0.011411557833256314,0.019523190758049532
2019-04-03,19.454,118749691,19.1547,19.7447,19.1447,Tesla,18.742385714285714,18.926576666666666,0.020741183816314734,0.01563602942513125
2019-04-04,17.852,355202372,17.4593,18.08,17.3727,Tesla,18.742485714285714,18.874466666666663,-0.08234810321784725,0.03948155446649674
2019-04-05,18.3307,195341002,17.9907,18.4067,17.7407,Tesla,18.74372857142857,18.830579999999998,0.026814922697736998,0.03953033188002468
2019-04-08,18.2133,155468922,18.5127,18.744,18.0293,Tesla,18.6921,18.773756666666664,-0.006404556290812713,0.0391561576692785
2019-04-09,18.154,88398661,18.11,18.3333,17.974,Tesla,18.620200000000004,18.716979999999996,-0.0032558624741261255,0.03904886774353814
2019-04-10,18.404,105675457,18.4493,18.5587,18.1928,Tesla,18.49524285714286,18.631023333333335,0.013771069736697061,0.0366260740656581
2019-04-11,17.8947,146719337,17.8867,18.0333,17.7067,Tesla,18.328957142857146,18.516669999999998,-0.02767333188437293,0.03753010928070106
2019-04-12,17.8467,101030739,18.0147,18.13,17.7887,Tesla,18.099342857142855,18.45647,-0.0026823584636792575,0.035494453572812376
2019-04-15,17.7587,150487275,17.9087,17.9253,17.242,Tesla,18.08601428571429,18.414293333333333,-0.004930883580717804,0.017102175674384396
2019-04-16,18.224,108997506,17.7167,18.3333,17.648,Tesla,18.07077142857143,18.407226666666663,0.02620124220804443,0.016938875623220672
2019-04-17,18.082,76770127,18.3167,18.3193,17.9023,Tesla,18.052014285714286,18.396093333333333,-0.007791922739244894,0.017024501352583463
2019-04-18,18.2173,87922126,18.082,18.3227,17.9833,Tesla,18.061057142857145,18.388693333333332,0.0074825793606903,0.017259955328366463
2019-04-22,17.5167,181525259,17.9333,17.9787,17.4987,Tesla,17.9343,18.34116,-0.038457949311917816,0.02141813546497973
2019-04-23,17.5933,163640168,17.3433,17.7067,17.05,Tesla,17.89124285714286,18.281113333333334,0.004372969794538939,0.019566817709029516
2019-04-24,17.244,144855843,17.59,17.688,17.2,Tesla,17.805142857142858,18.226223333333333,-0.019854149022639267,0.02067397956733111
2019-04-25,16.5087,327350536,17.0,17.2667,16.4047,Tesla,17.626571428571427,18.13438,-0.042640918580375664,0.02516594733781794
2019-04-26,15.676,332267234,16.4333,16.4453,15.4087,Tesla,17.262571428571427,18.01255666666667,-0.05044007099287051,0.023347458203751427
2019-04-29,16.098,250299175,15.724,16.2653,15.478,Tesla,16.979142857142858,17.93709,0.02692013268690996,0.02950605517115034
2019-04-30,15.9127,141704404,16.1373,16.2807,15.8,Tesla,16.649914285714285,17.868646666666667,-0.011510746676605788,0.027801318769882427
2019-05-01,15.6007,160565170,15.9233,16.0,15.4333,Tesla,16.3762,17.794293333333336,-0.01960698058783228,0.026460626180073308
2019-05-02,16.2733,272389964,16.368,16.4753,15.848,Tesla,16.187628571428572,17.72873666666667,0.043113450037498335,0.03433738623183428
2019-05-03,17.002,355601372,16.2573,17.1073,16.2327,Tesla,16.153057142857143,17.686536666666665,0.044778870911247326,0.03969761555199948
2019-05-06,17.0227,162509019,16.668,17.2233,16.5667,Tesla,16.226485714285715,17.666116666666664,0.0012175038230797242,0.03531162003733227
2019-05-07,16.4707,151971074,17.12,17.1473,16.34,Tesla,16.340014285714286,17.63643,-0.03242728826801855,0.03099738847499209
2019-05-08,16.3227,92646554,16.4627,16.7066,16.28,Tesla,16.372114285714282,17.58547666666667,-0.008985653311638253,0.030208536929603715
2019-05-09,16.132,100670680,16.1333,16.2453,15.7962,Tesla,16.403442857142856,17.512476666666664,-0.011683116151126938,0.03022180335261465
2019-05-10,15.968,105124987,15.9833,16.1327,15.7347,Tesla,16.455914285714286,17.425586666666668,-0.010166129432184534,0.0292747691145859
2019-05-13,15.134,162521919,15.4673,15.498,14.9667,Tesla,16.293157142857144,17.308143333333337,-0.0522294589178357,0.03004641003251059
2019-05-14,15.4873,108786126,15.2867,15.6333,15.2,Tesla,16.07677142857143,17.181763333333333,0.023344786573278542,0.024032374602837248
2019-05-15,15.4633,109439585,15.288,15.496,15.0167,Tesla,15.854,17.06191666666667,-0.0015496568155842771,0.023781172834956895
2019-05-16,15.222,112249039,15.2993,15.4,15.1,Tesla,15.675614285714287,16.920849999999998,-0.015604689813946582,0.022342642754124026
2019-05-17,14.0687,266799917,14.7973,14.816,13.928,Tesla,15.353614285714285,16.79474,-0.07576533963999477,0.033042861453304234
2019-05-20,13.6907,307892846,13.52,13.7333,13.0167,Tesla,15.004857142857144,16.640073333333333,-0.026868154129379374,0.03286384262263696
2019-05-21,13.672,270058365,13.184,13.8267,13.0693,Tesla,14.676857142857143,16.488696666666666,-0.001365890714134288,0.03358328325849205
2019-05-22,12.8487,280277710,13.2733,13.596,12.7853,Tesla,14.350385714285713,16.31185333333333,-0.0602179637214747,0.034913558771056605
2019-05-23,13.0327,398206901,12.956,13.2977,12.4147,Tesla,13.999728571428571,16.13281,0.014320514915906024,0.03305236474792693
2019-05-24,12.7087,212048444,13.322,13.332,12.5834,Tesla,13.606214285714287,15.959943333333333,-0.0248605430954445,0.03157046799666311
2019-05-28,12.58,154693423,12.7467,13.0,12.5233,Tesla,13.228785714285715,15.784386666666666,-0.010126920928183125,0.03197097531087508
2019-05-29,12.6573,179529510,12.4733,12.826,12.336,Tesla,13.027157142857144,15.61434,0.006144674085850399,0.025161435737855172
2019-05-30,12.548,118897066,12.5833,12.817,12.468,Tesla,12.863914285714285,15.42514,-0.008635332969906595,0.024631279060495084
2019-05-31,12.344,156100872,12.34,12.6614,12.2733,Tesla,12.674199999999999,15.233873333333332,-0.01625757092763791,0.024188175569279928
2019-06-03,11.9313,195966052,12.3673,12.4453,11.7995,Tesla,12.543142857142858,15.02434,-0.03343324692158123,0.016643153210606186
2019-06-04,12.9067,207112696,12.0733,12.932,11.974,Tesla,12.525142857142857,14.870673333333334,0.08175135986858106,0.038501319663350964
2019-06-05,13.106,202661299,13.2453,13.4186,12.7899,Tesla,12.5819,14.721096666666666,0.015441592351259414,0.03729354568815188
2019-06-06,13.73,303632098,13.6293,14.0667,13.4533,Tesla,12.746185714285714,14.603963333333335,0.04761178086372664,0.039701899221775645
2019-06-07,13.6333,240052830,13.6667,14.0563,13.5666,Tesla,12.885614285714286,14.508116666666666,-0.007042971595047409,0.04040099304992886
2019-06-10,14.192,158775521,14.0167,14.4627,13.934,Tesla,13.12047142857143,14.45865,0.04098054029471965,0.04066227652257345
2019-06-11,14.4733,174803013,14.6096,14.7267,14.2333,Tesla,13.424657142857143,14.404493333333333,0.019821025930101488,0.03771129799839175
2019-06-12,13.9507,227962986,14.8633,14.892,13.9333,Tesla,13.713142857142858,14.339093333333333,-0.036107867590666975,0.03839273977639356
2019-06-13,14.2607,122523839,14.0253,14.3267,13.834,Tesla,13.906571428571429,14.294426666666668,0.022221107184585698,0.028610575460246594
2019-06-14,14.328,111500974,14.0833,14.4433,14.0267,Tesla,14.081142857142856,14.229583333333332,0.004719263430266407,0.028850501115236852
2019-06-17,15.002,184751908,14.3653,15.1333,14.2847,Tesla,14.262857142857143,14.162916666666666,0.04704075935231722,0.02873747865871739
2019-06-18,14.9827,190736755,15.248,15.6493,14.8373,Tesla,14.455628571428571,14.094916666666668,-0.0012864951339822683,0.02814150621010858
2019-06-19,15.0953,98626976,15.0073,15.1847,14.7373,Tesla,14.58467142857143,14.049069999999999,0.00751533435228624,0.025494870562773143
2019-06-20,14.6413,177951811,14.8667,15.1267,14.4233,Tesla,14.608671428571428,13.993023333333332,-0.030075586440812763,0.028772759840642887
2019-06-21,14.7907,123031108,14.4147,14.812,14.3667,Tesla,14.728671428571428,13.948313333333333,0.01020401193883047,0.023365134449742163
2019-06-24,14.9093,86261522,14.8827,15.0573,14.7347,Tesla,14.82132857142857,13.913023333333335,0.008018552198340911,0.022591023566179053
2019-06-25,14.6507,92731019,14.9593,15.0227,14.6327,Tesla,14.867428571428572,13.896913333333334,-0.01734487869987189,0.024365258830855503
2019-06-26,14.618,127608056,14.6873,15.1487,14.54,Tesla,14.812571428571427,13.867936666666667,-0.002231975263980557,0.014978842426931116
2019-06-27,14.856,95095602,14.63,14.86,14.49,Tesla,14.794471428571429,13.847693333333332,0.016281297031057518,0.01679297262520312
2019-06-28,14.8973,102770709,14.7327,15.0113,14.72,Tesla,14.766185714285715,13.836870000000001,0.0027800215401183603,0.01648100503765214
2019-07-01,15.1447,123569398,15.3473,15.54,15.0853,Tesla,14.8381,13.872736666666666,0.01660703617434045,0.011934826548841657
2019-07-02,14.97,138885336,15.2593,15.2767,14.8147,Tesla,14.863714285714286,13.915379999999999,-0.011535388617800235,0.013097091410457012
2019-07-03,15.66,213017143,15.9593,16.1047,15.634,Tesla,14.970957142857143,13.981646666666668,0.04609218436873741,0.021391274338817594
2019-07-05,15.54,105986017,15.638,15.6967,15.3867,Tesla,15.098,14.071356666666667,-0.00766283524904221,0.01979012353298998
2019-07-08,15.356,88208086,15.416,15.4833,15.244,Tesla,15.203428571428573,14.148799999999998,-0.011840411840411846,0.02096640820513928
2019-07-09,15.3373,92862479,15.2647,15.4,15.152,Tesla,15.272185714285714,14.23642,-0.0012177650429798792,0.020751684955586717
2019-07-10,15.928,137185971,15.61,15.9293,15.5427,Tesla,15.41942857142857,14.34802,0.038513949652155155,0.024282294998761954
2019-07-11,15.9067,112716394,15.876,16.1,15.72,Tesla,15.528285714285714,14.456333333333333,-0.001337267704671019,0.024397101978165456
2019-07-12,16.3387,138007746,15.9833,16.3587,15.9807,Tesla,15.723814285714285,14.582690000000001,0.027158367228903524,0.023797673000486044
2019-07-15,16.9,165001267,16.5333,16.9613,16.324,Tesla,15.900957142857143,14.734556666666666,0.03435401837355467,0.021349685184617547
2019-07-16,16.8253,122234774,16.62,16.902,16.5288,Tesla,16.084571428571426,14.89769,-0.004420118343195223,0.02090428148973354
2019-07-17,16.9907,146470832,17.0447,17.2207,16.89,Tesla,16.318099999999998,15.033823333333334,0.00983043392985583,0.018295975425245137
2019-07-18,16.9027,71467209,17.0033,17.05,16.7923,Tesla,16.54172857142857,15.16038,-0.005179303972173033,0.018920909980877785
2019-07-19,17.212,105726097,17.046,17.3307,16.9747,Tesla,16.725157142857142,15.276446666666667,0.018298851662752025,0.015877063892752254
2019-07-22,17.0453,102694044,17.25,17.477,16.9461,Tesla,16.887814285714285,15.390179999999999,-0.009685103416221197,0.017234962649859156
2019-07-23,17.3447,75346777,17.114,17.3653,16.9667,Tesla,17.03152857142857,15.49527,0.017564959255630397,0.015983918765687416
2019-07-24,17.6587,166092517,17.278,17.738,17.2107,Tesla,17.139914285714287,15.60145,0.018103512888663298,0.012415401203896333
2019-07-25,15.2547,336273582,15.5667,15.6333,15.0367,Tesla,16.915542857142857,15.644916666666667,-0.13613686171688744,0.055730409965878414
2019-07-26,15.2027,150415425,15.128,15.3507,14.8167,Tesla,16.660114285714286,15.676316666666667,-0.003408785489062316,0.05506867745225885
2019-07-29,15.718,139099895,15.1393,15.7293,15.0688,Tesla,16.490871428571428,15.72265,0.0338952949147191,0.05805265329144456
2019-07-30,16.1507,121635149,15.5267,16.224,15.4787,Tesla,16.339257142857143,15.76094,0.02752894770327008,0.05886895880063105
2019-07-31,16.1073,137673051,16.2,16.4453,15.7767,Tesla,16.205257142857143,15.798426666666666,-0.002687190028915265,0.05888405950767112
2019-08-01,15.59,123892678,16.1767,16.3007,15.4513,Tesla,15.954585714285715,15.814916666666667,-0.03211587292718199,0.05850007961104962
2019-08-02,15.6227,92047169,15.4233,15.7513,15.282,Tesla,15.663728571428573,15.84763,0.0020974983964079374,0.05735850578443337
2019-08-05,15.2213,105424132,15.3067,15.4245,15.0517,Tesla,15.658957142857144,15.861983333333335,-0.025693382065840153,0.02456804311151507
2019-08-06,15.3833,83462958,15.4587,15.5,15.05,Tesla,15.684757142857142,15.877783333333332,0.01064298056013624,0.02482108597397621
2019-08-07,15.5613,71647464,15.1,15.5713,15.0533,Tesla,15.662371428571428,15.908136666666667,0.011570989319586777,0.021203378748858158
2019-08-08,15.8867,79115195,15.63,15.9867,15.51,Tesla,15.624657142857142,15.950426666666667,0.0209108493506327,0.019808650009856703
2019-08-09,15.6673,58473631,15.7369,15.9307,15.5873,Tesla,15.5618,15.97747,-0.013810294145417235,0.020296069062323216
2019-08-12,15.2673,69959020,15.5327,15.718,15.25,Tesla,15.515699999999999,15.989803333333333,-0.025530882794099763,0.018865528726643706
2019-08-13,15.6667,73034933,15.254,15.7333,15.17,Tesla,15.521985714285714,16.007203333333333,0.026160486792032644,0.02186669589845834
2019-08-14,14.6413,143438793,15.414,15.4333,14.446,Tesla,15.43912857142857,15.996246666666668,-0.06545092457250101,0.03244242233110684
2019-08-15,14.376,123479218,14.724,14.7707,14.1033,Tesla,15.29522857142857,15.953446666666666,-0.01811997568521917,0.03193781425158526
2019-08-16,14.6627,78110601,14.444,14.816,14.4013,Tesla,15.166857142857143,15.924203333333335,0.01994296048970501,0.03298408107958193
2019-08-19,15.122,79676180,14.9473,15.1887,14.78,Tesla,15.057614285714285,15.916403333333331,0.03132438091211043,0.03469503220008143
2019-08-20,15.0573,62557874,15.1747,15.2727,14.9693,Tesla,14.970471428571429,15.90707,-0.004278534585372307,0.03454693416907207
2019-08-21,14.722,116996102,14.8007,14.8813,14.5067,Tesla,14.892571428571427,15.86687,-0.022268268547481984,0.034246623035482184
2019-08-22,14.81,98474411,14.8533,15.0267,14.548,Tesla,14.770185714285715,15.830313333333333,0.005977448716207201,0.03199386276795083
2019-08-23,14.0933,128395496,14.6647,14.7447,14.0667,Tesla,14.6919,15.755466666666667,-0.0483929777177583,0.027128764911243376
2019-08-26,14.3333,75816172,14.24,14.3347,14.1027,Tesla,14.6858,15.66991,0.01702936856520476,0.027570111960027534
2019-08-27,14.272,81310864,14.3827,14.5867,14.1353,Tesla,14.629985714285713,15.5848,-0.004276754131986249,0.026117778483320548
2019-08-28,14.3727,48579351,14.246,14.4833,14.154,Tesla,14.522942857142857,15.497533333333333,0.007055773542600896,0.02200267856422334
2019-08-29,14.7807,77746521,14.6,14.8933,14.5333,Tesla,14.483428571428572,15.426799999999998,0.028387150639754388,0.025815217491881537
2019-08-30,15.0407,139916555,15.2767,15.496,14.9475,Tesla,14.528957142857143,15.354423333333333,0.01759050653893257,0.025076265426545508
2019-09-03,15.0007,80408150,14.9387,15.2633,14.8773,Tesla,14.5562,15.28627,-0.002659450690459808,0.025137196277797324
2019-09-04,14.712,86530397,15.126,15.2307,14.6137,Tesla,14.644585714285714,15.198513333333333,-0.019245768530801954,0.01620559171371501
2019-09-05,15.3053,111049774,14.8333,15.32,14.7233,Tesla,14.783442857142857,15.120066666666666,0.040327623708537264,0.02058479174471228
2019-09-06,15.1633,62840549,15.1467,15.3093,15.0113,Tesla,14.910771428571428,15.11702,-0.009277831862165464,0.02122344332197302
2019-09-09,15.4527,72039999,15.3333,15.584,15.282,Tesla,15.065057142857142,15.125353333333333,0.019085555255122566,0.021535618912186586
2019-09-10,15.7027,73255673,15.3867,15.7027,15.2627,Tesla,15.196771428571427,15.124843333333333,0.016178402479825493,0.020314883428244713
2019-09-11,16.4733,150641625,15.8253,16.5449,15.7333,Tesla,15.401428571428571,15.135596666666666,0.04907436300763557,0.025415625133868018
2019-09-12,16.3913,128718086,16.5133,16.9,16.2933,Tesla,15.600085714285715,15.145063333333333,-0.004977751877280001,0.025672884470283874
2019-09-13,16.3467,79697135,16.464,16.5633,16.3243,Tesla,15.833614285714285,15.170286666666668,-0.002720955628900845,0.022811378075637594
2019-09-16,16.1873,70921405,16.4,16.4953,16.078,Tesla,15.959614285714284,15.189106666666667,-0.009751203606844117,0.02149999290632711
2019-09-17,16.3193,59203605,16.1647,16.3733,16.0247,Tesla,16.124757142857142,15.225706666666666,0.008154540905524588,0.020097944723002095
2019-09-18,16.2327,63421513,16.3333,16.5446,16.158,Tesla,16.236185714285714,15.25402,-0.00530660016054596,0.020516081107028156
2019-09-19,16.44,73246988,16.4,16.5293,16.3227,Tesla,16.341514285714286,15.28331,0.012770518767672767,0.020307886689397387
2019-09-20,16.0413,97593911,16.4327,16.4631,15.8773,Tesla,16.2798,15.288463333333333,-0.024251824817518308,0.012082840726889608
2019-09-23,16.082,65874417,16.0,16.3453,15.948,Tesla,16.235614285714284,15.302286666666667,0.002537200850305288,0.012285262140509373
2019-09-24,14.8807,194116553,16.1013,16.1327,14.8407,Tesla,16.026185714285713,15.289399999999999,-0.07469842059445353,0.029877670371158727
2019-09-25,15.2467,141664219,14.9707,15.2653,14.5573,Tesla,15.891814285714286,15.2754,0.024595617141666803,0.03313090291374558
2019-09-26,16.1707,181181759,15.3773,16.2207,15.16,Tesla,15.870585714285713,15.32638,0.06060327808640564,0.04211369751619088
2019-09-27,16.142,166847617,16.1467,16.5807,15.9153,Tesla,15.857628571428574,15.385246666666667,-0.0017748149430760751,0.04206814597094318
2019-09-30,16.058,89192370,16.2,16.2653,15.7407,Tesla,15.803057142857142,15.431756666666667,-0.005203816131829964,0.04170349972660906
2019-10-01,16.3127,92944304,16.1,16.3967,15.942,Tesla,15.841828571428573,15.471446666666669,0.015861252958027094,0.04098202728840864
2019-10-02,16.2087,93848173,16.2193,16.31,15.962,Tesla,15.85992857142857,15.509826666666665,-0.006375400761369887,0.04114170438364707
2019-10-03,15.5353,227066286,15.4573,15.632,14.952,Tesla,15.953442857142859,15.536936666666666,-0.04154558971416589,0.03168015493068983
2019-10-04,15.4287,120317640,15.4407,15.652,15.2047,Tesla,15.979442857142857,15.557559999999999,-0.006861792176527048,0.03092315526147279
2019-10-07,15.848,121304294,15.32,15.904,15.2367,Tesla,15.933342857142856,15.61605,0.027176625379973895,0.02154090061046779
2019-10-08,16.0033,130535005,15.7247,16.2627,15.6333,Tesla,15.913528571428571,15.671716666666667,0.009799343765774848,0.022059461928568013
2019-10-09,16.302,104025443,16.088,16.4863,16.0433,Tesla,15.948385714285715,15.739383333333333,0.018664900364299797,0.023124251869613636
2019-10-10,16.316,94701208,16.352,16.6187,16.1053,Tesla,15.948857142857142,15.80416,0.0008587903324746016,0.02234970912502977
2019-10-11,16.526,127322321,16.4767,16.7387,16.454,Tesla,15.994185714285715,15.862336666666666,0.012870801667075327,0.022582113908313946
2019-10-14,17.1307,153402823,16.5267,17.2367,16.4753,Tesla,16.2221,15.932003333333334,0.03659082657630397,0.014901811212503873
2019-10-15,17.1927,97191791,17.18,17.3333,16.9413,Tesla,16.4741,16.00507,0.003619233306286329,0.01281889330824142
2019-10-16,17.3167,100564495,17.1593,17.4733,17.128,Tesla,16.683914285714287,16.091893333333335,0.007212363386786436,0.012024350618235941
2019-10-17,17.4647,71685609,17.5,17.652,17.3447,Tesla,16.89268571428571,16.163873333333335,0.008546663047809266,0.012085657000514513
2019-10-18,17.13,86304947,17.38,17.52,17.0067,Tesla,17.010971428571427,16.229429999999997,-0.0191643715609201,0.016562521314035263
2019-10-21,16.9,76621477,17.222,17.3,16.6787,Tesla,17.0944,16.277673333333333,-0.013426736719206134,0.018269046819796637
2019-10-22,17.0387,69376390,16.9547,17.222,16.7233,Tesla,17.167642857142855,16.322206666666666,0.008207100591715921,0.018025173271476253
2019-10-23,16.9787,168242616,16.9667,17.076,16.7567,Tesla,17.14592857142857,16.339053333333332,-0.003521395411621664,0.011218156066624949
2019-10-24,19.9787,447288226,19.8913,20.3287,19.28,Tesla,17.543928571428573,16.458633333333335,0.176691972883672,0.06844040073811213
2019-10-25,21.8753,450091125,19.848,22.0,19.7407,Tesla,18.19515714285714,16.64292,0.09493110162322882,0.07284833313769618
2019-10-28,21.8473,283054208,21.836,22.7227,21.5067,Tesla,18.821242857142856,16.831586666666666,-0.0012799824459549525,0.07355761536266092
2019-10-29,21.0813,190263955,21.3327,21.62,20.9833,Tesla,19.385714285714283,16.99032,-0.03506154078536028,0.07570935215395339
2019-10-30,21.0007,144627078,20.8667,21.2527,20.6647,Tesla,19.97152857142857,17.14925333333333,-0.003823293629899527,0.07482313594645307
2019-10-31,20.9947,76004302,20.8733,21.2667,20.8667,Tesla,20.536671428571427,17.301076666666667,-0.00028570476222200547,0.0753728932945097
2019-11-01,20.8873,95758887,21.088,21.0987,20.6533,Tesla,21.095042857142857,17.462609999999998,-0.005115576788427667,0.07550224581794836
2019-11-04,21.1647,131805534,20.9867,21.4627,20.6173,Tesla,21.26447142857143,17.632033333333332,0.013280797422357216,0.04061910393375252
2019-11-05,21.148,104151203,21.308,21.5673,21.0745,Tesla,21.160571428571426,17.840943333333332,-0.0007890496912311695,0.01467734799598247
2019-11-06,21.772,119113920,21.2,21.7813,20.9667,Tesla,21.149814285714285,18.058453333333333,0.029506336296576396,0.01965137043875683
2019-11-07,22.3693,217010141,21.9427,22.7667,21.868,Tesla,21.333814285714286,18.265073333333337,0.02743431930920459,0.014850822712458318
2019-11-08,22.476,91113269,22.3,22.4973,22.1667,Tesla,21.54457142857143,18.476206666666666,0.004769930216859786,0.013982396854251882
2019-11-11,23.006,149905260,22.93,23.2793,22.8,Tesla,21.8319,18.707806666666666,0.023580708311087495,0.014014800534491265
2019-11-12,23.3287,110390690,23.1267,23.358,22.936,Tesla,22.18067142857143,18.941673333333334,0.014026775623750432,0.011473891258196998
2019-11-13,23.074,127017881,23.6667,23.7553,23.012,Tesla,22.453428571428567,19.170516666666668,-0.010917882265192635,0.015395403934080567
2019-11-14,23.29,97075496,23.074,23.5893,22.8607,Tesla,22.759428571428572,19.429006666666666,0.009361185750194956,0.014377781453064701
2019-11-15,23.478,72188409,23.376,23.52,23.224,Tesla,23.003142857142855,19.697316666666666,0.00807213396307449,0.012701202149977707
2019-11-18,23.3327,66127542,23.5278,23.5433,23.0733,Tesla,23.14077142857143,19.946806666666664,-0.0061887724678423295,0.01172834819658133
2019-11-19,23.968,116041112,23.45,23.9993,23.1867,Tesla,23.353914285714286,20.212296666666667,0.02722788189965164,0.014129553377779245
2019-11-20,23.4813,101009424,24.0,24.08,23.3047,Tesla,23.421814285714284,20.451606666666667,-0.020306241655540735,0.016309927168666014
2019-11-21,23.6553,91650149,23.634,24.056,23.6003,Tesla,23.46847142857143,20.69625,0.007410151908114004,0.015749115270908182
2019-11-22,22.2027,253059473,22.6773,22.7333,22.0,Tesla,23.344,20.885473333333334,-0.06140695742603142,0.02883028813412338
2019-11-25,22.4227,185186457,22.9547,22.9713,22.2973,Tesla,23.2201,21.06187333333333,0.009908704797164214,0.028876824668372804
2019-11-26,21.928,119343525,22.3513,22.3667,21.8067,Tesla,22.99867142857143,21.219716666666667,-0.022062463485663986,0.028842410419070146
2019-11-27,22.086,83451843,22.0747,22.262,21.9047,Tesla,22.82057142857143,21.37869333333333,0.007205399489237374,0.029522993813724946
2019-11-29,21.996,36984417,22.074,22.084,21.8333,Tesla,22.538857142857143,21.529736666666665,-0.004074979625101838,0.025493881952822747
2019-12-02,22.3247,91229744,21.96,22.4255,21.9125,Tesla,22.373628571428572,21.702893333333332,0.014943626113838926,0.026994757556446036
2019-12-03,22.4133,99202090,22.1747,22.5273,22.1457,Tesla,22.196199999999997,21.88667,0.003968698347570188,0.02672133220719354
2019-12-04,22.202,83043783,22.5167,22.524,22.19,Tesla,22.1961,22.058780000000002,-0.009427438172870506,0.012789101172294266
2019-12-05,22.0247,56054612,22.1887,22.2949,21.8167,Tesla,22.139242857142857,22.22698,-0.007985767048013792,0.012271728111220273
2019-12-06,22.3927,114283998,22.3333,22.5907,22.318,Tesla,22.205628571428573,22.30744666666667,0.016708513623341137,0.010601608526277683
2019-12-09,22.6353,135603187,22.4393,22.9633,22.3387,Tesla,22.2841,22.33278,0.010833887829515776,0.010922589161585198
2019-12-10,23.256,132599199,22.664,23.382,22.6207,Tesla,22.464100000000002,22.379736666666666,0.027421770420537728,0.013445998905283663
2019-12-11,23.5133,103787378,23.4584,23.8127,23.406,Tesla,22.6339,22.460803333333335,0.01106381148950808,0.013192835557476239
2019-12-12,23.9787,116643107,23.6613,24.1827,23.5487,Tesla,22.85752857142857,22.56007,0.019793053293242435,0.013825123408283735
2019-12-13,23.8927,98614166,24.07,24.3473,23.6427,Tesla,23.099057142857145,22.656670000000002,-0.003586516366608672,0.012594678744505624
2019-12-16,25.4333,273313963,24.17,25.574,24.1667,Tesla,23.586000000000002,22.808203333333335,0.06447994575749072,0.021440542642447446
2019-12-17,25.266,127556561,25.266,25.7,25.06,Tesla,23.99647142857143,22.944913333333332,-0.006577990272595424,0.02387796847468475
2019-12-18,26.21,212045744,25.3753,26.348,25.372,Tesla,24.50714285714286,23.113646666666668,0.03736246338953553,0.024709826631065888
2019-12-19,26.936,271804514,26.488,27.1233,26.4333,Tesla,25.032857142857143,23.28578,0.02769935139259827,0.024721279226792736
2019-12-20,27.0393,221778039,27.3527,27.5333,26.679,Tesla,25.53657142857143,23.441446666666664,0.0038350163350162614,0.025370498895111785
2019-12-23,27.948,199992200,27.452,28.134,27.3333,Tesla,26.103614285714286,23.623846666666665,0.033606639225127743,0.025845536539383384
2019-12-24,28.35,120820740,27.8907,28.3647,27.5125,Tesla,26.740371428571425,23.80198,0.014383855732073902,0.023631474541017772
2019-12-26,28.7293,159724270,28.5273,28.8987,28.4233,Tesla,27.21122857142857,23.981999999999996,0.013379188712521861,0.016077619455368636
2019-12-27,28.692,149352330,29.0,29.0207,28.4073,Tesla,27.700657142857143,24.169266666666665,-0.0012983260991391576,0.014825605949494437
2019-12-30,27.6467,189018955,28.586,28.6,27.2839,Tesla,27.9059,24.31449,-0.036431757981318924,0.023062752443714658
2019-12-31,27.8887,154386823,27.0,28.086,26.8053,Tesla,28.042,24.461513333333333,0.008753305096087516,0.021401308091713585
2020-01-02,28.684,143375718,28.3,28.7131,28.114,Tesla,28.276957142857146,24.63989,0.028516926210257143,0.02310879052005806
2020-01-03,29.534,266920367,29.3667,30.2667,29.128,Tesla,28.50352857142857,24.825423333333333,0.02963324501464215,0.022434025559913036
2020-01-06,30.1027,152362424,29.3647,30.104,29.3333,Tesla,28.75391428571428,25.04613666666667,0.01925577300738124,0.022733813048489822
2020-01-07,31.2707,273136963,30.76,31.442,30.2237,Tesla,29.116971428571425,25.299983333333333,0.03880050626687992,0.025449902207147275
2020-01-08,32.8093,467990616,31.58,33.2327,31.2153,Tesla,29.705157142857143,25.653536666666664,0.04920260819233335,0.027935754855066306
2020-01-09,32.0893,426947637,33.14,33.2533,31.5247,Tesla,30.339814285714287,25.975756666666665,-0.021944997302594027,0.023226027737107118
2020-01-10,31.8767,194652353,32.1193,32.3293,31.58,Tesla,30.909528571428574,26.307380000000002,-0.006625261379961556,0.025294935003143452
2020-01-13,34.9907,399518050,32.9,35.042,32.8,Tesla,31.810485714285715,26.737536666666667,0.09768890757198823,0.03911727945062846
2020-01-14,35.8614,435920482,36.2837,36.494,34.9934,Tesla,32.714400000000005,27.19971666666667,0.024883754826282578,0.03915434178614406
2020-01-15,34.5667,260532320,35.3174,35.856,34.4524,Tesla,33.352114285714286,27.607783333333334,-0.03610288499612413,0.04632586126612902
2020-01-16,34.2327,326049587,32.9167,34.2974,32.8113,Tesla,33.77525714285714,28.001763333333333,-0.009662478628275073,0.04681368096829119
2020-01-17,34.0334,204435948,33.8407,34.378,33.544,Tesla,33.95012857142857,28.39614333333333,-0.005821918808624482,0.044462477392702746
2020-01-21,36.48,267051916,35.35,36.572,35.2274,Tesla,34.577371428571425,28.87798666666667,0.0718882039408344,0.048567589983174626
2020-01-22,37.9707,470535215,38.126,39.6334,37.2734,Tesla,35.447942857142856,29.39725333333333,0.04086348684210539,0.04762348884450429
2020-01-23,38.1467,294765453,37.6167,38.8,37.0402,Tesla,35.8988,29.914300000000004,0.004635152894205241,0.03590338960658009
2020-01-24,37.6547,215303892,38.042,38.2574,36.9507,Tesla,36.154985714285715,30.394256666666664,-0.012897576985689607,0.03664342652676286
2020-01-27,37.2014,204120948,36.1327,37.6294,35.952,Tesla,36.531371428571425,30.850526666666667,-0.012038337843615743,0.03279097059664409
2020-01-28,37.7934,176827262,37.8994,38.454,37.2054,Tesla,37.04004285714286,31.311016666666667,0.015913379603993416,0.03150525881880792
2020-01-29,38.7327,273249913,38.3794,39.32,37.8287,Tesla,37.71137142857143,31.80568333333333,0.024853545857213222,0.03029340215158957
2020-01-30,42.7207,435084982,42.1614,43.392,41.2,Tesla,38.6029,32.38193,0.10296209662636469,0.04003901784263947
2020-01-31,43.3714,235788932,42.6667,43.5334,42.168,Tesla,39.37442857142857,32.985443333333336,0.015231491993342727,0.03934936064624427
2020-02-03,52.0,708502146,44.9127,52.4094,44.9014,Tesla,41.353471428571424,33.84511,0.19894677137468464,0.07719742120231168
2020-02-04,59.1374,914080943,58.864,64.5994,55.592,Tesla,44.42242857142857,34.918490000000006,0.13725769230769225,0.07844749942711994
2020-02-05,48.98,726357237,54.884,56.3987,46.9407,Tesla,46.105085714285714,35.64984666666667,-0.17175932658520665,0.11880185332152025
2020-02-06,49.9307,598210951,46.6614,53.0554,45.8,Tesla,47.83898571428572,36.38260333333333,0.019409963250306417,0.11866054987430222
2020-02-07,49.8714,255952672,48.7034,51.3167,48.6667,Tesla,49.43022857142857,37.09998333333333,-0.0011876460774633557,0.11986176386899183
2020-02-10,51.4187,370337215,53.3334,54.666,50.16,Tesla,50.6728,37.85629666666667,0.03102579835336483,0.11690941330080731
2020-02-11,51.6254,175461962,51.2527,52.2338,50.5334,Tesla,51.851942857142866,38.62074333333333,0.004019938271484946,0.11726493149579716
2020-02-12,51.1527,180336960,51.858,52.65,50.8914,Tesla,51.730900000000005,39.40427666666667,-0.009156345519840903,0.09107552078114607
2020-02-13,53.6,394340053,49.456,54.5334,49.0,Tesla,50.939842857142864,40.26132,0.047843026858797266,0.07339522317223034
2020-02-14,53.3354,235405532,52.4814,54.198,52.3667,Tesla,51.562042857142856,41.08303333333333,-0.0049365671641791176,0.021104278618659537
2020-02-18,57.2267,250475425,56.1067,57.3334,55.4907,Tesla,52.604328571428574,42.006123333333335,0.07295904783689644,0.03129861748547558
2020-02-19,61.1614,381344209,61.5667,62.9854,60.068,Tesla,54.21718571428572,43.04141333333334,0.06875636722019607,0.03438912387704282
2020-02-20,59.9607,264523218,60.7967,60.8,57.3294,Tesla,55.43747142857143,43.99774666666667,-0.019631663107777086,0.039155084151583655
2020-02-21,60.0667,215091642,60.4654,60.8707,58.6967,Tesla,56.64337142857143,44.906326666666665,0.0017678245917742696,0.03934425860890483
2020-02-24,55.586,227882286,55.9334,57.5667,54.8134,Tesla,57.276700000000005,45.689550000000004,-0.07459540810465692,0.05339064600880424
2020-02-25,53.3274,259357070,56.6,57.1067,52.4667,Tesla,57.23775714285714,46.40457333333334,-0.040632533371712354,0.05427843863131278
2020-02-26,51.92,212307494,52.1667,54.2207,51.7407,Tesla,57.035557142857144,46.96888333333333,-0.026391686075075804,0.05523568645300634
2020-02-27,45.2667,364157218,48.6667,49.318,44.6,Tesla,55.32698571428572,47.28239333333333,-0.12814522342064716,0.061380748491311636
2020-02-28,44.5327,368462366,41.98,46.0347,40.768,Tesla,52.95145714285714,47.61459333333334,-0.016215010150949838,0.04433948129827226
2020-03-02,49.5747,302924699,47.4174,49.5794,45.778,Tesla,51.46774285714286,48.125993333333334,0.1132201730413831,0.07443248417448947
2020-03-03,49.7007,386759807,53.6667,53.7987,47.7407,Tesla,49.98688571428571,48.64823666666667,0.0025416190113101145,0.0744784318606626
2020-03-04,49.9667,225734587,50.9307,51.1014,48.3157,Tesla,49.184128571428566,49.097793333333335,0.005352037295249579,0.07155586186302522
2020-03-05,48.3027,162789819,48.2514,49.7167,47.8714,Tesla,48.46631428571429,49.44219333333333,-0.03330217925138146,0.07113469135914509
2020-03-06,46.8987,189943705,46.0003,47.1334,45.618,Tesla,47.748985714285716,49.73392666666666,-0.029066698134886937,0.07123295719543973
2020-03-09,40.5334,256105972,40.3594,44.1999,40.3334,Tesla,47.072799999999994,49.82988333333333,-0.13572444438758424,0.07331567148460903
2020-03-10,43.022,233916483,43.962,44.5334,40.5334,Tesla,46.85698571428571,50.02390333333334,0.06139628059822266,0.07848965637334256
2020-03-11,42.282,201203749,42.68,43.572,40.8667,Tesla,45.815171428571425,50.173523333333335,-0.017200502068709045,0.05976369098466013
2020-03-12,37.37,283635608,38.726,39.6334,36.4167,Tesla,44.053642857142854,50.128099999999996,-0.1161723664916513,0.06825718927763974
2020-03-13,36.4414,339603580,39.6667,40.5047,33.4667,Tesla,42.121457142857146,49.91879000000001,-0.024848809205244793,0.0659906338262311
2020-03-16,29.6713,307341746,31.3,32.9913,29.478,Tesla,39.45982857142857,49.462120000000006,-0.18578045848952018,0.08501406882377721
2020-03-17,28.68,359918520,29.334,31.4567,26.4,Tesla,36.85715714285714,48.68478666666667,-0.033409388870726864,0.08473277145059682
2020-03-18,24.0813,356792222,25.9333,26.9907,23.3673,Tesla,34.50685714285714,47.51625,-0.16034518828451882,0.08860300089341183
2020-03-19,28.5093,452931674,24.9798,30.1333,23.8973,Tesla,32.433614285714285,46.83389333333333,0.18387711626864012,0.12360634338158302
2020-03-20,28.502,424282288,29.2133,31.8,28.386,Tesla,30.46504285714286,46.11960333333334,-0.0002560567955018911,0.12453084452294969
2020-03-23,28.9527,246818127,28.9067,29.4667,27.3667,Tesla,29.262571428571427,45.42231333333333,0.01581292540874335,0.12248733389900768
2020-03-24,33.6667,343427378,31.82,34.246,31.6,Tesla,28.866185714285713,44.83057999999999,0.16281728474373725,0.14251832992710237
2020-03-25,35.95,318341091,36.35,37.1334,34.074,Tesla,29.763142857142856,44.30806666666667,0.06782072492997537,0.11833483908706927
2020-03-26,35.2107,261331069,36.4927,37.3334,34.15,Tesla,30.6961,43.776666666666664,-0.020564673157162705,0.11721396966601415
2020-03-27,34.2907,215661042,33.6667,35.0534,32.9353,Tesla,32.154585714285716,43.133023333333334,-0.026128421190149687,0.08687018354343588
2020-03-30,33.4754,179970960,34.0174,34.4432,32.7487,Tesla,32.86402857142857,42.47102333333334,-0.023776125888360422,0.0690637137316011
2020-03-31,34.9334,266572217,33.4167,36.1974,33.1333,Tesla,33.7828,41.727913333333326,0.04355437126964867,0.0683640975318291
2020-04-01,32.104,200297600,33.6,34.2637,31.6733,Tesla,34.23298571428571,40.75933333333333,-0.08099412024022856,0.08071067684344602
2020-04-02,30.298,297876301,32.0687,32.9507,29.76,Tesla,33.75174285714286,39.77057666666666,-0.056254672314976384,0.052545504178235954
2020-04-03,32.0007,338431031,33.9667,34.366,31.226,Tesla,33.187557142857145,38.83504333333334,0.056198428939204126,0.049641337334344
2020-04-06,34.416,223527488,34.08,34.7334,33.1973,Tesla,33.07402857142857,38.129376666666666,0.07547647395213208,0.0601446410936952
2020-04-07,36.3634,268796566,36.3334,37.6667,35.4894,Tesla,33.370128571428566,37.56390999999999,0.056584146908414734,0.06262027285491113
2020-04-08,36.5894,189840205,36.9467,37.1472,35.5554,Tesla,33.81498571428571,37.052890000000005,0.00621504039776255,0.06091803010017377
2020-04-09,38.2,204749898,37.4727,38.3455,37.1407,Tesla,34.281642857142856,36.81733333333333,0.044018212925055034,0.06095527250817874
2020-04-13,43.3967,337131131,39.344,43.4667,38.702,Tesla,35.894885714285714,36.779466666666664,0.1360392670157069,0.059487775393993754
2020-04-14,47.326,458647421,46.598,49.4587,46.162,Tesla,38.32745714285714,36.704510000000006,0.09054375102254308,0.040493860755926425
2020-04-15,48.6554,353654823,49.4667,50.2087,47.3334,Tesla,40.706700000000005,36.669666666666664,0.028090267506233335,0.042995007888577116
2020-04-16,49.6807,309867745,47.796,50.63,47.1144,Tesla,42.88737142857143,36.660133333333334,0.021072686690480458,0.04510755778108397
2020-04-17,50.2594,196923352,51.4854,51.6634,49.844,Tesla,44.87251428571428,36.72535666666667,0.011648386596807114,0.04789791186498594
2020-04-20,49.7574,221195439,48.8467,51.038,47.4807,Tesla,46.75365714285714,36.82064666666667,-0.009988181315336075,0.05058315721790438
2020-04-21,45.7814,303136198,48.6747,50.222,44.9194,Tesla,47.83671428571428,36.995580000000004,-0.07990771221968995,0.06950591173060484
2020-04-22,48.8074,213372343,46.932,48.9334,45.914,Tesla,48.609671428571424,37.188426666666665,0.06609671176503995,0.054918727768935936
2020-04-23,47.042,198550401,48.5067,48.9334,46.8754,Tesla,48.5691,37.34709333333333,-0.036170744600204086,0.04748826053658759
2020-04-24,48.3434,198564051,47.3874,48.7154,46.5454,Tesla,48.524528571428576,37.71287333333334,0.027664640108838956,0.047446733219638805
2020-04-27,53.25,310221445,49.174,53.2994,49.0,Tesla,49.03442857142857,38.27316,0.10149472316800212,0.06114295287651106
2020-04-28,51.2747,228329286,53.0427,53.6667,50.446,Tesla,49.17947142857143,38.993273333333335,-0.037094835680751115,0.06384550410753999
2020-04-29,53.3674,243239578,52.678,53.5467,52.2107,Tesla,49.69518571428571,39.816186666666674,0.04081350061531319,0.06479317804908605
2020-04-30,52.1254,427077536,57.0127,57.988,50.9,Tesla,50.60147142857143,40.75099,-0.023272634604646347,0.05407665484745625
2020-05-01,46.7547,487976906,50.3334,51.518,45.536,Tesla,50.30822857142857,41.35916999999999,-0.10303422132012419,0.06639415983612731
2020-05-04,50.746,288556206,46.7334,50.8,46.5334,Tesla,50.83737142857143,42.10063666666667,0.08536681873693985,0.07227946501773873
2020-05-05,51.214,254874773,52.6527,53.2614,50.812,Tesla,51.24745714285714,42.84268,0.009222401765656363,0.07199710573907424
2020-05-06,52.172,166848367,51.7667,52.6534,50.7407,Tesla,51.09345714285714,43.45952333333333,0.018705822626625457,0.060428403466408646
2020-05-07,52.0027,172915264,51.814,53.0934,51.49,Tesla,51.19745714285715,43.994613333333334,-0.003245035651307182,0.05840982449525217
2020-05-08,54.628,241951229,52.918,54.9334,52.4674,Tesla,51.37754285714286,44.64185666666666,0.05048391718122325,0.059542590690903036
2020-05-11,54.086,247793876,52.7007,54.9334,52.3334,Tesla,51.657628571428575,45.3017,-0.009921651900124506,0.05869798230086097
2020-05-12,53.9607,238603531,55.1334,56.2194,53.8667,Tesla,52.68705714285714,45.984543333333335,-0.0023166808416225093,0.03474613148258292
2020-05-13,52.7307,285982207,54.722,55.0667,50.8867,Tesla,52.97058571428572,46.57778666666666,-0.022794367011547356,0.023760597351571468
2020-05-14,53.5554,205232747,52.0,53.5574,50.9334,Tesla,53.305071428571424,47.292833333333334,0.01563984547900943,0.024039814084029908
2020-05-15,53.278,157776371,52.69,53.6699,52.4368,Tesla,53.463071428571425,48.05883333333334,-0.0051796830945152195,0.023736696804412854
2020-05-18,54.242,175471412,55.1854,55.648,53.592,Tesla,53.78297142857143,48.80021,0.018093772288749532,0.02413226583344237
2020-05-19,53.8674,144547758,54.3447,54.8047,53.7387,Tesla,53.67431428571428,49.448589999999996,-0.006906087533645411,0.014400858827017074
2020-05-20,54.3707,109639010,54.7,55.0667,54.12,Tesla,53.71498571428571,50.04883333333334,0.009343313395485886,0.014455799399688864
2020-05-21,55.1734,183818608,54.4,55.5,53.0667,Tesla,53.88822857142857,50.6683,0.014763466352281762,0.01525364781961841
2020-05-22,54.4587,149812050,54.8116,55.452,54.1334,Tesla,54.135085714285715,51.21025666666666,-0.012953705952506112,0.01268771326194324
2020-05-26,54.5914,121345979,55.6334,55.64,54.3804,Tesla,54.28308571428572,51.583413333333326,0.002436708918868824,0.011733382977782373
2020-05-27,54.682,173242863,54.724,55.1807,52.3334,Tesla,54.48365714285715,51.82861333333333,0.00165960206186333,0.011232251860108212
2020-05-28,53.7207,109136555,54.234,54.9834,53.446,Tesla,54.40918571428572,51.99745666666667,-0.01757982517098866,0.011735305945559734
2020-05-29,55.6667,177187261,53.9167,55.6667,53.614,Tesla,54.666228571428576,52.19699,0.03622439767166097,0.017976330162438155
2020-06-01,59.8734,226279387,57.2,59.9334,56.94,Tesla,55.45232857142857,52.51745666666667,0.07556941582669707,0.03238940245659976
2020-06-02,58.7707,203483898,59.6467,60.5774,58.0667,Tesla,55.96622857142857,52.8179,-0.018417193611854343,0.03465917631989239
2020-06-03,58.864,119241975,59.208,59.8627,58.6734,Tesla,56.59555714285714,53.25398666666667,0.0015875257568822576,0.03350113688554444
2020-06-04,57.6254,133315628,59.3254,59.7167,57.2294,Tesla,57.02898571428572,53.54792,-0.021041723294373482,0.035680544724593574
2020-06-05,59.044,117178696,58.5227,59.1014,57.7467,Tesla,57.65212857142857,53.947986666666665,0.024617616537151887,0.036023425475012444
2020-06-08,63.328,212620844,61.2667,63.3334,60.6107,Tesla,59.0246,54.44747333333333,0.07255605988754166,0.03978240335063738
2020-06-09,62.7114,170822165,62.6674,63.6294,61.5954,Tesla,60.030985714285706,54.762853333333325,-0.009736609398686258,0.04127841294422522
2020-06-10,68.3367,278451011,66.1254,68.4987,65.5,Tesla,61.24002857142857,55.33158666666667,0.08970139400491761,0.04476840098578646
2020-06-11,64.856,238747081,66.0134,67.9307,64.8,Tesla,62.10935714285714,55.71453999999999,-0.0509345637117391,0.05070047059899809
2020-06-12,62.352,251450424,65.3334,65.8654,60.84,Tesla,62.60764285714286,56.05542666666667,-0.03860860984334524,0.054629801152542935
2020-06-15,66.06,235457582,61.186,66.5894,60.5667,Tesla,63.81258571428571,56.69893666666667,0.05946882217090077,0.0555927943052653
2020-06-16,65.4754,210766095,67.4567,67.5254,64.1594,Tesla,64.73135714285715,57.18991666666667,-0.008849530729639898,0.05665960626311385
2020-06-17,66.1194,148361926,65.8474,67.0,65.5048,Tesla,65.13012857142857,57.68676333333333,0.009835755108025479,0.05093773476785381
2020-06-18,66.9307,146278967,66.8667,67.9467,66.2981,Tesla,65.73288571428571,58.17872,0.012270226287594888,0.050389470627883466
2020-06-19,66.7267,130196170,67.5187,67.7314,66.0894,Tesla,65.50288571428571,58.66952,-0.0030479286784690363,0.03628595044994022
2020-06-22,66.288,95435202,66.6634,67.2587,66.0014,Tesla,65.70745714285714,59.058186666666664,-0.006574579591078211,0.029775790413068878
2020-06-23,66.7854,95479017,66.592,67.4667,66.2674,Tesla,66.3408,59.4815,0.007503620564808022,0.0233052018234818
2020-06-24,64.0567,164393768,66.274,66.7257,63.5428,Tesla,66.05461428571428,59.81803333333333,-0.04085773237863355,0.01815490861718736
2020-06-25,65.732,138818166,63.618,65.732,62.4767,Tesla,66.09127142857143,60.25141,0.02615339222907198,0.021234748471731693
2020-06-26,63.9827,132823554,66.3187,66.3334,63.658,Tesla,65.78602857142857,60.59898666666666,-0.026612608775025803,0.023029714283684655
2020-06-29,67.29,135395992,64.6007,67.3334,63.2347,Tesla,65.83735714285714,61.06605333333333,0.051690535097768775,0.03117846901288963
2020-06-30,71.9874,253777373,67.1,72.5127,66.9154,Tesla,66.58888571428572,61.65756666666666,0.06980829246544795,0.0403451137715095
2020-07-01,74.642,199903400,72.2,75.6887,72.0334,Tesla,67.78231428571429,62.350053333333335,0.03687589772654665,0.04042755762427837
2020-07-02,80.5774,258751671,81.432,81.8667,79.04,Tesla,69.7526,63.223609999999994,0.07951823370220512,0.046132728158208756
2020-07-06,91.4387,308547746,85.1127,91.8527,84.403,Tesla,73.6643142857143,64.43245333333333,0.13479337878859332,0.049993810128679116
2020-07-07,92.6574,322344739,93.6674,95.3,89.114,Tesla,77.5108,65.70574333333333,0.013328054751434504,0.05136536993353174
2020-07-08,91.0587,244669528,93.6667,94.484,87.4227,Tesla,81.37879999999998,66.92132,-0.017253883661747405,0.049068571977389536
2020-07-09,92.952,175763912,93.1327,93.904,90.0854,Tesla,85.0448,68.19698666666666,0.02079208246987929,0.05054012515411338
2020-07-10,102.9767,350063075,93.0667,103.2611,91.7341,Tesla,89.47184285714286,69.83885333333333,0.10784813667269133,0.0550833716632876
2020-07-13,99.804,584780108,110.6001,119.6661,98.0741,Tesla,93.06641428571427,71.31009666666667,-0.030809882235495967,0.06378282533503686
2020-07-14,101.1201,351271924,103.7334,106.0001,95.4,Tesla,96.00108571428571,72.68498666666666,0.013186846218588455,0.06254724057458014
2020-07-15,103.0674,245517327,102.8667,103.3334,97.1334,Tesla,97.66232857142857,74.16154333333334,0.019257298993968774,0.04425735581433802
2020-07-16,100.0427,214511743,98.4774,102.1141,97.7334,Tesla,98.71737142857144,75.53416666666666,-0.029346815772979706,0.047812590233050366
2020-07-17,100.0561,139949510,100.8967,102.5007,99.3334,Tesla,100.00271428571428,76.94852333333333,0.0001339428064217607,0.04647527302113982
2020-07-20,109.5334,256820422,101.2674,110.0001,99.2,Tesla,102.37148571428573,78.63150333333334,0.09471986215732975,0.05565345492502857
2020-07-21,104.5574,242359079,109.3287,111.6667,103.8667,Tesla,102.5973,80.00581666666668,-0.04542906547226688,0.04712314639298393
2020-07-22,106.1554,212416094,106.6001,108.4281,104.1334,Tesla,103.50464285714285,81.45395,0.015283471088607836,0.04475568498093561
2020-07-23,100.8714,364927318,111.9301,112.6001,98.718,Tesla,103.4691142857143,82.53844,-0.04977608298777081,0.04995938713678541
2020-07-24,94.4667,290949155,94.4007,97.6667,91.1027,Tesla,102.24044285714285,83.52546333333333,-0.06349371576085983,0.05442502167908947
2020-07-27,102.6401,240729930,95.6667,103.1961,94.2001,Tesla,102.6115,84.86840000000001,0.08652149381739815,0.06462518000395369
2020-07-28,98.4327,237130381,100.2667,104.3134,98.2947,Tesla,102.37958571428571,85.94749,-0.04099177611869054,0.06701145421756534
2020-07-29,99.9407,141403324,100.0667,102.3207,99.1334,Tesla,101.00919999999999,87.09633333333333,0.01532011211721307,0.053593575221741095
2020-07-30,99.166,114315528,99.2,100.8827,98.0667,Tesla,100.239,88.19788666666666,-0.007751596696841334,0.05150393809675767
2020-07-31,95.384,183704308,101.0001,101.1367,94.732,Tesla,98.70022857142858,89.14633,-0.0381380715164471,0.05171077745430766
2020-08-03,99.0,132140124,96.6134,100.6541,96.2923,Tesla,98.43288571428572,90.22210666666666,0.03790992199949672,0.052230404993134215
2020-08-04,99.1334,126224787,99.6674,101.8274,97.4667,Tesla,99.09955714285714,91.31695333333332,0.001347474747474653,0.04459940817398742
2020-08-05,99.0014,74670188,99.5327,99.9893,97.8874,Tesla,98.57974285714285,92.39082,-0.0013315391179964386,0.028014167337905578
2020-08-06,99.3054,89884650,99.3887,101.1541,98.484,Tesla,98.7044142857143,93.56577666666666,0.0030706636471806714,0.023036036167765422
2020-08-07,96.8474,133446233,99.9692,99.9834,94.334,Tesla,98.26251428571429,94.60295666666666,-0.0247519268841373,0.02398572589553599
2020-08-10,94.5714,112833904,96.5334,97.1667,92.3894,Tesla,97.60614285714284,95.62258,-0.023500889027480265,0.025084070843085046
2020-08-11,91.626,129387445,93.0667,94.6667,91.0,Tesla,97.06928571428571,96.43378,-0.03114472240021815,0.023715187334113604
2020-08-12,103.6507,328482286,98.0,105.6667,95.6667,Tesla,97.73367142857141,97.48922333333333,0.13123676685656904,0.056184327526302806
2020-08-13,108.0667,306379497,107.4001,110.0787,104.4841,Tesla,99.00985714285716,98.60338,0.04260463267493608,0.05753664604012934
2020-08-14,110.0474,188664056,110.9994,111.2534,108.4427,Tesla,100.58785714285715,99.58571333333335,0.018328495271901613,0.05715689422384045
2020-08-17,122.3761,303634648,111.8001,123.0574,111.5221,Tesla,103.88367142857143,100.61696,0.11203081581209551,0.06688364193531932
2020-08-18,125.8061,247117226,126.5994,128.2601,123.0074,Tesla,108.02062857142856,101.72191666666666,0.028028348672657577,0.062216617425752595
2020-08-19,125.2354,183079858,124.3334,127.4001,122.7474,Tesla,112.4012,102.86113999999999,-0.004536346011838832,0.05935526223467028
2020-08-20,133.4554,309176845,124.0454,134.7994,123.8041,Tesla,118.37682857142856,104.21125333333333,0.06563639354367856,0.049897013484639534
2020-08-21,136.6654,322343239,136.3174,139.6994,135.0034,Tesla,123.0932142857143,105.33421,0.024052979497270366,0.038074095197169464
2020-08-24,134.2801,300954150,141.7517,141.9334,128.5014,Tesla,126.83798571428572,106.48341333333333,-0.017453576399000803,0.04393577917336458
2020-08-25,134.8894,159883270,131.6594,135.1967,131.2001,Tesla,130.38684285714285,107.60905666666667,0.004537530132908696,0.04496377624778751
2020-08-26,143.5447,213590593,137.3334,144.4001,136.9087,Tesla,133.41092857142857,108.9583,0.06416590184254667,0.0323337018887791
2020-08-27,149.2501,355395422,145.3641,153.0401,142.8334,Tesla,136.76007142857142,110.59854666666666,0.03974650405065461,0.0329060946930449
2020-08-28,147.5601,301217549,153.0081,154.5661,145.7681,Tesla,139.94931428571428,112.18201333333333,-0.011323275495292773,0.034008576055371845
2020-08-31,166.1067,355123236,148.2033,166.7133,146.7033,Tesla,144.6137857142857,114.06779,0.12568844830004844,0.05001315757108681
2020-09-01,158.35,270358287,167.38,167.4966,156.8367,Tesla,147.71158571428572,115.86087666666667,-0.04669709289270085,0.058498349918245617
2020-09-02,149.1233,288528419,159.6633,159.68,135.0402,Tesla,149.83204285714285,117.29314,-0.05826776128828537,0.06485251513294292
2020-09-03,135.6667,262788296,135.7433,143.9333,134.0,Tesla,149.9430857142857,118.45298333333334,-0.0902380781541181,0.07666534270106969
2020-09-04,139.44,330965733,134.27,142.6667,124.0067,Tesla,149.35670000000002,119.95209333333334,0.027813015279357423,0.07299843019535765
2020-09-08,110.07,346397135,118.6667,122.9133,109.96,Tesla,143.75954285714286,120.19975666666666,-0.21062822719449226,0.10396462939271812
2020-09-09,122.0933,238397334,118.8667,123.0,113.8367,Tesla,140.12142857142857,120.98844333333334,0.10923321522667395,0.11808240591722564
2020-09-10,123.78,254791855,128.7367,132.9967,120.1867,Tesla,134.07475714285712,121.78308666666666,0.013814844876827825,0.10140029104029312
2020-09-11,124.24,182152398,127.3133,127.5,120.1667,Tesla,129.2019,122.61888666666665,0.0037162708030376024,0.10233505150390022
2020-09-14,139.8733,249061855,126.9833,140.0,124.4333,Tesla,127.88047142857143,124.10186333333333,0.1258314552479074,0.11632644342435386
2020-09-15,149.92,291894719,145.52,153.98,143.5667,Tesla,129.91665714285713,125.79919666666666,0.07182714642465715,0.1121029183688977
2020-09-16,147.2533,217640302,146.6233,152.5967,145.1033,Tesla,131.03284285714287,127.40319333333333,-0.017787486659551655,0.11291082421329318
2020-09-17,141.1433,230337503,138.5333,145.93,136.0,Tesla,135.47188571428572,128.80792333333335,-0.04149312782803505,0.06471012682862988
2020-09-18,147.3833,259220486,149.3133,150.3333,142.9333,Tesla,139.08474285714286,130.41052,0.0442103875989861,0.05696325077149466
2020-09-21,149.7967,328430433,151.0433,151.8933,135.69,Tesla,142.8014142857143,132.17549666666667,0.016374989568017417,0.05686071323078377
2020-09-22,141.41,238742424,143.2,145.92,139.2,Tesla,145.25427142857143,133.73678333333334,-0.05598721467161816,0.06515075332640964
2020-09-23,126.7867,285222569,135.0533,137.3833,125.2934,Tesla,143.38475714285713,134.90880666666666,-0.10341064988331805,0.060807244955621544
2020-09-24,129.2633,289683209,121.2667,133.1667,117.1,Tesla,140.4338,135.76256,0.019533594612053173,0.051198939289461905
2020-09-25,135.78,201625400,131.1567,136.2441,130.4333,Tesla,138.79475714285715,136.68633666666668,0.050414154674992995,0.05771868808278473
2020-09-28,140.4,149158695,141.54,142.6933,138.5167,Tesla,138.6885714285714,137.69808999999998,0.03402562969509515,0.05791965150889367
2020-09-29,139.69,151024215,138.6667,142.8333,137.2,Tesla,137.5895285714286,138.27522,-0.005056980056980076,0.0546580647121505
2020-09-30,143.0033,144436724,140.44,144.6433,140.1567,Tesla,136.61904285714286,138.84846000000002,0.02371894910158212,0.05523331595761069
2020-10-01,149.3867,152224365,146.92,149.6267,144.8067,Tesla,137.75857142857143,139.65350333333333,0.044638130728451575,0.052872080425520766
2020-10-02,138.3633,214290111,140.4633,146.3767,138.3333,Tesla,139.41237142857145,139.8171,-0.07379104030010697,0.04254078428680641
2020-10-05,141.8933,134168383,141.1167,144.5467,139.7767,Tesla,141.21665714285714,139.99136333333334,0.0255125455955445,0.0427450550538752
2020-10-06,137.9933,147438795,141.2633,142.9266,135.35,Tesla,141.53284285714287,140.11513666666667,-0.027485441525427978,0.04187980628185895
2020-10-07,141.7667,129383143,139.9567,143.3,137.9483,Tesla,141.72808571428573,140.34438,0.027344805871009514,0.04112640083514426
2020-10-08,141.9733,121263372,146.1467,146.3333,141.7667,Tesla,142.0542714285714,140.292,0.0014573238990538417,0.04101031701352591
2020-10-09,144.6667,86776989,143.3767,144.8633,142.1534,Tesla,142.2919,140.13922,0.018971172748678766,0.040649305263663386
2020-10-12,147.4333,116373402,147.3333,149.58,146.1933,Tesla,142.01284285714286,140.1349933333333,0.01912395872719852,0.03722839276889875
2020-10-13,148.8833,103391020,147.7833,149.63,145.5333,Tesla,143.51569999999998,139.56088,0.009834955874961748,0.0190619032317457
2020-10-14,153.7667,144136184,149.9267,155.3,149.1167,Tesla,145.21189999999999,139.40810333333332,0.03280018645476024,0.020173619246122338
2020-10-15,149.6267,107017061,150.1033,152.19,147.5,Tesla,146.8738142857143,139.42488333333333,-0.026923904850659985,0.0199920319737564
2020-10-16,146.5567,98327650,151.48,151.9833,146.2833,Tesla,147.5581,139.78788333333333,-0.020517728453544715,0.021885073088283954
2020-10-19,143.61,108863531,148.7467,149.0,142.9567,Tesla,147.79191428571428,139.92688333333334,-0.02010621145263225,0.023886949535184186
2020-10-20,140.6467,94968879,143.9167,143.9167,139.6834,Tesla,147.21762857142858,140.94610666666668,-0.020634356938931897,0.023855378880357218
2020-10-21,140.88,97111390,140.9,144.3167,140.4167,Tesla,146.28144285714285,141.57233,0.0016587662561580174,0.021893954479756093
2020-10-22,141.93,119979582,147.3067,148.41,141.5033,Tesla,145.2881142857143,142.17732999999998,0.007453151618398657,0.021618732145150393
2020-10-23,140.21,101150950,140.6133,140.962,135.7934,Tesla,143.35144285714287,142.70966333333334,-0.012118650038751455,0.01286568777844763
2020-10-26,140.0933,84717488,137.21,141.92,136.6667,Tesla,141.98952857142856,142.71699666666666,-0.0008323229441552504,0.011912796156535491
2020-10-27,141.56,68059537,141.2533,143.5,140.0333,Tesla,141.2757142857143,142.43833,0.010469451429868437,0.012775539252776878
2020-10-28,135.34,76354238,138.8267,139.5333,135.3333,Tesla,140.09428571428572,142.04121999999998,-0.0439389658095507,0.019114776689987702
2020-10-29,136.9433,67965937,136.6533,139.3533,135.4867,Tesla,139.56522857142858,141.90122,0.01184646076547935,0.01955257519219784
2020-10-30,129.3467,127762933,135.6318,135.8638,126.37,Tesla,137.91761428571428,141.3,-0.05547259340179478,0.02734461382204763
2020-11-02,133.5033,87063369,131.3333,135.66,130.7667,Tesla,136.7138,140.75688666666667,0.0321353385900065,0.03151433919234388
2020-11-03,141.3,103055170,136.5767,142.59,135.5633,Tesla,136.86951428571427,140.75322,0.058400803575642035,0.04016446721008933
2020-11-04,140.3267,96429190,143.54,145.1333,139.0333,Tesla,136.90285714285716,141.20455333333334,-0.006888181174805497,0.04029565114198868
2020-11-05,146.03,85243569,142.7667,146.6667,141.3334,Tesla,137.54142857142855,141.76344333333336,0.040643013767159175,0.043008005332220337
2020-11-06,143.3167,65118037,145.3667,145.5233,141.4267,Tesla,138.68095714285712,142.01466666666664,-0.01858042867903853,0.0390614384333708
2020-11-09,140.42,104499100,146.5,150.8333,140.3333,Tesla,139.17762857142858,142.01533333333333,-0.02021188040193511,0.0405067926571662
2020-11-10,136.7867,90852669,140.03,140.03,132.01,Tesla,140.2404857142857,141.91855666666663,-0.025874519299245113,0.03429775490857647
2020-11-11,139.0433,52073165,138.8167,139.565,136.86,Tesla,141.0319142857143,141.78655666666666,0.016497217931275454,0.03298727298565112
2020-11-12,137.2533,59821506,138.35,141.0,136.5067,Tesla,140.4538142857143,141.38211,-0.01287368754913032,0.023993244804992115
2020-11-13,136.1667,59491056,136.95,137.5106,133.8867,Tesla,139.85952857142857,141.30889,-0.007916749542633994,0.02401774372351252
2020-11-16,136.03,80515928,136.31,137.4833,134.6956,Tesla,138.43095714285715,141.11344666666665,-0.0010039165229089875,0.01429181889375482
2020-11-17,147.2033,183564858,153.39,154.0,144.3367,Tesla,138.9861857142857,141.42044666666666,0.08213849886054558,0.03694859647167337
2020-11-18,162.2133,234132083,149.45,165.3333,147.8334,Tesla,142.0995142857143,142.10199999999998,0.10196782273223493,0.04995655771872052
2020-11-19,166.4233,187426069,164.0,169.537,162.5233,Tesla,146.3333142857143,142.917,0.025953482236043657,0.045331459460382646
2020-11-20,163.2033,98735770,165.9967,167.5,163.02,Tesla,149.78474285714287,143.5348866666667,-0.01934825231803483,0.04889679079569148
2020-11-23,173.95,150780915,167.8333,175.3333,167.2633,Tesla,155.02712857142856,144.41877666666667,0.06584854595464651,0.048012266358899734
2020-11-24,185.1266,160945486,180.1333,186.6633,175.4,Tesla,162.0214,145.62688666666665,0.0642517964932452,0.04480777431377507
2020-11-25,191.3333,146790495,183.3533,191.3333,181.79,Tesla,169.92187142857142,146.87910666666667,0.03352678653418795,0.04050498021780381
2020-11-27,195.2533,112683251,193.72,199.5933,192.8166,Tesla,176.78615714285715,148.39999333333336,0.02048780844735343,0.039190683355505906
2020-11-30,189.2,189009169,200.7366,202.6,184.8366,Tesla,180.6414,149.82143666666667,-0.031002292918992924,0.037356265165208416
2020-12-01,194.92,121148502,199.1966,199.2833,190.6833,Tesla,184.71235714285714,151.53177,0.03023255813953485,0.037451038828516546
2020-12-02,189.6066,143326964,185.48,190.5133,180.4033,Tesla,188.48425714285713,153.16376666666667,-0.02725938846706344,0.039042597939990716
2020-12-03,197.7933,127656013,196.6733,199.6566,194.1433,Tesla,191.8904428571429,155.0608766666667,0.04317729446126872,0.035617911887686676
2020-12-04,199.68,88203939,197.0033,199.68,195.1666,Tesla,193.96949999999998,156.98587666666666,0.00953874575124658,0.029530885754269744
2020-12-07,213.92,168929147,201.6399,216.2618,201.0166,Tesla,197.19617142857143,159.44287666666665,0.07131410256410242,0.03683390860396523
2020-12-08,216.6266,192795109,208.5016,217.0933,206.1666,Tesla,200.24949999999998,161.9939866666667,0.012652393418100205,0.036816584906606775
2020-12-09,201.4933,213873591,217.8966,218.1066,196.0,Tesla,202.00568571428568,163.99176333333332,-0.06985891852616433,0.046623419354752046
2020-12-10,209.0233,201249470,191.4566,209.25,188.78,Tesla,204.02044285714285,166.44787333333335,0.03737096965507036,0.0472147714645658
2020-12-11,203.33,139424924,205.0033,208.0,198.9333,Tesla,205.9809285714286,168.66076333333334,-0.027237633316477106,0.04721183467037082
2020-12-14,213.2766,156121966,206.3333,214.2499,203.4,Tesla,208.19282857142858,171.45842666666667,0.04891850686076826,0.047908838264548045
2020-12-15,211.0833,135670694,214.4266,215.6333,207.9333,Tesla,209.82187142857146,174.04442666666665,-0.010283828605669787,0.04864590664408871
2020-12-16,207.59,126287443,209.41,210.8333,201.6666,Tesla,208.9175857142857,176.25409333333334,-0.016549390690784205,0.040542755332641546
2020-12-17,218.6333,168810437,209.3966,219.6066,206.5,Tesla,209.20425714285713,178.86431333333334,0.053197649212389786,0.04580178362634122
2020-12-18,231.6666,666378667,222.9666,231.6666,209.5133,Tesla,213.51472857142858,181.71886666666666,0.059612602471809994,0.03717082693756602
2020-12-21,216.62,174135797,222.08,222.8333,215.3566,Tesla,214.59997142857145,184.16231,-0.06494937120845212,0.048055605615999725
2020-12-22,213.4466,155584936,216.0,216.6266,204.7433,Tesla,216.0452,186.59652999999997,-0.014649616840550328,0.046819740521488906
2020-12-23,215.3266,99518920,210.7333,217.1666,207.5233,Tesla,216.33805714285714,189.21452666666667,0.008807823596159503,0.04328386381279244
2020-12-24,220.59,68596717,214.33,222.03,213.6666,Tesla,217.69615714285715,191.93275,0.024443798397411065,0.043607597920554866
2020-12-28,221.23,96835690,224.8366,227.1333,220.2666,Tesla,219.6447285714286,194.73197333333334,0.0029013101228523297,0.04245161426366917
2020-12-29,221.9966,68732437,220.3333,223.3,218.3333,Tesla,220.1252,197.59297,0.0034651719929486013,0.03791907777067381
2020-12-30,231.5933,128538073,224.0,232.2,222.7867,Tesla,220.11472857142857,200.77841333333333,0.0432290404447635,0.034146197612733194
2020-12-31,235.2233,148949805,233.33,239.5733,230.3733,Tesla,222.77234285714283,203.7124133333333,0.01567402856645672,0.01834674689269639
2021-01-04,243.2566,145914585,239.82,248.1633,239.0631,Tesla,227.0309142857143,206.41385666666667,0.03415180383916039,0.015608141393275396
2021-01-05,245.0366,96735520,241.22,246.9466,239.7333,Tesla,231.2752,209.03429999999997,0.00731737597253268,0.015778841861281555
2021-01-06,251.9933,134099923,252.83,258.0,249.7,Tesla,235.76138571428572,211.99396666666664,0.028390452691557044,0.01608415896398538
2021-01-07,272.0133,154496865,259.21,272.33,258.4,Tesla,243.01614285714282,215.26274333333333,0.07944655671400791,0.026023159737464614
2021-01-08,293.34,225166613,285.3333,294.83,279.4633,Tesla,253.20805714285714,218.8698566666667,0.07840315161060118,0.028471925056116926
2021-01-11,270.3966,178662468,283.1333,284.81,267.874,Tesla,258.75138571428573,221.50529999999998,-0.0782143587645735,0.05315170224045896
2021-01-12,283.1466,138812174,277.0,289.3333,275.78,Tesla,265.5975714285714,224.43507666666665,0.047152959763547386,0.053698634170104044
2021-01-13,284.8033,99937510,284.2533,286.8233,277.3333,Tesla,271.53281428571427,227.62185333333335,0.005851032645279863,0.05422916198440575
2021-01-14,281.6666,93798999,281.13,287.6666,279.5833,Tesla,276.7656714285714,230.51340666666664,-0.011013566205166692,0.05559716248465718
2021-01-15,275.3866,116332812,284.0,286.6333,273.0333,Tesla,280.1075714285714,233.37274,-0.022295863265293203,0.057796836149299265
2021-01-19,281.5166,76100948,279.2666,283.3333,277.6666,Tesla,281.4651857142857,236.16351666666665,0.022259616117850323,0.05063324399205964
2021-01-20,283.4833,76997648,286.2466,286.5,279.0933,Tesla,280.0570857142857,238.95696,0.0069860889198007925,0.03961354481000414
2021-01-21,281.6633,61794396,285.0,285.2399,280.4733,Tesla,281.6666142857143,241.21507000000003,-0.006420131274046836,0.02310582214203705
2021-01-22,282.2133,60199506,278.1033,282.6666,276.2066,Tesla,281.5332857142857,243.4012933333333,0.001952686061691411,0.014381351332014212
2021-01-25,293.6,123520212,285.0,300.1333,279.6067,Tesla,282.78995714285713,246.47151666666667,0.04034785036708066,0.02117807731247772
2021-01-26,294.3633,69394807,297.1266,298.6333,290.5333,Tesla,284.6037714285714,249.31618333333333,0.002599795640326752,0.02010928164379201
2021-01-27,288.0533,82001888,290.1166,297.1666,286.22,Tesla,286.4133,252.14029333333332,-0.021436096143778838,0.01990575528540218
2021-01-28,278.4766,79134158,273.3333,282.6666,267.0,Tesla,285.9790142857143,254.31362666666664,-0.03324627768541433,0.02338529426616878
2021-01-29,264.51,104972260,276.6666,280.8033,260.0333,Tesla,283.26854285714285,256.09451666666666,-0.050153585615452134,0.029243033348100217
2021-02-01,279.9366,76174178,271.43,280.6666,265.1867,Tesla,283.02187142857144,258.50607,0.058321424520812126,0.03898662296155556
2021-02-02,290.93,73038637,281.56,293.5,280.7335,Tesla,284.2671142857143,260.91596,0.03927103494148332,0.04178596607738854
2021-02-03,284.8966,55030536,292.34,292.6933,284.3548,Tesla,283.0237714285714,262.69029333333333,-0.020738321933111203,0.03951499230850001
2021-02-04,283.33,47437985,285.0,285.5,277.8066,Tesla,281.4475857142857,264.91396000000003,-0.00549883712195931,0.03942077484513732
2021-02-05,284.0766,55699926,281.6666,288.2566,279.6566,Tesla,280.8794857142857,267.2682933333333,0.0026350898245861565,0.03877050095603902
2021-02-08,287.8066,60485166,289.89,292.59,284.9166,Tesla,282.2123428571428,269.68429333333336,0.013130261345003502,0.03629376470226631
2021-02-09,283.1533,45472955,285.04,286.6,280.5833,Tesla,284.8756714285714,271.7697366666667,-0.01616814902785413,0.029227540649352075
2021-02-10,268.2733,108648281,281.2116,281.6066,266.6733,Tesla,283.2094857142857,273.3378466666666,-0.05255103860700194,0.028801735905979845
2021-02-11,270.5533,64868256,270.8133,276.6266,267.2416,Tesla,280.29852857142856,274.95640333333336,0.008498795817548643,0.02243880736948217
2021-02-12,272.04,71304937,267.0866,272.4433,261.7768,Tesla,278.46187142857144,276.3046266666667,0.005495035543828353,0.022556080153201097
2021-02-16,265.4066,59406966,272.6666,273.6666,264.1466,Tesla,275.90138571428577,277.3107366666667,-0.024383914130274964,0.02354485412250951
2021-02-17,266.05,78236708,259.6966,266.6133,254.0033,Tesla,273.32615714285714,278.07051666666666,0.002424204974555977,0.023527540609079814
2021-02-18,262.46,53871185,260.3,264.8966,258.7566,Tesla,269.7052142857143,278.65129666666667,-0.013493704190941647,0.021394054402872974
2021-02-19,260.4333,56874786,265.0,265.5966,259.1233,Tesla,266.4595,278.93263,-0.007721938581117138,0.021416042044471333
2021-02-22,238.1666,111809171,254.2133,256.1666,236.7333,Tesla,262.1585428571429,277.8044066666667,-0.08549866702913944,0.03259809614123869
2021-02-23,232.9466,199820660,220.71,237.8699,206.3333,Tesla,256.7861571428572,275.79129333333333,-0.021917430907608337,0.030700663997131117
2021-02-24,247.34,110300861,237.2833,248.3333,231.39,Tesla,253.25758571428568,275.02274,0.06178840987591161,0.043443057182001456
2021-02-25,227.4066,117071592,242.05,245.7355,223.5266,Tesla,247.82901428571427,273.16474,-0.08059108918897062,0.05057456147892638
2021-02-26,225.1666,123267522,233.3333,235.5666,219.8366,Tesla,241.98852857142856,271.17685,-0.009850197839464725,0.04984609220373759
2021-03-01,239.4766,81408728,230.0366,290.6666,228.35,Tesla,238.7051857142857,269.77051666666665,0.06355294257674093,0.059692301559042156
2021-03-02,228.8133,71196487,239.4266,240.37,228.3333,Tesla,234.18804285714285,268.21807333333334,-0.04452752377476543,0.0609163396937488
2021-03-03,217.7333,90623889,229.33,233.5666,217.235,Tesla,231.26899999999998,266.09196333333335,-0.04842375858396342,0.05529180088681126
2021-03-04,207.1466,197758610,218.6,291.3133,200.0,Tesla,227.5832857142857,263.5474066666667,-0.04862232832552493,0.05703042941349366
2021-03-05,199.3166,268189407,208.6866,209.2806,179.83,Tesla,220.7228,260.8025166666667,-0.03779931700544448,0.045959644097068035
2021-03-08,187.6666,155360896,200.1833,206.7083,186.2633,Tesla,215.04565714285715,257.65096,-0.058449722702474394,0.042485244192084236
2021-03-09,224.5266,202570010,202.7266,226.03,198.4033,Tesla,214.95422857142856,255.34851333333333,0.19641214792616268,0.09494166393148495
2021-03-10,222.6866,181817028,233.4333,239.2833,218.3533,Tesla,212.55565714285714,252.95928999999998,-0.00819502010006834,0.09113196525059125
2021-03-11,233.2,108761681,233.1333,234.1666,225.7266,Tesla,213.18232857142857,251.13084666666666,0.04721164183206339,0.0914461341639365
2021-03-12,231.2433,100751530,223.3333,231.6266,222.0464,Tesla,215.11232857142858,249.55640333333335,-0.008390651801029048,0.08868393270529398
2021-03-15,235.98,88270449,231.3633,237.7266,228.0133,Tesla,219.23138571428572,248.60540333333333,0.020483620498410016,0.08459699383128323
2021-03-16,225.6266,96587020,234.45,235.9733,223.6666,Tesla,222.98995714285712,246.79507,-0.04387405712348502,0.08533593995190289
2021-03-17,233.9366,121117362,218.9566,234.5766,217.0033,Tesla,229.59995714285714,244.89529,0.036830763748600504,0.07787151526636499
2021-03-18,217.72,100107070,228.0966,229.7433,217.3333,Tesla,228.62758571428571,242.65607,-0.06932049110741967,0.042390520053998224
2021-03-19,218.29,128681953,215.5333,219.0766,208.2067,Tesla,227.99949999999998,240.48807,0.002618041521219805,0.04239251352340658
2021-03-22,223.3333,118536672,228.1966,233.2066,222.9166,Tesla,226.58997142857143,238.46329333333333,0.02310366943057418,0.0385250859083041
2021-03-23,220.72,91475619,225.2566,225.9333,219.17,Tesla,225.08664285714286,236.22707333333332,-0.011701345030051491,0.038586660078590115
2021-03-24,210.09,101385520,222.6366,222.6733,210.0366,Tesla,221.38807142857144,233.79163,-0.04816056542225444,0.03945317170003299
2021-03-25,213.4633,117674562,204.3333,215.1666,203.1666,Tesla,219.65045714285716,231.96463,0.0160564519967632,0.038839966913766
2021-03-26,206.2366,101558500,213.9566,214.6066,199.9633,Tesla,215.69331428571428,229.82074,-0.03385453143467754,0.03441350900423796
2021-03-29,203.7633,85910979,205.2133,205.4933,198.6733,Tesla,213.6995,227.54485000000003,-0.01199253672723477,0.02569330863102224
2021-03-30,211.8733,118297092,200.5833,212.5533,197.0033,Tesla,212.78282857142858,225.76040666666668,0.03980108292317608,0.03167496635843892
2021-03-31,222.6433,100011880,215.54,224.0,213.7033,Tesla,212.68425714285715,224.31351666666666,0.050832266264791315,0.036905350761326575
2021-04-01,220.5833,105895151,229.4566,230.8067,219.8066,Tesla,212.66472857142858,222.91762666666668,-0.009252467961083921,0.036785806142937534
2021-04-05,230.35,125528323,235.9033,236.0533,228.2333,Tesla,215.55901428571428,221.91485,0.044276697283973876,0.03278443366284424
2021-04-06,230.54,84815528,230.1,232.1833,227.1233,Tesla,217.99854285714284,221.66062999999997,0.0008248317777295178,0.03310549974148022
2021-04-07,223.6566,78928298,229.0,230.46,222.6133,Tesla,220.48711428571428,221.35096333333334,-0.029857725340504904,0.032214996465686006
2021-04-08,227.9333,71772997,225.7933,229.8499,223.8816,Tesla,223.93997142857143,220.70407333333333,0.019121725001632006,0.03043570780050753
2021-04-09,225.6733,64311276,225.9233,226.99,223.1433,Tesla,225.9114,220.64629666666667,-0.009915181327168954,0.029897643082281117
2021-04-12,233.9933,87407019,228.5666,234.9333,227.3633,Tesla,227.53282857142858,220.94052000000002,0.03686745396996449,0.027000313436281783
2021-04-13,254.1066,133958443,237.5666,254.3333,236.8866,Tesla,232.32187142857143,221.42818666666668,0.08595673465864184,0.0386561106324586
2021-04-14,244.0766,147052305,256.9,260.2633,242.6766,Tesla,234.2828142857143,221.9369633333333,-0.039471623326588046,0.042983295798540676
2021-04-15,246.2833,83546708,247.7,247.8966,240.4366,Tesla,236.53185714285715,222.88862999999998,0.009041014173419182,0.04283237028944441
2021-04-16,246.5933,83938598,242.8833,249.8033,241.5333,Tesla,239.80852857142858,224.20352,0.0012587130349479558,0.03945806614013663
2021-04-19,238.21,119058702,239.8666,241.8,230.6,Tesla,241.27662857142857,225.49996666666667,-0.03399646300203607,0.04337765480139778
2021-04-20,239.6633,106827131,239.14,245.75,236.895,Tesla,243.2752,227.23319,0.0061009193568699605,0.04274805318563719
2021-04-21,248.04,93646539,234.9233,248.28,232.6666,Tesla,245.2818714285714,228.01697000000001,0.034951951341736454,0.0425485402445623
2021-04-22,239.8966,106770791,247.1666,251.2566,239.3466,Tesla,243.25187142857143,228.59063666666668,-0.03283099500080622,0.02799560948110446
2021-04-23,243.1333,85241679,239.9333,245.7866,238.4866,Tesla,243.11711428571428,228.92174666666668,0.013492062830402718,0.025024295739274397
2021-04-26,246.0666,93115509,247.0,249.7666,244.2017,Tesla,243.0861571428571,229.41585666666666,0.01206457527619631,0.025237251574365495
2021-04-27,234.9133,88311009,239.32,241.3333,234.45,Tesla,241.4175857142857,229.3803,-0.04532634660697554,0.03049107835628183
2021-04-28,231.4666,66813157,232.1366,236.1666,231.2,Tesla,240.45424285714284,229.57496666666665,-0.0146722216238927,0.028389736514463706
2021-04-29,225.6666,86536359,233.17,234.0833,222.8334,Tesla,238.4547142857143,229.29930000000002,-0.025057610903689853,0.029024155644582775
2021-04-30,236.48,122276172,222.53,238.49,222.0466,Tesla,236.80328571428572,229.92463333333333,0.04791759170386767,0.03244844146921494
2021-05-03,228.3,81129428,234.6,235.3333,226.8333,Tesla,235.14662857142858,230.2583,-0.0345906630581867,0.03269372100581011
2021-05-04,224.5333,89217969,226.3133,227.8154,219.2336,Tesla,232.48948571428573,230.2983,-0.01649890494962769,0.031568218059702294
2021-05-05,223.6466,65705677,227.02,228.4318,222.4466,Tesla,229.2866285714286,230.39585333333335,-0.003949080158711427,0.03017793952418149
2021-05-06,221.18,83353868,226.92,227.0066,216.6666,Tesla,227.32472857142855,230.76551999999998,-0.011029007371451183,0.026666559642229245
2021-05-07,224.1233,70407517,221.9333,230.0,220.0733,Tesla,226.2756857142857,231.12085333333332,0.013307261054344766,0.027626392816653304
2021-05-10,209.68,94177269,221.6333,221.6833,209.2033,Tesla,223.9918857142857,231.23563333333334,-0.0644435451378772,0.03546432869577304
2021-05-11,205.7333,139511714,199.7466,209.0333,198.5333,Tesla,219.5995,231.3013,-0.018822491415490195,0.024654239372324735
2021-05-12,196.63,101470960,200.83,206.8033,195.5883,Tesla,215.07521428571428,230.79318999999998,-0.04424806290474137,0.025883426789322646
2021-05-13,190.5633,132554773,200.515,202.1533,186.55,Tesla,210.22235714285713,229.72385666666665,-0.030853379443625095,0.026052837502771004
2021-05-14,196.58,100112590,194.47,197.6233,190.1533,Tesla,206.3557,228.92374666666666,0.031573235769951635,0.03290840817495661
2021-05-17,192.2766,96743410,191.851,196.5766,187.0666,Tesla,202.22664285714288,227.65463333333335,-0.021891341947298915,0.03279247291495147
2021-05-18,192.6233,110491721,189.3333,198.75,187.7933,Tesla,197.72664285714288,226.39074333333335,0.0018031315303057571,0.03112974225335634
2021-05-19,187.82,118735212,184.1833,188.7366,182.3266,Tesla,194.60378571428572,225.19619,-0.0249362356475048,0.02489382538817609
2021-05-20,195.5933,92463369,191.6666,196.2833,190.3566,Tesla,193.15521428571427,224.11819000000003,0.04138696624427651,0.03267534745471732
2021-05-21,193.6266,78091808,198.7033,198.8933,193.3333,Tesla,192.72615714285715,223.04996666666665,-0.010055047897857494,0.02841080114284714
2021-05-24,202.1466,103674280,193.8666,204.8266,191.2166,Tesla,194.38091428571428,221.98841,0.044002218703421914,0.029732912371426303
2021-05-25,201.5633,84017798,202.4366,204.6633,198.57,Tesla,195.0928142857143,220.23696666666666,-0.002885529610688553,0.028152453468905343
2021-05-26,206.3766,85917939,202.52,208.7233,200.5,Tesla,197.10709999999997,218.98030000000003,0.023879843205583562,0.026421124761618148
2021-05-27,210.2833,79111778,206.7466,210.3766,205.4033,Tesla,199.62995714285714,217.7803,0.018929956206275245,0.026278858453073272
2021-05-28,208.4066,68211127,209.5,211.8633,207.46,Tesla,202.5709,216.50741,-0.008924626919969425,0.022918253561663417
2021-06-01,207.9666,54254675,209.2666,211.2666,206.85,Tesla,204.3385142857143,215.49929666666668,-0.0021112575129578204,0.02038904188278876
2021-06-02,201.7066,69908347,206.71,207.7866,199.7133,Tesla,205.4928,214.23407333333333,-0.030100987370087262,0.02450075859025117
2021-06-03,190.9466,90335679,200.6,201.5166,190.4066,Tesla,203.8928,212.33095999999998,-0.053344808746962236,0.026918224937384147
2021-06-04,199.6833,72110707,193.2366,200.2033,192.4,Tesla,203.62422857142857,210.99051666666665,0.04575467696204072,0.03379576687371405
2021-06-07,201.71,67631047,197.275,203.3333,194.2933,Tesla,202.9575714285714,209.60974,0.0101495718470197,0.03249498875318387
2021-06-08,201.1966,78160238,207.67,207.6966,198.5,Tesla,201.65947142857144,208.11407333333332,-0.0025452382132765683,0.03108387831672614
2021-06-09,199.5933,49753715,200.7233,203.93,199.21,Tesla,200.4004285714286,206.93674000000001,-0.007968822534774378,0.03107034403453132
2021-06-10,203.3733,71758837,201.2933,205.53,200.1666,Tesla,199.74424285714286,206.00029666666666,0.018938511463060248,0.03246711378579849
2021-06-11,203.2966,48615905,203.41,204.1866,200.5066,Tesla,199.97138571428573,205.25463,-0.0003771389853043372,0.030152089009620953
2021-06-14,205.8966,61271946,204.0766,208.4966,203.06,Tesla,202.1071,204.23518333333334,0.012789195687483268,0.018016434077852965
2021-06-15,199.7866,53292455,205.5633,205.5966,199.41,Tesla,202.12185714285715,203.28473666666665,-0.029675089340960525,0.016205619164409508
2021-06-16,201.6233,66432397,199.1783,202.8333,197.8333,Tesla,202.10947142857142,202.52106999999998,0.009193309260981497,0.016111399863513932
2021-06-17,205.5333,68104057,200.6293,207.1566,200.4466,Tesla,202.72899999999998,201.91729333333333,0.019392599962405166,0.01758826235909541
2021-06-18,207.77,73682737,204.4566,209.45,203.9333,Tesla,203.8971,201.47029333333333,0.01088242148595886,0.017030220356191426
2021-06-21,206.9433,74438227,208.16,210.4633,202.96,Tesla,204.40709999999999,200.8976266666667,-0.003978918996967895,0.01628756263330343
2021-06-22,207.9033,57476676,206.0833,209.5231,205.1666,Tesla,205.0652,200.83840333333333,0.004638951828834337,0.016244844767511615
2021-06-23,218.8566,93297699,210.6666,219.068,210.0133,Tesla,206.9166285714286,201.2758466666667,0.052684589422101524,0.02484338029164825
2021-06-24,226.6066,137947184,224.9966,232.54,222.5366,Tesla,210.74805714285714,202.27506666666665,0.03541131498890149,0.019567044637243562
2021-06-25,223.9566,97490140,229.86,231.27,222.9,Tesla,213.93852857142858,203.38817666666668,-0.01169427545358337,0.022554949425708088
2021-06-28,229.5733,64884486,223.88,231.5666,223.44,Tesla,217.37281428571427,204.48795333333334,0.02507941270764058,0.022826291344327353
2021-06-29,226.92,52143935,228.2166,229.1699,225.2966,Tesla,220.1085285714286,205.64273333333333,-0.011557528684738139,0.025146541791071616
2021-06-30,226.5666,56774586,226.59,230.9366,226.0466,Tesla,222.91185714285712,206.77417666666668,-0.001557377049180353,0.02489034403567301
2021-07-01,225.9733,55903566,227.9733,229.33,224.2666,Tesla,225.49328571428572,208.04595333333333,-0.002618656059631075,0.025455332467985935
2021-07-02,226.3,81292118,226.3266,233.3333,224.42,Tesla,226.55662857142855,209.06950999999998,0.001445746023977179,0.01823240168487019
2021-07-06,219.86,69853357,227.2371,228.0,217.1334,Tesla,225.59282857142858,209.94395666666665,-0.028457799381352178,0.016316558879422478
2021-07-07,214.8833,56375886,221.4233,221.9,212.7733,Tesla,224.29664285714287,210.36851333333334,-0.022635768216137664,0.017626283288445423
2021-07-08,217.6033,68319967,209.4566,218.1433,206.82,Tesla,222.58664285714286,210.90318,0.012658033453507134,0.014319521743714224
2021-07-09,218.9833,54421655,217.7283,219.6366,214.8966,Tesla,221.4528285714286,211.32340333333332,0.006341815588274846,0.015059865356651821
2021-07-12,228.5666,77781128,220.7333,229.08,220.7203,Tesla,221.73854285714285,211.93284666666665,0.043762697886094326,0.023913217549897586
2021-07-13,222.8466,62898276,228.7733,231.0933,222.0986,Tesla,221.29187142857145,212.41418000000002,-0.025025528664293084,0.02596774611277634
2021-07-14,217.7933,64923576,223.5833,226.2033,217.6133,Tesla,220.07662857142856,212.74173666666667,-0.022676136858269302,0.027058108974446732
2021-07-15,216.8666,60628716,219.4633,222.0466,212.6266,Tesla,219.64899999999997,213.24707,-0.004254951828178255,0.02505524859541707
2021-07-16,214.74,49112915,218.2266,218.8999,214.0666,Tesla,219.62852857142857,214.04018333333335,-0.009806028221957641,0.023700289750224392
2021-07-19,215.4066,63891276,209.9633,215.7333,207.0966,Tesla,219.31471428571427,214.56429333333335,0.0031042190556020977,0.023127627144410044
2021-07-20,220.1666,46461395,217.33,220.7972,213.5003,Tesla,219.48375714285717,215.17951333333335,0.022097744451655466,0.024699721397417707
2021-07-21,218.43,41860024,219.87,221.6199,216.7633,Tesla,218.03567142857145,215.75396,-0.007887663251374133,0.015982658851290618
2021-07-22,216.42,45317195,218.8142,220.7233,214.8667,Tesla,217.1175857142857,216.31485,-0.009202032687817718,0.013881969954594292
2021-07-23,214.46,43814824,215.4533,216.2666,212.4333,Tesla,216.6414,216.6844066666667,-0.00905646428241369,0.011611462911668586
2021-07-26,219.2066,76009688,216.99,222.7333,215.7033,Tesla,216.9756857142857,217.21473999999998,0.02213279865709228,0.014687685524203317
2021-07-27,214.9266,98439880,221.1333,222.1666,209.08,Tesla,217.00234285714285,217.51573999999997,-0.019524959558699373,0.01631741454114045
2021-07-28,215.66,48019805,215.665,218.3233,213.1333,Tesla,217.03854285714286,218.04485333333335,0.0034123277435180732,0.016326848515917453
2021-07-29,225.7833,91183929,216.5966,227.8966,216.2666,Tesla,217.84092857142858,218.85018666666667,0.04694101826949826,0.02313863791425191
2021-07-30,229.0666,88969239,223.9193,232.51,223.0,Tesla,219.36044285714283,219.63463,0.01454181952341016,0.02279589808508349
2021-08-02,236.5566,100847320,233.3333,242.3133,232.8,Tesla,222.23710000000003,220.59418333333332,0.03269791405643607,0.023316899619954104
2021-08-03,236.58,64860756,239.6666,240.8833,233.67,Tesla,225.3971,221.58207333333334,9.891924385119211e-05,0.022097001352779276
2021-08-04,236.9733,51007955,237.0,241.6333,236.31,Tesla,227.93520000000004,222.55107333333333,0.0016624397666751278,0.02224607293396481
2021-08-05,238.21,38758924,238.6666,240.3166,237.1366,Tesla,231.2614,223.19618666666665,0.00521873139294593,0.018090093042379723
2021-08-06,233.0333,46869155,237.3,238.7766,232.5433,Tesla,233.7433,223.41041,-0.021731665337307415,0.022675487292172492
2021-08-09,237.92,44146054,236.7233,239.6766,235.0433,Tesla,235.4771142857143,223.87585666666666,0.02096996437848153,0.017389548792408543
2021-08-10,236.6633,40296934,237.9966,238.8633,233.96,Tesla,236.56235714285714,224.11219,-0.005282027572293235,0.01768925057240407
2021-08-11,235.94,29401677,237.57,238.3933,234.7366,Tesla,236.47427142857143,224.41285666666667,-0.003056240659198073,0.01277113784561885
2021-08-12,240.75,53045075,235.4466,240.9333,233.1333,Tesla,237.0699857142857,224.88563666666667,0.020386538950580624,0.014987230892076684
2021-08-13,239.0566,50194415,241.2366,243.3,238.1133,Tesla,237.36759999999998,225.32174666666666,-0.0070338525441329125,0.015431303892800789
2021-08-16,228.7233,69309907,235.0233,236.5,225.4666,Tesla,236.01235714285716,225.40252333333333,-0.043225328227708415,0.02260449634155578
2021-08-17,221.9033,71163847,224.22,224.86,216.28,Tesla,234.42235714285715,225.47063333333335,-0.029817688009922905,0.023745982511451342
2021-08-18,229.6633,61048146,223.2493,231.9233,223.1166,Tesla,233.24282857142856,225.96329999999998,0.034970187464539615,0.026853433547453228
2021-08-19,224.49,42940474,226.07,228.85,222.53,Tesla,231.5037857142857,226.19285666666667,-0.022525584192162995,0.027691143082398503
2021-08-20,226.7533,44525614,227.6166,230.7099,224.5666,Tesla,230.1914,226.45185666666666,0.010081963561851204,0.028452489773384323
2021-08-23,235.4333,60794586,228.4806,237.3766,226.9168,Tesla,229.4318714285714,226.6807466666667,0.03827948700195316,0.031757486322298786
2021-08-24,236.1633,39249214,236.8933,238.4066,234.2133,Tesla,229.01854285714288,227.1246366666667,0.0031006658786161267,0.03176080959630047
2021-08-25,237.0666,37936684,235.6766,238.99,234.6666,Tesla,230.21044285714285,227.76708,0.0038248957395159433,0.02583688343194709
2021-08-26,233.72,39642874,236.1033,238.4666,232.54,Tesla,231.89854285714287,228.32886,-0.014116708131807654,0.02276750348559761
2021-08-27,237.3066,41501284,235.0,238.3333,234.0333,Tesla,232.99044285714285,229.08108,0.015345712818757518,0.019867617848270507
2021-08-30,243.6366,55812666,238.2383,243.6666,237.5766,Tesla,235.72567142857142,230.02208,0.026674352925708744,0.017072590152168856
2021-08-31,245.24,62566326,244.3333,246.7966,242.1466,Tesla,238.36662857142855,230.85786000000002,0.006581113018323315,0.017185094325040468
2021-09-01,244.6966,39613024,244.6933,247.33,243.7567,Tesla,239.68995714285714,231.73341333333332,-0.002215788615234082,0.012905442295293003
2021-09-02,244.13,38390224,244.8333,246.99,243.5133,Tesla,240.82805714285718,232.65707999999998,-0.002315520526235293,0.013238276614154384
2021-09-03,244.5233,45813155,244.083,244.6666,241.4,Tesla,241.89329999999998,233.65918999999997,0.001611026911891189,0.013292497764777046
2021-09-07,250.9733,60119496,246.6666,253.4,246.42,Tesla,244.35805714285715,234.71808000000001,0.02637785438033924,0.012630653892470194
2021-09-08,251.29,56379126,253.86,254.8166,246.9244,Tesla,246.35568571428573,235.93019333333334,0.0012618872206724419,0.01281227588936485
2021-09-09,251.62,42233194,251.1366,254.0333,250.5433,Tesla,247.49617142857142,237.12885999999997,0.0013132237653707968,0.01002774935555934
2021-09-10,245.4233,45552515,253.2,254.2033,244.84,Tesla,247.52235714285715,237.78352666666666,-0.024627215642635703,0.01482223801686915
2021-09-13,247.6666,68857447,246.738,248.26,236.2833,Tesla,247.94664285714288,238.40352666666666,0.009140533926485395,0.015131909374752353
2021-09-14,248.1633,55574646,247.5233,251.49,245.4666,Tesla,248.52282857142856,238.79041666666666,0.002005518709426335,0.015022681371357897
2021-09-15,251.9433,46073075,248.3333,252.2866,246.12,Tesla,249.58282857142856,239.30252666666667,0.015231905765276332,0.01576132572122579
2021-09-16,252.33,41770174,250.9433,252.97,249.2033,Tesla,249.77664285714286,239.81441666666666,0.001534869155083829,0.012428784072244774
2021-09-17,253.1633,84612548,252.3833,253.68,250.0,Tesla,250.04425714285713,240.31286,0.0033024214322512346,0.01246428220030041
2021-09-20,243.39,74272957,244.8525,247.3333,239.5416,Tesla,248.86854285714284,240.65808333333334,-0.03860472667246795,0.019507393993928215
2021-09-21,246.46,48992165,244.93,248.2466,243.48,Tesla,249.01664285714284,240.94275,0.012613500965528601,0.018158427457515548
2021-09-22,250.6466,45378815,247.8421,251.2233,246.3733,Tesla,249.44235714285713,241.40885999999998,0.01698693499959414,0.018986271426520346
2021-09-23,251.2133,35842594,251.6666,252.7333,249.3066,Tesla,249.87807142857145,241.91797,0.002260952273041017,0.018986827022078406
2021-09-24,258.13,64119066,248.63,258.2666,248.1866,Tesla,250.7618857142857,242.49730333333335,0.02753317599028393,0.020899000771202627
2021-09-27,263.7866,84211988,257.7066,266.3333,256.4366,Tesla,252.39854285714287,243.32163666666668,0.021913764382288203,0.021946613812417297
2021-09-28,259.1866,76144268,262.4,265.2133,255.3933,Tesla,253.2590142857143,244.33708,-0.017438338414460852,0.02378475416539474
2021-09-29,260.4366,62828646,259.9333,264.5,256.8933,Tesla,255.69424285714285,245.62152333333333,0.004822780190025355,0.014968369140470882
2021-09-30,258.4933,53867885,260.3333,263.0435,258.3333,Tesla,257.41328571428573,246.58252333333334,-0.007461700851570052,0.01621378886947723
2021-10-01,258.4066,51094235,259.4666,260.26,254.53,Tesla,258.52185714285713,247.71307666666664,-0.00033540521166297577,0.015740775292972218
2021-10-04,260.51,91450029,265.5,268.9899,258.7066,Tesla,259.84995714285714,248.8383,0.00813988497197804,0.01576004449891504
2021-10-05,260.1966,55297896,261.5986,265.77,258.0666,Tesla,260.14518571428573,249.66374333333334,-0.0012030248358988471,0.012388779108399311
2021-10-06,260.9166,43898314,258.7333,262.22,257.74,Tesla,259.7351857142857,250.4888533333333,0.0027671383868967947,0.008584134252053108
2021-10-07,264.5366,57587346,261.82,268.3333,261.1266,Tesla,260.49947142857144,251.40452000000002,0.0138741651546892,0.006907215397113662
2021-10-08,261.83,50215805,265.4033,265.46,260.3033,Tesla,260.69852857142854,252.34152,-0.010231476476223134,0.008405627121851576
2021-10-11,263.98,42600964,262.55,267.08,261.8333,Tesla,261.4823428571429,253.23063333333332,0.008211434900508019,0.007913431545074682
2021-10-12,268.5733,66060127,266.9766,270.7733,265.5233,Tesla,262.9347285714286,254.06185666666667,0.017400181831956907,0.00936224921475191
2021-10-13,270.36,42360244,270.1566,271.8033,268.5933,Tesla,264.34187142857144,254.89919,0.006652560027374355,0.009310821669790015
2021-10-14,272.7733,36741514,271.83,273.4166,271.1167,Tesla,266.13854285714285,255.83508,0.008926246486166578,0.008900165189401243
2021-10-15,281.01,56773716,274.5793,281.07,274.1166,Tesla,269.0090285714286,257.06441333333333,0.030196137231906395,0.012240046140210946
2021-10-18,290.0366,72621727,283.93,291.7533,283.8233,Tesla,272.6518857142857,258.58152333333334,0.03212198854133308,0.014716746559254607
2021-10-19,288.09,52143395,292.51,292.65,287.5033,Tesla,276.4033142857143,259.81874666666664,-0.0067115667470935,0.013809900724250245
2021-10-20,288.6,42096154,288.45,289.83,285.7933,Tesla,279.9204571428572,261.0624133333333,0.0017702801207957197,0.014446440368767237
2021-10-21,298.0,94444359,285.3333,300.0,285.1682,Tesla,284.12427142857143,262.6084133333333,0.03257103257103244,0.016257175294797872
2021-10-22,303.2266,68642527,298.5,303.3333,296.9866,Tesla,288.8195,264.53519,0.017538926174496705,0.015832310236540335
2021-10-25,341.62,188556319,316.8433,348.34,314.7333,Tesla,298.6547428571429,267.66697,0.1266162005576028,0.043899094138951204
2021-10-26,339.4766,187244929,341.5633,364.98,333.8133,Tesla,307.0071142857143,270.7107466666667,-0.0062742228206779105,0.04643939929335228
2021-10-27,345.9533,115579392,346.5533,356.96,343.5933,Tesla,314.99521428571427,273.8444133333333,0.019078487294853286,0.046518973035490775
2021-10-28,359.0133,81639518,356.1016,360.3333,351.4,Tesla,325.1271142857143,277.40052333333335,0.03775076000142219,0.044228229377543914
2021-10-29,371.3333,89755269,360.62,371.7366,357.735,Tesla,336.9461571428572,281.3395233333333,0.0343162774192487,0.04209127721574125
2021-11-01,402.8633,168146177,381.6666,403.25,372.8866,Tesla,351.9266285714286,286.65530000000007,0.08491024101528177,0.045599058356579805
2021-11-02,390.6666,128213413,386.4516,402.8633,382.0,Tesla,364.4180571428572,291.46218666666664,-0.030275033739732504,0.05330219222586251
2021-11-03,404.62,103885570,392.4433,405.13,384.2066,Tesla,373.4180571428571,296.5946333333333,0.035716900292986464,0.03656484510745463
2021-11-04,409.97,76192238,411.47,414.4966,405.6666,Tesla,383.4885428571429,301.88652333333334,0.013222282635559246,0.03446500290669481
2021-11-05,407.3633,64886436,409.3333,413.29,402.6666,Tesla,392.26140000000004,306.86096666666674,-0.006358270117325815,0.036801675740070455
2021-11-08,387.6466,100337170,383.2616,399.0,377.6666,Tesla,396.3518714285714,310.98963333333336,-0.048400776407693136,0.04500047303671407
2021-11-09,341.1666,177317538,391.2,391.5,337.1733,Tesla,392.0423428571429,313.7223,-0.11990302507490058,0.06533851335485728
2021-11-10,355.9833,128408173,336.8033,359.3666,329.1033,Tesla,385.34520000000003,316.90719,0.043429515081487846,0.05657265116767306
2021-11-11,354.5033,67189717,367.59,368.3233,351.56,Tesla,380.1790142857143,320.1075233333333,-0.004157498399503412,0.05634129988650546
2021-11-12,344.4733,76719458,349.1666,351.5,339.7333,Tesla,371.5866285714286,322.97641333333337,-0.028293107567686993,0.05228840915660573
2021-11-15,337.7966,104326960,339.21,343.9933,326.2,Tesla,361.2761428571429,325.5526333333334,-0.019382344001697582,0.05008627959534677
2021-11-16,351.5766,79627088,334.4366,352.3999,334.06,Tesla,353.30661428571426,328.59863333333334,0.040793779451894885,0.056012144251038086
2021-11-17,363.0033,94336119,354.5033,373.2133,351.8333,Tesla,349.78614285714286,332.0015233333333,0.03250130981413446,0.05736500706546495
2021-11-18,365.46,62696796,368.85,370.6666,358.34,Tesla,353.2566285714286,335.36563666666666,0.006767707070431506,0.029189814505692677
2021-11-19,379.02,64926786,366.29,379.5733,364.2333,Tesla,356.5475857142857,339.27197,0.037103923822032536,0.028067313904581167
2021-11-22,385.6233,99217540,387.4433,400.65,377.4766,Tesla,360.99330000000003,343.3267466666667,0.017422035776476053,0.02751830102183789
2021-11-23,369.6766,108515111,389.17,393.4999,354.2333,Tesla,364.5937714285714,346.6968566666667,-0.041353051021553844,0.030965194453137664
2021-11-24,372.0,67680727,360.13,377.59,354.0,Tesla,369.4799714285714,350.08485666666667,0.006284952847975811,0.02822872247403292
2021-11-26,360.64,35042674,366.49,369.5942,360.3333,Tesla,370.7747428571428,353.0137466666667,-0.030537634408602132,0.02986349220813804
2021-11-29,378.9966,58393416,366.9966,380.89,366.73,Tesla,373.0595,356.2799666666667,0.05090006654835855,0.03338888684585716
2021-11-30,381.5866,81276128,381.4566,389.3333,372.6666,Tesla,375.3633,359.3316333333333,0.006833834393237259,0.03338893326215455
2021-12-01,365.0,68804107,386.8983,390.9466,363.5866,Tesla,373.36044285714286,361.89529999999996,-0.04346745928709228,0.0349958282343234
2021-12-02,361.5333,73114867,366.3533,371.0,352.2166,Tesla,369.91901428571424,364.32641,-0.009497808219178117,0.033591995403118254
2021-12-03,338.3233,92322009,361.5966,363.5251,333.4033,Tesla,365.4399714285714,365.67052,-0.06419878888058161,0.038101347806024706
2021-12-06,336.3366,81663128,333.8366,340.5466,316.8333,Tesla,360.34520000000003,366.7741866666667,-0.005872193845354534,0.037402037927153804
2021-12-07,350.5833,56084586,348.0666,352.5579,342.27,Tesla,358.9085285714286,367.0729633333333,0.042358458758279705,0.041817359769771294
2021-12-08,356.32,41906374,350.9033,357.46,344.3333,Tesla,355.66901428571424,367.63441,0.016363300818949433,0.03599141049073754
2021-12-09,334.6,59438496,353.5466,354.1633,334.12,Tesla,348.95664285714287,367.25596666666667,-0.06095644364616071,0.040148579525560384
2021-12-10,339.01,59664366,336.25,340.3265,327.51,Tesla,345.24378571428576,366.58919,0.013179916317991536,0.03984308502056154
2021-12-13,322.1366,78595508,333.6966,335.0,317.14,Tesla,339.6156857142857,364.9493,-0.04977257308044014,0.04260389330275668
2021-12-14,319.5033,70806277,315.0,322.1366,310.0,Tesla,336.9271142857143,362.1706333333333,-0.008174482502143365,0.036811747382648335
2021-12-15,325.33,75169238,317.7366,326.2499,309.4167,Tesla,335.35474285714287,359.9927466666667,0.018236744346615374,0.038100526341645714
2021-12-16,308.9733,82771448,331.5,331.66,307.2833,Tesla,329.4104571428571,356.8045233333333,-0.050277256939108006,0.0352519928829402
2021-12-17,310.8566,100880260,304.9233,320.2199,303.0133,Tesla,322.9156857142857,353.50074333333333,0.006095348691941949,0.0337994046827703
2021-12-20,299.98,56480016,303.5666,307.2294,297.7966,Tesla,317.96997142857145,349.9213,-0.03498912360232975,0.029562086520087124
2021-12-21,312.8433,71517937,305.6233,313.1666,295.3733,Tesla,314.2318714285714,347.4278566666666,0.042880525368357736,0.035775884553543955
2021-12-22,336.29,93634089,321.8866,338.5533,319.0166,Tesla,316.2537857142857,347.26530333333335,0.07494710610711497,0.04340761921952153
2021-12-23,355.6666,92713299,335.6,357.6589,332.52,Tesla,321.41997142857144,347.2547466666667,0.05761872193642392,0.046590791539331974
2021-12-27,364.6466,71145817,357.89,372.3333,356.905,Tesla,327.0366285714286,347.5928566666667,0.025248364620124475,0.04671310420808651
2021-12-28,362.8233,60323916,369.83,372.9999,359.4733,Tesla,334.7294857142857,348.20452333333327,-0.0050001837395439175,0.03813344372614633
2021-12-29,362.0633,56154066,366.2133,368.0,354.7133,Tesla,342.04472857142855,349.0134133333333,-0.0020946835553283805,0.038886425532840094
2021-12-30,356.78,47040935,353.7766,365.1833,351.05,Tesla,350.1590142857143,349.18685999999997,-0.01459219976175452,0.03434591197992969
2021-12-31,352.26,40733644,357.8148,360.6666,351.53,Tesla,355.7899714285714,348.82875,-0.012668871573518592,0.03605520724068022
2022-01-03,399.9266,104686060,382.5833,400.3566,378.68,Tesla,364.8809142857143,349.9776366666666,0.1353165275648669,0.05453327039223054
2022-01-04,383.1966,100248280,396.5166,402.6666,374.35,Tesla,368.8137714285714,350.11685666666665,-0.041832676296100324,0.05785583608012245
2022-01-05,362.7066,80119808,382.2166,390.1133,360.3367,Tesla,368.53662857142854,349.35296666666665,-0.05347124687431992,0.062340410508384125
2022-01-06,354.9,90336489,359.0,362.6666,340.1666,Tesla,367.40472857142856,348.86041333333327,-0.021523181546737824,0.06290721892476266
2022-01-07,342.32,84164768,360.1233,360.3099,336.6666,Tesla,364.58425714285715,347.87107999999995,-0.035446604677373816,0.06420478878935967
2022-01-10,352.7066,91814889,333.3333,353.0333,326.6666,Tesla,364.0023428571429,347.6066333333334,0.030341785463893434,0.065473238652603
2022-01-11,354.8,66063217,351.2233,358.6166,346.2733,Tesla,364.3652,346.80008,0.005935244761509972,0.06524562248408977
2022-01-12,368.74,83739038,359.6166,371.6133,357.53,Tesla,359.9099714285714,346.37186,0.03928974069898539,0.036487043498362966
2022-01-13,343.8533,97209790,369.6883,371.8666,342.1797,Tesla,354.2895,345.66697000000005,-0.06749118620165973,0.04110256151980513
2022-01-14,349.87,72924427,339.96,350.6666,337.7929,Tesla,352.45570000000004,345.2781933333333,0.017497869004020172,0.03859978634135868
2022-01-18,343.5033,66989407,342.2016,356.9299,338.6866,Tesla,350.8276,345.45086,-0.018197330437019432,0.03837492777783531
2022-01-19,331.8833,75442508,347.235,351.5566,331.6666,Tesla,349.33664285714286,345.3024166666666,-0.033827913734744364,0.03815818887994497
2022-01-20,332.09,70488757,336.5766,347.22,331.3333,Tesla,346.3914142857143,344.6859733333333,0.0006228092826603415,0.03527338120862035
2022-01-21,314.6333,103416040,332.1133,334.85,313.5,Tesla,340.6533142857143,343.2964166666667,-0.05256617182089185,0.0382218312609608
2022-01-24,310.0,152375145,301.5866,311.171,283.8233,Tesla,332.2618857142857,342.4764166666667,-0.014726031859946254,0.029586210341401048
2022-01-25,306.1333,86595909,304.7333,317.0866,301.07,Tesla,326.87331428571434,341.3805266666667,-0.012473225806451604,0.022626810888974686
2022-01-26,312.47,104867290,317.4766,329.23,302.0,Tesla,321.5304571428572,341.0583066666667,0.02069915295069169,0.023440063494595518
2022-01-27,276.3666,147109575,311.12,311.7966,276.3333,Tesla,311.9395,339.6204166666667,-0.11554197202931482,0.044514554598864664
2022-01-28,282.1166,134788963,277.1866,285.8333,264.0033,Tesla,304.8299714285714,338.17997,0.020805697938897083,0.04829648408663801
2022-01-31,312.24,104436100,290.9033,312.6633,287.35,Tesla,301.9942571428572,338.28886,0.10677641797753123,0.06883821622969509
2022-02-01,310.4166,73138357,311.7366,314.5666,301.6666,Tesla,301.39187142857145,338.27419333333336,-0.005839738662567262,0.06585211946569403
2022-02-02,301.8866,66793057,309.3933,310.5,296.47,Tesla,300.23281428571437,338.3377466666667,-0.02747920053244579,0.06649929007616624
2022-02-03,297.0466,78855578,294.0,312.3333,293.5066,Tesla,298.9347142857143,337.81119,-0.01603251022072516,0.06660744422402373
2022-02-04,307.7733,73625467,299.0733,312.1666,293.7233,Tesla,298.2637571428572,336.8606333333334,0.03611116908929435,0.06774226766295316
2022-02-07,302.4466,60994476,307.93,315.9233,300.9029,Tesla,301.98947142857145,335.08663333333334,-0.01730721930719792,0.04679527197561194
2022-02-08,307.3333,50729015,301.8433,308.7633,298.2666,Tesla,305.5918571428571,333.17619,0.016157232384163,0.04671322431331675
2022-02-09,310.6666,52259555,311.6666,315.4233,306.6666,Tesla,305.36708571428574,331.43763333333334,0.010845879701288474,0.02245996943626469
2022-02-10,301.5166,66126847,302.79,314.6033,298.9,Tesla,304.0956571428572,329.41941,-0.029452796019913463,0.02502165629950955
2022-02-11,286.6666,79645868,303.21,305.32,283.5666,Tesla,301.92137142857143,327.08229666666665,-0.049251019678518415,0.029412034790702295
2022-02-14,291.92,67756417,287.19,299.6266,284.3833,Tesla,301.18899999999996,325.07096333333334,0.018325818215306544,0.030498308900477875
2022-02-15,307.4766,57649536,300.0,307.6666,297.7924,Tesla,301.1466142857143,321.9892966666667,0.05329062756919711,0.03451114260102197
2022-02-16,307.7966,51294395,304.6833,308.8099,300.4033,Tesla,301.91089999999997,319.4759633333333,0.001040729603488444,0.03363007090472144
2022-02-17,292.1166,55178436,304.42,306.1666,291.3666,Tesla,299.7370857142857,317.12296333333336,-0.050942732960662984,0.03846764967169701
2022-02-18,285.66,68501857,295.3333,295.6233,279.2033,Tesla,296.1647142857143,314.81496333333337,-0.022102817847393763,0.037991189595217405
2022-02-22,273.8433,83288198,278.0433,285.5779,267.0333,Tesla,292.21138571428577,312.53240666666665,-0.041366309598823814,0.039187992418599424
2022-02-23,254.68,95257030,276.81,278.4332,253.52,Tesla,287.64187142857145,309.2648533333333,-0.06997907197291298,0.0429830548979954
2022-02-24,266.9233,135322304,233.4633,267.4933,233.3333,Tesla,284.0709142857143,306.33563,0.048073268415266046,0.04810353639150433
2022-02-25,269.9566,76067768,269.7433,273.1666,260.8001,Tesla,278.7109142857143,303.04285,0.011363938629561421,0.04070157647377071
2022-02-28,290.1433,99006880,271.67,292.2866,271.5691,Tesla,276.1890142857143,301.2525166666666,0.07477757535840968,0.053796125910748255
2022-03-01,288.1233,74766877,289.8933,296.6266,284.5933,Tesla,275.61854285714287,299.19429333333335,-0.006962077015047474,0.05028523262597413
2022-03-02,293.2966,74643457,290.71,295.4933,281.424,Tesla,276.70948571428573,297.52073666666666,0.017955160169274897,0.04974460557363134
2022-03-03,279.7633,61623516,292.9233,295.4796,277.5333,Tesla,277.55519999999996,295.7834033333334,-0.04614202824035463,0.050510752561082374
2022-03-04,279.43,67179877,283.0333,285.2166,275.0536,Tesla,281.0909142857143,294.02807000000007,-0.0011913642711535166,0.039082692097491975
2022-03-07,268.1933,72494167,285.4333,288.7133,268.19,Tesla,281.27234285714286,292.48006999999996,-0.04021293347171018,0.040468373957706465
2022-03-08,274.8,80399108,265.1766,283.33,260.7233,Tesla,281.96425714285715,291.3067366666666,0.024634097868962312,0.041316512049352806
2022-03-09,286.3233,59183976,279.8266,286.8533,277.3366,Tesla,281.4185428571428,290.64640333333335,0.04193340611353724,0.03283658721442041
2022-03-10,279.4333,58648656,283.8166,284.8166,270.12,Tesla,280.1771142857143,289.54518,-0.02406370700533289,0.033934906559514845
2022-03-11,265.1166,67037167,280.0656,281.2673,264.59,Tesla,276.1514,289.17018,-0.05123476693722606,0.03649819757315133
2022-03-14,255.4566,71152267,260.2033,266.9,252.0133,Tesla,272.6790142857143,288.28151333333335,-0.03643679799756028,0.03522493820248699
2022-03-15,267.2966,66841147,258.4233,268.5233,252.19,Tesla,270.9456714285714,286.78340000000003,0.04634838168205491,0.04172241487393239
2022-03-16,280.0766,84028838,269.6666,280.6666,267.42,Tesla,272.64328571428575,285.77206666666666,0.04781205597078286,0.042794510375466104
2022-03-17,290.5333,66582967,276.9966,291.6666,275.2392,Tesla,274.8909,285.3936233333333,0.037335143314364716,0.04392125833130111
2022-03-18,301.7966,100414210,291.4966,302.6166,289.13,Tesla,277.10137142857144,285.5519566666666,0.038767673103220934,0.04353801691392948
2022-03-21,307.0533,81981668,304.9933,314.2833,302.3633,Tesla,281.04708571428574,285.5279566666667,0.017418022601977556,0.04114646758302978
2022-03-22,331.3266,105868571,310.0,332.62,307.25,Tesla,290.50565714285716,286.4906233333333,0.07905239904602879,0.03567131336715287
2022-03-23,333.0366,120676152,326.6466,346.9,325.4666,Tesla,301.58851428571427,287.3474,0.005161070677693891,0.02362679203277735
2022-03-24,337.9733,68920897,336.5766,341.4966,329.6,Tesla,311.6851857142857,288.2576233333333,0.01482329569783003,0.024926341689448867
2022-03-25,336.88,62031546,336.0,340.5999,332.44,Tesla,319.7999571428572,289.4364033333333,-0.0032348709202768555,0.02764628774509663
2022-03-28,363.9466,102506080,355.0333,365.9599,351.2,Tesla,330.2875714285714,292.01240333333334,0.08034492994538112,0.034294170299607143
2022-03-29,366.5233,73614817,369.33,371.59,357.7033,Tesla,339.5342428571429,294.49917999999997,0.007079884796286073,0.035505272054483346
2022-03-30,364.6633,59865006,363.7233,371.3166,361.3333,Tesla,347.76424285714285,296.4054033333333,-0.005074711484917893,0.03764589171376524
2022-03-31,359.2,48992765,364.8566,367.7133,358.8803,Tesla,351.74615714285716,298.11885,-0.014981765370959965,0.03162709724004053
2022-04-01,361.53,54263225,360.3833,364.9166,355.5466,Tesla,355.8166428571429,300.43262999999996,0.006486636971046789,0.03158314490145606
2022-04-04,381.8166,82177718,363.1266,383.3033,357.51,Tesla,362.0799714285714,303.63784999999996,0.05611318562774881,0.0357360549416602
2022-04-05,363.7533,80075018,378.7666,384.29,362.4333,Tesla,365.91901428571424,306.63485000000003,-0.047308838850903756,0.04322123383934955
2022-04-06,348.5866,89348559,357.8233,359.6666,342.5666,Tesla,363.72472857142856,309.76507000000004,-0.04169501692493249,0.03475185804591661
2022-04-07,352.42,79447058,350.7966,358.8633,340.5133,Tesla,361.7099714285714,312.61496,0.010996980377329546,0.035021042025187785
2022-04-08,341.83,55013706,347.7366,349.48,340.8116,Tesla,358.44807142857144,315.01074,-0.030049372907326566,0.03627187482957202
2022-04-11,325.31,59357226,326.8,336.156,324.88,Tesla,353.60664285714284,316.18296333333336,-0.048328116315127345,0.03930726435419052
2022-04-12,328.9833,65976097,332.5466,340.3973,325.5333,Tesla,348.9571142857143,317.5449633333333,0.011291691002428328,0.03975182988514507
2022-04-13,340.79,55121226,327.025,342.08,324.3656,Tesla,343.09617142857144,319.1280766666667,0.03588844783306633,0.03427325734059046
2022-04-14,328.3333,58422426,333.0966,337.5699,327.3966,Tesla,338.03617142857144,320.74707666666666,-0.03655242231286138,0.032825231394116784
2022-04-18,334.7633,51715235,329.6766,338.3066,324.47,Tesla,336.0614142857143,322.59151999999995,0.019583758333376444,0.03239657624907443
2022-04-19,342.7166,49847825,335.02,344.98,331.775,Tesla,334.6752142857143,325.07563000000005,0.02375798063885748,0.033795936588436326
2022-04-20,325.7333,70711327,343.3333,344.6666,325.0833,Tesla,332.37568571428574,326.77340666666663,-0.049554938395163894,0.037003018384068574
2022-04-21,336.26,105416351,358.2433,364.0733,332.1383,Tesla,333.9399714285714,328.43796333333324,0.032316929217860224,0.03417323729398102
2022-04-22,335.0166,69696577,338.3033,344.95,331.3333,Tesla,334.8018714285714,330.29074,-0.003697733896389721,0.03420098386410525
2022-04-25,332.6733,68341357,326.3233,336.2066,325.1,Tesla,333.64234285714286,332.54263,-0.006994578776096438,0.031045314036055618
2022-04-26,292.14,136133684,331.81,333.3333,291.6666,Tesla,328.47187142857143,333.76541,-0.12184115767631487,0.05437174802666409
2022-04-27,293.8366,76956398,299.5266,306.0,292.4533,Tesla,322.6252,334.6500766666667,0.00580748955980015,0.05313802371756919
2022-04-28,292.5033,124948542,299.9933,300.0,273.9,Tesla,315.4518714285714,335.0643,-0.004537555906922286,0.05051710970228959
2022-04-29,290.2533,88133019,300.75,311.4666,290.0,Tesla,310.3833,335.0549666666667,-0.0076922209082769255,0.049059805451993344
2022-05-02,300.98,75781388,286.9233,302.1199,282.6766,Tesla,305.3433,335.0277466666667,0.03695634123711944,0.04983448293309947
2022-05-03,303.0833,63709596,301.06,308.0266,296.1966,Tesla,300.78139999999996,334.89541333333335,0.0069881719715594315,0.050383725610154736
2022-05-04,317.54,81643718,301.3133,318.5,295.0933,Tesla,298.61949999999996,334.43586,0.04769876796247119,0.055463134689607375
2022-05-05,291.0933,92519199,313.07,315.2,285.9,Tesla,298.46997142857145,333.03775,-0.08328620016375898,0.042307054462632866
2022-05-06,288.55,72903127,295.6666,296.0,281.035,Tesla,297.7147428571429,331.3903066666666,-0.00873706127897822,0.04234727477414988
2022-05-09,262.37,90810219,278.8166,281.8766,260.3833,Tesla,293.4099857142857,328.90664000000004,-0.09072950961705084,0.05415899433349962
2022-05-10,266.68,84401648,273.1033,275.12,258.0833,Tesla,290.04237142857147,325.66442,0.016427182985859767,0.05538896350090543
2022-05-11,244.6666,97224460,265.0,269.9233,242.4,Tesla,281.99760000000003,321.60253,-0.08254612269386541,0.05666520850433044
2022-05-12,242.6666,140312864,233.6666,253.22,226.6666,Tesla,273.36664285714284,317.53597333333335,-0.008174389148334904,0.055391904248597794
2022-05-13,256.53,92150739,257.8266,262.4499,250.5216,Tesla,264.65092857142855,314.11364,0.057129411299288835,0.05766216296020264
2022-05-16,241.4566,86098539,255.72,256.5866,239.6961,Tesla,257.55997142857143,310.11119333333335,-0.058758819631232084,0.054437421212856565
2022-05-17,253.87,80236118,249.12,254.8266,242.95,Tesla,252.60568571428573,305.8463066666667,0.05141048122105585,0.06170433206627163
2022-05-18,236.6033,87811809,248.1733,253.5,233.6033,Tesla,248.92472857142857,301.60797333333335,-0.06801394414464101,0.057609061917052506
2022-05-19,236.4733,90296679,235.6666,244.6666,231.37,Tesla,244.6094857142857,297.8708633333333,-0.0005494428860459699,0.05649971434053042
2022-05-20,221.3,144973334,237.9966,240.5273,211.0,Tesla,241.2714,293.5001966666667,-0.06416496069535116,0.05320307325962336
2022-05-23,224.9666,88903659,218.34,226.6517,212.6866,Tesla,238.74282857142856,289.60475,0.016568459105286815,0.05438720898358749
2022-05-24,209.3866,89092539,217.8433,217.9733,206.8566,Tesla,232.00805714285713,285.74063666666666,-0.06925472492361096,0.04933133834366121
2022-05-25,219.6,92139339,207.95,223.1066,207.67,Tesla,228.88568571428573,282.0945266666667,0.048777715479405126,0.05446516571677476
2022-05-26,235.91,106003361,220.4733,239.5566,217.8866,Tesla,226.3199714285714,278.59852666666666,0.07427140255009101,0.05937724277753471
2022-05-27,253.21,89294979,241.0833,253.2666,240.177,Tesla,228.69235714285713,276.0944166666667,0.07333305073968899,0.05995868582201669
2022-05-31,252.7533,101914390,257.9466,259.6,244.7433,Tesla,231.01807142857143,273.36075,-0.0018036412463963147,0.060001795765081425
2022-06-01,246.79,77247968,251.72,257.3266,243.64,Tesla,234.6595,270.1631966666667,-0.023593361590135586,0.053079564280328624
2022-06-02,258.3333,93473139,244.1566,264.21,242.0666,Tesla,239.42617142857142,267.91653,0.046773775274524976,0.05426270294208088
2022-06-03,234.5166,112393751,243.225,247.7966,233.4178,Tesla,243.01617142857143,264.5250833333333,-0.09219368931531469,0.06092102710593702
2022-06-06,238.28,84204518,244.3533,244.8666,234.35,Tesla,245.68474285714288,261.30053000000004,0.016047478088971,0.05939650654661096
2022-06-07,238.8866,72808597,234.0,239.9966,230.0933,Tesla,246.10997142857144,258.17430666666667,0.0025457445022660785,0.05295508015859481
2022-06-08,241.8666,76210628,240.0866,249.9633,239.1766,Tesla,244.48948571428573,256.4985266666667,0.012474538128132817,0.04366780865182303
2022-06-09,239.7066,96491320,249.34,255.5466,239.3266,Tesla,242.62567142857142,254.69419333333332,-0.008930542704118749,0.04364548644623208
2022-06-10,232.23,98090920,235.1566,239.5,227.9133,Tesla,240.54567142857144,252.68508333333335,-0.03119063054584237,0.044226279353293076
2022-06-13,215.7366,102767260,223.1666,226.6333,214.6833,Tesla,234.46042857142857,250.20119333333332,-0.07102183180467636,0.0423802061196237
2022-06-14,220.89,97988800,218.2866,226.33,211.7366,Tesla,232.51377142857146,247.53152666666668,0.023887462767096412,0.03325639894383232
2022-06-15,233.0,119131962,220.9166,235.6633,218.15,Tesla,231.75948571428574,245.19541666666666,0.05482366788899462,0.04039748733759706
2022-06-16,213.1,107390711,222.7366,225.1666,208.6933,Tesla,228.07568571428573,241.71408333333335,-0.08540772532188845,0.05088725907633942
2022-06-17,216.76,92641779,213.4333,220.9694,213.1966,Tesla,224.48902857142858,239.23630666666665,0.01717503519474417,0.051340035316579484
2022-06-21,237.0366,122792982,224.6033,243.5773,224.3333,Tesla,224.10760000000002,237.51919333333333,0.09354401181029703,0.06574277777830743
2022-06-22,236.0866,101527270,234.5033,246.8333,233.8266,Tesla,224.65854285714286,236.64307999999997,-0.004007819889417896,0.06436389899473256
2022-06-23,235.07,104202700,237.905,239.3166,228.6366,Tesla,227.42045714285715,235.58941333333334,-0.00430604701833992,0.05574077374861369
2022-06-24,245.7066,95770720,237.4683,246.0666,236.0866,Tesla,230.96568571428568,235.62408,0.04524864933849493,0.0569644896854095
2022-06-27,244.92,89178309,249.3666,252.07,242.5655,Tesla,232.66854285714285,235.69919333333334,-0.0032013792059311097,0.05467204853628759
2022-06-28,232.6633,90666519,244.4833,249.97,232.3433,Tesla,235.46329999999998,234.90363666666664,-0.050043687734770526,0.04540345185485903
2022-06-29,228.49,82897268,230.5,231.1733,222.2733,Tesla,237.13901428571427,234.47141666666667,-0.017937079032232295,0.04684475506190863
2022-06-30,224.4733,94600449,224.51,229.4566,218.8633,Tesla,235.34425714285712,233.4915266666667,-0.01757932513457927,0.028412792955779698
2022-07-01,227.2633,74460457,227.0,230.23,222.12,Tesla,234.0837857142857,233.1801933333333,0.012429095130690238,0.029402200204057292
2022-07-05,233.0666,84779108,223.0,233.1466,216.1667,Tesla,233.79758571428573,233.06663666666665,0.025535579215825832,0.031609550365752144
2022-07-06,231.7333,71853637,230.78,234.5633,227.1866,Tesla,231.8014,233.41441333333333,-0.005720682414382727,0.024249905444798617
2022-07-07,244.5433,81930698,233.92,245.3616,232.21,Tesla,231.7475857142857,234.06697,0.0552790643381853,0.0342287429661
2022-07-08,250.7633,101854090,242.3333,254.9799,241.1614,Tesla,234.3333,235.44619333333333,0.025435168332152314,0.026820454574422687
2022-07-11,234.3433,99509230,252.1033,253.0633,233.6266,Tesla,235.1694857142857,235.93763666666666,-0.06548007623125074,0.03875341824709827
2022-07-12,233.07,87930969,236.8466,239.7733,228.3683,Tesla,236.3975857142857,235.84297,-0.005433481563159703,0.03787396638757945
2022-07-13,237.04,97954510,225.5,242.0599,225.0333,Tesla,237.79425714285713,235.30397,0.017033509246149325,0.03804370648573102
2022-07-14,238.3133,78557498,234.8966,238.6533,229.3333,Tesla,238.5437857142857,234.82263666666665,0.005371667229159716,0.037129050021567384
2022-07-15,240.0666,69683017,240.0,243.6233,236.89,Tesla,239.73425714285713,234.5985233333333,0.007357121906330866,0.036899422340301524
2022-07-18,240.5466,82537448,244.9366,250.5166,239.6033,Tesla,239.1633,234.00563333333332,0.00199944515396977,0.02976114107725241
2022-07-19,245.53,80890118,245.0,247.14,236.9766,Tesla,238.4156857142857,234.3727466666667,0.02071698373620734,0.029083007046995537
2022-07-20,247.5,88864089,246.7833,250.6633,243.483,Tesla,240.29521428571428,234.68008,0.008023459455056337,0.00882221744914406
2022-07-21,271.7066,142032194,255.1066,273.2666,254.8666,Tesla,245.8147285714286,235.77408,0.09780444444444436,0.033803987896668296
2022-07-22,272.2433,103472860,276.22,280.7866,270.7133,Tesla,250.84377142857144,236.78663666666665,0.0019752924662117533,0.03468601123032373
2022-07-25,268.4333,64073526,272.2166,274.1466,267.4,Tesla,255.14662857142858,237.74419333333333,-0.013994834767283582,0.03679848531411863
2022-07-26,258.86,66820777,266.5133,267.3099,256.2633,Tesla,257.8314,238.63186,-0.035663608054589235,0.04203342070828021
2022-07-27,274.82,88110009,263.81,275.9256,261.79,Tesla,262.7276,240.60130666666666,0.06165494862087617,0.04566463968515005
2022-07-28,280.9,84723008,280.0666,283.3,272.8,Tesla,267.7804571428572,242.60163999999997,0.02212357179244595,0.04567103587721135
2022-07-29,297.15,95312890,280.7,298.32,279.1,Tesla,274.8733142857143,244.73997333333332,0.05784976860092561,0.04729725644149971
2022-08-01,297.2766,117042912,301.275,311.8782,295.0,Tesla,278.5261714285714,247.54586,0.0004260474507824519,0.03614078510143151
2022-08-02,300.5866,95577490,294.0033,307.8333,292.6666,Tesla,282.57521428571425,250.34008,0.011134411521122045,0.03581914779996221
2022-08-03,307.3966,80091128,305.0,309.55,301.15,Tesla,288.1414,252.68541333333332,0.022655700553517732,0.033514854660713474
2022-08-04,308.6333,72256327,311.0,313.6066,305.0,Tesla,295.2518714285714,255.1036366666667,0.0040231414400810905,0.02472933359875423
2022-08-05,288.17,113172911,302.67,304.6066,285.5446,Tesla,297.1590142857143,256.87363666666664,-0.06630295564347721,0.03764042172711552
2022-08-08,290.4233,99365290,295.0,305.2,289.0854,Tesla,298.5194857142857,258.36419333333333,0.00781934274907159,0.03709316762660201
2022-08-09,283.3333,86244699,290.2933,292.3966,279.3533,Tesla,296.54567142857144,259.64463666666666,-0.024412641823159387,0.03006086123362011
2022-08-10,294.3566,94918869,297.0666,297.51,283.37,Tesla,296.12852857142855,261.70108,0.03890576928303169,0.034676722250714505
2022-08-11,286.63,70155067,296.5133,298.2366,285.8333,Tesla,294.1347285714286,263.63908000000004,-0.026249114169684007,0.03538894685128674
2022-08-12,300.03,79657298,289.415,300.16,285.0333,Tesla,293.0823571428572,266.15763666666663,0.04675016571887092,0.03958852080508625
2022-08-15,309.32,89359179,301.7866,313.1333,301.23,Tesla,293.1804571428571,268.89286,0.030963570309635813,0.04161773720469638
2022-08-16,306.5633,88136319,311.6666,314.6666,302.8833,Tesla,295.80807142857145,271.34274999999997,-0.008912129833182347,0.03022822805990882
2022-08-17,303.9966,68765977,303.3966,309.6566,300.0333,Tesla,297.7471142857143,273.7515266666667,-0.008372495990224604,0.030967882271651585
2022-08-18,302.87,47500535,306.0,306.5,301.8533,Tesla,300.5380714285714,275.69575,-0.003705962500896387,0.02835078911016797
2022-08-19,296.6666,61395396,299.0,300.36,292.5,Tesla,300.86807142857145,277.22585999999995,-0.020482055007098765,0.02708581225602487
2022-08-22,289.9133,55843356,291.9133,292.4,286.2966,Tesla,301.33711428571434,279.07819333333333,-0.022763937699761372,0.026518368950907423
2022-08-23,296.4533,63985056,291.4533,298.8266,287.9233,Tesla,300.82615714285714,281.19097,0.02255846834208719,0.02062440835463438
2022-08-24,297.0966,57259716,297.5633,303.6466,296.5,Tesla,299.07995714285715,283.19285666666667,0.002169987650668892,0.015229243355846037
2022-08-25,296.07,53230010,302.36,302.96,291.6,Tesla,297.5809142857143,285.11807999999996,-0.003455441765405687,0.015173632797707767
2022-08-26,288.09,57163950,297.43,302.0,287.47,Tesla,295.3085428571429,286.71885999999995,-0.026953085418988776,0.017357586912660296
2022-08-29,284.82,41864740,282.83,287.74,280.7,Tesla,292.72997142857145,288.19463999999994,-0.011350619598042178,0.0173181525079059
2022-08-30,277.7,50541760,287.865,288.48,272.65,Tesla,290.02045714285714,289.26697333333334,-0.024998244505301637,0.017908177703494923
2022-08-31,275.61,52107340,280.62,281.25,271.81,Tesla,287.9771285714286,290.20397333333335,-0.00752610731004677,0.016889734109772972
2022-09-01,277.16,54287020,272.575,277.58,266.15,Tesla,285.22094285714286,290.3857533333333,0.005623888828417023,0.012606771411714898
2022-09-02,270.21,50890090,281.065,282.35,269.08,Tesla,281.38,290.3179766666666,-0.025075768509164598,0.012609741827215937
2022-09-06,274.42,55859980,272.675,275.99,265.74,Tesla,278.28714285714284,290.51753333333335,0.015580474445801462,0.016547351958248687
2022-09-07,283.7,50028920,273.1,283.84,272.27,Tesla,277.65999999999997,291.3455333333333,0.03381677720282772,0.021715662071625102
2022-09-08,289.26,53713120,281.3,289.5,279.76,Tesla,278.2942857142857,291.82686666666666,0.019598167077899298,0.022623776602747513
2022-09-09,299.68,54470850,291.67,299.85,291.245,Tesla,281.4342857142857,292.4528666666667,0.03602295512687559,0.022041961861080706
2022-09-12,304.42,48674600,300.72,305.49,300.4,Tesla,285.55,292.69520000000006,0.015816871329418003,0.020454393255999844
2022-09-13,292.13,68229620,292.9,297.3999,290.4,Tesla,287.68857142857144,292.52364666666665,-0.040371854674463026,0.029265069518885495
2022-09-14,302.61,72628650,292.24,306.0,291.64,Tesla,292.31714285714287,292.59109333333333,0.03587443946188351,0.026775622804944967
2022-09-15,303.75,64795520,301.825,309.12,300.7247,Tesla,296.50714285714287,292.46954000000005,0.0037672251412708135,0.027220622147860245
2022-09-16,303.35,87087790,299.605,303.71,295.6005,Tesla,299.31428571428575,292.29342999999994,-0.0013168724279835065,0.02638443811117879
2022-09-19,309.07,60231160,300.09,309.84,297.8,Tesla,302.1442857142857,292.99009666666666,0.018856106807318085,0.0263404931151524
2022-09-20,308.73,61642780,306.91,313.33,305.58,Tesla,303.4371428571429,293.60031999999995,-0.001100074416798713,0.0237968550959238
2022-09-21,300.8,62555660,308.29,313.8,300.63,Tesla,302.92,294.18254333333334,-0.025685874388624352,0.025609553758447205
2022-09-22,288.59,70545410,299.86,301.29,285.82,Tesla,302.4142857142857,293.9903233333333,-0.04059175531914905,0.025665364689070744
2022-09-23,275.33,63748360,283.09,284.5,272.82,Tesla,298.51714285714286,293.61365666666666,-0.04594753802973073,0.02443250375154474
2022-09-26,276.01,58076910,271.83,284.09,270.31,Tesla,294.55428571428575,292.81299,0.002469763556459448,0.024287304743506596
2022-09-27,282.94,61925190,283.84,288.67,277.51,Tesla,291.6385714285714,291.9336566666667,0.025107785949784356,0.028203671546907654
2022-09-28,287.81,54664810,283.08,289.0,277.57,Tesla,288.6014285714286,291.3085466666667,0.017212129780165508,0.02793319885976174
2022-09-29,268.21,77620640,282.76,283.65,265.78,Tesla,282.8128571428571,290.11566000000005,-0.06810048295750681,0.03503517085860387
2022-09-30,265.25,67726600,266.145,275.57,262.47,Tesla,277.7342857142857,288.86166,-0.011036128406845314,0.03503202556413604
2022-10-03,242.4,98363540,254.5,255.16,241.01,Tesla,271.1357142857143,287.0527733333334,-0.08614514608859569,0.043333864755945944
2022-10-04,249.44,109578500,250.52,257.5,242.01,Tesla,267.4371428571429,285.7036633333334,0.029042904290428995,0.04611940862075484
2022-10-05,240.81,86982670,245.01,246.6697,233.27,Tesla,262.40857142857146,283.84888666666666,-0.03459749839640791,0.04616654143823681
2022-10-06,238.13,69298440,239.44,244.58,235.35,Tesla,256.00714285714287,281.8833333333333,-0.011129105934138961,0.042354425445489244
2022-10-07,223.07,83916800,233.935,234.5715,222.02,Tesla,246.75857142857143,279.45,-0.06324276655608285,0.04032133002936644
2022-10-10,222.96,67925020,223.93,226.99,218.3582,Tesla,240.2942857142857,277.27899999999994,-0.0004931187519612301,0.039159923925491856
2022-10-11,216.5,77013200,220.945,225.75,215.0,Tesla,233.32999999999998,275.00166666666667,-0.028973806960889914,0.03864907067612289
2022-10-12,217.24,66860700,215.33,219.2999,211.51,Tesla,229.7357142857143,272.98633333333333,0.0034180138568129514,0.030030517582185362
2022-10-13,221.72,91483050,208.3,222.99,206.22,Tesla,225.77571428571426,271.19,0.020622353157797813,0.02807041896483088
2022-10-14,204.99,94124510,224.01,226.26,204.16,Tesla,220.6585714285714,268.78433333333334,-0.07545552949666245,0.0357079157316233
2022-10-17,219.35,79428810,210.04,221.86,209.45,Tesla,217.9757142857143,267.089,0.07005219766817894,0.05015536051289872
2022-10-18,220.19,75891910,229.5,229.82,217.25,Tesla,217.5642857142857,265.2813333333333,0.0038294962388876197,0.04450692924891915
2022-10-19,222.04,66571480,219.8,222.93,217.78,Tesla,217.43285714285713,263.226,0.008401834779054429,0.044650562131955666
2022-10-20,207.28,117798100,208.28,215.55,202.0,Tesla,216.11571428571432,260.49333333333334,-0.06647450909745989,0.05059778307254265
2022-10-21,214.44,75713750,206.415,214.66,203.8,Tesla,215.7157142857143,257.652,0.034542647626399026,0.05278978812455491
2022-10-24,211.25,100446800,205.82,213.5,198.5863,Tesla,214.22,254.54633333333334,-0.01487595597836222,0.05210743915479101
2022-10-25,222.415,96507870,210.1,224.3498,210.0,Tesla,216.70928571428573,252.2225,0.052852071005917045,0.04565215249176072
2022-10-26,224.64,85327080,219.4,230.6,218.2,Tesla,217.46499999999997,249.6235,0.010003821684688496,0.03807399868555879
2022-10-27,225.09,61638820,229.77,233.81,222.85,Tesla,218.16500000000002,247.0015,0.0020032051282052876,0.03808193729779661
2022-10-28,228.52,69152390,225.4,228.86,216.35,Tesla,219.09071428571428,244.50716666666668,0.015238349104802484,0.03830725061664291
2022-10-31,227.54,61554340,226.19,229.85,221.94,Tesla,221.98499999999999,241.7895,-0.004288464904603662,0.023310542301634783
2022-11-01,227.82,62688820,234.05,237.3951,227.28,Tesla,223.89642857142854,239.0925,0.0012305528698250967,0.02167484281654967
2022-11-02,214.98,63070290,226.04,227.8699,214.82,Tesla,224.42928571428573,236.23183333333333,-0.05636028443508034,0.03231339924716844
2022-11-03,215.31,56538850,211.36,221.2,210.14,Tesla,223.41428571428568,233.78916666666666,0.0015350265140943176,0.023808063675685803
2022-11-04,207.47,98622210,222.6,223.8,203.08,Tesla,220.96142857142857,231.52716666666666,-0.036412614369978225,0.02553640628892605
2022-11-07,197.08,93916520,208.65,208.9,196.66,Tesla,216.95999999999998,228.8961666666667,-0.05007952957054029,0.02852616250984725
2022-11-08,191.3,128803400,194.02,195.2,186.75,Tesla,211.64285714285714,225.8415,-0.02932819159732092,0.0244346350708423
2022-11-09,177.59,127062700,190.775,195.89,177.12,Tesla,204.50714285714284,222.16750000000002,-0.0716675378985886,0.028010700334190026
2022-11-10,190.72,132703000,189.9,191.0,180.03,Tesla,199.20714285714286,219.5845,0.07393434314995218,0.049032539046232344
2022-11-11,195.97,114403600,186.0,196.52,182.59,Tesla,196.49142857142857,217.27516666666668,0.02752726510067105,0.05006127262941602
2022-11-14,190.95,92226650,192.77,195.73,186.34,Tesla,193.01142857142855,215.56016666666665,-0.025616165739654084,0.04988297286568249
2022-11-15,194.42,91293790,195.88,200.8237,192.06,Tesla,191.14714285714285,213.72616666666667,0.018172296412673372,0.05041447499059448
2022-11-16,186.92,66567600,191.51,192.57,185.66,Tesla,189.6957142857143,211.9298333333333,-0.0385762781606831,0.0489872600076419
2022-11-17,183.17,64335970,183.96,186.16,180.9,Tesla,188.5342857142857,210.09783333333334,-0.02006205863471,0.048389376842474414
2022-11-18,180.19,76048870,185.05,185.19,176.55,Tesla,188.90571428571428,208.66849999999997,-0.01626903968990545,0.03939877860192594
2022-11-21,167.87,92882710,175.85,176.77,167.54,Tesla,185.64142857142858,206.83216666666667,-0.06837227371108268,0.0326752897681592
2022-11-22,169.91,78452330,168.63,170.92,166.185,Tesla,181.9185714285714,205.27916666666667,0.012152260677905424,0.02949864593970172
2022-11-23,183.2,109536700,173.57,183.62,172.5,Tesla,180.8114285714286,204.1445,0.0782178800541462,0.04699934300800914
2022-11-25,182.86,50672740,185.06,185.2,180.63,Tesla,179.16,202.84916666666666,-0.0018558951965064185,0.04595425120682848
2022-11-28,182.92,93038150,179.96,188.5,179.0,Tesla,178.5885714285714,202.1135,0.0003281198731268642,0.04392277898145579
2022-11-29,180.83,83357110,184.99,186.38,178.75,Tesla,178.25428571428574,200.82949999999997,-0.011425759895035914,0.04345842272460527
2022-11-30,194.7,109186400,182.43,194.76,180.6301,Tesla,180.32714285714286,199.97983333333332,0.0767018746889343,0.051490152829905246
2022-12-01,194.7,80046210,197.08,198.92,191.8,Tesla,184.16,199.0685,0.0,0.03849193994651664
2022-12-02,194.86,73645920,191.78,196.25,191.11,Tesla,187.72428571428574,198.6545,0.0008217770929637158,0.03920748095023984
2022-12-05,182.45,93122670,189.44,191.27,180.55,Tesla,187.61714285714285,197.58816666666664,-0.06368674946115171,0.04097528417096647
2022-12-06,179.82,92150820,181.215,183.65,175.33,Tesla,187.18285714285716,196.5405,-0.014414908194025688,0.04134977992416854
2022-12-07,174.04,84213280,175.03,179.38,172.218,Tesla,185.91428571428574,194.928,-0.0321432543654766,0.04288153945155625
2022-12-08,173.44,97624490,172.2,175.2,169.06,Tesla,184.85857142857142,193.22133333333335,-0.003447483337163826,0.0428287985336151
2022-12-09,179.05,104872300,173.84,182.5,173.36,Tesla,182.62285714285716,191.68666666666667,0.032345479704797064,0.03008167403225722
2022-12-12,167.82,109794500,176.1,177.37,167.52,Tesla,178.78285714285715,189.66333333333333,-0.06271991063948623,0.03501964172765454
2022-12-13,160.95,175862700,174.87,175.05,156.91,Tesla,173.9385714285714,187.44366666666664,-0.04093671791204867,0.034339541460964774
2022-12-14,156.8,140682300,159.25,161.62,155.31,Tesla,170.27428571428572,185.07633333333334,-0.025784405094749774,0.030227689657014358
2022-12-15,157.67,122334500,153.44,160.9299,153.28,Tesla,167.10999999999999,183.166,0.005548469387754995,0.03185221230632274
2022-12-16,150.23,139032200,159.635,160.99,150.04,Tesla,163.70857142857145,180.99666666666664,-0.0471871630620917,0.033421593439583674
2022-12-19,149.87,139390600,154.0,155.25,145.82,Tesla,160.34142857142857,179.07666666666668,-0.002396325634027696,0.03351223255517892
2022-12-20,137.8,159563300,146.05,148.47,137.66,Tesla,154.44857142857146,177.10066666666665,-0.08053646493627808,0.031107973654444683
2022-12-21,137.57,145417400,139.335,141.26,135.89,Tesla,150.12714285714284,175.30966666666666,-0.0016690856313499314,0.031020265251632862
2022-12-22,125.35,210090300,136.0,136.63,122.26,Tesla,145.04142857142855,173.5683333333333,-0.088827505996947,0.038773045968178495
2022-12-23,123.15,166989700,126.37,128.6173,121.02,Tesla,140.2342857142857,171.316,-0.017550857598723435,0.039200762476379825
2022-12-27,109.1,208643400,117.495,119.67,108.76,Tesla,133.29571428571427,168.42033333333333,-0.11408850994721897,0.04511006353114011
2022-12-28,112.71,221070500,110.35,116.27,108.24,Tesla,127.93571428571428,165.81233333333333,0.033088909257561916,0.05513089970953245
2022-12-29,121.82,221923300,120.385,123.57,117.495,Tesla,123.92857142857143,163.39233333333334,0.08082690089610511,0.07099466266981036
2022-12-30,123.18,157777300,119.95,124.48,119.75,Tesla,121.84,161.26766666666666,0.011164012477425933,0.06785294427449191
2023-01-03,108.1,231402800,118.47,118.8,104.64,Tesla,117.63,158.76533333333333,-0.12242247118038652,0.07871575762109699
2023-01-04,113.64,180389000,109.11,114.59,107.52,Tesla,115.95714285714284,156.547,0.05124884366327476,0.0794011109755312
2023-01-05,110.34,157986300,110.51,111.75,107.1601,Tesla,114.12714285714286,154.6293333333333,-0.029039070749735996,0.07967481012246502
2023-01-06,113.06,220911100,103.0,114.39,101.81,Tesla,114.69285714285714,152.73433333333332,0.02465107848468362,0.0664164318576473
2023-01-09,119.77,190284000,118.96,123.52,117.11,Tesla,115.70142857142856,150.61999999999998,0.05934901822041394,0.06882858138968809
2023-01-10,118.85,167642500,121.07,122.76,114.92,Tesla,115.27714285714285,148.48633333333333,-0.007681389329548316,0.06157305047906211
2023-01-11,123.22,183810800,122.09,125.95,120.51,Tesla,115.28285714285714,146.49633333333335,0.036769036600757365,0.06321160166956591
2023-01-12,123.56,169400900,122.56,124.1311,117.0,Tesla,117.49142857142856,144.58733333333333,0.002759292322674911,0.03239202817055407
2023-01-13,122.4,180714100,116.55,122.63,115.6,Tesla,118.74285714285715,142.17733333333337,-0.009388151505341558,0.030615097187842416
2023-01-17,131.49,186477000,125.695,131.7,125.02,Tesla,121.7642857142857,140.0703333333333,0.0742647058823529,0.032878781380478214
2023-01-18,128.78,195680300,136.555,136.68,127.01,Tesla,124.01,137.86766666666665,-0.02060993231424446,0.03729967454517578
2023-01-19,127.17,170291900,127.26,129.99,124.3082,Tesla,125.06714285714285,136.025,-0.012501941295232188,0.03421736561284664
2023-01-20,133.42,138858100,128.68,133.51,127.3466,Tesla,127.14857142857143,134.47833333333332,0.049146811354879194,0.036256462681708436
2023-01-23,143.75,203119200,135.87,145.3793,134.27,Tesla,130.08142857142857,133.46866666666668,0.07742467396192487,0.04261193550468051
2023-01-24,143.89,158699100,143.0,146.5,141.1,Tesla,132.9857142857143,132.48366666666666,0.0009739130434782695,0.04275846479499054
2023-01-25,144.43,192734300,141.905,146.41,138.07,Tesla,136.13285714285715,131.32966666666667,0.003752866773229613,0.041378039881302286
2023-01-26,160.27,234815100,159.965,161.42,154.76,Tesla,140.24428571428572,131.078,0.10967250571210974,0.04976940046896448
2023-01-27,177.9,306590600,162.43,180.68,161.17,Tesla,147.26142857142855,131.643,0.11000187184126786,0.05219152419727232
2023-01-30,166.66,230878800,178.05,179.77,166.5,Tesla,152.90285714285713,131.97166666666666,-0.06318156267566055,0.06417871394004128
2023-01-31,173.22,196813500,164.57,174.3,162.78,Tesla,158.5885714285714,132.48999999999998,0.0393615744629785,0.06408105652709549
2023-02-01,181.41,213806300,173.89,183.805,169.93,Tesla,163.96857142857144,133.52933333333334,0.047280914444059574,0.0621070514525664
2023-02-02,188.27,217448300,187.325,196.7501,182.61,Tesla,170.30857142857144,134.80933333333334,0.03781489443801345,0.06023543228308572
2023-02-03,189.98,232662000,183.95,199.0,183.69,Tesla,176.81571428571428,136.54866666666666,0.009082700377117892,0.05972248115153168
2023-02-06,194.76,186188100,193.01,198.17,189.92,Tesla,181.74285714285716,138.455,0.025160543215075215,0.051621269098250204
2023-02-07,196.81,186010300,196.43,197.5,189.55,Tesla,184.4442857142857,140.837,0.010525775313205976,0.037475622526315644
2023-02-08,201.29,180673600,196.1,203.0,194.31,Tesla,189.39142857142858,143.44166666666666,0.022763070982165567,0.0146831770063371
2023-02-09,207.32,215431400,207.775,214.0,204.77,Tesla,194.26285714285717,146.71566666666664,0.02995677877688907,0.01381367297516719
2023-02-10,196.89,204754100,202.225,206.2,192.89,Tesla,196.4742857142857,149.52166666666665,-0.05030870152421385,0.029356473122271853
2023-02-13,194.64,172475500,194.415,196.3,187.61,Tesla,197.3842857142857,151.949,-0.011427700746609815,0.028050129426719205
2023-02-14,209.25,216455700,191.94,209.82,189.44,Tesla,200.13714285714286,154.818,0.07506165228113448,0.03867977837614104
2023-02-15,214.24,182108600,211.755,214.66,206.11,Tesla,202.92000000000002,158.35600000000002,0.023847072879330966,0.03862277503709157
2023-02-16,202.04,229586500,210.78,217.65,201.84,Tesla,203.66714285714286,161.30266666666665,-0.05694548170276337,0.04720130117689581
2023-02-17,208.31,213738500,199.985,208.44,197.5,Tesla,204.67000000000002,164.56833333333333,0.03103345872104546,0.0478279413662
2023-02-21,197.37,180018600,204.99,209.71,197.22,Tesla,203.2485714285714,167.37866666666667,-0.05251788200278429,0.050966188092928036
2023-02-22,200.86,191828500,197.93,201.99,191.78,Tesla,203.81571428571428,170.08166666666665,0.01768252520646496,0.04744837843372268
2023-02-23,202.07,146360000,203.91,205.14,196.33,Tesla,204.87714285714287,172.85566666666665,0.0060240963855420215,0.046969812522616984
2023-02-24,196.88,142228100,196.325,197.6695,192.8,Tesla,203.10999999999999,175.311,-0.025684168852377898,0.03670672348841635
2023-02-27,207.63,161028300,202.03,209.42,201.26,Tesla,202.1657142857143,178.11333333333332,0.05460178789110115,0.04254184487959378
2023-02-28,205.71,153144900,210.59,211.23,203.75,Tesla,202.69,180.89033333333333,-0.009247218610027419,0.035889270300906086
2023-03-01,202.77,156852800,206.21,207.2,198.52,Tesla,201.89857142857142,183.26633333333336,-0.014291964415925285,0.034057426915965944
2023-03-02,190.9,181979200,186.74,193.7499,186.01,Tesla,200.97428571428574,185.337,-0.05853923164176167,0.03554966165897539
2023-03-03,197.79,154193300,194.795,200.48,192.88,Tesla,200.53571428571428,187.69099999999997,0.03609219486642212,0.038033220369483964
2023-03-06,193.81,128100100,198.54,198.6,192.3,Tesla,199.3557142857143,189.704,-0.020122351989483755,0.03844390937794651
2023-03-07,187.71,148125800,191.38,194.2,186.1,Tesla,198.04571428571427,191.16933333333333,-0.031474124142201076,0.03901332229831115
2023-03-08,182.0,151897800,185.04,186.5,180.0,Tesla,194.3842857142857,192.43966666666668,-0.030419263757924475,0.02886600515091798
2023-03-09,172.92,170023800,180.25,185.18,172.5124,Tesla,189.70000000000002,193.38933333333335,-0.04989010989011,0.03076962891009329
2023-03-10,173.44,191488900,175.13,178.29,168.44,Tesla,185.51,193.82833333333335,0.0030071709461023666,0.03234243217383134
2023-03-13,174.48,167790300,167.455,177.35,163.91,Tesla,183.16428571428568,193.71433333333331,0.005996309963099522,0.029100278415015265
2023-03-14,183.26,143717900,177.31,183.8,177.1401,Tesla,181.0885714285714,194.26766666666666,0.05032095369096745,0.03325282229079101
2023-03-15,180.45,145995600,180.8,182.34,176.03,Tesla,179.18,194.50866666666664,-0.015333406089708679,0.033067456660662964
2023-03-16,184.13,121374500,180.365,185.81,178.84,Tesla,178.6685714285714,194.5993333333333,0.020393460792463403,0.03318214780996955
2023-03-17,180.13,133197100,184.515,186.2199,177.33,Tesla,178.40142857142857,194.328,-0.02172378211046544,0.03209798339132625
2023-03-20,183.25,129684400,178.08,186.44,176.35,Tesla,179.87714285714284,194.10366666666667,0.017320823849442002,0.024104523336740312
2023-03-21,197.58,153391400,188.28,198.0,188.04,Tesla,183.32571428571427,194.19766666666663,0.07819918144611204,0.03534576082468638
2023-03-22,191.15,150376400,199.3,200.66,190.95,Tesla,185.70714285714286,194.00900000000001,-0.032543779734791056,0.04040491876263999
2023-03-23,192.22,144193900,195.26,199.31,188.65,Tesla,186.98714285714286,193.70666666666665,0.005597698142819629,0.03706645247896789
2023-03-24,190.41,116531600,191.65,192.36,187.15,Tesla,188.41,193.14299999999997,-0.009416293829986433,0.03652470245918106
2023-03-27,191.81,120851600,194.415,197.39,189.94,Tesla,189.50714285714284,192.97366666666667,0.007352555012867024,0.03613322137944992
2023-03-28,189.19,98654640,192.0,192.35,185.43,Tesla,190.8014285714286,192.792,-0.013659350398832149,0.03520376198825738
2023-03-29,193.88,123660000,193.13,195.29,189.44,Tesla,192.32,192.27966666666666,0.024789893757598103,0.035659507226530114
2023-03-30,195.28,110252200,195.58,197.33,194.42,Tesla,191.99142857142857,191.64766666666668,0.007220961419434735,0.01857502319803614
2023-03-31,207.46,170222100,197.53,207.79,197.2,Tesla,194.32142857142858,191.82833333333335,0.06237197869725519,0.02550619362733095
2023-04-03,194.77,169545900,199.91,202.6897,192.2,Tesla,194.68571428571428,191.37699999999998,-0.06116841800829076,0.037824414665250175
2023-04-04,192.58,126463800,197.32,198.7446,190.32,Tesla,194.99571428571426,191.21733333333333,-0.011244031421676848,0.0379265444604724
2023-04-05,185.52,133882500,190.515,190.68,183.76,Tesla,194.09714285714287,190.70600000000002,-0.03666008931353204,0.04049830984372264
2023-04-06,185.06,123857900,183.08,186.39,179.74,Tesla,193.5071428571429,190.139,-0.0024795170332040373,0.040276020285612855
2023-04-10,184.51,142154600,179.94,185.1,176.11,Tesla,192.16857142857143,189.72666666666666,-0.0029720090781368835,0.03847282970475025
2023-04-11,186.79,115770900,186.69,189.19,185.6475,Tesla,190.9557142857143,189.032,0.012357053818221164,0.0388236872677445
2023-04-12,180.54,150256300,190.74,191.5846,180.31,Tesla,187.10999999999999,188.193,-0.03346003533379727,0.025401455557233714
2023-04-13,185.9,112933000,182.955,186.5,180.94,Tesla,185.84285714285716,187.63066666666666,0.029688711642849253,0.023638691845823644
2023-04-14,185.0,96438660,183.95,186.28,182.01,Tesla,184.76000000000002,187.43400000000003,-0.004841312533620301,0.023543505633857775
2023-04-17,187.04,116662200,186.32,189.69,182.69,Tesla,184.97714285714284,187.07566666666668,0.011027027027026959,0.019584416084012395
2023-04-18,184.31,92067020,187.15,187.69,183.5775,Tesla,184.86999999999998,186.759,-0.014595808383233488,0.020491776134542013
2023-04-19,180.59,125732700,179.1,183.5,177.65,Tesla,184.31,186.52166666666665,-0.02018338668547559,0.021840114244120395
2023-04-20,162.99,210970800,166.165,169.7,160.56,Tesla,180.91,185.88799999999998,-0.09745833102608115,0.04053155001570086
2023-04-21,165.08,123539000,164.8,166.0,161.3208,Tesla,178.70142857142858,185.62666666666664,0.01282287256886927,0.04145764232489201
2023-04-24,162.55,140006600,164.65,165.65,158.61,Tesla,175.3657142857143,185.26366666666667,-0.015325902592682294,0.03719760124938262
2023-04-25,160.67,121999300,159.82,163.47,158.75,Tesla,171.89000000000001,184.80333333333334,-0.01156567210089221,0.036875580674823084
2023-04-26,153.75,153364100,160.29,160.67,153.14,Tesla,167.1342857142857,183.81966666666668,-0.043069645857969685,0.03507915843795208
2023-04-27,160.19,127015200,152.64,160.48,152.37,Tesla,163.68857142857146,183.14433333333332,0.04188617886178858,0.04382740119414563
2023-04-28,164.31,122515800,160.9,165.0,157.32,Tesla,161.36285714285714,182.48366666666666,0.025719458143454776,0.04694158471679982
2023-05-01,161.83,109015000,163.17,163.28,158.83,Tesla,161.19714285714286,181.87366666666668,-0.015093420972551841,0.028950432007766536
2023-05-02,160.31,128259700,161.88,165.49,158.93,Tesla,160.51571428571427,181.109,-0.009392572452573744,0.028439094027055068
2023-05-03,160.61,119728000,160.01,165.0,159.91,Tesla,160.23857142857145,179.87666666666667,0.001871374212463417,0.02802067089374804
2023-05-04,161.2,95108490,162.71,162.95,159.65,Tesla,160.31428571428572,178.8783333333333,0.00367349480107082,0.027687221751956797
2023-05-05,170.06,107607300,163.97,170.7899,163.51,Tesla,162.6442857142857,178.13966666666667,0.054962779156327635,0.026570001996753353
2023-05-08,171.79,112249400,173.72,173.8,169.19,Tesla,164.3014285714286,177.51900000000003,0.010172880159943443,0.023735031390015114
2023-05-09,169.15,88965040,168.95,169.82,166.56,Tesla,164.99285714285716,176.76366666666667,-0.015367599976715662,0.02435100600523047
2023-05-10,168.54,119840700,172.55,174.43,166.68,Tesla,165.95142857142858,176.0753333333333,-0.003606266627254051,0.02317684451382506
2023-05-11,172.08,103889900,168.7,173.57,166.79,Tesla,167.63285714285715,175.34866666666667,0.021003915984336263,0.022643846864118376
2023-05-12,167.98,157849600,176.07,177.38,167.23,Tesla,168.68571428571428,174.43866666666665,-0.023826127382612916,0.026077318438337046
2023-05-15,166.35,105592500,167.655,169.76,164.5499,Tesla,169.42142857142858,173.0683333333333,-0.00970353613525421,0.02681710927219364
2023-05-16,166.52,98288790,165.65,169.5184,164.35,Tesla,168.91571428571427,172.12666666666667,0.00102194168920966,0.01526329907163104
2023-05-17,173.86,125473600,168.41,174.5,167.185,Tesla,169.21142857142857,171.50266666666667,0.0440787893346144,0.02334428042400726
2023-05-18,176.89,109520300,174.22,177.06,172.45,Tesla,170.31714285714287,171.215,0.01742781548372241,0.022569173840187043
2023-05-19,180.14,136196700,177.17,181.95,176.31,Tesla,171.97428571428574,171.05100000000002,0.018373000169596976,0.022436556940145833
2023-05-22,188.87,132001400,180.7,189.32,180.11,Tesla,174.37285714285713,171.19633333333334,0.04846230709448207,0.026719813680214977
2023-05-23,185.77,156952100,186.2,192.96,185.26,Tesla,176.91428571428574,171.16233333333332,-0.016413406046487,0.025081823594716297
2023-05-24,182.9,137605100,182.23,184.22,178.22,Tesla,179.27857142857144,171.241,-0.015449211390429096,0.026089215543605646
2023-05-25,184.47,96870720,186.54,186.78,180.58,Tesla,181.84285714285716,171.1933333333333,0.008583925642427603,0.025618012531386406
2023-05-26,193.17,162061500,184.62,198.6,184.53,Tesla,184.60142857142856,171.46566666666664,0.047162140185395884,0.02622056706657165
2023-05-30,201.16,128818700,200.1,204.48,197.53,Tesla,188.06857142857143,171.9363333333333,0.041362530413625365,0.02802035300820834
2023-05-31,203.93,150711700,199.78,203.95,195.12,Tesla,191.46714285714287,172.59033333333335,0.013770133227281711,0.028087852185787802
2023-06-01,207.52,148029900,202.59,209.8,199.37,Tesla,194.1314285714286,173.488,0.017604079831314623,0.02477488998055033
2023-06-02,213.97,164398400,210.15,217.25,209.752,Tesla,198.16000000000003,175.18733333333333,0.031081341557440245,0.02139330795001204
2023-06-05,217.61,151143100,217.8,221.29,214.52,Tesla,203.1185714285714,176.93833333333336,0.017011730616441678,0.014774021628239134
2023-06-06,221.31,146911600,216.14,221.91,212.53,Tesla,208.38142857142856,178.897,0.017002895087541825,0.01347949211121868
2023-06-07,224.57,185710800,228.0,230.8296,223.2,Tesla,212.86714285714288,181.02700000000002,0.014730468573494138,0.01038298466947975
2023-06-08,234.86,164489700,224.22,235.23,223.01,Tesla,217.68142857142857,183.73066666666668,0.04582090216858892,0.011820580139246162
2023-06-09,244.4,200242400,249.07,252.42,242.02,Tesla,223.46285714285713,186.53766666666664,0.04061994379630418,0.012852764708215544
2023-06-12,249.83,150740500,247.94,250.97,244.59,Tesla,229.50714285714284,189.38833333333335,0.02221767594108015,0.012446340409923394
2023-06-13,258.71,162384300,253.51,259.68,251.34,Tesla,235.89857142857142,192.61766666666668,0.035544170035624045,0.012803809946846347
2023-06-14,256.79,170575500,260.17,261.57,250.5,Tesla,241.49571428571429,195.8336666666667,-0.007421437130377462,0.018307427510437416
2023-06-15,255.9,160171200,248.4,258.95,247.29,Tesla,246.43714285714287,199.01000000000002,-0.0034658670508976863,0.021053671492238177
2023-06-16,260.54,167915600,258.92,263.6,257.2091,Tesla,251.57571428571427,202.32133333333334,0.01813208284486123,0.020919651726433848
2023-06-20,274.45,165611200,261.5,274.75,261.12,Tesla,257.2314285714286,205.801,0.05338911491517595,0.022512844589243814
2023-06-21,259.46,211797100,275.13,276.99,257.78,Tesla,259.3828571428571,208.72333333333333,-0.05461832756421936,0.035131550593308504
2023-06-22,264.61,166875900,250.77,265.0,248.25,Tesla,261.4942857142857,211.90533333333332,0.019848916981423104,0.03499540849431376
2023-06-23,256.6,177460800,259.29,262.45,252.8,Tesla,261.1928571428571,214.84066666666666,-0.03027096481614444,0.03544234434613431
2023-06-26,241.05,179990600,250.065,258.37,240.7,Tesla,258.94428571428574,217.13966666666667,-0.0606001558846454,0.04219658651322879
2023-06-27,250.21,164968200,243.24,250.3899,240.85,Tesla,258.13142857142856,219.88066666666666,0.03800041485169059,0.045738269692875436
2023-06-28,256.24,159770800,249.7,259.88,248.89,Tesla,257.51714285714286,222.877,0.024099756204787992,0.04623555210950017
2023-06-29,257.5,131283400,258.03,260.74,253.61,Tesla,255.0957142857143,225.90966666666665,0.004917265064002363,0.03984116008106739
2023-06-30,261.77,112620800,260.6,264.45,259.89,Tesla,255.4257142857143,228.84000000000003,0.01658252427184448,0.03484269196388789
2023-07-03,279.82,118999000,276.49,284.25,275.11,Tesla,257.59857142857146,232.27100000000002,0.0689536616113382,0.043057662971567365
2023-07-05,282.48,131530900,278.82,283.85,277.6,Tesla,261.2957142857143,235.6823333333333,0.0095061110714032,0.03951953926766589
2023-07-06,276.54,120707400,278.09,279.97,272.88,Tesla,266.36571428571426,238.60466666666665,-0.0210280373831776,0.028194921097663167
2023-07-07,274.43,113879200,278.43,280.78,273.77,Tesla,269.8257142857143,241.56,-0.007629999276777322,0.02865055570215362
2023-07-10,269.61,119425400,276.47,277.52,265.1,Tesla,271.73571428571427,244.45033333333333,-0.017563677440513015,0.030387702009504285
2023-07-11,269.79,91972360,268.65,270.9,266.37,Tesla,273.49142857142857,247.29433333333336,0.0006676310225881554,0.030494284725270816
2023-07-12,271.99,95672140,276.325,276.52,271.46,Tesla,274.9514285714286,249.92166666666668,0.008154490529671099,0.030221252767074363
2023-07-13,277.9,112681500,274.59,279.45,270.6,Tesla,274.6771428571429,252.47966666666667,0.021728740027206817,0.015453665153591466
2023-07-14,281.38,120062400,277.01,285.3,276.31,Tesla,274.52,255.06133333333335,0.012522490104354134,0.01582905731238487
2023-07-17,290.38,131569600,286.625,292.23,283.57,Tesla,276.4971428571429,257.8233333333333,0.03198521572251045,0.016982494396972997
2023-07-18,293.34,112434700,290.15,295.26,286.01,Tesla,279.1985714285714,260.469,0.010193539499965487,0.015688666078473103
2023-07-19,291.26,142355400,296.04,299.29,289.5201,Tesla,282.2914285714286,262.92400000000004,-0.007090747937546826,0.01291246652581808
2023-07-20,262.9,175158300,279.56,280.93,261.2,Tesla,281.3071428571429,264.31033333333335,-0.09737004738034749,0.04339196436088609
2023-07-21,260.02,161796100,268.0,268.0,255.8,Tesla,279.59714285714284,265.49199999999996,-0.010954735640928082,0.04318564491277194
2023-07-24,269.06,137005000,255.85,269.85,254.12,Tesla,278.3342857142857,266.632,0.03476655641873716,0.04480981295150557
2023-07-25,265.28,112757300,272.38,272.9,265.0,Tesla,276.0342857142857,267.32800000000003,-0.014048911023563648,0.044328737250318447
2023-07-26,264.35,95856180,263.25,268.04,261.75,Tesla,272.3157142857143,267.812,-0.0035057297949334654,0.04096127385828883
2023-07-27,255.71,103697300,268.31,269.13,255.3,Tesla,266.94,267.712,-0.03268394174390021,0.0401880204867398
2023-07-28,266.44,111446000,259.86,267.25,258.2312,Tesla,263.39428571428573,268.03366666666665,0.041961597121739524,0.04635300955142891
2023-07-31,267.43,84582170,267.48,269.08,263.78,Tesla,264.0414285714286,268.418,0.003715658309563219,0.026858466396496573
2023-08-01,261.07,83645720,266.26,266.47,260.25,Tesla,264.19142857142856,268.43566666666663,-0.023781924241857766,0.028345731850090466
2023-08-02,254.11,101752900,255.57,259.52,250.49,Tesla,262.05571428571426,267.7576666666667,-0.026659516604741973,0.02548400554320481
2023-08-03,259.32,97829550,252.04,260.49,252.0,Tesla,261.20428571428573,267.753,0.02050293180118845,0.02736190562850108
2023-08-04,253.86,99539910,260.97,264.77,253.11,Tesla,259.70571428571424,267.39466666666664,-0.021055067098565416,0.02821503453535719
2023-08-07,251.45,111097900,251.45,253.6511,242.76,Tesla,259.09714285714284,267.223,-0.009493421570944682,0.025733797407122738
2023-08-08,249.7,96642180,247.45,250.92,245.01,Tesla,256.7057142857143,267.5113333333333,-0.0069596341220918845,0.016892452115628245
2023-08-09,242.19,101596300,250.87,251.1,241.9,Tesla,253.09999999999997,267.24399999999997,-0.03007609130957145,0.017437793476252506
2023-08-10,245.34,109498600,245.4,251.8,243.0,Tesla,250.85285714285715,266.8806666666667,0.013006317354143482,0.019406867837777283
2023-08-11,242.65,99038640,241.77,243.79,238.02,Tesla,249.2157142857143,266.3856666666667,-0.010964375968044338,0.01782511793330105
2023-08-14,239.76,98595330,235.7,240.66,233.75,Tesla,246.42142857142855,265.652,-0.011910158664743542,0.013295987225165368
2023-08-15,232.96,88197600,238.73,240.5,232.61,Tesla,243.43571428571428,264.09,-0.02836169502836161,0.014447909600276152
2023-08-16,225.6,112484500,228.02,233.97,225.38,Tesla,239.74285714285716,262.194,-0.0315934065934067,0.016101270761148406
2023-08-17,219.22,120718400,226.06,226.74,218.83,Tesla,235.38857142857142,260.28333333333336,-0.02828014184397165,0.016283723867148218
2023-08-18,215.49,136276600,214.12,217.58,212.36,Tesla,231.57428571428574,258.3186666666667,-0.017014870905939228,0.015437288708723242
2023-08-21,231.28,135702700,221.5512,232.1343,220.58,Tesla,229.56571428571428,257.041,0.0732748619425494,0.03672712567179899
2023-08-22,233.19,130597900,240.25,240.82,229.55,Tesla,228.21428571428572,255.82099999999997,0.00825838810100299,0.037170178886062485
2023-08-23,236.86,101077600,229.34,238.98,229.29,Tesla,227.8,254.65,0.01573823920408257,0.037788459027718824
2023-08-24,230.04,99777430,238.66,238.92,228.1801,Tesla,227.38285714285715,253.0546666666667,-0.02879338005572918,0.03784060453686676
2023-08-25,238.59,106612200,231.31,239.0,230.35,Tesla,229.23857142857145,251.62833333333336,0.03716744913928016,0.037560032355946904
2023-08-28,238.82,107673700,242.58,244.38,235.35,Tesla,232.03857142857143,249.90966666666665,0.0009639968146191169,0.03425217207650975
2023-08-29,257.18,134047600,238.58,257.48,237.77,Tesla,237.99428571428572,248.70433333333332,0.0768779834184743,0.038723511504410314
2023-08-30,256.9,121988400,254.2,260.51,250.59,Tesla,241.6542857142857,247.559,-0.0010887316276538828,0.03351010347288376
2023-08-31,258.08,108861700,255.98,261.18,255.05,Tesla,245.20999999999998,247.39833333333334,0.004593226936551176,0.03367197968282899
2023-09-01,245.01,132541600,257.26,259.0794,242.01,Tesla,246.3742857142857,246.89800000000002,-0.050643211407315536,0.04181407515251828
2023-09-05,256.49,129469600,245.0,258.0,244.86,Tesla,250.15285714285713,246.47899999999998,0.04685523039875927,0.04122036655089966
2023-09-06,251.92,116959800,255.135,255.39,245.06,Tesla,252.05714285714288,246.03366666666668,-0.01781745877032248,0.04183537199801765
2023-09-07,251.49,115312900,245.07,252.81,243.265,Tesla,253.86714285714285,245.605,-0.0017068910765321021,0.041928002233950774
2023-09-08,248.5,118559600,251.22,256.52,246.67,Tesla,252.62714285714284,245.36466666666666,-0.011889140721301095,0.029156557866305225
2023-09-11,273.58,174667900,264.27,274.85,260.61,Tesla,255.01,245.60266666666666,0.10092555331991937,0.04953547373368193
2023-09-12,267.48,135999900,270.76,278.39,266.6,Tesla,256.35285714285715,245.60433333333333,-0.02229695153154454,0.05104830930826625
2023-09-13,271.3,111673700,270.07,274.98,268.1,Tesla,260.10857142857145,245.94533333333337,0.014281441603110512,0.044472954540906065
2023-09-14,276.04,107709800,271.32,276.7094,270.42,Tesla,262.90142857142854,246.67633333333333,0.01747143383708072,0.04235408270013126
2023-09-15,274.39,133692300,277.55,278.98,271.0,Tesla,266.1114285714286,247.17866666666666,-0.005977394580495732,0.041219557938201784
2023-09-18,265.28,101543300,271.16,271.44,263.7601,Tesla,268.08142857142855,247.55933333333334,-0.033200918400816404,0.044663781915293084
2023-09-19,266.5,103704000,264.35,267.85,261.2,Tesla,270.65285714285716,248.061,0.004598914354644323,0.043838076002312536
2023-09-20,262.59,122514600,267.04,273.93,262.4606,Tesla,269.0828571428571,248.49066666666664,-0.014671669793621112,0.018949786896291662
2023-09-21,255.7,119951500,257.85,260.86,254.21,Tesla,267.4,248.94099999999997,-0.026238622948322465,0.01957396792203488
2023-09-22,244.88,127524100,257.4,257.7888,244.48,Tesla,263.6257142857143,248.92566666666664,-0.04231521314039888,0.02129403940822612
2023-09-25,246.99,104636600,243.38,247.1,238.31,Tesla,259.4757142857143,249.07033333333337,0.00861646520744852,0.019255150311515017
2023-09-26,244.12,101993600,242.98,249.55,241.6601,Tesla,255.15142857142857,249.21566666666666,-0.011619903639823459,0.01890009646350038
2023-09-27,240.5,136597200,244.262,245.33,234.58,Tesla,251.61142857142858,249.467,-0.014828772734720608,0.017394552963167467
2023-09-28,246.38,117058900,240.02,247.55,238.65,Tesla,248.73714285714283,250.15966666666665,0.024449064449064473,0.021919561819750823
2023-09-29,250.22,128522700,250.0,254.77,246.35,Tesla,246.97,251.193,0.015585680655897383,0.023951167218063875
2023-10-02,251.6,123810400,244.81,254.2799,242.62,Tesla,246.3842857142857,252.39666666666665,0.0055151466709295605,0.02258458654841186
2023-10-03,246.53,101985300,248.61,250.02,244.45,Tesla,246.61999999999998,252.905,-0.02015103338632751,0.016823248561915777
2023-10-04,261.16,129721600,248.14,261.86,247.6,Tesla,248.64428571428567,253.83733333333333,0.059343690423072415,0.02789350517519425
2023-10-05,260.05,119159200,260.0,263.6,256.25,Tesla,250.92000000000002,254.61033333333333,-0.004250268034921123,0.027144138234163614
2023-10-06,260.53,118121800,253.98,261.65,250.65,Tesla,253.78142857142856,255.62666666666664,0.001845798884829719,0.025337021818683955
2023-10-09,259.67,101377900,255.31,261.36,252.05,Tesla,255.68000000000004,256.3293333333333,-0.003300963420719172,0.025191739740476046
2023-10-10,263.62,122656000,257.75,268.94,257.65,Tesla,257.5942857142857,257.156,0.01521161474178756,0.025172857242177594
2023-10-11,262.99,103706300,266.2,268.6,260.9,Tesla,259.2214285714286,257.3496666666667,-0.0023898035050451405,0.025465169889921205
2023-10-12,258.87,111508100,262.92,265.41,256.6307,Tesla,260.9842857142857,257.4153333333333,-0.015665994904749292,0.024725131045997984
2023-10-13,251.12,102296800,258.9,259.6,250.22,Tesla,259.55,257.18333333333334,-0.029937806621083918,0.014139521932173152
2023-10-16,253.92,88917180,250.05,255.3999,248.48,Tesla,258.6742857142857,257.4803333333333,0.011150047785918993,0.015498827987593155
2023-10-17,254.85,93562910,250.1,257.183,247.08,Tesla,257.86285714285714,257.4256666666667,0.0036625708884687747,0.015614106580101837
2023-10-18,242.68,125147800,252.7,254.63,242.08,Tesla,255.43571428571428,257.11766666666665,-0.04775358053757106,0.023021258806684843
2023-10-19,220.11,170772700,225.95,230.61,216.78,Tesla,249.22,256.07166666666666,-0.09300313169606067,0.03627001891245091
2023-10-20,211.99,138010100,217.01,218.8606,210.42,Tesla,241.93428571428572,254.85466666666667,-0.03689064558629773,0.03503255532551609
2023-10-23,212.08,150683400,210.0,216.98,202.51,Tesla,235.25000000000003,252.8046666666667,0.00042454832775140616,0.0366053366534888
2023-10-24,216.52,118231100,216.5,222.05,214.11,Tesla,230.30714285714288,251.10599999999997,0.020935496039230506,0.040840791397697314
2023-10-25,212.42,107065100,215.88,220.1,212.2,Tesla,224.3785714285714,249.14333333333332,-0.01893589506743032,0.038506801791323694
2023-10-26,205.76,115112600,211.32,214.8,204.88,Tesla,217.3657142857143,246.80066666666664,-0.03135297994539121,0.03645708310611774
2023-10-27,207.3,94881170,210.6,212.41,205.77,Tesla,212.3114285714286,244.56433333333334,0.007484447900466762,0.03780361681658852
2023-10-30,197.36,136448200,209.28,210.88,194.67,Tesla,209.0614285714286,242.3003333333333,-0.04794983116256635,0.025437485748691563
2023-10-31,200.84,118068300,196.12,202.8,194.07,Tesla,207.46857142857147,240.11166666666668,0.017632752330766,0.02602377147048619
2023-11-01,205.66,121661700,204.04,205.99,197.85,Tesla,206.55142857142854,238.214,0.023999203345947073,0.028602016289787945
2023-11-02,218.51,125987600,212.97,219.2,211.45,Tesla,206.83571428571426,236.9743333333333,0.06248176602158906,0.03755469583907319
2023-11-03,219.96,119534800,221.15,226.3701,218.4,Tesla,207.91285714285715,236.1436666666667,0.0066358519060913945,0.03641559664593602
2023-11-06,219.27,117335800,223.98,226.32,215.0,Tesla,209.84285714285716,235.21966666666668,-0.0031369339879978586,0.03305504811678337
2023-11-07,222.18,116900100,219.98,223.12,215.72,Tesla,211.96857142857144,234.48833333333332,0.01327130934464349,0.03306590244475463
2023-11-08,222.11,106584800,223.15,224.15,217.64,Tesla,215.50428571428571,233.87533333333334,-0.00031505986137359,0.022151955298041856
2023-11-09,209.98,142110500,219.75,220.8,206.68,Tesla,216.81,232.66199999999998,-0.05461257935257313,0.03502135847863821
2023-11-10,214.65,131310100,210.03,215.38,205.69,Tesla,218.09428571428572,231.47633333333334,0.022240213353652782,0.034884290928440385
2023-11-13,223.71,140447600,215.6,225.4,211.6101,Tesla,218.83714285714288,230.54666666666665,0.04220824598183093,0.029972357114908317
2023-11-14,237.41,149771600,235.03,238.135,230.72,Tesla,221.32999999999998,230.24266666666668,0.0612399982119709,0.037103997598373344
2023-11-15,242.84,150354000,239.29,246.7,236.45,Tesla,224.69714285714286,229.632,0.02287182511267427,0.036687293839967924
2023-11-16,233.59,136816800,239.49,240.88,230.96,Tesla,226.32714285714286,228.75,-0.03809092406522818,0.04191752806236058
2023-11-17,234.3,142766200,232.0,237.39,226.54,Tesla,228.06857142857143,227.8756666666667,0.003039513677811634,0.04182657209890802
2023-11-20,235.6,116562400,234.04,237.1,231.02,Tesla,231.72857142857146,227.07333333333335,0.005548442168160417,0.031663896563836634
2023-11-21,241.2,122288000,235.04,243.62,233.34,Tesla,235.52142857142857,226.326,0.02376910016977929,0.03171123878200751
2023-11-22,234.21,118117100,242.04,244.01,231.4,Tesla,237.02142857142854,225.36666666666667,-0.028980099502487477,0.03371602935181157
2023-11-24,235.45,65125200,233.75,238.75,232.33,Tesla,236.74142857142857,224.58599999999998,0.005294393919986318,0.023947111569886232
2023-11-27,236.08,112031800,236.89,238.33,232.1,Tesla,235.77571428571426,224.08466666666666,0.0026757273306434737,0.02171317793400026
2023-11-28,246.72,148549900,236.68,247.0,234.01,Tesla,237.65142857142857,223.84466666666668,0.04506946797695699,0.022570621363300472
2023-11-29,244.14,135401300,249.21,252.75,242.76,Tesla,239.05714285714288,223.48766666666663,-0.01045719844357984,0.023622879775413587
2023-11-30,240.08,132353200,245.14,245.22,236.91,Tesla,239.69714285714284,223.401,-0.016629802572294516,0.02515189726986909
2023-12-01,238.83,121331700,233.14,240.19,231.9,Tesla,239.35857142857142,224.025,-0.0052065978007330704,0.023486235099697984
2023-12-04,235.58,104099800,235.75,239.3733,233.2902,Tesla,239.55428571428573,224.81133333333335,-0.013608005694426994,0.021045023919254346
2023-12-05,238.72,137971100,233.87,246.66,233.7,Tesla,240.02142857142857,225.69933333333333,0.013328805501315877,0.021530510850430187
2023-12-06,239.37,126436200,242.92,246.57,239.1709,Tesla,240.49142857142857,226.46100000000004,0.0027228552278819596,0.021530703632245716
2023-12-07,242.64,107142300,241.55,244.08,236.98,Tesla,239.90857142857143,227.46833333333333,0.01366085975686171,0.012466214195955129
2023-12-08,243.84,103126800,240.27,245.27,239.2701,Tesla,239.8657142857143,228.73766666666668,0.004945598417408492,0.012144254621331453
2023-12-11,239.74,97913890,242.74,243.441,237.45,Tesla,239.81714285714287,229.819,-0.01681430446194221,0.012186206073593877
2023-12-12,237.01,95328310,238.55,238.99,233.87,Tesla,239.55714285714285,231.14066666666668,-0.011387336280971105,0.012821939372475367
2023-12-13,239.29,146286300,234.19,240.3,228.2,Tesla,240.08714285714285,232.42233333333334,0.009619847263828474,0.012001122004208886
2023-12-14,251.05,160829200,241.22,253.88,240.79,Tesla,241.84857142857143,233.93533333333335,0.04914538844080418,0.021424279937972076
2023-12-15,253.5,135932800,251.21,254.13,248.3,Tesla,243.86714285714288,235.10166666666666,0.009759012148974344,0.021332403377407144
2023-12-18,252.08,116416500,253.78,258.74,251.36,Tesla,245.21571428571428,236.17233333333334,-0.005601577909270183,0.021781110050375904
2023-12-19,257.22,106737400,253.48,258.3399,253.01,Tesla,247.12714285714287,237.43733333333333,0.020390352269120893,0.022467348447958776
2023-12-20,247.14,125097000,256.41,259.84,247.0,Tesla,248.18428571428572,238.26933333333332,-0.03918824352694206,0.027575584762394235
2023-12-21,254.5,109594200,251.9,254.7999,248.55,Tesla,250.68285714285716,239.349,0.029780691106255697,0.027965790907648683
2023-12-22,252.54,93370090,256.76,258.22,251.37,Tesla,252.57571428571433,240.76766666666666,-0.007701375245579567,0.028816008623480042
2023-12-26,256.61,86892380,254.49,257.97,252.91,Tesla,253.36999999999998,242.16633333333337,0.016116258810485506,0.023111224056224913
2023-12-27,261.44,106494400,258.35,263.34,257.52,Tesla,254.50428571428571,243.424,0.018822337399166056,0.023773524524523883
2023-12-28,253.18,113619900,263.66,265.13,252.71,Tesla,254.6614285714286,243.94966666666667,-0.031594247246022,0.027397155352519294
2023-12-29,248.48,100891600,255.1,255.19,247.43,Tesla,253.41285714285712,244.13766666666666,-0.018563867604076245,0.026737747766973022
2024-01-02,248.42,104654200,250.08,251.25,244.41,Tesla,253.5957142857143,244.632,-0.00024146812620740032,0.021972821865520686
2024-01-03,238.45,121082600,244.98,245.68,236.32,Tesla,251.30285714285716,244.77033333333333,-0.04013364463408742,0.02256311926225367
2024-01-04,237.93,102629300,239.25,242.7,237.73,Tesla,249.21571428571426,244.84799999999998,-0.002180750681484489,0.022713780098919795
2024-01-05,237.49,92488940,236.86,240.1196,234.9001,Tesla,246.4842857142857,244.7243333333333,-0.001849283402681423,0.020398163658638092
2024-01-08,240.45,85166580,236.14,241.25,235.3,Tesla,243.48571428571427,244.93233333333333,0.012463682681375987,0.018948150513936328
2024-01-09,234.96,96705660,238.11,238.9646,232.04,Tesla,240.88285714285712,244.91600000000003,-0.02283218964441669,0.01766291307844944
2024-01-10,233.94,91628500,235.1,235.5,231.29,Tesla,238.8057142857143,244.84466666666668,-0.00434116445352406,0.017393572253513203
2024-01-11,227.22,105873600,230.57,230.93,225.37,Tesla,235.77714285714288,244.19466666666668,-0.02872531418312385,0.018454035734373726
2024-01-12,218.89,123043800,220.08,225.34,217.1501,Tesla,232.9828571428571,243.353,-0.03666050523721509,0.017615310440652374
2024-01-16,219.91,115355000,215.1,223.49,212.18,Tesla,230.4085714285714,242.68066666666664,0.004659874822970478,0.01842321541715477
2024-01-17,215.55,103164400,214.86,215.67,212.01,Tesla,227.2742857142857,241.90466666666666,-0.01982629257423485,0.018179778818796503
2024-01-18,211.88,108595400,216.88,217.45,208.74,Tesla,223.19285714285715,241.11466666666666,-0.0170262120157737,0.014087178740246495
2024-01-19,212.19,102260300,209.99,213.19,207.56,Tesla,219.94,240.23033333333336,0.001463092316405623,0.015562595141494773
2024-01-22,208.8,117952500,212.26,217.8,206.27,Tesla,216.34857142857143,239.2113333333333,-0.0159762477025307,0.014923544652850554
2024-01-23,209.14,106605900,211.3,215.65,207.7516,Tesla,213.76571428571427,238.09466666666668,0.0016283524904212587,0.01502371466046305
2024-01-24,207.83,123369900,211.88,212.73,206.77,Tesla,212.1857142857143,236.89433333333332,-0.006263746772496748,0.010225750681919873
2024-01-25,182.63,198076800,189.7,193.0,180.06,Tesla,206.85999999999999,234.99066666666667,-0.1212529471202426,0.04319740016409399
2024-01-26,183.25,107343200,185.5,186.78,182.1,Tesla,202.24571428571429,233.19866666666667,0.0033948420303346882,0.04455991271354899
2024-01-29,190.93,125013100,185.63,191.48,183.67,Tesla,199.25285714285715,231.58666666666667,0.04190995907230555,0.0507897665959812
2024-01-30,191.59,109982300,195.33,196.3593,190.61,Tesla,196.31,229.60466666666667,0.003456764259152534,0.050893699904122236
2024-01-31,187.29,103221400,186.995,193.97,185.8459,Tesla,193.23714285714283,227.39766666666668,-0.02244376011274085,0.051008948673076315
2024-02-01,188.86,91843280,188.5,189.88,184.28,Tesla,190.34,225.29033333333334,0.008382721981953223,0.051421025861391634
2024-02-02,187.91,110612700,185.04,188.69,182.0,Tesla,187.49428571428572,222.98,-0.005030181086519203,0.05145110142881823
2024-02-05,181.06,134294400,184.26,184.68,175.01,Tesla,187.27,220.77733333333336,-0.03645362141450692,0.024837831401354836
2024-02-06,185.1,122676000,177.21,186.49,177.11,Tesla,187.53428571428572,218.464,0.022313045399315,0.02637356907777995
2024-02-07,187.58,111535200,188.18,189.79,182.68,Tesla,187.05571428571426,216.29866666666666,0.01339816315505149,0.02073314206407134
2024-02-08,189.56,83034040,189.0,191.6171,185.58,Tesla,186.7657142857143,214.06366666666665,0.01055549632156949,0.021231522237695068
2024-02-09,193.57,84476350,190.18,194.12,189.48,Tesla,187.66285714285715,211.80133333333333,0.02115425195188858,0.020381683234045964
2024-02-12,188.13,95498600,192.11,194.73,187.28,Tesla,187.5585714285714,209.63299999999998,-0.028103528439324288,0.023733277418241317
2024-02-13,184.02,86759480,183.99,187.26,182.1087,Tesla,187.00285714285715,207.48433333333335,-0.021846595439323768,0.025102370968947026
2024-02-14,188.71,81202990,185.3,188.89,183.35,Tesla,188.09571428571425,205.49400000000003,0.025486360178241574,0.021944335037437986
2024-02-15,200.45,120831800,189.16,200.88,188.8595,Tesla,190.28857142857143,204.22733333333335,0.06221185946690677,0.030399157274636025
2024-02-16,199.95,111346700,202.06,203.17,197.4,Tesla,192.0557142857143,202.96133333333333,-0.00249438762783738,0.030853169874939836
2024-02-20,193.76,104545800,196.13,198.6,189.13,Tesla,192.65571428571428,201.50366666666667,-0.03095773943485869,0.03441542168764981
2024-02-21,194.77,103844000,193.36,199.44,191.95,Tesla,192.82714285714286,199.98099999999997,0.0052126341866227666,0.03358027941563902
2024-02-22,197.41,92739460,194.0,198.32,191.36,Tesla,194.15285714285716,198.7293333333333,0.013554448837089783,0.03108761618672834
2024-02-23,191.97,78841920,195.31,197.57,191.5,Tesla,195.28857142857143,197.33033333333333,-0.027556861354541273,0.03204051212207198
2024-02-26,199.4,111747100,192.29,201.78,192.0,Tesla,196.81571428571428,196.403,0.03870396416106692,0.03369319181856758
2024-02-27,199.73,108645400,204.04,205.6,198.26,Tesla,196.71285714285713,195.76433333333335,0.0016549648946839746,0.0239273486587443
2024-02-28,202.04,99806170,200.42,205.3,198.44,Tesla,197.01142857142855,195.16866666666667,0.011565613578330858,0.024296684263808987
2024-02-29,201.88,85906970,204.18,205.28,198.4463,Tesla,198.17142857142858,194.71300000000002,-0.0007919223916056373,0.01978749883472254
2024-03-01,202.64,82243120,200.52,204.52,198.5,Tesla,199.29571428571427,194.40500000000003,0.003764612641173004,0.019805260139566003
2024-03-04,188.14,134334900,198.73,199.75,186.72,Tesla,197.97142857142856,193.60333333333332,-0.07155546782471378,0.034760087492675645
2024-03-05,180.74,119660800,183.05,184.59,177.57,Tesla,196.36714285714285,192.668,-0.039332412033591835,0.03621388284747021
2024-03-06,176.54,107920900,179.99,181.576,173.7,Tesla,193.10142857142858,191.58133333333333,-0.02323780015491872,0.02992116290911497
2024-03-07,178.65,102129000,174.35,180.04,173.7,Tesla,190.08999999999997,190.60866666666666,0.011951965560213162,0.031207843027132188
2024-03-08,175.34,85544640,181.5,182.73,174.7,Tesla,186.2757142857143,190.36566666666667,-0.018527847746991344,0.02886248228509076
2024-03-11,177.77,85391530,175.445,182.87,174.8,Tesla,182.83142857142857,190.183,0.013858788639215192,0.030918049034924233
2024-03-12,177.54,87391680,177.77,179.43,172.4101,Tesla,179.24571428571429,189.73666666666665,-0.001293806604038994,0.030390570148776132
2024-03-13,169.48,106524500,173.05,176.05,169.15,Tesla,176.57999999999998,188.99966666666666,-0.04539822011940975,0.023601622469887912
2024-03-14,162.5,126325700,167.77,171.17,160.51,Tesla,173.9742857142857,188.17333333333332,-0.04118480056643847,0.023933607865221005
2024-03-15,163.57,97146830,163.16,165.1845,160.76,Tesla,172.12142857142857,187.33033333333333,0.006584615384615411,0.024825831499731627
2024-03-18,173.8,108214400,170.02,174.72,165.9,Tesla,171.42857142857142,186.86,0.06254203093476818,0.036902390476849456
2024-03-19,171.32,77271430,172.36,172.82,167.42,Tesla,170.8542857142857,186.5353333333333,-0.014269275028768846,0.036644585407924576
2024-03-20,175.66,83846730,173.0,176.25,170.82,Tesla,170.55285714285714,186.22066666666666,0.025332710716787332,0.03775058607455096
2024-03-21,172.82,73178010,176.39,178.18,171.8,Tesla,169.87857142857143,185.7286666666667,-0.016167596493225522,0.038179592045672374
2024-03-22,170.83,75580640,166.69,171.2,166.3,Tesla,170.07142857142858,185.10433333333333,-0.011514870964008717,0.033842964072308086
2024-03-25,172.63,74228620,168.76,175.24,168.73,Tesla,171.51857142857142,184.40633333333335,0.010536790961774845,0.028099315080222547
2024-03-26,177.67,113186200,178.58,184.25,177.38,Tesla,173.53285714285715,184.05766666666665,0.029195388982216297,0.029057777312968828
2024-03-27,179.83,81804040,181.41,181.91,176.0,Tesla,174.3942857142857,183.918,0.012157370405808665,0.01902990010674809
2024-03-28,175.79,77654840,177.45,179.57,175.3,Tesla,175.03285714285715,183.48733333333334,-0.022465662014124588,0.020603059942390718
2024-04-01,175.22,81562130,176.17,176.75,170.21,Tesla,174.97,182.6463333333333,-0.003242505261960238,0.018348831493658607
2024-04-02,166.63,116650600,164.75,167.69,163.43,Tesla,174.08571428571426,181.53566666666666,-0.04902408400867486,0.02579965941306162
2024-04-03,168.38,82950140,164.02,168.82,163.28,Tesla,173.73571428571427,180.68966666666665,0.01050231050831174,0.02619898367014424
2024-04-04,171.11,123162000,170.07,177.19,168.01,Tesla,173.51857142857145,179.90099999999998,0.0162133269984559,0.026725704429797992
2024-04-05,164.9,143157600,169.08,170.86,160.51,Tesla,171.69428571428574,178.81733333333335,-0.036292443457425105,0.025861809353838458
2024-04-08,172.98,104423300,169.34,174.5,167.79,Tesla,170.71571428571428,178.1843333333333,0.04899939357186156,0.03374345074345382
2024-04-09,176.88,103232700,172.91,179.22,171.92,Tesla,170.87142857142857,177.43366666666665,0.022545959070412902,0.03415650399408908
2024-04-10,171.76,84532410,173.04,174.93,170.01,Tesla,170.37714285714284,176.50133333333332,-0.028946178199909522,0.03606530087959086
2024-04-11,174.6,94515990,172.55,175.88,168.51,Tesla,171.5157142857143,175.58666666666667,0.01653469958081044,0.029888701959020096
2024-04-12,171.05,64722670,172.34,173.8099,170.3644,Tesla,171.89714285714285,174.559,-0.02033218785796098,0.03152743058885898
2024-04-15,161.48,100245300,170.24,170.69,161.38,Tesla,170.52142857142857,173.18699999999998,-0.05594855305466251,0.03757958791887401
2024-04-16,157.11,96999960,156.742,158.19,153.75,Tesla,169.4085714285714,172.15266666666668,-0.027062174882338197,0.03655437160330742
2024-04-17,155.45,82439720,157.64,158.33,153.78,Tesla,166.9042857142857,171.30966666666666,-0.01056584558589535,0.027290998493665376
2024-04-18,149.93,96098830,151.25,152.2,148.7,Tesla,163.0542857142857,170.4226666666667,-0.03550981022836919,0.022429817441195092
2024-04-19,147.05,87074500,148.97,150.94,146.22,Tesla,159.52428571428572,169.36933333333334,-0.01920896418328555,0.02230978734449884
2024-04-22,142.05,107097600,140.56,144.44,138.8025,Tesla,154.87428571428572,168.25966666666667,-0.03400204012240737,0.014765791034113481
2024-04-23,144.68,124545100,143.33,147.26,141.11,Tesla,151.10714285714286,167.15666666666667,0.018514607532558847,0.02334875147389079
2024-04-24,162.13,181178000,162.84,167.97,157.51,Tesla,151.20000000000002,166.643,0.12061100359413879,0.05552259612687408
2024-04-25,170.18,126427500,158.96,170.88,158.36,Tesla,153.06714285714287,166.6663333333333,0.049651514216986437,0.05643389476972367
2024-04-26,168.29,109815700,168.85,172.12,166.37,Tesla,154.90142857142857,166.85933333333332,-0.011105887883417598,0.05647149287352596
2024-04-29,194.05,243869700,188.42,198.87,184.54,Tesla,161.20428571428573,167.87533333333334,0.1530691068988057,0.07237687681718287
2024-04-30,183.28,127031800,186.98,190.95,182.8401,Tesla,166.38000000000002,168.19133333333332,-0.05550115949497558,0.07834907418807424
2024-05-01,179.99,92829720,182.0,185.86,179.01,Tesla,171.79999999999998,168.48033333333333,-0.017950676560453904,0.07621724148630706
2024-05-02,180.01,89148040,182.86,184.6,176.02,Tesla,176.84714285714284,168.62533333333334,0.00011111728429336054,0.07726157303192048
2024-05-03,181.19,75491540,182.1,184.78,178.42,Tesla,179.57,168.90433333333334,0.006555191378256886,0.06737742727712608
2024-05-06,184.76,84390250,183.8,187.56,182.2,Tesla,181.65285714285713,169.36866666666666,0.019703074121088404,0.06595609695187281
2024-05-07,177.81,75045850,182.4,183.26,177.4,Tesla,183.01285714285714,169.5413333333333,-0.03761636717904304,0.06832661379845303
2024-05-08,174.72,79969490,171.59,176.06,170.15,Tesla,180.25142857142856,169.443,-0.01737810021933528,0.02602005862304652
2024-05-09,171.97,65950290,175.01,175.62,171.37,Tesla,178.6357142857143,169.18099999999998,-0.015739468864468864,0.018988593063251877
2024-05-10,168.47,72627180,173.05,173.0599,167.75,Tesla,176.99,168.93699999999998,-0.020352387044251907,0.019199860852695563
2024-05-13,171.89,67018900,170.0,175.4,169.0,Tesla,175.82999999999998,168.82600000000002,0.020300350210719964,0.022132105709805287
2024-05-14,177.55,86407420,174.496,179.49,174.07,Tesla,175.31,169.19,0.03292803537145872,0.026509197352546223
2024-05-15,173.99,79662990,179.9,180.0,173.11,Tesla,173.77142857142857,169.377,-0.02005068994649395,0.02516039027815198
2024-05-16,174.84,59812220,174.1,175.79,171.43,Tesla,173.34714285714287,169.50133333333335,0.004885338237829773,0.021803267607298435
2024-05-17,177.46,77445850,173.55,179.63,172.75,Tesla,173.73857142857145,169.92000000000002,0.014985129261038788,0.021477458344632494
2024-05-20,174.95,61727430,177.56,177.754,173.52,Tesla,174.16428571428574,169.98566666666667,-0.014144032458018763,0.021259966678350454
2024-05-21,186.6,115266500,175.51,186.875,174.71,Tesla,176.75428571428571,170.30966666666666,0.06659045441554734,0.029414509752456776
2024-05-22,180.11,88313480,182.85,183.8,178.12,Tesla,177.92857142857142,170.58800000000002,-0.03478027867095379,0.034678608608283853
2024-05-23,173.74,71975500,181.8,181.9,173.26,Tesla,177.3842857142857,170.5593333333333,-0.03536727555382824,0.03582277554033487
2024-05-24,179.24,65584480,174.835,180.08,173.73,Tesla,178.1342857142857,170.83233333333334,0.03165649821572458,0.036927752569503966
2024-05-28,176.75,59736620,176.4,178.25,173.16,Tesla,178.40714285714287,171.34133333333332,-0.013891988395447474,0.037599154419092576
2024-05-29,176.19,54782650,174.19,178.15,173.93,Tesla,178.22571428571428,171.97733333333335,-0.003168316831683171,0.03719013411950753
2024-05-30,178.79,77784760,178.575,182.67,175.38,Tesla,178.77428571428572,172.75533333333337,0.014756796639990855,0.03701950375634966
2024-05-31,178.08,67314600,178.5,180.32,173.82,Tesla,177.55714285714288,173.69366666666667,-0.003971139325465556,0.0245388237741895
2024-06-03,176.29,68568920,178.13,182.6389,174.49,Tesla,177.01142857142855,174.66833333333335,-0.010051662174303755,0.021343295425838953
2024-06-04,174.77,60056340,174.775,177.755,174.0,Tesla,177.1585714285714,175.759,-0.008622156673662618,0.016368881576217978
2024-06-05,175.0,57953760,175.35,176.15,172.13,Tesla,176.55285714285714,176.76966666666667,0.0013160153344395908,0.009432950070674793
2024-06-06,177.94,69887020,174.6,179.73,172.73,Tesla,176.72285714285712,177.29666666666668,0.016799999999999926,0.010768790092801045
2024-06-07,177.48,56244930,176.13,179.35,175.58,Tesla,176.90714285714287,177.54,-0.002585141058783935,0.010733288612041914
2024-06-10,173.79,50869680,176.06,178.57,173.17,Tesla,176.19285714285712,177.72333333333333,-0.020791075050709873,0.011567400612420523
2024-06-11,170.66,64761930,173.92,174.75,167.41,Tesla,175.13285714285712,176.94366666666664,-0.018010242246389252,0.012723589575475019
2024-06-12,177.29,90389450,171.12,180.55,169.8,Tesla,175.2757142857143,176.744,0.0388491737958514,0.020912432310768392
2024-06-13,182.47,118984100,188.39,191.08,181.23,Tesla,176.3757142857143,176.82666666666668,0.029217665971007944,0.022816473973168532
2024-06-14,178.01,82038190,185.8,186.0,176.92,Tesla,176.80571428571426,176.76000000000002,-0.024442374088891383,0.025671458152155414
2024-06-17,187.44,109786100,177.92,188.81,177.0,Tesla,178.16285714285712,176.9683333333333,0.05297455199146128,0.031870817821378364
2024-06-18,184.86,68982270,186.56,187.2,182.37,Tesla,179.21714285714285,176.9716666666667,-0.013764404609474923,0.0327510035946832
2024-06-20,181.57,55893140,184.68,185.21,179.66,Tesla,180.32857142857142,177.097,-0.017797251974467243,0.032355569474666
2024-06-21,183.01,63029480,182.3,183.95,180.69,Tesla,182.09285714285713,177.37333333333333,0.007930825576912381,0.030482617456772738
2024-06-24,182.58,61992070,184.97,188.8,182.55,Tesla,182.8485714285714,177.727,-0.0023495983826019584,0.027951861399126293
2024-06-25,187.35,63678270,184.4,187.97,182.01,Tesla,183.54571428571427,178.3563333333333,0.026125534012487517,0.02751790982186917
2024-06-26,196.37,95737070,186.54,197.755,186.36,Tesla,186.1685714285714,179.17233333333334,0.04814518281291713,0.028625416124338575
2024-06-27,197.42,72746520,195.17,198.72,194.05,Tesla,187.59428571428572,179.83466666666666,0.005347048938228793,0.023067718680283296
2024-06-28,197.88,95438070,199.55,203.2,195.26,Tesla,189.4542857142857,180.63099999999997,0.002330057744909464,0.02131133028518801
2024-07-01,209.86,135691400,201.02,213.23,200.85,Tesla,193.49571428571429,181.79833333333332,0.06054174247018396,0.024617427201752765
2024-07-02,231.26,205047900,218.89,231.3,218.06,Tesla,200.38857142857142,183.59166666666664,0.10197274373391774,0.03814381820375347
2024-07-03,246.39,166561500,234.56,248.35,234.25,Tesla,209.50428571428571,185.97299999999998,0.06542419787252451,0.035730635517364405
2024-07-05,251.52,154501200,249.81,252.37,242.4601,Tesla,218.67142857142855,188.13700000000003,0.020820650188725365,0.03623233983153277
2024-07-08,252.94,157219600,247.71,259.439,244.57,Tesla,226.75285714285715,190.56466666666665,0.005645674300254422,0.0387965383695839
2024-07-09,262.33,160742500,251.0,265.61,250.3,Tesla,236.02571428571426,193.51766666666666,0.03712342848106265,0.036186792051928096
2024-07-10,263.26,128519400,262.8,267.59,257.86,Tesla,245.3657142857143,196.31833333333333,0.0035451530515000496,0.035967143926484826
2024-07-11,241.03,221707300,263.3,271.0,239.65,Tesla,249.81857142857143,198.46099999999998,-0.0844412368001215,0.058376662803970095
2024-07-12,248.23,155955800,235.8,251.84,233.0912,Tesla,252.2428571428571,200.86233333333334,0.029871800190847564,0.047064052366103754
2024-07-15,252.64,146912900,255.97,265.6,251.73,Tesla,253.1357142857143,203.32399999999998,0.017765781734681463,0.04095309041066553
2024-07-16,256.56,126332500,255.31,258.62,245.8001,Tesla,253.85571428571424,205.94,0.01551614946168467,0.04064507886048313
2024-07-17,248.5,115584800,252.73,258.47,246.182,Tesla,253.22142857142856,208.347,-0.031415653258497045,0.04269268279651738
2024-07-18,249.23,110869000,251.09,257.14,247.2,Tesla,251.34999999999997,210.829,0.002937625754527051,0.039331863175358986
2024-07-19,239.2,87403900,247.79,249.44,236.83,Tesla,247.91285714285715,212.969,-0.0402439513702203,0.040899842295329294
2024-07-22,251.51,101225400,244.21,253.21,243.75,Tesla,249.41,215.4213333333333,0.05146321070234117,0.03268894340824149
2024-07-23,246.38,111928200,253.6,255.7594,245.63,Tesla,249.14571428571426,217.718,-0.020396803308019518,0.032231665063885945
2024-07-24,215.99,167942900,225.42,225.99,214.71,Tesla,243.91,219.12466666666666,-0.12334605081581296,0.05494075867073929
2024-07-25,220.25,100636500,216.8,226.0,216.231,Tesla,238.72285714285712,220.77766666666668,0.019723135330339314,0.05542490041183472
2024-07-26,219.8,94604150,221.19,222.2799,215.33,Tesla,234.62285714285716,222.19466666666668,-0.0020431328036322194,0.05554447081271989
2024-07-29,232.1,129201800,224.9,234.27,224.7,Tesla,232.1757142857143,223.84900000000002,0.05595996360327571,0.06181650742249569
2024-07-30,222.62,100560300,232.25,232.41,220.0,Tesla,229.80714285714288,225.33599999999998,-0.04084446359327876,0.0618684405997649
2024-07-31,232.07,67497010,227.9,234.68,226.7875,Tesla,227.03,226.82366666666667,0.042449016260893035,0.06049087005663445
2024-08-01,216.86,83861900,227.69,231.867,214.3328,Tesla,222.81285714285715,227.89033333333333,-0.0655405696557072,0.06410897652725356
2024-08-02,207.67,82880120,214.88,216.13,205.78,Tesla,221.62428571428572,228.7603333333333,-0.042377570782993756,0.046428795994413324
2024-08-05,198.88,100308800,185.22,203.8799,182.0,Tesla,218.57142857142858,229.2893333333333,-0.04232676843068328,0.04691671501075962
2024-08-06,200.64,73783940,200.75,202.9,192.67,Tesla,215.8342857142857,229.89133333333334,0.008849557522123908,0.04753780487615684
2024-08-07,191.76,71159780,200.77,203.49,191.48,Tesla,210.07142857142858,230.03833333333336,-0.04425837320574155,0.037751668278149866
2024-08-08,198.84,65033870,195.7,200.7,192.04,Tesla,206.67428571428573,230.12066666666666,0.03692115143929908,0.043725367749545274
2024-08-09,200.0,58648270,197.05,200.88,195.11,Tesla,202.09285714285713,230.20666666666668,0.005833836250251467,0.03741691591928003
2024-08-12,197.49,64044900,199.02,199.26,194.67,Tesla,199.32571428571427,230.19366666666667,-0.01254999999999995,0.03168716096510343
2024-08-13,207.83,76247390,198.47,208.49,197.06,Tesla,199.34857142857143,230.126,0.05235708137120865,0.03679066294740935
2024-08-14,201.38,70250010,207.39,208.44,198.75,Tesla,199.7057142857143,229.13000000000002,-0.031034980512919308,0.03478300762927206
2024-08-15,214.14,89848530,205.02,215.88,204.82,Tesla,201.6342857142857,228.05499999999998,0.06336279670275102,0.041873026213319724
2024-08-16,216.12,88765120,211.15,219.8,210.8,Tesla,205.1142857142857,226.875,0.009246287475483506,0.03454002728597409
2024-08-19,222.72,76435220,217.07,222.98,214.09,Tesla,208.5257142857143,225.86766666666665,0.030538589672404193,0.034029567361007214
2024-08-20,221.1,74001180,224.88,228.22,219.56,Tesla,211.54,224.49333333333334,-0.007273706896551713,0.0350794019918135
2024-08-21,223.27,70145960,222.67,224.6594,218.86,Tesla,215.22285714285712,223.1603333333333,0.009814563545906818,0.033121194403524894
2024-08-22,210.66,79514480,223.82,224.8,210.32,Tesla,215.62714285714284,222.14800000000002,-0.0564787029157523,0.03934463192990298
2024-08-23,220.32,81525210,214.455,221.48,214.21,Tesla,218.33285714285714,221.21766666666664,0.045855881515237895,0.03912312115968776
2024-08-26,213.21,59301190,218.75,219.09,211.01,Tesla,218.2,219.90333333333334,-0.032271241830065245,0.035358460609618114
2024-08-27,209.21,62821390,213.25,215.66,206.94,Tesla,217.21285714285713,218.325,-0.018760846114159735,0.03570993107695836
2024-08-28,205.75,64116350,209.72,211.84,202.59,Tesla,214.78857142857143,216.9,-0.016538406385928073,0.032380925441958155
2024-08-29,206.28,62308820,209.8,214.89,205.97,Tesla,212.67142857142858,215.46833333333333,0.002575941676792315,0.032771723911999166
2024-08-30,214.11,63370610,208.63,214.5701,207.03,Tesla,211.36285714285714,214.632,0.03795811518324621,0.03697832291312826
2024-09-03,210.6,76714220,215.26,219.9043,209.64,Tesla,211.3542857142857,213.26833333333335,-0.01639344262295095,0.03023530307727112
2024-09-04,219.41,80651770,210.59,222.22,210.57,Tesla,211.22428571428574,212.36933333333334,0.041832858499525116,0.029248202004636494
2024-09-05,230.17,119355000,223.49,235.0,222.25,Tesla,213.64714285714285,212.842,0.04904060890570161,0.030520150198593117
2024-09-06,210.73,112177000,232.6,233.6,210.51,Tesla,213.8642857142857,212.5246666666667,-0.08445931268193074,0.04699290232373175
2024-09-09,216.27,67443520,216.2,219.87,213.67,Tesla,215.36714285714285,212.407,0.026289564846011526,0.04696465666097543
2024-09-10,226.17,78891140,220.07,226.4,218.6377,Tesla,218.20857142857145,212.20933333333332,0.04577611319184349,0.04891260711153505
2024-09-11,228.13,83548630,224.55,228.47,216.8003,Tesla,220.21142857142857,212.393,0.008666047663262288,0.04779060984520437
2024-09-12,229.81,72020040,224.66,231.45,223.83,Tesla,222.9557142857143,212.31766666666667,0.007364222154035094,0.04641883237683094
2024-09-13,230.29,59515110,228.0,232.67,226.32,Tesla,224.51,212.7653333333333,0.002088681954658167,0.04477754821047196
2024-09-16,226.78,54323000,229.3,229.96,223.53,Tesla,224.0257142857143,213.40233333333336,-0.015241651830300906,0.041378405636271924
2024-09-17,227.87,66761640,229.45,234.57,226.5533,Tesla,226.47428571428574,214.36866666666668,0.004806420319252158,0.01943849908852717
2024-09-18,227.2,78010200,230.09,235.68,226.88,Tesla,228.03571428571428,215.254,-0.0029402729626542,0.018835243561089843
2024-09-19,243.92,102694600,234.0,244.24,232.13,Tesla,230.57142857142858,216.99266666666665,0.0735915492957746,0.028684610202021347
2024-09-20,238.25,99879070,241.52,243.99,235.92,Tesla,232.01714285714283,218.30633333333333,-0.02324532633650367,0.031545817351566405
2024-09-23,250.0,86927190,242.61,250.0,241.92,Tesla,234.90142857142857,219.97299999999998,0.04931794333683115,0.03545171534934618
2024-09-24,254.27,88491000,254.08,257.19,249.0501,Tesla,238.32714285714286,221.86566666666664,0.017079999999999984,0.035160731068990085
2024-09-25,257.02,65034320,252.54,257.05,252.28,Tesla,242.64714285714285,223.50533333333334,0.010815275101270228,0.032750996781809275
2024-09-26,254.22,67142190,260.6,261.75,251.53,Tesla,246.41142857142856,225.26666666666668,-0.01089409384483686,0.03434316139496603
2024-09-27,260.46,70988070,257.375,260.6999,254.12,Tesla,251.16285714285712,226.8106666666667,0.024545669105499046,0.03334051192414819
2024-09-30,261.63,80873380,259.04,264.86,255.77,Tesla,253.69285714285712,228.32766666666666,0.004492052522460321,0.02373388459144207
2024-10-01,258.02,87397610,262.67,263.98,248.53,Tesla,256.51714285714286,229.50433333333334,-0.013798111837327598,0.021688832253506266
2024-10-02,249.02,93983930,247.55,251.1585,241.5,Tesla,256.3771428571428,230.435,-0.034881016975428114,0.02064026676130997
2024-10-03,240.66,80729240,244.48,249.79,237.81,Tesla,254.43285714285713,231.01466666666667,-0.03357160067464471,0.02231116500146551
2024-10-04,250.08,86726290,246.69,250.96,244.58,Tesla,253.44142857142856,232.32866666666666,0.03914235851408643,0.028043316102987232
2024-10-07,240.83,68113270,249.0,249.83,240.7,Tesla,251.5285714285714,233.01233333333332,-0.03698816378758796,0.030780441818952016
2024-10-08,244.5,56303160,243.56,246.21,240.56,Tesla,249.2485714285714,234.05533333333332,0.015238965245193636,0.029343391900688732
2024-10-09,241.05,66289530,243.82,247.43,239.51,Tesla,246.30857142857144,235.11666666666667,-0.01411042944785268,0.028794834933209223
2024-10-10,238.77,83087060,241.81,242.7899,232.34,Tesla,243.55857142857144,236.21733333333333,-0.009458618543870534,0.028778323445503944
2024-10-11,217.8,142628900,220.13,223.34,214.38,Tesla,239.09857142857143,236.60133333333334,-0.08782510365623819,0.04069475564737229
2024-10-14,219.16,86291920,220.13,221.91,213.74,Tesla,236.02714285714288,236.76966666666667,0.006244260789715295,0.04097378465389408
2024-10-15,219.57,62988790,220.01,224.26,217.12,Tesla,231.66857142857143,237.06866666666664,0.0018707793392955807,0.03514613634811478
2024-10-16,221.33,49632820,221.4,222.8199,218.93,Tesla,228.88285714285712,237.1326666666667,0.008015666985471626,0.035180346731336985
2024-10-17,220.89,50791780,221.59,222.08,217.9,Tesla,225.51,236.82333333333332,-0.001987981746713219,0.03356931169321269
2024-10-18,220.7,49611870,220.71,222.28,219.23,Tesla,222.60285714285715,237.15566666666663,-0.0008601566390511461,0.03392668585769715
2024-10-21,218.85,47328990,218.9,220.48,215.726,Tesla,219.75714285714284,237.24166666666667,-0.008382419574082478,0.0339425574686685
2024-10-22,217.97,43268740,217.31,218.22,215.26,Tesla,219.78142857142856,236.96833333333333,-0.004021018962759859,0.005741030796920575
2024-10-23,213.65,80938890,217.125,218.72,212.11,Tesla,218.99428571428572,236.48566666666665,-0.019819241179978908,0.00876613782403942
2024-10-24,260.48,204491900,244.68,262.1199,242.65,Tesla,224.8385714285714,237.508,0.21919026445120537,0.08496945579338556
2024-10-25,269.19,161611900,256.01,269.49,255.32,Tesla,231.6757142857143,238.8046666666667,0.03343826781326764,0.08454268634317783
2024-10-28,262.51,107653600,270.0,273.536,262.24,Tesla,237.62142857142857,239.99566666666666,-0.024815186299639636,0.08644952306589689
2024-10-29,259.52,80521750,264.51,264.98,255.51,Tesla,243.16714285714284,241.05066666666664,-0.011390042284103452,0.08712072842160794
2024-10-30,257.55,53993580,258.035,263.35,255.8201,Tesla,248.69571428571427,242.06233333333333,-0.00759093711467318,0.08706869038132281
2024-10-31,249.85,66575290,257.99,259.75,249.25,Tesla,253.25,242.26000000000002,-0.029897107357794717,0.08910240747749525
2024-11-01,248.98,57544760,252.043,254.0,246.63,Tesla,258.29714285714283,242.61766666666665,-0.0034820892535522008,0.08800938660522208
2024-11-04,242.84,68802350,244.56,248.9,238.88,Tesla,255.77714285714282,242.379,-0.024660615310466705,0.021474999333545127
2024-11-05,251.44,69282510,247.34,255.2799,246.2101,Tesla,253.24142857142857,242.28466666666665,0.03541426453632024,0.022140323283276003
2024-11-06,288.53,165228700,284.67,289.59,275.62,Tesla,256.9585714285714,243.335,0.14751034043907096,0.062065426330303645
2024-11-07,296.91,117309200,288.89,299.75,285.52,Tesla,262.3,244.75799999999998,0.02904377361106314,0.06105939537982767
2024-11-08,321.22,204782800,299.14,328.71,297.66,Tesla,271.3957142857143,246.78333333333333,0.08187666296184037,0.06341853508501434
2024-11-11,350.0,210521600,346.3,358.64,336.0,Tesla,285.70285714285717,249.729,0.08959591557188218,0.05940631687174242
2024-11-12,328.49,155726000,342.74,345.84,323.31,Tesla,297.06142857142856,252.078,-0.06145714285714288,0.0711156657129431
2024-11-13,330.24,125405600,335.85,344.5999,322.5,Tesla,309.54714285714283,254.7853333333333,0.005327407227008418,0.06719241885655493
2024-11-14,311.18,120726100,327.69,329.98,310.37,Tesla,318.0814285714286,257.136,-0.057715600775193776,0.07814099887054272
2024-11-15,320.72,114440300,310.57,324.6799,309.22,Tesla,322.68,259.4906666666667,0.03065749726846212,0.06011727792636617
2024-11-18,338.74,126547500,340.73,348.5499,330.01,Tesla,328.6557142857143,262.75433333333336,0.05618608131703651,0.06189068030961478
2024-11-19,346.0,88852450,335.76,347.3799,332.75,Tesla,332.19571428571425,266.1376666666667,0.021432367007144126,0.05584405051758066
2024-11-20,342.03,66340650,345.0,346.5999,334.3,Tesla,331.0571428571429,269.5036666666667,-0.01147398843930647,0.04431461798925074
2024-11-21,339.64,58011720,343.81,347.9899,335.28,Tesla,332.65000000000003,272.86600000000004,-0.006987691138204188,0.036276610347039495
2024-11-22,352.56,89140720,341.085,361.53,337.7,Tesla,335.8385714285714,277.358,0.03804027794134979,0.03832309174068916
2024-11-25,338.59,95890900,360.14,361.93,338.2,Tesla,339.75428571428574,281.339,-0.03962446108463813,0.03327077524058585
2024-11-26,338.23,62295860,341.0,346.96,335.66,Tesla,342.2557142857143,285.2943333333333,-0.001063232818452886,0.03255458684045943
2024-11-27,332.89,57896440,341.8,342.55,326.59,Tesla,341.42,289.01300000000003,-0.015788073204624165,0.025407398029525678
2024-11-29,345.16,37167620,336.08,345.45,334.6501,Tesla,341.3,293.1553333333333,0.03685902249992501,0.028303774635095345
2024-12-02,357.09,77986480,352.38,360.0,351.1501,Tesla,343.45142857142855,297.7016666666667,0.03456368061189008,0.030461282320172492
2024-12-03,351.42,58267200,351.8,355.69,348.2,Tesla,345.13428571428574,302.1206666666667,-0.01587834999579929,0.03129480246578016
2024-12-04,357.93,50810870,353.0,358.1,348.6,Tesla,345.90142857142854,306.786,0.018524842069318703,0.028649609007807438
2024-12-05,369.49,81403570,359.87,375.43,359.5,Tesla,350.3157142857143,311.98066666666665,0.03229681781353899,0.023442511071210242
2024-12-06,389.22,81455830,377.42,389.49,370.8,Tesla,357.59999999999997,316.272,0.05339792687217515,0.026866710308552384
