Volume,Open,High,Low,Close,Intraday_change,day,month,year,Daily_Return,MA_7,MA_30,Volatility_7,is_quarter_end,Price_Range,Close_lag1,Close_lag2
-0.6004796002343754,-0.7022454734934033,-0.7025273234064394,-0.7013637556562118,-0.7006452627674193,0.05909234022753403,-1.3382265474333928,-1.0765742816737396,-1.5803575061660453,0.350759325804809,-0.6995378567159422,-0.6916128017798508,-0.7261125749520398,1.388691822416084,-0.5878858251736835,-0.7017286822124418,-0.7024196151886704
-0.4787848694403788,-0.7000529698942449,-0.7003440137645605,-0.6995252147709492,-0.7017467387211729,-0.01576947406495143,-1.2239650037770697,-1.0765742816737396,-1.5803575061660453,-0.301895480594319,-0.6998414621662586,-0.6915297107935978,-0.7591757933344401,1.388691822416084,-0.5806701631671766,-0.699975006544592,-0.7010566259469702
-0.13772979712577965,-0.7022692256157275,-0.7035801658164996,-0.7045267964037144,-0.7058635508406835,-0.05885032945968321,-1.109703460120747,-1.0765742816737396,-1.5803575061660453,-0.9934956015515553,-0.7007034660892043,-0.6916881548028609,-0.5556740244560716,1.388691822416084,-0.5554079378671886,-0.7010764282994648,-0.6993030350903667
-0.13270127097508708,-0.705205353352267,-0.7073034805429245,-0.706966615200943,-0.7076932451160214,-0.03363328102708693,-0.7669188291517779,-1.0765742816737396,-1.5803575061660453,-0.485187446594358,-0.7021264857731442,-0.6919012558540792,-0.7075179332347588,1.388691822416084,-0.5786995614282335,-0.7051930378484083,-0.7004044035782909
-0.35448221787776346,-0.7088165894887138,-0.7078923585010937,-0.7073727826516157,-0.708034483098372,0.04073000841994362,-0.652657285495455,-1.0765742816737396,-1.5803575061660453,-0.13432439684915776,-0.7032623889234658,-0.6922334969742782,-0.710559852972458,1.388691822416084,-0.5820629192834225,-0.7070226420923829,-0.7045208140398015
-0.4605225483960584,-0.7071786065915093,-0.7062979268173839,-0.7052406380433496,-0.7059486316244866,0.05084590840896708,-0.538395741839132,-1.0765742816737396,-1.5803575061660453,0.45036260175966153,-0.703575154883059,-0.6924840595935781,-0.7091679971223003,1.388691822416084,-0.5892637647355012,-0.7073638632838842,-0.7063503298004726
-0.6145070573583998,-0.7055945227411174,-0.7073275710048496,-0.7060285841370334,-0.7075770595295375,-0.022146437713062603,-0.424134198182809,-1.0765742816737396,-1.5803575061660453,-0.4378502071901092,-0.7043158474902963,-0.692653957016689,-0.7488171309973597,1.388691822416084,-0.5939161628259388,-0.705278114445753,-0.7066915344898379
-0.3763631699086825,-0.7085178608733286,-0.7089336017998566,-0.7075481944605667,-0.7090344110198442,0.011233955063858683,-0.30987265452648605,-1.0765742816737396,-1.5803575061660453,-0.4021699374350717,-0.7055158742055555,-0.6929921244341338,-0.8855278283580509,1.388691822416084,-0.5965831426230049,-0.7069064622228906,-0.7046058865226726
-0.33998999064516705,-0.7066606276162083,-0.7064585298968846,-0.7059976291119244,-0.7047529264155532,0.06621709114382773,0.03291197644248285,-1.0765742816737396,-1.5803575061660453,0.9884756606939279,-0.7059458946838917,-0.6931538233009515,-0.4209870213690339,1.388691822416084,-0.5799737851090537,-0.7083637420032165,-0.7062341555496701
-0.47504339325715467,-0.7045713543948436,-0.7047936113060607,-0.7034086633755343,-0.7053448325136251,0.0052724287869597465,0.14717352009880583,-1.0765742816737396,-1.5803575061660453,-0.19105448164112993,-0.7058716945587498,-0.693485665240507,-0.6480767139196633,1.388691822416084,-0.5932197847678161,-0.7040824680723154,-0.7076913648530448
-0.49239830009493746,-0.7048582069490669,-0.7035025409947411,-0.7039273945538763,-0.7016973369757387,0.09461223546619965,0.2614350637551288,-1.0765742816737396,-1.5803575061660453,0.8068109755199426,-0.705014009161606,-0.693846954429071,-0.5718651945412743,1.388691822416084,-0.563586675911525,-0.7046743450452413,-0.7034102979730739
0.18995952948949804,-0.7005700353263797,-0.7012960331302673,-0.703039079136354,-0.704784031218234,-0.0729752000809068,0.3756966074114518,-1.0765742816737396,-1.5803575061660453,-0.7577095612418113,-0.7045490478835997,-0.6943157460355477,-0.38595548877206937,1.388691822416084,-0.5409766138541746,-0.7010270289848775,-0.704002146321651
-0.594008857104543,-0.7033417252929823,-0.7046267625512459,-0.702357130552892,-0.7033019788552103,0.02369707620023259,0.48995815106777474,-1.0765742816737396,-1.5803575061660453,0.2951176998117634,-0.7041704571216321,-0.6947847525854479,-0.41093437399755955,1.388691822416084,-0.6070584466037039,-0.704113571344463,-0.7003550066527527
-0.8964606192489577,-0.7027022450765612,-0.7037282775453726,-0.7012005382510915,-0.7023560269148604,0.030634880299480746,0.8327427820367437,-1.0765742816737396,-1.5803575061660453,0.16671646609218677,-0.7034236138867372,-0.6951476999089925,-0.4811082212904066,1.388691822416084,-0.6104069879044649,-0.7026315919068434,-0.7034413997410053
-0.707217531904544,-0.7008258274129483,-0.7017715966934556,-0.6997747310339492,-0.7010816448520875,0.016904675180908813,0.9470043256930666,-1.0765742816737396,-1.5803575061660453,0.24047470506992055,-0.7022860094989785,-0.6954703299875443,-0.5728697796963632,1.388691822416084,-0.600435446774323,-0.7016856865127085,-0.7019594919748616
-0.32056086322741273,-0.7028420171810075,-0.7048649904525054,-0.7041834770343236,-0.7056073936421361,-0.04001024467519812,1.0612658693493895,-1.0765742816737396,-1.5803575061660453,-1.0813916303821793,-0.7024082368656145,-0.6959204829285904,-0.4370001304611107,1.388691822416084,-0.5821666351644195,-0.7004113671567799,-0.7010136323265944
-0.6181465135543095,-0.7054912923633239,-0.7071250326768125,-0.7060595391621425,-0.7079823368115248,-0.033695596632769026,1.1755274130057125,-1.0765742816737396,-1.5803575061660453,-0.6129653024257672,-0.7027855189833999,-0.6963789265445397,-0.3733045037864589,1.388691822416084,-0.5900638586746209,-0.7049368932542517,-0.6997393745992868
0.21369302078247662,-0.7084447774200233,-0.7103968743019743,-0.7112506030698174,-0.711279445895684,-0.04140195986875993,1.2897889566620355,-1.0765742816737396,-1.5803575061660453,-0.8465729606672721,-0.7041561929000438,-0.6967449444884188,-0.579544063573491,1.388691822416084,-0.562401351557273,-0.7073117195629309,-0.7042646818333074
0.4860708268509655,-0.7104061545981036,-0.7086355938634498,-0.7110001487757535,-0.7078817036263813,0.08034196176505169,1.6325735876310044,-1.0765742816737396,-1.5803575061660453,0.7900779058695867,-0.7045992998202039,-0.6970151590778598,-0.35218644978165387,1.388691822416084,-0.5371094931484285,-0.7106086664105736,-0.7066393932906587
-0.45131586087296766,-0.7057288135865659,-0.707738001096907,-0.7068662458771046,-0.7089795201915841,-0.050936247538085816,1.7468351312873274,-1.0765742816737396,-1.5803575061660453,-0.31655295672055983,-0.7054114443998002,-0.6973340737058069,-0.40790294693410084,1.388691822416084,-0.5875005947585521,-0.7072110913295123,-0.7099361806913885
-0.6792293177914922,-0.7086704225821033,-0.7086061499655413,-0.7083427067716981,-0.7096995048889296,-0.0003982913300900525,-1.6810111784023618,-0.7799578397936361,-1.5803575061660453,-0.2272676170600078,-0.7064618930850113,-0.6976794263748345,-0.4558427970712495,-0.7201021737567175,-0.5785958455472363,-0.7083088538758973,-0.7065387699238218
-0.45377028708872325,-0.7077386085524611,-0.7080529615805944,-0.7058719329493605,-0.7076200573450079,0.025628859976370447,-1.5667496347460388,-0.7799578397936361,-1.5803575061660453,0.45611244718264354,-0.7073971810821713,-0.6981032948058167,-0.3864756360039183,-0.7201021737567175,-0.6084363861655216,-0.7090288031459013,-0.7076364793802247
0.924711950407224,-0.7030064549509444,-0.6994160848607786,-0.7011817776298133,-0.7002399854854321,0.08559724451088924,-1.109703460120747,-0.7799578397936361,-1.5803575061660453,1.7199410768067573,-0.7066293995403583,-0.6983900907450643,0.07285238980658985,-0.7201021737567175,-0.5390949114418003,-0.706949457922624,-0.7083563938320488
-0.5772435849111116,-0.7002594306498324,-0.7010158699804717,-0.698906114268769,-0.7001485007716651,0.025213422605158214,-0.9954419164644239,-0.7799578397936361,-1.5803575061660453,-0.03166672187969438,-0.7055088075269706,-0.6984737037367743,-0.04017141437147759,-0.7201021737567175,-0.6016059545741465,-0.6995697492045516,-0.7062771491700458
-0.21684412309171883,-0.696794361419996,-0.6975423822666035,-0.6959475642931986,-0.6974524462569545,0.007640421802870772,-0.8811803728081009,-0.7799578397936361,-1.5803575061660453,0.5560868485153355,-0.703530922709694,-0.698400807210032,-0.32546903699580865,-0.7201021737567175,-0.5906565208517468,-0.6994782689923529,-0.6988977973493782
-0.6813897629144764,-0.6966545893155496,-0.6978573427502911,-0.6957918511365897,-0.6959767978238944,0.03796734990138055,-0.7669188291517779,-0.7799578397936361,-1.5803575061660453,0.27359146314220884,-0.7018279840351391,-0.6982712270319137,-0.3625445080793022,-0.7201021737567175,-0.5983463125999546,-0.6967823471388559,-0.6988063215613445
-0.6366056148631719,-0.6957894639370484,-0.6970962626013238,-0.6939908314938834,-0.6954827803695531,0.02951319939720712,-0.652657285495455,-0.7799578397936361,-1.5803575061660453,0.05552726650564233,-0.699897341272847,-0.69819529059104,-0.45814114918000237,-0.7201021737567175,-0.6141555761747857,-0.6953067713160903,-0.6961105300879953
-0.6855956251601757,-0.6954331821021852,-0.6962932472038202,-0.6939589384377105,-0.6961661711813919,0.005895584843778811,-0.30987265452648605,-0.7799578397936361,-1.5803575061660453,-0.20095277902567307,-0.6979614639338253,-0.6980634688600774,-0.4667336699703318,-0.7201021737567175,-0.6013244400400117,-0.694812778170217,-0.6946350256270138
-0.8227619007334854,-0.6965687162579158,-0.6983810872373295,-0.6961792579659842,-0.6975805248562281,-0.0003982913300900525,-0.19561111087016309,-0.7799578397936361,-1.5803575061660453,-0.36156745940218155,-0.6965253578080614,-0.6978559870440715,-0.3429147771729169,-0.7201021737567175,-0.6009243930704518,-0.6954961353553417,-0.6941410563716326
-1.0225806760500717,-0.6972447382009898,-0.698321307202182,-0.6954916811961386,-0.6973554724603617,0.020082771070684114,-0.08134956721384012,-0.7799578397936361,-1.5803575061660453,-0.0025707266182065165,-0.6961127422973512,-0.6976867037450274,-1.1541660956119644,-0.7201021737567175,-0.6107922183195968,-0.6969104194359341,-0.6948243805082434
-1.0758733529863238,-0.6970985712943791,-0.6985711342147387,-0.6956849155953039,-0.6980443523550264,0.0011180550748352217,0.03291197644248285,-0.7799578397936361,-1.5803575061660453,-0.2043600101448397,-0.6958117541353996,-0.6975994060089159,-1.126263178486583,-0.7201021737567175,-0.6118886433472797,-0.6966853781139253,-0.6962385961912422
-0.9256247453445116,-0.6987493437959121,-0.699933583672503,-0.6974296533741755,-0.6979894615267662,0.039899133677518434,0.14717352009880583,-0.7799578397936361,-1.5803575061660453,-0.04014680070680156,-0.6958885715489064,-0.6974732956317756,-1.3460162173880623,-0.7201021737567175,-0.6069547307227071,-0.6973742241117818,-0.6960135657526797
-0.9082754133694235,-0.6976594867984972,-0.6993563048256309,-0.6972110921362846,-0.698916201677225,-0.00592360836721582,0.48995815106777474,-0.7799578397936361,-1.5803575061660453,-0.25788287679924027,-0.696309038924711,-0.6972401127235694,-1.4610099845452642,-0.7201021737567175,-0.6008206771894546,-0.6973193359844626,-0.6967023784365725
-0.7489711969835492,-0.6982560304861015,-0.6976316061996595,-0.6969231165996644,-0.6963912235772585,0.06497077903019029,0.6042196947240978,-0.7799578397936361,-1.5803575061660453,0.511871648685067,-0.6964389872920231,-0.6968607682874384,-1.1820748527727947,-0.7201021737567175,-0.5767289596892898,-0.6982460305340359,-0.6966474929637523
0.07598468272647772,-0.694175233162168,-0.691011190366908,-0.6923080037652299,-0.6902745556148034,0.11106355536621312,0.7184812383804207,-0.7799578397936361,-1.5803575061660453,1.287403650621105,-0.6955962204385586,-0.6962646687618909,-0.5824344608030575,-0.7201021737567175,-0.539687573618926,-0.6957211766773506,-0.6975741426965324
-0.5645906907102799,-0.6906617461445169,-0.6912494182681674,-0.6888935706925996,-0.6907868700118981,0.019542702488108063,0.8327427820367437,-0.7799578397936361,-1.5803575061660453,-0.15941074098704447,-0.6946244212687097,-0.6957557748538449,-0.6315861990530689,-0.7201021737567175,-0.5975758517696907,-0.6896048096897428,-0.695049410946806
-0.932908303455243,-0.689303307456205,-0.6916536026849108,-0.6883560788929793,-0.6908929922798677,-0.013754602814570539,0.9470043256930666,-0.7799578397936361,-1.5803575061660453,-0.07459400165489366,-0.6936999950182636,-0.6951957858234317,-0.6230469587008731,-0.7201021737567175,-0.6127776366129682,-0.6901170988780557,-0.6889333397588817
0.7828001782679439,-0.6880490126888533,-0.6809761746161053,-0.6858609162629803,-0.6828880798252639,0.13947947155714527,1.2897889566620355,-0.7799578397936361,-1.5803575061660453,1.6286210837685124,-0.6915319642012844,-0.6943182025318154,-0.21890216347952884,-0.7201021737567175,-0.4748799645502173,-0.6902232159242063,-0.6894456041718696
-0.2539234516299066,-0.6806246473762034,-0.6829096572454277,-0.6820900313860643,-0.6835412806815595,-0.044164618387322996,1.4040505003183585,-0.7799578397936361,-1.5803575061660453,-0.18171758719819897,-0.689465222444023,-0.6936062485010451,-0.18670479635744308,-0.7201021737567175,-0.5665499867971541,-0.6822186973568165,-0.6895517160859885
-0.6532489833923442,-0.6834867781162715,-0.6832246177291154,-0.6823404856801281,-0.6823391715426624,0.04820788110176783,1.5183120439746816,-0.7799578397936361,-1.5803575061660453,0.1869012071982471,-0.6870939591855172,-0.692834079605514,-0.2790602650861383,-0.7201021737567175,-0.5678242104779745,-0.6828718660719155,-0.6815475846330515
-0.6605068971346796,-0.683280317360684,-0.6844621536806014,-0.6838788566249396,-0.6862428242790962,-0.04512012434111128,1.6325735876310044,-0.7799578397936361,-1.5803575061660453,-0.8225950474504746,-0.6856422801939829,-0.6923153597123974,0.01293949906063262,-0.7201021737567175,-0.5640756222076537,-0.6816698160836241,-0.6822007217596112
-0.40319106926619386,-0.6835543803105787,-0.6851286564605292,-0.6868580432839161,-0.6862547172918858,-0.0391585980642127,-1.6810111784023618,-0.48334139791353253,-1.5803575061660453,-0.05474034159863036,-0.6850672619402371,-0.6916934362698365,-0.2370780090397728,-0.7201021737567175,-0.528086211501688,-0.6855732767381444,-0.6809987299048501
-0.5610831729314801,-0.6846259664446673,-0.6833673760220047,-0.6826650444282408,-0.6835229837388062,0.04723160327941861,-1.3382265474333928,-0.48334139791353253,-1.5803575061660453,0.5020079423644214,-0.6840281984594129,-0.6910295681535052,-0.2223777603402651,-0.7201021737567175,-0.5650683313543395,-0.6855851691657301,-0.6849020017802425
-0.3091976205966404,-0.6787911662414073,-0.6805300549508255,-0.6814024546162186,-0.6820345274458187,-0.0516424910691472,-1.2239650037770697,-0.48334139791353253,-1.5803575061660453,0.2438478018669697,-0.6827610382975967,-0.6903474912585902,-0.23774077059638962,-0.7201021737567175,-0.5378947705331205,-0.6828535700294758,-0.6849138936326867
-0.4390834971480789,-0.6810202115672183,-0.6835226256655221,-0.6819840338758425,-0.6835714706371027,-0.03585587096307359,-1.109703460120747,-0.48334139791353253,-1.5803575061660453,-0.3549461717316134,-0.6828587940180219,-0.689759774526556,-0.8766442407685628,-0.7201021737567175,-0.5784032303396706,-0.6813651869770023,-0.6821824266020045
0.3704095717341901,-0.6889990975818219,-0.6817319013290891,-0.6869555985145626,-0.6796861148434223,0.23378375482237398,-0.9954419164644239,-0.48334139791353253,-1.5803575061660453,0.7210527136361755,-0.6823073313595592,-0.6888897449609627,-0.7019556804542539,-0.7201021737567175,-0.47013866713321045,-0.6829020545419412,-0.6806941155306984
-0.5168213895146767,-0.6798691471776602,-0.6811787129441423,-0.6785442739644866,-0.6798023004299063,0.023551673120308182,-0.8811803728081009,-0.48334139791353253,-1.5803575061660453,-0.07483173936570589,-0.6819444443277801,-0.6879439017793092,-0.7044220905104519,-0.7201021737567175,-0.5938124469449418,-0.6790168899298606,-0.6822309087696623
-0.3312984080464903,-0.6796864385443969,-0.6785198397390751,-0.6775377666329117,-0.6780457939255818,0.059279287044579576,-0.538395741839132,-0.48334139791353253,-1.5803575061660453,0.28817333825748526,-0.6807718991403513,-0.6868284375303748,-1.0170144245586437,-0.7201021737567175,-0.5655572776504683,-0.6791330697993531,-0.6783459320518768
-0.20456382793623878,-0.6773605576429566,-0.676456090167491,-0.6757367469902056,-0.6748438289437402,0.07909564965141389,-0.424134198182809,-0.48334139791353253,-1.5803575061660453,0.5609125700537361,-0.6791396272516459,-0.6857195444089563,-1.0015393877254264,-0.7201021737567175,-0.5597343717602069,-0.6773766497251372,-0.6784621063026793
-0.37424546539969167,-0.6727928418113768,-0.6752961790377636,-0.6731974969002028,-0.675795269966916,-0.04636643645474908,-0.30987265452648605,-0.48334139791353253,-1.5803575061660453,-0.2306381182140897,-0.6780342155107743,-0.6846057382950027,-0.949509897993433,-0.7201021737567175,-0.5805812638406076,-0.6741748422981813,-0.6767057711724349
-0.8547251653880887,-0.6744920321007245,-0.6773242390361253,-0.6738231636198304,-0.6752344686715248,0.005002394495671522,-0.19561111087016309,-0.48334139791353253,-1.5803575061660453,0.053447640492172814,-0.6770615002899977,-0.6834489434963651,-0.9491003787790158,-0.7201021737567175,-0.6043766502522098,-0.6751262365050482,-0.67350411859126
-0.5439724450797289,-0.6750337631983498,-0.6746412753691329,-0.6730408457125298,-0.6723435517164907,0.08295921720369036,-0.08134956721384012,-0.48334139791353253,-1.5803575061660453,0.4908854155415388,-0.6754554012849402,-0.6822649122953601,-1.0478666680650652,-0.7201021737567175,-0.5721802774798492,-0.6745654628042699,-0.6744554667868091
-0.761281596397581,-0.6731637403369011,-0.6743441596720566,-0.6708524192404292,-0.6723984425447509,0.03919289014645779,0.2614350637551288,-0.48334139791353253,-1.5803575061660453,-0.06244486297848098,-0.6744129353292418,-0.6813304304089445,-1.1504965519248518,-0.7201021737567175,-0.6018133863361402,-0.6716746880987896,-0.6738947202061634
-0.7021382868919126,-0.672293133699402,-0.6736901482427565,-0.6707586161340382,-0.6733800735234698,-0.0028909155573652746,0.3756966074114518,-0.48334139791353253,-1.5803575061660453,-0.23333073614046637,-0.6734942671131982,-0.6804319668990532,-1.1011891064784247,-0.7201021737567175,-0.5924345073831243,-0.6717295762261088,-0.6710040853043027
-0.6870341255641857,-0.6730851756245979,-0.6756289843080622,-0.6737462450725898,-0.6750816891995343,-0.02351738103806384,0.48995815106777474,-0.48334139791353253,-1.5803575061660453,-0.36813255366034586,-0.6730702663981012,-0.679681108108644,-1.025915224440087,-0.7201021737567175,-0.5774401543018413,-0.6727111589030015,-0.6710589707771227
-1.0183502844085153,-0.6755818890981394,-0.6762954870879903,-0.6731299586636013,-0.6743068136739285,0.05084590840896671,0.6042196947240978,-0.48334139791353253,-1.5803575061660453,0.09312516610866314,-0.6729934489845945,-0.6789537702699977,-1.1872807512280061,-0.7201021737567175,-0.5982425967189576,-0.6744126908498981,-0.672040505982723
-0.971383577612204,-0.6741503669565223,-0.6751177311716516,-0.6714715197426093,-0.673020538598366,0.047501637570706814,0.7184812383804207,-0.48334139791353253,-1.5803575061660453,0.18787135806144498,-0.672596537204073,-0.6781998408592539,-1.1945656821775748,-0.7201021737567175,-0.6048804131027666,-0.6736378534525747,-0.6737419556401474
-0.7350676752515216,-0.67274990528256,-0.6730950246092733,-0.6705400548961472,-0.6731879556245594,0.011857111120677393,1.1755274130057125,-0.48334139791353253,-1.5803575061660453,-0.08332440618652232,-0.6723037935004705,-0.6774285931498234,-1.1899360360567177,-0.7201021737567175,-0.5860041227613089,-0.6723516416690605,-0.672967155715503
-0.7512362636964387,-0.6722447159115872,-0.6745823875733159,-0.6711338285596019,-0.6732035080258997,1.7146041122552695e-05,1.2897889566620355,-0.48334139791353253,-1.5803575061660453,-0.05520988757250656,-0.6724268060536159,-0.6766103956554773,-1.3894786307940286,-0.7201021737567175,-0.6013244400400121,-0.6725190504573841,-0.6716810061357511
-0.7062517798570513,-0.6731454694735748,-0.6732136924402378,-0.6714461929038839,-0.6707517176969467,0.07616681618436695,1.4040505003183585,-0.48334139791353253,-1.5803575061660453,0.40217184609035445,-0.6721912501007842,-0.6757174592621883,-1.240152018838913,-0.7201021737567175,-0.573661932922664,-0.672534602093458,-0.6718484068278525
-0.6804124894840813,-0.6707282342555028,-0.6725784180368793,-0.6687071421972682,-0.6711478465075574,0.012210232886207902,1.5183120439746816,-0.48334139791353253,-1.5803575061660453,-0.12458530374687504,-0.6718719409202791,-0.6748146968838287,-1.2661869894751183,-0.7201021737567175,-0.606376885100009,-0.6700829324065316,-0.6718639577118183
-0.9188072581436475,-0.6704779234279322,-0.6733332525105328,-0.6699331487977979,-0.6719712089314596,-0.012175940803963541,-1.6810111784023618,-0.18672495603342898,-1.5803575061660453,-0.2029062372140453,-0.6714270018982638,-0.6739414124606807,-1.3409743727849726,1.388691822416084,-0.5995464535086346,-0.6704790417253522,-0.6694124065925187
-0.988084181398376,-0.6719944050840166,-0.6746412753691329,-0.6706648130276472,-0.6726417918833709,0.007079581351734158,-1.5667496347460388,-0.18672495603342898,-1.5803575061660453,-0.17562916136805495,-0.6711888286570672,-0.6730595303005961,-1.3185276137686384,1.388691822416084,-0.6097106098463424,-0.671302363635141,-0.669808496754704
-1.053372476223745,-0.6724329058038483,-0.6738561047582404,-0.6702211243344179,-0.672252067002724,0.025898894267658297,-1.4524880910897158,-0.18672495603342898,-1.5803575061660453,0.019649905817350342,-0.6710789025457458,-0.67224931641912,-1.3515229213470072,1.388691822416084,-0.6036802721940869,-0.6719729135905576,-0.6706317788470061
-0.9330510199402294,-0.6728595304625179,-0.6747010554042804,-0.6710334592357636,-0.6741238442463947,-0.006899886189565042,-1.3382265474333928,-0.18672495603342898,-1.5803575061660453,-0.3971327011700973,-0.6712127768456051,-0.6717072291052574,-1.263863168078476,1.388691822416084,-0.6048804131027666,-0.671583207886591,-0.6713022963732921
-0.8226225291661159,-0.6737730736288339,-0.674462827503021,-0.6710522198570419,-0.672160582288957,0.05844841230215547,-1.2239650037770697,-0.18672495603342898,-1.5803575061660453,0.3138443945760798,-0.6710635914088117,-0.6710820508051415,-1.1802519731383807,1.388691822416084,-0.6006280619818887,-0.6734548930281772,-0.6709126095162692
-0.4533610921669263,-0.6708195885721344,-0.6690799476217556,-0.6681574559938172,-0.6677995059836889,0.09031245867415075,-0.8811803728081009,-0.18672495603342898,-1.5803575061660453,0.7505557029568982,-0.6706412919311519,-0.6703069341140894,-0.9792094565636926,1.388691822416084,-0.5569636760821438,-0.6714917276743922,-0.6727842041394358
-0.9013726183807456,-0.6680478986055317,-0.6696804246912221,-0.6657617246565926,-0.667976071481259,0.023281638829019978,-0.7669188291517779,-0.18672495603342898,-1.5803575061660453,-0.08392630957105841,-0.6701875849931144,-0.6698064229995567,-0.9839759587942144,1.388691822416084,-0.6047766972217693,-0.6671308659588783,-0.6708211337282355
-0.7421969954943641,-0.6701801083557132,-0.6719056695816374,-0.6692887214568921,-0.6712091412657812,-0.0016446034437271216,-0.652657285495455,-0.18672495603342898,-1.5803575061660453,-0.6315895976062956,-0.6700785749327205,-0.6693925033784585,-0.8391318315933515,1.388691822416084,-0.5860189393157376,-0.6673074227684219,-0.6664604829126755
-1.0045235099529193,-0.6693515247038646,-0.6716852864669893,-0.6680824135087045,-0.6707755037225261,-0.010638822530477333,-0.538395741839132,-0.18672495603342898,-1.5803575061660453,0.02700959929549043,-0.6698116115195113,-0.6690043769681705,-0.8481649100126998,1.388691822416084,-0.6014133393665807,-0.6705403334675253,-0.6666370311835803
-1.1202048345753959,-0.6712087579609849,-0.6722268757406389,-0.6682193660440353,-0.6712146303486073,0.021619889344170324,-0.424134198182809,-0.18672495603342898,-1.5803575061660453,-0.13244099124953695,-0.6696632112692273,-0.6684999661658129,-0.8430012108168666,1.388691822416084,-0.6082437709579557,-0.6701067172617033,-0.6698697855326865
-0.9781434578985553,-0.6715193626375324,-0.6735232994879419,-0.6708458530229817,-0.6714040037061046,0.024382547862733396,-0.08134956721384012,-0.18672495603342898,-1.5803575061660453,-0.08697548187814183,-0.6692741513538003,-0.6680015123669043,-0.9009639440809483,1.388691822416084,-0.5882858721432438,-0.6705458222802573,-0.6694361902974074
-1.0156834559240886,-0.671258089291966,-0.6722384748519362,-0.6689172611555839,-0.6697325779855835,0.05639199731465343,0.03291197644248285,-0.18672495603342898,-1.5803575061660453,0.253861096375084,-0.6689268371877919,-0.6675386470576733,-0.9137669822441369,1.388691822416084,-0.5974128696709813,-0.6707351863195086,-0.6698752740799685
-0.36163308186777543,-0.6700156705857763,-0.6657429725254631,-0.6670881005809606,-0.665286420896512,0.12909353727683434,0.14717352009880583,-0.18672495603342898,-1.5803575061660453,0.7533454036437846,-0.668567352630887,-0.6669765085930259,-0.9121029477825466,1.388691822416084,-0.5184406345689656,-0.6690638428426376,-0.6700646289611979
-0.8669233366217828,-0.6640283086737415,-0.6662783161237986,-0.6620846428860675,-0.6643843816187704,0.013435773131284743,0.2614350637551288,-0.18672495603342898,-1.5803575061660453,0.10655240046422731,-0.6680535789248776,-0.6663325073902594,-0.9146409201862706,1.388691822416084,-0.6063620685455814,-0.6646179045297789,-0.6683933663138247
-0.9268606924039445,-0.6637853061915014,-0.6660757777957618,-0.6620349272396803,-0.6640056349037755,0.016510009678256412,0.3756966074114518,-0.18672495603342898,-1.5803575061660453,0.014006174338088349,-0.6670231524956571,-0.6658062030649163,-1.1558729275540542,1.388691822416084,-0.6037839880750837,-0.6637159096374994,-0.6639476430153933
-0.5365885394404912,-0.6639369543571099,-0.6657188820635379,-0.664792738567574,-0.6656651676115071,-0.017722029709650245,0.7184812383804207,-0.18672495603342898,-1.5803575061660453,-0.3422885986160071,-0.6662921438553695,-0.6653317001046174,-1.0539785842597584,1.388691822416084,-0.5542966962850776,-0.6633371815589966,-0.6630456917453824
-0.66564097401906,-0.6650514770200154,-0.6635775076701952,-0.662991718924868,-0.660858560750194,0.11675504735182349,0.8327427820367437,-0.18672495603342898,-1.5803575061660453,0.7963022909300659,-0.6648107586408946,-0.6647548226623642,-0.9037487181996977,1.388691822416084,-0.5471847501595674,-0.6649966326082817,-0.6626669819829235
-0.9356704620917505,-0.6609953453615726,-0.663964739539658,-0.6597714582824669,-0.6623836109286884,-0.010098753947900906,0.9470043256930666,-0.18672495603342898,-1.5803575061660453,-0.31365443105195656,-0.6635204354770501,-0.6643366041727976,-0.8344331817215718,1.388691822416084,-0.6044803661332065,-0.6601902622593598,-0.6643263527778523
-0.8551135474891586,-0.6613187396424484,-0.6615494476718333,-0.6588146665972792,-0.6601760847854931,0.04737700635934264,1.0612658693493895,-0.18672495603342898,-1.5803575061660453,0.32951383502044584,-0.6621534257641167,-0.6638123571630787,-0.8285627829905545,1.388691822416084,-0.5794848388129248,-0.6617152373967129,-0.6595202148745688
-0.672134202428428,-0.6598324049108524,-0.662917250565581,-0.6583456510653245,-0.661212606592472,-0.00995335086797615,1.1755274130057125,-0.18672495603342898,-1.5803575061660453,-0.22920248906783777,-0.6615706865096949,-0.6633417231844012,-0.9361362204162659,1.388691822416084,-0.6096068939653451,-0.6595078198763573,-0.6610451162610884
-0.738699512468415,-0.6640593691413962,-0.6647971988350699,-0.6616597148141166,-0.6643047899177932,0.015949169227120173,1.5183120439746816,-0.18672495603342898,-1.5803575061660453,-0.5833445070115368,-0.661559301305308,-0.6630719077756037,-0.8080095334229939,1.388691822416084,-0.5884784873508092,-0.6605442906805691,-0.6588378054958385
-0.8106183631542002,-0.662323637125396,-0.6618412099329263,-0.6595960464735157,-0.6604990258250901,0.06289359217412804,1.6325735876310044,-0.18672495603342898,-1.5803575061660453,0.6138787978328673,-0.6610576979901948,-0.6626725121886878,-0.679237352335129,1.388691822416084,-0.5719876622722837,-0.6636363218528865,-0.6598742261742587
-0.9935510775856348,-0.6584803610247048,-0.6608294105320719,-0.6571881207324601,-0.6599565214724525,-0.012175940803963541,-1.6810111784023618,0.10989148584667455,-1.5803575061660453,0.040430196396826865,-0.6602411040203783,-0.6622219600669984,-0.733326544676594,-0.7201021737567175,-0.5932197847678158,-0.6598307450254188,-0.6629661078097933
-0.054082005205028226,-0.652947030066329,-0.6549825661989155,-0.6537736876598297,-0.653326624265765,0.01254258278317783,-1.5667496347460388,0.10989148584667455,-1.5803575061660453,1.077505982451118,-0.6591636972650097,-0.6614917665514408,-0.5886890709089809,-0.7201021737567175,-0.5500591617186283,-0.6592882673670803,-0.6591607150275969
-0.6201766927189922,-0.6537482074231881,-0.6554349315395093,-0.6519041917494582,-0.653509593693299,0.026605137798720042,-1.109703460120747,0.10989148584667455,-1.5803575061660453,-0.08229743289443436,-0.6578943124080834,-0.660793722430786,-0.6368995514414695,-0.7201021737567175,-0.5871005477889922,-0.6526586963890375,-0.6586182636045579
-0.25091172497342934,-0.6561115435944475,-0.6592947588835095,-0.6616156273541128,-0.6607304821509205,-0.08361039678394645,-0.9954419164644239,0.10989148584667455,-1.5803575061660453,-1.2363721808327184,-0.6579736162455367,-0.6603812152950417,-0.2251653370768383,-0.7201021737567175,-0.49780117425055853,-0.6528416568134351,-0.6519890132457652
-0.2293137901386487,-0.6656608103119481,-0.6678602564568806,-0.6656557271463709,-0.6686109753948013,-0.04541093050096042,-0.8811803728081009,0.10989148584667455,-1.5803575061660453,-1.4016423167018555,-0.6590319167958423,-0.660227592159704,0.09610922960038346,-0.7201021737567175,-0.576225196838733,-0.6600621899622817,-0.6521719648218325
-0.7650292049297693,-0.6658069772185586,-0.6665816774961889,-0.6641051617977285,-0.6668050671450426,-0.0010837629925901135,-0.7669188291517779,0.10989148584667455,-1.5803575061660453,0.27255477835428105,-0.6593895692508916,-0.660012832973505,0.09865512097472287,-0.7201021737567175,-0.5794848388129248,-0.6679422954410812,-0.6593921487713218
-0.8996711826748822,-0.6638949313714594,-0.6665522335982805,-0.6634607344568226,-0.666054892492154,-0.027526351670263613,-0.652657285495455,0.10989148584667455,-1.5803575061660453,0.08107952483557662,-0.6601843088628621,-0.6598551873255288,-0.0003176136708644437,-0.7201021737567175,-0.589174865408932,-0.666136476052278,-0.6672718731525332
-0.8353406368718927,-0.6638766605081331,-0.6668199053974484,-0.6645676111122357,-0.66421970913399,0.01372657929113353,-0.30987265452648605,0.10989148584667455,-1.5803575061660453,0.27248217000169456,-0.6607941370518597,-0.6596226492475928,0.028360834132178197,-0.7201021737567175,-0.5761362975121643,-0.6653863383122482,-0.6654661410967506
-1.0296854545084735,-0.6639680148247648,-0.6647731083731447,-0.661778844759233,-0.6620908598446341,0.0641399042877662,-0.19561111087016309,0.10989148584667455,-1.5803575061660453,0.3201334950635646,-0.6620478181785973,-0.6592910222514607,-0.25618434632328946,-0.7201021737567175,-0.5861967379688748,-0.6635512452555417,-0.6647160396348754
-1.0108626863231547,-0.6611415122681832,-0.6638808690425854,-0.6607967262353199,-0.6636213991059545,-0.034879593140724,-0.08134956721384012,0.10989148584667455,-1.5803575061660453,-0.316589796897153,-0.6634942625934019,-0.6589882590864734,-0.2637866870615719,-0.7201021737567175,-0.5868931160269982,-0.6614225007176768,-0.662881035326922
-1.0867935798616175,-0.6626762647875939,-0.664053963472714,-0.6601213438693051,-0.6614623598610556,0.049038755844193024,0.03291197644248285,0.10989148584667455,-1.5803575061660453,0.3240072476963318,-0.663598954127994,-0.6586261101242158,-0.4809035517614069,-0.7201021737567175,-0.6004354467743227,-0.6629529646677619,-0.6607523937393809
-0.45526675367617525,-0.6576335065095298,-0.6590931127948031,-0.6569386044694602,-0.6565953730886565,0.04488438213206852,0.14717352009880583,0.10989148584667455,-1.5803575061660453,0.7847586821029156,-0.661880180858832,-0.6580377792681148,-1.100530253465734,-0.7201021737567175,-0.5683279733285314,-0.6607940316598716,-0.6622827836731825
-0.4602720512323062,-0.6561115435944475,-0.6524842960733489,-0.6542558356266792,-0.6519607574892252,0.11550873523818607,0.48995815106777474,0.10989148584667455,-1.5803575061660453,0.7216329966046925,-0.6597567748084726,-0.6573597862982448,-1.0064527183874523,-0.7201021737567175,-0.5009571003437535,-0.6559272843708986,-0.6601239550755903
-0.25179496905303916,-0.6591262360432901,-0.660306558284364,-0.6580013936648698,-0.6614074690327955,-0.03043441326875069,0.6042196947240978,0.10989148584667455,-1.5803575061660453,-1.5874148346486403,-0.6590919835638144,-0.6571452420554692,-0.10536764221709301,-0.7201021737567175,-0.5716913311837205,-0.6512928968209104,-0.6552574431522047
-0.8082228446542528,-0.6644732041957375,-0.662720957912858,-0.6615593454902783,-0.6607368860808841,0.10636911307151256,0.7184812383804207,0.10989148584667455,-1.5803575061660453,0.06296924585979907,-0.6585937827235753,-0.6569022638683958,-0.11485883074215145,-0.7201021737567175,-0.5555857365203258,-0.6607391435325524,-0.6506232797304241
-0.9707941287966092,-0.6593692385255301,-0.6624479326777067,-0.6588015341623844,-0.6611458227514222,-0.018968341823286942,0.8327427820367437,0.10989148584667455,-1.5803575061660453,-0.12234893696669093,-0.6584585997795335,-0.6565644956315945,-0.13091627941921352,-0.7201021737567175,-0.5946125408840615,-0.6600685935771355,-0.6600690696027702
-0.8570595462271501,-0.6607523428793325,-0.6617394946492425,-0.6596457621199029,-0.6622372353866612,-0.012300572015326989,0.9470043256930666,0.10989148584667455,-1.5803575061660453,-0.23967748542115624,-0.6582606019147368,-0.6562779146357703,-0.13954108047712666,-0.7201021737567175,-0.5695132976827829,-0.6604775101256639,-0.6593985520764841
-0.5124676075788092,-0.6637670353281752,-0.6657001450375962,-0.6678572860533663,-0.669800276673771,-0.11547444315594174,1.2897889566620355,0.10989148584667455,-1.5803575061660453,-1.3593413057215438,-0.6594533002225745,-0.656230442845398,0.11854850979970506,-0.7201021737567175,-0.5055798653253353,-0.6615688690571949,-0.6598074488489942
-0.6629040880934355,-0.6678350430477802,-0.6651246506693852,-0.6672016023396935,-0.6625967703117652,0.14058038059085792,1.4040505003183585,0.10989148584667455,-1.5803575061660453,1.2535676886481322,-0.6603117708062277,-0.6559348342257904,0.3200328290048851,-0.7201021737567175,-0.5063799592644548,-0.6691315381996648,-0.6608987550002347
-0.8666548140686509,-0.6626461178631056,-0.6636435333806565,-0.660846441881707,-0.6632069733525905,0.00874133083658456,1.5183120439746816,0.10989148584667455,-1.5803575061660453,-0.15801472626104854,-0.6619204870996499,-0.6557158068773263,0.16054182970803427,-0.7201021737567175,-0.5821666351644191,-0.661928386291136,-0.6684610583969696
-1.0064501825002354,-0.6636080788172363,-0.6642083208769006,-0.6607779656140416,-0.6613955760200058,0.07174240818095423,1.6325735876310044,0.10989148584667455,-1.5803575061660453,0.26259780660271115,-0.6619187858622128,-0.6555852133944976,-0.1959040833133798,-0.7201021737567175,-0.5926271225906903,-0.6625385593065016,-0.6612582548472067
-0.971626084139427,-0.660618052033884,-0.6627691388367082,-0.6588934612066476,-0.6617862157477904,-0.00511350549335119,1.7468351312873274,0.10989148584667455,-1.5803575061660453,-0.11948674635647147,-0.6620688873499339,-0.6554980077769962,-0.1981271785578453,-0.7201021737567175,-0.598494478144236,-0.6607272511049664,-0.6618683983533905
-0.9104587154294563,-0.6614155752180778,-0.6643448334944764,-0.6639297499887773,-0.6655425780950593,-0.07226895654984615,-1.4524880910897158,0.4065079277267781,-1.5803575061660453,-0.6996827843746282,-0.6626978217439945,-0.6555495941986169,-0.12336508505227417,-0.7201021737567175,-0.5451104325396277,-0.6611178716110551,-0.6600571777503258
-0.9496708006059108,-0.6652405804554428,-0.664339480058493,-0.663135237677646,-0.6617066240468132,0.10179930198817508,-1.3382265474333928,0.4065079277267781,-1.5803575061660453,0.6244052983179716,-0.6626219203814154,-0.6554167284567406,-0.02383209825548297,-0.7201021737567175,-0.5575711548136975,-0.6648740491239353,-0.6604477793652291
-0.27453798068532786,-0.6630663477196108,-0.6617930290090761,-0.6618473210268985,-0.6593582114444169,0.10568364140901212,-1.2239650037770697,0.4065079277267781,-1.5803575061660453,0.35218999179430927,-0.661128233911626,-0.6553663702832538,-0.4927163077248289,-0.7201021737567175,-0.535627837705614,-0.6610382838264423,-0.6642037752218873
1.3326151517406082,-0.6716171117563282,-0.6713105459481543,-0.6770312298584007,-0.6739957656471212,-0.03224156583352513,-1.109703460120747,0.4065079277267781,-1.5803575061660453,-2.537725426970315,-0.6627588045628943,-0.6557561241223191,0.4023136227808084,-0.7201021737567175,-0.45384045726225064,-0.6586899867793005,-0.66036819542964
-0.44171743394260654,-0.6752466187561014,-0.6780139400386478,-0.6756110508276417,-0.6762042066374541,0.00014177725248600044,-0.9954419164644239,0.4065079277267781,-1.5803575061660453,-0.46387608374816947,-0.6646179953528274,-0.6562940968049334,0.39879902096454395,-0.7201021737567175,-0.5875894940851207,-0.6733268207310991,-0.6580200119508183
-0.6071597599841914,-0.6785536450181653,-0.6784663053792416,-0.6770743792873405,-0.6770394620741459,0.05637122544609284,-0.652657285495455,0.4065079277267781,-1.5803575061660453,-0.210303364096826,-0.6668557769047284,-0.6568253141228118,0.33304366559815407,-0.7201021737567175,-0.5719876622722835,-0.6755351530535766,-0.672656138036189
-0.591998933274318,-0.679162978310098,-0.6806496150211205,-0.6780818246499792,-0.679338472931108,0.018026356083182413,-0.538395741839132,0.4065079277267781,-1.5803575061660453,-0.4896205069394642,-0.6693665416330777,-0.6573299091623894,0.3136616672859962,-0.7201021737567175,-0.5923307915021273,-0.6763703673909511,-0.6748643635593192
-0.6906282395435112,-0.6804720856674287,-0.6803694518713248,-0.6791446138453886,-0.6788508594067305,0.058863849673367344,-0.424134198182809,0.4065079277267781,-1.5803575061660453,0.041894348830972844,-0.6712702263252125,-0.6579458756015014,0.3399664331057556,-0.7201021737567175,-0.5708912372446007,-0.6786692651235053,-0.6756995375040658
-0.5134978422048047,-0.677512205808565,-0.6763784653457322,-0.6751551677305818,-0.6762042066374541,0.051656011282831336,-0.30987265452648605,0.4065079277267781,-1.5803575061660453,0.45736857459031394,-0.6733440347610589,-0.6584912177729187,0.287988980645827,-0.7201021737567175,-0.5676315952704089,-0.6781816755924861,-0.6779983240573492
-0.5734530499361734,-0.6730175734302904,-0.6755156699130812,-0.6734976668406538,-0.6758135669096693,-0.041671994160048145,-0.19561111087016309,0.4065079277267781,-1.5803575061660453,0.021556550540082525,-0.6756978930519386,-0.6592459762511529,0.21806065112905848,-0.7201021737567175,-0.5794848388129248,-0.6755351530535766,-0.6775107581071302
-0.051701353005600206,-0.6679510630299023,-0.6703647722577611,-0.6680317598312534,-0.6685926784520478,0.007079581351734884,0.14717352009880583,0.4065079277267781,-1.5803575061660453,1.3097993823351333,-0.6749250077978142,-0.6597522294257112,-0.4906505594618008,-0.7201021737567175,-0.5802849327520448,-0.6751445325474879,-0.6748643635593192
-0.6059065308504046,-0.6680606882098602,-0.6677710325238249,-0.6661247426783256,-0.6650979623861523,0.08892074348058857,0.2614350637551288,0.4065079277267781,-1.5803575061660453,0.5762964511818448,-0.6733363137603827,-0.6598988208404829,-0.5561699654381008,-0.7201021737567175,-0.5673352641818458,-0.6679239993986413,-0.6744737619444158
-0.7150091458355265,-0.6650459957610175,-0.6679494803899366,-0.6652120384531416,-0.6684334950500935,-0.05536065554149854,0.3756966074114518,0.4065079277267781,-1.5803575061660453,-0.6391307815873225,-0.6721052721780006,-0.6598928638370338,-0.4089675381579807,-0.7201021737567175,-0.5847150825260606,-0.6644294552926495,-0.6672535779949265
-0.47468938947603606,-0.6700823592369174,-0.6715719720720081,-0.6734160581380937,-0.6764054730077413,-0.12185140680405292,0.48995815106777474,0.4065079277267781,-1.5803575061660453,-1.4848468041975713,-0.6716857208531238,-0.6602150947349421,0.06505668908144609,-0.7201021737567175,-0.5152847084757701,-0.6677648238294156,-0.6637592028920443
-0.16133301007187306,-0.6798636659186623,-0.6779728970294421,-0.680539466037422,-0.6833638003368518,-0.05743784239756081,0.6042196947240978,0.4065079277267781,-1.5803575061660453,-1.3701850321064963,-0.6723312750283009,-0.6607960561022403,0.3627260346508708,-0.7201021737567175,-0.5090617556159492,-0.6757364095204139,-0.667094410123748
0.3931888199739949,-0.7000895116208976,-0.6853481473358469,-0.7027454754133504,-0.6906221975271176,0.23764732237465008,0.9470043256930666,0.4065079277267781,-1.5803575061660453,-1.4949790104865437,-0.6743936982597606,-0.6616822371307933,0.4967861894784255,-0.7201021737567175,-0.2807831015415101,-0.68269439446025,-0.6750656102929932
-0.5821895907053376,-0.6832008391052146,-0.6856461552722538,-0.6876619359056864,-0.6899141058425619,-0.13028478543966615,1.0612658693493895,0.4065079277267781,-1.5803575061660453,0.09606307390946188,-0.6764107115380908,-0.662616104893142,0.507999750931897,-0.7201021737567175,-0.5239820259250918,-0.689952434496098,-0.6820232587308261
-0.4637013351046225,-0.6847785281534421,-0.6873708538982253,-0.6899197766765165,-0.686981105919195,-0.027817157830112394,1.1755274130057125,0.4065079277267781,-1.5803575061660453,0.5590796275913303,-0.6790410863447115,-0.6634001570893678,0.1573807394968178,-0.7201021737567175,-0.5169589791261509,-0.6892443776536797,-0.6892809477534092
0.037008984116865686,-0.6829085052919933,-0.6774072172938673,-0.6803518598246402,-0.6759114555534,0.181002436809831,1.2897889566620355,0.4065079277267781,-1.5803575061660453,2.205872758102317,-0.6805879037683061,-0.6638851308650077,1.023687465022327,-0.7201021737567175,-0.5026313709941338,-0.6863115220505882,-0.6885729251540295
-0.36037390621378085,-0.6762944527678659,-0.6734224764435887,-0.6736224249721537,-0.6725631150295314,0.10663914736280078,1.4040505003183585,0.4065079277267781,-1.5803575061660453,0.5797108567178143,-0.6811786257522408,-0.6644210769382012,1.0797174617363234,-0.7201021737567175,-0.5427546003855522,-0.6752424163745406,-0.6856402113896733
-0.512560707785812,-0.6740042000499117,-0.6713399898460627,-0.6711591553983275,-0.6722090691872535,0.06260278601427927,1.7468351312873274,0.4065079277267781,-1.5803575061660453,0.013026508872812731,-0.6805783506657747,-0.6651006973368486,0.8070567295049371,-0.7201021737567175,-0.5470810342785706,-0.6718942406080667,-0.6745716410376118
-0.3721619533818955,-0.677219871995344,-0.6766639819315113,-0.6764993662451639,-0.6785700013354662,-0.008707038754339452,-1.6810111784023618,0.7031243696068816,-1.5803575061660453,-1.2237613037949073,-0.679892621114198,-0.6656767457116114,0.7516918647968235,1.388691822416084,-0.5511407701918828,-0.6715402121868576,-0.6712236271955832
-0.5306819724153706,-0.6741996982875034,-0.6755460060503202,-0.6747424340624617,-0.6730443246239454,0.048083249890403655,-1.5667496347460388,0.7031243696068816,-1.5803575061660453,1.0097611124357087,-0.677378192182138,-0.6660898362652193,0.3587950150657306,1.388691822416084,-0.5603270339373327,-0.6779008313410361,-0.6708696158958933
-0.606137515994725,-0.6700823592369174,-0.6730477359247536,-0.6714780859600568,-0.6743379184766093,-0.0749069838570443,-1.4524880910897158,0.7031243696068816,-1.5803575061660453,-0.29187359092538706,-0.6751500945971867,-0.6665326197174625,0.42505192964125293,1.388691822416084,-0.5704022909484722,-0.6723754265242321,-0.6772299274378673
-0.6985597825281327,-0.6768855151964723,-0.6777998025993135,-0.6757301807727583,-0.6765573376325944,0.029388568185842946,-1.3382265474333928,0.7031243696068816,-1.5803575061660453,-0.46686674564685804,-0.6736590254157622,-0.6670132639184306,0.5164039520141768,1.388691822416084,-0.5821518186099913,-0.6736689567247223,-0.6717047898406399
-0.8021750477741978,-0.6743513464531119,-0.6747840336620224,-0.6720718596235115,-0.6727515735398911,0.05817837801086654,-0.8811803728081009,0.7031243696068816,-1.5803575061660453,0.6691994157838383,-0.6732070197151618,-0.6671123221304234,-0.1924289813748586,1.388691822416084,-0.5898564269126267,-0.6758882666726638,-0.6729982574834344
-0.7547682984825118,-0.6700887540390816,-0.6717566656134341,-0.6694125415573281,-0.6723005539010205,-0.028502629492612834,-0.7669188291517779,0.7031243696068816,-1.5803575061660453,0.03103066006418748,-0.673169461627127,-0.6674380228293098,-0.26726783194656545,1.388691822416084,-0.5815887895417218,-0.672082689845196,-0.6752174601011288
-0.8807800171185904,-0.6730239682324548,-0.6738543202795795,-0.6712717191259967,-0.6725631150295314,0.032275857915770194,-0.652657285495455,0.7031243696068816,-1.5803575061660453,-0.10070976613021117,-0.6732201061569858,-0.667752055170925,-0.26733869583411113,1.388691822416084,-0.5870560981257074,-0.6716316923990564,-0.6714120673189323
-0.9476917243492635,-0.6727745709480505,-0.6741416213440196,-0.6716469315515605,-0.671489084489908,0.05099131148889148,-0.538395741839132,0.7031243696068816,-1.5803575061660453,0.1459292068410141,-0.6722072155598094,-0.6680908367124366,-0.6972424042181161,1.388691822416084,-0.5859004068803121,-0.6718942406080667,-0.670961091683927
-0.8475657532752782,-0.6706670268633597,-0.6717566656134341,-0.6685570572270427,-0.6696904950172508,0.0439081043097193,-0.19561111087016309,0.7031243696068816,-1.5803575061660453,0.27733988296447376,-0.6717274666025423,-0.6683561383093423,-1.0024615957810379,1.388691822416084,-0.5951014871801906,-0.6708202629168535,-0.6712236271955832
-0.8390181879628833,-0.6696621293804119,-0.6715487738494137,-0.6686639927683283,-0.6694581238442828,0.02633510350743109,-0.08134956721384012,0.7031243696068816,-1.5803575061660453,-0.01023147635278744,-0.6710294357956511,-0.6684875608596613,-1.057538700038537,1.388691822416084,-0.5899601427936241,-0.6690217619450263,-0.6701497014440693
-0.5650883401201674,-0.6694858155493131,-0.6666236127447253,-0.6665496707502765,-0.6641648183057299,0.14251216436699654,0.03291197644248285,0.7031243696068816,-1.5803575061660453,0.9051519951632339,-0.6692567463861745,-0.6685700684280508,-1.0020838288271479,1.388691822416084,-0.5415692760313001,-0.6687894022060415,-0.6683512874513293
-0.7194162606245075,-0.6628352212985329,-0.6650648706342378,-0.6616662810315639,-0.6642745999622501,-0.01119966298161432,0.14717352009880583,0.7031243696068816,-1.5803575061660453,-0.07152783070903183,-0.6680441566867642,-0.6687350835648298,-1.0559528670738423,1.388691822416084,-0.5928197377982563,-0.6634963571282224,-0.6681189389497241
-0.6849593474979447,-0.6664893939637967,-0.6660641786844643,-0.6636605350734354,-0.6651583422972384,0.05182218623131667,0.2614350637551288,0.7031243696068816,-1.5803575061660453,-0.20699866085251717,-0.6670224981735658,-0.6684384616405117,-1.002715881598468,1.388691822416084,-0.5779142840435413,-0.6636061333828609,-0.6628261498541019
-0.24752406674256738,-0.6628224316942045,-0.6614539780634636,-0.6647242622999088,-0.6629755170267602,0.01800558421462148,0.6042196947240978,0.7031243696068816,-1.5803575061660453,0.3318322586779796,-0.6656510390704126,-0.6679944499401348,-1.0222853763791524,1.388691822416084,-0.4845551745917962,-0.6644898322327006,-0.6629359207997422
-0.7035423965873877,-0.6658371241430472,-0.6667601253623008,-0.6646801748399049,-0.664963479856915,0.04141548008244443,0.7184812383804207,0.7031243696068816,-1.5803575061660453,-0.39745291932107146,-0.6647175831751079,-0.6675891280559733,-0.8913386471443996,1.388691822416084,-0.5733656018341007,-0.6623071143696387,-0.6638195769121463
-0.9011661626322822,-0.6640593691413962,-0.6670991763079135,-0.6636080053338566,-0.6648902920859014,0.002655173348321431,0.8327427820367437,0.7031243696068816,-1.5803575061660453,-0.03946248940058302,-0.6640309375726037,-0.6671041849865368,-0.8971691347192375,1.388691822416084,-0.5959312142281664,-0.6642949793807174,-0.6616369646096656
-0.744048407395301,-0.6655329142686639,-0.6662845617991127,-0.6644672417883976,-0.6636342069658818,0.06467997287034188,0.9470043256930666,0.7031243696068816,-1.5803575061660453,0.16836139764273447,-0.6631978546860888,-0.66659344870629,-0.8981244809569316,1.388691822416084,-0.5688317361790882,-0.6642217952109584,-0.6636247334836349
-0.6829615025368917,-0.6612209905236526,-0.6642261656635119,-0.6645047630309538,-0.6674216741158315,-0.11935878257677805,1.0612658693493895,0.7031243696068816,-1.5803575061660453,-0.7125597243156184,-0.6636637320150226,-0.6662986691541726,-1.058492432917159,1.388691822416084,-0.5340572829362304,-0.6629657718974696,-0.6635515528532081
-0.47451415295866345,-0.666860292489321,-0.6684616257656778,-0.6704706405974179,-0.6725933049850745,-0.10855741092525416,1.4040505003183585,0.7031243696068816,-1.5803575061660453,-0.9756391069598609,-0.6648536821700773,-0.6661905833183961,-0.8133456329973479,1.388691822416084,-0.510158180643632,-0.6667530526824975,-0.6622955902835072
-0.6969772648378408,-0.6710571097953765,-0.671471149027655,-0.6711901104234365,-0.6736792285374876,-0.0377876547392111,1.5183120439746816,0.7031243696068816,-1.5803575061660453,-0.2528188273287274,-0.6660725533615631,-0.6663613098089975,-0.8145098736032,1.388691822416084,-0.5487701214833794,-0.6719244290780924,-0.6660826879080968
-0.4684490740042546,-0.6701189009635701,-0.6728567967080139,-0.6731412150363683,-0.6726116019278279,-0.034879593140724745,1.6325735876310044,0.7031243696068816,-1.5803575061660453,0.14620927875252027,-0.6674509482788831,-0.6666134998570746,-0.8873390057839116,1.388691822416084,-0.5409617972997466,-0.6730102991968914,-0.6712538142056343
-0.5348809589970798,-0.6728531356603538,-0.6751766189674686,-0.6763989969213257,-0.6778079336697878,-0.0906936039631179,-1.6810111784023618,0.9997408114869851,-1.5803575061660453,-1.0118302496848777,-0.6692882847109702,-0.6669281463227567,-0.7256668267991788,-0.7201021737567175,-0.5280269452839753,-0.671942725120532,-0.6723396318095929
-0.5647335930240228,-0.6801066684009024,-0.6756530747699874,-0.6777750884920808,-0.6731175123949589,0.18073240251854278,-1.5667496347460388,0.9997408114869851,-1.5803575061660453,0.844520961082567,-0.670465148424201,-0.6668177882279327,-0.3647205649102042,-0.7201021737567175,-0.5142031000025156,-0.6771388011734204,-0.671272109363241
-0.69911095061989,-0.6720437364149978,-0.674379849245279,-0.6720221439771242,-0.6739838726343315,-0.02227106892442642,-1.2239650037770697,0.9997408114869851,-1.5803575061660453,-0.2128366584796649,-0.6719456175877481,-0.6665029575250306,-0.41470065810765677,-0.7201021737567175,-0.5839298051413692,-0.6724486106939911,-0.6764679341235476
-0.4110413926956443,-0.6774272462940977,-0.6784306158060192,-0.6773689210414081,-0.6768445996338224,0.03518391951425729,-1.109703460120747,0.9997408114869851,-1.5803575061660453,-0.5853891025071631,-0.6732935210956184,-0.6660405221026463,-0.43747035128624995,-0.7201021737567175,-0.5667426020047195,-0.6733149283035131,-0.6717779704710667
-0.11933610753920265,-0.6794799777888096,-0.681600742147497,-0.6814080828026022,-0.6826383265566802,-0.04968993542444839,-0.9954419164644239,0.9997408114869851,-1.5803575061660453,-1.1528899465603506,-0.6747304124078916,-0.665796315667439,-0.36926955423204255,-0.7201021737567175,-0.5555857365203262,-0.6761755145389677,-0.6726442461837446
-0.2454095213224369,-0.6834685072529451,-0.685753223991921,-0.6862924105523786,-0.6858338876085581,-0.03155609417102469,-0.8811803728081009,0.9997408114869851,-1.5803575061660453,-0.6842079040966722,-0.6764690770686259,-0.6657578100884438,-0.3439315892685374,-0.7201021737567175,-0.5473921819215618,-0.681968956377514,-0.6755046940755541
-0.24025091504219948,-0.6890411205674724,-0.6895300730781793,-0.6881375176550886,-0.6895115731019875,0.011649392435071267,-0.7669188291517779,0.9997408114869851,-1.5803575061660453,-0.7963476514825744,-0.6788865354667701,-0.666214288507379,-0.40080927790862336,-0.7201021737567175,-0.5809664942557395,-0.685164360189616,-0.68129785573172
-0.6746408465247581,-0.6877868258001206,-0.6903446875869801,-0.690069861646742,-0.6926284573000259,-0.08764013928470679,-0.424134198182809,0.9997408114869851,-1.5803575061660453,-0.7001229633103456,-0.6810065390422554,-0.6668877676653572,-0.45948888114113773,-0.7201021737567175,-0.5639719063266567,-0.6888418647200053,-0.6844931050077324
-0.42340216409126946,-0.6937001907156838,-0.6906293119334286,-0.6926588273831321,-0.6903898263541498,0.09764492827605058,-0.30987265452648605,0.9997408114869851,-1.5803575061660453,0.42396685407929946,-0.6834772592586231,-0.6674979920444437,-0.7420190038485003,-0.7201021737567175,-0.5278046969675534,-0.6919585955496164,-0.6881704316866818
-0.8087598897605167,-0.6892000770784115,-0.6915643787518548,-0.6899694923229037,-0.6918352848316669,-0.037496848579362675,-0.19561111087016309,0.9997408114869851,-1.5803575061660453,-0.3547162626564848,-0.686030816651737,-0.6679432319929545,-0.7667989391564309,-0.7201021737567175,-0.5858115075537432,-0.6897200747571133,-0.6912870117849853
-0.8567995717968169,-0.6917817500664202,-0.6911004142999639,-0.6910510421395912,-0.6891337412341302,0.08254377983247775,-0.08134956721384012,0.9997408114869851,-1.5803575061660453,0.5190101216705874,-0.6877887183819524,-0.6684832619911929,-0.4752270367828084,-0.7201021737567175,-0.5610234119954558,-0.6911654621098534,-0.6890485992518041
-0.5796075001338715,-0.6877566788756322,-0.6858950900454799,-0.6853168582459128,-0.685657322110988,0.06995602748474003,0.03291197644248285,0.9997408114869851,-1.5803575061660453,0.668169849840609,-0.688220570962144,-0.6688631898451876,-0.45612392832935167,-0.7201021737567175,-0.5651572306809085,-0.6884640514436244,-0.6904939167027344
-0.9179528175212941,-0.6856491347909414,-0.6854971513040503,-0.6840223753777178,-0.6849922282419026,0.03713647515895573,0.3756966074114518,0.9997408114869851,-1.5803575061660453,0.0820541975420345,-0.6881001756973634,-0.6691463010400338,-0.5498772342564598,-0.7201021737567175,-0.5789958925167963,-0.6849878033800724,-0.6877926366821031
1.3807819406463493,-0.6849064241967263,-0.6870139581660015,-0.698367684438085,-0.6941836974340632,-0.1884460174094105,0.48995815106777474,0.9997408114869851,-1.5803575061660453,-1.9005732515622544,-0.6887685002813141,-0.6698656552658102,0.07295990781776433,-0.7201021737567175,-0.3775944681750133,-0.6843227422373875,-0.6843165567368276
-0.607410814634213,-0.6944858378387155,-0.695216314331835,-0.6941155896253834,-0.6959767978238944,-0.011345066061538348,0.6042196947240978,0.9997408114869851,-1.5803575061660453,-0.43839617099581085,-0.6892474640520718,-0.6706603318083936,0.03241068686437481,-0.7201021737567175,-0.5809664942557395,-0.693513759156995,-0.6836515277578236
-0.8599807742792154,-0.6947480247274482,-0.6946577725109047,-0.6937403771998197,-0.6949823589852482,0.017195481340757598,0.7184812383804207,0.9997408114869851,-1.5803575061660453,0.16477981458505142,-0.6899044034316358,-0.6714128180275799,-0.013582573442676023,-0.7201021737567175,-0.5776179529549789,-0.6953067713160903,-0.692842100181556
-0.5984064946269428,-0.6926532702470858,-0.6948951081728335,-0.6948097326126764,-0.6965870008647196,-0.06686827072408383,0.8327427820367437,0.9997408114869851,-1.5803575061660453,-0.39995641541112825,-0.6905841132199734,-0.6722552120101623,-0.01012173469922676,-0.7201021737567175,-0.5646682843847795,-0.69431238140949,-0.6946350256270138
-0.7541650983389364,-0.6948576499074061,-0.694580147689146,-0.6933651647742559,-0.6928233197403493,0.06870971537110258,1.1755274130057125,0.9997408114869851,-1.5803575061660453,0.7732956600566439,-0.6911118894187347,-0.6730316490679582,0.06959051177518427,-0.7201021737567175,-0.5822555344909883,-0.6959169443314559,-0.693640683811089
-0.731009918524747,-0.6927501058227152,-0.6938547571134012,-0.6949222963403455,-0.6958185292690776,-0.04721808306573411,1.2897889566620355,0.9997408114869851,-1.5803575061660453,-0.6905376902850984,-0.6925654005121243,-0.6739164176111574,-0.05538228080031093,-0.7201021737567175,-0.5456141953901842,-0.6921534484015996,-0.6952451691331978
-0.8770623270161975,-0.694900586436223,-0.6960255754046524,-0.6944279539696653,-0.6942266952495336,0.03782194682145617,1.4040505003183585,0.9997408114869851,-1.5803575061660453,0.2947750533700712,-0.6938863459498371,-0.6749254234530927,-0.011476217043414647,-0.7201021737567175,-0.589471196497495,-0.6951485105489864,-0.6914818552134968
-1.05028009988695,-0.6946320047453262,-0.695848019777871,-0.6929646255099666,-0.6950372498135083,0.013311141919921296,1.5183120439746816,0.9997408114869851,-1.5803575061660453,-0.22690388986010723,-0.6940084424520548,-0.6759579502467907,-0.732600546848704,-0.7201021737567175,-0.6096365270742012,-0.6935567548567284,-0.6944767725137158
-0.5601216949453869,-0.6954541935950104,-0.6971078617126211,-0.6971857652975592,-0.697904380742963,-0.0330932124445109,1.6325735876310044,0.9997408114869851,-1.5803575061660453,-0.673725901787103,-0.6942841737812863,-0.677057048089342,-0.6620005392573115,-0.7201021737567175,-0.5638830070000878,-0.6943672695368093,-0.6928850938019318
-0.6545076015600692,-0.6963558607001643,-0.6946274363736656,-0.6951033363356801,-0.6937198699352649,0.08241914862111395,-1.5667496347460388,1.2963572533670886,-1.5803575061660453,0.8751930415053848,-0.6941035808841153,-0.6780889607589732,-0.42979543181372876,-0.7201021737567175,-0.5555857365203264,-0.6972342593871178,-0.6936955692839092
0.11493028946612172,-0.6933530443124838,-0.6954366974464831,-0.6947722113701201,-0.6970380205035904,-0.06119755060703368,-1.4524880910897158,1.2963572533670886,-1.5803575061660453,-0.7642104309713255,-0.6941680970423074,-0.6791655202482687,-0.33009453483610024,-0.7201021737567175,-0.5742545950997897,-0.6930499544811474,-0.6965624204808811
0.9787434948678748,-0.685344924916558,-0.6845513776136573,-0.6838600960036615,-0.6828395929269674,0.07909564965141426,-1.3382265474333928,1.2963572533670886,-1.5803575061660453,3.0733767816761435,-0.6927399736460562,-0.6797679759579087,1.0347295296909973,-0.7201021737567175,-0.565853608739031,-0.6963679417775956,-0.6923783179362257
-0.5485053659368553,-0.6831642973785619,-0.6834539232370691,-0.6813649333736624,-0.6827545121431642,0.031444983173345,-1.2239650037770697,1.2963572533670886,-1.5803575061660453,-0.035479579077968726,-0.6908712297535916,-0.680409735607831,0.9225471931441313,-0.7201021737567175,-0.5870412815712793,-0.6821702128443511,-0.6956961447682032
-0.9295804820839717,-0.6830912139252566,-0.6841828827701362,-0.6811707609434331,-0.6823940623709226,0.03796734990138055,-1.109703460120747,1.2963572533670886,-1.5803575061660453,0.01900568007237883,-0.6891786293680777,-0.6809122733317845,0.935761153982626,-0.7201021737567175,-0.6022134333057005,-0.6820851362470063,-0.6814991024653937
-0.6690644971999251,-0.6816962335102921,-0.6844023736454538,-0.6844163484245598,-0.6866819509051773,-0.09110904133433087,-0.7669188291517779,1.2963572533670886,-1.5803575061660453,-0.8987400820335004,-0.6879834446362934,-0.6813851488633063,1.0763729733846872,-0.7201021737567175,-0.5545930273736406,-0.6817247042109433,-0.6814140299825225
-0.5266771892727802,-0.6874880971847352,-0.6899289040589393,-0.6895633248722309,-0.6920676560046347,-0.0816993848763688,-0.652657285495455,1.2963572533670886,-1.5803575061660453,-1.1486151388716381,-0.6871485296479233,-0.6820023435505522,1.2013596531491528,-0.7201021737567175,-0.5650683313543395,-0.6860123817566982,-0.6810536153776703
-0.7635914478407854,-0.6909659560189001,-0.6924387732958032,-0.691095129599595,-0.6904941189278441,0.03310673265819465,-0.538395741839132,1.2963572533670886,-1.5803575061660453,0.2810387352377747,-0.6866871017092097,-0.682602557707348,1.1368744451571384,-0.7201021737567175,-0.5825518655795514,-0.6913978218488381,-0.6853410855628035
-0.8423809451403753,-0.6909175382310854,-0.6927242898815823,-0.6917020356979444,-0.6942385882623233,-0.05301343439414845,-0.424134198182809,1.2963572533670886,-1.5803575061660453,-0.8362794584820398,-0.6862866565893958,-0.6831540411194343,1.1517832637386887,-0.7201021737567175,-0.5777068522815477,-0.6898243621990198,-0.6907262652043396
-0.747677457180847,-0.6939011702122733,-0.6962994928791342,-0.6955413968425258,-0.6977451973410086,-0.06479108386802157,-0.30987265452648605,1.2963572533670886,-1.5803575061660453,-0.8076475416396319,-0.6884188305557772,-0.683980652113497,-0.6282108208415279,-0.7201021737567175,-0.5764326286007273,-0.6935686472843142,-0.6891528816501622
-0.8411078323296438,-0.6980797166550025,-0.6951154912874816,-0.6959916517532023,-0.6934033328256315,0.12880273111698518,0.03291197644248285,1.2963572533670886,-1.5803575061660453,0.9088590270278616,-0.6899420923840888,-0.6846324526919133,-0.21202930220898877,-0.7201021737567175,-0.549659114749068,-0.6970750838178918,-0.6928969856543762
-0.9845742478457418,-0.6925308554627994,-0.6945087685427012,-0.6924899817916284,-0.6935917913359914,-0.0016446034437274761,0.14717352009880583,1.2963572533670886,-1.5803575061660453,-0.09266155235511007,-0.6915438728633443,-0.6851945604503572,-0.22828956493190433,-0.7201021737567175,-0.5948940554181963,-0.6927334329469397,-0.6964032526097026
-0.8615790874138092,-0.692957480121469,-0.6913083060639843,-0.691789272586888,-0.6892801167761573,0.1059536757002996,0.2614350637551288,1.2963572533670886,-1.5803575061660453,0.8718011551659971,-0.6919155278111454,-0.6854174874866461,-0.05458519235110936,-0.7201021737567175,-0.5528150408422631,-0.6929218821840691,-0.6920618117096297
-0.9192987752045707,-0.6892786417907145,-0.6884477867702106,-0.6869237054583897,-0.6888345862201125,0.03242126099569422,0.3756966074114518,1.2963572533670886,-1.5803575061660453,0.040110456648487655,-0.6914530529570859,-0.6855182038336195,-0.3264879199879072,-0.7201021737567175,-0.5821666351644195,-0.6886104197831425,-0.6922502518329788
-0.5672266716211289,-0.6874826159257375,-0.6891553325593442,-0.691126084624704,-0.6899269137024893,-0.03321784365587472,0.48995815106777474,1.2963572533670886,-1.5803575061660453,-0.27821427142396016,-0.6913719170177771,-0.6855321444499384,-0.3235880863528251,-0.7201021737567175,-0.5275379989878466,-0.6881649111497347,-0.6879389979429569
-0.9145410015520881,-0.6912217481054687,-0.6926172211619152,-0.6904385078548584,-0.6913046734918188,0.020518980310457284,0.8327427820367437,1.2963572533670886,-1.5803575061660453,-0.3395593967445029,-0.690952234828482,-0.6854877125736973,-0.4730192791029197,-0.7201021737567175,-0.5958867645648821,-0.6892571848833876,-0.6874935108552334
-0.923239088157242,-0.6924276250850057,-0.6915349348539465,-0.6902387072382458,-0.6910000293949751,0.054854879041167204,0.9470043256930666,1.2963572533670886,-1.5803575061660453,0.011843224918096088,-0.6899873714727998,-0.6855081936113289,-0.7141485266710655,-0.7201021737567175,-0.5810702101367367,-0.6906348768791006,-0.6885857317643541
-0.642906138852057,-0.6887917232830681,-0.6856907672387818,-0.6868768039051942,-0.6840535950786542,0.12990364015069822,1.0612658693493895,1.2963572533670886,-1.5803575061660453,1.4075246559857013,-0.6886499371183888,-0.6852470066456715,-0.4359650289620479,-0.7201021737567175,-0.5371243097028571,-0.6903302477724789,-0.6899633571321396
-1.0215491406227806,-0.6828719635653407,-0.6848431398747502,-0.6827278925095227,-0.6828514859397572,0.022596167166519545,1.2897889566620355,1.2963572533670886,-1.5803575061660453,0.18777628241661354,-0.6871135888482532,-0.6850361471472974,-0.46601488933170626,-0.7201021737567175,-0.5885822032318065,-0.6833841552602284,-0.6896587427579879
-0.9022746311647611,-0.6824270680433449,-0.6836350478211726,-0.6814334096413277,-0.6836748483636592,-0.006214414527064606,1.6325735876310044,1.2963572533670886,-1.5803575061660453,-0.21538208368287434,-0.6863117825576979,-0.6849696068046477,-0.5460096491457714,-0.7201021737567175,-0.5889674336469383,-0.6821821052719371,-0.6827129861725991
-0.6909211056637437,-0.6828719635653407,-0.6814222942813851,-0.6802017748544146,-0.6794482545876284,0.09986751821203722,-1.6810111784023618,1.5929736952471922,-1.5803575061660453,0.7895954199776336,-0.6849691136265572,-0.6847835272123735,-0.44614898518753726,1.388691822416084,-0.5716765146292924,-0.6830054271817256,-0.6815109943178382
-0.8299057032307506,-0.6792543326267296,-0.6810653985491613,-0.6800892111267455,-0.6826200296139269,-0.054405149587710276,-1.5667496347460388,1.5929736952471922,-1.5803575061660453,-0.6656740769279714,-0.6839238995180759,-0.6843954008020855,-0.3170773213147541,1.388691822416084,-0.5675278793894115,-0.6787790413781438,-0.6823342764101402
-0.8379727153788553,-0.6801797518542076,-0.6817497461157004,-0.6808583965991513,-0.6821809029878457,-0.023392749826700043,-1.4524880910897158,1.5929736952471922,-1.5803575061660453,0.0344931954005813,-0.68261878867497,-0.6839323512556345,-0.3803908972453243,1.388691822416084,-0.5667426020047198,-0.6819506603350742,-0.6781080950029894
-0.9058408708306126,-0.682019627791168,-0.6842364171299697,-0.6823217250588499,-0.6836016605926457,-0.013816918420252264,-1.3382265474333928,1.5929736952471922,-1.5803575061660453,-0.3323581219438514,-0.6815604881246645,-0.6835503660860156,-0.3204061826193695,1.388691822416084,-0.5849225142880546,-0.6815115553165203,-0.6812795605741132
-0.8001322446426572,-0.6849183002578886,-0.6828320324236691,-0.6832653843091429,-0.6831442370238112,0.06247815480291582,-0.9954419164644239,1.5929736952471922,-1.5803575061660453,0.03874253385829323,-0.681430408892934,-0.6830991691340559,-0.8365940231035106,1.388691822416084,-0.546695803863439,-0.6829322430119668,-0.6808404767915521
-0.8853541919596584,-0.6850279254378465,-0.686895290335037,-0.684484824692225,-0.6858338876085581,0.0039014854619588545,-0.8811803728081009,1.5929736952471922,-1.5803575061660453,-0.586079396787191,-0.681857026896396,-0.6828645737404956,-0.7697142946434803,1.388691822416084,-0.5949088719726247,-0.6824748419509731,-0.6822610957797134
-0.8157098852533438,-0.6855276335498213,-0.6876679695953015,-0.6866610567604949,-0.6871759683595184,-0.015208633613814441,-0.7669188291517779,1.5929736952471922,-1.5803575061660453,-0.323839120889178,-0.6823578450249997,-0.6825744922374901,-0.7601415820541668,1.388691822416084,-0.5733656018341009,-0.685164360189616,-0.6818037168395455
-0.999113118096218,-0.6867389917883562,-0.6870790916371323,-0.6848356483101272,-0.6856207282254811,0.04764704065063084,-0.652657285495455,1.5929736952471922,-1.5803575061660453,0.2653920731410274,-0.6832407872548639,-0.6822856389826184,-1.0621390964301394,1.388691822416084,-0.5924196908286963,-0.6865063749025715,-0.6844931050077324
-0.7781579941873951,-0.6864165110506466,-0.6887092128940645,-0.6892125012543288,-0.6917502040478636,-0.0988569483074433,-0.538395741839132,1.5929736952471922,-1.5803575061660453,-1.2904526797931621,-0.6845468141488974,-0.6821753115939978,-0.7140548751637404,1.388691822416084,-0.5503554928071908,-0.6849512112951929,-0.6858350548181847
-0.8583090587858071,-0.6911239989866729,-0.6915822235384661,-0.690319377909742,-0.6907987630246878,0.029783233688494972,-0.19561111087016309,1.5929736952471922,-1.5803575061660453,0.14875946784934557,-0.6857795569687164,-0.6819368165126127,-0.6847087655549702,1.388691822416084,-0.5805812638406079,-0.6910803855125085,-0.6842799664216141
-0.9672252875281668,-0.6884993894698471,-0.690808652038871,-0.6883626451104268,-0.6892682237633676,0.004856991415747514,-0.08134956721384012,1.5929736952471922,-1.5803575061660453,0.26884296243880934,-0.686590131175294,-0.6817874001271331,-0.6024709364669116,1.388691822416084,-0.5986426436885174,-0.6901289913056415,-0.690408844219863
-0.43598628926361505,-0.6883285568977461,-0.6832781520889489,-0.6866554285741117,-0.6810830864226429,0.18681856000680552,0.03291197644248285,1.5929736952471922,-1.5803575061660453,1.6457559688834458,-0.6862952936409996,-0.6812518839407865,0.08825978882781521,1.388691822416084,-0.5005570533741935,-0.6885985273555567,-0.6894574960243139
-0.7715897033489878,-0.681117960686014,-0.6815650525742746,-0.6809737744200121,-0.6817664772344816,0.007349615643022361,0.14717352009880583,1.5929736952471922,-1.5803575061660453,-0.18598944840491974,-0.6857134704375053,-0.6812158655642621,0.022522386148591846,1.388691822416084,-0.5618531390434318,-0.6804137927701354,-0.6879271060905124
-0.8248115919175999,-0.6817574409024353,-0.6826714293441685,-0.6813020852923803,-0.6835531736943492,-0.018677535663438157,0.2614350637551288,1.5929736952471922,-1.5803575061660453,-0.4034592889777762,-0.6851952473412756,-0.681242672079783,0.03581068678940944,1.388691822416084,-0.5750398724844814,-0.6810971499552599,-0.6797427673351493
-1.021135114153315,-0.6824882754354881,-0.6827133645927047,-0.6801830142331364,-0.6822723877016126,0.02702057516993227,0.6042196947240978,1.5929736952471922,-1.5803575061660453,0.2025800344456321,-0.684716283570518,-0.6812385881547379,0.03160465032881974,1.388691822416084,-0.5934123999753821,-0.6828837584995013,-0.6804260914717599
-1.0197869265249604,-0.680478480469593,-0.6822850897140361,-0.681089152240873,-0.6838642217211567,-0.05482058695892251,0.7184812383804207,1.5929736952471922,-1.5803575061660453,-0.36627960585483443,-0.6835882322852905,-0.6811440130484335,-0.34522707194592983,1.388691822416084,-0.5719876622722835,-0.6816030355287189,-0.6822126136120555
-1.095568785400716,-0.6821895468201027,-0.6841293484103026,-0.6820271833047823,-0.6840170011931475,-0.019383779194499545,0.8327427820367437,1.5929736952471922,-1.5803575061660453,-0.08280139471756966,-0.6826181343528789,-0.6808737984589925,-0.3298122620150099,1.388691822416084,-0.5877969258471148,-0.6831947912209771,-0.6809319525795856
-1.2518049690168958,-0.6831761734397239,-0.6850626307500678,-0.6819333801983914,-0.6834863898532993,0.015097522616134753,0.9470043256930666,1.5929736952471922,-1.5803575061660453,0.053626884231657776,-0.681791071229603,-0.6806385889413655,-0.33214490440584854,1.388691822416084,-0.6047766972217695,-0.683347563175349,-0.6825236312913697
-1.030688558136021,-0.682609776676608,-0.6850037429542509,-0.683647162952154,-0.684474424761982,-0.02021465393692474,1.4040505003183585,1.5929736952471922,-1.5803575061660453,-0.24887648017511257,-0.6822761856280182,-0.6803108616330582,-1.319952664780202,1.388691822416084,-0.57672895968929,-0.6828169779445963,-0.6826763958573858
-0.9373529556530356,-0.6834812968572735,-0.6815891430361998,-0.6811416819804519,-0.6794482545876284,0.11372235454197259,1.5183120439746816,1.5929736952471922,-1.5803575061660453,0.9546012199228887,-0.6819445751921984,-0.6796967375661469,-0.8140060129641247,1.388691822416084,-0.5596010227703537,-0.6838049642363426,-0.682145836286791
-0.6972604678627357,-0.6794982486521358,-0.6780710433558036,-0.6773117011465096,-0.678899346305027,0.03562012875403009,1.6325735876310044,1.5929736952471922,-1.5803575061660453,0.05381882081258989,-0.6812788678966124,-0.6792099214183064,-0.8910405515894867,1.388691822416084,-0.561675340390294,-0.6787790413781438,-0.6831337747975536
-0.8794898080622616,-0.6783343946582494,-0.6781807887934624,-0.6756241832625365,-0.6777283419688107,0.03574475996539354,1.7468351312873274,1.5929736952471922,-1.5803575061660453,0.17326163043885356,-0.6806288643312153,-0.6786774758522942,-0.8935643296837404,1.388691822416084,-0.5901527580011897,-0.6782301601049515,-0.6781080950029894
-0.11579105235159136,-0.6830793378640945,-0.6853606386864747,-0.6877369783907993,-0.6878529552413936,-0.08624842409114497,-1.3382265474333928,-1.6698071654339466,-1.136284504647906,-1.9871860607295233,-0.6811994331947409,-0.6786295741750751,0.05295784802901247,-0.7201021737567175,-0.5180554041538334,-0.6770592133888076,-0.6775592402747881
-0.7918329465489367,-0.6857340943054087,-0.6880311110028392,-0.6871113116711716,-0.6878410622286039,-0.025615339762686314,-1.2239650037770697,-1.6698071654339466,-1.136284504647906,-0.04988547937781624,-0.6817464464629833,-0.6785962272382419,0.054034487664027894,-0.7201021737567175,-0.5722839933608465,-0.6871833284728421,-0.6763883501879585
-0.6824118210751863,-0.6896075173305882,-0.6920997223501906,-0.6896252349224489,-0.6905179049534235,0.0016788955259722097,-1.109703460120747,-1.6698071654339466,-1.136284504647906,-0.6018470853415688,-0.6827522703815746,-0.6786160634456031,0.07315220198704174,-0.7201021737567175,-0.60013911568576,-0.6871714360452563,-0.6865119756496332
-0.723972224247439,-0.6931465835568964,-0.693057095151881,-0.6910698027608695,-0.6925854594845554,0.03520469138281786,-0.9954419164644239,-1.6698071654339466,-1.136284504647906,-0.4852730837260811,-0.6839125143136889,-0.6786590521302869,0.08258677758813208,-0.7201021737567175,-0.5932197847678161,-0.6898481470541915,-0.6865000837971887
-0.7199479166968331,-0.6909111434289211,-0.6918677401242451,-0.6928839548384703,-0.6954214856113293,-0.08001686352295782,-0.8811803728081009,-1.6698071654339466,-1.136284504647906,-0.6555265032673095,-0.6861974070561563,-0.678807455211056,-0.279069703509188,-0.7201021737567175,-0.5448141014510643,-0.691915599849883,-0.689176665355051
-0.6235989150985619,-0.6932562087368541,-0.6954304517711692,-0.6977429557495213,-0.6973426646004343,-0.07031640090514735,-0.538395741839132,-1.6698071654339466,-1.136284504647906,-0.4699511599186776,-0.688835633727871,-0.6792534935208536,-0.3634378377028541,-0.7201021737567175,-0.5272268513448558,-0.694751486428044,-0.6912440181646096
-0.8116188651791569,-0.6947233590619576,-0.6958533732138543,-0.6962983879111007,-0.6960499855949079,-0.007606129720626412,-0.424134198182809,-1.6698071654339466,-1.136284504647906,0.2329327263007928,-0.6914564554319601,-0.6796964919165202,-0.3406644490990227,-0.7201021737567175,-0.5570673919631409,-0.6966725708842174,-0.6940797675936502
-0.6179961780903069,-0.6944739617775534,-0.6965011389678406,-0.6996190178773403,-0.7019416011614964,-0.14704768336808896,-0.30987265452648605,-1.6698071654339466,-1.136284504647906,-1.3393262845274045,-0.6934717674728533,-0.6803096026787211,-0.7582808735768339,-0.7201021737567175,-0.515373607802339,-0.6953799554858492,-0.6960007591423549
-0.177659181302296,-0.7004421392830955,-0.6980777258649392,-0.7037585489623727,-0.6983618043117975,0.06993525561617944,-0.19561111087016309,-1.6698071654339466,-1.136284504647906,0.7673764389905663,-0.6949767082826114,-0.6809444227266873,-0.3884661590495319,-0.7201021737567175,-0.47616900478546587,-0.7012712811514481,-0.6947082062574407
-0.3941135203402818,-0.702415392522338,-0.7010105165444883,-0.7013384288174861,-0.6990872780919691,0.09833039993855137,-0.08134956721384012,-1.6698071654339466,-1.136284504647906,-0.21371743352737804,-0.6962025152882638,-0.6814971343869075,-0.40235195706245586,-0.7201021737567175,-0.5630977296153961,-0.6976916604481115,-0.7005992470068024
-0.6346690933917615,-0.6964837567434485,-0.6977984549544741,-0.6991312417241072,-0.6992519505767495,-0.040280278966486324,0.3756966074114518,-1.6698071654339466,-1.136284504647906,-0.08917309313478677,-0.6971561243039773,-0.6820701121413358,-0.40364598000829177,-0.7201021737567175,-0.5446214862434987,-0.6984170985308474,-0.697019799421049
-0.3011365673573272,-0.7021541191767716,-0.7032643130934816,-0.705090553073124,-0.7029232321402152,0.005293200655520681,0.48995815106777474,-1.6698071654339466,-1.136284504647906,-0.8748699896287084,-0.698229212533544,-0.6827186271559942,-0.34944544225865565,-0.7201021737567175,-0.5412581283883096,-0.6985817629128053,-0.6977452024201551
-0.7957541191396892,-0.7008440982762746,-0.7021044019637542,-0.7027332810095196,-0.7021492714617472,-0.006920658058125622,0.6042196947240978,-1.6698071654339466,-1.136284504647906,0.12633024099680779,-0.698916774186976,-0.683356517824295,-0.3294018315388768,-0.7201021737567175,-0.5592306089096502,-0.7022528638283406,-0.6979098588386156
-0.8036254412186233,-0.6988644502348679,-0.7007544438566177,-0.7002249859446257,-0.7005757343849566,-0.016205683304724244,0.7184812383804207,-1.6698071654339466,-1.136284504647906,0.30859562961032766,-0.6995641604640084,-0.6838513175850055,-0.31261749169143516,-0.7201021737567175,-0.5764326286007273,-0.7014789412331393,-0.7015807822124025
-0.8829107296405357,-0.7017521601835927,-0.7019027558750479,-0.7021948511788355,-0.7043385006621892,-0.03598050217443741,1.0612658693493895,-1.6698071654339466,-1.136284504647906,-0.9044008742138547,-0.6999070252397968,-0.6844273659597683,-0.5280636354043803,-0.7201021737567175,-0.5643867698506446,-0.699905481583321,-0.7008068970456386
-0.46265734915064655,-0.7037984968761404,-0.7053227092290824,-0.706572642154101,-0.7060584132810069,-0.02850262949261321,1.1755274130057125,-1.6698071654339466,-1.136284504647906,-0.4540349301354522,-0.7010079875904484,-0.6851133425425082,-0.812435910682664,-0.7201021737567175,-0.5520297634575713,-0.7036680627110552,-0.6992335134914612
-0.719020073715665,-0.7064295011951304,-0.7080351167939832,-0.7085171805495852,-0.7094067538048755,-0.04470468696989905,1.2897889566620355,-1.6698071654339466,-1.136284504647906,-0.8457690146483481,-0.7024841382281937,-0.6857059722670777,-0.7315282169202529,-0.7201021737567175,-0.5663573715895881,-0.7053878907003915,-0.7029959126532819
-0.5315235908535261,-0.7073978569514252,-0.7092128727103219,-0.7106183701327423,-0.7084123149662294,-0.00010748517024164167,1.4040505003183585,-1.6698071654339466,-1.136284504647906,0.19019958258701403,-0.7037944836480289,-0.6862971588000898,-0.6558215930297604,-0.7201021737567175,-0.5527261415156941,-0.7087360664668654,-0.7047156574683129
-0.8543821255036033,-0.7079094411245621,-0.7077496002082042,-0.7070726127111646,-0.7074974678285603,0.032296629784330774,1.5183120439746816,-1.6698071654339466,-1.136284504647906,0.16887081008015303,-0.7044488057392281,-0.6869090106079536,-0.7069570735639087,-0.7201021737567175,-0.5844335679919257,-0.7077416765602651,-0.7080636713103414
-0.3997047359656342,-0.7086338808554506,-0.7043118020675585,-0.7104063751122988,-0.7039972626798386,0.12824189066584857,-1.6810111784023618,-1.3731907235538432,-1.136284504647906,0.7873369049487329,-0.7047131518640725,-0.68767810888315,-0.47011561233496296,-0.7201021737567175,-0.47468734934265133,-0.7068268744382776,-0.7070693294944166
-0.3125265569404507,-0.7064048355296397,-0.7081180950517252,-0.7119822672996667,-0.7126334196594342,-0.11852790783435323,-1.5667496347460388,-1.3731907235538432,-1.136284504647906,-2.06368246194925,-0.7064379448964734,-0.6887141361840294,0.14448655223342433,-0.7201021737567175,-0.5130029590938358,-0.7033268415195538,-0.7061545716140808
0.08938795344602693,-0.7117828641497418,-0.7135785997547495,-0.7182670754278601,-0.7183054719129819,-0.1250295026938282,-1.4524880910897158,-1.3731907235538432,-1.136284504647906,-1.4756841438596655,-0.7084358519697408,-0.6898805727305175,0.28473360813298626,-0.7201021737567175,-0.5044093575255113,-0.7119625735511149,-0.7026547079639166
-0.5699689465806917,-0.7196329405778948,-0.7183137138820287,-0.7202613294697315,-0.7171765505450984,0.07909564965141426,-1.3382265474333928,-1.3731907235538432,-1.136284504647906,0.24615378773416258,-0.7100262472446094,-0.6910521065067609,0.371107690061007,-0.7201021737567175,-0.5515408171614425,-0.7176343467074368,-0.7112900223542853
0.36940479564783407,-0.7192675233113685,-0.7200865934318504,-0.7260433529476693,-0.7249408582024953,-0.10550394624684269,-1.2239650037770697,-1.3731907235538432,-1.136284504647906,-2.083497574838344,-0.7122483250663216,-0.6924308150369768,0.7222352126077548,-0.7201021737567175,-0.4896520693150782,-0.7165054808889044,-0.7169615212123663
0.3456668568532834,-0.7279123822942164,-0.7295139941985421,-0.7333881361780803,-0.7338514693233915,-0.11125775383813513,-0.8811803728081009,-1.3731907235538432,-1.136284504647906,-2.5658801571565344,-0.7158872719443165,-0.6941034740518198,1.0026598923828138,-0.7201021737567175,-0.5301901622304848,-0.7242694064982114,-0.7158327099880322
0.22170185614121538,-0.7369171772845927,-0.7279436529767573,-0.7364836386889815,-0.7336932007685747,0.09708408782491394,-0.7669188291517779,-1.3731907235538432,-1.136284504647906,-0.0032744182374779313,-0.7196344436961956,-0.6957886304914245,0.9552383937635742,-0.7201021737567175,-0.4552183968240681,-0.7331795791663688,-0.7235962601184409
0.4939462371625425,-0.7319356263986718,-0.7308113101851755,-0.7360521443995832,-0.7364862290798783,-0.07960142615174595,-0.652657285495455,-1.3731907235538432,-1.136284504647906,-0.9164653536864474,-0.7242818317811465,-0.69753437027023,0.4386234242068722,-0.7201021737567175,-0.5096544177930747,-0.7330213183992649,-0.7325060018729103
1.261829298983159,-0.7310220832323558,-0.7258799034051732,-0.7327624694584528,-0.7323392270048246,-0.006214414527064606,-0.538395741839132,-1.3731907235538432,-1.136284504647906,1.2716157370839702,-0.7271006513500322,-0.6993096187104506,1.0223904370885817,-0.7201021737567175,-0.47972497784822093,-0.7358142092776924,-0.7323477487596122
-0.03964701322943154,-0.729194996899724,-0.7295978646956147,-0.7348261377990535,-0.7319915850925104,-0.03986484159527372,-0.424134198182809,-1.3731907235538432,-1.136284504647906,0.05364327407755811,-0.7290583830469001,-0.7010916225154072,1.010725433148738,-0.7201021737567175,-0.5088691404083833,-0.7316674112587236,-0.735140504568277
-0.3502830454672979,-0.7269412859084224,-0.7260645969465991,-0.728316202215522,-0.7294720960753699,-0.033903315318375156,0.03291197644248285,-1.3731907235538432,-1.136284504647906,0.7127813302808431,-0.7308172008280432,-0.7028283653766324,1.1265629630239582,-0.7201021737567175,-0.5530224726042569,-0.7313197864523684,-0.7309939070967154
-0.3022229222677835,-0.7267585772751594,-0.7222636573984156,-0.726709355003045,-0.7212329827535228,0.14901375922647153,0.14717352009880583,-1.3731907235538432,-1.136284504647906,2.383084668580031,-0.7302868073409173,-0.703948742618102,1.4648643544756497,-0.7201021737567175,-0.5152847084757701,-0.7288004214084151,-0.7306462991021879
-0.6622022128801626,-0.7185851065661305,-0.7201160373297588,-0.7216496154443175,-0.7223975831597755,-0.06327473746309593,0.2614350637551288,-1.3731907235538432,-1.136284504647906,-0.3690035896108655,-0.7286483848245547,-0.7051086080370742,0.49130251785238044,-0.7201021737567175,-0.5595417565526413,-0.7205617134977965,-0.7281270558997435
-0.8345164863368476,-0.7239201986574155,-0.7233637884929954,-0.7230697944750765,-0.7225137687462594,0.05539494762374325,0.3756966074114518,-1.3731907235538432,-1.136284504647906,-0.08428191834343565,-0.7270492216336639,-0.7061825267928822,0.5033182473516247,-0.7201021737567175,-0.5910417512668785,-0.7217262565990865,-0.7198887464294405
-0.44436772366770544,-0.7199864817832591,-0.716571170469446,-0.7184734422619201,-0.715707306042002,0.12049398369273578,0.7184812383804207,-1.3731907235538432,-1.136284504647906,1.8218084335570572,-0.7240768981021829,-0.706958595376238,0.3488505866853126,-0.7201021737567175,-0.5508444391033195,-0.7218424364685788,-0.7210532332111078
-0.2719832069410662,-0.7163076434525047,-0.714893760527994,-0.7160777109246954,-0.7160302470815992,0.02951319939720712,0.8327427820367437,-1.3731907235538432,-1.136284504647906,-0.13566465175780895,-0.7217439781182216,-0.7076503140190036,0.42060564481935675,-0.7201021737567175,-0.5608307967878898,-0.7150363086809925,-0.7211694074619104
-0.3830388697683426,-0.7183841270695409,-0.7162196281732055,-0.7197304038875587,-0.71493883444636,0.1015084958283263,0.9470043256930666,-1.3731907235538432,-1.136284504647906,0.2301620307221105,-0.7193046653622311,-0.7082409171341522,0.392698439299947,-0.7201021737567175,-0.5251525337249152,-0.7153592338300542,-0.7143636088322131
-0.3195525563946833,-0.7147911617964203,-0.7108545930785513,-0.7151274854569551,-0.7097973935326601,0.1365506380900976,1.0612658693493895,-1.3731907235538432,-1.136284504647906,1.2651227870938209,-0.7164902951835656,-0.708702339251826,0.44483332241505025,-0.7201021737567175,-0.5087654245273863,-0.7142678748985232,-0.7146865183639717
-0.25877672887464276,-0.7086704225821033,-0.7087845978316533,-0.7089993285164348,-0.7080225900855822,0.037676543741531766,1.1755274130057125,-1.3731907235538432,-1.136284504647906,0.3819964158238836,-0.7146006129841825,-0.7089064433854639,-0.12666729096200152,-0.7201021737567175,-0.5711875683331634,-0.709126686972954,-0.7135952122127311
-0.5484202563663817,-0.7064167115908019,-0.7061971037730307,-0.7063587710715296,-0.7070528521196532,0.008450524676735028,1.5183120439746816,-1.3731907235538432,-1.136284504647906,0.18135553616231284,-0.712405624097046,-0.7091981523172468,-0.266592303513971,-0.7201021737567175,-0.5699281612067713,-0.7073519708562984,-0.7084542729252448
-0.13954107001531402,-0.7052903128667343,-0.7064362239136207,-0.710437330137408,-0.7104560834717819,-0.09443254030403056,-1.6810111784023618,-1.0765742816737396,-1.136284504647906,-0.8656272905181195,-0.710680831064645,-0.7095797383062222,0.0410958733184651,1.388691822416084,-0.5094766191399371,-0.7063822806069918,-0.7066796426373935
-0.4809218877514611,-0.7116969910921082,-0.7108545930785513,-0.7111877549885355,-0.7092420813200951,0.07880484349156548,-1.5667496347460388,-1.0765742816737396,-1.136284504647906,0.24648090016005908,-0.7097560122209441,-0.7099150500467558,-0.4757538647767442,1.388691822416084,-0.5709949531255977,-0.7097853445007849,-0.7057099992842377
-0.48754445297534804,-0.7089262146686718,-0.7055609371303417,-0.7094871046696676,-0.7047291403899738,0.1182713937567495,-1.4524880910897158,-1.0765742816737396,-1.136284504647906,1.046724674445474,-0.7081394440624276,-0.70997566409216,-0.3636458692188543,1.388691822416084,-0.5099507488816377,-0.7085714020849077,-0.7091128985990864
-0.17965145140065428,-0.7030064549509444,-0.701628838400566,-0.7011817776298133,-0.7014960706054516,0.05707746897715387,-1.3382265474333928,-1.0765742816737396,-1.136284504647906,0.705268878645337,-0.7062165223008117,-0.7099537398629713,-0.3453686029750144,1.388691822416084,-0.5758399664236012,-0.7040586832171437,-0.707899014891881
-0.39312416804071465,-0.7032010396453696,-0.6982561737310511,-0.7012446257110952,-0.6989043086644352,0.12034858061281176,-0.9954419164644239,-1.0765742816737396,-1.136284504647906,0.5389793249895141,-0.70465831967283,-0.7098976396294588,-0.5471013035133435,1.388691822416084,-0.5188406815385251,-0.7008257725180403,-0.7033865142681851
-0.6078675817176721,-0.6996564921600639,-0.6995650888289819,-0.698242926306585,-0.7005446295822758,0.0025097702683970283,-0.8811803728081009,-1.0765742816737396,-1.136284504647906,-0.4188171645493128,-0.7035886339181378,-0.7097703010041848,-0.42585515046714273,1.388691822416084,-0.5879895410546808,-0.6982341381064499,-0.7001537599190789
-0.7877313342356297,-0.699035282806969,-0.6984506819051131,-0.6978742800984686,-0.6968120532605863,0.0731341233745153,-0.7669188291517779,-1.0765742816737396,-1.136284504647906,0.7926972906147778,-0.7021237376203611,-0.7094599534069711,-0.35271576630272666,1.388691822416084,-0.575306570464188,-0.6998743783111734,-0.697562250844088
-0.4190463380390805,-0.6956981096204168,-0.6961210450130222,-0.6991987799607087,-0.6989710925054852,-0.05176712228051103,-0.652657285495455,-1.0765742816737396,-1.136284504647906,-0.5267838052840093,-0.7004808657137783,-0.7091096877454083,-0.5317394415142993,1.388691822416084,-0.5156995719997582,-0.6961419856534649,-0.6992024117235299
-0.7632853878788418,-0.6969587991899329,-0.6984230224858659,-0.696285255476206,-0.6975567388306488,0.009011365127872017,-0.538395741839132,-1.0765742816737396,-1.136284504647906,0.26384456124082983,-0.6988093344996011,-0.7087453279365098,-0.5325822126341809,1.388691822416084,-0.5999465004781943,-0.6983009186613551,-0.6954701995717604
-0.6289022695915234,-0.6940838788455365,-0.6940804936640328,-0.6929646255099666,-0.6928910184285368,0.0495788244267687,-0.19561111087016309,-1.0765742816737396,-1.136284504647906,0.9790149427452841,-0.6971159489275778,-0.7082550726938944,-0.5584226293265493,1.388691822416084,-0.5802849327520448,-0.6968866345807626,-0.6976290281693526
-0.8015508489811388,-0.6930972522259152,-0.6927421346681935,-0.6924271337103465,-0.6909451385667149,0.0713269708097409,-0.08134956721384012,-1.0765742816737396,-1.136284504647906,0.36250915648615706,-0.6956066895920179,-0.7078169872907634,-0.6033340028701382,1.388691822416084,-0.5665499867971538,-0.6922211437586268,-0.6962148124863536
-0.7311881283022235,-0.6908261839144538,-0.6905945145995367,-0.6889751793951596,-0.688755909366273,0.06939518703360303,0.03291197644248285,-1.0765742816737396,-1.136284504647906,0.4075681853608069,-0.6941550106004836,-0.7070155553834441,-0.6189009434786138,1.388691822416084,-0.5854114605841834,-0.6902753596451596,-0.6915495472966416
-0.6833911386219028,-0.6887122450275986,-0.6870737382011489,-0.6871113116711716,-0.6860415579088089,0.08295921720369036,0.14717352009880583,-1.0765742816737396,-1.136284504647906,0.5086589838622453,-0.6920804169781276,-0.7059326397100558,-0.7921615368128495,1.388691822416084,-0.5563858304594462,-0.6880862381672438,-0.6896038572851677
-0.5095153461244095,-0.6840659644837157,-0.6835163799902082,-0.6820712707647862,-0.6821626060450923,0.0653862164014029,0.2614350637551288,-1.0765742816737396,-1.136284504647906,0.7335911841405288,-0.6899848850488532,-0.7047574211894111,-0.8077435035602218,1.388691822416084,-0.576921574896856,-0.6853720202713072,-0.6874148416775245
-0.40094439960019707,-0.6802656249118413,-0.680304318400194,-0.6777310010320771,-0.6787593746929635,0.056246594234729025,0.6042196947240978,-1.0765742816737396,-1.136284504647906,0.6183623810290393,-0.6870936974566807,-0.7032073720445268,-1.2696170195781593,1.388691822416084,-0.5921381762945613,-0.6814932592740804,-0.6847007550465686
-0.5841643929005856,-0.6791264365834453,-0.6808334163232158,-0.6792581156041216,-0.6812477589074233,-0.02615540834526274,0.7184812383804207,-1.0765742816737396,-1.136284504647906,-0.5312417313959228,-0.6847607774727195,-0.7014417653521567,-0.7980439677655299,1.388691822416084,-0.5768030424614307,-0.6780901953802874,-0.6808221816339454
-0.4665067918413929,-0.682074440381147,-0.6833673760220047,-0.685842155641702,-0.6883588657085246,-0.12058432282185529,0.8327427820367437,-1.0765742816737396,-1.136284504647906,-1.4447695642974065,-0.6841124751447593,-0.6999201501515706,-0.1506817869768234,1.388691822416084,-0.5148846615062103,-0.6805784571520931,-0.6774192823190966
-0.46271569938018525,-0.6921782278006013,-0.686842648214534,-0.6902387072382458,-0.6852063024721171,0.18073240251854242,0.9470043256930666,-1.0765742816737396,-1.136284504647906,0.5973203575011119,-0.6832915626491409,-0.6981989753354415,-0.1139691829056451,1.388691822416084,-0.503149950399119,-0.6876892140463011,-0.6799074237536097
-0.6630399289144316,-0.6825366932233027,-0.6833200873374852,-0.6839848541351614,-0.6836748483636592,-0.003721790299789738,1.4040505003183585,-1.0765742816737396,-1.136284504647906,0.2560964661841468,-0.682564741670237,-0.6965655895546774,-0.12768587655199148,1.388691822416084,-0.5434361618892469,-0.6845368059339326,-0.6870178367574588
-0.6393582962330983,-0.6835845272350671,-0.6847655150529914,-0.6837784873011012,-0.6837544400646365,0.018296390374470638,1.5183120439746816,-1.0765742816737396,-1.136284504647906,-0.06818155493395596,-0.6822375806246375,-0.6949465435708757,-0.16609494290599597,1.388691822416084,-0.5706986220370347,-0.6830054271817256,-0.683865581101822
-0.6357099202568771,-0.6804172730774497,-0.6829096572454277,-0.683046823071252,-0.6857305098820015,-0.09858691401615545,1.6325735876310044,-1.0765742816737396,-1.136284504647906,-0.44617652768959154,-0.6827479518557726,-0.6934783878703141,-0.2741698223177682,1.388691822416084,-0.5514371012804455,-0.6830850149663386,-0.6823342764101402
0.09830734971157994,-0.6839197975771052,-0.6817675909023115,-0.6839782879177141,-0.683974003377677,0.020934417681669513,1.7468351312873274,-1.0765742816737396,-1.136284504647906,0.30276042859176755,-0.6834938790397397,-0.6922278163266593,-0.36905867296367373,1.388691822416084,-0.5177590730652707,-0.6850609875498314,-0.6824138603457295
1.5857305187859165,-0.6744883779280592,-0.6755335146996924,-0.6788256832836594,-0.6792049052490085,-0.0852306025316746,-1.6810111784023618,-0.7799578397936361,-1.136284504647906,0.8996883552787646,-0.6832016587938102,-0.6907780843481051,-0.18788053993650336,-0.7201021737567175,-0.49562314074962094,-0.6833045674756156,-0.6843897373672544
1.1028082856221795,-0.6718729038428966,-0.6730236454628284,-0.6723279421039587,-0.6734715582372367,-0.014523161951313633,-1.3382265474333928,-0.7799578397936361,-1.136284504647906,1.054505784407489,-0.6810721021157935,-0.6891320169053593,-0.6923202581639355,-0.7201021737567175,-0.5565784456670119,-0.6785357040136953,-0.68263340223701
0.46175700474004394,-0.6771230364197145,-0.6703826170443724,-0.6746045434960669,-0.6682999273679938,0.22227613963978912,-1.2239650037770697,-0.7799578397936361,-1.136284504647906,0.9080664038718447,-0.6786537276667215,-0.6875408214479919,-0.6227284638287333,-0.7201021737567175,-0.47676166696259187,-0.6728026391152001,-0.6778647694068203
0.7896126480923826,-0.6689194187861971,-0.6637327573137125,-0.6661932189459909,-0.6622308314566976,0.17354533599656735,-1.109703460120747,-0.7799578397936361,-1.136284504647906,1.037320361263803,-0.67558626570318,-0.6857350817478493,-0.5426619617389581,-0.7201021737567175,-0.4991939303668041,-0.6676312627196054,-0.6721319817707565
0.25996509968701814,-0.6613187396424484,-0.6627807379480055,-0.6655309690148707,-0.6672441937711238,-0.11310645014003108,-0.9954419164644239,-0.7799578397936361,-1.136284504647906,-0.9186818469767185,-0.673224555547206,-0.6841342445426315,-0.14610398625712567,-0.7201021737567175,-0.49384515421824393,-0.661562465442341,-0.666960855473219
-0.017451081456257348,-0.6649418518400575,-0.6678486573455834,-0.6695888913973431,-0.6715933770636022,-0.12947468256580225,-0.8811803728081009,-0.7799578397936361,-1.136284504647906,-0.8279257361318857,-0.671202307692146,-0.6828519534909206,0.011558982645585804,-0.7201021737567175,-0.5139067689139526,-0.666575581070832,-0.6608923516950723
0.31772751570318924,-0.6707282342555028,-0.668937189328866,-0.6712904797472748,-0.6716848617773692,1.7146041122552695e-05,-0.538395741839132,-0.7799578397936361,-1.136284504647906,-0.06910705057614716,-0.6694444059619303,-0.6816323030940348,0.041304468284478146,-0.7201021737567175,-0.5051057355836347,-0.6709245503587601,-0.6659052248793118
-0.3142856119494106,-0.6716417774218186,-0.6732136924402378,-0.672334508321406,-0.6729656477701058,-0.008291601383126493,-0.424134198182809,-0.7799578397936361,-1.136284504647906,-0.28738651362451584,-0.6685519106295347,-0.6804881899573789,-0.0015363990778299844,-0.7201021737567175,-0.5596306558792101,-0.6710160305709588,-0.6702539838424274
-0.46922899729525447,-0.6722447159115872,-0.671013430251078,-0.6700203856867414,-0.6688726216761747,0.09835117180711157,-0.30987265452648605,-0.7799578397936361,-1.136284504647906,0.7052207911283782,-0.6678940551990431,-0.6790924701905096,-0.11120633450877325,-0.7201021737567175,-0.5596454724336383,-0.6722967535417412,-0.6703454596304611
-0.6164603034178947,-0.6695095676716373,-0.6702166605288884,-0.667694068648246,-0.6705010495812255,-0.0008137287013026578,-0.19561111087016309,-0.7799578397936361,-1.136284504647906,-0.3457742544777701,-0.6682089149893282,-0.6777921545974348,-0.272172536901115,-0.7201021737567175,-0.5831593443111053,-0.6682039288479695,-0.671626120662931
-0.6871987698424382,-0.6705391308200753,-0.6715487738494137,-0.6689013146274975,-0.6688854295361021,0.05927928704457993,-0.08134956721384012,-0.7799578397936361,-1.136284504647906,0.2418983029963101,-0.6691608227676046,-0.6765890855503555,-0.6017586584302389,-0.7201021737567175,-0.5862115545233035,-0.6698322766251071,-0.6675334939063092
-0.5915614923815341,-0.6699791288591237,-0.6693413737456094,-0.6673132280362988,-0.6692696653339231,0.03782194682145617,0.2614350637551288,-0.7799578397936361,-1.136284504647906,-0.12157320531203099,-0.6694505565895876,-0.6755074288313047,-0.7879542502153479,-0.7201021737567175,-0.5746398255149214,-0.6682167360776774,-0.6691617629333066
-0.20353006256386988,-0.6694364842183319,-0.6716852864669893,-0.6738222255887665,-0.6732401019114065,-0.06466645265665812,0.3756966074114518,-0.7799578397936361,-1.136284504647906,-0.7696451614763291,-0.6696861125424193,-0.6746460277088515,-0.8172641552294617,-0.7201021737567175,-0.5107508428207581,-0.6686009529689121,-0.667546300516634
-0.4189086389305194,-0.6736150306610612,-0.6721073156703439,-0.6736665124321574,-0.6716537569746884,0.06636249422375211,0.48995815106777474,-0.7799578397936361,-1.136284504647906,0.2418118042327471,-0.6696816631521991,-0.6736763258071985,-0.7825208466725604,-0.7201021737567175,-0.5202186211003432,-0.6725711941783374,-0.6679304988263749
-0.867733921657604,-0.6719523820983662,-0.6737490360385733,-0.6702830343846361,-0.6726783857688777,0.005293200655521055,0.6042196947240978,-0.7799578397936361,-1.136284504647906,-0.24033627839268473,-0.6696405717248719,-0.6728662961629424,-0.7897861572025285,-0.7201021737567175,-0.6009243930704514,-0.6709849272988113,-0.6719005480270317
-0.6807815453944758,-0.672012675947343,-0.6719056695816374,-0.6710334592357636,-0.6693483421877626,0.08227374554118917,0.7184812383804207,-0.7799578397936361,-1.136284504647906,0.5628368284539904,-0.6697086212223566,-0.6718720292986129,-0.8613705682944932,-0.7201021737567175,-0.5584601480793867,-0.6720095056754372,-0.6703143578625297
-0.7027163877647776,-0.6695040864126394,-0.6698945621305564,-0.6678760466746444,-0.6705257504539426,-0.0014992003638030933,1.0612658693493895,-0.7799578397936361,-1.136284504647906,-0.265151496006909,-0.6697121545616491,-0.6709647531083615,-0.8768499284781713,-0.7201021737567175,-0.5749361566034846,-0.6686796259514031,-0.6713388866885055
-0.7858392258370209,-0.6700887540390816,-0.6708760253941719,-0.6687324690359937,-0.6693547461177262,0.03838278727259315,1.1755274130057125,-0.7799578397936361,-1.136284504647906,0.16096228401917964,-0.6697792880082062,-0.6701747746148901,-0.8931469297802,-0.7201021737567175,-0.5777068522815477,-0.6698569762824008,-0.6680091680040838
-0.7894952207922584,-0.6696621293804119,-0.6713105459481543,-0.6687259028185464,-0.6707389098370193,-0.002745512477440517,1.2897889566620355,-0.7799578397936361,-1.136284504647906,-0.30253426431010716,-0.6699894562638993,-0.6694965667015966,-0.8736983496900791,-0.7201021737567175,-0.5850262301690514,-0.6686860295662569,-0.6691864613960757
-0.9163251434431745,-0.6714280083209008,-0.67224472052725,-0.6699519094190761,-0.6730324316111557,-0.014668565031238388,1.4040505003183585,-0.7799578397936361,-1.136284504647906,-0.4706551530100235,-0.6699597500409589,-0.6689688191846962,-1.0124846046377431,-0.7201021737567175,-0.5811739260177337,-0.6700701251768237,-0.6680155713092462
-0.37936040192215337,-0.672469447530501,-0.675218554216005,-0.6759740688493747,-0.6772709183999761,-0.08722470191349457,1.5183120439746816,-0.7799578397936361,-1.136284504647906,-0.8371441479110601,-0.6707632575689513,-0.6686744388132224,-0.8552616652798188,-0.7201021737567175,-0.535435222498048,-0.6723635340966463,-0.6693995999821939
-0.6704063666505589,-0.6765137031277816,-0.6783351461976492,-0.6778435647597462,-0.6766369293335714,0.019127265116895456,-1.5667496347460388,-0.48334139791353253,-1.136284504647906,0.0684535551737109,-0.671329507906675,-0.6684889733450151,-0.8342542384859576,-0.7201021737567175,-0.5576600541402664,-0.6766018123278138,-0.6716928979881955
-0.585414462945512,-0.6790350822668137,-0.680881597247066,-0.679845323050129,-0.6824187632436397,-0.05482058695892251,-1.4524880910897158,-0.48334139791353253,-1.136284504647906,-1.1490841591378957,-0.6731991678500675,-0.6686117981583974,-0.8140720456850115,-0.7201021737567175,-0.5683279733285314,-0.6759678544572766,-0.6759309712477906
0.20504101970893285,-0.6833406112096608,-0.6835279791015054,-0.6868617954081716,-0.688371673568452,-0.0920853191566801,-1.3382265474333928,-0.48334139791353253,-1.136284504647906,-1.227613910886836,-0.6757519400566716,-0.6688509073638493,-0.6364447967740755,-0.7201021737567175,-0.5014460466398826,-0.681749403868237,-0.675297044036718
0.7064691954167523,-0.6844551338725663,-0.6869898677040763,-0.6934964891232032,-0.6950985445717321,-0.21947918903898136,-1.2239650037770697,-0.48334139791353253,-1.136284504647906,-1.4386617558447006,-0.6794344647859403,-0.6690771199638961,-0.6484459231918096,-0.7201021737567175,-0.45413678835081367,-0.687702021276009,-0.6810783138404394
-0.3276050738997816,-0.6951682545839535,-0.694288385428053,-0.6945470839147818,-0.6930245861106366,0.07120233959837745,-1.109703460120747,-0.48334139791353253,-1.136284504647906,0.3973793473720502,-0.6826223220142624,-0.6693395351776873,-0.35665582361164705,-0.7201021737567175,-0.5587416626135214,-0.6944285612789823,-0.6870306433677835
-0.4968360766287397,-0.692214769527254,-0.6944195446096453,-0.6953659850335748,-0.6966903785912762,-0.079185988780533,-0.7669188291517779,-0.48334139791353253,-1.136284504647906,-0.8346228321629096,-0.6860064758699442,-0.6697763923326847,-0.3635751399114927,-0.7201021737567175,-0.5479848440986875,-0.692354704868437,-0.6937568580618916
-0.6278339524590306,-0.6971899256110108,-0.6983926863486267,-0.6964916223102661,-0.6968303502033396,0.030759511510844186,-0.652657285495455,-0.48334139791353253,-1.136284504647906,-0.08305706117753724,-0.6888043571319118,-0.6702152760971029,-0.2899657745571861,-0.7201021737567175,-0.5961830956534452,-0.6960203169712404,-0.6916831019471708
-0.4249857967541003,-0.6971661734886866,-0.6948183755904054,-0.6958350005655295,-0.6966656777185591,0.033958379269180425,-0.538395741839132,-0.48334139791353253,-1.136284504647906,-0.01613459586399744,-0.6916693718404362,-0.6705823073456925,-0.3155981901072281,-0.7201021737567175,-0.547199566713996,-0.6961602816959045,-0.6953485367736757
-0.7055062348860026,-0.6948211081807534,-0.6970846634900265,-0.697331160112465,-0.6976903065127484,-0.04262750011383679,-0.424134198182809,-0.48334139791353253,-1.136284504647906,-0.27723441749357364,-0.6938538915741136,-0.6710426854524525,-0.3809122587297853,-0.7201021737567175,-0.5612012106485934,-0.6959956173139468,-0.695488494729367
-0.8596434950861812,-0.6970501535065644,-0.6973639344004916,-0.6954288331148567,-0.6974890401424613,0.012625670257420488,-0.30987265452648605,-0.48334139791353253,-1.136284504647906,-0.0077908963211751085,-0.6951580863662917,-0.671656379632517,-0.5135988126929747,-0.7201021737567175,-0.5958867645648821,-0.6970201956905726,-0.6953238383109066
-0.836389268544781,-0.6968245083444844,-0.6962040232707644,-0.6946662138598982,-0.6970746143890972,0.016904675180908813,0.03291197644248285,-0.48334139791353253,-1.136284504647906,0.03923129944431862,-0.6954407535096898,-0.6724485996788326,-1.0013923742384432,-0.7201021737567175,-0.5886711025583752,-0.6968189392237355,-0.6963483671368825
-0.8556645297521595,-0.6962763824446948,-0.6981847945846064,-0.697105094626063,-0.6992885444622562,-0.04582636787217265,0.14717352009880583,-0.48334139791353253,-1.136284504647906,-0.5398518143606323,-0.6963367821813778,-0.673488710904757,-1.0982711687562752,-0.7201021737567175,-0.5830408118756801,-0.6964045338624753,-0.6961471204032087
-0.3519454695228816,-0.6962160885957178,-0.6949191986347586,-0.6947722113701201,-0.6953181078847727,0.04295259835592991,0.2614350637551288,-0.48334139791353253,-1.136284504647906,0.8375014906685176,-0.6961404855540181,-0.6745992621611562,-0.9057489222385806,-0.7201021737567175,-0.5656609935314653,-0.6986183549976847,-0.6957327350834167
-0.11682946344287258,-0.6934937299600964,-0.6940385584154963,-0.6950536206892928,-0.69285442454303,0.03699107207903133,0.3756966074114518,-0.48334139791353253,-1.136284504647906,0.4827960104761642,-0.6955717487923477,-0.6754588516176119,-0.8333885539801844,-0.7201021737567175,-0.546592087982442,-0.6946481137882593,-0.697946449153829
0.2880213271249462,-0.6914409984653844,-0.6918026066531143,-0.6893944792807272,-0.6897622412177088,0.060525599158217376,0.48995815106777474,-0.48334139791353253,-1.136284504647906,0.606702386096795,-0.69458424589231,-0.676068676816055,-0.7552378081931664,-0.7201021737567175,-0.5988500754505112,-0.6921845516737473,-0.6939763999531722
-0.4366723690325861,-0.6896869955860577,-0.6905829154882395,-0.6897002774075617,-0.6922378175722412,-0.03556506480322481,0.8327427820367437,-0.48334139791353253,-1.136284504647906,-0.5677971032369944,-0.6938042939596007,-0.6767585223804163,-0.6487855357460816,-0.7201021737567175,-0.573765648803661,-0.6890925205014299,-0.6915129569814282
-0.8245755893968542,-0.6916785196886266,-0.692878647285769,-0.6901261435105767,-0.6912076996952259,0.033106732658195026,0.9470043256930666,-0.48334139791353253,-1.136284504647906,0.1661928117732124,-0.6929057788639661,-0.677370804075127,-0.654688486380297,-0.7201021737567175,-0.6051619276369012,-0.6915679750435278,-0.6884210753458937
-0.801913400885056,-0.6908809965044328,-0.6913207974146122,-0.6892941099568889,-0.6901885599838626,0.038112752981304954,1.0612658693493895,-0.48334139791353253,-1.136284504647906,0.16218832067751626,-0.6919207623878749,-0.6780862586130787,-0.6588562017766263,-0.7201021737567175,-0.5924345073831241,-0.69053790785417,-0.6908964101700821
-0.6281203021842021,-0.689303307456205,-0.6890009751551575,-0.6877060233656901,-0.6868100295044509,0.07895024657148986,1.1755274130057125,-0.48334139791353253,-1.136284504647906,0.6533972872004967,-0.6901357717230837,-0.6786336581001201,-0.8126496280892932,-0.7201021737567175,-0.5789958925167963,-0.689518818290276,-0.689866392796824
-0.7063021394500609,-0.6865690727594214,-0.6886021441743974,-0.6866422961392168,-0.6880789224843978,-0.012030537724038786,1.2897889566620355,-0.48334139791353253,-1.136284504647906,-0.3108578020747363,-0.689100241581552,-0.67927787424631,-0.8217686264071772,-0.7201021737567175,-0.5891748654089323,-0.6861404540537765,-0.6888473525181301
-0.8659494081090046,-0.6877566788756322,-0.6893043365275477,-0.6861732806072621,-0.6879627368979139,0.017610918711969827,1.7468351312873274,-0.48334139791353253,-1.136284504647906,-0.0284341198658136,-0.6884005095372236,-0.67990529409927,-0.857289342599819,-0.7201021737567175,-0.6082437709579557,-0.687409284596973,-0.6854691516660506
-0.8296035456726935,-0.6887067637686008,-0.6907015833192038,-0.6890567880977198,-0.6902013678437899,-0.011615100352826556,-1.6810111784023618,-0.18672495603342898,-1.136284504647906,-0.5122987914875743,-0.6884633244579788,-0.6804745871092969,-0.8829506875999839,1.388691822416084,-0.5859004068803121,-0.6872931047274806,-0.6867379208460761
-1.0089265365092572,-0.6898578281581588,-0.6921835928472632,-0.6889188975313251,-0.6905673066988575,0.006248706609309319,-1.5667496347460388,-0.18672495603342898,-1.136284504647906,-0.12877362999334926,-0.6882243660302729,-0.6811094071572631,-0.9993152703356494,1.388691822416084,-0.6126887372863993,-0.6895316255199838,-0.6866217465952734
-0.9701197562392971,-0.6896075173305882,-0.6909755007936855,-0.6883560788929793,-0.6905490097561042,0.0009726519949108188,-1.4524880910897158,-0.18672495603342898,-1.136284504647906,-0.04849437139875252,-0.6881301436491402,-0.6817092221334154,-1.0137271179908793,1.388691822416084,-0.6015170552475777,-0.6898975463687788,-0.6888601591284549
-0.9670491218670118,-0.6908261839144538,-0.6915938226497634,-0.6899572979190729,-0.6895179770319512,0.05209222052260415,-1.109703460120747,-0.18672495603342898,-1.136284504647906,0.1636213621908763,-0.6880342200305704,-0.6823862017985751,-1.0134734552691496,1.388691822416084,-0.5864930690574381,-0.689879250326339,-0.689226062280589
-0.23274343327989425,-0.6882435973832786,-0.6835404704521333,-0.6861610862034313,-0.68240687023085,0.1548298824234457,-0.9954419164644239,-0.18672495603342898,-1.136284504647906,1.4256758529757922,-0.6874043695855822,-0.6827849832614239,-0.4823701980371965,1.388691822416084,-0.5127214445597011,-0.6888482683348592,-0.6892077671229824
-0.2753063825934252,-0.6812029202004816,-0.6797306085106443,-0.6792290366411404,-0.6804673942989916,0.03877745277524481,-0.8811803728081009,-0.18672495603342898,-1.136284504647906,0.33055261876027486,-0.6863155776258268,-0.6831579715134626,-0.5230526343090707,1.388691822416084,-0.5589490943755152,-0.6817375114406512,-0.688176834991844
-0.5560726721701674,-0.6804848752717572,-0.6830104802897811,-0.6826969374844137,-0.6842237566462607,-0.06283852822332311,-0.7669188291517779,-0.18672495603342898,-1.136284504647906,-0.7838732760893736,-0.6857807347484807,-0.6836105809507762,-0.3197564133021039,1.388691822416084,-0.5586379467325241,-0.6797981309420378,-0.6810664219879949
-0.269835955659793,-0.6851074036933159,-0.6873886986848365,-0.6880981203504044,-0.6906706844254141,-0.10411223105328087,-0.652657285495455,-0.18672495603342898,-1.136284504647906,-1.3415716297182532,-0.6858478681950376,-0.6842025965512787,0.011409565810725318,1.388691822416084,-0.5460290589141724,-0.6835543084549182,-0.6791271352816833
-0.6055753840063346,-0.6899126407481377,-0.6886976137827673,-0.6885746401308703,-0.6912314857208053,-0.007585357852065852,-0.30987265452648605,-0.18672495603342898,-1.136284504647906,-0.1698934103904642,-0.6859428757626798,-0.684671173214332,0.012875305170814097,1.388691822416084,-0.560238134610764,-0.6900009190085634,-0.6828831311383416
-0.7193045775418553,-0.6902899340758263,-0.6908211433894988,-0.6917827063694406,-0.6930062891678831,-0.0393040011441371,-0.19561111087016309,-0.18672495603342898,-1.136284504647906,-0.4259667950625572,-0.686294377590072,-0.6852205993107944,0.03469784373651304,1.388691822416084,-0.5448289180054925,-0.6905616927093416,-0.689329429921067
-0.8439621620293717,-0.691465664130875,-0.6909995912556107,-0.6901570985356856,-0.6913357782944995,0.025358825685082242,-0.08134956721384012,-0.18672495603342898,-1.136284504647906,0.3041171847334535,-0.6865544051891145,-0.6855198926748035,0.052852506343632595,1.388691822416084,-0.573469317715098,-0.6923364088259971,-0.6898901765017128
-0.930615919915149,-0.6911788115766518,-0.6932953230531403,-0.6911767383021551,-0.6911948918352985,0.02203532671538291,0.03291197644248285,-0.18672495603342898,-1.136284504647906,-0.022643818130383825,-0.6878114887907262,-0.6856146520183279,-0.5379090031981273,1.388691822416084,-0.5954867175953223,-0.6906659801512481,-0.6916648067895639
-0.8062887389566767,-0.6909412903534096,-0.692135411923413,-0.6905510715825276,-0.6926952411410757,-0.017431223549801086,0.14717352009880583,-0.18672495603342898,-1.136284504647906,-0.36810050961915436,-0.6895606226049197,-0.6855339868221392,-0.6762739003372713,1.388691822416084,-0.5861078386423062,-0.6905251006244622,-0.689994458900071
-0.7241461599635162,-0.6899126407481377,-0.6898985679217002,-0.6882181883265848,-0.6901153722128491,0.017756321791894212,0.48995815106777474,-0.18672495603342898,-1.136284504647906,0.4968480333543513,-0.6904033894583842,-0.6854363410955002,-0.548917305934134,1.388691822416084,-0.5858115075537432,-0.6920253761045215,-0.6898535861864994
-0.853138931122667,-0.6891936822762471,-0.6906016525141812,-0.6878561083359157,-0.6901702630411093,0.00016254912104693542,0.6042196947240978,-0.18672495603342898,-1.136284504647906,-0.06378677844348757,-0.690331806621607,-0.6852174979842565,-1.0831977991510553,1.388691822416084,-0.6032061424523864,-0.6894456341205171,-0.6913537891102498
3.021478080374417,-0.7021111826479548,-0.7004867720574498,-0.7022764598813956,-0.7041674242474452,-0.02393281840927608,0.7184812383804207,-0.18672495603342898,-1.136284504647906,-2.9757252631257427,-0.6921822294955182,-0.6854637617350878,0.6108153302723535,1.388691822416084,-0.539583857737929,-0.6895005222478363,-0.6887741718877033
0.4927383502453399,-0.704413311427071,-0.7054833123085831,-0.7045399288386092,-0.7043266076493995,0.02479798523394563,0.8327427820367437,-0.18672495603342898,-1.136284504647906,-0.08945347443238195,-0.6938015458068177,-0.6857208954819035,0.6259165694584038,1.388691822416084,-0.586804216700429,-0.7034969947142435,-0.6888290573605235
-0.08504774109477879,-0.707848233732419,-0.7069287400240895,-0.7060407785408642,-0.7063081665495906,0.05790834371957869,0.9470043256930666,-0.18672495603342898,-1.136284504647906,-0.5150998396739718,-0.6959432728757307,-0.6860101479174189,0.5436350453087717,1.388691822416084,-0.587100547788992,-0.7036561702834693,-0.7028248529296591
-0.043631367597391585,-0.7073549204226084,-0.704733831270913,-0.707203937060112,-0.7030147168539821,0.12147026151508537,1.2897889566620355,-0.18672495603342898,-1.136284504647906,0.729762040182179,-0.6976340411593892,-0.6861956133856261,0.718437211173037,1.388691822416084,-0.5322792964048532,-0.7056376316796941,-0.7029840208008374
-0.2392768007006647,-0.7006376375206872,-0.7016172392892688,-0.6999876640854567,-0.7010386470366171,0.013601948079769707,1.4040505003183585,-0.18672495603342898,-1.136284504647906,0.4041640164564868,-0.6988275246537364,-0.6863286633647224,0.7948324371532355,1.388691822416084,-0.5945088250030647,-0.7023443440405394,-0.7049653863696446
-0.2712162916630208,-0.6986643842814446,-0.6970186377795651,-0.6977429557495213,-0.6959155030656706,0.0850571759283132,1.5183120439746816,-0.18672495603342898,-1.136284504647906,1.112165986444773,-0.699657205065377,-0.6862154495929873,0.9634841564604212,1.388691822416084,-0.5536003182269548,-0.7003683714570467,-0.7016722580004361
-0.4928504214594842,-0.6938892941511112,-0.6959961315067439,-0.6939776990589887,-0.6946411210028977,0.0054178318668841275,1.6325735876310044,-0.18672495603342898,-1.136284504647906,0.22576429815245375,-0.7002967394773149,-0.6861927270025115,0.98249801272577,1.388691822416084,-0.5960941963268762,-0.6952454795739171,-0.6996963809789112
-0.38105774939537396,-0.6980486561873478,-0.6931766552221759,-0.6958668936217024,-0.6920676560046347,0.1584234156844336,-1.6810111784023618,0.10989148584667455,-1.136284504647906,0.5037182703602741,-0.698565926681675,-0.6861663196676344,-0.6823034737556758,-0.7201021737567175,-0.519433343715651,-0.6939711602179887,-0.6945737368490315
-0.42309183006792667,-0.6958625473903537,-0.6953751329326746,-0.6946155601824472,-0.6936045991959187,0.07381959503701611,-1.2239650037770697,0.10989148584667455,-1.136284504647906,-0.3779403768554893,-0.6970321956999043,-0.6862952857216859,-0.585246535703563,-0.7201021737567175,-0.5757066174337481,-0.6913978218488381,-0.6932994791217238
-0.4713231015521708,-0.6956981096204168,-0.6949664873192783,-0.6939908314938834,-0.6933237411246543,0.076457622344215,-1.109703460120747,0.10989148584667455,-1.136284504647906,0.007875513095330473,-0.6951748370118265,-0.6863317339850569,-0.7814439530752254,-0.7201021737567175,-0.5787884607548023,-0.692934689413777,-0.6907262652043396
-0.714182579526647,-0.6938098158956417,-0.6932480343686207,-0.6914825364289896,-0.6924088939869852,0.05429403859003058,-0.9954419164644239,0.10989148584667455,-1.136284504647906,0.14335165604287772,-0.6936577258111721,-0.6863720512300497,-0.8261061857517354,-0.7201021737567175,-0.5898712434670551,-0.6926538451623269,-0.6922630584433035
-0.6280052865725169,-0.6909476851555738,-0.6922424806430801,-0.6905510715825276,-0.6918965795898906,0.0008480207835473711,-0.8811803728081009,0.10989148584667455,-1.136284504647906,0.056491788585266114,-0.6923499976797016,-0.6864293797116959,-0.8176517579791447,-0.7201021737567175,-0.5878858251736837,-0.6917390430403394,-0.6919822277740405
-0.38606843598544316,-0.6896321829960789,-0.6880962444739701,-0.68741804782907,-0.6870176998047018,0.08171290509005294,-0.538395741839132,0.10989148584667455,-1.136284504647906,0.9799634992548273,-0.6910772103479011,-0.6864363500198553,-0.8997312533703791,-0.7201021737567175,-0.5685205885360973,-0.6912267538520265,-0.6910674698937048
-0.5338377163581297,-0.6871108038570468,-0.6876679695953015,-0.6850982970080219,-0.6870963766585414,0.022596167166519545,-0.424134198182809,0.10989148584667455,-1.136284504647906,-0.0683814687372917,-0.6899979714906772,-0.6864033715574621,-0.8720304713738344,-0.7201021737567175,-0.5980499815113913,-0.6863481141354677,-0.6905552054807168
-0.7258314409561486,-0.686258468082874,-0.6888046825024344,-0.6869302716758371,-0.6883899705112053,-0.02615540834526274,-0.30987265452648605,0.10989148584667455,-1.136284504647906,-0.3164413064304006,-0.6894718965293531,-0.6864177113544246,-0.8559468514666859,-0.7201021737567175,-0.5879895410546805,-0.6864267871179587,-0.6856768017048868
-0.8898809804678206,-0.687707347544651,-0.6891910221325667,-0.686454689926435,-0.6889992587048929,-0.007045289269489424,-0.19561111087016309,0.10989148584667455,-1.136284504647906,-0.17791173379033656,-0.6888131250479339,-0.6863773634032284,-0.9111141395241443,-0.7201021737567175,-0.6019171022171376,-0.6877203173184487,-0.6857554708825957
-0.96924431696746,-0.6880727648111775,-0.6904936915551836,-0.6873364391265098,-0.6896890534466954,-0.014398530739949811,-0.08134956721384012,0.10989148584667455,-1.136284504647906,-0.19514664857221312,-0.6882932007142669,-0.6863478854480167,-0.8839651929959763,-0.7201021737567175,-0.6096217105197732,-0.6883295755316924,-0.6870489385253902
-0.7529830416188864,-0.6898267676905041,-0.6879124431718748,-0.688175038897645,-0.6861211496097862,0.10649374428287602,0.2614350637551288,0.10989148584667455,-1.136284504647906,0.690185096015395,-0.6873937695677047,-0.6861992674238241,-0.757300983765517,-0.7201021737567175,-0.5535114189003858,-0.6890193363316709,-0.6876581672736938
-0.8174754442687809,-0.6865626779572572,-0.6867168424689251,-0.6841415053228342,-0.6867249487206476,0.018566424665758842,0.3756966074114518,0.10989148584667455,-1.136284504647906,-0.17473407909662625,-0.686653993011395,-0.6861055213850101,-0.7290652871191776,-0.7201021737567175,-0.5973684200076966,-0.6854516080559201,-0.6883478947154669
-0.9087946189150642,-0.6856674056542675,-0.6863001667015538,-0.6839848541351614,-0.6848339596870858,0.04114544579115585,0.48995815106777474,0.10989148584667455,-1.136284504647906,0.33271384363883844,-0.6863416196450565,-0.686186984942486,-1.0297407320719105,-0.7201021737567175,-0.592923453679253,-0.6860553774564316,-0.6847803389821578
-0.5613624735524887,-0.6859533446653245,-0.6874618623099423,-0.6876741303095172,-0.6896277586884715,-0.061197550607034044,0.6042196947240978,0.10989148584667455,-1.136284504647906,-1.0151821510882009,-0.6867037214903261,-0.6864944461565851,-0.6805509119484555,-0.7201021737567175,-0.5539410989788021,-0.6841644814702837,-0.6853840791831792
-0.9061292770606894,-0.6883961590920533,-0.6894524482564205,-0.687812020875912,-0.688548239066022,0.018857230825607252,0.7184812383804207,0.10989148584667455,-1.136284504647906,0.172227993496144,-0.6867263610346817,-0.6866395943797996,-0.6757922067786994,-0.7201021737567175,-0.5848187984070576,-0.6889580445894977,-0.6834932746445255
-0.551378464340989,-0.6882253265199523,-0.6853543930111607,-0.6862539512787583,-0.6838276278356499,0.12215573317758581,1.0612658693493895,0.10989148584667455,-1.136284504647906,0.9218063377778973,-0.6859865844783719,-0.6864099119787748,-0.45683842110440953,-0.7201021737567175,-0.5413766608237347,-0.6878785780855526,-0.6882866059374844
-0.746913329334149,-0.6849246950600527,-0.6861814988705895,-0.6837972479223795,-0.6841322719324937,0.040189939837367565,1.1755274130057125,0.10989148584667455,-1.136284504647906,-0.1130772892082294,-0.6851917140019831,-0.6861716318408132,-0.468341496101583,-0.7201021737567175,-0.5939161628259388,-0.6831581991360975,-0.6872071916386883
-0.8473022480985716,-0.6839197975771052,-0.6841828827701362,-0.6827841743733573,-0.6847543679861087,0.0032160137994580442,1.2897889566620355,0.10989148584667455,-1.136284504647906,-0.17665145720111075,-0.6849962025611328,-0.6858946618866362,-0.5653320876286146,-0.7201021737567175,-0.57672895968929,-0.6834628282427193,-0.6824870409761562
-0.9349327219284745,-0.6847657385491137,-0.6857291335299958,-0.68298397498997,-0.6834616889805823,0.05180141436275572,1.4040505003183585,0.10989148584667455,-1.136284504647906,0.20716463428276047,-0.6845294091812714,-0.6856303735944409,-0.5661024081443988,-0.7201021737567175,-0.5992501224200713,-0.6840848936856709,-0.682791655350308
-0.8148665943563799,-0.6830912139252566,-0.6830408164270201,-0.6807083116289258,-0.6809120100078988,0.07161777696958968,1.5183120439746816,0.10989148584667455,-1.136284504647906,0.454790173398017,-0.6839683934202773,-0.6852852358688367,-0.5425868882566065,-0.7201021737567175,-0.5905528049707498,-0.6827922782873027,-0.6834136907089363
-0.6378696220648352,-0.6801678757930455,-0.6822378010295165,-0.6812458034285458,-0.6838276278356499,-0.061052147527109274,-1.6810111784023618,0.4065079277267781,-1.136284504647906,-0.6219025009091191,-0.6831387130086368,-0.6849876006398081,-0.7649584818206474,-0.7201021737567175,-0.5687280202980914,-0.6802427247733238,-0.6821211378240221
-0.6537286074128518,-0.6839015267137789,-0.6862582314530177,-0.686236128688544,-0.685541136524504,-0.015063230533890063,-1.5667496347460388,0.4065079277267781,-1.136284504647906,-0.39402379325933395,-0.6827085616658826,-0.6848340696230804,-0.692960304043484,-0.7201021737567175,-0.5566673449935808,-0.6831581991360975,-0.6795717076115265
-0.67602043921296,-0.685119279754478,-0.6863599467367014,-0.6844791965058417,-0.6864010928339128,-0.006899886189565042,-1.4524880910897158,0.4065079277267781,-1.136284504647906,-0.22593455544886135,-0.6830766832743912,-0.6847075600652965,-1.0354705268402749,-0.7201021737567175,-0.5861078386423062,-0.6848716235105801,-0.6824870409761562
-0.6140636699454083,-0.6861424481007519,-0.6856693534948484,-0.6858299612378713,-0.6834616889805823,0.08310462028361476,-1.3382265474333928,0.4065079277267781,-1.136284504647906,0.5447833061089993,-0.6829807596558213,-0.6840125865649763,-0.8718435950334263,-0.7201021737567175,-0.5533039871383918,-0.6857315375052482,-0.684200382486025
-0.7909378094289112,-0.6835178385839262,-0.6849912516036231,-0.6824840044329064,-0.6838157348228602,0.015388328775983538,-1.2239650037770697,0.4065079277267781,-1.136284504647906,-0.12274496950480816,-0.6828464927627073,-0.6833241534859688,-0.8769847542736084,-0.7201021737567175,-0.5948940554181966,-0.6827922782873027,-0.6850602548935405
-0.963921438066483,-0.6847355916246253,-0.6864188345325184,-0.6833029055516993,-0.6861760404380464,-0.010514191319113513,-0.8811803728081009,0.4065079277267781,-1.136284504647906,-0.5229638791367806,-0.6832347674916248,-0.6826484327751463,-0.8310449701044559,-0.7201021737567175,-0.6056656904874583,-0.6831463067085117,-0.6821211378240221
-0.9750152166117572,-0.6854545500965159,-0.6852669535567659,-0.682953019964861,-0.6843948330610047,0.04627609732562997,-0.7669188291517779,0.4065079277267781,-1.136284504647906,0.30891691727562076,-0.6837329683318638,-0.6820234694184538,-0.8886852983954325,-0.7201021737567175,-0.5920640935224205,-0.6855064961832393,-0.6824751491237119
-0.9496068755136774,-0.6845894247180148,-0.6862582314530177,-0.6842221759943306,-0.6864870884648537,-0.020900125599424803,-0.652657285495455,0.4065079277267781,-1.136284504647906,-0.47124478093736244,-0.684113391195687,-0.6815350565480393,-0.938610816469575,-0.7201021737567175,-0.5884784873508095,-0.6837253764517297,-0.684835224454978
-1.0350020152317296,-0.6858501142875307,-0.6876269265860958,-0.6849791670629054,-0.6869381081037246,-0.0024754781861523146,-0.538395741839132,0.4065079277267781,-1.136284504647906,-0.14400454428194123,-0.6843132211623392,-0.6812337365746093,-0.9727920297566125,-0.7201021737567175,-0.5992501224200713,-0.6858175289047149,-0.6830541908619643
-1.047101139738213,-0.686313280672853,-0.6881738692957288,-0.6845851940160635,-0.6865108744904331,0.017756321791894212,-0.424134198182809,0.4065079277267781,-1.136284504647906,0.03480083136064455,-0.684328924892528,-0.6809608505454772,-0.9781879896204685,-0.7201021737567175,-0.6145556231443458,-0.6862685263508548,-0.685146242134292
-1.0087992438110598,-0.6859414686041624,-0.6864786145676658,-0.6840289415951651,-0.6865236823503605,0.009011365127872392,-0.08134956721384012,0.4065079277267781,-1.136284504647906,-0.05493103288607154,-0.6847669281003768,-0.680774770953203,-1.1837874017942065,-0.7201021737567175,-0.5951903865067594,-0.6858413137598867,-0.6855972177692975
-0.9654731081831971,-0.6862639493418718,-0.6878526631367274,-0.6849791670629054,-0.6877312805720837,-0.011075031770250498,0.03291197644248285,0.4065079277267781,-1.136284504647906,-0.2978572336489837,-0.6853270278104432,-0.6805776371277246,-1.1717202407563352,-0.7201021737567175,-0.602998710690392,-0.6858541209895945,-0.6851700258391807
-1.0518289825723166,-0.6869710317526005,-0.6892561556036976,-0.6853609457059165,-0.6879563329679502,-0.00010748517024126692,0.14717352009880583,0.4065079277267781,-1.136284504647906,-0.09849021757742926,-0.6855816899683379,-0.6803974838326962,-1.2662620842350172,-0.7201021737567175,-0.62027481315361,-0.687061659790618,-0.6851828324495055
-1.068016153892883,-0.6872816364291479,-0.6887627472538981,-0.6856798762676458,-0.6877916604831698,0.01069388648128263,0.2614350637551288,0.4065079277267781,-1.136284504647906,-0.018493495491290538,-0.6860675895532623,-0.680242509624411,-1.408858747023407,-0.7201021737567175,-0.6070436300492759,-0.6872867011126267,-0.6863903128515486
-1.0755763986334483,-0.6874515554580827,-0.689054509514991,-0.6855297912974202,-0.6868832172754644,0.03518391951425729,0.3756966074114518,0.4065079277267781,-1.136284504647906,0.13409645618314903,-0.6861242538463601,-0.6800742396300773,-1.4896391197344834,-0.7201021737567175,-0.6142592920557828,-0.687122036730669,-0.6866153432901111
-1.0006733239471468,-0.68706786732823,-0.6890901990882135,-0.6854359881910294,-0.6881457063254477,-0.0022054438948641095,0.7184812383804207,0.4065079277267781,-1.136284504647906,-0.30969022032380616,-0.6862969948784367,-0.6801121003788024,-1.4332893900317987,-0.7201021737567175,-0.616333609675723,-0.6862136382235355,-0.6864506868716507
-0.5015276952439109,-0.6869765130115983,-0.6870790916371323,-0.6853609457059165,-0.686981105919195,0.02215995792674638,0.8327427820367437,0.4065079277267781,-1.136284504647906,0.18728535724429887,-0.686364259189412,-0.6801082313971809,-1.3788948101141851,-0.7201021737567175,-0.5841224203489348,-0.6874760651518782,-0.6855423322964774
-0.9067824651397611,-0.6853138644489033,-0.6878767535986525,-0.6857230256965856,-0.6883350796829452,-0.04638720832330929,0.9470043256930666,0.4065079277267781,-1.136284504647906,-0.3285367463296522,-0.6866233707375269,-0.6801063890249801,-1.3301899282862981,-0.7201021737567175,-0.5916492299984326,-0.6863115220505882,-0.6868046981713406
-1.0566969526773995,-0.6877137423468154,-0.6898691240237919,-0.686630101735386,-0.689346900617207,-0.014793196242601836,1.0612658693493895,0.4065079277267781,-1.136284504647906,-0.26079620227161127,-0.6868544773001384,-0.6801180573822515,-1.34067403053844,-0.7201021737567175,-0.6104069879044649,-0.6876654291911295,-0.6856402113896733
-0.967894085222784,-0.6883048047754218,-0.6904312348020444,-0.6878495421184684,-0.689938806715279,-0.014793196242601836,1.1755274130057125,0.4065079277267781,-1.136284504647906,-0.1751953035108249,-0.6871380604944641,-0.6801264401757647,-1.3367151272790059,-0.7201021737567175,-0.6004798964376074,-0.6886772003380476,-0.68699405305257
-0.7777367203964262,-0.6895161630139567,-0.6918918305861702,-0.6902387072382458,-0.6928599136258561,-0.05357427484528507,1.5183120439746816,0.4065079277267781,-1.136284504647906,-0.6613668761523828,-0.6878630493715127,-0.6803526220696083,-1.1771490376734433,-0.7201021737567175,-0.5869968319079947,-0.6892690773109734,-0.6880057752682214
-0.7957916565485007,-0.6919772483040119,-0.6944436350715704,-0.6930396679950793,-0.6952147301582162,-0.05108165061801022,1.6325735876310044,0.4065079277267781,-1.136284504647906,-0.5542245108675966,-0.6890548316284227,-0.6806375756366551,-1.211210522203141,-0.7201021737567175,-0.5851299460500488,-0.6921900404864793,-0.6885976236167985
-0.7752330619487837,-0.6954359227316841,-0.6965314751050796,-0.6942093927317744,-0.6948057934876781,0.03684566899910695,1.7468351312873274,0.4065079277267781,-1.136284504647906,0.03642448988004117,-0.6900075245932087,-0.6809722732531217,-1.1544459163053433,-0.7201021737567175,-0.6013244400400117,-0.6945447411484749,-0.6915184455287103
0.09028067479221788,-0.6963010481101853,-0.6974237144356391,-0.6993057155019945,-0.7016607430902321,-0.09912698259873114,-1.6810111784023618,0.7031243696068816,-1.136284504647906,-1.535354025683934,-0.692107375048285,-0.681376151945726,-0.7235268976907411,1.388691822416084,-0.5356426542600423,-0.6941358245999464,-0.6938730323126944
-0.27436906234567604,-0.7003690558297904,-0.7021222467503654,-0.7019950505622228,-0.703484948282744,-0.048048957808159314,-1.5667496347460388,0.7031243696068816,-1.136284504647906,-0.4690764722280778,-0.6942744898143364,-0.6818774921277491,-0.7336459004460526,1.388691822416084,-0.5711875683331636,-0.7009904368999981,-0.6934641355401843
-0.5687144166456095,-0.7023852455978495,-0.702092802852457,-0.7002437465659038,-0.7004046579702123,0.06773343754875336,-1.109703460120747,0.7031243696068816,-1.136284504647906,0.6620235258724714,-0.6958562480376013,-0.6824338885323707,-0.3889223668018751,1.388691822416084,-0.5983611291543824,-0.7028145523312409,-0.7003184163375394
-0.7077653550786844,-0.6984387391193646,-0.7001611047017957,-0.699174391153047,-0.7010880487820512,-0.03751762044792325,-0.9954419164644239,0.7031243696068816,-1.136284504647906,-0.20686614823498056,-0.6974510927026899,-0.6830029973051774,-0.39204725779705063,1.388691822416084,-0.5831741608655331,-0.6997344135865092,-0.7021424435509287
-0.7571260937448911,-0.7020627648601401,-0.7040914189529102,-0.7018946812383845,-0.7037411054812914,-0.015354036693738846,-0.8811803728081009,0.7031243696068816,-1.136284504647906,-0.6556104284044948,-0.6990075940932344,-0.6836402738494114,-0.3928263114930027,1.388691822416084,-0.6054730752798924,-0.7004177707716339,-0.6990624537678384
-0.6862434242053093,-0.7023423090690327,-0.704073574166299,-0.7035587483457598,-0.7055031010684419,-0.04900446376194795,-0.7669188291517779,0.7031243696068816,-1.136284504647906,-0.46182148277659596,-0.7004792953407595,-0.6843800784066161,-0.3986798930857476,1.388691822416084,-0.5788921766357993,-0.7030706969253975,-0.6997457779044493
-0.6936180384067222,-0.7048335412835763,-0.7032116709729787,-0.703308294051696,-0.7031674963259729,0.06067100223814175,-0.424134198182809,0.7031243696068816,-1.136284504647906,0.4985397768986014,-0.7016753961234715,-0.6851270682154037,-0.2629428322200678,1.388691822416084,-0.5685354050905255,-0.7048326058123452,-0.7023985757574227
-0.7179446827018418,-0.7035792465162246,-0.7049238782483224,-0.7037144615023688,-0.7045397670324764,0.000993423863471774,-0.30987265452648605,0.7031243696068816,-1.136284504647906,-0.3697353919822379,-0.7020872264476722,-0.6858222566591473,-0.7218323061646196,1.388691822416084,-0.5905528049707498,-0.7024971159949113,-0.7041603994349492
-0.9645387611955518,-0.7043767697004184,-0.7052602524759432,-0.7028355263954857,-0.7043202037194358,0.02411251357144482,-0.19561111087016309,0.7031243696068816,-1.136284504647906,-0.0009590067632931163,-0.7022067056615251,-0.6864525628952218,-0.7613219256238078,1.388691822416084,-0.610021757489333,-0.7038693191778924,-0.7018250225664522
-0.8108958054876438,-0.7039263929194246,-0.7025273234064394,-0.7018702924307229,-0.7018748173204465,0.0693951870336034,-0.08134956721384012,0.7031243696068816,-1.136284504647906,0.5187371070561303,-0.7024170047816366,-0.6869719276186086,-0.830299087738436,1.388691822416084,-0.5798848857824849,-0.7036497666686155,-0.7031971593869557
-0.8069331930841934,-0.7015329098236768,-0.7006357760256533,-0.7002437465659038,-0.6988375248233855,0.08393549502603957,0.03291197644248285,0.7031243696068816,-1.136284504647906,0.6427735522479964,-0.7020950783127666,-0.6874880067782376,-0.6827382690371483,1.388691822416084,-0.5741656957732207,-0.701204500596543,-0.7029776174956751
-0.956701433390472,-0.6975251959530487,-0.6984167768105518,-0.6964916223102661,-0.6982639156680669,0.0058332692380967345,0.3756966074114518,0.7031243696068816,-1.136284504647906,0.07576358727939045,-0.7013115930407648,-0.6879729498476741,-0.8697074791547003,1.388691822416084,-0.5965831426230052,-0.6981673575515449,-0.7005324696815379
-0.9362160553208132,-0.6976165502696803,-0.6994160848607786,-0.6971735708937283,-0.6993004374750459,-0.015624070985026672,0.48995815106777474,0.7031243696068816,-1.136284504647906,-0.28273440401458905,-0.7004243322850988,-0.6884134610408695,-0.9435855366662235,1.388691822416084,-0.6024060485132663,-0.6975937766210588,-0.6974954735188236
-0.8948266269931174,-0.6979088840829014,-0.6998622045260583,-0.6986434655708743,-0.6989473064799058,-0.0009591317812266657,0.6042196947240978,0.7031243696068816,-1.136284504647906,0.02682181574702867,-0.6998206547237584,-0.6889019046174876,-1.00167876610669,1.388691822416084,-0.5865967849384349,-0.6986302474252705,-0.696921920327853
-0.9412252552808305,-0.697890613219575,-0.6996953557712436,-0.6977429557495213,-0.6982090248398068,0.015388328775983538,0.7184812383804207,0.7031243696068816,-1.136284504647906,0.11268065618066396,-0.6989150729495389,-0.6892953432009543,-1.1195637365075881,1.388691822416084,-0.5980499815113917,-0.6982771338061834,-0.6979583410062733
-0.8441251338488158,-0.6981400105039793,-0.6979706571452721,-0.6960732604557626,-0.6975869287861919,0.03518391951425729,0.8327427820367437,0.7031243696068816,-1.136284504647906,0.08589755489360426,-0.6979519108312937,-0.6896527634078967,-1.1307508687721277,1.388691822416084,-0.5957830486838851,-0.6975388884937396,-0.6976052444644638
-0.9390374933306419,-0.6978294058274319,-0.6974826022314561,-0.6955535912463566,-0.6966473807758058,0.04945419321540525,1.1755274130057125,0.7031243696068816,-1.136284504647906,0.15540637716384215,-0.6972041515454714,-0.6899929881409655,-1.2125544519995488,1.388691822416084,-0.5958867645648821,-0.6969168230507882,-0.6968670348550329
-0.7579411386708682,-0.6959109651781684,-0.6980884327369059,-0.6967364484179465,-0.6985868567076642,-0.038203092110423685,1.2897889566620355,0.7031243696068816,-1.136284504647906,-0.47798335069056513,-0.6971682946948736,-0.6903978801382803,-1.2804713672003376,1.388691822416084,-0.5872635298877015,-0.6959773212715071,-0.6962449994964046
-0.9973968037012513,-0.6972145912765012,-0.6991189691637021,-0.6963293429362097,-0.6983069134835374,-0.0022054438948641095,1.4040505003183585,0.7031243696068816,-1.136284504647906,0.010061185541751984,-0.697174445322531,-0.690752843848955,-1.2890124006953403,1.388691822416084,-0.6108070348740247,-0.6979167017701204,-0.6953055431533
-0.8794483682495637,-0.6983775317272215,-0.6996659118733352,-0.6992559998556073,-0.7017037409057024,-0.05288880318278427,1.5183120439746816,0.7031243696068816,-1.136284504647906,-0.8076620881041044,-0.697518226149247,-0.6912142659666288,-1.0202141526721276,1.388691822416084,-0.573661932922664,-0.6976367723207922,-0.6972448298596116
-0.9040353586325295,-0.7004421392830955,-0.7010640509043219,-0.6999004271965131,-0.6996727802600772,0.04016916796880663,1.6325735876310044,0.7031243696068816,-1.136284504647906,0.4118194934187459,-0.6976220016329111,-0.6916130474294777,-0.9140295995736376,1.388691822416084,-0.5867005008194319,-0.7010334325997315,-0.6969649139482288
-0.270803380166094,-0.6942976479464544,-0.6947059534347549,-0.6944598470258382,-0.6937747607635251,0.03437381664039304,-1.4524880910897158,0.9997408114869851,-1.136284504647906,1.2735804624908318,-0.6969877017977026,-0.6918443572592798,-0.41674516551715535,-0.7201021737567175,-0.5670537496477109,-0.6990025718889193,-0.7003614099579152
-0.7263417267214775,-0.6938098158956417,-0.696103200226411,-0.6941033952215526,-0.6951717323427458,-0.00843700446305125,-1.3382265474333928,0.9997408114869851,-1.136284504647906,-0.35216272166784673,-0.6966422197335496,-0.6920801809009737,-0.37373188808964475,-0.7201021737567175,-0.5958867645648824,-0.6931048426084666,-0.6983306474635699
-1.0358388021222162,-0.6943341896731071,-0.6962040232707644,-0.6945405176973344,-0.6969712366625406,-0.03737221736799923,-1.2239650037770697,0.9997408114869851,-1.136284504647906,-0.44274393767659626,-0.6966885457376064,-0.6924154926415074,-0.33527211447113814,-0.7201021737567175,-0.5906565208517468,-0.6945017454487414,-0.6924332034090459
-0.5107834415587158,-0.7002904911174871,-0.7015217696808989,-0.6994876935283928,-0.7015207714781686,-0.005238136704715013,-1.109703460120747,0.9997408114869851,-1.136284504647906,-1.0533555639279621,-0.6971082279269016,-0.692858061150327,-0.15996988841988097,-0.7201021737567175,-0.6008206771894546,-0.6963011612226906,-0.6938300386923185
-0.7353493916463646,-0.7011793686183124,-0.703241114870887,-0.7022455048562867,-0.7041985290501259,-0.04582636787217265,-0.9954419164644239,0.9997408114869851,-1.136284504647906,-0.6633765298258069,-0.6979509947803662,-0.6933565456554389,-0.11952184008178249,-0.7201021737567175,-0.5858115075537432,-0.7008504721753339,-0.6956293674429387
-0.768452913939391,-0.7009665130605609,-0.7015637049294352,-0.6998310128977837,-0.7015509614337118,0.009447574367645206,-0.652657285495455,0.9997408114869851,-1.136284504647906,0.565324554840355,-0.69792914042252,-0.6937462994945043,-0.1113731842056326,-0.7201021737567175,-0.5960941963268764,-0.7035280979863912,-0.7001784583818479
-0.9514172068708455,-0.7006613896430114,-0.7027173703838486,-0.7006752408553022,-0.7020696797607701,-0.009267879205476089,-0.538395741839132,0.9997408114869851,-1.136284504647906,-0.1707249588725306,-0.6982720051983083,-0.6940554188435841,-0.16062722735363683,-0.7201021737567175,-0.6019171022171376,-0.7008806606453596,-0.7028559546975905
-1.0178797659970757,-0.701209515542801,-0.701718062333622,-0.6993563691794455,-0.7012097234513612,0.022720798377883364,-0.424134198182809,0.9997408114869851,-1.136284504647906,0.1447926971017754,-0.6993355403253435,-0.6942566365941075,-0.6899887693271806,-0.7201021737567175,-0.606154636783587,-0.7013993534485263,-0.7002086453918991
-0.9201262706572327,-0.7014835784926958,-0.7034936186014353,-0.7014631869489861,-0.7019845989769669,0.011358586275222482,-0.30987265452648605,0.9997408114869851,-1.136284504647906,-0.22870192892721328,-0.7003100876479754,-0.6944975881717602,-0.6913756260479378,-0.7201021737567175,-0.6023615988499816,-0.7005394394538582,-0.7007273131100493
-0.5911480233983378,-0.7013867429170662,-0.7031750891604256,-0.7019322024809409,-0.7042589089612119,-0.042482097033912404,-0.19561111087016309,0.9997408114869851,-1.136284504647906,-0.5732831173381905,-0.7013525536036738,-0.6945847937892616,-0.671884925398261,-0.7201021737567175,-0.5896638117050613,-0.7013142768511815,-0.6998674407025339
-0.5441593888087605,-0.7035847277752224,-0.7049836582834698,-0.7046215375411693,-0.7058141490952493,-0.027817157830112394,0.14717352009880583,0.9997408114869851,-1.136284504647906,-0.4153323216324518,-0.7019667003184734,-0.6946629717829795,-0.8945702753667845,-0.7201021737567175,-0.5772179059854188,-0.7035884749264422,-0.7006422406271782
-0.3290227614830644,-0.7042306027938078,-0.7043412459654669,-0.7038335914474854,-0.7026798828015952,0.058032974930942505,0.2614350637551288,0.9997408114869851,-1.136284504647906,0.6888528337120504,-0.7017494653841952,-0.6947393381106999,-0.7859888835913517,-0.7201021737567175,-0.5789958925167963,-0.7051436385338208,-0.7029163287176926
-0.08927794690757869,-0.7019467448780179,-0.7000647428540953,-0.7008318920429751,-0.6999591274141677,0.06787884062867776,0.3756966074114518,0.9997408114869851,-1.136284504647906,0.5744604722086939,-0.7015217612964579,-0.6947014466557714,-0.7823444457644495,-0.7201021737567175,-0.5553931213127604,-0.7020095264638919,-0.7044714171142632
-0.4417531130638531,-0.7004969518730745,-0.7022418068206604,-0.7014631869489861,-0.7026798828015952,-0.026861651876323736,0.48995815106777474,0.9997408114869851,-1.136284504647906,-0.6653788454322765,-0.7016090478634239,-0.6946658274598905,-0.6565715620298744,-0.7201021737567175,-0.5815739729872934,-0.6992889049531015,-0.7013374566162333
-0.8380331097247155,-0.7026410376844181,-0.7030921109026836,-0.7012380594936478,-0.7020760836907338,0.03559935688546952,0.6042196947240978,0.9997408114869851,-1.136284504647906,0.08677163540219496,-0.701732976467497,-0.6945508020221581,-0.663369084585281,-0.7201021737567175,-0.5992501224200713,-0.7020095264638919,-0.698616966680115
-0.8732595397319145,-0.7011793686183124,-0.7016788038030773,-0.6994623666896673,-0.7004476557856828,0.03933829322638179,0.9470043256930666,0.9997408114869851,-1.136284504647906,0.32096195214435136,-0.701513124244854,-0.6944595124796117,-0.6351838542271114,-0.7201021737567175,-0.6038284377383684,-0.7014057570633804,-0.7013374566162333
-0.9299792705954051,-0.7000219094265901,-0.7012362530951198,-0.6988685930262125,-0.7007038129842302,0.007204212563097979,1.0612658693493895,0.9997408114869851,-1.136284504647906,-0.11027356708996708,-0.7010045851155742,-0.6943307613689838,-0.7473671912668852,-0.7201021737567175,-0.6058583056950241,-0.6997774092862427,-0.7007337164152118
-0.3901888170031559,-0.7011793686183124,-0.7021284924256793,-0.6995561697960582,-0.7007641928953164,0.03215122670440602,1.1755274130057125,0.9997408114869851,-1.136284504647906,-0.06601431429587724,-0.7002822135268902,-0.6942114063565795,-0.8297721974126815,-0.7201021737567175,-0.6098143257273392,-0.7000335538803992,-0.6991054473882142
1.0451698049980052,-0.6948823155728967,-0.6958765714364489,-0.6985871837070398,-0.6996846732728669,-0.08651845838243319,1.2897889566620355,0.9997408114869851,-1.136284504647906,0.19250219664023643,-0.699853763421573,-0.6941378957057702,-0.9712052991240242,-0.7201021737567175,-0.5213002295735973,-0.7000939308204505,-0.6993615795947082
-0.5896641807777436,-0.6993522822856807,-0.7008615125762848,-0.6997250153875619,-0.7021492714617472,-0.04084111941762294,1.4040505003183585,0.9997408114869851,-1.136284504647906,-0.6064355260735933,-0.7001670528388392,-0.6942490521618812,-0.9927851632468762,-0.7201021737567175,-0.586107838642306,-0.6990144643165052,-0.6994219536148104
-0.512013070440428,-0.7002722202541607,-0.7025451681930506,-0.7022389386388392,-0.703515138238287,-0.050936247538085816,1.7468351312873274,0.9997408114869851,-1.136284504647906,-0.3656165508637459,-0.7002865320526922,-0.6944253057690848,-1.1132086644618053,-0.7201021737567175,-0.5743583109807867,-0.7014789412331393,-0.6983425393160143
-0.07859484991415344,-0.7029817892854539,-0.704918524812339,-0.7070576042141421,-0.7077481359442815,-0.08543832121728072,-1.6810111784023618,1.2963572533670886,-1.136284504647906,-1.0342482010480054,-0.7010978914457792,-0.6947088468507777,-0.8102091658294507,-0.7201021737567175,-0.5376577056622701,-0.7028447408012665,-0.7008068970456386
-0.5954631529528549,-0.707848233732419,-0.7083714910216041,-0.7074328166397059,-0.7094369437604185,-0.013131446757751825,-1.5667496347460388,1.2963572533670886,-1.136284504647906,-0.45832793765675384,-0.7023837652194036,-0.6950609241783379,-0.9467132120119277,-0.7201021737567175,-0.5890711495279353,-0.7070775302197021,-0.7021726305609797
-0.8923616085382416,-0.7084877139488402,-0.7090995583153407,-0.7077236062695178,-0.7098028826154862,-0.006899886189565042,-1.4524880910897158,1.2963572533670886,-1.136284504647906,-0.14159693887821204,-0.7036853427232169,-0.6954500638933364,-0.9526936639818661,-0.7201021737567175,-0.5965683260685771,-0.7087662549368909,-0.7064052152732928
-0.427907953949948,-0.7084877139488402,-0.7079164489630189,-0.7083989886355326,-0.7078881075563449,0.0365756347078191,-1.3382265474333928,1.2963572533670886,-1.136284504647906,0.4162722719057878,-0.7047043839480504,-0.6957958157430074,-0.7706463148635918,-0.7201021737567175,-0.5662536557085911,-0.709132175785686,-0.7080938583203925
-0.6669269090139895,-0.7056922718599132,-0.7074221483738888,-0.7058409779242515,-0.7062715726640838,0.009717608658933032,-0.9954419164644239,1.2963572533670886,-1.136284504647906,0.3367667427751588,-0.7056466077593772,-0.6961188450022028,-0.718059551811104,-0.7201021737567175,-0.5984500284809514,-0.7072174949443661,-0.7084597614725268
-0.7793077167038155,-0.7055707706187933,-0.7055190018818055,-0.7050839868556766,-0.7052167539143515,0.030904914590768946,-0.8811803728081009,1.2963572533670886,-1.136284504647906,0.19808083887065445,-0.7060853961537353,-0.6963413728578481,-0.7164194311439982,-0.7201021737567175,-0.5788032773092303,-0.7056010395948145,-0.7065451732289841
0.13376513652061237,-0.7097822046155099,-0.7087845978316533,-0.7096559502611712,-0.7081927516531887,0.0590923402275344,-0.7669188291517779,1.2963572533670886,-1.136284504647906,-0.7525442984590425,-0.7067545059241956,-0.6966731840912003,-0.623430650430757,-0.7201021737567175,-0.5608159802334615,-0.7045462727481631,-0.704928796054431
-0.1301407489279579,-0.7072389004404862,-0.7090165800575987,-0.7118631373545502,-0.7110653716654693,-0.06396020912559675,-0.652657285495455,1.2963572533670886,-1.136284504647906,-0.7455732287133351,-0.7072290203047332,-0.6969874006700354,-0.7538940057960245,-0.7201021737567175,-0.5298049318153532,-0.7075221240509881,-0.7038740802184041
-0.6428790078536091,-0.7113863864155606,-0.710640455639217,-0.7102497239246259,-0.7091075987908577,0.07479587285936534,-0.538395741839132,1.2963572533670886,-1.136284504647906,0.43214590104254497,-0.7071819091141669,-0.6973040737451384,-0.7022954596650929,-0.7201021737567175,-0.5822555344909881,-0.7103946027140284,-0.706849787603136
-0.16700487537754335,-0.7090970472407729,-0.711015196158052,-0.7132579895465836,-0.7134439742234089,-0.0757170867309093,-0.19561111087016309,1.2963572533670886,-1.136284504647906,-1.1071444831145494,-0.7077027494987613,-0.6979642571170679,-0.41575428799346664,-0.7201021737567175,-0.5409617972997466,-0.7084369261729755,-0.7097221273473899
-0.65911076568715,-0.7122761774595524,-0.7120974824660206,-0.7108434975880806,-0.7120296205485726,0.0286823246547823,-0.08134956721384012,1.2963572533670886,-1.136284504647906,0.30519333210336175,-0.708295172720133,-0.6985300803261167,-0.4469816294124932,-0.7201021737567175,-0.5970720889191339,-0.7127730882311958,-0.7077645454834716
-0.745906694960228,-0.7123547421718557,-0.7131092818668752,-0.71136879498387,-0.7119317319048419,0.032691295286982426,0.03291197644248285,1.2963572533670886,-1.136284504647906,-0.0278951148725401,-0.7091048308757828,-0.6990322188694267,-0.5198104871326792,-0.7201021737567175,-0.6055767911608894,-0.7113588041506033,-0.7121004978362627
-0.47677085737751085,-0.7118431579987188,-0.7102773142316793,-0.7108059763455243,-0.7090472188797716,0.08655275046467789,0.14717352009880583,1.2963572533670886,-1.136284504647906,0.6669909992262454,-0.7096527601949528,-0.6992848388043507,-0.36295062805958905,-0.7201021737567175,-0.5674389800628429,-0.7112609203235506,-0.7106862821532637
-0.4162828786012775,-0.7074828164658926,-0.7081894741981701,-0.7089993285164348,-0.7112666380357566,-0.06298393130324753,0.2614350637551288,1.2963572533670886,-1.136284504647906,-0.591914502764242,-0.7100924646402387,-0.6995220749313986,-0.4037287554050836,-0.7201021737567175,-0.5613049265295904,-0.7083765492329244,-0.7105884030600678
-0.5743489303712248,-0.7108994679079143,-0.7106342099639031,-0.7093679747245512,-0.7115721969797381,0.007765053014234594,0.6042196947240978,1.2963572533670886,-1.136284504647906,-0.12807605378581427,-0.7101649635279437,-0.6998584306828459,-0.5107159259881122,-0.7201021737567175,-0.5960793797724481,-0.7105958591808658,-0.7077041714633695
-0.3429242267101868,-0.7104125494002679,-0.7090995583153407,-0.7098060352313968,-0.7075157647713137,0.08879611226922511,0.7184812383804207,1.2963572533670886,-1.136284504647906,0.9560036686050581,-0.7099372594402064,-0.700041224711362,-0.3177157488192553,-0.7201021737567175,-0.5636755752380938,-0.7109014030896096,-0.7099233740810638
-0.47503967668202485,-0.7075074821313831,-0.7066173484977242,-0.7064975996689882,-0.7063145704795543,0.05001503366654189,0.8327427820367437,1.2963572533670886,-1.136284504647906,0.23587250169318674,-0.7089174330288633,-0.7002125653260304,-0.7209174005522949,-0.7201021737567175,-0.5747139082870623,-0.7068451704807175,-0.710228903213096
-0.9441059726639803,-0.7056621249354249,-0.7056688980893395,-0.7035962695883162,-0.7041738281774088,0.05666203160594126,1.0612658693493895,1.2963572533670886,-1.136284504647906,0.4560584538681785,-0.707793700269438,-0.7002860452706362,-0.7043574471962455,-0.7201021737567175,-0.6047915137761977,-0.7056440352945479,-0.7061728667716877
-0.543648173899649,-0.7045412074703553,-0.7044126251119116,-0.7030268847325232,-0.7044967692170059,0.02384247928015697,1.4040505003183585,1.2963572533670886,-1.136284504647906,-0.12765064984255295,-0.7067301651424029,-0.7002940288835061,-0.6854268984185121,-0.7201021737567175,-0.5929234536792534,-0.7035033983290974,-0.7049717896748068
-0.5595866939554445,-0.7044927896825405,-0.7059713672223991,-0.7061852353247062,-0.7084919066672064,-0.06796917975779687,1.5183120439746816,1.2963572533670886,-1.136284504647906,-0.9866776841731296,-0.7066507304405314,-0.7003839059406987,-0.44631236663155904,-0.7201021737567175,-0.5689206355056574,-0.7038263234781589,-0.7028312562348215
-0.7250524468089311,-0.707269960908141,-0.7088497313027841,-0.7074356307328976,-0.7085952843937631,-0.007169920480853244,1.6325735876310044,1.2963572533670886,-1.136284504647906,-0.07733974692504815,-0.7062686063392711,-0.700582452251531,-0.5426621579029018,-0.7201021737567175,-0.5969683730381369,-0.7078212643448779,-0.7031541657665799
-0.43251835300994823,-0.7089444855319982,-0.7108483474032374,-0.7115001193328173,-0.7131823279420355,-0.07324523437219538,-1.6810111784023618,1.5929736952471922,-1.136284504647906,-1.1631705656872944,-0.7064989277153731,-0.7010262797146879,-0.22291821681074686,1.388691822416084,-0.5659573246200283,-0.7079246369846626,-0.7071489134300056
-0.6330096425962816,-0.7122149700674093,-0.7130200579338192,-0.7121257860524448,-0.7134320812106192,-0.004552665042214577,-1.5667496347460388,1.5929736952471922,-1.136284504647906,-0.11531092001873186,-0.7073452279081301,-0.7013871697226083,-0.5427807446730533,1.388691822416084,-0.5921381762945613,-0.7125114548243074,-0.7072522810704837
-0.6275687748235155,-0.7124406152294893,-0.7106342099639031,-0.7105564600825244,-0.7101816293304811,0.07438043548815311,-1.2239650037770697,1.5929736952471922,-1.136284504647906,0.7692341774319247,-0.7078983918040299,-0.7016592266842501,-0.342762420508873,1.388691822416084,-0.5773068053119874,-0.71276119580361,-0.7118388770824867
-0.7539536252140477,-0.7106071340946932,-0.7120082585329647,-0.7104485865101748,-0.7107607275686256,0.019542702488108063,-1.109703460120747,1.5929736952471922,-1.136284504647906,-0.19451997632424095,-0.7088406156153566,-0.7020053777145646,-0.459674891476682,1.388691822416084,-0.6018282028905686,-0.7095109038641887,-0.7120886059838183
-0.3697145886588866,-0.7102234459648405,-0.7079521385362413,-0.7089993285164348,-0.7063081665495906,0.11191520197719854,-0.9954419164644239,1.5929736952471922,-1.136284504647906,1.0465481280785673,-0.7090997271634715,-0.7021934839162596,-0.10612922116058493,1.388691822416084,-0.5573637230517037,-0.7100899736074067,-0.7088384712349857
-0.7903167697247127,-0.7066304806917199,-0.7084874821345769,-0.7061599084859808,-0.7068332888066126,0.018296390374470638,-0.8811803728081009,1.5929736952471922,-1.136284504647906,-0.1770269479156877,-0.7088624699732027,-0.7023971888692541,-0.2981058784947014,1.388691822416084,-0.6111033659625877,-0.7056376316796941,-0.7094175129732382
-0.8781667073160335,-0.7073485256204441,-0.7076924968910484,-0.7053653961748494,-0.7069000726476624,0.03310673265819465,-0.7669188291517779,1.5929736952471922,-1.136284504647906,-0.06825721047566112,-0.7086199782062043,-0.7026393686950406,-0.2984738798261766,1.388691822416084,-0.6104514375677496,-0.7061627280977149,-0.7049653863696446
-0.9310366362198486,-0.7061737091085618,-0.7073454157914608,-0.7052218774220713,-0.7067472931756718,0.009863011738857437,-0.424134198182809,1.5929736952471922,-1.136284504647906,-0.01586370556259261,-0.7076994778883053,-0.7027936980730554,-0.7327481196701491,1.388691822416084,-0.6069547307227071,-0.7062295086526199,-0.7054904573929572
-0.1165693031837828,-0.7059416691443177,-0.7032643130934816,-0.7039958708215417,-0.7032589810397397,0.0837900919461152,-0.30987265452648605,1.5929736952471922,-1.136284504647906,0.779135062812457,-0.7062442655574785,-0.7027851003361185,-0.6801994881126128,1.388691822416084,-0.5585490474059555,-0.706076736698248,-0.7055572347182217
-0.6131049793906624,-0.7025560781699506,-0.7022418068206604,-0.7016451649753845,-0.702929636070179,0.014287419742270517,-0.19561111087016309,1.5929736952471922,-1.136284504647906,0.023908472001232032,-0.7052069033140913,-0.7026233707630974,-0.7508067694502182,1.388691822416084,-0.5786995614282333,-0.7025885962071099,-0.7054044701522056
-0.7856768115038464,-0.7027570576665402,-0.703585519252483,-0.7012511919285426,-0.703606622952054,0.0034860480907466214,-0.08134956721384012,1.5929736952471922,-1.136284504647906,-0.20860786551317687,-0.7041835435634559,-0.7024276801291762,-0.7469866435857728,1.388691822416084,-0.6072362452568417,-0.7022592674431946,-0.7019164983544857
-0.6784925067719987,-0.7029580371631298,-0.7024853881579032,-0.7011198675795953,-0.7006123282704633,0.07604218497300277,0.03291197644248285,1.5929736952471922,-1.136284504647906,0.6427814186364115,-0.7033687816954948,-0.7021192056103667,-0.9525833540415584,1.388691822416084,-0.5910417512668785,-0.7029362210134652,-0.7015871855175649
-0.7358219541741254,-0.7002722202541607,-0.7013790113880094,-0.6997184491701146,-0.7004659527284363,0.018296390374470638,0.3756966074114518,1.5929736952471922,-1.136284504647906,-0.019170788850459246,-0.7024579653445456,-0.701870086182624,-0.9865771564370834,1.388691822416084,-0.5948051560916274,-0.6999420736682004,-0.7022641063490134
-0.513323349002458,-0.6999305551099586,-0.6986728494984223,-0.6980553200938031,-0.6967699702922535,0.09444606051771469,0.48995815106777474,1.5929736952471922,-1.136284504647906,0.7838803062052058,-0.701008903641376,-0.7015511715546769,-0.8907465462268899,1.388691822416084,-0.5761362975121643,-0.6997957053286825,-0.6992701038066746
-0.4163442020909201,-0.6966417997112212,-0.6967509659803972,-0.6949851444216275,-0.6974341493142012,0.004586957124459664,0.6042196947240978,1.5929736952471922,-1.136284504647906,-0.19823466169219017,-0.6996767038636945,-0.7012899538828162,-0.8380480100479534,1.388691822416084,-0.592716021917259,-0.6960999047558535,-0.699123742545821
-0.8061599596284272,-0.6967824853588338,-0.6980839715402531,-0.6955535912463566,-0.6969767257453667,0.018171759163106815,0.7184812383804207,1.5929736952471922,-1.136284504647906,0.048686953106678185,-0.6987780579036418,-0.7009134958297997,-0.9590696538269008,1.388691822416084,-0.6058731222494524,-0.6967640510964163,-0.695428120709265
-0.5162977240788803,-0.696915862661116,-0.6960255754046524,-0.6947975382088456,-0.6939943240765657,0.08892074348058893,0.8327427820367437,1.5929736952471922,-1.136284504647906,0.6039152337647539,-0.6974999051306935,-0.7003405180753713,-0.9020322529292423,1.388691822416084,-0.5836334740528059,-0.6963066500354226,-0.6960922349303886
-0.2849276540722512,-0.692726353700391,-0.6907908072522598,-0.6906007872289147,-0.6902196647865433,0.07936568394270246,1.2897889566620355,1.5929736952471922,-1.136284504647906,0.7592046354334733,-0.69558496609859,-0.6997065578010988,-0.925531331943119,1.388691822416084,-0.5629940137343991,-0.6933243951177436,-0.6956348559902208
-0.6816330127567253,-0.6886757033009461,-0.6898691240237919,-0.6888626156674905,-0.6900915861872697,-0.009828719656613078,1.4040505003183585,1.5929736952471922,-1.136284504647906,-0.025567250613024832,-0.6940800252888321,-0.6989227512544998,-0.9156698264364549,1.388691822416084,-0.5751435883654785,-0.6895499215624236,-0.6926527453003265
-0.6324735266338002,-0.6904845187702516,-0.6926056220506179,-0.6907874554106327,-0.6931773655826272,-0.03876393256156105,1.5183120439746816,1.5929736952471922,-1.136284504647906,-0.6964339011164852,-0.6930374284687154,-0.6982899885221578,-0.6377483850822566,1.388691822416084,-0.5901823911100462,-0.6894218492653453,-0.6888784542860615
-0.5213104547852709,-0.6918612283218898,-0.6936165292121418,-0.6923145699826774,-0.6937811646934888,-0.02117015989071302,1.6325735876310044,1.5929736952471922,-1.136284504647906,-0.18133081261551415,-0.692609894414326,-0.6976807774477817,-0.7548321119232647,1.388691822416084,-0.5828481966681142,-0.6925074768228089,-0.6887503881828145
-0.28712805237788125,-0.6927382297615531,-0.691932873595376,-0.6927648248933538,-0.691768500990617,0.04446894476085554,-1.4524880910897158,-1.6698071654339466,-0.6922115031297666,0.3796771728539475,-0.6917994510721666,-0.697100829385194,-0.7528142359406984,-0.7201021737567175,-0.5477774123366934,-0.6931112462233205,-0.6918358665131867
0.6983336124575018,-0.6928049184126942,-0.6873708538982253,-0.690670201527644,-0.6856692151237777,0.1844713388594547,-1.3382265474333928,-1.6698071654339466,-0.6922115031297666,1.2369324043912884,-0.6901819668627225,-0.6962416698155851,-0.449272782282518,-0.7201021737567175,-0.5051057355836344,-0.6910986815549482,-0.6924396067142083
-0.285746787230871,-0.685697552578756,-0.6876804609459294,-0.6858918712880893,-0.6858155906658048,0.019542702488108063,-1.2239650037770697,-1.6698071654339466,-0.6922115031297666,-0.0819047003732024,-0.6890120389636584,-0.695377167366594,-0.45408900920336975,-0.7201021737567175,-0.5857226082271743,-0.6849996958076582,-0.6904271393774699
-0.35724882401584307,-0.6853869479022087,-0.6859968053291636,-0.6837034448159885,-0.6844378308764751,0.04376270122979452,-1.109703460120747,-1.6698071654339466,-0.6922115031297666,0.2263660158937445,-0.6881849758403827,-0.6946025726809987,-0.5508269296124544,-0.7201021737567175,-0.5923307915021273,-0.6851460641471763,-0.684328448589272
-0.6455502962281917,-0.6841445291960189,-0.6850394325274733,-0.6821087920073424,-0.6830527523100443,0.046961568988130406,-0.7669188291517779,-1.6698071654339466,-0.6922115031297666,0.22508276359861717,-0.6871781050064455,-0.6938218060485309,-0.556634495648814,-0.7201021737567175,-0.6016207711285745,-0.6837683721514631,-0.6844748098501258
-0.7038512439806787,-0.6822991720000606,-0.6849912516036231,-0.6828029349946354,-0.6839127086194531,-0.014523161951313633,-0.652657285495455,-1.6698071654339466,-0.6922115031297666,-0.2228719620238165,-0.6858528410429308,-0.6931417557630366,-0.7479515113071141,-0.7201021737567175,-0.589856426912627,-0.6823833617387742,-0.6830971844823401
-0.705536896630824,-0.6840842353470421,-0.6861930979818867,-0.6829342593435829,-0.683998704250394,0.02411251357144517,-0.538395741839132,-1.6698071654339466,-0.6922115031297666,-0.06948625815026399,-0.6844535078186923,-0.6924537525708759,-0.7755697809808023,-0.7201021737567175,-0.6077400081073986,-0.6832432757334423,-0.681712241051512
-0.6799599964620215,-0.6840897166060399,-0.6857648231032182,-0.6836218361134284,-0.6840837850341973,0.02230536100667076,-0.424134198182809,-1.6698071654339466,-0.6922115031297666,-0.06931413425888851,-0.6833542467054778,-0.6916345110656162,-0.7585996057460349,-0.7201021737567175,-0.5897675275860581,-0.6833292671329092,-0.6825721134590275
-0.25291402982463823,-0.6835178385839262,-0.681511518214441,-0.6811144790795985,-0.679107016605278,0.1223011362575102,-0.30987265452648605,-1.6698071654339466,-0.6922115031297666,0.9419227432540282,-0.6824155562334435,-0.6906447580131786,-0.9689312537398327,-0.7201021737567175,-0.5587416626135211,-0.6834143437302541,-0.682658100699779
-0.5262455090714476,-0.6794370412599927,-0.6802570297156745,-0.678124974078919,-0.6804308004134849,-0.0005436944100144352,0.14717352009880583,-1.6698071654339466,-0.6922115031297666,-0.307713491356505,-0.681645288267684,-0.6895454759334073,-0.9097302344125469,-0.7201021737567175,-0.5851299460500488,-0.6784378201866427,-0.6827431731826503
-0.683727674499911,-0.6794671881844812,-0.6804051414445472,-0.6773689210414081,-0.6787346738202465,0.03865282156388136,0.2614350637551288,-1.6698071654339466,-0.6922115031297666,0.27790689122347045,-0.6808294794843769,-0.6883808817591199,-0.9037317637230449,-0.7201021737567175,-0.5995316369542059,-0.6797615388571584,-0.6777668903136244
0.050290338783571906,-0.6730120921712927,-0.6750695502478015,-0.6741355279641122,-0.6754412241246381,-0.033342474867238514,0.3756966074114518,-1.6698071654339466,-0.6922115031297666,0.5814226419775854,-0.6797406875246215,-0.6872148443932755,-0.8307197721301912,-0.7201021737567175,-0.5620013045877132,-0.6780654957229938,-0.67909054496647
-0.6033664375779059,-0.6741019491687076,-0.6766639819315113,-0.6727219151508007,-0.6748502328737038,0.004856991415747514,0.48995815106777474,-1.6698071654339466,-0.6922115031297666,0.05887642341233941,-0.6784443445975379,-0.686009533793352,-0.8872419354501148,-0.7201021737567175,-0.6108070348740252,-0.6747722080838391,-0.6773945838563277
-0.22011768246609428,-0.6738644279454654,-0.6737552817138873,-0.671164783584711,-0.6722941499710567,0.057492906348366096,0.8327427820367437,-1.6698071654339466,-0.6922115031297666,0.4267326088652345,-0.6767700652305775,-0.6848678771529638,-0.9104308947081964,-0.7201021737567175,-0.5871005477889922,-0.6741812459130352,-0.6741014554871193
-0.4624295230951865,-0.6713366540042691,-0.6714292137791187,-0.6685701896619375,-0.6688241347778782,0.07880484349156583,0.9470043256930666,-1.6698071654339466,-0.6922115031297666,0.5870716176916883,-0.6745872467343373,-0.6835921265225655,-0.9432414730361303,-0.7201021737567175,-0.5894563799430672,-0.6716252887842024,-0.6735105218964224
-0.42765039529344917,-0.6668849581548115,-0.6692521498125535,-0.6672250531162913,-0.6689092155616815,-0.02434825578048831,1.0612658693493895,-1.6698071654339466,-0.6922115031297666,-0.06765416724702308,-0.673128501064218,-0.6823169900162341,-1.0742990408054434,-0.7201021737567175,-0.5745509261883527,-0.6681554443355041,-0.6709546883787646
-0.7996020752003835,-0.6687239205486055,-0.6708706719581884,-0.6678816748610279,-0.6701049207706148,-0.009683316576688675,1.1755274130057125,-1.6698071654339466,-0.6922115031297666,-0.26784726556381366,-0.671651434375545,-0.6810871144536341,-1.0949715138169944,-0.7201021737567175,-0.5910565678213069,-0.6682405209328491,-0.6674850117386514
-0.7962465653443949,-0.6704961942912585,-0.6724999009757902,-0.6692765270530613,-0.6698368705592778,0.03670026591918219,1.2897889566620355,-1.6698071654339466,-0.6922115031297666,-0.0036372925924502792,-0.6703786470437445,-0.6799653247268106,-1.0748075717106493,-0.7201021737567175,-0.5960793797724481,-0.6694361673062865,-0.6675700842215226
-0.677898969723761,-0.6697964202258604,-0.6711383437573563,-0.6701648424705835,-0.6712512242341141,-0.011324294192977768,1.6325735876310044,-1.6698071654339466,-0.6922115031297666,-0.3087905084412964,-0.6697792880082062,-0.6789020610235638,-1.0855812570423682,-0.7201021737567175,-0.5594380406716437,-0.6691681302845442,-0.6687656727711213
-0.6196649203236113,-0.6717998203895914,-0.6707814480251326,-0.6697896300450197,-0.6704589666128927,0.052216851733968325,1.7468351312873274,-1.6698071654339466,-0.6922115031297666,0.09266134621441649,-0.6691511388006549,-0.6777894831577438,-1.0851478821027987,-0.7201021737567175,-0.5594380406716442,-0.6705824143651369,-0.6684976487121831
-0.6491945839717701,-0.6694794207471488,-0.6723812331448258,-0.6689454020875012,-0.6720992875307332,-0.03778765473921183,-1.6810111784023618,-1.3731907235538432,-0.6922115031297666,-0.3509691746573811,-0.6691232646795698,-0.6768324629180724,-1.1074816746498404,-0.7201021737567175,-0.5993390217466404,-0.6697901957274958,-0.669911864395182
-0.9194463232372259,-0.672347946289381,-0.6728451975967166,-0.6697830638275724,-0.6706904229387229,0.05942469012450396,-1.5667496347460388,-1.3731907235538432,-0.6922115031297666,0.20694303447725443,-0.6693902280927791,-0.6758330681177844,-1.3323743494269933,-0.7201021737567175,-0.5938124469449418,-0.6714304359322191,-0.6691196840708112
-0.9777164234161351,-0.670173713553549,-0.6729888481289368,-0.6685514290406592,-0.6708249054679603,0.006934178271809401,-1.4524880910897158,-1.3731907235538432,-0.6922115031297666,-0.07684842064271016,-0.6696642581845733,-0.674962240190904,-1.3327865198173585,-0.7201021737567175,-0.6156520481720281,-0.6700216406643585,-0.6707598449502531
-0.7226907491426654,-0.6707282342555028,-0.6696331360067024,-0.6679567173461406,-0.6668965518588096,0.10873710608742324,-1.109703460120747,-1.3731907235538432,-0.6922115031297666,0.6645887148152969,-0.6692053166698062,-0.673937267123229,-1.068464462123727,-0.7201021737567175,-0.5693206824752174,-0.6701561165762906,-0.6693511178145362
-0.5951262454173336,-0.6663487083161841,-0.6683367122593995,-0.6643359174394502,-0.6670740322035174,0.005127025707034968,-0.9954419164644239,-1.3731907235538432,-0.6922115031297666,-0.0839076062625995,-0.668810106126722,-0.6729336041606758,-1.0629350850384909,-0.7201021737567175,-0.6049841289837634,-0.6662279562644768,-0.6694855872229455
-0.65675352791104,-0.666860292489321,-0.6663380961589462,-0.6644738080058449,-0.6642681960322864,0.08046659297641551,-0.8811803728081009,-1.3731907235538432,-0.6922115031297666,0.447501023700909,-0.6678112180222975,-0.6719358674953684,-1.0667920496915833,-0.7201021737567175,-0.5696170135637797,-0.6664054278761423,-0.6655576168847842
0.06801021329910635,-0.6614402408835685,-0.661685960289409,-0.6582518479589334,-0.6599254166697718,0.055831156863516425,-0.7669188291517779,-1.3731907235538432,-0.6922115031297666,0.7077102620943607,-0.6663044451106841,-0.6709190622777833,-0.9402239892926337,-0.7201021737567175,-0.5906417042973187,-0.6635997297680069,-0.6657350799135693
-0.7114042537883245,-0.6592842790110627,-0.6618233651463151,-0.6582762367665951,-0.6599071197270183,0.007224984431658187,-0.652657285495455,-1.3731907235538432,-0.6922115031297666,-0.04920968790270495,-0.6645604150088018,-0.6699059418045996,-1.0591052988630119,-0.7201021737567175,-0.5925382232641211,-0.6592571640949328,-0.6629295174945797
-0.07870671882556204,-0.6587060061867848,-0.6559702751378448,-0.6555249916561486,-0.6529725784234872,0.15152715532230732,-0.30987265452648605,-1.3731907235538432,-0.6922115031297666,1.129066332309883,-0.6620259638207512,-0.668556496286172,-0.7988757451441172,-0.7201021737567175,-0.538798580353237,-0.659238868052493,-0.6585871618366265
-0.01954295576809571,-0.6536568531065564,-0.6520444220833831,-0.6504596239110377,-0.6527411220976569,0.04197632053358069,-0.19561111087016309,-1.3731907235538432,-0.6922115031297666,-0.014493216390062989,-0.6594391668654045,-0.66717901600409,-0.8187122215447262,-0.7201021737567175,-0.5536151347813829,-0.6523046679678285,-0.6585688666790197
-0.4650803703065549,-0.65306579067795,-0.6551074797051938,-0.6518169548605147,-0.6534848928205819,0.011649392435071642,-0.08134956721384012,-1.3731907235538432,-0.6922115031297666,-0.1737400501750335,-0.6575206944940089,-0.6658940535126879,-0.7624553446079019,-0.7201021737567175,-0.5830408118756804,-0.6520732230309657,-0.6516350019460754
-0.07112713550573767,-0.6545274597440557,-0.6564395930257191,-0.6567819532817875,-0.6600781961417623,-0.10481847458434188,0.03291197644248285,-1.3731907235538432,-0.6922115031297666,-1.13330741049677,-0.6565199742877288,-0.6650351088865024,-0.2871807891500998,-0.7201021737567175,-0.5267379050487268,-0.6528169571561414,-0.6514035682023505
-0.22209267049009873,-0.6617143038334632,-0.6606688074525712,-0.6595022433671248,-0.6580774254516802,0.10402189192416246,0.14717352009880583,-1.3731907235538432,-0.6922115031297666,0.2888868487136117,-0.6556344147694998,-0.664104096801065,-0.30574978529245866,-0.7201021737567175,-0.5540003651965149,-0.6594099360493045,-0.6521472663590634
-0.33431347962058444,-0.6558374806445527,-0.6556071337303071,-0.653336565184048,-0.6549303512980988,0.04185168932221724,0.6042196947240978,-1.3731907235538432,-0.6922115031297666,0.4779113718432086,-0.6549198950459105,-0.663113698918357,-0.3613136810542824,-0.7201021737567175,-0.5673352641818453,-0.6574092638085182,-0.6587399264026425
0.2027752096810173,-0.6528776007856889,-0.6543874425654324,-0.6542183143841229,-0.6572970608432486,-0.079185988780533,0.7184812383804207,-1.3731907235538432,-0.6922115031297666,-0.4436673795046617,-0.6545465388606723,-0.6622492271755693,-0.3055276136501043,-0.7201021737567175,-0.5331534731161142,-0.6542623445088815,-0.6567393509183483
1.3807949486593039,-0.6628105556330423,-0.6655645246593512,-0.6648743472701342,-0.6679824754112227,-0.09594888670895657,0.8327427820367437,-1.3731907235538432,-0.6922115031297666,-1.8442498338930697,-0.656693631370733,-0.6617145400567128,-0.09078286750957301,-0.7201021737567175,-0.5504443921337597,-0.6566289375984629,-0.6535925838099937
0.1338435562558523,-0.6697169419703909,-0.6693770633188318,-0.6682259322614827,-0.6673667832875715,0.07506590715065282,0.9470043256930666,-1.3731907235538432,-0.6922115031297666,0.05798964105824818,-0.6587857608251332,-0.6611563012798906,-0.07819154480243089,-0.7201021737567175,-0.5608159802334617,-0.6673138263832757,-0.655959062446422
0.7439731302749423,-0.6724511766671747,-0.6752604894645412,-0.6733475818704282,-0.673935385736035,-0.011905906512675339,1.2897889566620355,-1.3731907235538432,-0.6922115031297666,-1.224635348390311,-0.6617111040304662,-0.6608156773661782,0.01738435468626759,-0.7201021737567175,-0.5776179529549785,-0.6666981645551784,-0.6666434344887426
-0.2550919428507327,-0.6748757202305773,-0.6736901482427565,-0.6721656627299023,-0.6716418639618987,0.09529770712870046,1.4040505003183585,-1.3731907235538432,-0.6922115031297666,0.3749049357574687,-0.6633652302770175,-0.6605651147468783,0.051509585283455714,-0.7201021737567175,-0.5702096757409062,-0.6732664437910478,-0.6660278024352768
-0.49089494545491147,-0.6687915227429129,-0.6713997698812103,-0.6689078808449449,-0.6716235670191453,-0.04262750011383679,-1.6810111784023618,-1.0765742816737396,-0.6922115031297666,-0.048970124874047394,-0.6653029397178947,-0.6602695061272705,-0.01051532529328928,1.388691822416084,-0.5836334740528059,-0.6709730348712254,-0.6725957640160868
-0.7620583605997205,-0.6715138813785344,-0.672333944460306,-0.6694331782407341,-0.671342708947881,0.025649631844930652,-1.5667496347460388,-1.0765742816737396,-0.6922115031297666,-0.0008027316331333259,-0.667650647381117,-0.6600214000042384,-0.1379062298923174,1.388691822416084,-0.5908491360593128,-0.6709547388287856,-0.6703024660100853
-0.8401565749251576,-0.6708862772232754,-0.6731548046444208,-0.6689763571126102,-0.6706785299259332,0.026459734718795286,-1.4524880910897158,-1.0765742816737396,-0.6922115031297666,0.0692948840646809,-0.669564801226711,-0.6598615435096215,-0.09000486579061875,1.388691822416084,-0.611696028139714,-0.6706738945773355,-0.6702841708524785
-0.7605996048612528,-0.6726101331781137,-0.6732734724753852,-0.6699078219590724,-0.6708980932389739,0.06067100223814138,-1.109703460120747,-1.0765742816737396,-0.6922115031297666,-0.09235876263439087,-0.6699818661276413,-0.6597288927111685,-0.7328856508558521,1.388691822416084,-0.598953791331508,-0.6700097482367727,-0.6700033401832155
-0.7422051719596499,-0.6701673187513848,-0.6719708030527684,-0.6694012851845612,-0.6724954163413439,-0.03114065679981171,-0.9954419164644239,-1.0765742816737396,-0.6922115031297666,-0.34397436748964294,-0.6707154920562938,-0.6597356480759046,-0.7353669568472723,1.388691822416084,-0.5853225612576147,-0.6702293007460497,-0.6693392259620918
-0.6912585706855343,-0.6731637403369011,-0.6742433366277033,-0.6712773473123802,-0.6735447460082503,0.01316573883999654,-0.8811803728081009,-1.0765742816737396,-0.6922115031297666,-0.24593749599519918,-0.6706596129497053,-0.6598940920851677,-1.2967523508192622,1.388691822416084,-0.5934272165298105,-0.6718265452510397,-0.6695587678533724
-0.6634310984468488,-0.6727800522070484,-0.6750820415984293,-0.672728481368248,-0.6747459403000097,-0.02283190937556341,-0.7669188291517779,-1.0765742816737396,-0.6922115031297666,-0.2755024229355975,-0.6711036359207931,-0.6600899976625124,-1.4533819350574984,1.388691822416084,-0.5844335679919255,-0.6728758232849592,-0.6711559351124384
-0.8146415557322673,-0.6736451775855495,-0.676366866234435,-0.672728481368248,-0.6754842219401086,-0.019923847777076332,-0.652657285495455,-1.0765742816737396,-0.6922115031297666,-0.19059892902817718,-0.6716558837657651,-0.6602705501381844,-1.4610259641194476,1.388691822416084,-0.6057694063684553,-0.6740769584711286,-0.6722051624011834
-0.824212665835424,-0.6744920321007245,-0.6761580822310841,-0.6728654339035788,-0.6739719796215418,0.03366757310933165,-0.30987265452648605,-1.0765742816737396,-0.6922115031297666,0.23230552006789573,-0.6720319881037864,-0.6604093421773063,-1.3489272121640514,1.388691822416084,-0.60013911568576,-0.6748152037835725,-0.6734062394980641
0.02510590894848207,-0.6737063849776928,-0.6694546881405905,-0.6708402248365982,-0.6667565802467461,0.17963149348482974,-0.19561111087016309,-1.0765742816737396,-0.6922115031297666,1.2920688782589864,-0.6714709723427923,-0.6602584826002694,-0.5920912328255026,1.388691822416084,-0.5208112832774687,-0.6733030358759273,-0.674144449107495
-0.41128557168167573,-0.6670740615902389,-0.6677415886259164,-0.6656810539850962,-0.6681407439660394,-0.0026001093975157622,-0.08134956721384012,-1.0765742816737396,-0.6922115031297666,-0.29840293784485405,-0.6710765469862175,-0.6601806730809918,-0.564024097948562,1.388691822416084,-0.57385454813023,-0.6660879915398127,-0.6726323543313002
-0.059360458644619696,-0.6637853061915014,-0.6649158666660343,-0.6626849827669695,-0.6642864929750398,0.010133046030145266,0.03291197644248285,-1.0765742816737396,-0.6922115031297666,0.6389601036758606,-0.6699023005613515,-0.6599184421044207,-0.5344592771382409,1.388691822416084,-0.57425459509979,-0.6674720871503796,-0.6654176589290928
-0.1775776024781957,-0.6628105556330423,-0.665165693678591,-0.6613473504698346,-0.6646222418745643,-0.019653813485788124,0.14717352009880583,-1.0765742816737396,-0.6922115031297666,-0.11109389907719182,-0.6686259798902585,-0.6597147678576296,-0.5614305137121518,1.388691822416084,-0.5995316369542059,-0.6636180258104467,-0.6668016876020407
-0.7145113105968826,-0.6648815579910806,-0.6656296581304819,-0.662835067737195,-0.6643660846760171,0.033252135738119415,0.48995815106777474,-1.0765742816737396,-0.6922115031297666,-0.007397129274900408,-0.6671411922009094,-0.6594979820620098,-0.6155957545933121,1.388691822416084,-0.5837371899338026,-0.6639537581892161,-0.6629478126521865
-0.1012880594397021,-0.6635231193027687,-0.6654815464016091,-0.6682006054227572,-0.6712210342785709,-0.15327924393627537,0.6042196947240978,-1.0765742816737396,-0.6922115031297666,-1.2527590721685602,-0.6665313640119119,-0.6596431302852244,-0.15441387912123145,1.388691822416084,-0.49652695056973783,-0.6636976135950596,-0.6632835287942697
-0.6299371499364312,-0.6703865691113006,-0.671268610699618,-0.6680317598312534,-0.6685798705921205,0.06274818909420328,0.7184812383804207,-1.0765742816737396,-0.6922115031297666,0.4309282444912122,-0.6657600491308063,-0.6596936726959312,-0.1335209541555003,1.388691822416084,-0.5952941023877566,-0.6705522258951112,-0.6630273965877758
-0.768730913759104,-0.668054293407696,-0.6697214677004278,-0.6662870220523818,-0.6687207570513216,0.00651874090059717,0.8327427820367437,-1.0765742816737396,-0.6922115031297666,-0.07766749976705593,-0.6660410150367673,-0.659843119787614,-0.5339739144148632,1.388691822416084,-0.5971609882457029,-0.6679111921689336,-0.6698816773851308
-0.33615448511115764,-0.6678651899722685,-0.6660222434359282,-0.6652176666395251,-0.6636095060931648,0.11827139375674912,0.9470043256930666,-1.0765742816737396,-0.6922115031297666,0.8678338264333458,-0.6653928435732254,-0.6599667736684866,-0.35240411406395195,1.388691822416084,-0.5526224256346968,-0.6680520716957197,-0.6672407713846018
-0.22768760269058105,-0.6648815579910806,-0.6620491016969468,-0.6622534884775713,-0.6593033206161567,0.14820365635260727,1.2897889566620355,-1.0765742816737396,-0.6922115031297666,0.6982130166516612,-0.6646800250870731,-0.6599465075742785,-0.33529262767787266,1.388691822416084,-0.533464620759105,-0.6629410722401761,-0.6673816440981736
0.09886985335748334,-0.6548810009494198,-0.6560354086089757,-0.6527174646818678,-0.654893757412592,0.020934417681669888,1.4040505003183585,-1.0765742816737396,-0.6922115031297666,0.6961496850741259,-0.6632884128635108,-0.6600109906013042,-0.27550958171328666,1.388691822416084,-0.5842261362299319,-0.6586350986519812,-0.6622708918207382
-0.7013342058625687,-0.6540770829630619,-0.6566778209269786,-0.6523797734988604,-0.6549367552280625,0.0016788955259722097,1.5183120439746816,-1.0765742816737396,-0.6922115031297666,-0.059435406773574215,-0.661939593304713,-0.6600846854893335,-0.27013261202294153,1.388691822416084,-0.6002280150123287,-0.654225752424002,-0.6579651264779981
-0.61419709499257,-0.654259791596325,-0.6552502379980834,-0.6513348068936652,-0.6546074102585018,0.013311141919920569,1.6325735876310044,-1.0765742816737396,-0.6922115031297666,0.002132749890558545,-0.6595630954694778,-0.6601223620008386,-0.9436509309837687,1.388691822416084,-0.5930271695602498,-0.6542687481237354,-0.6535559934947802
-0.7717313048614352,-0.6538395617398196,-0.6566305322424588,-0.6518919973456274,-0.6543759539326713,0.009011365127872017,1.7468351312873274,-1.0765742816737396,-0.6922115031297666,-0.014128313149183717,-0.6575312945118862,-0.6599309702353857,-0.8981669290300045,1.388691822416084,-0.6071473459302729,-0.65393941935982,-0.6535989871151561
1.1926917472958,-0.6488634921128966,-0.6451384896648525,-0.6467262602766781,-0.6420438145168933,0.17587178527535688,-1.4524880910897158,-0.7799578397936361,-0.6922115031297666,1.9801566449819679,-0.6537152880760129,-0.6593928133155513,-0.2893067841782783,-0.7201021737567175,-0.4979048901315558,-0.6537079744229571,-0.6532696742782353
0.49460407096052666,-0.6427792946252324,-0.641681954498265,-0.6405043002297667,-0.6388839325033844,0.10927717466999966,-1.3382265474333928,-0.7799578397936361,-0.6922115031297666,0.43318403628281366,-0.6501784154442452,-0.65885422650887,-0.30683971587406533,-0.7201021737567175,-0.5387837637988095,-0.641376441818567,-0.6530382405345102
0.07655183209129346,-0.6396431009352698,-0.6416409114890593,-0.6407106670638268,-0.6441900459018648,-0.08250948775023306,-1.2239650037770697,-0.7799578397936361,-0.6922115031297666,-0.8536953895754165,-0.6480165352549232,-0.6584142987335382,0.023682182584467214,-0.7201021737567175,-0.5348425603209225,-0.6382167152892224,-0.6407073043075856
-0.3584422162900392,-0.6427856894273966,-0.6433897005769559,-0.6407725771140448,-0.641934032860373,0.04016916796880626,-1.109703460120747,-0.7799578397936361,-0.6922115031297666,0.29844081786331395,-0.6461627099061379,-0.6575400010056798,-0.00944042009761552,-0.7201021737567175,-0.5629051144078301,-0.6435225675967495,-0.6375477305889061
-0.5351836740414064,-0.6424083960997081,-0.6429435809116762,-0.6388655599611169,-0.6395920241879403,0.08476636976846405,-0.9954419164644239,-0.7799578397936361,-0.6922115031297666,0.3073021575360472,-0.6439677210190013,-0.6566077606721085,-0.03231659886730997,-0.7201021737567175,-0.5856188923461769,-0.6412666655639285,-0.6428533262948531
0.0384677398553334,-0.635312906326932,-0.6363766994387583,-0.6316361545515669,-0.6335842230348679,0.059840127495716926,-0.652657285495455,-0.7799578397936361,-0.6922115031297666,0.8584970313327067,-0.6409604566878501,-0.6552534021611455,-0.011439804424013305,-0.7201021737567175,-0.5907602367327441,-0.6389247721316408,-0.6405975333619454
-0.3212166529090755,-0.6327367145979211,-0.6365310568429451,-0.6336435410283331,-0.6358283430635698,-0.04968993542444839,-0.538395741839132,-0.7799578397936361,-0.6922115031297666,-0.3818230986026686,-0.6383073114724559,-0.6540513464187766,0.07365103151429327,-0.7201021737567175,-0.5616160741725817,-0.6329172665965496,-0.6382557531882861
-0.2607117637160013,-0.6370239726774418,-0.6395182741216583,-0.6393842911394588,-0.6430684433110825,-0.116596124058215,-0.424134198182809,-0.7799578397936361,-0.6922115031297666,-1.1280348608539974,-0.6384538796208846,-0.6530929136937514,-0.27547990615390067,-0.7201021737567175,-0.5205445852977622,-0.6351612762017845,-0.6322485381881218
0.33989278573154214,-0.6428953146073545,-0.6401473028497027,-0.6400221522629173,-0.6387009630758506,0.11606957568932305,-0.30987265452648605,-0.7799578397936361,-0.6922115031297666,0.6225276494134877,-0.6384277067372366,-0.6519973163583817,-0.2253365031956501,-0.7201021737567175,-0.5209149991584655,-0.6424010201951929,-0.634492439268585
-0.6166816254668775,-0.6392411419420908,-0.6421637637367672,-0.6379087682759293,-0.6402626071398516,-0.0024754781861523146,0.14717352009880583,-0.7799578397936361,-0.6922115031297666,-0.28794537872507275,-0.637865905789733,-0.6509764272157516,-0.3779255831125814,-0.7201021737567175,-0.5877821092926865,-0.638033754864825,-0.6417318331335615
-0.8199488250176988,-0.6410682282747225,-0.6440437120062561,-0.6383965444291622,-0.6409880809200231,0.022596167166519545,0.2614350637551288,-0.7799578397936361,-0.6922115031297666,-0.16271518651615333,-0.637730591981273,-0.6499725186035716,-0.3916528118900999,-0.7201021737567175,-0.6112959811701534,-0.6395953220870575,-0.6373647790128391
-0.6607085213354742,-0.6393873088487012,-0.6406059138656103,-0.6357634912327684,-0.637774222925392,0.057347503268441326,0.3756966074114518,-0.7799578397936361,-0.6922115031297666,0.4386304910456822,-0.6374705643822306,-0.6488071260679973,-0.3662646886698827,-0.7201021737567175,-0.5957978652383135,-0.6403207601697936,-0.638926270714572
-0.2416990785415471,-0.6369207422996482,-0.6391007061149564,-0.6369397821869108,-0.6396103211306936,-0.040425682046410706,0.48995815106777474,-0.7799578397936361,-0.6922115031297666,-0.327976762175701,-0.6383325683051763,-0.6476681408673002,-0.5929212567074758,-0.7201021737567175,-0.5522223786651372,-0.6371070603152519,-0.6396516737136783
-0.5472019630388155,-0.6396677666007602,-0.640736180807872,-0.6368206522417943,-0.6377257360270955,0.06482537595026665,0.6042196947240978,-0.7799578397936361,-0.6922115031297666,0.23341730002682062,-0.6386039811086057,-0.6464255836427185,-0.5723940934297433,-0.7201021737567175,-0.5812628253443023,-0.6389430681740805,-0.636438129280059
-0.44019939883081766,-0.6352699697981152,-0.6382682468195444,-0.6333180442491565,-0.6362436836640716,-0.0015199722323636536,0.9470043256930666,-0.7799578397936361,-0.6922115031297666,0.17011237986244127,-0.6376277325485364,-0.6451085024626172,-1.01946567394588,-0.7201021737567175,-0.5956052500307475,-0.6370585758027865,-0.6382740483458927
-0.1323944800867014,-0.6360135939354964,-0.6362276954705548,-0.6334184135729948,-0.6327306706554227,0.0951523040487757,1.0612658693493895,-0.7799578397936361,-0.6922115031297666,0.47077743613119477,-0.6367737113551034,-0.643724266815799,-1.0868506178239403,-0.7201021737567175,-0.560134418729767,-0.6355765963651668,-0.6363896471124012
-0.5135348221273467,-0.6333515291488517,-0.6359180884228507,-0.6314551145562322,-0.634938196798618,-0.015499439773662856,1.1755274130057125,-0.7799578397936361,-0.6922115031297666,-0.3750045650323226,-0.6360120804409476,-0.6426563050634402,-1.0522719292711253,-0.7201021737567175,-0.5860041227613094,-0.6320637562167353,-0.6349077393462574
-0.7403327614092293,-0.6337662777463592,-0.6367567933935767,-0.6323931456201417,-0.635877744809004,-0.027401720458900165,1.2897889566620355,-0.7799578397936361,-0.6922115031297666,-0.19126492541384704,-0.6352810718006601,-0.6415734200962555,-1.045720114032271,-0.7201021737567175,-0.5851151294956206,-0.6342711737370909,-0.6313950690857686
-0.5481866696194704,-0.6348990712725909,-0.6357396405567388,-0.6320807812758599,-0.6325595942406785,0.07369496382565194,1.4040505003183585,-0.7799578397936361,-0.6922115031297666,0.4408009304381854,-0.6345351446166931,-0.6405085289642313,-1.0449321873582254,-0.7201021737567175,-0.5731581700721071,-0.6352106755163719,-0.6336023798510185
0.25519320304904203,-0.631823171431605,-0.628334054113095,-0.6278221202457109,-0.6272168869566915,0.12506379477607252,-1.6810111784023618,-0.48334139791353253,-0.6922115031297666,0.7279268643386433,-0.6327623243427981,-0.639253044428041,-0.982609617584178,-0.7201021737567175,-0.5174479254222796,-0.6318926882199236,-0.6345418361941232
-0.3958272331326575,-0.626268828980404,-0.6280904727758522,-0.6267274379941287,-0.6296201903873481,-0.0557968647812721,-1.5667496347460388,-0.48334139791353253,-0.6922115031297666,-0.39378400797449054,-0.6316028655971933,-0.6380868228249764,-0.8567305104460478,-0.7201021737567175,-0.5306939250810414,-0.6265502438275172,-0.6312240093621457
-0.10543129739446341,-0.6301239811422574,-0.6317370549198489,-0.6305480385174318,-0.6344194784715596,-0.07710880192447112,-1.4524880910897158,-0.48334139791353253,-0.6922115031297666,-0.7426268868323211,-0.6313419219472232,-0.6368516043829944,-0.6443456996435494,-0.7201021737567175,-0.5309013568430354,-0.6289534290019781,-0.6258818233409855
1.243077331554064,-0.6363570861660313,-0.6399215662990712,-0.6428615722933712,-0.643910102677738,-0.15086970718324355,-1.3382265474333928,-0.48334139791353253,-0.6922115031297666,-1.451936592080823,-0.6329410851381138,-0.6360235809035777,-0.29214247976068475,-0.7201021737567175,-0.47231670063414805,-0.633752480933924,-0.6282848922926273
0.1246598991099829,-0.6421032726821586,-0.6394576018471801,-0.6390841211990078,-0.6360479063766105,0.15829878447306941,-1.2239650037770697,-0.48334139791353253,-0.6922115031297666,1.1681987892025998,-0.6330998236774386,-0.6349269395572942,0.07469893757020456,-0.7201021737567175,-0.5242783570136546,-0.6432426381474213,-0.6330837121328682
-0.0824539557002374,-0.6342468014518413,-0.6363410098655359,-0.6334437404117202,-0.6367559980611663,-0.03641671141421096,-0.8811803728081009,-0.48334139791353253,-0.6922115031297666,-0.15765567672457395,-0.633225453518949,-0.6340256203704917,0.07326434593422199,-0.7201021737567175,-0.5616160741725817,-0.6353808287110615,-0.6425734103834704
0.4119370832165437,-0.6351731342224858,-0.6314631374453672,-0.6313922664749503,-0.628174731909831,0.1794860904049057,-0.7669188291517779,-0.48334139791353253,-0.6922115031297666,1.228958890340438,-0.6325982203623254,-0.6329808110954556,0.30644713390084644,-0.7201021737567175,-0.5130177756482639,-0.6360888855534799,-0.6347119811598656
-0.31815586746088415,-0.6277551637120001,-0.6293752974118578,-0.6257518856876628,-0.6257595354663849,0.0656562506926911,-0.652657285495455,-0.48334139791353253,-0.6922115031297666,0.2924969043848683,-0.6323897533440693,-0.6320029413437126,0.2344299928481312,-0.7201021737567175,-0.5674389800628425,-0.627508041649238,-0.6354200037592455
-0.5016341751213813,-0.6266342462469304,-0.6290781817147816,-0.6248260490275843,-0.6270522144719112,0.010818517692646449,-0.538395741839132,-0.48334139791353253,-0.6922115031297666,-0.23463915095711987,-0.6320224169220702,-0.6310670162657398,0.21688876325397363,-0.7201021737567175,-0.5771290066588498,-0.6250929640471913,-0.626839574841697
-0.6184384505307595,-0.6253671618752502,-0.6284830580812985,-0.6236197410793967,-0.6260092887349684,0.005687866158172705,-0.424134198182809,-0.48334139791353253,-0.6922115031297666,0.09572593744782583,-0.6308193803251915,-0.6301071403491573,0.09692809930175862,-0.7201021737567175,-0.5863004538498722,-0.6263855794455595,-0.6244246140376108
0.029776714742926164,-0.6296918752245899,-0.6325275789667246,-0.6292479274628533,-0.631455373745512,-0.019633041617226794,-0.08134956721384012,-0.48334139791353253,-0.6922115031297666,-0.821379902707144,-0.6290377921352743,-0.6293378271305375,-0.2417333529655283,-0.7201021737567175,-0.5645645685037828,-0.6253427050264938,-0.6257171669225251
-0.6142660374612289,-0.6301723989300722,-0.6326114494637972,-0.627615753411651,-0.6307664938508473,0.006934178271810129,0.03291197644248285,-0.48334139791353253,-0.6922115031297666,0.04770087833561601,-0.628282311848776,-0.6289593117618968,-0.49873638453911023,-0.7201021737567175,-0.5917381293250016,-0.6307885220586847,-0.6246743429389424
-0.13954980396686917,-0.6321219000469904,-0.6358413558404226,-0.6336435410283331,-0.637414688000288,-0.09968782304986812,0.14717352009880583,-0.48334139791353253,-0.6922115031297666,-1.014231382943049,-0.6283765342299087,-0.6289099975993236,-0.24836201264793106,-0.7201021737567175,-0.5501628775996251,-0.6300996760608283,-0.6301198966005807
-0.34145339210254705,-0.6366220136842629,-0.63625178593248,-0.6337626709734495,-0.6331752863643297,0.098891240389688,0.2614350637551288,-0.48334139791353253,-0.6922115031297666,0.5828996876481161,-0.6290918391400075,-0.6285402949110431,-0.5820045614882708,-0.7201021737567175,-0.5550967902241971,-0.6367475430813108,-0.6294310839166879
-0.5188404189539699,-0.6314458781039166,-0.6347287333952149,-0.6307046897051048,-0.6345356640580435,-0.04968993542444839,0.3756966074114518,-0.48334139791353253,-0.6922115031297666,-0.25163865285142767,-0.6303472215041823,-0.6282919738445875,-0.6504504104012542,-0.7201021737567175,-0.5781068992511073,-0.6325083500480211,-0.6360786294330872
-0.5802149743388462,-0.6330902558032853,-0.6359957132446094,-0.6328312061269875,-0.6348284151420978,-0.01894756995472636,0.7184812383804207,-0.48334139791353253,-0.6922115031297666,-0.09552646552234831,-0.6314595690592207,-0.6281320866437672,-0.6459044707159767,-0.7201021737567175,-0.5655572776504683,-0.6338686608034163,-0.6318396414156117
-0.5820803233965199,-0.6345153831427383,-0.6381611780998773,-0.634907068871419,-0.6387869587067915,-0.07642333026196993,0.8327427820367437,-0.48334139791353253,-0.6922115031297666,-0.6373661104253455,-0.6332873523887762,-0.6283067128221933,-0.6412192366395322,-0.7201021737567175,-0.5687280202980914,-0.6341613974824524,-0.6331998863836708
-0.4481118014535204,-0.6369207422996482,-0.6380005750203765,-0.633706389109615,-0.6349080068430749,0.06634172235519155,0.9470043256930666,-0.48334139791353253,-0.6922115031297666,0.5331940894125143,-0.6337812347032135,-0.6282758223816278,-0.5829166514785181,-0.7201021737567175,-0.5850262301690514,-0.6381197462642918,-0.6334926089053782
-0.45457120902920684,-0.6341737179985361,-0.6344494624847498,-0.6321989731899125,-0.6308762755073676,0.0954223383400639,1.0612658693493895,-0.48334139791353253,-0.6922115031297666,0.5437789595190445,-0.6337969384334021,-0.6278666008096414,-0.4776910300329219,-0.7201021737567175,-0.5498665465110624,-0.6342409852670653,-0.6374507662535907
0.06436965451924156,-0.6303615023654996,-0.6293815430871718,-0.6268840891818016,-0.6258080223646812,0.1238174826624351,1.1755274130057125,-0.48334139791353253,-0.6922115031297666,0.681397459695956,-0.6321366615591936,-0.6274338582858923,-0.7172424128088727,-0.7201021737567175,-0.5496591147490677,-0.6302094523154668,-0.6335721928409674
0.06037935363107375,-0.625051075939705,-0.6229627733431268,-0.6209744934791719,-0.619733437370559,0.1409958179620709,1.6325735876310044,-0.48334139791353253,-0.6922115031297666,0.8046066993906156,-0.6302138706619957,-0.6267448110828179,-0.6488392466239608,-0.7201021737567175,-0.536413115090306,-0.6251414485596566,-0.6295408548623281
0.4628879461634748,-0.6179309205014384,-0.6190315668526816,-0.6150958528016515,-0.616128939648143,0.06094103652943033,1.7468351312873274,-0.48334139791353253,-0.6922115031297666,0.44104133799235945,-0.6275808785670104,-0.6259104314193088,-0.728848584223403,-0.7201021737567175,-0.5639867228810849,-0.6190671624696602,-0.6244730962052686
0.028830846372378306,-0.6140885579439135,-0.6178475652610291,-0.6137638486909001,-0.6165195793759277,-0.035295030511936956,-1.6810111784023618,-0.18672495603342898,-0.6922115031297666,-0.1048696270154013,-0.6249618889647769,-0.6251970341969812,-0.726216183326913,1.388691822416084,-0.5653646624429023,-0.6154628421090298,-0.6183991038798398
-0.3461364625949197,-0.6166647496729244,-0.619036920288665,-0.6146146428658659,-0.6168361164855612,0.01609457230704493,-1.5667496347460388,-0.18672495603342898,-0.6922115031297666,-0.0949826738843386,-0.6218219281135305,-0.6244326339708967,-1.0335313112524043,1.388691822416084,-0.5716765146292924,-0.6158534626151185,-0.6147949578313172
-0.12588824366437887,-0.6174376071916278,-0.6157302813296115,-0.6156896264651063,-0.6122801777399697,0.13711147854123384,-1.2239650037770697,-0.18672495603342898,-0.6922115031297666,0.5625538110832787,-0.6185851275927866,-0.623578571631043,-1.0295326265336209,1.388691822416084,-0.49978659254393015,-0.6161699841493261,-0.6151855594462207
0.6662521483251853,-0.6136619332852439,-0.6091553697027186,-0.6120875871796939,-0.6089080511905215,0.1278264532946356,-1.109703460120747,-0.18672495603342898,-0.6922115031297666,0.3929952333493091,-0.6154426803175939,-0.6226610702750776,-1.04009908359377,1.388691822416084,-0.4474989719670041,-0.611614269581829,-0.6155020656728167
0.3534601432430744,-0.606572838314632,-0.6085566771119132,-0.6026012790303776,-0.6047601342683303,0.06081640531806615,-0.9954419164644239,-0.18672495603342898,-0.6922115031297666,0.48686259542691795,-0.6124318826471502,-0.6217222588139901,-1.0808949470182498,1.388691822416084,-0.5873968788775545,-0.6082423089601833,-0.6109465714287452
0.2939921785112295,-0.6020599350730312,-0.601775658199661,-0.5994241678169163,-0.5984476890184142,0.10152926769688687,-0.8811803728081009,-0.18672495603342898,-0.6922115031297666,0.7527139290700573,-0.6093870602279642,-0.6204974804811456,-1.103538173208078,1.388691822416084,-0.5249747350717778,-0.6040945961390924,-0.6075747738818278
1.8217608023478697,-0.5955619025310258,-0.5988187770581868,-0.6028142120818851,-0.6061818067202679,-0.22182641018633178,-0.7669188291517779,-0.18672495603342898,-0.6922115031297666,-1.0110864075229862,-0.6079641714084426,-0.6195007571205485,-0.5415134792129651,1.388691822416084,-0.422325645993585,-0.5977824614973795,-0.603427261652386
0.5688667797519543,-0.6055679408316845,-0.606177074817311,-0.6054275666259368,-0.6051507739961149,0.029097762025994883,-0.424134198182809,-0.18672495603342898,-0.6922115031297666,0.08002066238520837,-0.6063379192829763,-0.6185807992683153,-0.5589685954549386,1.388691822416084,-0.5032388497256879,-0.6055161986366607,-0.59711543227807
0.8040348178837813,-0.5997029937039362,-0.5993362758699113,-0.5954281554846621,-0.5948194052704188,0.1303190775219112,-0.30987265452648605,-0.18672495603342898,-0.6922115031297666,1.2676074269459936,-0.6031885361936167,-0.6174934004892387,-0.32970907637263736,1.388691822416084,-0.5475847971291274,-0.6044852166451811,-0.6048487953984275
0.9908130602134921,-0.5915021166999178,-0.5944289595518341,-0.5893628466254236,-0.591946785258138,0.009073680733554487,-0.19561111087016309,-0.18672495603342898,-0.6922115031297666,0.29814195783708436,-0.6002799436338182,-0.6162289190354684,-0.3408889524960322,1.388691822416084,-0.5618975887067159,-0.5941543562815773,-0.6038178632672894
0.5511740362348678,-0.5967312377839104,-0.5996574820289127,-0.5955031979697749,-0.5951908332083125,0.05431481045859079,-0.08134956721384012,-0.18672495603342898,-0.6922115031297666,-0.4432145833457831,-0.5983177625467304,-0.6149122370360105,-0.22808573735742516,1.388691822416084,-0.5517334323690085,-0.5912818776185368,-0.5934875025246586
-0.20425665300175636,-0.593396805226857,-0.5981406751669616,-0.5932462952300087,-0.5975941366389689,-0.07607020849643942,0.03291197644248285,-0.18672495603342898,-0.6922115031297666,-0.34601386495021247,-0.5972927015586578,-0.6133576740792344,-0.2004488978712498,1.388691822416084,-0.5621939197952792,-0.5945257659431041,-0.5906151627804047
-0.18827835320348776,-0.5952083613256616,-0.5989204923418706,-0.5946842968509819,-0.5985702785348618,-0.05704317689490878,0.3756966074114518,-0.18672495603342898,-0.6922115031297666,-0.17287853831490155,-0.597310237390702,-0.6120997637529799,-0.3151800278582945,1.388691822416084,-0.5524298104271314,-0.596928951117565,-0.593858894224075
-0.005111506927456143,-0.5941915877815519,-0.597623176355237,-0.5934770508717304,-0.5970818222418742,-0.04636643645474908,0.48995815106777474,-0.18672495603342898,-0.6922115031297666,0.13228948005695157,-0.5960085290224705,-0.6107681278324927,-0.6016020816710512,1.388691822416084,-0.549955445837631,-0.5979050449817256,-0.5962619631757167
-0.4701180020663156,-0.5956039255166764,-0.598747397911742,-0.5945464062845872,-0.5945449511291181,0.043347263858581564,0.6042196947240978,-0.18672495603342898,-0.6922115031297666,0.2602638240620573,-0.594491417821816,-0.6096393677975096,-0.5972603248353399,1.388691822416084,-0.5517334323690085,-0.5964166619292521,-0.5972380098340349
0.01185391522530169,-0.5933876697951939,-0.5939828398865542,-0.5910756913481223,-0.5907574839791684,0.07895024657148986,0.7184812383804207,-0.18672495603342898,-0.6922115031297666,0.4092038907937208,-0.5939103798048312,-0.6084645484575084,-1.0811506908232995,1.388691822416084,-0.5274342831068496,-0.5938799156449811,-0.5957496987627288
-0.18981218375957853,-0.5906707924185702,-0.5927997305342324,-0.5874642717520709,-0.5902451695820737,0.028806955866146122,0.8327427820367437,-0.18672495603342898,-0.6922115031297666,0.00908888517478687,-0.5936669719869053,-0.6072291457783062,-1.1276557738715582,1.388691822416084,-0.5648312664834892,-0.5900926348599532,-0.593213075160558
-0.15791023020603395,-0.5880891194305614,-0.592822928756827,-0.5913702331021898,-0.5938798572600328,-0.1124209784775299,1.1755274130057125,-0.18672495603342898,-0.6922115031297666,-0.48709761848278676,-0.5934794432755675,-0.6061507439168099,-1.1071395968312043,1.388691822416084,-0.5035203642598225,-0.5895803456716403,-0.5894259775359684
-0.0871764095004027,-0.5943560255514888,-0.5990989402079825,-0.5982985305402251,-0.6031015164077363,-0.1793063952427359,1.2897889566620355,-0.18672495603342898,-0.6922115031297666,-1.1728087197708361,-0.5942672470733714,-0.6051990665565208,-0.670122329148279,1.388691822416084,-0.49830493710111534,-0.5932148545022963,-0.5889137131229804
-0.21487247998533124,-0.6002757852692162,-0.6018702355687003,-0.5979861661959431,-0.5976920252826995,0.07811937182906539,1.4040505003183585,-0.18672495603342898,-0.6922115031297666,0.6323806271056053,-0.5941416172318611,-0.6040889451869683,-0.5190928539810551,1.388691822416084,-0.5492590677795082,-0.6024360598919293,-0.592548046181554
0.1404579326258698,-0.5978823021734684,-0.6023110017979967,-0.6032513345576669,-0.604089551316419,-0.12156060064420414,1.5183120439746816,-0.18672495603342898,-0.6922115031297666,-0.8427490940372498,-0.5951440386755782,-0.6029704103176995,-0.38842449396706896,1.388691822416084,-0.47341312566183086,-0.5970268349446177,-0.6017688056153374
-0.30170594666722084,-0.6020846007385219,-0.604828008949505,-0.5998003182735441,-0.6035653439065346,-0.014107724580101403,1.6325735876310044,-0.18672495603342898,-0.6922115031297666,0.014322487388851887,-0.5964343618394228,-0.6019765733402169,-0.4291155562358998,1.388691822416084,-0.5697207294447769,-0.6034240461836756,-0.5963598422689126
-0.21207055399493427,-0.5981070337923822,-0.6021022177946458,-0.6048778804224858,-0.609048022802585,-0.22903424857686816,-1.4524880910897158,0.10989148584667455,-0.6922115031297666,-0.7477582157607884,-0.5990507341532917,-0.6011210985150094,-0.5020763437675942,-0.7201021737567175,-0.44425414654724044,-0.6028998645677769,-0.6027567441261
1.7749765793904344,-0.6121390568269952,-0.6164440727940591,-0.6206180416748865,-0.6246187210857116,-0.26351555038750174,-1.2239650037770697,0.10989148584667455,-0.6922115031297666,-2.077687240944947,-0.6039677029398166,-0.6007784172856728,-0.010626144469405732,-0.7201021737567175,-0.4337936591209693,-0.6083822736848474,-0.6022325878606677
2.1949010429813316,-0.6303733784266617,-0.6321769289098148,-0.6331435704712692,-0.6357551552925563,-0.10176500990593075,-1.109703460120747,0.10989148584667455,-0.6922115031297666,-1.6139637890433012,-0.609957759955908,-0.6006766569277857,0.11832033574700708,-0.7201021737567175,-0.49720851207343303,-0.6239522058010729,-0.6077147318375192
1.2419549258648481,-0.6326636311446159,-0.6344316176981385,-0.6324681881052544,-0.633078312567737,0.011088551983934655,-0.9954419164644239,0.10989148584667455,-0.6922115031297666,0.3452338244898596,-0.6142457943483723,-0.6006152445210945,0.2824527400792912,-0.7201021737567175,-0.5453178643016218,-0.6350880920320255,-0.6232839109608322
1.1732615049055066,-0.6330290484111422,-0.6338721836378778,-0.6351256301093099,-0.6313519960189555,0.058593815382079494,-0.652657285495455,0.10989148584667455,-0.6922115031297666,0.2004703099014681,-0.6190606888886703,-0.6006312117468343,0.12160153274353937,-0.7201021737567175,-0.4940525859802375,-0.6324113810230905,-0.6344192586381582
0.7582076130222832,-0.6311407546863671,-0.6283162093264838,-0.6281410508074402,-0.6245391293847343,0.17034646823823074,-0.538395741839132,0.10989148584667455,-0.6922115031297666,0.9363970874367319,-0.621985901229585,-0.600588622242794,0.4756996650580231,-0.7201021737567175,-0.5121139658281469,-0.6306851494189003,-0.6317426770802961
0.5334441269664828,-0.6223707402897338,-0.6248543207239129,-0.6217624395728559,-0.6231366687226877,0.0027798045596848773,-0.424134198182809,0.10989148584667455,-0.6922115031297666,0.14425824047638408,-0.6247854837289897,-0.6007028493192395,0.495271869441826,-0.7201021737567175,-0.5553783047583317,-0.62387261801646,-0.6300165289601027
0.21104533265996858,-0.6225479676639992,-0.6257465600544724,-0.6245952933858625,-0.6268628411144136,-0.07779427358697155,-0.30987265452648605,0.10989148584667455,-0.6922115031297666,-0.5709865772560443,-0.6273338065453737,-0.601063125203093,0.480621509335028,-0.7201021737567175,-0.525448864813478,-0.6224702263634533,-0.623204327025243
-0.3416817756442766,-0.6267621422902147,-0.6276381074352585,-0.6238129754785621,-0.6241978914023837,0.07853480920027762,-0.19561111087016309,0.10989148584667455,-0.6922115031297666,0.325624266200882,-0.6272736089129834,-0.6013208423677724,-0.08751449842815051,-0.7201021737567175,-0.5692169665942202,-0.6261962154063081,-0.6218020031946884
0.44243750390003656,-0.6253306201485975,-0.628423278046151,-0.628671976389613,-0.6292048497868463,-0.06769914546650867,0.14717352009880583,0.10989148584667455,-0.6922115031297666,-0.7529634561634673,-0.6263366196783863,-0.6017359902370044,-0.5929988834769375,-0.7201021737567175,-0.5055057825531941,-0.6235313968249587,-0.6255278120412956
-0.20179256369066312,-0.6302272115200511,-0.627216078231904,-0.6272902566324744,-0.6239170333311194,0.1636994702988321,0.2614350637551288,0.10989148584667455,-0.6922115031297666,0.7066186730749777,-0.6250261433941326,-0.6021265731435601,-0.5087248643085223,-0.7201021737567175,-0.5072837690845717,-0.6285381088385958,-0.6228631223358778
-0.20454766083442394,-0.6236926372513931,-0.625717116156564,-0.6225625800703707,-0.6257348345936677,-0.02615540834526274,0.3756966074114518,0.10989148584667455,-0.6922115031297666,-0.3063398101989964,-0.6242226358661401,-0.602691352341695,-0.4654634070471748,-0.7201021737567175,-0.5570673919631406,-0.6232505525735086,-0.6278695922149549
-0.42816792838028134,-0.6245029500399154,-0.6265674202385871,-0.6219500457856378,-0.6228924045369302,0.05680743468586639,0.48995815106777474,0.10989148584667455,-0.6922115031297666,0.3485028373340699,-0.6239870799133085,-0.6032999492920041,-0.6743376161309454,-0.7201021737567175,-0.5808627783747422,-0.6250682643898976,-0.6225822916666147
-0.47849181749138975,-0.622943531855014,-0.6259508828611706,-0.6209491666404465,-0.6238200595345265,0.0002871803324107579,0.6042196947240978,0.10989148584667455,-0.6922115031297666,-0.18129407504164183,-0.6240848356337336,-0.60415155513559,-0.6784159543637445,-0.7201021737567175,-0.5864338028397251,-0.6222259741968827,-0.6243999155748418
0.2140143187024525,-0.6224684894085297,-0.6187282054802914,-0.6183161134440527,-0.6152076885805104,0.18503217931059243,0.9470043256930666,0.10989148584667455,-0.6922115031297666,1.1505501509063212,-0.6224176229453582,-0.6044545025377974,-0.45233375647717483,-0.7201021737567175,-0.5080838630236912,-0.623153583548578,-0.6215577628406389
-0.08709501650505891,-0.6134792246519807,-0.6174192903823605,-0.6157271477076625,-0.6169888959575519,-0.05980583541347185,1.0612658693493895,0.10989148584667455,-0.6922115031297666,-0.29084948127355936,-0.6213864113296284,-0.604851840809089,-0.41306572945503045,-0.7201021737567175,-0.5272416678992842,-0.6145416363721885,-0.6224853273312992
-0.4900492387841132,-0.6163048136653959,-0.6174790704175082,-0.6132451175125583,-0.6143971340165356,0.06328825767678042,1.1755274130057125,0.10989148584667455,-0.6922115031297666,0.2977215744347165,-0.6192682398559985,-0.6055089535606842,-0.6472996895821939,-0.7201021737567175,-0.5674389800628425,-0.616322756103698,-0.6138737966458193
0.15595902417746516,-0.612869891360048,-0.6162888231505417,-0.6206424304825481,-0.6201240770983436,-0.1448458653006629,1.2897889566620355,0.10989148584667455,-0.6922115031297666,-0.8162606868286797,-0.6187256759779763,-0.6064547046237276,-0.4790563927812802,-0.7201021737567175,-0.4308303482353408,-0.6137311216921078,-0.6156548302388328
-0.478829468341937,-0.6184187525522511,-0.6209882477045986,-0.6167533536915796,-0.6197517343133124,-0.010223385159264353,1.4040505003183585,0.10989148584667455,-0.6922115031297666,-0.001264853280230826,-0.6178698226826879,-0.6072790740649461,-0.5129731877885326,-0.7201021737567175,-0.5702985750674748,-0.6194577829757488,-0.6130633211638419
0.200478923737037,-0.6192646935242597,-0.6198640261480935,-0.6239255392062312,-0.6268262472289068,-0.15161749445142647,1.7468351312873274,0.10989148584667455,-0.6922115031297666,-1.020743475864677,-0.6184325396811192,-0.608260229380447,-0.2970253334865268,-0.7201021737567175,-0.43834234133041045,-0.6190854585121001,-0.618789705494743
0.15579512321423858,-0.6268781622723368,-0.6299998649432496,-0.6269966529094707,-0.6292048497868463,-0.03251160012481333,-1.6810111784023618,0.4065079277267781,-0.6922115031297666,-0.38960538884703655,-0.6192028076468787,-0.6092884573056766,-0.2826540194866561,-0.7201021737567175,-0.5581490004363954,-0.6261596233214285,-0.6184173990374465
0.8354361363787508,-0.6293502100803878,-0.6284116789348536,-0.6300668285816463,-0.6253505987958468,0.11120895844613753,-1.5667496347460388,0.4065079277267781,-0.6922115031297666,0.5008629405852892,-0.6206537014519037,-0.6102372789890546,-0.6344271465355793,-0.7201021737567175,-0.483280950910976,-0.6285381088385958,-0.6254912217260822
1.1294022265752663,-0.6132782451553912,-0.6148023524258297,-0.6100989613242058,-0.6124210641991706,0.03933829322638179,-1.4524880910897158,0.4065079277267781,-0.6922115031297666,1.7674279690978532,-0.6200002954116323,-0.610837278202427,0.14740052408579496,-0.7201021737567175,-0.572684040330406,-0.6246840474986629,-0.6278695922149549
0.3320160746186697,-0.6122614716112815,-0.6104776683906077,-0.6100051582178149,-0.6064315599888516,0.15221262698480778,-1.3382265474333928,0.4065079277267781,-0.6922115031297666,0.7391720576686616,-0.618860858922018,-0.6113633675843465,0.21612368470013127,-0.7201021737567175,-0.5023498564599992,-0.611755149108615,-0.6240157172651007
-0.21134024698191795,-0.6059580237637014,-0.6091633998566935,-0.6040955625151854,-0.6074927826685477,-0.015208633613814066,-0.9954419164644239,0.4065079277267781,-0.6922115031297666,-0.18870660839508452,-0.6170540138993806,-0.6119422716360206,0.06629785880016514,-0.7201021737567175,-0.5738693646846581,-0.6057659396159635,-0.6110874441423169
-0.0027462785148170163,-0.6058483985837435,-0.6037501838381891,-0.6011876662170661,-0.6013633068461652,0.121470261515085,-0.8811803728081009,0.4065079277267781,-0.6922115031297666,0.7392406999392986,-0.6144236390927603,-0.6121934483793873,0.09816784035556157,-0.7201021737567175,-0.5299086476963499,-0.6068271100774688,-0.6050985242997593
-0.10507394869572793,-0.6037344596968884,-0.6029052331921492,-0.6002186801280477,-0.6023943395703183,0.049994261797980936,-0.7669188291517779,0.4065079277267781,-0.6922115031297666,-0.18181202907043298,-0.6109287739392477,-0.6121697124842012,-0.23217375998522677,-0.7201021737567175,-0.5311828713771706,-0.6006979358601532,-0.6061596434409486
-0.07127691348347079,-0.603369042430362,-0.6048976036172886,-0.6029014489708288,-0.6073528110564843,-0.07089801322484454,-0.652657285495455,0.4065079277267781,-0.6922115031297666,-0.677945199259089,-0.6078029464451711,-0.6124939699915304,-0.11459533249293904,-0.7201021737567175,-0.5218928917507228,-0.6017289178516331,-0.6000307656426996
-0.5740348797727521,-0.6061891501847794,-0.6081043117713194,-0.603551504498118,-0.6058460578207434,0.02743601254114523,-0.538395741839132,0.4065079277267781,-0.6922115031297666,0.14213110077511767,-0.6050129170482981,-0.6125529259019539,-0.1088493993864045,-0.7201021737567175,-0.5648757161467736,-0.6066871453528048,-0.601061697773838
-0.5460849463835379,-0.6015236852344038,-0.6042971265478221,-0.597936450549556,-0.6022296670855378,0.003465276222185313,-0.19561111087016309,0.4065079277267781,-0.6922115031297666,0.4111743384656676,-0.6035550874291064,-0.6125080948450693,-0.6936546707771145,-0.7201021737567175,-0.5903453732087559,-0.6051804662578915,-0.6060196854852573
-0.8105875155806225,-0.6011765388312038,-0.6055881968591417,-0.599956031430153,-0.6031262172804535,-0.02478446502026112,-0.08134956721384012,0.4065079277267781,-0.6922115031297666,-0.16536234256648752,-0.6030822742860059,-0.6123093335908135,-0.8244716843663419,-0.7201021737567175,-0.5798848857824849,-0.6015642534696753,-0.6045130792563443
-0.7508302278635022,-0.6025167066561893,-0.6049877197896751,-0.5979861661959431,-0.6027721714381755,0.01372657929113353,0.03291197644248285,0.4065079277267781,-0.6922115031297666,-0.007508711615649865,-0.6024070138878884,-0.6115760694549214,-0.8408492308738945,-0.7201021737567175,-0.6010281089514488,-0.602460759549223,-0.6008970413553776
-0.45263989076297817,-0.6036065636536042,-0.6068908662817586,-0.6048215985586513,-0.6094752564158764,-0.1136880624597279,0.14717352009880583,0.4065079277267781,-0.6922115031297666,-0.8995094920796171,-0.603567388684421,-0.6106940030576166,-0.840590322827875,-0.7201021737567175,-0.5246635874287865,-0.6021067311280137,-0.6017935040781065
-0.3820287046480483,-0.6086621115359967,-0.6124227501312274,-0.6084423984653419,-0.6121950969561664,-0.060491307075972285,0.2614350637551288,0.4065079277267781,-0.6922115031297666,-0.40681489799224463,-0.6049693391970241,-0.6099930725538473,-0.8270596664871198,-0.7201021737567175,-0.5593343247906469,-0.6088094862758155,-0.6014394927784166
-0.1777946504657792,-0.6129795165400059,-0.6172881312007684,-0.6171660873596997,-0.618050118637248,-0.0952634150464554,0.6042196947240978,0.4065079277267781,-0.6922115031297666,-0.8252298039410947,-0.6064995368395024,-0.6095466043572029,-0.773201774321208,-0.7201021737567175,-0.502335039905571,-0.611529192984484,-0.6081419237676361
-0.5820801375677634,-0.6158361660210758,-0.6194179064828139,-0.6137122569823851,-0.6159212693478923,0.018026356083182062,0.7184812383804207,0.4065079277267781,-0.6922115031297666,0.23668041253191532,-0.6079407466775777,-0.6092573519216875,-0.7451563270551764,-0.7201021737567175,-0.5922567087299865,-0.6173839265652034,-0.6108614989458739
-0.4654393914640988,-0.6171397921194087,-0.6127261115036177,-0.6131297396916973,-0.608956538088818,0.205804047871215,0.8327427820367437,0.4065079277267781,-0.6922115031297666,0.8835199681923166,-0.608902992744895,-0.6087814057698313,-0.5024254532322545,-0.7201021737567175,-0.4903336308187732,-0.6152551820273388,-0.6167159493800222
-0.5342653083268195,-0.6088996327592389,-0.6108408097981455,-0.6059781908604517,-0.6088586494450875,0.020664383390381666,0.9470043256930666,0.4065079277267781,-0.6922115031297666,-0.039599707903810025,-0.6097229891895858,-0.6081771076879905,-0.4984651058224791,-0.7201021737567175,-0.5719876622722833,-0.6082907934726486,-0.6145873077924812
-0.7380056278916712,-0.6078517987474744,-0.6114171964056869,-0.6075043674014323,-0.6118355620310624,-0.0707526101449205,1.0612658693493895,0.4065079277267781,-0.6922115031297666,-0.4392086896086369,-0.6110194629810878,-0.6077621747621819,-0.4887850665721819,-0.7201021737567175,-0.5574526223782725,-0.6081929096455959,-0.6076232560494856
-0.6876360249064656,-0.6120906390391805,-0.6163780470835977,-0.6122442383673669,-0.6132929135213692,-0.00746072664070203,1.4040505003183585,0.4065079277267781,-0.6922115031297666,-0.24438162588226697,-0.6115655601984025,-0.6072281017673924,-0.6416732348232105,-0.7201021737567175,-0.5649646154733422,-0.611169675750543,-0.6075253769562897
-0.6276016665134148,-0.6168410635040233,-0.6153671399220738,-0.6128511444657162,-0.6122563917143903,0.1240875169537233,1.5183120439746816,0.4065079277267781,-0.6922115031297666,0.08521327286187617,-0.6115743281144246,-0.6068367204995498,-0.6650723626482374,-0.7201021737567175,-0.5385911485912436,-0.612626955530869,-0.610501999098902
-0.7512033720065395,-0.6106353647752392,-0.6127377106149149,-0.6076919736142141,-0.6087067848202344,0.06357906383662922,1.6325735876310044,0.4065079277267781,-0.6922115031297666,0.4163806241379247,-0.6102378098109411,-0.6062651859366789,-0.8750519818932664,-0.7201021737567175,-0.5764178120462989,-0.6115904847266572,-0.6119592084022767
-0.6287116092873619,-0.6082720286039797,-0.6097817217127713,-0.6040524130862456,-0.6070472521125029,0.047522409439267395,1.7468351312873274,0.4065079277267781,-0.6922115031297666,0.16319474028523034,-0.608968424954015,-0.6057333544947336,-0.8794321755609008,-0.7201021737567175,-0.5848187984070574,-0.6080410524933461,-0.6109227877238564
-0.8172868280809409,-0.6067071291600806,-0.6102876214131986,-0.6035074170381142,-0.6073528110564843,0.00500239449567227,-1.6810111784023618,0.7031243696068816,-0.6922115031297666,-0.09170642375433778,-0.6087390196288405,-0.6051806428345134,-1.2013976816027765,1.388691822416084,-0.6018282028905684,-0.606381601444061,-0.6073735271481541
-0.6708813449521542,-0.608119466895205,-0.6115367564759818,-0.6083861166015073,-0.6108960140206764,-0.0433337436448978,-1.2239650037770697,0.7031243696068816,-0.6922115031297666,-0.5096051752103026,-0.6090304546882607,-0.6050359244981458,-1.087133929214802,1.388691822416084,-0.5455104795091872,-0.6066871453528048,-0.6057141563532252
-0.6252420129634704,-0.6107385951530329,-0.6142197201429742,-0.6110932742519498,-0.613981793416034,-0.05384430913657365,-1.109703460120747,0.7031243696068816,-0.6922115031297666,-0.45718912500703474,-0.6093374626134512,-0.6049349932077489,-1.080628627006216,1.388691822416084,-0.5473032825949934,-0.6102301739712619,-0.6060196854852573
-0.5968020491433849,-0.6128826809643765,-0.6133265885730842,-0.609911355111424,-0.6102739179670614,0.07909564965141389,-0.9954419164644239,0.7031243696068816,-0.6922115031297666,0.4412994364369883,-0.6089056100332599,-0.6047966003492704,-0.9897159553288446,1.388691822416084,-0.5511407701918826,-0.6133158015287254,-0.6095625427557974
-0.7777456401767378,-0.6110491998295803,-0.6149326193680914,-0.6106308249374425,-0.6146715881578364,-0.06244386272067073,-0.8811803728081009,0.7031243696068816,-0.6922115031297666,-0.6276338963605623,-0.6092510920974129,-0.6046135913773307,-0.8572391851885358,1.388691822416084,-0.5664462709161571,-0.6096081085283105,-0.6126480210861694
0.03798031102705304,-0.6096121964289654,-0.6066472849445158,-0.6058159114863954,-0.6022964509265877,0.18586305405301615,-0.538395741839132,0.7031243696068816,-0.6922115031297666,1.6005914097273413,-0.6083341251188066,-0.6040277170174975,-0.18730552556457494,1.388691822416084,-0.5049131203760687,-0.614005562328704,-0.6089405073971691
-0.2751030859338222,-0.6016095582920374,-0.603643115118522,-0.5993116040892472,-0.6028700600819061,-0.009122476125551686,-0.424134198182809,0.7031243696068816,-0.6922115031297666,-0.12466838549003204,-0.6077365981851235,-0.6032236443766904,-0.18298831656154554,1.388691822416084,-0.557763770021264,-0.6016310340245804,-0.6133377485279425
-0.6086690611444251,-0.6020169985442144,-0.6040535452105794,-0.5998181408637583,-0.6007476147225139,0.04833251231313128,-0.30987265452648605,0.7031243696068816,-0.6922115031297666,0.21604086993088806,-0.606791757085432,-0.6022684972154232,-0.18202506688156617,1.388691822416084,-0.5565784456670119,-0.6022046149550664,-0.6009638186806421
-0.05135441071722833,-0.6017063938676671,-0.5981710113042006,-0.5979176899282778,-0.5937883725462658,0.1992816811431791,-0.19561111087016309,0.7031243696068816,-0.6922115031297666,0.8192577798178516,-0.6043445924643472,-0.6012091332000012,-0.19195107535988393,1.388691822416084,-0.4889112415936714,-0.6000822740320556,-0.6015373718716125
-0.3789770371975089,-0.5955070899410468,-0.5969575658146397,-0.5916197493651898,-0.5924645887380587,0.08838067489801214,-0.08134956721384012,0.7031243696068816,-0.6922115031297666,0.10845584771249381,-0.6012666613473466,-0.600539308080221,-0.31644443866315525,1.388691822416084,-0.5682390740019622,-0.5931233742900975,-0.5994151335892337
-0.04995883675596813,-0.5920109602435557,-0.591240988423745,-0.5885054862330104,-0.5892992176417241,0.08075739913626355,0.2614350637551288,0.7031243696068816,-0.6922115031297666,0.32993274873980205,-0.5982663328303621,-0.5999642730101685,-0.31888534625135667,1.388691822416084,-0.522500370482277,-0.5917996556195817,-0.5924565703935204
-0.1879486929894697,-0.5921635219523306,-0.5955353363217278,-0.5910756913481223,-0.5953372087503395,-0.05286803131422443,0.3756966074114518,0.7031243696068816,-0.6922115031297666,-0.771663956736725,-0.5955006442152818,-0.5995562796863161,-0.25029911572929786,1.388691822416084,-0.5532150878118228,-0.5886344402775054,-0.5911329157406747
-0.4713838675555439,-0.5964261143663608,-0.5979988091134025,-0.5926393891316594,-0.5960635973776486,0.02756064375250795,0.48995815106777474,0.7031243696068816,-0.6922115031297666,-0.1411495654840671,-0.5946090649338138,-0.5993783986503352,-0.770426672045142,1.388691822416084,-0.5694243983562142,-0.5946721342826222,-0.5879678534747134
-0.526962622242753,-0.5952695687178047,-0.5988428675201118,-0.5967413989741354,-0.6005948352505233,-0.10161960682600672,0.6042196947240978,0.7031243696068816,-0.6922115031297666,-0.608169294625107,-0.5942836051256514,-0.5993179995483544,-0.6460706274635103,1.388691822416084,-0.5186480663309592,-0.5953984871674801,-0.5940052554849287
0.12938849764769622,-0.6003908917081721,-0.6029650132272968,-0.6052652872518806,-0.6099811668830073,-0.19829188310714607,0.7184812383804207,0.7031243696068816,-0.6922115031297666,-1.2270805707982704,-0.5956044196989458,-0.5994062184705663,-0.3366956647202225,1.388691822416084,-0.4524625177004329,-0.5999295020776837,-0.5947315732419152
0.026116631555045882,-0.6085159446293861,-0.6103590005596433,-0.6102678069157096,-0.6137018501919072,-0.09802607356501772,1.0612658693493895,0.7031243696068816,-0.6922115031297666,-0.5384044711034065,-0.5984529454907721,-0.5996698926386946,-0.6712302586146898,1.388691822416084,-0.4962306194811751,-0.6093153718492744,-0.5992623690232177
-0.055185084703568914,-0.6098679885155337,-0.6140644704994569,-0.6115060079200699,-0.6135426667899528,-0.06366940296574759,1.1755274130057125,0.7031243696068816,-0.6922115031297666,-0.031163400115279818,-0.6014680616870177,-0.6000496055492659,-0.712085023774622,1.388691822416084,-0.5382059181761116,-0.6130358720793972,-0.6086477848754616
-0.26373575507040703,-0.6104946791276264,-0.613916358770584,-0.6117564622141338,-0.6161536405208601,-0.10870281400517819,1.2897889566620355,0.7031243696068816,-0.6922115031297666,-0.3991991986031061,-0.6053094558200295,-0.6004868618849069,-0.9512315436113481,1.388691822416084,-0.5317903501087242,-0.6128766965101715,-0.6123681051747867
-0.3970856654716261,-0.6165971474786172,-0.6191145451104236,-0.614945767831426,-0.6169888959575519,0.011088551983934655,1.4040505003183585,0.7031243696068816,-0.6922115031297666,-0.16468539470132088,-0.6084066240065114,-0.6009640362848968,-0.9413052007738771,1.388691822416084,-0.5677353111514053,-0.6154875417663235,-0.6122089373036084
-0.4362449628926529,-0.61539127049908,-0.6179662330919936,-0.6129440095410432,-0.616074048819883,0.004441554044534534,1.5183120439746816,0.7031243696068816,-0.6922115031297666,0.07123398324200851,-0.611269021426671,-0.6011855201296284,-0.8740568925875635,1.388691822416084,-0.5802849327520448,-0.616322756103698,-0.6148196562940863
-0.4123667233869503,-0.614989311505901,-0.6185497576141794,-0.6148772915637606,-0.615811487691372,0.0012634581547592296,-1.5667496347460388,0.9997408114869851,-0.6922115031297666,-0.01702106366219701,-0.6134456892952541,-0.6013069017514534,-0.8474368267219518,-0.7201021737567175,-0.5594380406716442,-0.6154079539817107,-0.6156548302388328
0.49726513875350214,-0.6190216910420197,-0.6156642556191501,-0.6175225391639853,-0.6117806712028023,0.1844713388594547,-1.4524880910897158,0.9997408114869851,-0.6922115031297666,0.4890059880204768,-0.6137030996059317,-0.6010964721399263,-1.0876473247451108,-0.7201021737567175,-0.4697386201636509,-0.6151454057727003,-0.6147400723584971
0.13033622430580902,-0.6096724902779421,-0.6096746529931042,-0.6060654277493953,-0.6075906713122782,0.06702719401769272,-1.3382265474333928,0.9997408114869851,-0.6922115031297666,0.49970172076804764,-0.6128289252920898,-0.6008168614522615,-1.0973951027975464,-0.7201021737567175,-0.5512444860728793,-0.6111147876232237,-0.6144775368468408
-0.6092770928356692,-0.6067802126133858,-0.6103795220642463,-0.6049716835288769,-0.6073948940248171,0.005708638026733286,-1.2239650037770697,0.9997408114869851,-0.6922115031297666,-0.027032824099296613,-0.6119495164015181,-0.6007644459631507,-1.09779247445168,-0.7201021737567175,-0.5802256665343324,-0.6069249939045215,-0.6104471136260818
-0.5897738197440743,-0.6085460915538745,-0.6087949050131725,-0.6044088648905311,-0.6064498569316049,0.0673180001775415,-1.109703460120747,0.9997408114869851,-0.6922115031297666,0.06966093059875218,-0.6105614375172485,-0.6006835965297418,-1.2397916857444282,-0.7201021737567175,-0.5628013985268333,-0.6067292262504161,-0.6062575225341446
0.0027585267387663314,-0.6106472408364012,-0.6137611091270666,-0.6103991312646568,-0.614951531381963,-0.07793967666689557,-0.7669188291517779,0.9997408114869851,-0.6922115031297666,-1.1449829207104973,-0.6102700024578283,-0.6007881818583368,-0.6501326380166595,-0.7201021737567175,-0.5506518238957538,-0.6057842356584031,-0.6060617643477527
-0.08814847972561604,-0.6123829728524015,-0.6114528859789092,-0.6086103060257816,-0.6072366254700002,0.13669604117002163,-0.652657285495455,0.9997408114869851,-0.6922115031297666,0.979514241566418,-0.6090058521776317,-0.6005849067921891,-0.4119551209746399,-0.7201021737567175,-0.5405765668846146,-0.614285491778032,-0.605116819457366
-0.5485445758044752,-0.6080646543052262,-0.6102813757378845,-0.6050964416603768,-0.6078404245808618,0.02479798523394563,-0.538395741839132,0.9997408114869851,-0.6922115031297666,-0.13021041134296507,-0.607865630501508,-0.6004366879486401,-0.4012123729382971,-0.7201021737567175,-0.576625243808293,-0.6065709654833122,-0.6136176644393252
-0.6268120801270772,-0.6086374458705062,-0.6089849519905817,-0.6041649768139148,-0.6071817346417401,0.052777692185104585,-0.424134198182809,0.9997408114869851,-0.6922115031297666,0.03287357693645054,-0.6072077750710164,-0.600385500707663,-0.4454246816952673,-0.7201021737567175,-0.5698096287713461,-0.607174734883824,-0.6059035112344546
-0.7261830289634328,-0.6061827553826152,-0.6097522778148629,-0.6035139832555616,-0.6072485184827899,-0.0045526650422149486,-0.30987265452648605,0.9997408114869851,-0.6922115031297666,-0.06093934745551883,-0.6071588317785946,-0.6003922560723991,-0.5114279024016232,-0.7201021737567175,-0.5928345543526844,-0.606516077355993,-0.6065072514354761
-0.38532066106931656,-0.6081441325606955,-0.6121372335454484,-0.607591604290376,-0.6102803218970251,-0.028793435652461615,0.03291197644248285,0.9997408114869851,-0.6922115031297666,-0.4434168981433411,-0.6075715781537231,-0.6004905159231049,-0.4740915874181591,-0.7201021737567175,-0.568031642239968,-0.6065828579108982,-0.6058486257616345
-0.7723646092635623,-0.609879864576696,-0.6111022359219993,-0.6057718240263915,-0.6071387368262697,0.08200371124990172,0.14717352009880583,0.9997408114869851,-0.6922115031297666,0.35866980882580224,-0.6076701190606577,-0.6003644055459647,-0.42956436158305283,-0.7201021737567175,-0.5795885546939221,-0.6096145121431644,-0.605915403086899
-0.4665400551888051,-0.6067984834767121,-0.6070693141478705,-0.6032325739363887,-0.6047601342683303,0.06594705685253989,0.2614350637551288,0.9997408114869851,-0.6922115031297666,0.25434718489203373,-0.6062122894414661,-0.6000548870162413,-0.8465543903193732,-0.7201021737567175,-0.5527261415156941,-0.6064730816562597,-0.6089469107023314
-0.4442980378840207,-0.6070478807611165,-0.6105508320157136,-0.6069415487630866,-0.6095420402569262,-0.036956779996786635,0.3756966074114518,0.9997408114869851,-0.6922115031297666,-0.6621749681125745,-0.6065420677754304,-0.6000303220535648,-1.0303506631395054,-0.7201021737567175,-0.5519556806854308,-0.6040945961390924,-0.6058056321412587
-0.4684665419073649,-0.6087954888382788,-0.612095298296912,-0.6093551026905256,-0.6136341515037197,-0.09013276351198166,0.48995815106777474,0.9997408114869851,-0.6922115031297666,-0.5858344458093614,-0.6073708321361432,-0.599995501218971,-0.9370218310192546,-0.7201021737567175,-0.5394801418569317,-0.6088762668307205,-0.603427261652386
-0.31721297235044016,-0.6105074687319549,-0.6148317963237381,-0.6144139042181893,-0.6185624330343427,-0.16310433776545005,0.8327427820367437,0.9997408114869851,-0.6922115031297666,-0.7073418230620554,-0.6089987854990466,-0.6005414575144551,-0.8625987719893701,-0.7201021737567175,-0.5050168362570655,-0.6129681767223703,-0.6082087010929004
-0.5502246535919258,-0.6172548985583647,-0.6190851012125151,-0.6144701860820239,-0.6183675705940191,-0.005258908573275947,0.9470043256930666,0.9997408114869851,-0.6922115031297666,-0.025807166150382983,-0.6105893116383335,-0.6010616205991292,-0.8567722177258641,-0.7201021737567175,-0.5747583579503462,-0.6178962157535163,-0.612300413091642
0.21128765335843508,-0.6185338589912068,-0.6222373827673819,-0.6223496470188632,-0.6253807887513898,-0.13541543697413988,1.0612658693493895,0.9997408114869851,-0.6922115031297666,-1.0058942441324434,-0.6127493597258,-0.6018884158304117,-0.690311107357421,-0.7201021737567175,-0.5026461875485619,-0.617701362901533,-0.6172282137930101
-0.4527770323852698,-0.6239667002012879,-0.6265620668026038,-0.6225747744742015,-0.6251795223811026,-0.007315323560777275,1.1755274130057125,0.9997408114869851,-0.6922115031297666,-0.023995819996189525,-0.6153300060534893,-0.6029420377858082,-0.8304760778394373,-0.7201021737567175,-0.570906053799029,-0.6247142359686885,-0.6170333703644987
-0.08887284021842459,-0.6288568967705772,-0.6299168866855075,-0.6266645899128468,-0.628412592165625,0.030468705350995776,1.2897889566620355,0.9997408114869851,-0.6922115031297666,-0.5069712012507366,-0.6187133747226617,-0.604148607340069,-1.0329945528052353,-0.7201021737567175,-0.5620161211421418,-0.6245129795018513,-0.6240459042751518
-0.5944654383592456,-0.6292040431737773,-0.6303986959240097,-0.6262959437047304,-0.6288938017600387,0.027436012541144503,1.6325735876310044,0.9997408114869851,-0.6922115031297666,-0.12111425834409072,-0.6214815497616888,-0.6054775718208649,-0.997106851329309,-0.7201021737567175,-0.575839966423601,-0.6277458902009547,-0.623844657541478
-0.3338513235031871,-0.6285645629573562,-0.6255386682904521,-0.6244639690369153,-0.6219107735582112,0.17144737727194415,1.7468351312873274,0.9997408114869851,-0.6922115031297666,0.9483308390227333,-0.6226654801535044,-0.6063694949094438,-0.484050027831815,-0.7201021737567175,-0.524070925251661,-0.62822707611712,-0.6270774118905842
0.14789554277573377,-0.6212443415656664,-0.6251469752243364,-0.624413315359464,-0.6282845135663513,-0.13971521376618842,-1.6810111784023618,1.2963572533670886,-0.6922115031297666,-0.9341322687284878,-0.6240561763261391,-0.6074509673912746,-0.41290667422990157,-0.7201021737567175,-0.5183665517968246,-0.6212443915199902,-0.6275585745356408
2.2902757444093114,-0.6408060413859898,-0.6393746235894382,-0.6416918475566761,-0.6415918800308847,0.0029252076396096335,-1.5667496347460388,1.2963572533670886,-0.6922115031297666,-1.9533206808183063,-0.6273783004475753,-0.6088270044817994,0.09540605697186183,-0.7201021737567175,-0.48171039614159256,-0.6276178179038765,-0.6205762276350386
0.26746625088301884,-0.6411897295158426,-0.6408254047409279,-0.6401290878042029,-0.6374265810130776,0.1062237099915878,-1.4524880910897158,1.2963572533670886,-0.6922115031297666,0.5860801875789108,-0.629101392242539,-0.6097481905821664,0.2046817764298212,-0.7201021737567175,-0.5304864933190478,-0.6409245295703052,-0.6269493457873372
-0.17949702770400883,-0.6366220136842629,-0.6400821693785719,-0.6377024014418692,-0.6394456486459132,-0.04347914672482183,-1.109703460120747,1.2963572533670886,-0.6922115031297666,-0.3548811143589654,-0.6311420919805708,-0.6106122631443106,0.19062781968512682,-0.7201021737567175,-0.5564747297860152,-0.6367594355088965,-0.6402554139146998
-0.40171930551477164,-0.6402643102883646,-0.640677293012055,-0.6370645403184109,-0.6374512818857947,0.08462096668854001,-0.9954419164644239,1.2963572533670886,-0.6922115031297666,0.24979295640508759,-0.6324350324327802,-0.6114147390625436,0.23061425560002347,-0.7201021737567175,-0.5764326286007271,-0.6387784037921228,-0.6360905212855315
-0.5056883887131989,-0.6375355568505788,-0.6404453107861096,-0.6362700280072795,-0.6384631028200567,-0.00039829133009042727,-0.8811803728081009,1.2963572533670886,-0.6922115031297666,-0.20396692633648367,-0.6338038742475689,-0.6121635405373287,0.22863420991194716,-0.7201021737567175,-0.5851299460500488,-0.6367841351661903,-0.6381093919274323
-0.3728547229861003,-0.6393626431832107,-0.641890738501616,-0.6393974235743536,-0.6393175700466396,0.0217445205555345,-0.7669188291517779,1.2963572533670886,-0.6922115031297666,-0.1810825564563202,-0.6362938315334179,-0.6129129868423839,-0.06809795525440465,-0.7201021737567175,-0.5597343717602069,-0.6377959063131083,-0.6361152197483005
-0.5250656822964754,-0.6393626431832107,-0.6395709162421613,-0.6359267086378886,-0.6393175700466396,0.0217445205555345,-0.652657285495455,1.2963572533670886,-0.6922115031297666,-0.05232716852705255,-0.6378720564173903,-0.6136931393507848,-0.12557435360686398,-0.7201021737567175,-0.576032581631167,-0.6386503314950446,-0.6371269419639518
0.022044008527751797,-0.6408060413859898,-0.634550285529103,-0.6376395533605872,-0.6317481248295661,0.22643051335191364,-0.30987265452648605,1.2963572533670886,-0.6922115031297666,1.0935486843417013,-0.6364639552771297,-0.6142280414130645,-0.7105887125870574,-0.7201021737567175,-0.46560480147819794,-0.6386503314950446,-0.6379813258241853
-0.33165073936880046,-0.6317500879782999,-0.6348179573282708,-0.6327683580457055,-0.6358347469935336,-0.07226895654984615,-0.19561111087016309,1.2963572533670886,-0.6922115031297666,-0.6466237121845458,-0.6362362511893925,-0.6150353996176295,-0.6293310600004196,-0.7201021737567175,-0.5469921349520019,-0.6310812587377207,-0.6379813258241853
-0.27777325933586583,-0.6372249521740314,-0.6371136891258004,-0.6361452698757795,-0.6342493169039533,0.08821449994952756,-0.08134956721384012,1.2963572533670886,-0.6922115031297666,0.18323826475757188,-0.6354929412937903,-0.6159301783831193,-0.6660712501946516,-0.7201021737567175,-0.5317755335542966,-0.6351676798166385,-0.630412619122288
-0.3070275123783186,-0.6323649025292305,-0.6337535158069133,-0.6300171129352592,-0.6335174391938179,-0.005674345944488178,0.03291197644248285,1.2963572533670886,-0.6922115031297666,0.05550819167307944,-0.634930224295359,-0.6168069633134486,-0.6787385596273052,-0.7201021737567175,-0.5727729396569752,-0.6335823277392344,-0.6344988425737474
1.1659287021743046,-0.6252520554362944,-0.6286793507340215,-0.6288595826023948,-0.6319621990597807,-0.13209193800444055,0.14717352009880583,1.2963572533670886,-0.6922115031297666,0.17594303395108768,-0.634000301739347,-0.6176632672061464,-0.69737619521622,-0.7201021737567175,-0.506794822788443,-0.6328504860416443,-0.6329135671671258
0.14777178082390963,-0.6324873173135168,-0.6353238570286981,-0.6341125565602878,-0.6358100461208165,-0.054945218170286324,0.48995815106777474,1.2963572533670886,-0.6922115031297666,-0.6125232970532094,-0.6334985675598155,-0.6183633686424254,-0.5771298193123716,-0.7201021737567175,-0.5341609988172278,-0.6312953224342659,-0.6321817608628572
-0.03535120986558971,-0.6342714671173318,-0.6336999814470797,-0.6316361545515669,-0.6302788803264697,0.11120895844613753,0.6042196947240978,1.2963572533670886,-0.6922115031297666,0.7693934212016303,-0.6322056271076059,-0.6191367657860901,-0.4538309549666265,-0.7201021737567175,-0.5463105734483072,-0.6351429801593448,-0.6306266724662866
-0.47076598694020566,-0.630672107042047,-0.6341817906855819,-0.6296794217522518,-0.6334561444355942,-0.042772903193760814,0.7184812383804207,1.2963572533670886,-0.6922115031297666,-0.510878055394541,-0.6324499509764597,-0.6199965394797661,-0.6960529939768818,-0.7201021737567175,-0.5852188453766174,-0.629612086529809,-0.6344741441109784
-0.7809545311438538,-0.6324873173135168,-0.6347822677550484,-0.630204719148041,-0.6316566401157993,0.03935906509494237,0.9470043256930666,1.2963572533670886,-0.6922115031297666,0.2117099689198574,-0.6318522931783583,-0.6208180225378699,-0.8101088234321672,-0.7201021737567175,-0.5868931160269977,-0.6327891942994712,-0.628943517966469
-0.5405453911524903,-0.6328161928533905,-0.6342290793701016,-0.6311361839945031,-0.6308881685201573,0.06428530736769023,1.2897889566620355,1.2963572533670886,-0.6922115031297666,0.05937459837951423,-0.6313714973057453,-0.6216114708323194,-0.8183000238980503,-0.7201021737567175,-0.5629940137343993,-0.6309897785255221,-0.6321204720848747
-0.465484733680683,-0.6309215043264513,-0.6326471390370196,-0.6283783726666093,-0.6304371488812864,0.03144498317334572,1.4040505003183585,1.2963572533670886,-0.6922115031297666,0.012970395791059951,-0.6309308768095317,-0.6222880206106323,-0.8187974157876469,-0.7201021737567175,-0.5802849327520448,-0.6302213447430526,-0.6303211433342545
0.24359284292498504,-0.6303496263043374,-0.6338364940646554,-0.6363141154672831,-0.6365419238309517,-0.12016888545064268,1.5183120439746816,1.2963572533670886,-0.6922115031297666,-0.9341039058295079,-0.6315859840872403,-0.6232749179861587,-0.5913800304361304,-0.7201021737567175,-0.4746873493426516,-0.6297703472969128,-0.6295527467147725
-0.5762886109314956,-0.6356719287912942,-0.6381790228864884,-0.6342438809092351,-0.6357432622797666,0.01898186203697145,1.6325735876310044,1.2963572533670886,-0.6922115031297666,0.06678648809344327,-0.6315764309847088,-0.624314844974863,-0.6647137423118047,-0.7201021737567175,-0.5794996553673534,-0.6358748218569347,-0.6291017710797671
-0.5873179068982668,-0.6375720985772314,-0.6384047594371199,-0.633924950347506,-0.6371585308017407,0.030053267979783548,-1.6810111784023618,1.5929736952471922,-0.6922115031297666,-0.26250762818960316,-0.6325605314098722,-0.6252417731352558,-0.9407831070307083,1.388691822416084,-0.5882858721432438,-0.6350761996044397,-0.6352059504152469
-0.2996281953408759,-0.6369271371018124,-0.6396271273199865,-0.6367015222966779,-0.6379690853657154,-0.003015546768728719,-1.3382265474333928,1.5929736952471922,-0.6922115031297666,-0.17361328058715927,-0.6332060855850493,-0.6260585581442477,-0.9909108277839999,1.388691822416084,-0.5647275506024925,-0.6364913984871543,-0.6344073667857139
-0.5208607491945586,-0.6396677666007602,-0.6397850536814956,-0.6364576342200614,-0.6388839325033844,0.038528190352517915,-1.2239650037770697,1.5929736952471922,-0.6922115031297666,-0.18981504007632632,-0.634239914489144,-0.6267406350391628,-1.0601276677743767,1.388691822416084,-0.5712023848875918,-0.6373019131672352,-0.6358224972265931
-0.04871304077244105,-0.6408243122493162,-0.6365783455274646,-0.637083300939689,-0.6330536116950198,0.1972044942871172,-1.109703460120747,1.5929736952471922,-0.6922115031297666,0.8282107060835009,-0.6345496705671176,-0.6272335617214692,-0.7049221264174801,1.388691822416084,-0.5080690464692632,-0.6382167152892224,-0.6366329727085706
-0.4956099784934008,-0.6335771743109317,-0.6334590768278288,-0.6301728260918681,-0.63428591078946,0.004441554044535281,-0.9954419164644239,1.5929736952471922,-0.6922115031297666,-0.23275863612145847,-0.6351002171746525,-0.627532455904835,-0.7050517762922117,1.388691822416084,-0.5654239286606147,-0.6323866813657968,-0.6375477305889061
-0.7396962979182419,-0.6319940040037063,-0.6344432168094358,-0.6300415017429208,-0.6319127973143465,0.02232613287523207,-0.8811803728081009,1.5929736952471922,-0.6922115031297666,0.2973963927920298,-0.6344380432183591,-0.6277584535614584,-0.957798377435908,1.388691822416084,-0.5838409058147994,-0.6336189198241138,-0.631717978617527
0.08909991887346325,-0.6319757331403798,-0.6272874573783487,-0.628484370176831,-0.623509011507719,0.21272108010190185,-0.538395741839132,1.5929736952471922,-0.6922115031297666,1.1708394832415387,-0.6326879933532379,-0.6275938683115261,-0.5814292288977975,1.388691822416084,-0.4896076196517936,-0.6312459231196784,-0.6329501574823391
0.23580793121781998,-0.6223405933652455,-0.6198934700460021,-0.6183039190402219,-0.6161170466353534,0.16147688036284472,-0.424134198182809,1.5929736952471922,-0.6922115031297666,0.9784969532981507,-0.629678111733722,-0.6271650254756018,-0.536034433502377,1.388691822416084,-0.5276268983144156,-0.6228425508271022,-0.6305772755407484
-0.22836773593934434,-0.6159576672621959,-0.6182401505664754,-0.6142581910615803,-0.6173365378698662,-0.011345066061538348,-0.30987265452648605,1.5929736952471922,-0.6922115031297666,-0.21634377822988796,-0.6267267265091592,-0.627011494458874,-0.5223264098412488,1.388691822416084,-0.5640756222076535,-0.6154509496814441,-0.6221743096519851
-0.3074707139625537,-0.6159092494743812,-0.6163245127237641,-0.6140077367675166,-0.6180318216944947,-0.02823259520132536,-0.19561111087016309,1.5929736952471922,-0.6922115031297666,-0.14639152574319755,-0.6237439338242188,-0.6266673700379802,-0.5356041073690472,1.388691822416084,-0.53622049988274,-0.6166703809100532,-0.614783065978873
-0.09762890539560427,-0.6152816453191221,-0.6184301975438845,-0.6147206403760878,-0.6146404833551556,0.034498447851756105,-0.08134956721384012,1.5929736952471922,-0.6922115031297666,0.4080320844572124,-0.6211100256783059,-0.6257627652874199,-0.5998484452885338,1.388691822416084,-0.5599269869677729,-0.6173656305227637,-0.6160024382333603
-0.3679538611911182,-0.6135404320441239,-0.6167474341664493,-0.6135828086955657,-0.6174344265135967,-0.06853002020893387,0.2614350637551288,1.5929736952471922,-0.6922115031297666,-0.4254523066413566,-0.6186995030943283,-0.6250917426257092,-0.5291893560820274,1.388691822416084,-0.5499554458376305,-0.6139744590565563,-0.6166976542224155
-0.11628201192624507,-0.6163660210575391,-0.6198622416694325,-0.6181350734487182,-0.6221733346867222,-0.11188090989495422,0.3756966074114518,1.5929736952471922,-0.6922115031297666,-0.6937536816514754,-0.617306320497747,-0.624512009506545,-0.313995523993798,1.388691822416084,-0.5297752987064964,-0.6167682647371059,-0.6133066467600112
-0.2860346359746782,-0.6209766734179358,-0.6248543207239129,-0.6214247483898485,-0.6234660136922485,-0.03639593954565038,0.48995815106777474,1.5929736952471922,-0.6922115031297666,-0.23140147026993205,-0.6173001698700898,-0.6240426037760013,-0.6248946402057466,1.388691822416084,-0.5607122643524644,-0.6215069397290006,-0.6161003173265562
-0.5717246566720349,-0.6228640535995446,-0.6244742267690945,-0.6200674174403715,-0.621831181857234,0.04363807001843107,0.6042196947240978,1.5929736952471922,-0.6922115031297666,0.17560450841551584,-0.6181175490264159,-0.6234843649991788,-1.0259482093184955,1.388691822416084,-0.575839966423601,-0.6227995551273688,-0.620838763146695
-0.6019017477078141,-0.6229133849305255,-0.6261507444712158,-0.6215617009251793,-0.6257714284791744,-0.04470468696989942,0.7184812383804207,1.5929736952471922,-0.6922115031297666,-0.5972446617929681,-0.619324118962587,-0.6230296982462411,-0.9522178103775585,1.388691822416084,-0.5800775009900508,-0.6211648037353773,-0.6221313160316092
-0.5719653049116928,-0.6263720593581978,-0.6303032263156397,-0.6267152435902978,-0.6305954174361033,-0.07559245551954547,1.1755274130057125,1.5929736952471922,-0.6922115031297666,-0.7327155108803994,-0.6211212800182746,-0.6227369453035444,-0.8663884998968113,1.388691822416084,-0.5676315952704085,-0.625104856474777,-0.6204966436994493
-0.5094553234360625,-0.6311407546863671,-0.6340265410420645,-0.6303604323046499,-0.6340416466037023,-0.04541093050096042,1.2897889566620355,1.5929736952471922,-0.6922115031297666,-0.5505093391854904,-0.6238965217358865,-0.6228139257553318,-1.1201138405693514,1.388691822416084,-0.5718839463912865,-0.6299286080640166,-0.6244365058900551
-0.5834779414741016,-0.6337297360197065,-0.6351329178119584,-0.631117423373225,-0.6317728257022832,0.06497077903019066,1.4040505003183585,1.5929736952471922,-0.6922115031297666,0.2815972009669916,-0.6259475597629592,-0.6226775902124775,-0.9155871778767011,1.388691822416084,-0.5782995144586732,-0.6333746676575432,-0.6292600241930651
-0.6833129047154194,-0.6310311295064092,-0.6347822677550484,-0.6308294478366047,-0.6342182121012725,-0.05191252536043578,1.5183120439746816,1.5929736952471922,-0.6922115031297666,-0.40799286603876245,-0.6276705206935048,-0.6226765462015637,-0.9720881529878382,1.388691822416084,-0.5770252907778526,-0.6311059583950144,-0.6327059171282896
-0.5762549759265704,-0.6335771743109317,-0.6313917582989224,-0.630204719148041,-0.6286193476187381,0.1331025079090341,-1.5667496347460388,-1.6698071654339466,-0.2481385016116273,0.772478209661021,-0.6284076799614497,-0.6225121451888516,-0.6197552512401993,-0.7201021737567175,-0.5305902092000446,-0.6335512244670868,-0.630437317585057
-0.5589905553046158,-0.6280959153130361,-0.6295243013800613,-0.6273587329001398,-0.6306201183088201,-0.036956779996786635,-1.4524880910897158,-1.6698071654339466,-0.2481385016116273,-0.338632246941982,-0.6296648944274797,-0.6224670991885436,-0.653216979700293,-0.7201021737567175,-0.5445325869169297,-0.6279526354805238,-0.6328824653991943
0.4641956231229139,-0.6330473192744684,-0.6335090422303401,-0.633530977300664,-0.6322238453411541,0.03921366201501762,-1.3382265474333928,-1.6698071654339466,-0.2481385016116273,-0.2841893485042923,-0.6305878811693252,-0.6223467308714289,-0.7005058110128403,-0.7201021737567175,-0.5132103908558298,-0.6299533077213102,-0.62728414717154
-0.5310776018379436,-0.6307634613586786,-0.634288859405249,-0.6295790524284134,-0.6310290549793582,0.014412050953633964,-1.2239650037770697,-1.6698071654339466,-0.2481385016116273,0.12185584079958552,-0.6306499109035709,-0.6223719099581723,-0.8092566496153989,-0.7201021737567175,-0.5885822032318065,-0.6315569558411542,-0.6292847226558341
0.4433859738731753,-0.6311407546863671,-0.622522899353161,-0.6273906259563127,-0.618934775819374,0.2975949350406076,-0.8811803728081009,-1.6698071654339466,-0.2481385016116273,1.6999318172918363,-0.6284889467651766,-0.6218845103924682,-0.22263615387720878,-0.7201021737567175,-0.42776332146871443,-0.6303622242698387,-0.6308882932200626
-0.05799555881676456,-0.6194720678230133,-0.6214638112677868,-0.6199454734020634,-0.6205933936799679,-0.005383539784640142,-0.7669188291517779,-1.6698071654339466,-0.2481385016116273,-0.2784681027938507,-0.626889783574286,-0.6215131802754101,-0.16793701590021812,-0.7201021737567175,-0.5277750638586972,-0.6182685402171652,-0.6296936194283442
-0.5841642070718291,-0.6212744884901549,-0.6225344984644582,-0.6183226796615,-0.6199164067980929,0.0509705396203309,-0.652657285495455,-1.6698071654339466,-0.2481385016116273,0.040727498032254346,-0.6248439801239427,-0.6211449207786869,-0.24737346620456263,-0.7201021737567175,-0.5711875683331636,-0.6199270764643284,-0.6176005202503068
-0.14973210485013036,-0.6194236500351986,-0.6178895005095655,-0.6162843381596247,-0.6179952278089879,0.05250765789381711,-0.538395741839132,-1.6698071654339466,-0.2481385016116273,0.21087137088641575,-0.6233242516349238,-0.6207273164131871,-0.321787446694502,-0.7201021737567175,-0.526248958752598,-0.6192501228940578,-0.6192589762873554
-0.4876343940934905,-0.6173590424793246,-0.6205064384660964,-0.6160273176481135,-0.6190500465587203,-0.01838672950358937,-0.424134198182809,-1.6698071654339466,-0.2481385016116273,-0.19548874956955492,-0.6216692093374446,-0.6201402138052198,-0.3525658769354547,-0.7201021737567175,-0.5737656488036613,-0.6173290384378841,-0.6185820554559069
-0.18905883398075712,-0.6180222748180699,-0.6177761861145844,-0.6153209802569897,-0.6167080378862876,0.04986963058661749,0.03291197644248285,-1.6698071654339466,-0.2481385016116273,0.2671688166385921,-0.6194497488040972,-0.6195013098322087,-0.4175935506432295,-0.7201021737567175,-0.539583857737929,-0.6183838052845356,-0.616661063907202
-0.06579496516693605,-0.616238125014255,-0.6153965838199822,-0.6122254777460887,-0.6123780663837001,0.10761542518514926,0.14717352009880583,-1.6698071654339466,-0.2481385016116273,0.5316958234913984,-0.6167818159094419,-0.6186695709021873,-0.41113366538836715,-0.7201021737567175,-0.548962736690945,-0.6160419118522479,-0.6177157797432291
-0.32835693704855107,-0.6130708708566376,-0.6134336572927513,-0.6097303151160894,-0.6139580073904545,-0.00027366011872623,0.2614350637551288,-1.6698071654339466,-0.2481385016116273,-0.2610703447343272,-0.6160699134742174,-0.6178636558891796,-1.1416356784864465,-0.7201021737567175,-0.5557783517278924,-0.6117121534088814,-0.6153739995695697
-0.4785897492460614,-0.6134792246519807,-0.6144508101295892,-0.6104432187246606,-0.6106334528921653,0.08449633547717657,0.3756966074114518,-1.6698071654339466,-0.2481385016116273,0.3902181182426064,-0.6146451925528403,-0.6169154483298684,-1.1694942096995613,-0.7201021737567175,-0.5614086424105877,-0.6132920166735537,-0.611044450521941
-0.2316985181821358,-0.610799802545176,-0.610144863120309,-0.6063158820434591,-0.609694819728917,0.04488438213206852,0.7184812383804207,-1.6698071654339466,-0.2481385016116273,0.0706723777464794,-0.6131830444078468,-0.6161314268398462,-1.172508228858142,-0.7201021737567175,-0.5550967902241977,-0.6099676257622515,-0.6126242373812808
-0.3714704845789861,-0.6043437929888211,-0.6085566771119132,-0.6051902447667679,-0.6089446450760283,-0.08487748076614374,0.8327427820367437,-1.6698071654339466,-0.2481385016116273,0.04554622432802801,-0.6118884027182001,-0.6152808650071739,-1.1715794423979822,-0.7201021737567175,-0.5465031886558728,-0.6090290387850925,-0.6093000072441409
-0.4031052163806942,-0.6076444244487207,-0.6119766304659477,-0.6098682056824841,-0.6131529419093057,-0.10537931503547887,0.9470043256930666,-1.6698071654339466,-0.2481385016116273,-0.5994587834066547,-0.6110448506782262,-0.6146512036013697,-0.9748316483965461,-0.7201021737567175,-0.5294048848457931,-0.6082789010450628,-0.6083614656589166
-0.1340583783837533,-0.6114877005494119,-0.6152779159890178,-0.6143201011117985,-0.6181846011664854,-0.13223734108436458,1.0612658693493895,-1.6698071654339466,-0.2481385016116273,-0.7195562092301232,-0.6112560658492654,-0.6144724934978985,-0.8045791647776722,-0.7201021737567175,-0.5139067689139526,-0.6124869908062047,-0.6076113641970413
-0.5409768855250664,-0.6156105208589958,-0.6183713097480675,-0.6147515954011967,-0.6150064222102232,0.03366757310933165,1.1755274130057125,-1.6698071654339466,-0.2481385016116273,0.3794167164362147,-0.6116320393228685,-0.6144352161670371,-0.8659577464807645,-0.7201021737567175,-0.5584601480793867,-0.6175184024771356,-0.6118192504465852
-0.5032999440945819,-0.6166154183419434,-0.6142964527254023,-0.6131447481887198,-0.6109326079061832,0.14901375922647117,1.5183120439746816,-1.6698071654339466,-0.2481385016116273,0.4926741305169114,-0.6111992706917493,-0.6142202727436181,-0.7772395909972475,-0.7201021737567175,-0.5161737017414588,-0.6143403799053513,-0.6168504187884315
-0.5084146823997033,-0.6133942651375134,-0.6158311043739647,-0.6107124336400026,-0.6131950248776386,0.024403319731293956,1.6325735876310044,-1.6698071654339466,-0.2481385016116273,-0.3492128748731093,-0.6115656910628207,-0.6140579290465301,-0.8112671706737066,-0.7201021737567175,-0.5800775009900508,-0.6102667660561415,-0.6136725499121454
-0.23177359299975883,-0.6119508669347341,-0.6111200807086106,-0.6088232390772891,-0.608016990078432,0.10915254345863547,1.7468351312873274,-1.6698071654339466,-0.2481385016116273,0.6344491735833465,-0.611325685719769,-0.6138356161343083,-0.656907528807104,-0.7201021737567175,-0.5316866342277274,-0.6125290717038163,-0.6095991330710108
-0.6056484147076362,-0.609825051986717,-0.6090563311370264,-0.6066723338477447,-0.6111036843209272,-0.009267879205475714,-1.6810111784023618,-1.3731907235538432,-0.2481385016116273,-0.45191355598374733,-0.611634525746815,-0.6136231292071568,-0.6110826174038356,-0.7201021737567175,-0.5313903031391647,-0.6073512916933675,-0.6118613293090809
-0.6969428865178896,-0.6113844701716182,-0.6136424412961022,-0.6117498959966865,-0.6144575139276219,-0.049959969715736595,-1.5667496347460388,-1.3731907235538432,-0.2481385016116273,-0.4927869886215239,-0.611821138407225,-0.6133641530881403,-0.6411930983657841,-0.7201021737567175,-0.527345383780281,-0.610437834052953,-0.606683799706381
-0.5584988524149361,-0.6177610014725036,-0.6180911465982718,-0.6164466175336811,-0.6209346316623184,-0.05203715657179923,-1.2239650037770697,-1.3731907235538432,-0.2481385016116273,-0.9165774877460475,-0.6122145168484538,-0.6132791890234832,-0.5559550093631955,-0.7201021737567175,-0.5270342361372895,-0.613791498632159,-0.6097701927946335
-0.4397792400123876,-0.6255315996451871,-0.6229984629163492,-0.6223871682614197,-0.6204223172652237,0.1362806037988094,-1.109703460120747,-1.3731907235538432,-0.2481385016116273,0.01821085065412209,-0.6129892342044336,-0.613231901470331,-0.6249369091055039,-0.7201021737567175,-0.5146920462986446,-0.6202682976558297,-0.613123695183944
-0.13322698052720494,-0.6171397921194087,-0.6171810624811013,-0.6147834884573696,-0.6136954462619435,0.09820576872718756,-0.9954419164644239,-1.3731907235538432,-0.2481385016116273,0.8715326711477763,-0.6133844447475179,-0.6128265795861696,-0.4528521128224561,-0.7201021737567175,-0.5381911016216835,-0.6197560084675167,-0.6196001809767205
0.5295751722563047,-0.6145087878004188,-0.6156232126099443,-0.6279534445946584,-0.6318524174032604,-0.3738764880500923,-0.8811803728081009,-1.3731907235538432,-0.2481385016116273,-2.4662612370574024,-0.6160532936931008,-0.6128687699095663,0.4955784399791682,-0.7201021737567175,-0.3042969734189771,-0.6130294684645433,-0.6190879165637325
1.0179347548350184,-0.6287472715906193,-0.6320609377968419,-0.6403598434459247,-0.6347854173266273,-0.11672075526957917,-0.7669188291517779,-1.3731907235538432,-0.2481385016116273,-0.4790897115419832,-0.6198823865707982,-0.6128937340528863,0.2969885009224475,-0.7201021737567175,-0.38129860678204974,-0.6311855461796274,-0.6123617018696244
-0.2271081886278368,-0.6310621899740639,-0.6337892053801356,-0.6331745254963782,-0.6315468584592789,0.009447574367645557,-0.424134198182809,-1.3731907235538432,-0.2481385016116273,0.4261954795530364,-0.6228066828607852,-0.61288614962066,0.4348229719076839,-0.7201021737567175,-0.5234930796289625,-0.6341184017827189,-0.6305169015206463
-0.5374138049480753,-0.6317382119171377,-0.6301542223474363,-0.6292601218666841,-0.6267109764895604,0.13461885431395973,-0.30987265452648605,-1.3731907235538432,-0.2481385016116273,0.6501953521231223,-0.6245594808786894,-0.6126341745160062,0.5845784498813381,-0.7201021737567175,-0.5249599185173492,-0.6308800022708836,-0.6334496152850024
-0.6501289309594154,-0.6281936644318318,-0.6289764664310977,-0.6255014313935989,-0.6275343389134627,0.03532932259418205,-0.19561111087016309,-1.3731907235538432,-0.2481385016116273,-0.16900914581088708,-0.6255035367918715,-0.6125977569588383,0.5118958452957014,-0.7201021737567175,-0.5647720002657762,-0.626044358254058,-0.6302113723886142
-0.28558028466505353,-0.6259646191060209,-0.6242475979791325,-0.6230756830623292,-0.6203646818955506,0.14743509721586454,-0.08134956721384012,-1.3731907235538432,-0.2481385016116273,0.9679692679175979,-0.6254952923335224,-0.6122535404193346,0.6759079411431143,-0.7201021737567175,-0.5245598715477897,-0.6268676801638468,-0.6253759622331598
-0.335686939959822,-0.6210917798568916,-0.6188941619957754,-0.6172974117086469,-0.6194955771147651,0.05637122544609284,0.03291197644248285,-1.3731907235538432,-0.2481385016116273,0.06700080292681487,-0.626324972745163,-0.6118263250121878,0.5459737709079413,-0.7201021737567175,-0.5269305202562927,-0.6196983759338315,-0.6261992443254619
-0.6393722333898353,-0.6198922976795187,-0.6202503657782259,-0.6173846485975905,-0.6199347037408462,0.019127265116896202,0.48995815106777474,-1.3731907235538432,-0.2481385016116273,-0.11236310470270824,-0.6246202019687528,-0.6114539508842161,-0.7317945342583151,-0.7201021737567175,-0.5480737434252567,-0.6188293139179435,-0.6190302868172713
-0.7877958168141327,-0.6189422127865501,-0.6209329288661039,-0.6163406200234592,-0.6208312539357618,-0.02283190937556341,0.6042196947240978,-1.3731907235538432,-0.2481385016116273,-0.1751641604855928,-0.6226241269973406,-0.6115176048437513,-0.84820058250532,-0.7201021737567175,-0.575899232641314,-0.6192684189364974,-0.6181612668309525
-0.09007793970427977,-0.6192464226609333,-0.6163245127237641,-0.6153519352820989,-0.6129818654945617,0.1623077551052699,0.7184812383804207,-1.3731907235538432,-0.2481385016116273,1.0278664410374652,-0.6199684953579999,-0.6112621292319163,-0.66415886295974,-0.7201021737567175,-0.5149883773872074,-0.6201649250160451,-0.6186003506135136
-0.30335406190855463,-0.6117553686971425,-0.6118338721730582,-0.6076291255329322,-0.6093956647148991,0.07340415766580316,0.8327427820367437,-1.3731907235538432,-0.2481385016116273,0.42283982801175746,-0.6174916245139749,-0.6109090078934423,-0.6974758879953907,-0.7201021737567175,-0.5624013515572732,-0.6123159228093932,-0.6194968133362426
-0.5783204625549868,-0.6083021755284682,-0.6094489164424726,-0.6043432027160575,-0.6061205119620441,0.06924978395367863,1.1755274130057125,-1.3731907235538432,-0.2481385016116273,0.3743783970573178,-0.6144284810762352,-0.6105104413740168,-0.7799718869501243,-0.7201021737567175,-0.5746990917326343,-0.6087298984912026,-0.6116481907229626
-0.49460055668813246,-0.606627650904611,-0.6088600384843033,-0.6058093452689479,-0.6100424616412312,-0.05787405163733399,1.2897889566620355,-1.3731907235538432,-0.2481385016116273,-0.5556240767372926,-0.6129519378452352,-0.6102081080958763,-0.7254966267097543,-0.7201021737567175,-0.5417618912388661,-0.6054549068944877,-0.6080623398320468
-0.2565499428855907,-0.6088685722915841,-0.6116848682048548,-0.6106805405838297,-0.6148783436109495,-0.11672075526957917,1.4040505003183585,-1.3731907235538432,-0.2481385016116273,-0.6842770892686694,-0.6122914651263788,-0.6101466956891851,-0.540217027054093,-0.7201021737567175,-0.511728735413015,-0.6093766635914477,-0.6047875066204451
-0.10667765086425997,-0.6134728298498165,-0.6155928764727052,-0.6182785922014963,-0.6222767124132789,-0.18001263877379692,-1.6810111784023618,-1.0765742816737396,-0.2481385016116273,-1.0414867367881928,-0.6126264780370728,-0.6104789368093843,-0.27857641129251204,1.388691822416084,-0.45661115294031346,-0.6142123076082731,-0.6087090736534442
-0.438151937591781,-0.6244536187089343,-0.6235935865498323,-0.6227192312580436,-0.6197215443577693,0.12768105021471157,-1.5667496347460388,-1.0765742816737396,-0.2481385016116273,0.3018205316638783,-0.6124677394977478,-0.6106723858904612,-0.2523388963926012,1.388691822416084,-0.5193296278346544,-0.6216103123687852,-0.6135444838088985
-0.6737988564290897,-0.6211593820511989,-0.6220883787991784,-0.6187644922926013,-0.6208010639802187,0.02826688728356897,-1.2239650037770697,-1.0765742816737396,-0.2481385016116273,-0.20007868172194448,-0.6135862376804436,-0.6110136546344439,-0.5815702835817799,1.388691822416084,-0.5568006939834341,-0.6190552700420744,-0.620942130787173
-0.5965348273915484,-0.6203307983993503,-0.6229092389832932,-0.6201799811680406,-0.6239417342038365,-0.06188302226953449,-1.109703460120747,-1.0765742816737396,-0.2481385016116273,-0.4844663299605652,-0.6156669819304568,-0.6114918423391443,-0.7110511533499181,1.388691822416084,-0.5480737434252562,-0.6201347365460196,-0.6183872120273953
-0.4542909792644158,-0.6253918275407409,-0.6252112164561366,-0.6234884167304493,-0.621441456976587,0.1099626463325001,-0.9954419164644239,-1.0765742816737396,-0.2481385016116273,0.29709518490298836,-0.6178585683427192,-0.6119112890768449,-0.7453991310221909,1.388691822416084,-0.5340424663818029,-0.6232752522308023,-0.6194666263261915
-0.7307246713835306,-0.6208725294969757,-0.6247356528929485,-0.6206527488242511,-0.623392825921235,-0.03710218307671065,-0.8811803728081009,-1.0765742816737396,-0.2481385016116273,-0.3216733339930687,-0.619768272798093,-0.6122549836108918,-0.7641107894895434,1.388691822416084,-0.5709356869078852,-0.6207750980314107,-0.6226069901293839
-0.3612207278571181,-0.6262076215882609,-0.6275970644260528,-0.6230944436836074,-0.6245702341874151,0.05747213447980551,-0.7669188291517779,-1.0765742816737396,-0.2481385016116273,-0.21642403729088908,-0.6211546504449258,-0.6124693129102438,-0.8235573921969066,1.388691822416084,-0.5798848857824849,-0.6227263709576099,-0.6201069568424264
0.14983410836346564,-0.6234615108303151,-0.6164619175806703,-0.6205111061336007,-0.6133843982351361,0.2490095344773106,-0.424134198182809,-1.0765742816737396,-0.2481385016116273,1.5158557948306641,-0.6198826482996347,-0.6124148708117121,-0.38010739228615825,1.388691822416084,-0.4357790774143409,-0.6239037212886076,-0.6220581354011825
-0.27613778044997356,-0.6135276424397954,-0.6177048069681397,-0.6144054619386141,-0.6156230291810122,-0.027692526618748946,-0.30987265452648605,-1.0765742816737396,-0.2481385016116273,-0.34950949434533823,-0.6192963757059201,-0.612572301516265,-0.34650244081401665,1.388691822416084,-0.5528594905055476,-0.6127184357430677,-0.6232354287931744
0.09394297553659231,-0.6184973172645543,-0.6208633341983203,-0.6221188913771416,-0.6248995791569759,-0.125320308853677,-0.19561111087016309,-1.0765742816737396,-0.2481385016116273,-1.2970290324353004,-0.6198826482996347,-0.612965156681868,-0.010112610290652727,1.388691822416084,-0.483473566118542,-0.6149569565355708,-0.6120506841903104
-0.1657681850030844,-0.6229919496428287,-0.6250033246921164,-0.6238880179636748,-0.6255271642934168,-0.03737221736799887,-0.08134956721384012,-1.0765742816737396,-0.2481385016116273,-0.1404560664330009,-0.6201094363364442,-0.6135528734139022,-0.03943339156629612,1.388691822416084,-0.5242783570136546,-0.624233050052523,-0.6142890967234916
-0.24775635268818325,-0.6250748280620292,-0.628244830180039,-0.6251581120242082,-0.6281198410815708,-0.04887983255058378,0.03291197644248285,-1.0765742816737396,-0.2481385016116273,-0.4175554604890021,-0.6210647465895949,-0.6141240087961298,-0.05783397950684337,1.388691822416084,-0.5580452845553986,-0.6248606043082064,-0.6235647416300952
0.003953219814257921,-0.6308365448119838,-0.6322010193717398,-0.6310358146706647,-0.632870642267486,-0.02573997097405051,0.3756966074114518,-1.0765742816737396,-0.2481385016116273,-0.7304218273394895,-0.6224205019625595,-0.614742032550866,-0.005450053096877156,1.388691822416084,-0.530901356843036,-0.6274531535219188,-0.6241922655360056
-0.49905877438514895,-0.6318295662337694,-0.6348777373634183,-0.6316051995264578,-0.6347067404727877,-0.04485009004982343,0.48995815106777474,-1.0765742816737396,-0.2481385016116273,-0.3209088238770236,-0.6238704797166567,-0.6152042837360301,-0.004320137267878805,1.388691822416084,-0.5663573715895879,-0.6322037209413993,-0.6267846893688768
-0.27732504037520544,-0.6346432791860225,-0.6311954656461993,-0.6307112559225521,-0.6310592449349013,0.10194470506809986,0.6042196947240978,-1.0765742816737396,-0.2481385016116273,0.4863952277101714,-0.6263987802770502,-0.6155613047623291,-0.6608168077018121,1.388691822416084,-0.5193296278346544,-0.6340397288002281,-0.6315350270414599
-0.4686020110708481,-0.6324261099213736,-0.6333484391508394,-0.6319682175481908,-0.635590482807776,-0.05135168490929805,0.7184812383804207,-1.0765742816737396,-0.2481385016116273,-0.7089304966421156,-0.6292550270695526,-0.6162961963269986,-0.6368529017786312,1.388691822416084,-0.5352277907360544,-0.6303924127398642,-0.6333709461072936
-0.14989990821724328,-0.6340339458940898,-0.6376374336128389,-0.6368018916205161,-0.6402013123816278,-0.11948341378814224,0.8327427820367437,-1.0765742816737396,-0.2481385016116273,-0.736523054297242,-0.631443865329032,-0.6165764211387301,-0.8697549724608065,1.388691822416084,-0.5301012629039159,-0.6349234276500678,-0.6297238064383952
0.1706502616196815,-0.6364155529286755,-0.6400286350187383,-0.6424863598678074,-0.6385911814193304,-0.028772663783901035,1.1755274130057125,-1.0765742816737396,-0.2481385016116273,0.19258854318584903,-0.6333126092214966,-0.6167041589446476,-0.7796466322248273,1.388691822416084,-0.4800213089367837,-0.6395340303448843,-0.6342546022196978
1.1782361407168163,-0.6384491000168947,-0.6420031606572665,-0.6513535675149433,-0.6538389386628598,-0.3287392176678588,1.2897889566620355,-1.0765742816737396,-0.2481385016116273,-2.3515215814999633,-0.6369916006114728,-0.6174523770015691,0.09141178708060148,1.388691822416084,-0.37274945487700967,-0.6379239786101866,-0.6388649819365896
2.511597681894867,-0.6624570144276781,-0.6631733232534518,-0.6670374469035095,-0.6668910627759835,-0.07920676064909356,1.4040505003183585,-1.0765742816737396,-0.2481385016116273,-2.196688602001663,-0.6418580557325572,-0.6188009934525064,0.4694841782636636,1.388691822416084,-0.4765690517550259,-0.6531709855773506,-0.6372550080671988
1.4063185159749927,-0.6673846662667864,-0.6618171194710012,-0.6694706994832905,-0.6617981087605801,0.14847369064389548,1.5183120439746816,-1.0765742816737396,-0.2481385016116273,0.8538695262166985,-0.6457333437498931,-0.6199510328864078,0.8034833442028929,1.388691822416084,-0.4156137468376349,-0.6662224674517448,-0.6525012776587533
1.6067997708084756,-0.6675244383712327,-0.6681386351280153,-0.671734168440504,-0.6701232177133682,-0.03737221736799887,-1.5667496347460388,-0.7799578397936361,-0.2481385016116273,-1.4871463959011064,-0.6513212544087335,-0.6216211432863732,0.6513824979250096,-0.7201021737567175,-0.48483668912593136,-0.6611297640386409,-0.6655521283375022
2.1152938991531736,-0.6592660081477365,-0.66039578221742,-0.6655431634187017,-0.6609445563811349,-0.016745751887300295,-1.4524880910897158,-0.7799578397936361,-0.2481385016116273,1.615125289186035,-0.6549480308958321,-0.6230123492413508,1.3520555604594313,-0.7201021737567175,-0.454047889024245,-0.6694544633487264,-0.6604596712176735
2.310512483602783,-0.6696438585170856,-0.6514608975611972,-0.6671002949847914,-0.649106434419698,0.48801065413583944,-1.3382265474333928,-0.7799578397936361,-0.2481385016116273,1.977281120658386,-0.6562218651429785,-0.6239914779474309,1.9122151648308394,-0.7201021737567175,-0.2810794326300734,-0.6602762536588267,-0.6687839679287281
2.151755334687439,-0.647378070924467,-0.6408200513049446,-0.6444627913194646,-0.637652548256082,0.24180169608677424,-1.2239650037770697,-0.7799578397936361,-0.2481385016116273,1.7785686007989168,-0.6560875982498644,-0.6245560729083458,2.21920822318788,-0.7201021737567175,-0.4619451125344461,-0.6484387142003097,-0.6596062021153203
1.127963912000013,-0.6402761863495267,-0.6390230812931977,-0.6398973941314173,-0.6415680940053053,-0.008582407542976005,-1.109703460120747,-0.7799578397936361,-0.2481385016116273,-0.6397762889217906,-0.6543323138080136,-0.6255155496442848,1.6959183742163741,-0.7201021737567175,-0.5042167423179453,-0.6369853916330275,-0.6477692351437769
0.519352732361641,-0.6406598744793794,-0.638892814350936,-0.6438305583823897,-0.6474469017119664,-0.13333825011807726,-0.7669188291517779,-0.7799578397936361,-0.2481385016116273,-0.9532432918303723,-0.6515509214627444,-0.6267927127600369,1.1759109506967425,-0.7201021737567175,-0.439927712654222,-0.6409007447151336,-0.6363164664819745
0.6634814415658791,-0.6415131237967184,-0.6403203972798313,-0.6410352258119395,-0.6382746443096968,0.09432142930635123,-0.652657285495455,-0.7799578397936361,-0.2481385016116273,1.4000788963434232,-0.6481860046765439,-0.6278719436890235,1.256837715207454,-0.7201021737567175,-0.507787531935129,-0.6467792631510246,-0.640231630209811
0.004383227556782035,-0.6404351428604657,-0.6392015291593097,-0.6372962339911964,-0.6405736551666591,0.017610918711970555,-0.538395741839132,-0.7799578397936361,-0.2481385016116273,-0.39840228720879967,-0.6439590839673975,-0.6288967018132751,0.8428511891230477,-0.7201021737567175,-0.5482663586328221,-0.6376074570759789,-0.646109864348848
0.02767146076062033,-0.6394722683631686,-0.6421940998740062,-0.6410352258119395,-0.6447517620443934,-0.09914775446729171,-0.424134198182809,-0.7799578397936361,-0.2481385016116273,-0.6891449126267505,-0.6416427837645525,-0.6298993821773212,0.8763735646628323,-0.7201021737567175,-0.5389022962342344,-0.6399063548085333,-0.6369385018406026
-0.023672999881146038,-0.6386930160423011,-0.6421940998740062,-0.6395972241909663,-0.640933190091763,-0.030164378977462488,-0.30987265452648605,-0.7799578397936361,-0.2481385016116273,0.5432490156190635,-0.6404736410519979,-0.6305255737821474,0.46572192770541726,-0.7201021737567175,-0.5616160741725813,-0.6440842560996497,-0.6392372883938862
-0.21502597453819422,-0.6414948529333921,-0.6447459043594064,-0.6439562545449535,-0.6465018646187543,-0.09289542203054399,0.03291197644248285,-0.7799578397936361,-0.2481385016116273,-0.9027580687416431,-0.6417394925696318,-0.6314244364726821,0.022431666444496536,-0.7201021737567175,-0.5351388914094852,-0.6402658720424743,-0.6434149876333791
-0.09578808573378755,-0.6476640099355239,-0.64920085533689,-0.6480207431448731,-0.6486490108508635,-0.0013745691524388991,0.14717352009880583,-0.7799578397936361,-0.2481385016116273,-0.39051379906652606,-0.6427523831668082,-0.6323591333025211,-0.006574948288349582,-0.7201021737567175,-0.5449178173320611,-0.6458342725590116,-0.6395967882408581
-0.17004317554619905,-0.6463183608515405,-0.6444006077384797,-0.6444871801271262,-0.6451963777533005,0.046421500405553984,0.2614350637551288,-0.7799578397936361,-0.2481385016116273,0.49813504712310486,-0.6424304566979382,-0.6330725305248488,-0.08384076273282207,-0.7201021737567175,-0.5210187150394627,-0.6479813131393161,-0.6451649194584612
-0.25325037987389004,-0.6463183608515405,-0.6439428889619028,-0.6442432920505098,-0.6410923734937174,0.1396041027685087,0.3756966074114518,-0.7799578397936361,-0.2481385016116273,0.5893580953246144,-0.6428335191061166,-0.6337320997727115,-0.4775193656734105,-0.7201021737567175,-0.5172701267691417,-0.6445288499309355,-0.6473118562036091
-0.3389489779512949,-0.6438271286369968,-0.6445549651426666,-0.6434928671993823,-0.6470937707168262,-0.05330424055399724,0.48995815106777474,-0.7799578397936361,-0.2481385016116273,-0.9696393089547953,-0.643766189814912,-0.6345276053827851,-0.3226675058240271,-0.7201021737567175,-0.5392875266493663,-0.6404250476117,-0.6438595599632222
-0.4768128546764782,-0.6461904648082561,-0.6495283071712052,-0.6481333068725422,-0.6512837706073502,-0.0947025745953184,0.8327427820367437,-0.7799578397936361,-0.2481385016116273,-0.7144805332646255,-0.6447005617611443,-0.6354242265204757,-0.316481111203792,-0.7201021737567175,-0.5485775062758135,-0.6464261495319374,-0.6397559561120364
-0.32861468153380646,-0.650020951304619,-0.6522228699494949,-0.6505534270174286,-0.65122887977909,-0.006359817606988614,0.9470043256930666,-0.7799578397936361,-0.2481385016116273,-0.043442366074964205,-0.6461733099240153,-0.6366944500342717,-0.45883957816950394,-0.7201021737567175,-0.5550967902241977,-0.6506159432506398,-0.6457567678070384
-0.6404019105295613,-0.650934494470935,-0.6533702897285945,-0.6513104180860035,-0.6529176875952271,-0.02393281840927535,1.0612658693493895,-0.7799578397936361,-0.2481385016116273,-0.32559613196581816,-0.6470910620891311,-0.637946219119857,-0.5800827360330109,-0.7201021737567175,-0.5621939197952792,-0.6505610551233205,-0.6499463588989758
-0.5757917048366341,-0.6538276856786576,-0.6529955492097594,-0.6517794336179583,-0.6499965806846499,0.10817626563628625,1.1755274130057125,-0.7799578397936361,-0.2481385016116273,0.4250051433270926,-0.6472838253771984,-0.6387885823962359,-0.5096519043567173,-0.7201021737567175,-0.5485626897213849,-0.6522497798405092,-0.6498914734261556
-0.576024734097276,-0.649795306142539,-0.6478330524431423,-0.6471952758086329,-0.6447545065858065,0.13551204466206665,1.2897889566620355,-0.7799578397936361,-0.2481385016116273,0.7898986746726201,-0.6472206178631886,-0.6394339346719498,-0.401931901153611,-0.7201021737567175,-0.5352426072904826,-0.6493288166650035,-0.6515801164732553
-0.5988418914034053,-0.6447772135299654,-0.6452990927443533,-0.6417734562592362,-0.6448615437009138,0.0189818620369707,1.6325735876310044,-0.7799578397936361,-0.2481385016116273,-0.06902182110027513,-0.6477597792663368,-0.6399958581931737,-0.5214174687762033,-0.7201021737567175,-0.5788032773092306,-0.6440870005060156,-0.6486592945613435
-0.5262055558888017,-0.6448384209221085,-0.6440553111175533,-0.6413232013485597,-0.6411893472903104,0.10375185763287427,-1.6810111784023618,-0.48334139791353253,-0.2481385016116273,0.5207698517233136,-0.6469151803110169,-0.6402750697001949,-0.7007388036131569,-0.7201021737567175,-0.565260946561905,-0.6441940323542882,-0.6434177319070201
0.1671639283191219,-0.6417561262789585,-0.6404685090087041,-0.6384687728210833,-0.6404391726374217,0.050700505329042696,-1.5667496347460388,-0.48334139791353253,-0.2481385016116273,0.0623976370645428,-0.645363913497202,-0.6404674747703581,-0.9681392007922701,-0.7201021737567175,-0.5507851728856068,-0.6405220166366308,-0.6435247585790195
1.8383051241498314,-0.653803020013167,-0.6516571902139202,-0.6525730078980257,-0.6506250806682284,0.09334515148400202,-1.4524880910897158,-0.48334139791353253,-0.2481385016116273,-1.6037038447915573,-0.6452775429811638,-0.6411241883413098,-0.1568015098137977,-0.7201021737567175,-0.5138030530329558,-0.639771878896601,-0.6398529204473521
0.20792173709208273,-0.6512387043453182,-0.6464108229502303,-0.6498902390552447,-0.6447453581144298,0.16853931567345706,-1.3382265474333928,-0.48334139791353253,-0.2481385016116273,0.8957697928448752,-0.6441085311330274,-0.6414314653181888,-0.04210805488286158,-0.7201021737567175,-0.46905705865995573,-0.6499572857228088,-0.6391028189854768
0.22791392564200996,-0.6424083960997081,-0.6409984991710564,-0.6401037609654774,-0.6394511377287393,0.08796523752679991,-0.9954419164644239,-0.48334139791353253,-0.2481385016116273,0.7733739149632588,-0.6426000569839768,-0.6414062862314456,0.01672811956775941,-0.7201021737567175,-0.5337609518476677,-0.6440778524847959,-0.649287733225134
-0.2823052386606261,-0.640401341763312,-0.6399331654103684,-0.6377089676593165,-0.6399396661002544,0.03123726448773852,-0.8811803728081009,-0.48334139791353253,-0.2481385016116273,-0.12633494026562714,-0.6419113175507807,-0.6414515471751768,-0.05637865607361043,-0.7201021737567175,-0.5538966493155175,-0.6387838926048548,-0.6434085843282168
-0.32229408803922016,-0.6406361223570551,-0.6403739316396647,-0.63705234591458,-0.6369627535142796,0.10416729500408649,-0.7669188291517779,-0.48334139791353253,-0.2481385016116273,0.39984528159152954,-0.640781434163698,-0.6408851098420613,-0.04369382540428701,-0.7201021737567175,-0.5715876153027232,-0.639272396937996,-0.6381148804747144
-0.3352062009667754,-0.6363178038098797,-0.6368165734287241,-0.6345121577935131,-0.6380788670222357,-0.01936300732593859,-0.652657285495455,-0.48334139791353253,-0.2481385016116273,-0.21916042417351547,-0.6403364951416827,-0.6399180486738959,-0.06518403764059587,-0.7201021737567175,-0.5526372421891255,-0.636295630833049,-0.6386033611828136
-0.5168444322804818,-0.6361963025687596,-0.6392613091944571,-0.6376583139818655,-0.6404940634656818,-0.07696339884454709,-0.538395741839132,-0.48334139791353253,-0.2481385016116273,-0.41550934563202746,-0.6403443470067771,-0.6392029933165878,-0.03278058357021998,-0.7201021737567175,-0.5435398777702442,-0.6374116894218737,-0.6356267390402013
-0.03365645160637626,-0.6388638486144022,-0.6416052219158369,-0.6423240804937511,-0.6460380371199561,-0.1421870661249027,-0.19561111087016309,-0.48334139791353253,-0.2481385016116273,-0.8969610041617453,-0.6396881928137227,-0.638394591101109,-0.4337508720839877,-0.7201021737567175,-0.5087654245273859,-0.6398267670239203,-0.6367427436542108
0.3833898962039619,-0.6500145565024548,-0.652299602531923,-0.6492777047705118,-0.6507897531530089,0.003465276222186061,-0.08134956721384012,-0.48334139791353253,-0.2481385016116273,-0.7987975856725796,-0.6405528140250331,-0.6380537522439732,-0.5349280646820682,-0.7201021737567175,-0.5765215279272957,-0.645370467883164,-0.6391577044582969
-0.3302124371821307,-0.6507335149743454,-0.6511994714373431,-0.6486145168083278,-0.6493863776438246,0.05167678315139192,0.03291197644248285,-0.48334139791353253,-0.2481385016116273,0.17418015235270734,-0.6419740016071176,-0.6380631483421969,-0.7982369477460338,-0.7201021737567175,-0.5687280202980914,-0.6501219501047665,-0.6447011372131312
-0.562755817568671,-0.6494728254048294,-0.6509746271260421,-0.6471080389196892,-0.6505701898399683,-0.0038671933797137666,0.14717352009880583,-0.48334139791353253,-0.2481385016116273,-0.24186191549993052,-0.6434946461470643,-0.6384967199334364,-0.8059362427073663,-0.7201021737567175,-0.5887896349938007,-0.6487186436496378,-0.6494523896435945
-0.037707890155430177,-0.6502338068623705,-0.6536736511009846,-0.6533421933704314,-0.655277993210413,-0.0934562624816817,0.2614350637551288,-0.48334139791353253,-0.2481385016116273,-0.8112137038110157,-0.6461145518002256,-0.638956883096773,-0.963526033617789,-0.7201021737567175,-0.5351388914094852,-0.6499023975954895,-0.6480491510551595
0.31985339667746576,-0.6522563914325942,-0.6496050397536334,-0.6487777342134481,-0.6506003797955113,0.05873921846200426,0.6042196947240978,-0.48334139791353253,-0.2481385016116273,0.722718285804495,-0.6479056930926742,-0.6390627273797052,-0.5495608847048287,-0.7201021737567175,-0.5396727570644977,-0.6546099693152367,-0.6492328477523139
0.2772348969543273,-0.6483391183354313,-0.6516812806758453,-0.6537042733611005,-0.6563822137055796,-0.16160876322908574,0.7184812383804207,-0.48334139791353253,-0.2481385016116273,-0.9845070002599854,-0.6501784154442452,-0.639670495262524,-0.4456445383912428,-0.7201021737567175,-0.49633433536217236,-0.6499325860655151,-0.6539401918045212
-0.2739819810459017,-0.6544306241684261,-0.6564931273855527,-0.6533421933704314,-0.6539057225039095,0.03312750452675597,0.8327427820367437,-0.48334139791353253,-0.2481385016116273,0.3607102513852427,-0.6513038494411076,-0.6401179767638788,-0.4149187554195566,-0.7201021737567175,-0.5819592034024257,-0.6557141354764755,-0.6492630347623649
-0.6087426493319962,-0.6540405412364092,-0.655779335921105,-0.6527859409495331,-0.6546504080739721,0.007349615643022361,0.9470043256930666,-0.48334139791353253,-0.2481385016116273,-0.17472116163127274,-0.6518560972860797,-0.640450217884078,-0.5162711420583523,-0.7201021737567175,-0.5788921766357993,-0.6532377661322556,-0.6550443045660864
-0.664150813220745,-0.6545128430533945,-0.6566537304650534,-0.6523356860388566,-0.6540402050331469,0.03194350801880026,1.0612658693493895,-0.48334139791353253,-0.2481385016116273,0.048404457345575004,-0.6525218045816656,-0.6408901456594099,-0.5342371611610394,-0.7201021737567175,-0.6005243461008914,-0.6539824150595533,-0.6525680549840177
-0.3325336117908973,-0.6539738525852681,-0.6525735200064048,-0.6519979948558492,-0.6510459103515562,0.08767443136695187,1.5183120439746816,-0.48334139791353253,-0.2481385016116273,0.4401940961376707,-0.6525898540791504,-0.6410426633714272,-0.4582669646405562,-0.7201021737567175,-0.5381022022951143,-0.6533722420441878,-0.653312667898611
0.0050124437262663284,-0.6510623905142192,-0.6475145230021325,-0.6485901280006663,-0.6461908165919468,0.13171079271547265,1.6325735876310044,-0.48334139791353253,-0.2481385016116273,0.7324535186960908,-0.6512899778127742,-0.6409601558030379,-0.5361737760486445,-0.7201021737567175,-0.5079208809249816,-0.650378094698923,-0.652702524392427
-0.28502242673806244,-0.6486753022206355,-0.6502715425335613,-0.6477580944469785,-0.6504540042534844,-0.01936300732593934,1.7468351312873274,-0.48334139791353253,-0.2481385016116273,-0.7226273566389884,-0.6512690395058559,-0.6411366243536648,-0.48815550472357727,-0.7201021737567175,-0.5668463178857166,-0.6455232398375358,-0.6497085218500885
-0.3769780772639169,-0.64949749107032,-0.6493320145184821,-0.6471896476222494,-0.646129521833723,0.09752029706468637,-1.6810111784023618,-0.18672495603342898,-0.2481385016116273,0.6443025595467177,-0.6498024419706422,-0.6413056927092855,-0.7243206761906308,1.388691822416084,-0.5602233180563356,-0.6497862177259972,-0.644853901779147
-0.4929717676374739,-0.6443323180079695,-0.6451384896648525,-0.6411177725455635,-0.6431288232221686,0.04820788110176783,-1.3382265474333928,-0.18672495603342898,-0.2481385016116273,0.4193096226570583,-0.6482608591237771,-0.6411726120239857,-0.7167388482624405,1.388691822416084,-0.5864930690574381,-0.6454619480953627,-0.6491166735015114
-0.2915175134349954,-0.6422859813154218,-0.6458522811293002,-0.6453754955446485,-0.6465503515170508,-0.0760078928907577,-1.2239650037770697,-0.18672495603342898,-0.2481385016116273,-0.581191658229332,-0.6471021855646816,-0.6410137381278758,-0.5794232722352057,1.388691822416084,-0.5310939720506014,-0.642461397135244,-0.6447926130011646
2.099080340149185,-0.6405813097670763,-0.6313560687257,-0.6386591931270568,-0.6292478476023168,0.278090150462183,-1.109703460120747,-0.18672495603342898,-0.2481385016116273,2.6736508266795185,-0.6435557598303824,-0.6402759601800919,0.5051161989649661,1.388691822416084,-0.3964559419620426,-0.6458827570714769,-0.6417922071536636
1.2802653575262162,-0.6310494003697354,-0.6266985794201794,-0.6285913057181167,-0.6313272951462384,0.01414201666234651,-0.9954419164644239,-0.18672495603342898,-0.2481385016116273,-0.3508504471216744,-0.6407351081596412,-0.6395512937811365,0.6027337699754821,1.388691822416084,-0.47813960652440934,-0.6285811045383293,-0.6452134016261191
0.13854613876765665,-0.6293136683537351,-0.6299820201566383,-0.6263587917860123,-0.6303703650402366,-0.0035971590884262905,-0.8811803728081009,-0.18672495603342898,-0.2481385016116273,0.08653050049257542,-0.6384720697750199,-0.6388925536007641,0.5926269148228568,1.388691822416084,-0.5679279263589713,-0.6306604497616066,-0.6279125858353307
1.0628346742016177,-0.6271759773445559,-0.6239263918201311,-0.6230128349810472,-0.621563131645897,0.14776744711283446,-0.538395741839132,-0.18672495603342898,-0.2481385016116273,1.2193555025853982,-0.6343393714470064,-0.638114151345954,0.4757269818830918,1.388691822416084,-0.5202186211003427,-0.6297035667420077,-0.6299918304973336
2.752087843224061,-0.6136619332852439,-0.6118454712843555,-0.613320159997671,-0.6150558239556574,-0.01176050343275131,-0.424134198182809,-0.18672495603342898,-0.2481385016116273,0.8464117789957868,-0.6298944306170723,-0.6371137432409555,0.4846631097969467,1.388691822416084,-0.47270193104928,-0.620896766713635,-0.6290349937545024
0.36326724347839306,-0.6124405260718794,-0.6164672710166537,-0.6121945227209795,-0.6138299287911809,-0.011698187827069587,-0.30987265452648605,-0.18672495603342898,-0.2481385016116273,0.11171377434749863,-0.6257033667585238,-0.6361954435237029,0.5155158806129644,1.388691822416084,-0.567231548300849,-0.6143897792199386,-0.6202286196405111
0.6531010596167804,-0.6118777834814287,-0.6095970281713454,-0.6079414898772141,-0.6059375425345103,0.1547052512120819,-0.19561111087016309,-0.18672495603342898,-0.2481385016116273,0.9976213183275054,-0.6198939026396031,-0.6350374204769316,0.27466382174049647,1.388691822416084,-0.52032233698134,-0.6131639443764756,-0.6137219468376836
0.628276208425504,-0.6080957147728808,-0.6060762517729577,-0.6050335935790948,-0.6056630883932096,0.07494127593928937,-0.08134956721384012,-0.18672495603342898,-0.2481385016116273,-0.017136488268099496,-0.6165202179373805,-0.6335283027011069,-0.5507934715412154,1.388691822416084,-0.5077875319351285,-0.6052719464700902,-0.6124961712780338
0.8508785060432944,-0.6071456298799122,-0.6006871262163783,-0.6030018182946669,-0.597941778551283,0.22865310328790023,0.2614350637551288,-0.18672495603342898,-0.2481385016116273,0.9364601075377935,-0.6117445827225545,-0.6319573733379479,-0.7176629306733631,1.388691822416084,-0.45038820008049263,-0.604997505833494,-0.604604555044378
0.9827034932801505,-0.6012012044966942,-0.6029052331921492,-0.608160989146169,-0.6090910206180554,-0.15965620758438728,0.3756966074114518,-0.18672495603342898,-0.2481385016116273,-1.4313503903392875,-0.6087006763542964,-0.6309383572737218,0.11403085913926118,1.388691822416084,-0.40573110503406223,-0.5972765759239202,-0.6043301276802773
0.1716409147205441,-0.6055377939071962,-0.6062484539637557,-0.6045645780471401,-0.6031930011215033,0.07286408908322749,0.48995815106777474,-0.18672495603342898,-0.2481385016116273,0.7150116986577798,-0.6060729188360408,-0.6297049812039405,-0.005231798596490891,1.388691822416084,-0.5180554041538332,-0.6084252693845809,-0.5966095711702443
0.09351445442412014,-0.603126039948122,-0.6051572452624815,-0.6081478567112742,-0.6121649070006233,-0.18568335889084708,0.6042196947240978,-0.18672495603342898,-0.2481385016116273,-1.1884188463736212,-0.6056593872744027,-0.6288726588560555,0.24399191224949873,1.388691822416084,-0.44333552017269545,-0.602527540104128,-0.6077577254578951
0.5216495757918909,-0.6094961764468432,-0.6134639934299904,-0.6170722842533086,-0.6206299875654746,-0.23304321920906793,0.7184812383804207,-0.18672495603342898,-0.2481385016116273,-1.1696161351699657,-0.6066321024951793,-0.6282869994396455,0.43547748549796544,1.388691822416084,-0.4403129430693534,-0.6114990045144585,-0.601860281403371
-0.09691476548440282,-0.6225415728618351,-0.6216601039205099,-0.6198863774450372,-0.6210078194333319,0.055000282121091974,1.0612658693493895,-0.18672495603342898,-0.2481385016116273,-0.10427107234007896,-0.6087878320568441,-0.627632957308385,0.1818277098011801,1.388691822416084,-0.5319681487618626,-0.6199636685492078,-0.6108313119358229
-0.0022053310046667575,-0.6189275960958891,-0.6186389815472354,-0.6209501046715105,-0.6155251405372816,0.09731257837908062,1.1755274130057125,-0.18672495603342898,-0.2481385016116273,0.7028276187083863,-0.6101985504854693,-0.6266088133082003,0.3329200355862518,1.388691822416084,-0.4649973227466438,-0.6203414818255887,-0.6192955666025687
0.16115070797635828,-0.6134792246519807,-0.6143321422986248,-0.6123821289337614,-0.6140000903587872,0.008055859174083378,1.2897889566620355,-0.18672495603342898,-0.2481385016116273,0.15220382277022984,-0.6124956136188329,-0.6253739940468618,0.10909650942633585,1.388691822416084,-0.5288122226686671,-0.6148590727085181,-0.6196733616071474
0.17496799277678948,-0.6112501793261698,-0.6106266723588112,-0.6082482260351125,-0.6106883437204255,0.03256666407561898,1.4040505003183585,-0.18672495603342898,-0.2481385016116273,0.3886015066116104,-0.6127241028930797,-0.6240751216453442,-0.11907105340038278,1.388691822416084,-0.5325756274934162,-0.6133340975711652,-0.6141912176302957
-0.18038640413258292,-0.6084063194494282,-0.6125057283889694,-0.6105623486697772,-0.6149460422991371,-0.1287684390347405,1.5183120439746816,-0.18672495603342898,-0.2481385016116273,-0.6104042800482522,-0.6144053180742067,-0.6228794220870678,-0.2456841015984179,1.388691822416084,-0.527226851344856,-0.6100225138895708,-0.6126663162437761
2.0972796718873545,-0.6043008564600043,-0.6060102260624963,-0.618416482767891,-0.6197517343133124,-0.33123184189513294,-1.5667496347460388,0.10989148584667455,-0.2481385016116273,-0.6950546301226875,-0.6154905766946697,-0.6216870080925495,-0.4156238568845518,-0.7201021737567175,-0.2953033248810926,-0.6142800029653002,-0.6093548927169611
0.8986717791484852,-0.6215485514400496,-0.6252174621314507,-0.6310236202668339,-0.6345173671152902,-0.27431692203902636,-1.4524880910897158,0.10989148584667455,-0.2481385016116273,-2.073565911631827,-0.6174770985635502,-0.6211471930377345,0.11291946927225398,-0.7201021737567175,-0.4151248005415062,-0.6190854585121001,-0.6136121758920433
1.860322102830503,-0.6325055881768432,-0.6359841141333121,-0.6394471392207407,-0.6355538889222692,-0.04871365760209917,-1.2239650037770697,0.10989148584667455,-0.2481385016116273,-0.20526491854473622,-0.6195578428135633,-0.620448104906166,0.10650285575914296,-0.7201021737567175,-0.46086350406119186,-0.6338503647609766,-0.6184173990374465
0.2626839602232629,-0.6378680865631178,-0.6373635161383571,-0.6358329055314976,-0.6357130723242236,0.06960290571920914,-1.109703460120747,0.10989148584667455,-0.2481385016116273,-0.07594363273414087,-0.6224456279308616,-0.6198374813464359,-0.10799501596930768,-0.7201021737567175,-0.5408580814187492,-0.6348868355651883,-0.6331815912260641
0.02470117391684096,-0.633583569113096,-0.6335268870169511,-0.6320807812758599,-0.6298516467131782,0.10526820403779989,-0.7669188291517779,0.10989148584667455,-0.2481385016116273,0.8180092330240959,-0.624713115705703,-0.6190051282923477,0.1212858087461953,-0.7201021737567175,-0.536413115090306,-0.6350460111344142,-0.6342180119044843
0.36997380330021473,-0.6259280773793683,-0.6280797659038856,-0.625076503321648,-0.627436450269732,-0.013962321500176643,-0.652657285495455,0.10989148584667455,-0.2481385016116273,0.29547355751497734,-0.6271088506104194,-0.6181121918990585,0.09728289510715168,-0.7201021737567175,-0.5565932622214406,-0.6291848739388408,-0.6343771797756628
-0.4772120148454245,-0.6312631694706535,-0.6314925813432756,-0.6276589028405908,-0.6295771925718776,0.058739218462003515,-0.538395741839132,0.10989148584667455,-0.2481385016116273,-0.3568193665901763,-0.629201765251329,-0.6173916094251483,0.08426394425609107,-0.7201021737567175,-0.5724766085684119,-0.6267697963367941,-0.6285163260363521
-0.3223691628568432,-0.6278337284243033,-0.6307252555189944,-0.6290978424926279,-0.6309494632783811,-0.050396178955509414,-0.424134198182809,0.10989148584667455,-0.2481385016116273,-0.2496624165555257,-0.6308035457305845,-0.6168800440774111,0.0546457320633248,-0.7201021737567175,-0.5370057772674315,-0.6289104333022447,-0.626101365232266
-0.2935796551457949,-0.6313965467729357,-0.632893397092254,-0.6312984633685594,-0.6296320834001378,0.060525599158217376,-0.30987265452648605,0.10989148584667455,-0.2481385016116273,0.13846051952420702,-0.6301047297371838,-0.6161811708892659,-0.9400694904104053,-0.7201021737567175,-0.538250367839396,-0.6302826364852258,-0.6282418986722516
0.06575313722274598,-0.6337534881420308,-0.6355255031174045,-0.6331745254963782,-0.6349811946140884,-0.007336095429337835,0.03291197644248285,0.10989148584667455,-0.2481385016116273,-0.8217570731029401,-0.6300228086113656,-0.6158069850952969,-0.7049941296833723,-0.7201021737567175,-0.552326094546134,-0.628965321429564,-0.629614035492755
-0.08526460325360578,-0.6355202806256858,-0.6298276627524516,-0.6317674789005142,-0.6273019677404947,0.20719576306477647,0.14717352009880583,0.10989148584667455,-0.2481385016116273,1.0835137979358669,-0.6288196411500686,-0.6152757677774187,-0.40311473744110143,-0.7201021737567175,-0.479932409610215,-0.6343141694368243,-0.6282967841450717
-0.34128019970149587,-0.6256594956884713,-0.6293752974118578,-0.626921610424358,-0.6265947909030766,-0.0009591317812266657,0.2614350637551288,0.10989148584667455,-0.2481385016116273,0.048190624218065185,-0.628353763821135,-0.6146059733638418,-0.5509744944616866,-0.7201021737567175,-0.5489627366909454,-0.626635320424862,-0.6336453734713943
-0.2860833231088793,-0.6309397751897776,-0.6305414542168992,-0.6283220908027748,-0.6288023170462719,0.06897974966239116,0.3756966074114518,0.10989148584667455,-0.2481385016116273,-0.3649804923210635,-0.628549144397567,-0.6145910194428124,-0.5482726467168892,-0.7201021737567175,-0.5462068575673105,-0.6259281783845657,-0.6259668958238568
-0.42495030346161017,-0.6279561432085896,-0.630719902083011,-0.6297610304548118,-0.6328587492546963,-0.09096363825440612,0.48995815106777474,0.10989148584667455,-0.2481385016116273,-0.6333358541525567,-0.6290185550657932,-0.6146424216272129,-0.4869979392204363,-0.7201021737567175,-0.526441573960164,-0.6281355959049213,-0.6252597879823573
0.6556413387180358,-0.6397646021763898,-0.6412715244062077,-0.6415483288038979,-0.6391894914473658,0.033792204320695844,0.8327427820367437,0.10989148584667455,-0.2481385016116273,-0.9783209296439834,-0.6301972508808793,-0.6149384294274641,-0.32152126950568455,-0.7201021737567175,-0.5154773236833361,-0.6321918285138135,-0.6274670987476071
0.3975933331603849,-0.6381933079303264,-0.6399527946756407,-0.6417453153273189,-0.6427079935388409,-0.08182401608773188,0.9470043256930666,0.10989148584667455,-0.2481385016116273,-0.584595256117639,-0.632067696010781,-0.6156481419053902,-0.33783070943034427,-0.7201021737567175,-0.4904669798086262,-0.6385222591979662,-0.6315231351890156
-0.07716248185910768,-0.6428706489418641,-0.6388214352044913,-0.6405211847889172,-0.6358100461208165,0.18114783988975539,1.0612658693493895,0.10989148584667455,-0.2481385016116273,1.0114127917038112,-0.6321862591737064,-0.6163447428344878,-0.10379779790570107,-0.7201021737567175,-0.4910151923224679,-0.6420405881591299,-0.6378532597209383
-0.5253468412050489,-0.6379320345847599,-0.6381790228864884,-0.6348057615165168,-0.6370853430307272,0.0398991336775188,1.1755274130057125,0.10989148584667455,-0.2481385016116273,-0.24178772130273288,-0.6335857232623631,-0.6171252945235322,-0.45853287556787514,-0.7201021737567175,-0.5706245392648939,-0.6351429801593448,-0.6413714185287093
-0.3255581701470145,-0.6364703655186544,-0.6399670705049296,-0.6399968254241918,-0.6428607730108317,-0.12446866224269122,1.2897889566620355,0.10989148584667455,-0.2481385016116273,-0.9161867566226337,-0.6359124926186672,-0.6183645968905591,-0.40068967037669845,-0.7201021737567175,-0.5183221021335402,-0.6364182143173953,-0.6344741441109784
-0.12023774866570525,-0.6433822331150009,-0.6468631882908241,-0.6457572741876597,-0.6471358536851589,-0.06437564649680934,1.6325735876310044,0.10989148584667455,-0.2481385016116273,-0.712147710450614,-0.6385350155601932,-0.6197566012068237,-0.37857340696295005,-0.7201021737567175,-0.5418507905654353,-0.6421933601135018,-0.6357493165961663
-0.4444134375418027,-0.645605797181814,-0.6455426740815959,-0.6439187333023971,-0.6422752708427234,0.09654401924233791,1.7468351312873274,0.10989148584667455,-0.2481385016116273,0.7159823033832233,-0.6398820030171358,-0.6212446238209499,-0.14241925988460988,-0.7201021737567175,-0.548962736690945,-0.6464682304295488,-0.6415241830947254
0.24556931757904144,-0.6421096674843227,-0.6427588873702503,-0.6414610919149544,-0.6406285459949193,0.05443944166995498,-1.6810111784023618,0.4065079277267781,-0.2481385016116273,0.2010117355227043,-0.640087852747027,-0.6223031587688815,-0.2618654673349021,-0.7201021737567175,-0.5415544594768725,-0.6416078867554298,-0.6457988466695338
2.9198409498526328,-0.6235647412081089,-0.614807705861813,-0.6226001013129271,-0.6109262039762194,0.3071707664470553,-1.5667496347460388,0.4065079277267781,-0.2481385016116273,4.476192000996808,-0.6355416228573755,-0.6225627183057617,1.9596375426786365,-0.7201021737567175,-0.37531271879307915,-0.6399612429358525,-0.6409387380513104
1.1521420791186947,-0.6117681583014709,-0.6118276264977441,-0.6104873061846644,-0.611762374260049,0.019958139859320666,-1.4524880910897158,0.4065079277267781,-0.2481385016116273,-0.16205033241412137,-0.6321017207595235,-0.6225492075762895,1.989872409491291,-0.7201021737567175,-0.5171515943337168,-0.6102603624412875,-0.6392921738667063
0.20258101863048245,-0.6131987668999218,-0.6118401178483721,-0.6109309948778936,-0.6155315444672452,-0.0330932124445109,-1.109703460120747,0.4065079277267781,-0.2481385016116273,-0.5488693200365785,-0.6290185550657932,-0.6223780819050447,2.0378576147102634,-0.7201021737567175,-0.510350795851198,-0.611096491580784,-0.6095927297658483
4.301893329418317,-0.6141853935195429,-0.5925195673844368,-0.6126006901716524,-0.5926109642800859,0.509758800518812,-0.9954419164644239,0.4065079277267781,-0.2481385016116273,3.021744089055391,-0.6218305651651344,-0.6214249613531985,2.270879333295672,-0.7201021737567175,-0.16313965938203412,-0.6148654763233721,-0.6104288184684752
3.175589510377443,-0.5988077214009464,-0.595387224592855,-0.595109224922933,-0.5982409335653008,0.032275857915769465,-0.8811803728081009,0.4065079277267781,-0.2481385016116273,-0.7326494100719885,-0.6148363854678887,-0.6208448290533906,2.27691917988345,-0.7201021737567175,-0.48704435573572463,-0.5919460239590998,-0.614197620935458
1.7663355422135236,-0.6009636832734521,-0.6046843584172849,-0.6084855478942817,-0.6091514005291415,-0.1664278367351501,-0.7669188291517779,0.4065079277267781,-0.2481385016116273,-1.4036042116749954,-0.6100981774766794,-0.6206820861756592,2.687262721101534,-0.7201021737567175,-0.4301487867316455,-0.5975757162178101,-0.5912792770015284
0.7589044708591309,-0.6079979656540849,-0.6088537928089894,-0.6083167023027779,-0.6072979202282242,0.03559935688546952,-0.652657285495455,0.4065079277267781,-0.2481385016116273,0.18888040481221688,-0.6053303941269478,-0.6205682889860603,2.6882002323047343,-0.7201021737567175,-0.5020535253714364,-0.6084856463246319,-0.596908696997114
0.5571707302068873,-0.6036558949845853,-0.6069559997528894,-0.6064284457711282,-0.6067362040856954,-0.05037540708694883,-0.30987265452648605,0.4065079277267781,-0.2481385016116273,0.020148331943241938,-0.6047310350914096,-0.6202927315172373,1.1108611703619224,-0.7201021737567175,-0.5003644381666276,-0.6066322572254855,-0.6078180994779971
-0.09256228434983073,-0.6052874830796255,-0.6093302486115082,-0.6076291255329322,-0.612085315299646,-0.13472996531163944,-0.19561111087016309,0.4065079277267781,-0.2481385016116273,-0.7407134918034851,-0.6047772302310481,-0.6200354135332016,1.1748327571806352,-0.7201021737567175,-0.5208260998318968,-0.6060705687225852,-0.6059648000124371
0.3022347988342199,-0.6153638642040905,-0.6180795474869747,-0.6169841093333012,-0.617544208170117,-0.029561994789205084,-0.08134956721384012,0.4065079277267781,-0.2481385016116273,-0.7725649942347013,-0.6050651319511757,-0.6194657213425312,1.2071166274636609,-0.7201021737567175,-0.5183517352423964,-0.6114194167298456,-0.605403138673911
-0.260387678364678,-0.6165788766152908,-0.6193938160208888,-0.6159335145417226,-0.6195202779874821,-0.046802645694521874,0.03291197644248285,0.4065079277267781,-0.2481385016116273,-0.31993674314945797,-0.6089143779492819,-0.6189275644226968,-0.6624339442007914,-0.7201021737567175,-0.5567710608745778,-0.6168780409917444,-0.6107517280002336
2.1276013253071016,-0.6265730388547873,-0.628619570698874,-0.63487611384631,-0.6377861159381816,-0.23428953132270533,0.14717352009880583,0.4065079277267781,-0.2481385016116273,-2.5498734648629298,-0.6145711232921166,-0.6189971446794779,0.14823451199634857,-0.7201021737567175,-0.410768733539631,-0.6188540135752372,-0.6162100882721965
1.8459872849432397,-0.6459383268943529,-0.6394870457450887,-0.6444627913194646,-0.6359930155483503,0.24674540080420276,0.48995815106777474,0.4065079277267781,-0.2481385016116273,0.21688443536858165,-0.6184106853232729,-0.6192032754225366,0.19888900784099295,-0.7201021737567175,-0.4398091802187966,-0.6371189527428376,-0.6181859652937216
1.0594377245329312,-0.6344240288261066,-0.6297973266152126,-0.6314551145562322,-0.6277840921820462,0.1713227460605807,0.6042196947240978,0.4065079277267781,-0.2481385016116273,1.1683923782062025,-0.6213411322409175,-0.619214943779808,0.5687443434257614,-0.7201021737567175,-0.48436255938423073,-0.6353259405837423,-0.6364500211325034
-0.2807431745221322,-0.6281753935685055,-0.6303389158888622,-0.6279093571346547,-0.627942360736863,0.025649631844930652,0.7184812383804207,0.4065079277267781,-0.2481385016116273,-0.07487863331535455,-0.6243745694557166,-0.6191600717944293,0.5573224418621143,-0.7201021737567175,-0.5493627836605055,-0.6271174211431493,-0.6346570956870454
-0.42887983834640486,-0.6292287088392678,-0.6282930111038892,-0.6257640800914936,-0.628881908747249,0.028266887283569696,0.8327427820367437,0.4065079277267781,-0.2481385016116273,-0.18631005952981794,-0.6267772401745998,-0.6190906757748684,0.5467111505961417,-0.7201021737567175,-0.5492738843339363,-0.6272756819102532,-0.6264489732267935
-0.7161618416120508,-0.6282786239462993,-0.6303567606754733,-0.6249517451901481,-0.6272232908866552,0.04432354168093153,0.9470043256930666,0.4065079277267781,-0.2481385016116273,0.1853359324608417,-0.628161785719577,-0.6190098263414595,0.5460577908976386,-0.7201021737567175,-0.5963757108610108,-0.6282151836895342,-0.6266072263400917
1.0436199931688561,-0.629923001645668,-0.6311981423641909,-0.6315742445013488,-0.62938781921438,0.03256666407561898,1.2897889566620355,0.4065079277267781,-0.2481385016116273,-0.3598692923921668,-0.6295732893347118,-0.6188220886142048,0.547420648404766,-0.7201021737567175,-0.5057428474240445,-0.6265566474423712,-0.6275466826831964
0.0358345463758318,-0.6296736043612637,-0.633312749577617,-0.6300855892029246,-0.633907164074465,-0.0757170867309089,1.4040505003183585,0.4065079277267781,-0.2481385016116273,-0.7015858807332538,-0.629018424201375,-0.6190437874023597,-0.5638997190505174,-0.7201021737567175,-0.5643719532962163,-0.6287210692629933,-0.6258882266461478
-0.006704431028111595,-0.634630489581694,-0.6374946753199493,-0.6347757445224718,-0.6380852709521994,-0.05787405163733399,1.5183120439746816,0.4065079277267781,-0.2481385016116273,-0.6668248805871637,-0.6293177111258895,-0.6194294573163801,-0.46761247232204617,-0.7201021737567175,-0.5597343717602069,-0.633240191745611,-0.628052543791022
-0.04385399044766984,-0.6395088100898213,-0.6418068680045435,-0.6385091081568314,-0.6392196814029089,0.027290609461220475,1.6325735876310044,0.4065079277267781,-0.2481385016116273,-0.22291860898658108,-0.6309535163538872,-0.619779108853876,-1.1232479741594283,-0.7201021737567175,-0.5723728926874152,-0.6374180930367275,-0.6325714477198802
-0.38644343841604545,-0.6396677666007602,-0.6413857310405193,-0.6379584839223165,-0.6401281246106142,0.01027844911007077,1.7468351312873274,0.4065079277267781,-0.2481385016116273,-0.18977608019055076,-0.6326966304048417,-0.6200231003456599,-1.1439424657962658,-0.7201021737567175,-0.5740767964466521,-0.6385524476679918,-0.6367491469593731
0.15943253529382675,-0.6427491477007439,-0.6456202989033547,-0.6445875494509645,-0.6478805392552215,-0.09567885241766763,-1.3382265474333928,0.7031243696068816,-0.2481385016116273,-1.2310715687747888,-0.6354142917784281,-0.6203148092774428,-0.8389541303738124,1.388691822416084,-0.5396875736189258,-0.6394608461751253,-0.6378834467309893
0.04845026243678116,-0.6499908043801306,-0.6524066712515901,-0.6513535675149433,-0.6528874976396839,-0.04470468696989867,-1.2239650037770697,0.7031243696068816,-0.2481385016116273,-0.8471185156706317,-0.6390854313033099,-0.620656477202069,-1.0061493458111321,1.388691822416084,-0.5455104795091872,-0.6472128793568466,-0.6387918013061626
0.004857462543351414,-0.650142452545739,-0.6497959789703731,-0.650290778319534,-0.6527594190404102,-0.03834849519034809,-1.109703460120747,0.7031243696068816,-0.2481385016116273,-0.03140178774872453,-0.6424286245960827,-0.6212253710314521,-0.8993324887380547,1.388691822416084,-0.5189443974195219,-0.6522195913704836,-0.6465434595841271
2.786629680092341,-0.6651857678654638,-0.6633696159061747,-0.6669408297039268,-0.6635610191948683,0.05844841230215473,-0.9954419164644239,0.7031243696068816,-0.2481385016116273,-1.8157650109585777,-0.6466704638489084,-0.6221140085562729,-0.4584306657055609,1.388691822416084,-0.48135479883531684,-0.6520915190734053,-0.6515499294632041
1.260965195265468,-0.6571712536673738,-0.65285279091687,-0.6552182554982504,-0.6499846876718602,0.1844713388594547,-0.652657285495455,0.7031243696068816,-0.2481385016116273,2.3132246896443442,-0.6483726173369537,-0.6223531177617249,0.9118273869425587,1.388691822416084,-0.4918745524793004,-0.6628925877277106,-0.6514218633599571
0.3185929202221758,-0.6533891849588259,-0.6552502379980834,-0.6536236026896043,-0.653680670108043,0.014557454033558742,-0.538395741839132,0.7031243696068816,-0.2481385016116273,-0.6461072740919757,-0.6504411911960707,-0.622572789940459,0.924371665108887,1.388691822416084,-0.5568747767555746,-0.6493169242374177,-0.6622224096530803
0.4748913688603644,-0.6521887892382868,-0.6490045626841668,-0.650437111165504,-0.6469108012892923,0.14097504609351033,-0.424134198182809,0.7031243696068816,-0.2481385016116273,1.0588762112447343,-0.6514114199929009,-0.622728378272811,1.1389693215038212,1.388691822416084,-0.5034907311509663,-0.6530127248102467,-0.6486474027088992
-0.2068896482639177,-0.6481819889108249,-0.6475171997201241,-0.6463510478511143,-0.6475694912284139,0.034913885222969065,-0.30987265452648605,0.7031243696068816,-0.2481385016116273,-0.15631366379312484,-0.6513669260906992,-0.6229613462375938,0.9813597003260363,1.388691822416084,-0.5433324460082501,-0.64624318910754,-0.6523430245454552
-0.12802936259668782,-0.6477306985866649,-0.6461342287577568,-0.6455133861110433,-0.6440683712325547,0.10414652313552591,-0.19561111087016309,0.7031243696068816,-0.2481385016116273,0.5024521772803842,-0.6501053930988673,-0.6240737398661936,0.8947312495770767,1.388691822416084,-0.533597969748958,-0.6469018466353709,-0.6455738162309713
-0.10785653610686591,-0.6469514462657974,-0.6440258672196448,-0.6445059407484044,-0.6442879345455952,0.08144287079876472,0.14717352009880583,0.7031243696068816,-0.2481385016116273,-0.08644210116182796,-0.6488935885859666,-0.6251654375137385,0.8980199774869619,1.388691822416084,-0.5144994310910787,-0.643400898914525,-0.6462324419048129
1.6813152067087334,-0.6429017094095189,-0.6429730248095846,-0.6524041623065221,-0.6503140326414211,-0.1474631207393012,0.2614350637551288,0.7031243696068816,-0.2481385016116273,-0.9897831628164548,-0.6469986718098539,-0.6263328873649371,0.5222151886795909,1.388691822416084,-0.37226050858088144,-0.643620451423802,-0.6427316634967684
0.15195887436520322,-0.6527551860014027,-0.6445433660313693,-0.6492777047705118,-0.6417382555729118,0.27129774944285884,0.3756966074114518,0.7031243696068816,-0.2481385016116273,1.328029884238797,-0.6458190599438401,-0.6279818104845939,-0.02005915174859103,1.388691822416084,-0.4477212202834263,-0.6496462530013332,-0.642951205388049
-0.021210397200104737,-0.6387176817077916,-0.6409860078204286,-0.6412547250808943,-0.6421590852562394,-0.057437842397561174,0.48995815106777474,0.7031243696068816,-0.2481385016116273,-0.11687869220103474,-0.6441709534605278,-0.6294558924824012,-0.14243139639045443,1.388691822416084,-0.5153736078023388,-0.6410708979098233,-0.64897671554582
-0.44749763741331205,-0.6422859813154218,-0.6441980694104429,-0.6399790028339775,-0.6416897686746152,0.034353044771832826,0.6042196947240978,0.7031243696068816,-0.2481385016116273,0.019828314546979142,-0.6434241102256331,-0.630548020016793,-0.3269516157147041,1.388691822416084,-0.5888637177659412,-0.6414917068859374,-0.6404017751755535
-0.48542767761013966,-0.6418109388689375,-0.6427588873702503,-0.6410980738932214,-0.6413357228323373,0.03159038625326903,0.9470043256930666,0.7031243696068816,-0.2481385016116273,0.001965874212767137,-0.642532400079747,-0.6316904750184681,-0.3391633046086222,1.388691822416084,-0.5472884660405647,-0.6410224133973579,-0.6408225638005078
-0.5527156880727105,-0.6408855196414595,-0.6418068680045435,-0.6392717274117897,-0.6405370612811523,0.028682324654781925,1.0612658693493895,0.7031243696068816,-0.2481385016116273,0.06991059306869957,-0.6420272634253411,-0.6328249771134767,-0.38663174685537344,1.388691822416084,-0.560327033937333,-0.6406683849761488,-0.6403532930078957
0.0723331476613961,-0.6397225791907392,-0.6362812298303884,-0.636389157952396,-0.6352977317237218,0.1212002272237968,1.1755274130057125,0.7031243696068816,-0.2481385016116273,0.7460805846050184,-0.6407412587872984,-0.6336040856109638,-0.2907422644685583,1.388691822416084,-0.5140993841215191,-0.6398697627236537,-0.6399992817082057
-0.020228663879553785,-0.6330290484111422,-0.6356450631876995,-0.6327617918282581,-0.6365547316908791,-0.05953580112218365,1.2897889566620355,0.7031243696068816,-0.2481385016116273,-0.23856279529109217,-0.6387730579369715,-0.6342421605164847,-0.6143036260021679,1.388691822416084,-0.5608307967878898,-0.6346306909710319,-0.6392006980786727
4.859544701552279,-0.6589983400000059,-0.6576298402926856,-0.6617507038273157,-0.662627875114446,-0.061052147527109274,1.4040505003183585,0.7031243696068816,-0.2481385016116273,-3.941182878529516,-0.6417612160630596,-0.6356890368181278,1.394574324614404,1.388691822416084,-0.4680198998499858,-0.6358876290866425,-0.6339618796979904
2.6513278244329226,-0.6373711190806419,-0.6377382566571921,-0.6364266791949523,-0.6346152557590208,0.08322925149497856,-1.6810111784023618,0.9997408114869851,-0.2481385016116273,4.800411012609919,-0.6406821080702542,-0.635582609117332,3.4205480593617628,-0.7201021737567175,-0.5377021553255548,-0.6619594895632837,-0.6352187570255716
0.7903429551053989,-0.6323895681947211,-0.6345261950671779,-0.6376151645529256,-0.6405187643383989,-0.16408061558779927,-1.5667496347460388,0.9997408114869851,-0.2481385016116273,-0.9238338885553202,-0.640514601614907,-0.6357345127052826,3.494695118794936,-0.7201021737567175,-0.46558998492377035,-0.6339482485880292,-0.6612893566151381
0.09954013768215253,-0.638857453812238,-0.6418068680045435,-0.6423550355188601,-0.6443126354183123,-0.1031567250994922,-1.4524880910897158,0.9997408114869851,-0.2481385016116273,-0.630407659965483,-0.6409404344318596,-0.636289281681127,3.523124795301193,-0.7201021737567175,-0.5116250195320182,-0.639851466681214,-0.6332794703192599
0.4073863227987939,-0.6445698392312117,-0.6481123233536072,-0.651047769388109,-0.6522224037705986,-0.15286380656506315,-1.3382265474333928,0.9997408114869851,-0.2481385016116273,-1.2829872622488747,-0.6426119656460368,-0.6371042243179182,3.609724906591972,-0.7201021737567175,-0.4790285997900976,-0.6436451510810958,-0.6391824029210661
1.9426702208169282,-0.6563243991521991,-0.6594856981002493,-0.6620977753209623,-0.6643477877332636,-0.160902519698024,-1.2239650037770697,0.9997408114869851,-0.2481385016116273,-2.02569754569999,-0.6467674343828241,-0.6382946117030158,3.6918151790739553,-0.7201021737567175,-0.4933562079221152,-0.6515545302277987,-0.642975903850818
1.1009537146323822,-0.6624935561543308,-0.6637202659630846,-0.6689763571126102,-0.6712942220495844,-0.1783508892889472,-0.8811803728081009,0.9997408114869851,-0.2481385016116273,-1.2686404682275985,-0.6517367489366449,-0.6397738216367819,3.701472822907137,-0.7201021737567175,-0.4550257816165024,-0.6636793175526198,-0.6508849004842001
0.8531697746108494,-0.6681392529221634,-0.664309143921254,-0.6662870220523818,-0.6638290694062053,0.11951770587038656,-0.7669188291517779,0.9997408114869851,-0.2481385016116273,1.3142307651763596,-0.6519085739177938,-0.6409298180741324,3.038765518300852,-0.7201021737567175,-0.5072837690845717,-0.6706254100648701,-0.663009101430169
0.9913854127834897,-0.6624387435643518,-0.6650586249589239,-0.669745542585016,-0.667439971058585,-0.0920853191566801,-0.652657285495455,0.9997408114869851,-0.2481385016116273,-0.6825460273727157,-0.6566039892442389,-0.6420553232515608,0.34900659924192323,-0.7201021737567175,-0.46510103862764113,-0.663160624749453,-0.6699548580155577
0.12665477081093207,-0.666750667309363,-0.6669983532635603,-0.668957596491332,-0.6702759971853588,-0.05843489208847098,-0.538395741839132,0.9997408114869851,-0.2481385016116273,-0.5587133851632687,-0.6608606161763255,-0.6431357824286813,0.3511950552027521,-0.7201021737567175,-0.5097581336740721,-0.6667713487249373,-0.6624904337120188
-0.04782477931640593,-0.6646376419656743,-0.6671527106677471,-0.6670937287673441,-0.6662808597351584,-0.015769474064951074,-0.424134198182809,0.9997408114869851,-0.2481385016116273,0.674175045939399,-0.6640030634515184,-0.6440440719236431,0.6167216083721279,-0.7201021737567175,-0.5417618912388661,-0.6696072353030982,-0.6661009830657036
-0.23369636314318884,-0.6658188532797208,-0.6663853848434658,-0.6655140844557205,-0.6657868422808171,0.02230536100667076,-0.08134956721384012,0.9997408114869851,-0.2481385016116273,0.035234228242480785,-0.6659433901807604,-0.6449052888088762,0.550425663524008,-0.7201021737567175,-0.5539707320876586,-0.6656122944363793,-0.6689367324947441
0.3817856365491604,-0.6617755112256063,-0.6580010118541983,-0.6606963569114814,-0.6554188796696141,0.16577665715489398,0.03291197644248285,0.9997408114869851,-0.2481385016116273,1.7795930664835735,-0.6646661534587397,-0.6451583079244436,0.5091529007584868,-0.7201021737567175,-0.49083739366933,-0.6651183012905061,-0.6649419848313183
0.22119788855360717,-0.6516041216118446,-0.6548335622307121,-0.6584685331346967,-0.6583518795929809,-0.13209193800443983,0.14717352009880583,0.9997408114869851,-0.2481385016116273,-0.5387091282663943,-0.6628148145339009,-0.6453417160770267,0.24024151410936204,-0.7201021737567175,-0.473427942216259,-0.6547508488420227,-0.664448015575937
-0.3799723360172838,-0.659588488885446,-0.6617930290090761,-0.6602217131931434,-0.6631520825243303,-0.05953580112218365,0.2614350637551288,0.9997408114869851,-0.2481385016116273,-0.8624341974995083,-0.6627179748644033,-0.6456905385470324,0.16974464081546592,-0.7201021737567175,-0.5613049265295904,-0.6576837044451144,-0.6540810645180929
0.3527302078875711,-0.6607459480771682,-0.6625906909705963,-0.666162263920882,-0.6655370890122333,-0.08737010499341857,0.3756966074114518,0.9997408114869851,-0.2481385016116273,-0.46683697920494116,-0.6624457768744646,-0.6457568639462589,0.12546857683398632,-0.7201021737567175,-0.48071768699490647,-0.6624836711791824,-0.657013778282449
-0.3441103716628797,-0.6648322266600997,-0.6672303354895057,-0.666731648776675,-0.6649570759269513,0.018711827745683224,0.7184812383804207,0.9997408114869851,-0.2481385016116273,0.04999420811886762,-0.6616849311468183,-0.6462594016702123,0.05595483386052572,-0.7201021737567175,-0.5487701214833794,-0.6648685603112033,-0.6618135128805703
2.1388123741863065,-0.6628900338885119,-0.6457746563075415,-0.6607845318314891,-0.6447151681588866,0.43414919895814397,0.8327427820367437,0.9997408114869851,-0.2481385016116273,3.5055782938376434,-0.6586000642156508,-0.6459584808774258,1.4491526254370808,-0.7201021737567175,-0.2864133922242055,-0.6642885757658635,-0.6641982866746053
2.2120734659802386,-0.6402460394250382,-0.6419023376129132,-0.6460067904506596,-0.6481549933965222,-0.1588253328419621,0.9470043256930666,0.9997408114869851,-0.2481385016116273,-0.5887214319609521,-0.6560779142829147,-0.6460002413139757,1.5460498551271673,-0.7201021737567175,-0.4555295444670593,-0.6440476640147702,-0.6636183301784726
2.4761768750083766,-0.6303980440921523,-0.6320520154035365,-0.6364520060336779,-0.6320774697991269,-0.017701257841088936,1.0612658693493895,0.9997408114869851,-0.2481385016116273,2.503757213359183,-0.6527390395159438,-0.6454802624665219,1.790965652219936,-0.7201021737567175,-0.44287620698542296,-0.6474873199934428,-0.6433783973181657
3.7042348966876255,-0.6358610322267216,-0.6208097998384867,-0.6329250092333784,-0.6222950093560322,0.3286281066701784,1.1755274130057125,0.9997408114869851,-0.2481385016116273,1.3727258274388137,-0.6475812801998576,-0.6447494548268974,1.7027947804033172,-0.7201021737567175,-0.31189786584061596,-0.6314105875016361,-0.6468178869482278
1.3023864126991076,-0.6180652113468867,-0.6164913614785789,-0.6205111061336007,-0.6198862168425497,-0.021315562970637785,1.5183120439746816,0.9997408114869851,-0.2481385016116273,0.28156306925372976,-0.6413923092680415,-0.6439304282650611,1.4271765541174615,-0.7201021737567175,-0.43626802371047013,-0.6216286084112249,-0.6307419319592088
0.3089408011697721,-0.6235948881325972,-0.6219991548661225,-0.6231629199512728,-0.6229052123968574,0.03586939117675773,1.6325735876310044,0.9997408114869851,-0.2481385016116273,-0.4658637321610388,-0.6352940273780658,-0.6430104704128279,1.4268776110859558,-0.7201021737567175,-0.485844214827045,-0.6192199344240321,-0.6209604259447796
0.028659140601379047,-0.6210680277345673,-0.6195606647757035,-0.6188854982998457,-0.6183794636068088,0.0811728365074765,1.7468351312873274,0.9997408114869851,-0.2481385016116273,0.5769035009508215,-0.6286313272522215,-0.6422264489228056,1.3488004720433138,-0.7201021737567175,-0.5129140597672671,-0.6222387814265905,-0.6185518684458559
0.0992937287510432,-0.6175837740982384,-0.6160871770618352,-0.6153678818101853,-0.6141345728880246,0.09833039993855174,-1.6810111784023618,1.2963572533670886,-0.2481385016116273,0.5248717628532366,-0.624256922343719,-0.6412858257957208,0.4128447953273524,-0.7201021737567175,-0.5107952924840424,-0.6177132553291189,-0.6215705694509635
0.06565391705536264,-0.6142466009116861,-0.6152779159890178,-0.6115003797336865,-0.6128354899525347,0.051946817442680114,-1.5667496347460388,1.2963572533670886,-0.2481385016116273,0.12074457929420088,-0.619204639748734,-0.6403173521422018,0.20344757143836337,-0.7201021737567175,-0.5584453315249581,-0.6134685734830974,-0.617045262216943
0.06954237139638869,-0.6162198541509286,-0.6183980769279843,-0.6182354427725565,-0.6158910793923491,0.02743601254114523,-1.2239650037770697,1.2963572533670886,-0.2481385016116273,-0.45690834762173593,-0.6168892555968168,-0.6394633205085515,-0.46272402527249806,-0.7201021737567175,-0.5038759615660983,-0.6121695544698753,-0.6128007856521855
-0.12909267474133906,-0.6170904607884278,-0.6155161438902772,-0.6145142735420277,-0.6160987496925999,0.0425163891161571,-1.109703460120747,1.2963572533670886,-0.2481385016116273,-0.08022766747536947,-0.6160029108920785,-0.6386430656985814,-0.8976189860955988,-0.7201021737567175,-0.5147957621796414,-0.6152249935573131,-0.611501829462109
-0.014849664694115998,-0.6144905169370924,-0.6141001600726793,-0.611568856001352,-0.6117678633428749,0.08173367695861351,-0.9954419164644239,1.2963572533670886,-0.2481385016116273,0.5301081896565764,-0.6148416200446183,-0.6378533021485334,-0.8372411302250186,-0.7201021737567175,-0.5378058712065515,-0.6154326536390042,-0.61455712078243
-0.06809013613837742,-0.6113479284449655,-0.6102956515671737,-0.6067914637928612,-0.6097917935255098,0.05514568520101599,-0.8811803728081009,1.2963572533670886,-0.2481385016116273,0.20800263058593127,-0.6129658094735687,-0.6369550228758623,-0.9923509088162104,-0.7201021737567175,-0.550088794827484,-0.6111019803935159,-0.6147647708212661
-0.4372846747852296,-0.611042805027416,-0.6124227501312274,-0.6087988502696274,-0.6103352127252852,0.03586939117675773,-0.7669188291517779,1.2963572533670886,-0.2481385016116273,-0.12325777927353682,-0.6118151186439857,-0.6351998562926296,-1.0396181080841493,-0.7201021737567175,-0.5537040341079515,-0.6091260078100231,-0.6104343070157572
-0.09842443830214954,-0.6114264931572688,-0.6149326193680914,-0.6181097466099925,-0.6220635530302019,-0.2217017789749676,-0.424134198182809,1.2963572533670886,-0.2481385016116273,-1.587077943455383,-0.6129493205568705,-0.6347785671827284,-0.37412143465555114,-0.7201021737567175,-0.4483138824605523,-0.6096694002704837,-0.6084584299942322
-0.3760913024379337,-0.6206898208637125,-0.6179546339806963,-0.6169465880907449,-0.6175195072974,0.0920988393703646,-0.30987265452648605,1.2963572533670886,-0.2481385016116273,0.5768156265696281,-0.6136193463782583,-0.6340066132306209,-0.26214421129884796,-0.7201021737567175,-0.5168700797995817,-0.6213971634743621,-0.6090017961751515
-0.4486895430574563,-0.6148796863259431,-0.6165208053764872,-0.6138510855798436,-0.6143056493027688,0.03296132957827062,-0.19561111087016309,1.2963572533670886,-0.2481385016116273,0.38285803138303587,-0.6133925583414487,-0.6329994497608864,-0.24823734221610527,-0.7201021737567175,-0.5419545064464326,-0.6168533413344508,-0.6207289922010547
-0.5289587947449976,-0.6151053314880232,-0.6156464108325388,-0.6126691664393178,-0.6115977017752685,0.09957671205218843,-0.08134956721384012,1.2963572533670886,-0.2481385016116273,0.3087362828346361,-0.6127487054037088,-0.6316359100951231,-0.23068065773736277,-0.7201021737567175,-0.5461031416863127,-0.6136396414799089,-0.6161853898094275
-0.04685828395388738,-0.6133632046698586,-0.6114118429697035,-0.6088673265372928,-0.608016990078432,0.1412658522533591,0.03291197644248285,1.2963572533670886,-0.2481385016116273,0.4190223512288721,-0.6122121612889255,-0.6297452063303232,-0.2528462291306942,-0.7201021737567175,-0.5358352694676081,-0.6109318271988263,-0.6129718453758083
0.4184754556251557,-0.606572838314632,-0.6048387158214716,-0.6040148918436892,-0.6085293044755266,-0.02476369315170129,0.3756966074114518,1.2963572533670886,-0.2481385016116273,-0.11864856063604992,-0.6120315683917545,-0.6276385458373938,-0.25905865611146006,-0.7201021737567175,-0.5033277490522571,-0.6073512916933675,-0.6102641620500148
0.1012090657442135,-0.6154588726933874,-0.614921020256794,-0.6161023601332264,-0.612176800013413,0.09446683238627528,0.48995815106777474,1.2963572533670886,-0.2481385016116273,-0.5256339106463255,-0.6122949984656713,-0.6259048735965032,-0.20906374450544207,-0.7201021737567175,-0.4798286937292177,-0.6078635808816805,-0.606683799706381
-0.5146018508471278,-0.6092157186947841,-0.6129580937295631,-0.6136953724232347,-0.6178488522669608,-0.17627370243288532,0.6042196947240978,1.2963572533670886,-0.2481385016116273,-0.8010119544858078,-0.6116921060908405,-0.6242403824317501,-0.6931634812078488,-0.7201021737567175,-0.48525155264991954,-0.6115108969420443,-0.6071960641193689
-0.6028234583400179,-0.619968121762323,-0.6222373827673819,-0.6211058178281194,-0.6253871926813535,-0.10294900641388571,0.8327427820367437,1.2963572533670886,-0.2481385016116273,-1.0747159595616442,-0.6128175400877031,-0.6227337211521932,-0.529659523543513,-0.7201021737567175,-0.5222929387202829,-0.6171826700983662,-0.6108432037882673
0.09783924707397482,-0.6256594956884713,-0.6170507955388396,-0.6214491371975102,-0.6130852432211183,0.30577905125349386,1.1755274130057125,1.2963572533670886,-0.2481385016116273,1.6794179253624244,-0.6126429669537711,-0.6209482475462585,0.12369130541862979,-0.7201021737567175,-0.4307414489087716,-0.6247206395835423,-0.6165147026463483
-0.2043395326271521,-0.6164939171008234,-0.6166100293095431,-0.6148829197501441,-0.6143541362010653,0.06856431229117821,1.2897889566620355,1.2963572533670886,-0.2481385016116273,-0.22053622089621094,-0.6130372614459277,-0.6192219447941707,0.10461617709838884,-0.7201021737567175,-0.5271379520182868,-0.6124192954491778,-0.624052307580314
-0.6192886170917137,-0.6128762861622121,-0.6158248586986508,-0.610687106801277,-0.6119453436875827,0.04100004271123147,1.4040505003183585,1.2963572533670886,-0.2481385016116273,0.2689227723942664,-0.6135991932578494,-0.6177627860111894,0.07968849113812736,-0.7201021737567175,-0.580373832078614,-0.6136881259923743,-0.6117515583634405
-0.8121809971675473,-0.6122614716112815,-0.6162888231505417,-0.6123502358775885,-0.6160310510044126,-0.06574658982180949,1.5183120439746816,1.2963572533670886,-0.2481385016116273,-0.5910333950019283,-0.6146722814874159,-0.6163423170444235,0.11611548128972689,-0.7201021737567175,-0.5618086893801477,-0.6112794520051815,-0.6130203275434661
-0.3392325526337028,-0.6154095413624064,-0.6138503330601226,-0.6131541284993589,-0.6103535096680386,0.13474348552532392,1.6325735876310044,1.2963572533670886,-0.2481385016116273,0.7109634573496046,-0.6144114687018639,-0.6145701699307408,0.19834329424789265,-0.7201021737567175,-0.5086172589831043,-0.6153649582819772,-0.6106117700445423
0.15781062190715844,-0.6043437929888211,-0.6052848354867515,-0.6045645780471401,-0.6054682259528861,-0.005944380235776384,-1.4524880910897158,1.5929736952471922,-0.2481385016116273,0.5870075159031113,-0.6126404805298244,-0.612554000619071,0.09698443884808047,1.388691822416084,-0.5020535253714364,-0.6096876963129233,-0.6146970787381214
0.18278041952849922,-0.6067491521457311,-0.6036904038030416,-0.6045645780471401,-0.6047299443127871,0.06551084761276708,-1.3382265474333928,1.5929736952471922,-0.2481385016116273,0.04213256678626669,-0.6096855619659692,-0.6105325191342221,-0.26578838232261237,1.388691822416084,-0.47557634260833986,-0.6048026529815107,-0.6090200913327581
0.07100001216231745,-0.6067738178112216,-0.6044639753026366,-0.6053403297369933,-0.6026806867244086,0.11260067363969897,-1.109703460120747,1.5929736952471922,-0.2481385016116273,0.20898354149612183,-0.6081972409373277,-0.6091216612091035,-0.850249558426547,1.388691822416084,-0.47616900478546587,-0.6040644076690668,-0.6041352842517658
0.7503266154594277,-0.5988625339909254,-0.5972609271870298,-0.6010319530604572,-0.6057884224510702,-0.137845745595733,-0.9954419164644239,1.5929736952471922,-0.2481385016116273,-0.4449420646247052,-0.6069719573893482,-0.6076996569321702,-0.7754578853022724,1.388691822416084,-0.4246073953755194,-0.602015250915815,-0.6033970746423348
-0.1619079642444615,-0.6043437929888211,-0.6052964345980487,-0.6038648068734638,-0.6014063046616357,0.08628271617338969,-0.652657285495455,1.5929736952471922,-0.2481385016116273,0.5091669142781219,-0.6054643992912254,-0.6066702007588068,-0.7328343317211091,1.388691822416084,-0.5132992901823985,-0.6051228337242063,-0.601348016990383
-0.2133581614486722,-0.5983080132889715,-0.6016150551201602,-0.5994185396305329,-0.6004237588357791,-0.028648032572536862,-0.538395741839132,1.5929736952471922,-0.2481385016116273,0.07109216604465952,-0.603231852316054,-0.6059361075554244,-0.9576834259287219,1.388691822416084,-0.5223966546012803,-0.6007409315598866,-0.6044554495098833
-0.45098601483019307,-0.5986067419043569,-0.601769412524347,-0.5963352315234626,-0.6005216474795098,-0.024078221489200108,-0.424134198182809,1.5929736952471922,-0.2481385016116273,-0.06456912556458153,-0.6018254524132306,-0.6052861493492087,-1.0547280070479075,1.388691822416084,-0.573661932922664,-0.5997584340808721,-0.6000737592630755
-0.01829455818197773,-0.5981618463823611,-0.5984797261125742,-0.5953409185957185,-0.5943070908733242,0.10690918165408825,-0.30987265452648605,1.5929736952471922,-0.2481385016116273,0.725205747422989,-0.6002289065107047,-0.6043262734326263,-0.988659961404089,1.388691822416084,-0.5347388444399251,-0.5998563179079248,-0.599091309299595
-0.20794069571064044,-0.5952083613256616,-0.5982245456640342,-0.5968539627018045,-0.6010641518321475,-0.11366729059116733,-0.19561111087016309,1.5929736952471922,-0.2481385016116273,-0.8748730667056559,-0.5997045327868178,-0.6037450971219048,-0.6536102349132723,1.388691822416084,-0.506602207580877,-0.5936420670932644,-0.5991891883927909
0.04055069438686011,-0.603126039948122,-0.6054632833528634,-0.6096430782271458,-0.6116095947880581,-0.1730748346745487,0.14717352009880583,1.5929736952471922,-0.2481385016116273,-1.37492709123017,-0.6009817695088385,-0.6036603480006711,-0.24745145709114552,1.388691822416084,-0.42480001058308536,-0.6003987955662633,-0.5929752381116707
-0.06721971424296559,-0.610105509738776,-0.6138797769580311,-0.6160151232442828,-0.618556029104379,-0.17209855685220027,0.2614350637551288,1.5929736952471922,-0.2481385016116273,-0.9667771447049693,-0.6028081133297936,-0.6038523538901909,-0.1416947631436284,1.388691822416084,-0.46391571427338957,-0.610943719626412,-0.5997316398158299
0.15047614671714793,-0.6179857330914174,-0.6165805854116346,-0.6184849590355562,-0.6210325203060489,-0.04914986684187198,0.3756966074114518,1.5929736952471922,-0.2481385016116273,-0.3893572617977745,-0.6056155476942925,-0.604024922752993,-0.30523179318320326,1.388691822416084,-0.469753436718079,-0.6178898121386625,-0.610276053902459
0.2978410637157064,-0.6244088550937849,-0.6265263772293814,-0.6296606611309736,-0.6317609326894935,-0.14669456160255773,0.48995815106777474,1.5929736952471922,-0.2481385016116273,-1.5301808864592177,-0.6100981774766793,-0.6045506129542692,-0.1577386676572103,1.388691822416084,-0.458389139471691,-0.6203661814828823,-0.6172218104878477
0.10231772010544896,-0.6302884189121943,-0.6305824972261048,-0.6293042093266878,-0.6290831751175363,0.0477924437305556,0.6042196947240978,1.5929736952471922,-0.2481385016116273,0.3371113384813267,-0.6141837646141266,-0.6051317892649907,-0.03360378453182505,1.388691822416084,-0.5313754865847365,-0.6310940659674286,-0.6196980600699163
-0.3506036000722478,-0.6326636311446159,-0.6359180884228507,-0.6400878144373909,-0.6439521856460707,-0.23580587772763098,0.9470043256930666,1.5929736952471922,-0.2481385016116273,-2.1851041649276715,-0.621285253134329,-0.606278358897914,-0.10460556909764834,1.388691822416084,-0.4496473723590855,-0.6284164401563714,-0.6304254257326127
0.12942696420029023,-0.6408855196414595,-0.6285009028679096,-0.6407791433314921,-0.6252289241265367,0.3762580012796874,1.1755274130057125,1.5929736952471922,-0.2481385016116273,2.85494757423926,-0.6247419058777157,-0.6067782558883799,1.6459532225338054,1.388691822416084,-0.3155575547843683,-0.6432847190450327,-0.6277479294168703
0.20827090932553252,-0.6288020841805982,-0.6313551764863694,-0.6361452698757795,-0.631303509120659,-0.03641671141421096,1.2897889566620355,1.5929736952471922,-0.2481385016116273,-0.906765835870679,-0.6275590242091644,-0.6070883885421701,1.5779264199690233,1.388691822416084,-0.43614949127504477,-0.6245623788164385,-0.6426154892459658
0.4593982803338821,-0.6268169548801936,-0.6229868638050519,-0.6255708456923283,-0.6204836120234476,0.16411490767004433,1.4040505003183585,1.5929736952471922,-0.2481385016116273,1.5175266071375137,-0.6278347555383957,-0.6071878766410097,1.8238289656385047,1.388691822416084,-0.4642120453619523,-0.6306366649064349,-0.6238940544670161
-0.21413381067827275,-0.6178706266524615,-0.621220229930544,-0.6212868578234539,-0.6211358980326056,-0.054114343427861866,1.7468351312873274,1.5929736952471922,-0.2481385016116273,-0.14193825898553036,-0.6278495432176568,-0.6074171291551878,1.8123549855172019,1.388691822416084,-0.5025424716675652,-0.61981730020969,-0.6299680467924449
0.7739119888448979,-0.6371701395840524,-0.6355433479040157,-0.6378337257908165,-0.634968386754161,0.07064149914724083,-1.5667496347460388,-1.6698071654339466,0.19593449990651204,-1.9587421864387562,-0.6283083538680058,-0.6082015498258535,1.951056787580931,-0.7201021737567175,-0.47902859979009815,-0.6204695541226669,-0.619149205341715
-0.09255001965190221,-0.6366220136842629,-0.638951702146753,-0.6387220412083388,-0.6409212970789733,-0.07698417071310691,-1.4524880910897158,-1.6698071654339466,0.19593449990651204,-0.9327675650343019,-0.630001739440029,-0.6093059598415835,1.9835691767812675,-0.7201021737567175,-0.5215965606621601,-0.6343013622071164,-0.6198014277103944
-0.011867298981164603,-0.6372313469761957,-0.6338364940646554,-0.6353760844033738,-0.6303520680974832,0.17684806309770684,-1.3382265474333928,-1.6698071654339466,0.19593449990651204,1.5616682855193533,-0.6280563089984758,-0.6100384256161887,1.7487716185644364,-0.7201021737567175,-0.48950390377079683,-0.6402539796148884,-0.6336325668610695
0.017787786689042923,-0.6276574145932045,-0.6226897481079755,-0.6259826413293846,-0.6198185181543622,0.19832617518939044,-0.9954419164644239,-1.6698071654339466,0.19593449990651204,1.4684759466495236,-0.6272823768290053,-0.6102949145327342,1.1602260676945109,-0.7201021737567175,-0.4527736653434238,-0.629685270699568,-0.6395848963884138
-0.08402977116671176,-0.6153309766501033,-0.6183650640727537,-0.6201865473854881,-0.6195806578985682,-0.07654796147333412,-0.8811803728081009,-1.6698071654339466,0.19593449990651204,-0.019756296867253238,-0.6256054801736803,-0.6103530413756674,1.028643172689344,-0.7201021737567175,-0.472509315841714,-0.619152239067005,-0.6290166985968958
-0.3753736317803589,-0.6192646935242597,-0.6186666409664828,-0.6174034092188687,-0.6176411819667099,0.056932065897229094,-0.7669188291517779,-1.6698071654339466,0.19593449990651204,0.2129418510165115,-0.6251988844262092,-0.6100930519519405,0.7767586302350579,-0.7201021737567175,-0.5214780282267347,-0.6189143905152883,-0.6184841763627109
-0.25960180855347037,-0.6199352342083355,-0.617544203888639,-0.6172036086022561,-0.6137137432046968,0.161352249151482,-0.652657285495455,-1.6698071654339466,0.19593449990651204,0.47979667004982235,-0.6241371814010296,-0.6101141471136389,0.7931765608987627,-0.7201021737567175,-0.5059947288493228,-0.616975010016675,-0.6182463393138237
-0.4481329859317606,-0.6152514983946337,-0.6157481261162226,-0.6128380120308214,-0.6123167716254763,0.08657352233323845,-0.538395741839132,-1.6698071654339466,0.19593449990651204,0.13341364262743627,-0.6208969784054115,-0.6100457643987882,0.006271527323771482,-0.7201021737567175,-0.5451252490940558,-0.6130477645069831,-0.6163070526075121
-0.4114110060923083,-0.6150751845635347,-0.6192635490786271,-0.6158209508140535,-0.6201606709838504,-0.0955334493377436,-0.19561111087016309,-1.6698071654339466,0.19593449990651204,-1.0883700293333056,-0.6179272721622951,-0.6103215061048315,0.09011749045660959,-0.7201021737567175,-0.556385830459446,-0.6116508616667083,-0.6123799970272311
-0.25992347813095923,-0.6195698169418092,-0.6155161438902772,-0.6155085864697717,-0.6140430881742577,0.14556562904540765,-0.08134956721384012,-1.6698071654339466,0.19593449990651204,0.786775946371047,-0.6155943521783338,-0.6102547815249616,-0.16954406586323253,-0.7201021737567175,-0.49909021448580737,-0.6194943750606283,-0.6109831617439585
-0.5146319551056796,-0.6136135154974293,-0.6136121051588632,-0.609880400086315,-0.6130550532655753,0.03256666407561898,0.03291197644248285,-1.6698071654339466,0.19593449990651204,0.0792475389956264,-0.6146268715342867,-0.6103454569434411,-0.5768750236323796,-0.7201021737567175,-0.5563710139050179,-0.6133770932708985,-0.6188262958099565
-0.703445951462768,-0.6127419953167638,-0.6139101130952701,-0.6094742326356422,-0.6122865816699333,0.030198671059707576,0.14717352009880583,-1.6698071654339466,0.19593449990651204,0.049529639443620294,-0.6135834895276606,-0.6105743102769755,-0.5798354176780373,-0.7201021737567175,-0.5677353111514059,-0.6123891069791523,-0.612709309864152
3.090821901981483,-0.6268781622723368,-0.6284054332595397,-0.6372521465311927,-0.6397621857555467,-0.27221896331440315,0.2614350637551288,-1.6698071654339466,0.19593449990651204,-3.6808600047221263,-0.6167477911606996,-0.6117501429216873,1.356320705412072,-0.7201021737567175,-0.36968242811038327,-0.6116206731966828,-0.6117213713533896
0.8558364172665197,-0.6379503054480863,-0.6397850536814956,-0.6398973941314173,-0.6417995503311356,-0.06672286764415944,0.7184812383804207,-1.6698071654339466,0.19593449990651204,-0.3614908357032356,-0.6207653288006622,-0.6130631401767438,1.2458445017924733,-0.7201021737567175,-0.5168700797995817,-0.6390949253263304,-0.6109529747339075
0.9414941330174962,-0.6454532354730392,-0.647815207656531,-0.6485338461368317,-0.6487093907619497,-0.05301343439414845,0.8327427820367437,-1.6698071654339466,0.19593449990651204,-1.112591473405539,-0.6259711153582425,-0.6145037524129043,1.1931460837803591,-0.7201021737567175,-0.5138030530329558,-0.6411321896519964,-0.6384258981540284
0.101145512309493,-0.6512204334819918,-0.6483023703310166,-0.6500384479633424,-0.6463188951912205,0.13239626437797308,0.9470043256930666,-1.6698071654339466,0.19593449990651204,0.32892691440978794,-0.6297129216689737,-0.6160112120537483,1.284561544296997,-0.7201021737567175,-0.4981271384479775,-0.6480416900793673,-0.640463063953536
-0.06389449447428516,-0.6443021710834811,-0.6454240062506316,-0.6436185633619461,-0.6429458537946348,0.05167678315139192,1.0612658693493895,-1.6698071654339466,0.19593449990651204,0.4783975429683996,-0.6338473212344244,-0.6174384363852502,1.1984989271677693,-0.7201021737567175,-0.5517334323690085,-0.6456513121346141,-0.6473722302237113
-0.19273025272278346,-0.6452038381886349,-0.6460539272180067,-0.6447442006386375,-0.6433483865352091,0.0630389952540528,1.4040505003183585,-1.6698071654339466,0.19593449990651204,-0.11448368099569108,-0.6381806347155998,-0.6188758858824661,1.1712978041964612,-0.7201021737567175,-0.5444140544815044,-0.6422784367108465,-0.6449819678823941
-0.5284379167405485,-0.6437659212448535,-0.6454017002673675,-0.6422115167660819,-0.6426896965960874,0.04529981950328075,1.5183120439746816,-1.6698071654339466,0.19593449990651204,0.049609984360395584,-0.6425296519269639,-0.6204998141525998,1.17131067041214,-0.7201021737567175,-0.5735878501505229,-0.6426809496445209,-0.6416092555775965
0.5848815019864955,-0.6406114566915646,-0.6391899300480123,-0.6380278982210458,-0.6357917491780631,0.130194446310547,1.6325735876310044,-1.6698071654339466,0.19593449990651204,1.0113055095644838,-0.641961700351803,-0.6216654216315974,-0.39408547535611554,-0.7201021737567175,-0.5365168309713028,-0.64202229211669,-0.6420117490449442
0.9474610943884769,-0.6402761863495267,-0.6376650930320862,-0.6408354251953267,-0.6368593757877229,0.09833039993855101,1.7468351312873274,-1.6698071654339466,0.19593449990651204,-0.210920413196751,-0.6412550324933081,-0.6225129128439353,-0.419868258670376,-0.7201021737567175,-0.4668493920501624,-0.6351246841169051,-0.6413531233711025
-0.03400636715485202,-0.6375848881815599,-0.6349669612964742,-0.6348948744675882,-0.6336940046913881,0.10900714037871144,-1.6810111784023618,-1.3731907235538432,0.19593449990651204,0.42056166707676285,-0.6391071547967377,-0.6230210083906943,-0.9187224303497812,-0.7201021737567175,-0.5158773706528961,-0.6361922581932643,-0.6344558489533717
-0.019054969453545872,-0.6329806306233274,-0.6354425248596625,-0.6359079480166104,-0.633279578938024,0.01372657929113353,-1.3382265474333928,-1.3731907235538432,0.19593449990651204,0.00855652935184619,-0.6372419442435654,-0.6234320723348814,-0.8958623900709247,-0.7201021737567175,-0.5077727153807005,-0.633027042851188,-0.6355233713997234
-0.13228725689420512,-0.6332784456955464,-0.6311954656461993,-0.6294233392718044,-0.6281198410815708,0.137651547123811,-1.2239650037770697,-1.3731907235538432,0.19593449990651204,0.7040488385744145,-0.635121155481571,-0.623309861645566,-0.8369747154453767,-0.7201021737567175,-0.5396727570644982,-0.6326126374899277,-0.632358309133762
-0.44882241061834854,-0.628954645889373,-0.6301247784495279,-0.6273127693780082,-0.6306384152515736,-0.017846660921013693,-1.109703460120747,-1.3731907235538432,0.19593449990651204,-0.41181004850214015,-0.6333030561189652,-0.6233620621912536,-0.7306918141937627,-0.7201021737567175,-0.5552301392140506,-0.6274531535219188,-0.6319439238139699
-0.17371013439806957,-0.6327851323857357,-0.6357994205918862,-0.63520723881187,-0.6365602207737052,-0.06520652123923454,-0.9954419164644239,-1.3731907235538432,0.19593449990651204,-0.9085655188903327,-0.6324262645167581,-0.6231139560682214,-0.4071123064900181,-0.7201021737567175,-0.5247673033097833,-0.62997160376375,-0.6267846893688768
-0.2994700550691006,-0.6367261576052228,-0.6401151822338025,-0.6380213320035985,-0.6376031465106478,0.0007233895721835515,-0.8811803728081009,-1.3731907235538432,0.19593449990651204,-0.20788594957837445,-0.632685376064873,-0.6235292881746735,-0.6838304616185059,-0.7201021737567175,-0.5519853137942864,-0.6358931178993745,-0.6293030178134409
-0.06180745171011561,-0.6338210903363382,-0.6334795983324316,-0.6305170834923228,-0.6333097688935672,0.032151226704406746,-0.538395741839132,-1.3731907235538432,0.19593449990651204,0.5916374292798812,-0.6321776221221025,-0.6235966268786102,-0.5767043549056793,-0.7201021737567175,-0.560327033937333,-0.6369359923184401,-0.6352242455728536
-0.36444671506983145,-0.6310192534452471,-0.6337231796696743,-0.6310677077268376,-0.6339382688771458,-0.04582636787217265,-0.424134198182809,-1.3731907235538432,0.19593449990651204,-0.1444747814464797,-0.6322125629217727,-0.6240482230112134,-0.6270779015503944,-0.7201021737567175,-0.555674635846895,-0.6326428259599534,-0.6362670695564362
-0.43041978886287613,-0.6333643187531801,-0.6369593317216136,-0.6336003915993932,-0.6361576880331307,-0.04289753440512499,-0.30987265452648605,-1.3731907235538432,0.19593449990651204,-0.3788030349888509,-0.632624262381555,-0.6245524188701477,-0.6027285883554006,-0.7201021737567175,-0.5694095818017861,-0.6332712950177586,-0.6319741108240211
-0.4191792055999728,-0.6388273068877495,-0.6405166899325543,-0.6364576342200614,-0.6388418495350516,0.020373577230532902,-0.19561111087016309,-1.3731907235538432,0.19593449990651204,-0.45182890925510344,-0.6341579933633259,-0.6246824289351128,-0.8451146232752496,-0.7201021737567175,-0.5833519595186712,-0.6354906049657,-0.6326025494878116
-0.6598407010426532,-0.6381448901425115,-0.6397850536814956,-0.6346444201735244,-0.6363351683778385,0.061771911271854794,-0.08134956721384012,-1.3731907235538432,0.19593449990651204,0.32616424014209955,-0.6349728860957051,-0.6245284987377415,-0.7516817670089895,-0.7201021737567175,-0.5998427845971973,-0.638174634391611,-0.6348217521055058
-0.6180840750921279,-0.6368905953751597,-0.6376766921433835,-0.6336623016496112,-0.6377010351543784,0.0022397359771091974,0.3756966074114518,-1.3731907235538432,0.19593449990651204,-0.2558104181139141,-0.6351360740252503,-0.6247751616692164,-0.9826487035594664,-0.7201021737567175,-0.5803441989697573,-0.6356680765773656,-0.6375056517264107
-0.05828469597328344,-0.6381997027324905,-0.6407959608430195,-0.6377089676593165,-0.6395792163280128,-0.010638822530477333,0.48995815106777474,-1.3731907235538432,0.19593449990651204,-0.3341838847291604,-0.6354187411686484,-0.6254384156614806,-0.9620722374901388,-0.7201021737567175,-0.568224257447534,-0.6370338761454928,-0.634999215134291
0.2665179667386366,-0.639782873039716,-0.6426161290773609,-0.6430238516674276,-0.6464899716059646,-0.13155186942186414,0.6042196947240978,-1.3731907235538432,0.19593449990651204,-1.0999727381946687,-0.6373041048422294,-0.6263416079266872,-0.9048239184038064,-0.7201021737567175,-0.5144994310910787,-0.6389119649019329,-0.6363649486496321
-0.3187401130712972,-0.6442409636913379,-0.6466249603895646,-0.6420239105533001,-0.6443675262465725,0.018005584214622228,0.7184812383804207,-1.3731907235538432,0.19593449990651204,0.28194656324325035,-0.6387959592101635,-0.6272386589512245,-0.7858494711719314,-0.7201021737567175,-0.5968646571571395,-0.6458223801314258,-0.6382429465779613
-0.22911105096531514,-0.6421580852721376,-0.6428159906874061,-0.6389593630675079,-0.6418910350449024,0.026875172090007518,1.0612658693493895,-1.3731907235538432,0.19593449990651204,0.3331012647269759,-0.6396160865192725,-0.628184410014268,-0.6904909188720286,-0.7201021737567175,-0.582018469620138,-0.643700039208415,-0.6451530276060169
0.2090558499929577,-0.6456240680451403,-0.6433477653284196,-0.644106339515179,-0.6424463472574676,0.09307511719271307,1.1755274130057125,-1.3731907235538432,0.19593449990651204,-0.13757853196531622,-0.6401316923271374,-0.6291956881152508,-0.7202716139918672,-0.7201021737567175,-0.509550701912078,-0.641223669864195,-0.6430307893236381
0.687098405839953,-0.6398011439030423,-0.6348509701835015,-0.6367390435392343,-0.6321506575701406,0.19444183576855412,1.2897889566620355,-1.3731907235538432,0.19593449990651204,1.5330955754253406,-0.6395331184781083,-0.6295981236162979,-0.11953797207464244,-0.7201021737567175,-0.4848218725715027,-0.6417789547522414,-0.6405545397415695
0.4124666951725479,-0.6293629996847163,-0.6326471390370196,-0.6303229110620935,-0.6290163912764865,0.028266887283569696,1.4040505003183585,-1.3731907235538432,0.19593449990651204,0.4044289331640117,-0.6382908225557579,-0.6301006920464548,-0.12471448428253115,-0.7201021737567175,-0.5495702154224991,-0.6314837716713952,-0.6411097977749333
2.862157882715484,-0.6366585554109155,-0.64030255249322,-0.6421486686848,-0.6443181245011383,-0.15327924393627612,-1.6810111784023618,-1.0765742816737396,0.19593449990651204,-2.2464215909474037,-0.63896870024224,-0.6311500151333828,0.7068531910581163,1.388691822416084,-0.4899039507403569,-0.6283496596014664,-0.6308151125896357
1.7880942189226705,-0.6420301892288532,-0.6451384896648525,-0.6478518975533694,-0.6500697684556634,-0.16173339444044918,-1.3382265474333928,-1.0765742816737396,0.19593449990651204,-0.9472376734926286,-0.6394807727108125,-0.6324181813315547,0.6680409872520899,1.388691822416084,-0.48012502481778097,-0.6436506398938278,-0.6276811520916058
2.096738910205961,-0.651848037637251,-0.6540608829704475,-0.655781074136596,-0.6554490696251571,-0.06063671015589705,-1.2239650037770697,-1.0765742816737396,0.19593449990651204,-0.9169642542705327,-0.6410659334089515,-0.6329447006003212,0.7087950441448181,1.388691822416084,-0.5030462345181219,-0.6494020008347624,-0.6429813923981
0.5338399422178123,-0.6552098764892936,-0.6555437847378374,-0.6530983052938151,-0.6556320390526911,0.011649392435071642,-1.109703460120747,-1.0765742816737396,0.19593449990651204,-0.08267458093811239,-0.6430315169709135,-0.6334089783949062,0.6574367324292585,1.388691822416084,-0.5700466936421964,-0.6547810373120483,-0.6487324751917704
0.3649824429008207,-0.6537728730886787,-0.6536442072030763,-0.6531864802138225,-0.6554188796696141,-0.01618491143616404,-0.9954419164644239,-1.0765742816737396,0.19593449990651204,-0.016934037395425566,-0.6448871744215543,-0.6336341776902424,0.6662358431409525,1.388691822416084,-0.5371094931484287,-0.6549639977364459,-0.654111251528144
0.25257004432239105,-0.6549476896005609,-0.6531151092800545,-0.6521602742299055,-0.6508135391785883,0.11509329786697384,-0.8811803728081009,-1.0765742816737396,0.19593449990651204,0.7113805000094012,-0.6475568085536467,-0.6337850372672792,0.28454727181292117,1.388691822416084,-0.5445325869169297,-0.6547508488420227,-0.6542942031042112
-0.013810510287808801,-0.6509226184097727,-0.6497299532599117,-0.6492777047705118,-0.6466784301163244,0.11746129088288525,-0.538395741839132,-1.0765742816737396,0.19593449990651204,0.6151784474492173,-0.6500832770121848,-0.6339103185769291,0.3500713951906612,1.388691822416084,-0.5338498511742364,-0.6501457349599382,-0.6540810645180929
0.007697111771316412,-0.6491138029404673,-0.6516393454273091,-0.6489278191836736,-0.6512892596901763,-0.028357226412688806,-0.424134198182809,-1.0765742816737396,0.19593449990651204,-0.7792793440853516,-0.6510804638791723,-0.6341768484219686,-0.340353234582097,1.388691822416084,-0.5710838524521669,-0.6460108293685551,-0.6494761733484832
-0.11684209979831409,-0.6506905784455286,-0.6493079240565571,-0.6479016131997567,-0.6478741353252578,0.08503640405975224,-0.30987265452648605,-1.0765742816737396,0.19593449990651204,0.5004731813329854,-0.6507663892753967,-0.634350860476328,-0.4304806746032379,1.388691822416084,-0.548577506275813,-0.6506214320633718,-0.6453414677293661
-0.07404873521531595,-0.6454833823975276,-0.6472852174941787,-0.64440650945563,-0.6472639322844325,-0.019508410405863347,-0.19561111087016309,-1.0765742816737396,0.19593449990651204,0.044531330513979075,-0.6495955453254049,-0.6347359162662815,-0.7136939238475278,1.388691822416084,-0.570194859186478,-0.6472064757419927,-0.6499518474462578
1.3585456840330161,-0.6509280996687707,-0.6542241627679398,-0.6530926771074315,-0.6561260565070324,-0.0969251645313058,-0.08134956721384012,-1.0765742816737396,0.19593449990651204,-1.4541724663958755,-0.6496662121112544,-0.6353825889087391,-0.1392765214855439,1.388691822416084,-0.5482219089695378,-0.646596302726627,-0.6465370562789647
0.5237289995770442,-0.6555022103025148,-0.6575995041554465,-0.6575323781329149,-0.6597488511722015,-0.0751770181483325,0.2614350637551288,-1.0765742816737396,0.19593449990651204,-0.6556275129974076,-0.6502855934027835,-0.6362571015800208,-0.07631306436756746,1.388691822416084,-0.5341461822627996,-0.6554579908823192,-0.6459269127727808
0.8042132134900143,-0.6606792594260272,-0.6604252261153284,-0.6599337376565231,-0.6609811502666417,0.014557454033557992,0.3756966074114518,-1.0765742816737396,0.19593449990651204,-0.2620639362684345,-0.651740020547101,-0.6371868854173245,-0.2614385174048995,1.388691822416084,-0.5431398308006842,-0.6590806072853891,-0.6547881723595925
-0.10492640066307274,-0.659345486403206,-0.6594321637404157,-0.6581580448525426,-0.6572421700149885,0.06912515274231518,0.48995815106777474,-1.0765742816737396,0.19593449990651204,0.5888528819248643,-0.6532511119845162,-0.6381643559884239,-0.27221583576902003,1.388691822416084,-0.5546967432546376,-0.6603128457437062,-0.6584106135657216
-0.2816589262455445,-0.657573212660553,-0.6585515235211535,-0.6568129083068964,-0.6569860128164411,0.03464385093168087,0.6042196947240978,-1.0765742816737396,0.19593449990651204,-0.009384248938538077,-0.6540660047168956,-0.6390486946447763,-0.3307391905863392,1.388691822416084,-0.5613197430840186,-0.6565740494711437,-0.6596427924305338
0.23699351868424343,-0.6575850887217151,-0.6607223418124047,-0.6595960464735157,-0.662774250656473,-0.09650972716009283,0.7184812383804207,-1.0765742816737396,0.19593449990651204,-1.0211964842692838,-0.6561973934967676,-0.6399285501954401,-0.350301309828779,1.388691822416084,-0.5534077030193894,-0.6563179048769873,-0.6559041769736019
0.5126015736382612,-0.665423289088706,-0.6664451648786134,-0.6655619240399798,-0.6652809318136861,0.02479798523394563,1.0612658693493895,-1.0765742816737396,0.19593449990651204,-0.48696355488745785,-0.6587746373495827,-0.6408575356714569,-0.4064788222771361,1.388691822416084,-0.5542077969585084,-0.6621058579028015,-0.6556480447671079
-0.01946527934788176,-0.6625428874853118,-0.6622337952383726,-0.6593268315581737,-0.660798180839108,0.061086439609353615,1.1755274130057125,-1.0765742816737396,0.19593449990651204,0.7372093254367234,-0.6594429619335336,-0.6417801649633811,-0.4558025812165599,1.388691822416084,-0.5827592973415452,-0.664612415717047,-0.6614357178759916
0.2426490186707586,-0.6599173644253197,-0.6591939358391563,-0.6569798778362723,-0.6564919953620999,0.0991612746809762,1.2897889566620355,-1.0765742816737396,0.19593449990651204,0.6852928932485776,-0.6589770846045997,-0.6425371649944595,-0.4021153756987534,1.388691822416084,-0.5693503155840737,-0.6601298853193087,-0.6639421544681114
-0.12667857336574234,-0.6547960414349525,-0.656243300372996,-0.6526546166005858,-0.6541801766452102,0.03520469138281786,1.4040505003183585,-1.0765742816737396,0.19593449990651204,0.3334981590017469,-0.6580042385194048,-0.6431420772003671,-0.4142122401401045,1.388691822416084,-0.5886711025583752,-0.655823911731114,-0.6594598408544667
-0.27247342320069395,-0.653857832603146,-0.6563450156566798,-0.6530298290261496,-0.6534245129094958,0.03102954580213277,1.5183120439746816,-1.0765742816737396,0.19593449990651204,0.07207175135960052,-0.6574581413020901,-0.6436315340816954,-0.4816901045142088,1.388691822416084,-0.5844335679919259,-0.6535122067688518,-0.6551540755117267
0.12014147289586283,-0.6514707443095623,-0.6509674892113977,-0.648788990586215,-0.6477396527960204,0.10582904448893615,-1.6810111784023618,-0.7799578397936361,0.19593449990651204,0.8793829767879333,-0.6561354946269401,-0.6440143176126012,-0.3338264455771542,-0.7201021737567175,-0.5621198370231381,-0.6527565802160903,-0.6528424823481184
-0.375268452704184,-0.6480111563387239,-0.6508247309185081,-0.6471643207835237,-0.6497523164988922,-0.018532132583513404,-1.5667496347460388,-0.7799578397936361,0.19593449990651204,-0.3715568804533594,-0.6542727704977146,-0.6444188104292723,-0.6565228393284501,-0.7201021737567175,-0.5854114605841834,-0.6470719998300606,-0.6520868923389613
0.08734569541217212,-0.6486077000263282,-0.6468212530422877,-0.6451062806293065,-0.6461359257636866,0.07714309400671618,-1.4524880910897158,-0.7799578397936361,0.19593449990651204,0.5278917841734091,-0.6515341708172098,-0.6446388817886501,-0.8782133765067658,-0.7201021737567175,-0.5514371012804453,-0.6490845644984328,-0.6464025868705554
3.0166595407185612,-0.6640959108680489,-0.6616743611781117,-0.6617281910817819,-0.6607917769091441,0.09654401924233791,-1.3382265474333928,-0.7799578397936361,0.19593449990651204,-2.3559531635074284,-0.651533254766282,-0.6451189118655514,0.4817320445778192,-0.7201021737567175,-0.5355389383790453,-0.6454683517102165,-0.6484150542072938
1.0362035674972323,-0.6592413424822459,-0.6587594152851738,-0.6582762367665951,-0.6564124036611226,0.08559724451088924,-1.2239650037770697,-0.7799578397936361,0.19593449990651204,0.6978000422537824,-0.6515218695618953,-0.6455231897387991,0.4845138923276399,-0.7201021737567175,-0.5416581753578693,-0.6601234817044548,-0.644799016306327
0.5422449644853934,-0.6544726471540767,-0.6557498920231967,-0.6555690791161526,-0.657486434200746,-0.04721808306573411,-0.8811803728081009,-0.7799578397936361,0.19593449990651204,-0.23148979378875592,-0.6519948135694139,-0.6460466383872309,0.4631741858749882,-0.7201021737567175,-0.5344425133513624,-0.6557443239465011,-0.6594534375493043
-0.2886605821326766,-0.6581514854848309,-0.6594143189538045,-0.6560878102944944,-0.6580289385533838,0.02411251357144517,-0.7669188291517779,-0.7799578397936361,0.19593449990651204,-0.14340746228483853,-0.6526534541864148,-0.6465696571488159,0.45705528335612783,-0.7201021737567175,-0.5871005477889918,-0.6568183016377143,-0.6550744915761374
-0.07462554767546929,-0.6550518335215209,-0.6574032115027234,-0.6540353983266606,-0.6557418207092113,0.00556323494680851,-0.652657285495455,-0.7799578397936361,0.19593449990651204,0.33290810690145783,-0.6537981252527587,-0.6473614780144881,0.31887979077419093,-0.7201021737567175,-0.5861226551967338,-0.6573607792960529,-0.6561484173276515
0.4338499977935795,-0.6601914273752145,-0.662091036945483,-0.6585951673283243,-0.6604011371813595,0.01663464088962061,-0.538395741839132,-0.7799578397936361,0.19593449990651204,-0.8264677279995194,-0.6553213870810702,-0.648414885026461,0.3704382508653013,-0.7201021737567175,-0.5919455610869956,-0.6550737739910844,-0.6566908687506906
-0.13216702568875432,-0.6590220921223301,-0.661228241512832,-0.6578259818559187,-0.6608402638074407,-0.019923847777076332,-0.424134198182809,-0.7799578397936361,0.19593449990651204,-0.12736412072545886,-0.6574247708754389,-0.648969439058882,0.25434180702329934,-0.7201021737567175,-0.5897675275860581,-0.6597328611983662,-0.6544039740498515
0.48052941333235305,-0.659990447878625,-0.6630546554224872,-0.6629541976823116,-0.6616453292885894,-0.01618491143616329,-0.08134956721384012,-0.7799578397936361,0.19593449990651204,-0.19026491269966678,-0.6575468673776568,-0.6493579646498134,-0.7945968960621854,-0.7201021737567175,-0.5390949114418003,-0.6601719662169202,-0.659062835934401
-0.03347006536361408,-0.6617444507579516,-0.6594143189538045,-0.6591457915628393,-0.6573885455570154,0.12034858061281176,0.03291197644248285,-0.7799578397936361,0.19593449990651204,0.6806327940303706,-0.6576864997119186,-0.6494230618009061,-0.8039101385451127,-0.7201021737567175,-0.538798580353237,-0.660976992084269,-0.6595019197169621
-0.43272164966955123,-0.6562631917600559,-0.6595392324600828,-0.6567603785673175,-0.6586876284925056,-0.033778684107011334,0.14717352009880583,-0.7799578397936361,0.19593449990651204,-0.27030032238972473,-0.6578583246930675,-0.6495256205200802,-0.7990267770602233,-0.7201021737567175,-0.5785513958839522,-0.6567204178106616,-0.6603069066516575
-0.29456417589769324,-0.6584072775713994,-0.6595088963228438,-0.6560005734055508,-0.6574498403152393,0.04307722956729409,0.2614350637551288,-0.7799578397936361,0.19593449990651204,0.15699233794889078,-0.6577754875163216,-0.6495937882915075,-0.785598489962884,-0.7201021737567175,-0.5900490421201927,-0.6580194368238839,-0.6560505382344556
0.8650460780497143,-0.6597657162597113,-0.6625781996199684,-0.660546271941256,-0.6638592593617484,-0.07156271301878439,0.7184812383804207,-0.7799578397936361,0.19593449990651204,-1.128159255566198,-0.6589366474993635,-0.6500316587512152,-0.5484513511591704,-0.7201021737567175,-0.5692169665942202,-0.6567817095528349,-0.6573494944245324
0.6434751300304584,-0.6651556209409755,-0.6650050905990903,-0.6647552173250177,-0.663158486454294,0.06690256280632854,0.8327427820367437,-0.7799578397936361,0.19593449990651204,0.0700033588357264,-0.6593310728559385,-0.6505848002982821,-0.6540347300451272,-0.7201021737567175,-0.5430361149196868,-0.6631908132194786,-0.6561118270124382
0.4107639462768053,-0.6629019099496739,-0.665171939353905,-0.6633481707291535,-0.6663540475061718,-0.056897773814984766,0.9470043256930666,-0.7799578397936361,0.19593449990651204,-0.607731992798141,-0.6601197927046699,-0.6510904393487736,-0.5908916582534675,-0.7201021737567175,-0.5680316422399686,-0.6624900747940362,-0.6625206207220697
2.6716147373906476,-0.6682918146309381,-0.6689309436535521,-0.6708083317804253,-0.6730809185094521,-0.0870792988335698,1.0612658693493895,-0.7799578397936361,0.19593449990651204,-1.2451746617077568,-0.6617555979326678,-0.6519364873695541,-0.3347081189715311,-0.7201021737567175,-0.5126177286787038,-0.6656854786061382,-0.6618199161857327
2.7325256624166583,-0.6734688637544506,-0.6762597975147678,-0.6801511211769635,-0.6806988506248219,-0.1423324692048271,1.1755274130057125,-0.7799578397936361,0.19593449990651204,-1.463350060219466,-0.6650900233094186,-0.6530587069832244,-0.4384192331900584,-0.7201021737567175,-0.4867480246471619,-0.6724120186091115,-0.6650151654617451
1.717057497343956,-0.6799486254331296,-0.6778658283097749,-0.6795010656496743,-0.6768381957038587,0.09265967982150085,1.5183120439746816,-0.7799578397936361,0.19593449990651204,0.7007432122421593,-0.6676863733672965,-0.6537538954269682,-0.08718537561759637,-0.7201021737567175,-0.5236856948365288,-0.6800295758789007,-0.6717413801558532
0.37172208024129805,-0.6761729515267458,-0.6777284234528688,-0.6764806056238858,-0.6785334074499594,-0.03168072538238849,1.6325735876310044,-0.7799578397936361,0.19593449990651204,-0.3743316134347281,-0.6707022747500515,-0.6543843859002626,-0.1844090039100659,-0.7201021737567175,-0.5691132507132234,-0.6761691109241138,-0.6793585690254083
0.6053802597266218,-0.678127933902662,-0.6802329392537493,-0.6799203655352417,-0.6813877305194866,-0.05203715657179886,-1.6810111784023618,-0.48334139791353253,0.19593449990651204,-0.6008176425057761,-0.6732096370035267,-0.6550693184720888,-0.2608706773448107,-0.7201021737567175,-0.5563710139050179,-0.6778642392561565,-0.6754982907703918
1.9907310873314685,-0.674065407442055,-0.6759921257156,-0.6760303507132093,-0.6752344686715248,-0.004698068122138959,-1.5667496347460388,-0.48334139791353253,0.19593449990651204,1.153739035292246,-0.6749370473242923,-0.6556732173732861,0.1883525520364621,-0.7201021737567175,-0.5473921819215618,-0.6807184218767571,-0.6771933371226538
3.021602585641267,-0.6750766997271667,-0.670353173146464,-0.6724217452103496,-0.6685679775793308,0.1696609965757303,-1.4524880910897158,-0.48334139791353253,0.19593449990651204,1.2003279264437745,-0.6752537392164327,-0.6560619579076409,0.49405432657388565,-0.7201021737567175,-0.5107508428207581,-0.6745654628042699,-0.680047381709301
0.6294617958919275,-0.6713247779431072,-0.669318175523015,-0.6692887214568921,-0.6683786042218334,0.0886507091893011,-1.109703460120747,-0.48334139791353253,0.19593449990651204,-0.018268418583355824,-0.6745810961066799,-0.6562500641093358,0.2439145411541043,-0.7201021737567175,-0.5430509314741154,-0.6678992997413478,-0.6738947202061634
0.4989115815360275,-0.667195562831359,-0.6699962774142402,-0.6714152378787748,-0.6734285604217664,-0.11989885115935447,-0.9954419164644239,-0.48334139791353253,0.19593449990651204,-0.9594560674564436,-0.673541116574928,-0.6565235335563314,-0.002132440345581488,-0.7201021737567175,-0.5207223839508995,-0.6677099357020964,-0.6672288795321575
-0.236035203872406,-0.6732002820635538,-0.6739283761440159,-0.6719780565171205,-0.6747825341855165,-0.014107724580101403,-0.8811803728081009,-0.48334139791353253,0.19593449990651204,-0.3036940335999697,-0.6732470642271433,-0.6569929085806718,-0.04712180607375525,-0.7201021737567175,-0.5771290066588498,-0.6727596434154669,-0.667039524650928
-0.1366276467710214,-0.6762094932533984,-0.6780442761758868,-0.6765162508043144,-0.6765271476770511,0.014702857113483497,-0.7669188291517779,-0.48334139791353253,0.19593449990651204,-0.3791535193042258,-0.6729600785579432,-0.6576653744339398,-0.046365202426045866,-0.7201021737567175,-0.5737952819125173,-0.6741135505560082,-0.6720889881503809
-0.08144509138123852,-0.6775798080028724,-0.6790489376620968,-0.6770931399086186,-0.6780274969828284,0.01179479551499567,-0.652657285495455,-0.48334139791353253,0.19593449990651204,-0.3367169615300775,-0.6724794135497484,-0.6584657930365485,-0.10037596014193922,-0.7201021737567175,-0.5813665412252996,-0.6758580782026381,-0.6734428298132776
0.6296216086225112,-0.6822936907410628,-0.6847119806931579,-0.6842972184794432,-0.685657322110988,-0.05425974650778552,-0.30987265452648605,-0.48334139791353253,0.19593449990651204,-1.5134068360039563,-0.6739703518667547,-0.6595476646990229,-0.05636814185181299,-0.7201021737567175,-0.5616160741725815,-0.6773583536826975,-0.6751872730910776
-0.03608876420010925,-0.6839435496994294,-0.6835047808789109,-0.6821087920073424,-0.6824251671736034,0.056641259737380684,-0.19561111087016309,-0.48334139791353253,0.19593449990651204,0.6007256049558712,-0.6759525552098333,-0.6607118596926668,-0.39935744196731676,-0.7201021737567175,-0.576136297512164,-0.6849878033800724,-0.6766874760148281
-0.027993332640844897,-0.6839316736382673,-0.6847298254797692,-0.6838282029474885,-0.6826447304866439,0.05138597699154314,-0.08134956721384012,-0.48334139791353253,0.19593449990651204,-0.09567764758100832,-0.6779932549478651,-0.6618158705277534,-0.4136838488467912,-0.7201021737567175,-0.5693206824752172,-0.6817558074830908,-0.6843165567368276
0.006811823575385174,-0.6838284432604735,-0.6855863752371062,-0.683046823071252,-0.6848522566298393,-0.0010837629925908629,0.03291197644248285,-0.48334139791353253,0.19593449990651204,-0.4888565807943386,-0.6796273589384259,-0.6631153570533377,-0.4957253385236728,-0.7201021737567175,-0.5958867645648821,-0.6819753599923678,-0.6810847171456017
1.9214783218150842,-0.6884144299553797,-0.6907970529275738,-0.6940405471402707,-0.6954031886685759,-0.13637094292792853,0.14717352009880583,-0.48334139791353253,0.19593449990651204,-2.1718053239799655,-0.6825770429255514,-0.6642770648445104,0.11452389689095976,-0.7201021737567175,-0.5087654245273863,-0.6841827775127235,-0.6813042590368822
2.4305615149292805,-0.7000831168187334,-0.7004573281595414,-0.7025888242256775,-0.6988613108489649,0.05043047103775447,0.48995815106777474,-0.48334139791353253,0.19593449990651204,-0.8039434884056048,-0.6857718359680403,-0.6657018326797448,0.10431418925686135,-0.7201021737567175,-0.5341609988172278,-0.6947331903856041,-0.6835115698021322
1.9618458778108265,-0.703152621857555,-0.6996239766247988,-0.7020954198860612,-0.699032387263709,0.11633960998061163,0.6042196947240978,-0.48334139791353253,0.19593449990651204,-0.09053692968036002,-0.6887764830108267,-0.667096293492277,0.14534494856184907,-0.7201021737567175,-0.5281158446105443,-0.6981911424067166,-0.6940614724360433
2.0884490893788215,-0.7023368278100348,-0.7016823727603996,-0.704759428107564,-0.7065643237481379,-0.07322446250363479,0.7184812383804207,-0.48334139791353253,0.19593449990651204,-1.7368792246515194,-0.6917671275608615,-0.6687253496983694,0.22121252073544886,-0.7201021737567175,-0.5202186211003427,-0.6983622104035282,-0.6975192572237123
3.549424750560187,-0.7052355002767553,-0.7043439226834586,-0.7082357712304124,-0.7048810050148269,0.030904914590768946,0.8327427820367437,-0.48334139791353253,0.19593449990651204,0.3482784208271365,-0.6949793255709761,-0.6703746719986697,0.11506588378304715,-0.7201021737567175,-0.5095062522487933,-0.7058937762738505,-0.697690316947335
1.2431851122328297,-0.7018919322880389,-0.7040378845930766,-0.7066533128255972,-0.7078451097408746,-0.1124209784775299,0.9470043256930666,-0.48334139791353253,0.19593449990651204,-0.747782085958398,-0.6985841168358103,-0.6719670957041708,0.030551129005983592,-0.7201021737567175,-0.529419701400221,-0.7042105403693936,-0.7052215185761386
0.5326376301633045,-0.7071475461238547,-0.7070001191705342,-0.7072170694950066,-0.7090225180070545,-0.01965381348578775,1.4040505003183585,-0.48334139791353253,0.19593449990651204,-0.3356201332424486,-0.7020415547657064,-0.6735842993157718,0.053392651141835445,-0.7201021737567175,-0.5697059128903491,-0.7071744992446329,-0.7035383640763209
0.8403215743869439,-0.7096451731405625,-0.7085526156057077,-0.7089740016777091,-0.7083153411696365,0.05319312955631718,1.5183120439746816,-0.48334139791353253,0.19593449990651204,0.11956544832412984,-0.7038885751647433,-0.6751507455732425,-0.33496542216366176,-0.7201021737567175,-0.5677353111514056,-0.7083518495756307,-0.7065021796086085
0.08917146294471293,-0.708640275657615,-0.7086329171454582,-0.7077358006733486,-0.7093152690911086,0.007640421802871146,1.6325735876310044,-0.48334139791353253,0.19593449990651204,-0.2938940866157792,-0.7053839628719698,-0.6768936296751369,-0.3652010384724901,-0.7201021737567175,-0.5886266528950909,-0.7076447075353345,-0.7076794730006004
0.550073929996431,-0.7108629261812616,-0.7100212415438086,-0.7095621471547803,-0.7111815572519534,0.01580376614719577,1.7468351312873274,-0.48334139791353253,0.19593449990651204,-0.5071204368682607,-0.7071218423461947,-0.6786555516231054,-0.39047188333328586,-0.7201021737567175,-0.582833380113686,-0.7086445862546666,-0.706972365159101
1.0439470517802831,-0.7106135288968574,-0.7119493707371477,-0.7140065383355834,-0.7149571313891134,-0.07559245551954547,-1.4524880910897158,-0.18672495603342898,0.19593449990651204,-0.9875970010501668,-0.7083223925191269,-0.6805857435654078,-0.8207756233792494,1.388691822416084,-0.5446511193523549,-0.710510782583521,-0.7079721955223078
1.1820381846860732,-0.7132993458058263,-0.7076068419153146,-0.7123696741290613,-0.7060337124082898,0.18808564398900354,-1.3382265474333928,-0.18672495603342898,0.19593449990651204,2.2346053819417393,-0.7084872816861091,-0.6820012995396384,0.4258278097239685,1.388691822416084,-0.49839383642768426,-0.714286170940963,-0.7098383015981926
1.12689168007505,-0.7025926198966033,-0.7032652053328122,-0.7047162786786241,-0.7042104220629156,-0.013962321500177018,-1.2239650037770697,-0.18672495603342898,0.19593449990651204,0.3796397153992052,-0.7079673573524422,-0.683379179002364,0.356946680689156,1.388691822416084,-0.5471847501595677,-0.7053631910430977,-0.7136135073703379
2.3777768814246953,-0.69908461413795,-0.6974826022314561,-0.6984933806006488,-0.6985017759238609,0.03589016304531829,-1.109703460120747,-0.18672495603342898,0.19593449990651204,1.279576442838935,-0.7064624165426843,-0.6844581949879273,0.49429863057169937,1.388691822416084,-0.5494516829870739,-0.703539990413977,-0.7046909590055438
1.5901197940142742,-0.6987429489937478,-0.6975753951218342,-0.6974305914052394,-0.6993864331059868,0.008035087305522798,-0.9954419164644239,-0.18672495603342898,0.19593449990651204,-0.24934897976827733,-0.7051851798206636,-0.6853411211589256,0.5341689814595991,1.388691822416084,-0.56777976081469,-0.6978316251727755,-0.7028678465500349
0.5832090431780612,-0.695545547911642,-0.6939493344824404,-0.6939842652764362,-0.69427518214783,0.05138597699154314,-0.652657285495455,-0.18672495603342898,0.19593449990651204,1.0940724960956634,-0.7030337687848008,-0.6857968012165738,0.5490703628136141,1.388691822416084,-0.5620013045877132,-0.6987162388247373,-0.6971597573767403
0.7817669703818444,-0.6901291504785547,-0.6915938226497634,-0.6911767383021551,-0.6917017171495672,-0.01333916544335831,-0.538395741839132,-0.18672495603342898,0.19593449990651204,0.5021510622461582,-0.7002472727272203,-0.6862956849023293,0.3807717103529076,1.388691822416084,-0.5672315483008488,-0.6936052393691936,-0.6980443282470248
1.440343748900223,-0.6878114914656112,-0.6901189510363486,-0.6939908314938834,-0.6964827082910254,-0.17459118107947513,-0.424134198182809,-0.18672495603342898,0.19593449990651204,-1.0624174942887077,-0.6976045966652853,-0.6868981406119692,0.4196353388165993,1.388691822416084,-0.49829012054668725,-0.6910319010000432,-0.6929335759695895
0.13410204405613366,-0.6954669831993389,-0.6951627799720014,-0.6949222963403455,-0.6936466821642514,0.06386986999647762,-0.30987265452648605,-0.18672495603342898,0.19593449990651204,0.569291522704228,-0.695832692442318,-0.6873096037367998,-0.13825590270413404,1.388691822416084,-0.5673352641818455,-0.6958126568895493,-0.6903603620522054
-0.0024556423396624285,-0.6949371281628757,-0.6941224289125689,-0.693114710480192,-0.6930309900406002,0.06580165377261549,-0.19561111087016309,-0.18672495603342898,0.19593449990651204,0.0796906617605768,-0.6942335292514275,-0.6879069315104811,-0.12457258915415931,1.388691822416084,-0.5786106621016643,-0.6929767703113884,-0.6951408867348395
0.905019689470276,-0.6923609364338645,-0.6879659775317084,-0.6906945903353057,-0.6868649203327111,0.14722737853025805,0.14717352009880583,-0.18672495603342898,0.19593449990651204,1.2636025473152483,-0.6925689338514168,-0.6885210555773925,-0.13101842634821523,1.388691822416084,-0.5146031469720757,-0.6923611084832908,-0.6923051373057989
0.9791634678575483,-0.6842970909047936,-0.6833620225860214,-0.685511030676142,-0.6870414858302812,-0.04013487588656192,0.2614350637551288,-0.18672495603342898,0.19593449990651204,-0.08831589828828472,-0.6908030493916886,-0.6891474621256422,-0.16500761304769557,1.388691822416084,-0.5200260058927769,-0.6861953421810958,-0.691689505252333
-0.16194624496829899,-0.6864959893061161,-0.6875073665158008,-0.6864490617400515,-0.6860113679532659,0.03325213573811904,0.3756966074114518,-0.18672495603342898,0.19593449990651204,0.15790863410092315,-0.6896209511017283,-0.689569795246457,-0.31594914289991083,1.388691822416084,-0.5740471633377956,-0.6863718989906394,-0.6855240371388707
0.8207761181676252,-0.6877804309979564,-0.6880248653275254,-0.6893944792807272,-0.6901647739582831,-0.03184690033087347,0.48995815106777474,-0.18672495603342898,0.19593449990651204,-0.8936689849384334,-0.6894010988790854,-0.6900860893495094,-0.12900628856861912,1.388691822416084,-0.5361167840017429,-0.6853418318012816,-0.6857005854097755
0.14038638855462013,-0.6919096461097045,-0.6908327425007962,-0.6899254048629,-0.6887979923346057,0.09307511719271344,0.6042196947240978,-0.18672495603342898,0.19593449990651204,0.23312235898902672,-0.6883018377658708,-0.6904979516549834,-0.43741113084149114,1.388691822416084,-0.5743583109807867,-0.6894950334351043,-0.6846705680365176
-0.3151367076541472,-0.6876342640913459,-0.6886440794229337,-0.6864734505477131,-0.6877129836293302,0.0204982084418967,0.9470043256930666,-0.18672495603342898,0.19593449990651204,0.17198577329431747,-0.6874530511491674,-0.690823038229803,-0.4815598149106046,1.388691822416084,-0.5925382232641214,-0.6881283190648552,-0.6888235688132414
-0.23498880214459558,-0.6869344900259479,-0.6889527942313073,-0.6874302422329008,-0.6900787783273423,-0.04912909497331178,1.0612658693493895,-0.18672495603342898,0.19593449990651204,-0.5375370506187442,-0.6870307516715074,-0.6909714413105721,-0.380372564055866,1.388691822416084,-0.5825518655795511,-0.6870433637481781,-0.68745692054002
0.19708829224607113,-0.6894193274383271,-0.6878285726748022,-0.6882997970291448,-0.6903779333413601,0.0005779864922591687,1.1755274130057125,-0.18672495603342898,0.19593449990651204,-0.1147649908610626,-0.6875332710375484,-0.6912383703362551,-0.9156937191474984,1.388691822416084,-0.5501480610451968,-0.6894090420356375,-0.6863720176939418
-0.2056949675770099,-0.6899427876726263,-0.6904044676221276,-0.6887688125610997,-0.6882005971537078,0.06191731435177882,1.2897889566620355,-0.18672495603342898,0.19593449990651204,0.4031298196384288,-0.6876990762554582,-0.6914248491091727,-0.8122312014586869,1.388691822416084,-0.5855151764651805,-0.6897081823295275,-0.6887375815724899
-0.11061126159311374,-0.6890045788408198,-0.689054509514991,-0.6866113411141078,-0.6878227652858505,0.04916338705555647,1.4040505003183585,-0.18672495603342898,0.19593449990651204,0.025441834475726226,-0.6879581878035731,-0.6915245521514357,-0.8300231725509909,1.388691822416084,-0.597175804800131,-0.6875309532791974,-0.6890367073993596
0.14705503931011726,-0.6833899425406419,-0.684337240174323,-0.6831847136376467,-0.6855594334672573,-0.02711091429905138,-1.6810111784023618,0.10989148584667455,0.19593449990651204,0.4122421261607057,-0.6872994163221539,-0.6911941534034375,-1.089298428959312,-0.7201021737567175,-0.5729655548645411,-0.6871531400028166,-0.6868595836441608
0.33679782018073995,-0.6841938605269999,-0.686686506331686,-0.6857230256965856,-0.6871576714167652,-0.04512012434111128,-1.5667496347460388,0.10989148584667455,0.19593449990651204,-0.3750209531290773,-0.6870647764202499,-0.6908013289440377,-1.0230127517138148,-0.7201021737567175,-0.5718839463912865,-0.6848899195530197,-0.6864817886395821
1.2551859209385448,-0.6777990583627883,-0.6792987646746536,-0.6780377371899755,-0.680845226166849,-0.0471973111971739,-1.4524880910897158,0.10989148584667455,0.19593449990651204,1.2370668785508836,-0.6860823772325234,-0.6901908896215277,-0.5499832807546013,-0.7201021737567175,-0.5705949061560376,-0.6864880788601317,-0.6842186776436316
-0.07077814910104437,-0.6807342725561614,-0.6829391011433362,-0.6803574880110235,-0.6819430427320519,-0.005383539784639767,-1.2239650037770697,0.10989148584667455,0.19593449990651204,-0.26668919734327634,-0.6849185999611167,-0.6893644935708885,-0.6412992699422502,-0.7201021737567175,-0.5944051091220676,-0.6801759442184186,-0.6858167596605781
-0.2910215364839164,-0.6827623383853829,-0.6848431398747502,-0.6816960583392223,-0.6836263614653628,0.0025097702683970283,-0.8811803728081009,0.10989148584667455,0.19593449990651204,-0.38355374741605586,-0.6839528205545067,-0.688651096348561,-0.574214022248756,-0.7201021737567175,-0.6048804131027666,-0.6812737067648036,-0.679504930286262
-0.23336019892269355,-0.6841445291960189,-0.6855863752371062,-0.682559046918019,-0.6837974378801068,0.030053267979783548,-0.7669188291517779,0.10989148584667455,0.19593449990651204,-0.08639322590017098,-0.6833229701095185,-0.6878439530874194,-0.5864600054897524,-0.7201021737567175,-0.6035913728675177,-0.6829569426692604,-0.6806026397426649
0.3157450945289251,-0.6809900646427299,-0.6808637524604548,-0.6788941595513248,-0.678393435837896,0.08102743342755249,-0.652657285495455,0.10989148584667455,0.19593449990651204,1.0250714857365628,-0.6819741505507206,-0.68681590939941,-0.38510411361812563,-0.7201021737567175,-0.5830556284301082,-0.683128010666072,-0.6822857942424825
0.012601690141428328,-0.6785600398203294,-0.6793406999231897,-0.6772310304750134,-0.6785882982782195,0.021349855052882474,-0.538395741839132,0.10989148584667455,0.19593449990651204,-0.08973622260785387,-0.6809769636837332,-0.685818142027899,-0.3785565024551297,-0.7201021737567175,-0.5840335210223656,-0.6777242745314924,-0.6824568539661052
0.32592572295337785,-0.6775798080028724,-0.6770324767750324,-0.6747855834914015,-0.6746361586434894,0.08879611226922511,-0.424134198182809,0.10989148584667455,0.19593449990651204,0.707407643630298,-0.6791858223912847,-0.6846541619776786,-0.4127428200994836,-0.7201021737567175,-0.5843298521109289,-0.6779191273834757,-0.6770533791669625
0.6603372190060226,-0.6725553205881347,-0.6716558425690807,-0.6715653228490003,-0.6695011216597532,0.09114333341657521,-0.08134956721384012,0.10989148584667455,0.19593449990651204,0.9087005499620622,-0.6775631036051107,-0.6832551873532546,-0.5523551714855859,-0.7201021737567175,-0.5459105264787473,-0.6739671822164901,-0.6772482225954739
0.13052093808976276,-0.6717632786629387,-0.6721849404921026,-0.6696442352301137,-0.6701845124715919,0.057617537559729544,0.03291197644248285,0.10989148584667455,0.19593449990651204,-0.17597664093004597,-0.6758811032374744,-0.6817524257615226,-0.5777572003501582,-0.7201021737567175,-0.5850410467234796,-0.6688323979057749,-0.6732964685524239
0.4307713727847649,-0.6678834608355949,-0.6693413737456094,-0.6662560670272728,-0.6686713553058874,0.003756082382034845,0.14717352009880583,0.10989148584667455,0.19593449990651204,0.22267179632882464,-0.673741862592508,-0.6804983844168897,-0.72651273762748,-0.7201021737567175,-0.5913380823554415,-0.6695157550908994,-0.6681619325700997
-0.4984172935177361,-0.6682616677064497,-0.6708644262828746,-0.6671725233767124,-0.6694764207870362,-0.00592360836721582,0.2614350637551288,0.10989148584667455,0.19593449990651204,-0.197214285533738,-0.6716933109893818,-0.6793325619944685,-0.6908717992989767,-0.7201021737567175,-0.6021541670879879,-0.6680026723811323,-0.6688452567067106
-0.07399818979354993,-0.6678715847744326,-0.6683599104819941,-0.6654615547161415,-0.6666467985902259,0.04945419321540525,0.3756966074114518,0.10989148584667455,0.19593449990651204,0.4595693867231655,-0.6700130118591824,-0.678263371993976,-0.8644668257390178,-0.7201021737567175,-0.5875894940851205,-0.6688076982484813,-0.6673322471726353
-0.11156103236754795,-0.6660079567151482,-0.6670545643413854,-0.6657298316004197,-0.6681718487687202,-0.027547123538824193,0.7184812383804207,0.10989148584667455,0.19593449990651204,-0.323260622023341,-0.6685229895931037,-0.6772156763358251,-0.787023859236057,-0.7201021737567175,-0.5616753403902942,-0.6659782152851742,-0.6681372341073308
-0.4503549403731439,-0.6672503754213379,-0.6680511956736204,-0.6655365972012542,-0.6654327964385391,0.06289359217412804,0.8327427820367437,0.10989148584667455,0.19593449990651204,0.43903930089845805,-0.6672064935456111,-0.6762476018629494,-0.8583727349225347,-0.7201021737567175,-0.5812776418987304,-0.6675031904225273,-0.6653078879834525
0.6738562610408667,-0.6657521646285797,-0.6647258196886252,-0.6632478014053153,-0.6625601764262584,0.09405139501506304,0.9470043256930666,0.10989148584667455,0.19593449990651204,0.4541049320455861,-0.6662136252044256,-0.6752694864615798,-1.0618905484241923,-0.7201021737567175,-0.5622087363497072,-0.6647642728692968,-0.6668327893699721
2.7821586402111267,-0.6813856288337448,-0.6835047808789109,-0.6836405967347067,-0.6845531016158215,-0.04983533850437315,1.0612658693493895,0.10989148584667455,0.19593449990651204,-3.8606530591239183,-0.6682689817573003,-0.6748690775699537,1.408428210668353,-0.7201021737567175,-0.5519408641310024,-0.6618917942062565,-0.6640940042762471
0.479639293588753,-0.6853933427043728,-0.6860262492270721,-0.6857042650753075,-0.6850288221274095,0.03048947721955634,1.1755274130057125,0.10989148584667455,0.19593449990651204,-0.14768536813418,-0.6706088375554283,-0.6745798251344384,1.3706886305870318,-0.7201021737567175,-0.5612160272030218,-0.6838836372188336,-0.6612216645319932
0.3394559023250278,-0.685290112326579,-0.6826482311215739,-0.6833394887631917,-0.680314614827001,0.13517969476509636,1.5183120439746816,0.10989148584667455,0.19593449990651204,0.8958681076472068,-0.6721591883183156,-0.674153008907935,1.5408691685323286,-0.7201021737567175,-0.5424730858514173,-0.6843593343222671,-0.6832124439752625
0.12309243354896696,-0.681751046100271,-0.678234323153296,-0.6794944994322268,-0.6763560712623071,0.1445893512230588,1.6325735876310044,0.10989148584667455,0.19593449990651204,0.7177743525236949,-0.6735480523890948,-0.6738002867501044,1.5874242742596514,-0.7201021737567175,-0.5299086476963499,-0.679645358987666,-0.6836881180730371
0.32177932590975616,-0.6756001599614657,-0.6762597975147678,-0.6766991668617767,-0.6767531149200555,-0.004282630750926726,1.7468351312873274,0.10989148584667455,0.19593449990651204,-0.12749928011394712,-0.6747755606321844,-0.6734549647872802,1.5882854898277172,-0.7201021737567175,-0.5412729449427377,-0.6756870102058264,-0.6789743707156674
0.151060020670048,-0.6758130155192174,-0.6775499755867569,-0.6797515199437381,-0.6814856191632173,-0.10689566144040451,-1.6810111784023618,0.4065079277267781,0.19593449990651204,-0.9507444584897006,-0.6770718385790385,-0.6733030611993297,1.56638655066437,-0.7201021737567175,-0.5144846145366505,-0.6760840343267691,-0.6750162133674549
-0.24346073515309793,-0.6826956497342418,-0.6824519384688508,-0.6813396065349367,-0.6811864641491996,0.05639199731465343,-1.5667496347460388,0.4065079277267781,0.19593449990651204,0.006348764998853976,-0.6797362381344013,-0.6730017105196964,1.5012809136258176,-0.7201021737567175,-0.5708023379180317,-0.6808163057038098,-0.6754132182875207
-0.07773910849050454,-0.6837608410661663,-0.6853677766011192,-0.6834998920751203,-0.6848586605598029,-0.0027662843460011005,-1.2239650037770697,0.4065079277267781,0.19593449990651204,-0.7710801271623416,-0.6797799468500935,-0.6728694896080902,-0.36880747779869943,-0.7201021737567175,-0.5851003129411922,-0.68051716540992,-0.6801452608024969
-0.34980695219316355,-0.6823722554533659,-0.6846941359065468,-0.6835158386032067,-0.683376608196779,-0.0006890974899388381,-1.109703460120747,0.4065079277267781,0.19593449990651204,0.24540217464362188,-0.6795436057107525,-0.6727239422042324,-0.3543760705830778,-0.7201021737567175,-0.573661932922664,-0.6841891811275774,-0.6798461349756273
-0.4961841893509633,-0.6856491347909414,-0.6840579692638579,-0.6834848835780978,-0.6817481802917282,0.11079352107492492,-0.9954419164644239,0.4065079277267781,0.19593449990651204,0.2713625188203939,-0.6797486702541341,-0.6724443315165677,-0.560699243047904,-0.7201021737567175,-0.5635866759115248,-0.6827072016899578,-0.6835179731072946
-0.40366957831416256,-0.6808073560094667,-0.6803516070847136,-0.6792008957092232,-0.6787712677057532,0.06829427799988999,-0.8811803728081009,0.4065079277267781,0.19593449990651204,0.5326380493578446,-0.6800941523182873,-0.6720547619147225,-0.6402426776743035,-0.7201021737567175,-0.5697059128903489,-0.6810788539128202,-0.6820360653411508
-0.6593893229931325,-0.6798307783646749,-0.680851261109827,-0.6784757976968212,-0.6807784423257992,0.0005156708865770701,-0.7669188291517779,0.4065079277267781,0.19593449990651204,-0.4386597171656883,-0.6806699557585425,-0.6718056424869798,-0.6124444510719823,-0.7201021737567175,-0.5894563799430672,-0.6781020878078732,-0.6804077963141533
-0.5171016192794677,-0.6816962335102921,-0.682749054165927,-0.6816397764753878,-0.6844378308764751,-0.040155647755122495,-0.424134198182809,0.4065079277267781,0.19593449990651204,-0.7665343327612698,-0.6810922552362024,-0.6716920295346013,-0.6940302738126979,-0.7201021737567175,-0.5709949531255977,-0.6801091636635136,-0.677431174171541
-0.478995413421485,-0.6842422783148147,-0.6826125415483515,-0.6823902013265153,-0.6807839314086251,0.10069839295446241,-0.30987265452648605,0.4065079277267781,0.19593449990651204,0.6794926920475397,-0.6810346748921768,-0.6715317431531374,-0.5228692888422064,-0.7201021737567175,-0.556874776755575,-0.6837683721514631,-0.6794381529609975
0.39320870365093963,-0.6827806092487091,-0.68528925954003,-0.6891815462292198,-0.6901647739582831,-0.14553133696316334,-0.19561111087016309,0.4065079277267781,0.19593449990651204,-1.8832673523203325,-0.681793688517968,-0.6716326744435342,0.08027996921665258,-0.7201021737567175,-0.49405258598023777,-0.6801146524762455,-0.6830971844823401
0.14593783682608313,-0.6890840570962892,-0.6912012373443172,-0.6923961786852374,-0.6925918634145191,-0.05731321118619736,-0.08134956721384012,0.4065079277267781,0.19593449990651204,-0.5592198033999884,-0.6831118858028977,-0.6720269420944913,0.05150142707940674,-0.7201021737567175,-0.5414507435958755,-0.6894950334351043,-0.6794436415082795
-0.4161150752341646,-0.6916419779619739,-0.6907970529275738,-0.6896008461147872,-0.689968996670822,0.06040096794685318,0.03291197644248285,0.4065079277267781,0.19593449990651204,0.5055620894612752,-0.6842878334652007,-0.672296327616442,0.11117156558541676,-0.7201021737567175,-0.5788921766357993,-0.6919220034647369,-0.6888235688132414
-0.39671976865009195,-0.6870441152059057,-0.6874716769425785,-0.6860485224757622,-0.6857671037675083,0.05126134578017932,0.3756966074114518,0.4065079277267781,0.19593449990651204,0.8239487300799907,-0.6852885536714807,-0.6723681801322706,0.20874962847086226,-0.7201021737567175,-0.5797811699014878,-0.689299265780999,-0.6912504214697719
-0.6087913364661973,-0.6849667180457032,-0.6867221959049085,-0.6842728296717816,-0.6863590098655801,-0.009413282285400469,0.48995815106777474,0.4065079277267781,0.19593449990651204,-0.1720159422345944,-0.6860868266227436,-0.6724541575016382,0.20030337959215283,-0.7201021737567175,-0.5953830017143253,-0.6850975796347109,-0.6886278106268495
0.06562121119421993,-0.6883833694877248,-0.6902144206447184,-0.6886121613734267,-0.6894264923181843,-0.0013745691524396457,0.6042196947240978,0.4065079277267781,0.19593449990651204,-0.6752651632672337,-0.6868004302954054,-0.6728244743139857,0.18317619324092627,-0.7201021737567175,-0.5848336149614858,-0.6856894566076368,-0.6844263276824679
-0.16383630925058626,-0.6879028457822427,-0.6889171046580849,-0.6882247545440321,-0.6886214268370355,0.005978672318021116,0.7184812383804207,0.4065079277267781,0.19593449990651204,0.11488744490356582,-0.6879215457664659,-0.6731612292460766,0.05469795653546841,-0.7201021737567175,-0.5694095818017861,-0.6887567881226605,-0.6850181760310451
0.20684355864691206,-0.6896257881939146,-0.6914332195702627,-0.6927394980546283,-0.6951781362727094,-0.10371756555062919,0.8327427820367437,0.4065079277267781,0.19593449990651204,-1.406084171893869,-0.6886386827784201,-0.673850706335998,-0.22276574123928672,-0.7201021737567175,-0.539880188826492,-0.6879517622553115,-0.6880853592038105
-0.4445398010962177,-0.6935056060212585,-0.6950914008255566,-0.6924018068716209,-0.6929825031423038,0.034353044771832084,1.1755274130057125,0.4065079277267781,0.19593449990651204,0.424056555833038,-0.6886945618850085,-0.6746388424572686,-0.19759506887782388,-0.7201021737567175,-0.6059620215760213,-0.6945081490635953,-0.6872803722691151
-0.3764683489848574,-0.6922019799229256,-0.6928429577125467,-0.6920960087447864,-0.6935433044376949,-0.008021567091838643,1.2897889566620355,0.4065079277267781,0.19593449990651204,-0.17196613539578698,-0.6892058491670716,-0.6754228639472909,-0.280423786555849,-0.7201021737567175,-0.5734545011606699,-0.6923126239708256,-0.6938364419974808
-0.7819654395791741,-0.6934507934312796,-0.6937655331803452,-0.6919205969358354,-0.6926220533700622,0.041290848871080255,1.4040505003183585,0.4065079277267781,0.19593449990651204,0.1450527675284424,-0.6901864162529426,-0.6762267523508778,-0.5151139970911047,-0.7201021737567175,-0.5915455141174356,-0.6928733976716037,-0.6916410230846753
-0.4206255108117555,-0.6902168506225211,-0.6901073519250512,-0.6883626451104268,-0.6888894770483727,0.052507657893816735,1.5183120439746816,0.4065079277267781,0.19593449990651204,0.7417819315231012,-0.6905483872337939,-0.6768783379858708,-0.2976792856145822,-0.7201021737567175,-0.586996831907995,-0.6919521919347625,-0.692201769665321
0.34957316314351655,-0.6840349040160609,-0.6847298254797692,-0.6844773204437138,-0.6865108744904331,-0.03404871839829954,1.6325735876310044,0.4065079277267781,0.19593449990651204,0.4397539668545201,-0.6901313223328637,-0.6775450617791131,-0.33982281048607904,-0.7201021737567175,-0.5590676268109404,-0.6882197992770539,-0.6912806084798231
-0.387651696990761,-0.687122679918209,-0.686806066401981,-0.6851358182505782,-0.6868768133455008,0.02785144991235709,-1.4524880910897158,0.7031243696068816,0.19593449990651204,-0.12672329307050093,-0.6898817638872802,-0.6781728808127165,-0.336347834279058,1.388691822416084,-0.5831445277566771,-0.6858413137598867,-0.6875483963280535
-0.3118057271940155,-0.6854116135676991,-0.6870969364237435,-0.6876084681350436,-0.6895179770319512,-0.07102264443620836,-1.3382265474333928,0.7031243696068816,0.19593449990651204,-0.5907130080119606,-0.6890721057316305,-0.6789812830281952,-0.8457304001395723,1.388691822416084,-0.5489182870276607,-0.6862072346086816,-0.6851700258391807
-0.008045371334962942,-0.688085554415506,-0.6863001667015538,-0.6865803860889989,-0.684090188964161,0.11301611101091194,-1.2239650037770697,0.7031243696068816,0.19593449990651204,1.0758076477055958,-0.6878001035863394,-0.6797039228177297,-0.5959781711642409,1.388691822416084,-0.5519260475765743,-0.6888482683348592,-0.6855359289913151
-0.6052893935500924,-0.6852225101322718,-0.6863956363099238,-0.6838788566249396,-0.685389271899651,0.01842102158583444,-1.109703460120747,0.7031243696068816,0.19593449990651204,-0.3118675078861907,-0.6866337090265678,-0.6797319882875876,-0.5595549308850856,1.388691822416084,-0.5961830956534452,-0.6834207473451079,-0.688176834991844
-0.49132123662230576,-0.6835178385839262,-0.6839446548688768,-0.6813396065349367,-0.6827417042832369,0.039774502466154986,-0.7669188291517779,0.7031243696068816,0.19593449990651204,0.48157682557011583,-0.6852203733095777,-0.6796552227792237,-0.5417510970945205,1.388691822416084,-0.5955904334763193,-0.6847197663583302,-0.6827495764878125
-0.4762607574409384,-0.6830300065331134,-0.6828855667835027,-0.6815206465302713,-0.6804545864390643,0.0806119960563399,-0.652657285495455,0.7031243696068816,0.19593449990651204,0.40025142227773847,-0.6840138033734066,-0.6796599208283356,-0.6113714400671431,1.388691822416084,-0.5751435883654785,-0.6820723290172986,-0.6840485326778893
0.48244159123666297,-0.6790232062056516,-0.6753711271415306,-0.6771062723435134,-0.673404774396187,0.14957459967760778,-0.538395741839132,0.7031243696068816,0.19593449990651204,1.3204910737150042,-0.6821390397177028,-0.6795608626163429,-0.3204686264505737,1.388691822416084,-0.5200852721104896,-0.6797853237123301,-0.6814012233721979
0.21083999188404415,-0.6727380292213978,-0.6722027852787139,-0.6718532983856205,-0.6741549490490755,-0.01036878823918911,-0.424134198182809,0.7031243696068816,0.19593449990651204,-0.19157601789920628,-0.6803192391176598,-0.6794736569988414,-0.3057967475138333,1.388691822416084,-0.5504443921337597,-0.6727358585602952,-0.6791143286713588
-0.3964601658772716,-0.6731884060023916,-0.6752069551047076,-0.6715625087558085,-0.6745629708724759,-0.009392510416839889,-0.30987265452648605,0.7031243696068816,0.19593449990651204,-0.12844384727243,-0.6781799984726935,-0.6792413031581255,-0.4689926726214925,1.388691822416084,-0.604924862766051,-0.6734859963003248,-0.6720652044454921
-0.5051790320916524,-0.6737730736288339,-0.6758136778494881,-0.6738728792662175,-0.6760212372099204,-0.02920887302367385,0.03291197644248285,0.7031243696068816,0.19593449990651204,-0.3251097249345456,-0.6770257743038182,-0.6790679359340365,-0.5437829006910434,1.388691822416084,-0.5785069462206673,-0.6738939980467312,-0.6728153059073673
-0.6503459789469989,-0.6759226406991753,-0.6769022098327707,-0.6743728498232813,-0.6748136389881972,0.047086200199493854,0.14717352009880583,0.7031243696068816,0.19593449990651204,0.17578995467373779,-0.6755129816289658,-0.6787307818213021,-0.6237437740098446,1.388691822416084,-0.5886859191128033,-0.6753521926291791,-0.673223287921997
-0.5980920723709572,-0.6743824069207667,-0.6753738038595223,-0.67312245441509,-0.6756058966094186,-0.00592360836721582,0.2614350637551288,0.7031243696068816,0.19593449990651204,-0.20077530026436238,-0.6744922391666952,-0.6784699633300849,-0.599896840052269,1.388691822416084,-0.5830556284301085,-0.6741446538281557,-0.6746814119832522
-0.47636835229094765,-0.6737730736288339,-0.6755103164770979,-0.6715775172528311,-0.6737094184930307,0.023281638829020727,0.3756966074114518,0.7031243696068816,0.19593449990651204,0.30491844919859956,-0.673527375811013,-0.6782001479212874,-0.6117704743908385,1.388691822416084,-0.6097254264007704,-0.6749368724657968,-0.673473931581209
-0.17474445725670795,-0.6734743450134485,-0.6761009789139283,-0.6757555076114837,-0.6773569140309169,-0.06632820214150778,0.48995815106777474,0.7031243696068816,0.19593449990651204,-0.7307536518614902,-0.674092710097809,-0.6781526761309151,-1.0808569623385185,1.388691822416084,-0.5535410520092421,-0.6730404876669169,-0.6742661119055797
-0.5677040656965587,-0.6774272462940977,-0.6771520368453274,-0.6750923196492999,-0.6769845712458858,0.03200582362448198,0.8327427820367437,0.7031243696068816,0.19593449990651204,0.01864910906597698,-0.6744974737434246,-0.678025337505641,-1.0693125709231885,1.388691822416084,-0.5814702571062964,-0.6766878037272807,-0.6723698188196439
1.0210343784933167,-0.6765018270666197,-0.6790489376620968,-0.6854791376199691,-0.6879746299107036,-0.23856853624619367,0.9470043256930666,0.7031243696068816,0.19593449990651204,-2.141959069460339,-0.6764159461148205,-0.678144047687775,-0.06599161331711582,1.388691822416084,-0.4489065446376781,-0.6763154792636319,-0.676016958488542
0.3712242450026541,-0.6868303461049877,-0.6867882216153699,-0.6881375176550886,-0.684626289386835,0.07230324863209049,1.0612658693493895,0.7031243696068816,0.19593449990651204,0.6357166454299021,-0.6776468568327843,-0.6782730137418264,0.11954503107798412,1.388691822416084,-0.5354352224980482,-0.6873049971550664,-0.6756446520312456
0.8607905995260314,-0.683115879590747,-0.6782637670512044,-0.6824840044329064,-0.6761731018347733,0.17977689656475412,1.1755274130057125,0.7031243696068816,0.19593449990651204,1.6430037659517343,-0.6778413213582888,-0.6778033930678593,0.631847040236817,1.388691822416084,-0.4831772350299787,-0.6839568213885926,-0.6866336384477177
0.6832108806427094,-0.6760870784691122,-0.6750517054611903,-0.6753990558071982,-0.6764356629632844,0.013996613582421732,1.2897889566620355,0.7031243696068816,0.19593449990651204,-0.10197627614928363,-0.6779600153856322,-0.6772611215167766,0.6292491685071959,1.388691822416084,-0.5417470746844383,-0.6755040497814291,-0.6832856246056893
-0.27882765170020546,-0.6756001599614657,-0.6778658283097749,-0.6770368580447841,-0.6772041345589264,-0.014523161951313633,1.6325735876310044,0.7031243696068816,0.19593449990651204,-0.197899994687589,-0.6784599174633084,-0.6768326778614958,0.6084528560151206,1.388691822416084,-0.5626087833192673,-0.6757665979904394,-0.6748332617913878
-0.23234650305602583,-0.6765137031277816,-0.6766934258294198,-0.6751486015131345,-0.6748740188992832,0.05915465583321576,-1.6810111784023618,0.9997408114869851,0.19593449990651204,0.3913794039292691,-0.6781047514322054,-0.6764670590982602,0.5673062200292358,-0.7201021737567175,-0.5729655548645411,-0.6765350317729089,-0.6750957973030441
-0.2211488462358723,-0.6754238461303668,-0.6774669973290148,-0.6749609953003525,-0.6758254599224591,0.012771073337344889,-1.5667496347460388,0.9997408114869851,0.19593449990651204,-0.2306741898719978,-0.6779389462142956,-0.6761135078729393,0.5764128399985946,-0.7201021737567175,-0.5887748184393725,-0.6742050307682068,-0.6758641939225262
1.4292349058370892,-0.6823850450576943,-0.6835163799902082,-0.6844351090458379,-0.6819860405475222,0.031174948882056797,-1.4524880910897158,0.9997408114869851,0.19593449990651204,-1.2145336639111441,-0.6770823077324977,-0.67586377432113,0.03680673643855858,-0.7201021737567175,-0.539583857737929,-0.6751564249750739,-0.6735343056013111
0.10677036293977063,-0.6825366932233027,-0.6833379321240963,-0.6820647045473387,-0.6829612675962775,0.012480267177496106,-1.3382265474333928,0.9997408114869851,0.19593449990651204,-0.24428062236901954,-0.6768441344913012,-0.675673795041031,-0.006366069869059963,-0.7201021737567175,-0.5740619798922241,-0.6813167024645369,-0.6744856537968603
0.1189936086670074,-0.6836393398250461,-0.6810894890110865,-0.6817645346068878,-0.6791253135480312,0.12464835740486067,-0.9954419164644239,0.9997408114869851,0.19593449990651204,0.707918401617213,-0.6772664339689611,-0.6751349932909262,-0.5414498740608231,-0.7201021737567175,-0.5414655601503037,-0.6822918815265756,-0.6806456333630405
0.23334904511190854,-0.6799422306309655,-0.6778890265323695,-0.6780443034074228,-0.6777045559432313,0.07284331721466653,-0.8811803728081009,0.9997408114869851,0.19593449990651204,0.22180207246917813,-0.6774479429170598,-0.6746221996950552,-0.5118755581722556,-0.7201021737567175,-0.5470810342785709,-0.6784561162290823,-0.6816207652634785
-0.09506688432983938,-0.6766233283077395,-0.6758939793892385,-0.6741983760453941,-0.674971907543014,0.05942469012450396,-0.7669188291517779,0.9997408114869851,0.19593449990651204,0.4698093226945303,-0.6771286337365545,-0.6739988637671402,-0.4511490192417894,-0.7201021737567175,-0.5746990917326339,-0.677035428533636,-0.677785185471231
-0.21058095068288876,-0.6742115743486654,-0.6747126545155776,-0.6736167967857702,-0.6748438289437402,0.007495018722946389,-0.652657285495455,0.9997408114869851,0.19593449990651204,-0.02830315756844231,-0.6771243152107528,-0.6734021501175259,-0.495322332981114,-0.7201021737567175,-0.5642682374152195,-0.6743029145952596,-0.6763645664830698
0.19354844026364162,-0.6730723860202694,-0.6736419673189062,-0.6703458824659181,-0.6729226499546354,0.02521342260515784,-0.538395741839132,0.9997408114869851,0.19593449990651204,0.3077237875717822,-0.6767090824116777,-0.6728662347505358,-0.48206794582389145,-0.7201021737567175,-0.5981536973923884,-0.6741748422981813,-0.6736321846945071
0.5166489239546722,-0.6726156144371115,-0.66919861545272,-0.6701460818493052,-0.6673905693131508,0.14043497751093392,-0.19561111087016309,0.9997408114869851,0.19593449990651204,0.9712735701081031,-0.6746212714830796,-0.6722244751006133,-0.920086922784628,-0.7201021737567175,-0.5275231824334188,-0.6722537578420078,-0.67350411859126
-0.17972615456076435,-0.6666474369315695,-0.6683367122593995,-0.6657748570914873,-0.666823364087796,0.017610918711969827,-0.08134956721384012,0.9997408114869851,0.19593449990651204,0.04891814982841562,-0.6723128231453291,-0.6715513951232785,-1.0388787993100081,-0.7201021737567175,-0.5822555344909879,-0.6667219494103499,-0.6715831270425552
-0.13794312853823326,-0.6668365403669968,-0.6670875771966163,-0.6640235530951684,-0.6656889536370865,0.04766781251919142,0.03291197644248285,0.9997408114869851,0.19593449990651204,0.14943325015670159,-0.6703908174346408,-0.6707515906447366,-1.0841927393995963,-0.7201021737567175,-0.5891748654089326,-0.6661547720947177,-0.6660515861401654
-0.49571162682320236,-0.6637240987993583,-0.6654931455129064,-0.6619908397796765,-0.6643349798733363,0.007640421802871146,0.14717352009880583,0.9997408114869851,0.19593449990651204,0.18675927545802828,-0.668478364826484,-0.6700885208896925,-1.0806963461049044,-0.7201021737567175,-0.5948051560916274,-0.6650204174634534,-0.6654844362543573
-0.3145987334041008,-0.6648203505989375,-0.6666709014292449,-0.6651613847756905,-0.6673969732431145,-0.036956779996786635,0.2614350637551288,0.9997408114869851,0.19593449990651204,-0.5884359892537228,-0.6673948074434582,-0.6694846219884951,-0.8253741792233642,-0.7201021737567175,-0.5642830539696476,-0.6636665103229121,-0.6643501364827411
-0.43456321264639397,-0.6662637488017167,-0.6686338279564759,-0.6682381266653135,-0.6695011216597532,-0.05191252536043578,0.6042196947240978,0.9997408114869851,0.19593449990651204,-0.4279299878451451,-0.6666305592409376,-0.6690402111074748,-0.7280485156660156,-0.7201021737567175,-0.5482811751872503,-0.666728353025204,-0.6629962948198443
-0.5243195798391572,-0.6687056496852792,-0.6693297746343123,-0.66781976481081,-0.6682322286798063,0.03242126099569422,0.7184812383804207,0.9997408114869851,0.19593449990651204,0.17726027219979199,-0.6659596173686221,-0.668629976230778,-0.7419569833884351,-0.7201021737567175,-0.5664462709161565,-0.6688323979057749,-0.6660579894453278
0.700492942607947,-0.6685960245053213,-0.670632444056929,-0.6675064624354642,-0.6687811369624077,0.0174655156320458,0.8327427820367437,0.9997408114869851,0.19593449990651204,-0.1508355456703167,-0.6661585312843467,-0.6684747870790695,-1.1301712023214567,-0.7201021737567175,-0.5930271695602498,-0.6675635673625783,-0.6681619325700997
4.157472856677802,-0.6418785410632448,-0.6416105753518203,-0.643837124599837,-0.6413357228323373,0.03312750452675524,0.9470043256930666,0.9997408114869851,0.19593449990651204,4.890497328139421,-0.6625126485921851,-0.6673732327402506,2.133297708099924,-0.7201021737567175,-0.48495522156135623,-0.6681124486357708,-0.6668931633900742
4.192196805727445,-0.6422741052542597,-0.6266985794201794,-0.6395156154884062,-0.6239847320193069,0.43608098273428186,1.0612658693493895,0.9997408114869851,0.19593449990651204,2.6032987036666633,-0.6565470632223045,-0.6656756095820876,2.384688586382778,-0.7201021737567175,-0.30558601365422583,-0.6406683849761488,-0.6674420181182756
2.122845967428453,-0.6241128671078985,-0.6202503657782259,-0.6229499868997653,-0.6242408892178541,0.01732011255212177,1.4040505003183585,0.9997408114869851,0.19593449990651204,-0.08813371075936015,-0.6508117992285258,-0.6639376384727286,2.4251399965498535,-0.7201021737567175,-0.4601671260030685,-0.6233182479305357,-0.6399992817082057
0.9733061454528983,-0.6287107298639666,-0.6300890888763054,-0.6278596414882673,-0.6312486182923989,-0.03724758615663542,1.5183120439746816,0.9997408114869851,0.19593449990651204,-1.0331472921375684,-0.6456409534706157,-0.6624754090694127,2.547856715582926,-0.7201021737567175,-0.5459994258053159,-0.6235743925246922,-0.6226499837497597
0.40792987191153507,-0.6329678410189991,-0.6333662839374505,-0.6308482084578829,-0.6319859850853601,0.042807195276005156,1.6325735876310044,0.9997408114869851,0.19593449990651204,-0.15928092032118668,-0.6402745962718553,-0.661011337293896,2.4973144997419965,-0.7201021737567175,-0.5532150878118228,-0.6305817767791156,-0.6229061159562536
-0.44220913683228624,-0.6329075471700222,-0.6332413704311722,-0.6289533857087858,-0.6320408759136202,0.040189939837367565,1.7468351312873274,0.9997408114869851,0.19593449990651204,-0.060319543474696084,-0.6350975998862878,-0.6596127618501156,2.5286679711753313,-0.7201021737567175,-0.5810702101367369,-0.6313191072894375,-0.6299131613196247
-0.19747780579365903,-0.6309461699919418,-0.6347403325065122,-0.6309551439991685,-0.6330234217394768,-0.026716248796399732,-1.6810111784023618,1.2963572533670886,0.19593449990651204,-0.19543156569774575,-0.629982633234966,-0.6581247392359895,2.5360451361423806,-0.7201021737567175,-0.5743434944263587,-0.6313739954167568,-0.6306504561711753
0.24908910005576973,-0.6318715892194199,-0.6314925813432756,-0.6312928351821759,-0.6304856357795829,0.051946817442680114,-1.3382265474333928,1.2963572533670886,0.19593449990651204,0.3191931091808111,-0.6284305812346417,-0.6565640350385442,0.5466081664735672,-0.7201021737567175,-0.515077276713776,-0.6323564928957712,-0.6307053416439955
-0.09350889603540455,-0.6289363750260466,-0.6305592990035103,-0.627004157157982,-0.6306384152515736,-0.01826209829222592,-1.2239650037770697,1.2963572533670886,0.19593449990651204,-0.0744002377177617,-0.6293823581485001,-0.6546395851562676,-0.9328883906902689,-0.7201021737567175,-0.5673204476274177,-0.6298188318093781,-0.631687791607476
0.09185797688874417,-0.629923001645668,-0.628649906836113,-0.6280153546448763,-0.6249297691125191,0.13378797957153454,-1.109703460120747,1.2963572533670886,0.19593449990651204,0.7730903050194997,-0.6294808990554345,-0.6526359132693593,-0.6492125633101372,-0.7201021737567175,-0.5196407754776448,-0.62997160376375,-0.6291502532474248
1.3046535111397348,-0.6231381165494393,-0.6198577804727797,-0.6195608806658606,-0.6194653871592221,0.10358568268438892,-0.9954419164644239,1.2963572533670886,0.19593449990651204,0.715127194666812,-0.6277953653485056,-0.6507325585487811,-0.9229948720558041,-0.7201021737567175,-0.5071800532035744,-0.6242632385225487,-0.6293030178134409
-0.2550304335323336,-0.6198740268161924,-0.622261473229307,-0.6167589818779629,-0.6184892452633292,0.05153138007146714,-0.8811803728081009,1.2963572533670886,0.19593449990651204,0.08110802684996665,-0.6258647225862134,-0.648787627628873,-0.9725224780686993,-0.7201021737567175,-0.5913528989098696,-0.6187991254479179,-0.6235949286401464
0.4733190717516797,-0.6141187048684019,-0.6152841616643318,-0.6108184311502245,-0.6136405554336833,0.030759511510844568,-0.538395741839132,1.2963572533670886,0.19593449990651204,0.607325337393664,-0.6232326465421558,-0.6466541606204229,-0.9706744484492459,-0.7201021737567175,-0.5693206824752174,-0.6178230315837574,-0.6181310798209014
-0.016210488677912062,-0.6123217654602584,-0.6145819693111814,-0.6095427089033076,-0.6106883437204255,0.056932065897229836,-0.424134198182809,1.2963572533670886,0.19593449990651204,0.3400612859725947,-0.6200377226352488,-0.644499813393698,-1.1155862476104483,-0.7201021737567175,-0.5778105681625445,-0.6129745803372241,-0.6171550331625832
0.1897768598218657,-0.6073886323621522,-0.6110371024508686,-0.6088298052947364,-0.6130184593800685,-0.10814197355404119,-0.30987265452648605,1.2963572533670886,0.19593449990651204,-0.3577466792800582,-0.6175391282977959,-0.6423917404154148,-0.8919366027382267,-0.7201021737567175,-0.5302049787849132,-0.6100225138895708,-0.6123068163968043
-0.18116688490985228,-0.612803202708907,-0.6125182197395973,-0.6102490462944314,-0.6110423895627034,0.05984012749571618,-0.19561111087016309,1.2963572533670886,0.19593449990651204,0.2095449328975636,-0.6147360124590988,-0.6400105664645761,-0.949973111938568,-0.7201021737567175,-0.5323830122858503,-0.6123525148942727,-0.6093548927169611
-0.4894826469055669,-0.6100443023466326,-0.6131365415956751,-0.6068411794392483,-0.6093224769438855,0.03616019733660651,-0.08134956721384012,1.2963572533670886,0.19593449990651204,0.17348468269567285,-0.6125034654839274,-0.6375389320386815,-1.0455908994422223,-0.7201021737567175,-0.5964794267420082,-0.61037654231078,-0.611684781038176
-0.5645682054307444,-0.6086575438201651,-0.6129286498316546,-0.6082547922525599,-0.6106517498349187,-0.02555302415700459,0.2614350637551288,1.2963572533670886,0.19593449990651204,-0.2254534043096219,-0.6112427176786049,-0.6352406648368759,-1.1010741935617845,-0.7201021737567175,-0.5706986220370349,-0.6086567143214435,-0.609708904016651
0.05379023758335548,-0.609368280403559,-0.6088600384843033,-0.6071910650260866,-0.6048397259693075,0.1225711705487984,0.3756966074114518,1.2963572533670886,0.19593449990651204,0.709352264044252,-0.6092902205584666,-0.6327950078590115,-0.9641299247486677,-0.7201021737567175,-0.5199371065662075,-0.6099859218046912,-0.6079891592016199
-0.13243108835173045,-0.6043437929888211,-0.6081400013445418,-0.6060841883706735,-0.6092922869883425,-0.09277079081918053,0.48995815106777474,1.2963572533670886,0.19593449990651204,-0.6203789427653542,-0.608668221978573,-0.6305905174022233,-0.8397799954422026,-0.7201021737567175,-0.5254636813679066,-0.6041741839237053,-0.6093183024017477
-0.2483792506799468,-0.6076873609775376,-0.6083541387838761,-0.6033113685457571,-0.6077004529687985,0.01939729940818366,0.6042196947240978,1.2963572533670886,0.19593449990651204,0.1549662346631406,-0.6082408187886015,-0.6283368970200821,-0.8717639241299787,-0.7201021737567175,-0.5728173893202595,-0.608626525851418,-0.6035068455879752
1.751253680336576,-0.6164272284496823,-0.6201557884091866,-0.6183226796615,-0.6209895224905786,-0.08361039678394573,0.7184812383804207,1.2963572533670886,0.19593449990651204,-1.7701404255615025,-0.6093810404647252,-0.6265937979747642,-0.12572536524376482,-0.7201021737567175,-0.5316866342277274,-0.60703477015916,-0.6079589721915688
0.9104031361572857,-0.6138930597063218,-0.618032258802455,-0.6155339133084973,-0.6189768587877068,-0.0955334493377436,1.0612658693493895,1.2963572533670886,0.19593449990651204,0.2248613647285278,-0.6105160275641192,-0.624968825693717,-0.12307131814033681,-0.7201021737567175,-0.5404728510036179,-0.6203231857831489,-0.6063672934797848
0.09470245766437799,-0.6194053791718723,-0.6234267377950178,-0.620135893708037,-0.6235026075777553,-0.07295442821234584,1.1755274130057125,1.2963572533670886,0.19593449990651204,-0.6695079220949837,-0.6125444260468365,-0.6235147948466943,-0.125034013475335,-0.7201021737567175,-0.5573637230517033,-0.6183106211147767,-0.6196550664495407
-0.34994465130172464,-0.6219322395699023,-0.6243609123741135,-0.6192166232654056,-0.6220571491002383,0.017320112552121045,1.2897889566620355,1.2963572533670886,0.19593449990651204,0.1492384403821759,-0.6141759127490324,-0.6220503238905343,-0.08621933987844792,-0.7201021737567175,-0.5873968788775545,-0.6228361472122483,-0.6176425991128023
-0.9256102507015052,-0.6219386343720665,-0.6259490983825093,-0.6198863774450372,-0.6228805115241405,-0.0012291660725156175,1.5183120439746816,1.2963572533670886,0.19593449990651204,-0.1663216459537701,-0.6167565590767217,-0.6206589336983366,-0.31600552478175037,-0.7201021737567175,-0.6031913258979582,-0.6213907598595082,-0.6221679063468227
-0.25358747323816777,-0.6229800735816667,-0.6229021010686487,-0.6191434568424207,-0.6198734089826223,0.09072789604536298,-1.5667496347460388,1.5929736952471922,0.19593449990651204,0.3657094859911304,-0.6182701369380835,-0.6190638385531444,-0.2304083780959758,1.388691822416084,-0.5643275036329324,-0.6222140817692969,-0.6207225888958924
-0.15482139700419603,-0.6210186964035863,-0.6219938014301392,-0.6169559684013839,-0.6190628544186477,0.06453456979041712,-1.4524880910897158,1.5929736952471922,0.19593449990651204,0.058694170428532824,-0.619895473012622,-0.6173709134440933,-0.24600222855971468,1.388691822416084,-0.5837964561515157,-0.6192071271943242,-0.6215458709881945
-0.3549999367933522,-0.6178943787747857,-0.6220232453280476,-0.6165404206400721,-0.6209959264205422,-0.050396178955509414,-1.3382265474333928,1.5929736952471922,0.19593449990651204,-0.3160526314395732,-0.6198963890635497,-0.6157854600467516,-1.0405778887112875,1.388691822416084,-0.5908491360593128,-0.6183966125142435,-0.6185390618355311
-0.689357542506614,-0.6208908003603021,-0.6240673656343595,-0.6200420906016461,-0.6226179503956294,-0.019092973034651115,-1.2239650037770697,1.5929736952471922,0.19593449990651204,-0.27572297052865913,-0.6204172294481443,-0.6142360250259343,-1.070084436551167,1.388691822416084,-0.5694836645739272,-0.6203295893980029,-0.6177285863535538
0.0320220836076275,-0.6195698169418092,-0.6214281216945644,-0.6153397408782679,-0.6192513129290074,0.027311381329781056,-1.109703460120747,1.5929736952471922,0.19593449990651204,0.4150808811567242,-0.6198091024965837,-0.6134947772771724,-1.1653338168129286,1.388691822416084,-0.5999316839237665,-0.6219515335602865,-0.619661469754703
0.29613664236115533,-0.6186014611855143,-0.6181036379488997,-0.6151455684480387,-0.6170318937730224,0.05568575378359242,-0.7669188291517779,1.5929736952471922,0.19593449990651204,0.25074266132380596,-0.6190902642471925,-0.6132614101317461,-1.1470278183295228,1.388691822416084,-0.5477922288911216,-0.6185850617513728,-0.6212833354765381
0.25892148539055515,-0.6165487296908023,-0.6143678318718471,-0.612500320847814,-0.6113534375895109,0.13794235328365906,-0.652657285495455,1.5929736952471922,0.19593449990651204,0.7147761489837744,-0.6174413725773706,-0.6128288518452172,-1.0031140432916514,1.388691822416084,-0.5275379989878464,-0.6163657518034314,-0.6179170264769028
-0.09801617252413507,-0.6092915427775885,-0.6105249570751274,-0.6051339629029332,-0.6089995359042885,0.026376647244552978,-0.538395741839132,1.5929736952471922,0.19593449990651204,0.25717460206466447,-0.6158859181021721,-0.612082076979853,-1.0175523219640594,1.388691822416084,-0.5800775009900508,-0.6106875750322556,-0.6156978238592086
0.06124810306767714,-0.6074379636931333,-0.6072236715520573,-0.6037953925747344,-0.6047418373255768,0.0809028022161883,-0.424134198182809,1.5929736952471922,0.19593449990651204,0.5013685488560675,-0.6138373664990459,-0.6111676462442219,-0.9814920143792433,1.388691822416084,-0.546399472774876,-0.608333789172382,-0.6100199216959651
-0.16210494272634376,-0.6037043127723999,-0.6057550456139562,-0.6029136433746595,-0.6055286058639722,-0.02185563155321346,-0.30987265452648605,1.5929736952471922,0.19593449990651204,-0.15265725520416165,-0.6116248417798651,-0.6102777804712675,-1.051666086180984,1.388691822416084,-0.5359389853486053,-0.6040763000966526,-0.6076662496698615
2.002178126342835,-0.602790769606084,-0.594809945745983,-0.597998360599774,-0.5914344708610434,0.2773839069311212,0.03291197644248285,1.5929736952471922,0.19593449990651204,1.7514506162378525,-0.6071641972197426,-0.6088818764671781,-0.54717343681911,1.388691822416084,-0.4318230573820258,-0.6048630299215618,-0.6034089664947793
0.19645034212503168,-0.5927783365032611,-0.593685724189478,-0.5896189291058709,-0.5929650101223638,0.014972891404770953,0.14717352009880583,1.5929736952471922,0.19593449990651204,-0.23634147844493625,-0.6034040698904577,-0.6076225229493663,-0.4081634509188548,1.388691822416084,-0.5455104795091872,-0.5907695884302239,-0.6041956582718679
1.243151663056661,-0.5917798338224779,-0.5879040133274525,-0.5866922721864734,-0.5843288531427683,0.18835567828029173,0.2614350637551288,1.5929736952471922,0.19593449990651204,0.9928595271876692,-0.5987260595316385,-0.6060681749360136,-0.3607213548106804,1.388691822416084,-0.4957268566306182,-0.5923000523803089,-0.5901028983674167
1.9834781909655583,-0.5816148390108802,-0.5809864817976246,-0.5767369485052024,-0.5776870629232912,0.10803086255636223,0.3756966074114518,1.5929736952471922,0.19593449990651204,0.7225412670370571,-0.5939102489404131,-0.6044825065952486,-0.36006819640501253,1.388691822416084,-0.5381022022951143,-0.5836643203487477,-0.5916332883012184
1.363721014901338,-0.5737154312517461,-0.5773283005423308,-0.5744322061811769,-0.5767420258300792,-0.0501261446642212,0.48995815106777474,1.5929736952471922,0.19593449990651204,0.05495451708927151,-0.5892959695532768,-0.6030485268990107,-0.3230422423244513,1.388691822416084,-0.5137586033696709,-0.5770228569431193,-0.5829979739108496
1.0938253235333222,-0.5728082828875943,-0.5719686188836598,-0.5682946689300173,-0.5684288098900808,0.11800135946546092,0.8327427820367437,1.5929736952471922,0.19593449990651204,0.8877931827350612,-0.5841015682000835,-0.6013682834519413,-0.2959501456711255,1.388691822416084,-0.5217002765431574,-0.5760778663511062,-0.5763568316996127
0.11300305943253589,-0.5688005690169663,-0.569910222748059,-0.5666137172634916,-0.5647511243966514,0.11037808370371306,0.9470043256930666,1.5929736952471922,0.19593449990651204,0.35005033232194827,-0.5782685484858798,-0.5997273439451541,-0.42222136307780517,1.388691822416084,-0.5140697510126624,-0.5677650594686067,-0.5754118868092261
0.5949626996376409,-0.5629849532201989,-0.5651456647228713,-0.5580701303334045,-0.5612811092034728,0.056932065897229094,1.1755274130057125,1.5929736952471922,0.19593449990651204,0.3219455312141787,-0.5739552572606952,-0.5980690247272735,-0.8530288465550796,1.388691822416084,-0.5698985280979149,-0.5640875549382174,-0.5670994819506159
0.4664690521298457,-0.5586666346730234,-0.5640571327395887,-0.55822021530363,-0.5616223471858234,-0.04900446376194795,1.2897889566620355,1.5929736952471922,0.19593449990651204,-0.088646860603337,-0.5694718422917988,-0.5963439502233197,-0.9244330211956466,1.388691822416084,-0.5494516829870737,-0.5606177104895192,-0.5634221552716665
0.957882358664004,-0.5624487033815714,-0.5678107836032525,-0.5687580562755886,-0.5711852443158776,-0.1801372699851611,1.6325735876310044,1.5929736952471922,0.19593449990651204,-1.0714780833523865,-0.5675917131949473,-0.5950061730621632,-0.45465642209853463,1.388691822416084,-0.44533575502049466,-0.5609589316810204,-0.5599524786315534
0.5288392903805936,-0.5769374979993425,-0.5723968937623284,-0.5732474729474593,-0.5689713142427185,0.19957248730302787,1.7468351312873274,1.5929736952471922,0.19593449990651204,0.19253993069438002,-0.5663449678823764,-0.5936518145512004,-0.5494110410457447,1.388691822416084,-0.4505808152880586,-0.5705213582621548,-0.5602936833209186
0.39242729372988777,-0.5650614368372351,-0.5668016609203897,-0.5609714604140763,-0.5616955349568369,0.09473686667756347,-1.5667496347460388,-1.6698071654339466,0.6400075014246513,0.7454123050962822,-0.5641926407955861,-0.592008633491569,-0.45203080278379354,-0.7201021737567175,-0.5515704502702988,-0.5683075371269453,-0.5698556474440672
1.9229705267297206,-0.5553166718821427,-0.5529398306808174,-0.5514598254260346,-0.5539193342866503,0.04972422750669273,-1.4524880910897158,-1.6698071654339466,0.6400075014246513,0.7766404805609158,-0.5621171311223024,-0.5902995262133548,-0.49051364248917445,-0.7201021737567175,-0.47162032257602526,-0.5610321158507795,-0.5676419333736549
0.5037598537929221,-0.5553349427454691,-0.5543915040716377,-0.5495340476518285,-0.5487165986147267,0.16826928138216884,-1.109703460120747,-1.6698071654339466,0.6400075014246513,0.48633853863438575,-0.5598234704638131,-0.5882663456650314,-0.47341632038445136,-0.7201021737567175,-0.5261452428716012,-0.5532562978138865,-0.5603668639513454
1.9999853470162214,-0.5425882749458625,-0.5424533418287516,-0.5411818190587787,-0.5380311840467525,0.12105482414387277,-0.9954419164644239,-1.6698071654339466,0.6400075014246513,1.0330876906146198,-0.5564976821386661,-0.5859279454554532,-0.3185137544662764,-0.7201021737567175,-0.45982634525122146,-0.5480538181461442,-0.5525914219684922
4.413946149352934,-0.5350972209820717,-0.5264760121364227,-0.5318803030290526,-0.5239553459865771,0.27032147162051035,-0.8811803728081009,-1.6698071654339466,0.6400075014246513,1.324078635901098,-0.5511096014464778,-0.5826710612914023,-0.17674191592784583,-0.7201021737567175,-0.34142725881590974,-0.5373689293613313,-0.5473891939030233
3.9054817659978585,-0.5208459475875428,-0.5262922108343274,-0.5289780349173168,-0.530542245377794,-0.2032771315616951,-0.7669188291517779,-1.6698071654339466,0.6400075014246513,-0.6662218943387026,-0.5452958188017554,-0.5797028154387998,-0.44534459158777057,-0.7201021737567175,-0.38421746800439394,-0.5232937839124332,-0.5367048218607028
1.027672181675236,-0.5301704826861298,-0.5345365022486971,-0.5284593037389749,-0.5324872103924784,-0.03541966172330116,-0.652657285495455,-1.6698071654339466,0.6400075014246513,-0.2376638519724962,-0.5400769458023512,-0.5766479473865594,-0.3273517624001616,-0.7201021737567175,-0.5293159855192233,-0.5298803591907424,-0.5226303571138583
3.5656680297766306,-0.5230384511867011,-0.5103327259286097,-0.5170153247592796,-0.5039988705254653,0.44925034740171643,-0.30987265452648605,-1.6698071654339466,0.6400075014246513,2.680446242279268,-0.5318237195372202,-0.5726854039634242,0.4609569037920227,-0.7201021737567175,-0.30814927757029437,-0.5318252285020877,-0.529216613852275
4.01664260790131,-0.49212689106806806,-0.49737741084888576,-0.4964405514034897,-0.4960332964977812,-0.0727467095267401,-0.19561111087016309,-1.6698071654339466,0.6400075014246513,0.6437770795440704,-0.5235434043375135,-0.5684278660447479,0.46307062338476407,-0.7201021737567175,-0.4179992121005666,-0.5033382904234,-0.5311613891058686
1.8438316713679244,-0.5009544586841792,-0.5030698977778554,-0.5015152994592399,-0.507877822389182,-0.14096152587982658,-0.08134956721384012,-1.6698071654339466,0.6400075014246513,-1.0622781099694254,-0.5177016167072878,-0.5646688126311837,0.8720729440342745,-0.7201021737567175,-0.43237126989586694,-0.4953731083472556,-0.5026758287122162
2.655497821728619,-0.5228858894779264,-0.5169763399839556,-0.5169093272490578,-0.5109334118289964,0.2883306816625706,0.03291197644248285,-1.6698071654339466,0.6400075014246513,-0.32262771066768203,-0.5138254126390241,-0.5610395236329578,0.8998940202789523,-0.7201021737567175,-0.4201476124926474,-0.5072170514206266,-0.49471103184813353
1.1488770678671179,-0.5144447506211669,-0.5162571950835247,-0.5100363736437933,-0.5127567021743707,0.055000282121091974,0.14717352009880583,-1.6698071654339466,0.6400075014246513,-0.21519095025536908,-0.5122235012953504,-0.5574065498903304,0.765801416693485,-0.7201021737567175,-0.5167663639185843,-0.5102724905080644,-0.5065544021248394
1.9246002325355778,-0.5006566436119602,-0.4966814641710493,-0.4942455587139416,-0.4903740521041608,0.24969500613981035,0.6042196947240978,-1.6698071654339466,0.6400075014246513,1.9586910439078118,-0.5064776372836945,-0.5529678760781187,0.9999220351644319,-0.7201021737567175,-0.44111303700847354,-0.5120956911371853,-0.5096096934451605
4.445470127215772,-0.4752966853150292,-0.46936644930530086,-0.4750534431463543,-0.4767364258229288,-0.017285820469875958,0.7184812383804207,-1.6698071654339466,0.6400075014246513,1.0907980141621674,-0.4985027596361596,-0.5481844637209464,0.9460785564258305,-0.7201021737567175,-0.2906657433450833,-0.48971414242064165,-0.5114328059006694
2.2679317071172127,-0.47994936066107635,-0.47680237188618374,-0.47724093158739117,-0.4751262948606313,0.12506379477607327,0.8327427820367437,-1.6698071654339466,0.6400075014246513,0.07733773303786251,-0.4943726785965107,-0.5434215016952022,0.27766403145216567,-0.7201021737567175,-0.3795947030228133,-0.4760771871881754,-0.48905233960037714
1.2835155024772735,-0.4760640615747346,-0.4816436624937996,-0.4780804693895901,-0.4796273427779629,-0.06547655553052276,0.9470043256930666,-1.6698071654339466,0.6400075014246513,-0.41312714394234457,-0.49202588698421584,-0.5390002075940841,0.3198694271937267,-0.7201021737567175,-0.4467285111367408,-0.4744671354534775,-0.4754160438782134
1.1449746639807712,-0.49350634124920517,-0.4872469254897132,-0.48744858562485377,-0.4837743448530165,0.23696185071214929,1.2897889566620355,-1.6698071654339466,0.6400075014246513,-0.38909057787415263,-0.48857800215685127,-0.5347971117739396,0.10015819026324381,-0.7201021737567175,-0.3918035438716052,-0.4789679618936556,-0.47380607000882263
0.806844548681951,-0.47736677412990114,-0.4798895199699196,-0.47569130426981276,-0.47835844979801595,-0.007045289269489799,1.4040505003183585,-1.6698071654339466,0.6400075014246513,0.39283760748207797,-0.4839183128165858,-0.5305551419003597,0.026832153530164483,-0.7201021737567175,-0.45533692925949276,-0.4831147599126245,-0.4783066787800741
2.0013846375526114,-0.4729817669315846,-0.4721627273672743,-0.46984455664846514,-0.46976529063389094,0.08835990302945305,1.5183120439746816,-1.6698071654339466,0.6400075014246513,0.642932006449363,-0.47776860121024173,-0.5259983413238776,-0.04228181744491592,-0.7201021737567175,-0.41937715166238354,-0.47769913135045905,-0.48245327625163564
4.006291946164666,-0.4384315643815151,-0.4358307418268916,-0.43822071539088586,-0.43328118678365074,0.13114995226433565,1.6325735876310044,-1.6698071654339466,0.6400075014246513,2.827959723554873,-0.4696017454611491,-0.5206900371267161,0.5135250021450143,-0.7201021737567175,-0.3155575547843678,-0.4691063950186314,-0.47703790960004855
1.537296136470826,-0.4338154307621206,-0.4345691154134804,-0.4291405746922424,-0.4273282764588385,0.161352249151482,1.7468351312873274,-1.6698071654339466,0.6400075014246513,0.3737623165625712,-0.4625341508252709,-0.5151305561861879,0.47419283626782377,-0.7201021737567175,-0.43803119368741905,-0.4326240863937738,-0.46844558883005566
7.3935433854901,-0.4132972512466642,-0.35537395243301945,-0.4035004335913416,-0.34838977633793017,1.4871375319018072,-1.4524880910897158,-1.3731907235538432,0.6400075014246513,5.513058508222993,-0.44440511037325325,-0.5072114263433662,2.6327234855559927,-0.7201021737567175,0.47209047861585063,-0.4266714689860018,-0.4319650445622694
9.940373532675158,-0.28584610348442624,-0.24660997803781656,-0.3032192846730381,-0.28309347673394214,0.07176318004951482,-1.3382265474333928,-1.3731907235538432,0.6400075014246513,3.787353111352061,-0.4162918999960465,-0.497323598979247,2.704017288266417,-0.7201021737567175,0.6942498957114667,-0.34773685308819685,-0.42601271503492527
7.614742675996371,-0.32220512150380126,-0.3197798488190094,-0.3843711661050362,-0.37601815989553433,-1.211398228414414,-1.2239650037770697,-1.3731907235538432,0.6400075014246513,-4.857164610323197,-0.40087790362925046,-0.49058644302180626,5.0054855387794674,-0.7201021737567175,0.7610132899646899,-0.282443766433468,-0.3470819165722823
6.0271916775604835,-0.3973221218972971,-0.34961008635760504,-0.3950712864510513,-0.367320708157715,0.6940675902572202,-1.109703460120747,-1.3731907235538432,0.6400075014246513,0.4906518942296589,-0.3849944965942282,-0.48383639045896043,4.997426795023806,-0.7201021737567175,0.4346638621303558,-0.3753638771722164,-0.2817919876212048
1.7870963185003046,-0.37866757044112526,-0.36512345159804305,-0.3681807499419591,-0.36786321251035276,0.25758831619284783,-0.9954419164644239,-1.3731907235538432,0.6400075014246513,-0.08555067058687885,-0.3704179016397489,-0.4772279856121477,5.065933798706341,-0.7201021737567175,-0.24769773550346127,-0.3666668533984821,-0.3747076045584194
3.2041588110120474,-0.33637052184069655,-0.3352396796996138,-0.3541731320645993,-0.3537077827492001,-0.38274607592547755,-0.652657285495455,-1.3731907235538432,0.6400075014246513,0.8155961085004199,-0.35903531454124893,-0.4702609323102586,4.897556896554932,-0.7201021737567175,0.02729751468292095,-0.36720933105682063,-0.3660110013900682
0.7899304152659852,-0.3553786145022326,-0.35694072469748184,-0.3506705240719614,-0.3518167937156383,0.09238964553021338,-0.538395741839132,-1.3731907235538432,0.6400075014246513,0.06012756860163571,-0.3482337654597337,-0.4632189558722065,4.91783262294594,-0.7201021737567175,-0.38839573635313124,-0.3530545978233096,-0.36655345281310725
0.8503247363489461,-0.34984893771652215,-0.35322722460369327,-0.34731237286316563,-0.35614127613539964,-0.13153109755330208,-0.424134198182809,-1.3731907235538432,0.6400075014246513,-0.30846901921094516,-0.3493425796754798,-0.4560011557137976,3.4242119490245653,-0.7201021737567175,-0.3797725016759506,-0.35116370183716167,-0.35239940413067355
3.501519980201101,-0.37179224457143134,-0.3364227890519357,-0.36505429240594894,-0.333752222135226,0.8757591245569892,-0.30987265452648605,-1.3731907235538432,0.6400075014246513,1.2860453749049292,-0.35658906597109186,-0.448106191653009,2.415878530701948,-0.7201021737567175,0.17952279487768866,-0.35548797146779604,-0.35050859959201974
1.5325463534548724,-0.3441539096177084,-0.33941535976663223,-0.3334736005773095,-0.33617290766149815,0.1923646489124915,-0.19561111087016309,-1.3731907235538432,0.6400075014246513,-0.19042390665453005,-0.35088939709907463,-0.44053668264148,-0.5663510694622388,-0.7201021737567175,-0.3690008666066891,-0.33310001913639836,-0.35483266009236636
1.7192409852327453,-0.31103522920925614,-0.31144008779626975,-0.30416951014077837,-0.30057346099338395,0.24761781928374985,0.2614350637551288,-1.3731907235538432,0.6400075014246513,1.988647093156556,-0.341341529144297,-0.4320333058676023,0.015047093877055074,-0.7201021737567175,-0.36731177940188026,-0.3355205855511771,-0.33244579048691175
3.34051987819489,-0.2611557723284049,-0.2610107208330469,-0.26123301425245116,-0.26457697066752134,-0.06921549187143357,0.3756966074114518,-1.3731907235538432,0.6400075014246513,1.8710802769346986,-0.32656693632502076,-0.42249635828911275,0.19130322615989093,-0.7201021737567175,-0.2080782689625997,-0.2999228905782813,-0.3348662398382799
1.8932732455432053,-0.26819005470903773,-0.2805097191630942,-0.2869219329686753,-0.2755615402495131,-0.15867992976203732,0.48995815106777474,-1.3731907235538432,0.6400075014246513,-0.6015081173600183,-0.31538849771897504,-0.41368674854926984,0.46311296157939824,-0.7201021737567175,-0.12611308986609887,-0.263928171484443,-0.29927026644077825
1.2808860255729018,-0.2712166232190425,-0.2798789059563886,-0.27409623423184143,-0.27459180228358404,-0.06784454854643415,0.6042196947240978,-1.3731907235538432,0.6400075014246513,-0.002873610703100016,-0.3043418395820967,-0.4053170358785553,0.4739018595623046,-0.7201021737567175,-0.3182245345814341,-0.2749122005631457,-0.263277288123211
1.4393439901902922,-0.3126183995164816,-0.3093584934380744,-0.310522794536637,-0.3155833579811194,-0.05718857997483355,0.9470043256930666,-1.3731907235538432,0.6400075014246513,-2.1390773728573786,-0.2985402273282705,-0.3981020913970576,1.2749880253789962,-0.7201021737567175,-0.2323922347791873,-0.2739425103138391,-0.2742607859924012
1.829271988296721,-0.30652872076981946,-0.31346279435864816,-0.3325355695134,-0.3362460954325117,-0.6648072791101793,1.0612658693493895,-1.3731907235538432,0.6400075014246513,-1.1889916023072078,-0.29889696373239233,-0.39151539583601014,1.3256201464901352,-0.7201021737567175,0.04715169761663503,-0.3149320489937286,-0.2732911426392455
1.2463943748574589,-0.34702882996210477,-0.3392128214385952,-0.3393456750373827,-0.34912165404806533,-0.036271308334285456,1.1755274130057125,-1.3731907235538432,0.6400075014246513,-0.7906146544339514,-0.30074921870815885,-0.3863170505530292,1.3802133999285529,-0.7201021737567175,-0.272885878031308,-0.3355937697209361,-0.3142786989834455
3.127597400502805,-0.3790028407831632,-0.38295663909793576,-0.40632765921796465,-0.40998917865859774,-0.6912706396564119,1.2897889566620355,-1.3731907235538432,0.6400075014246513,-3.637093013387371,-0.3164006031296418,-0.3834290400097686,1.7306753405558601,-0.7201021737567175,0.058708610070589015,-0.34846869478578674,-0.3349394204687068
3.180932087126608,-0.4400887316852123,-0.4122515330381957,-0.4422730095869747,-0.4167041566490883,0.5452163801517954,1.4040505003183585,-1.3731907235538432,0.6400075014246513,-0.50592983128399,-0.3381616546454876,-0.38036885978434937,0.7587867682367251,-0.7201021737567175,0.14000704421782437,-0.40933322436797454,-0.3478137228765509
2.3690132096570835,-0.39041573555994846,-0.3806243254878532,-0.3952776532851114,-0.3705775639678167,0.4630844118630917,-1.5667496347460388,-1.0765742816737396,0.6400075014246513,3.114921663960687,-0.3517532331238757,-0.37565791406707266,2.475035053699233,1.388691822416084,-0.07709992781779271,-0.4160478719433621,-0.4086753089289235
3.407611467661848,-0.33332568246736544,-0.34297807141355635,-0.3768669175937606,-0.36942485657435375,-0.8088394157095389,-1.4524880910897158,-1.0765742816737396,0.6400075014246513,0.018772703783319435,-0.3653186387186159,-0.3708470810703126,2.477655517929409,1.388691822416084,0.25725043940774034,-0.3699235489527573,-0.41538963177058724
1.4127370412242508,-0.35832022349777,-0.36704444287673765,-0.37147323897628126,-0.3669913631881541,-0.18526792151963484,-1.3382265474333928,-1.0765742816737396,0.6400075014246513,0.09739203273767238,-0.37267230297276643,-0.3667058275437061,2.310977045587474,1.388691822416084,-0.22759167114446774,-0.3687708982790532,-0.36926753944406315
0.6329405102134709,-0.38279678555287344,-0.379399280886995,-0.37564091099323094,-0.3822144195589665,0.025628859976371546,-1.2239650037770697,-1.0765742816737396,0.6400075014246513,-0.983930481963807,-0.3792478473960628,-0.36353326261404223,2.286957071304913,1.388691822416084,-0.3669265489867483,-0.36633752463456665,-0.3681149445148402
0.9693387015017791,-0.40336155576981186,-0.4024484995133385,-0.39677850298736644,-0.3950588733718395,0.2015873585534073,-1.109703460120747,-1.0765742816737396,0.6400075014246513,-0.8654460965324418,-0.38581894242913906,-0.36084585569723826,2.2925613167088708,1.388691822416084,-0.4158063620452009,-0.38155983194443704,-0.3656816885531473
1.7889954883916601,-0.45489361223852864,-0.4286223402753014,-0.4463496925907252,-0.45329163822588503,0.05111594270025493,-0.7669188291517779,-1.0765742816737396,0.6400075014246513,-3.8491159958105112,-0.39201314793768477,-0.35996191622152934,2.4113415807655363,1.388691822416084,-0.06745435088506978,-0.3944036537371402,-0.3809032596819328
1.5140991451864256,-0.42198230612883,-0.42564672210788546,-0.4444736304629063,-0.43052475235785403,-0.1802826730650866,-0.652657285495455,-1.0765742816737396,0.6400075014246513,1.665187412313008,-0.3939901167040338,-0.35817463094959734,2.706421561012892,1.388691822416084,-0.04767425072349572,-0.45263355320800425,-0.3937464603218455
1.108834699806654,-0.43369392952100055,-0.4342247110318845,-0.44134717292689607,-0.4372946211766047,-0.06769914546650939,-0.538395741839132,-1.0765742816737396,0.6400075014246513,-0.5334982234008973,-0.40353366613300945,-0.3567963523062282,1.6384521687873077,1.388691822416084,-0.23950418090469638,-0.42986778760022576,-0.4519735436788514
2.1300486900301103,-0.46981542631713347,-0.46936644930530086,-0.48308955527086656,-0.4822319125789066,-0.26669364627727776,-0.424134198182809,-1.0765742816737396,0.6400075014246513,-3.3021613831729906,-0.4196701649529076,-0.3572147857392182,2.1228488886116788,1.388691822416084,-0.16373232155915962,-0.4366373233029326,-0.4292088790688181
2.8234125993753394,-0.4612217257515993,-0.46159236801813597,-0.5107614716561952,-0.49072718309930097,-0.6549821852810032,-0.30987265452648605,-1.0765742816737396,0.6400075014246513,-0.7474538392419559,-0.43736997011309847,-0.35914292036589635,1.9935838922473583,1.388691822416084,0.40245267280356656,-0.48157240353495373,-0.435978087383302
2.4237341664157386,-0.5376551418477564,-0.5286298778803933,-0.5481767167023515,-0.5526632491666307,-0.3233385318420969,0.03291197644248285,-1.0765742816737396,0.6400075014246513,-5.249395186033958,-0.4617518433330332,-0.36334970093044233,3.078518414483048,1.388691822416084,-0.11978642112528012,-0.4900672560397287,-0.48091099446538976
3.0750859352702644,-0.555615400497528,-0.5423221826471594,-0.5770493128494842,-0.5617321288423437,-0.12087512898170369,0.14717352009880583,-1.0765742816737396,0.6400075014246513,-0.9869295900960569,-0.4855936390988921,-0.3705103875506285,3.0624756108980487,1.388691822416084,0.10889227991871905,-0.5520002745003978,-0.4894054361421867
3.0363555306192227,-0.5866822629544347,-0.5821695911499465,-0.6054969809246661,-0.6038032041623285,-0.36972211433796776,0.2614350637551288,-1.0765742816737396,0.6400075014246513,-4.537862711769366,-0.5071235840521262,-0.3812747849016537,3.2832004974406024,1.388691822416084,-0.10347339469989196,-0.561068707935659,-0.5513354593987914
4.227387184955885,-0.5953928970452574,-0.5541300779477838,-0.600525416285946,-0.5632937729063447,0.7481159922519608,0.3756966074114518,-1.0765742816737396,0.6400075014246513,5.091496287829929,-0.5261155444780172,-0.3875605596699146,5.279492684627351,1.388691822416084,0.283623906289839,-0.6031377131194936,-0.5604034542665588
3.8724618666452537,-0.5567180470992714,-0.5392591250253486,-0.5584200159202427,-0.5633605567473945,-0.132777409666941,0.48995815106777474,-1.0765742816737396,0.6400075014246513,-0.05949016399701355,-0.544148661311465,-0.3941404998662259,5.33221834664603,1.388691822416084,-0.13449925967242868,-0.5626302751578914,-0.6024704249095549
1.673932242601862,-0.5595189704471961,-0.5600777453252933,-0.5679813665546716,-0.5592373406979203,0.024527950942657403,0.8327427820367437,-1.0765742816737396,0.6400075014246513,0.390027477236931,-0.5551639119879659,-0.400563838425475,5.215673925370058,1.388691822416084,-0.3291887848582621,-0.5626970557127966,-0.5619649459682918
2.870784041203292,-0.5329047173829135,-0.5174349509998633,-0.528271697526193,-0.5161114466282031,0.3985669881137962,0.9470043256930666,-1.0765742816737396,0.6400075014246513,4.502363406137043,-0.5587950070008662,-0.40601480364338005,6.358071137463945,1.388691822416084,-0.24829039768058678,-0.5585740425489993,-0.5620317232935563
2.5600004733213537,-0.49152121194880055,-0.49167243256928833,-0.5050648090050732,-0.4952227419338065,-0.0681145828377209,1.0612658693493895,-1.0765742816737396,0.6400075014246513,1.844906390499774,-0.5505784227728424,-0.4108281238426109,4.978851029007877,1.388691822416084,-0.18703876167463246,-0.5154502705185132,-0.5579089095268834
1.853727040262577,-0.4902175858504677,-0.48988795390816936,-0.504351905396502,-0.5019862068225935,-0.25132246354241566,1.1755274130057125,-1.0765742816737396,0.6400075014246513,-0.6276083688455559,-0.5420320602108541,-0.4157233067799612,4.914926194719123,1.388691822416084,-0.1686662341837327,-0.4945625936671748,-0.5147872230478603
1.287940085169365,-0.5160343157305567,-0.5102310106449258,-0.5157461687298102,-0.5104028004891484,0.14458935122305916,1.2897889566620355,-1.0765742816737396,0.6400075014246513,-0.7832500181061764,-0.5286715882950774,-0.42165245970256665,3.18437537127593,1.388691822416084,-0.3265069885067667,-0.5013257257550277,-0.4939005563661561
0.8457905146905241,-0.5128305198462866,-0.51567545504,-0.5174965346950651,-0.5178615492025639,-0.09761063619380624,1.6325735876310044,-1.0765742816737396,0.6400075014246513,-0.7174463335849113,-0.5221727304208696,-0.427750711686996,2.168846166350577,1.388691822416084,-0.3892699130643924,-0.5097419052773118,-0.5006633613754776
1.918657441291525,-0.5183181736463466,-0.5000237927033252,-0.5138888672232694,-0.5045230779353497,0.33001982186374057,1.7468351312873274,-1.0765742816737396,0.6400075014246513,1.1660734737605272,-0.5137563162261936,-0.4345961377174334,2.128946023839727,1.388691822416084,-0.18634238361650965,-0.5172002869778751,-0.5090791338745658
1.0976087970155135,-0.5166436490224894,-0.5172770246383542,-0.5275841207563473,-0.5304077628485567,-0.29577426226215014,-1.6810111784023618,-0.7799578397936361,0.6400075014246513,-2.318076512289949,-0.509632385814202,-0.443518562048368,2.833089630313639,-0.7201021737567175,-0.256528401942636,-0.5038624720392988,-0.5165371548729424
2.3064707081490665,-0.5306327355282856,-0.5289921270486004,-0.5455314691021268,-0.546929902154859,-0.35283458519818145,-1.5667496347460388,-0.7799578397936361,0.6400075014246513,-1.6260091407888795,-0.5140408154714469,-0.4526268510281533,1.2267883417631145,-0.7201021737567175,-0.1675846257104785,-0.5297458832788103,-0.5031999849776485
2.8088863778688884,-0.5132936862316088,-0.5163642638031919,-0.5317799337052143,-0.5313527999417688,-0.39340204449707816,-1.4524880910897158,-0.7799578397936361,0.6400075014246513,1.519781437774765,-0.5192090439409923,-0.46124485405911997,1.0611594283898447,-0.7201021737567175,-0.17509661880554758,-0.5462672096019028,-0.5290821444438657
1.385394210382498,-0.5122586418241728,-0.5130861765027163,-0.5132885273423673,-0.5092564970256492,0.08476636976846405,-1.109703460120747,-0.7799578397936361,0.6400075014246513,2.0590701874706743,-0.5202490234727442,-0.4677453573073765,1.660178314701279,-0.7201021737567175,-0.41273933527857404,-0.5306908738708233,-0.5456026717627278
1.9462139752032441,-0.4916728601144091,-0.48691412021941455,-0.49178791732649885,-0.49144076386668284,0.02120445197295809,-0.9954419164644239,-0.7799578397936361,0.6400075014246513,1.530571606653992,-0.5175365966758874,-0.4729543576429184,1.8013672410141526,-0.7201021737567175,-0.31773558828530585,-0.5085956582184616,-0.5300270893342525
0.9680564830819794,-0.4860700998753933,-0.49154930354167115,-0.4911688168243186,-0.4893732093355509,-0.059244994962335595,-0.8811803728081009,-0.7799578397936361,0.6400075014246513,0.1215338927564566,-0.5134614786918992,-0.47766180285301374,1.7042858290568261,-0.7201021737567175,-0.4044865144620977,-0.4907808016948789,-0.5079329422505052
1.1527664637405102,-0.4812648628205713,-0.48085759964357666,-0.4762982103681621,-0.47463868133625375,0.1660466914461822,-0.7669188291517779,-0.7799578397936361,0.6400075014246513,1.1790490937589893,-0.509186661605677,-0.479831718124835,1.7064098184489114,-0.7201021737567175,-0.4618265800990212,-0.4887133488991874,-0.4901189472888485
2.792782457831231,-0.46416972954930086,-0.4351642390469636,-0.4616527313673439,-0.4270968201330082,0.8567944085611411,-0.30987265452648605,-0.7799578397936361,0.6400075014246513,3.75326858401166,-0.49440853544710844,-0.48018054059484067,1.6227162961872412,-0.7201021737567175,0.06562794098853425,-0.4739795459224583,-0.4880515944792899
4.298197195451678,-0.3979013082647414,-0.38170125835983854,-0.3916756139996991,-0.39114973155257976,0.16619209452610695,-0.19561111087016309,-0.7799578397936361,0.6400075014246513,2.480565884112877,-0.47212494230923113,-0.48087103098947237,0.5394653635404707,-0.7201021737567175,-0.1518790780166434,-0.42644002404913894,-0.4733185040586037
2.9974876002997926,-0.37169449545263555,-0.3750094633806423,-0.3806875181170638,-0.3789877537044079,-0.15354927822756434,-0.08134956721384012,-0.7799578397936361,0.6400075014246513,0.7334768500807155,-0.450329866044643,-0.48119200293304365,0.6821094690741766,-0.7201021737567175,-0.21431603837684865,-0.39049470426988797,-0.42578128129120035
2.455027716620526,-0.38695706113227624,-0.3712504590809951,-0.38274180614702547,-0.3696078260018875,0.4064602981668338,0.03291197644248285,-0.7799578397936361,0.6400075014246513,0.5371653267141352,-0.43035380519358857,-0.48127982267461195,0.8025913015414239,-0.7201021737567175,-0.11944564037343304,-0.37833332486018745,-0.3898376998991712
1.0558066430196476,-0.3532527995542154,-0.3620300578389932,-0.35713731022655315,-0.36431360561619697,-0.23969021714846728,0.14717352009880583,-0.7799578397936361,0.6400075014246513,0.273527649197155,-0.41216888563498255,-0.48067899439374917,0.9617293055494871,-0.7201021737567175,-0.37076403658363805,-0.3689538587034506,-0.3776769086379889
1.3565034259991613,-0.3773584630837945,-0.3676101226123124,-0.3793057983599252,-0.36890613824729546,0.2041422983863646,0.48995815106777474,-0.7799578397936361,0.6400075014246513,-0.33173899735468454,-0.39493665904116243,-0.4798011961587095,1.1148728037888922,-0.7201021737567175,-0.11326713717689653,-0.3636598988235096,-0.36829789609090735
2.371633382735047,-0.37892975732985795,-0.37489079554967786,-0.40333158799983787,-0.40528046044101534,-0.586019581659736,0.6042196947240978,-0.7799578397936361,0.6400075014246513,-2.2876850684136136,-0.38501530403672846,-0.47818973460713415,2.1940653696566335,-0.7201021737567175,0.14532618725752836,-0.36825220547588633,-0.3630041922374049
1.259586345892292,-0.3948500740892461,-0.3863881915632676,-0.3940019310381945,-0.377597186055151,0.40452851439069515,0.7184812383804207,-0.7799578397936361,0.6400075014246513,1.7966784242535174,-0.37793462295902625,-0.4764132579187797,1.3621367792491261,-0.7201021737567175,-0.19296538344589168,-0.4046247378461054,-0.36759627679668994
1.0759634758478274,-0.3804645098492687,-0.3863881915632676,-0.3849837003897691,-0.39374789742355976,-0.28927266740267477,0.8327427820367437,-0.7799578397936361,0.6400075014246513,-1.0641764311433082,-0.3783062779068273,-0.4749516426395308,0.9383662868140978,-0.7201021737567175,-0.3354117377180829,-0.3769428256347666,-0.4039670501188359
1.0761325800162356,-0.39068979850984326,-0.3883332733038872,-0.3880792029006702,-0.3818420767739352,0.21355195484432785,0.9470043256930666,-0.7799578397936361,0.6400075014246513,0.7215702450892226,-0.3787145748917355,-0.47158212812160827,0.9359979227526504,-0.7201021737567175,-0.31881719675855963,-0.3930927422963322,-0.3762864766598787
2.4594095586986238,-0.37436843630044236,-0.3474330223910399,-0.36505429240594894,-0.33695418711706754,0.861634253935766,1.2897889566620355,-0.7799578397936361,0.6400075014246513,2.7869110592755537,-0.3740436312115015,-0.4664208452260655,1.7171135063357674,-0.7201021737567175,-0.0033134867656280692,-0.38118750748078817,-0.39243561227932444
1.4448816871337749,-0.33902619182517696,-0.34415582732989486,-0.3514903632218183,-0.3550251626274435,-0.35227374474704454,1.4040505003183585,-0.7799578397936361,0.6400075014246513,-1.0900271812115434,-0.3727149647731125,-0.45978726129250935,1.871243984297925,-0.7201021737567175,-0.16313965938203412,-0.33630182656335433,-0.38053095322463615
1.6295990885539815,-0.3423578837527313,-0.3452265145265662,-0.3349369290370082,-0.3358801565774441,0.15817415326170745,1.5183120439746816,-0.7799578397936361,0.6400075014246513,1.0893996872192278,-0.36799075927465497,-0.45220669804777597,1.9252912252477934,-0.7201021737567175,-0.44238726068929424,-0.3543719128789714,-0.3356474430680866
3.9070910306405016,-0.3027585281224335,-0.30559948913842727,-0.34723170219166943,-0.3472425580272932,-1.0002106407585594,1.6325735876310044,-0.7799578397936361,0.6400075014246513,-0.703361545179506,-0.3596887205815204,-0.4435954196753419,1.3141121200395227,-0.7201021737567175,0.40986095001763995,-0.3352278488721411,-0.3537166554783569
4.661547977193104,-0.3637768168301752,-0.36332737382562674,-0.3975476884597722,-0.3963762532500828,-0.7283899687742451,-1.6810111784023618,-0.48334139791353253,0.6400075014246513,-2.9346316944454838,-0.3623749744947293,-0.43799295005012995,2.0165975750450693,-0.7201021737567175,0.2459898580423496,-0.34658969122722466,-0.3345735173165725
2.1910079305328094,-0.39666437081754957,-0.369733652219044,-0.3881917666283394,-0.35986195944429955,0.8484648892683307,-1.3382265474333928,-0.48334139791353253,0.6400075014246513,2.3357451132467903,-0.3575277564431262,-0.4311626621779421,2.3522451994749605,-0.7201021737567175,-0.008173316618060074,-0.395720968792802,-0.34593481019034145
1.7737426764473228,-0.34258901017380916,-0.34777207333665244,-0.3480571695279097,-0.3555804748400086,-0.28387198157691357,-1.2239650037770697,-0.48334139791353253,0.6400075014246513,0.205662555745241,-0.35377116245313384,-0.4243270621325755,2.3361418338558595,-0.7201021737567175,-0.27741974368632055,-0.3592084716979188,-0.39506371166952886
0.6832201720805341,-0.35068300262736857,-0.35319688846645425,-0.34872598567647717,-0.34681623926113947,0.09916127468097546,-1.109703460120747,-0.48334139791353253,0.6400075014246513,0.4709540920769835,-0.3551818808817591,-0.41864478708486835,1.6763617008409528,-0.7201021737567175,-0.3569401913021783,-0.3549271977670178,-0.35855298039169153
0.7583804337658215,-0.3502508967097011,-0.3492710354119924,-0.34169731891460364,-0.3483650754652131,0.05416940737866604,-0.9954419164644239,-0.48334139791353253,0.6400075014246513,-0.1431045900933211,-0.35422918791697316,-0.41371561238041465,1.5612391684513405,-0.7201021737567175,-0.4027677941484326,-0.34616339343837854,-0.35427191351172066
1.613638269047407,-0.340165380153573,-0.3328538317296977,-0.3325290032959527,-0.32434759355998855,0.37017184379142504,-0.8811803728081009,-0.48334139791353253,0.6400075014246513,1.359922287170155,-0.3525795110606419,-0.40775329675819594,1.6258424933209963,-0.7201021737567175,-0.2749601956512488,-0.34771215343090317,-0.345508533018105
1.6860203908231286,-0.34215050945397757,-0.3328538317296977,-0.3337859649215914,-0.3293060650461546,0.30272558657508203,-0.538395741839132,-0.48334139791353253,0.6400075014246513,-0.3298778872097839,-0.3500137832766319,-0.401674911687331,1.5776732326041603,-0.7201021737567175,-0.25510601271753364,-0.3236958533223679,-0.3470572181095133
1.5721650319505331,-0.3199267448470093,-0.3213796339387025,-0.31940313461866776,-0.3304523685096538,-0.2286188112056552,-0.424134198182809,-0.48334139791353253,0.6400075014246513,-0.11713456542260091,-0.3405836932982702,-0.3953846538133816,0.21166389582870287,-0.7201021737567175,-0.2917473518183381,-0.32865408082353964,-0.32304207947706115
2.159119728307245,-0.3236850614332331,-0.3316644767020619,-0.34735646032316936,-0.3417049883029827,-0.398657327242916,-0.30987265452648605,-0.48334139791353253,0.6400075014246513,-0.6899823704691312,-0.33798642718946437,-0.38991977868536115,-0.4148572989749826,-0.7201021737567175,-0.021004452752833722,-0.32980032788238983,-0.32800006718848046
1.1587482790234265,-0.34855170642035344,-0.34513104491819635,-0.34691839981632366,-0.33416024395862637,0.3380585349967014,-0.19561111087016309,-0.48334139791353253,0.6400075014246513,0.3851856969194218,-0.3349223677007972,-0.3833328681808903,-0.3989331573954439,-0.7201021737567175,-0.25155003965477857,-0.3410523939828349,-0.329146258812541
0.5708309897080822,-0.34224825857277336,-0.34412727567131696,-0.332816040801509,-0.3366980299185202,0.1371114785412346,-0.08134956721384012,-0.48334139791353253,0.6400075014246513,-0.1972248911949329,-0.3334750072350647,-0.3762765826520791,-0.41622038238846876,-0.7201021737567175,-0.4576334951958558,-0.3335080208828048,-0.3403977807406697
0.7900474873825756,-0.31945170240052495,-0.32647788947351947,-0.32197990595122705,-0.32787890351139093,-0.1809889165961476,0.2614350637551288,-0.48334139791353253,0.6400075014246513,0.453832446119486,-0.3305445603174203,-0.3694471238473816,-0.3936604979313915,-0.7201021737567175,-0.33570806880664517,-0.3360456819691979,-0.33285377250154147
0.40694720944720164,-0.3271318597997432,-0.33400214374812776,-0.32060381438047186,-0.331305920889099,-0.08417123723508271,0.3756966074114518,-0.48334139791353253,0.6400075014246513,-0.2455197515308042,-0.3315399150825524,-0.363474337409822,-0.9486569753056927,-0.7201021737567175,-0.48239195764528775,-0.3272269895132393,-0.3353913108615926
-0.025522739323274406,-0.3238860409298226,-0.3316644767020619,-0.3170271019337852,-0.3267014952452109,-0.05342887176536143,0.48995815106777474,-0.48334139791353253,0.6400075014246513,0.20904496727248442,-0.33116734408382364,-0.35794497925477586,-0.9455236335106527,-0.7201021737567175,-0.5000681070780648,-0.33065383826220407,-0.3265730448951568
0.8934574242412999,-0.3266266704287705,-0.32779840368274754,-0.3269073831299434,-0.3193580172711417,0.17562252285262997,0.6042196947240978,-0.48334139791353253,0.6400075014246513,0.3606696527253329,-0.3295803512838293,-0.3522385384250357,-0.9000211627736656,-0.7201021737567175,-0.27980520894925215,-0.3260496391822415,-0.3299997279148941
0.47216433185883405,-0.322866526756214,-0.32822667856141613,-0.3169014057712213,-0.3258964297640622,-0.05833103274566737,0.7184812383804207,-0.48334139791353253,0.6400075014246513,-0.41469730939822425,-0.32731901413664505,-0.34724610894169017,-1.0463601905979514,-0.7201021737567175,-0.44496534115979186,-0.31870652254904863,-0.3253957515031648
0.11951002678130063,-0.3153590290154295,-0.32654926861996425,-0.31458446904336496,-0.32468242761237537,-0.20146997899692143,1.1755274130057125,-0.48334139791353253,0.6400075014246513,0.015837923179518043,-0.3259632587636805,-0.3438086415957641,-1.1007870525729162,-0.7201021737567175,-0.4537071082723974,-0.32524461331489257,-0.3180529899977104
0.7624389214190384,-0.3236667905699068,-0.330647323865224,-0.3337859649215914,-0.32385357610564725,0.00624870660931044,1.2897889566620355,-0.48334139791353253,0.6400075014246513,-0.005901054243429909,-0.3241259223315933,-0.34154989327766405,-1.1293672984539214,-0.7201021737567175,-0.21846467361672922,-0.32403067089901527,-0.3245907645684694
-0.03174744517951049,-0.328143152084855,-0.3324077120644179,-0.32334943130453486,-0.3326480016400595,-0.09164910991690729,1.4040505003183585,-0.48334139791353253,0.6400075014246513,-0.5441095007073853,-0.32480811854387753,-0.33999453195960105,-1.1006773828877556,-0.7201021737567175,-0.41254672007100807,-0.3232018601764947,-0.323376880861264
0.8113044264491921,-0.33104182455157555,-0.32631104071870487,-0.321773539117167,-0.31484507634102055,0.37848059121567407,1.5183120439746816,-0.48334139791353253,0.6400075014246513,0.9610229982422916,-0.32245347506648836,-0.3381564586273355,-0.7447425778499818,-0.7201021737567175,-0.33619701510277444,-0.3319958529751596,-0.32254811022167984
1.4194863416600658,-0.3010474617719237,-0.2882418652017228,-0.2905746259315387,-0.27636020180069826,0.5702880255044659,-1.6810111784023618,-0.18672495603342898,0.6400075014246513,2.061670166218257,-0.31525239872400557,-0.33520436423769273,0.07725616766741729,1.388691822416084,-0.19681768759720897,-0.3141938036812848,-0.3313416777253466
1.137082516692526,-0.2786958011216712,-0.28249584391291965,-0.280005829934471,-0.2864482211877744,-0.16698867718628785,-1.5667496347460388,-0.18672495603342898,0.6400075014246513,-0.567534250426895,-0.31054481300666437,-0.3324367220115468,0.20670471480267794,1.388691822416084,-0.2683371958218679,-0.27571082281564074,-0.31354048937401463
0.09344439698292238,-0.28270351499229934,-0.28887267840842834,-0.2743147954697323,-0.28559466880832923,-0.05648233644377254,-1.4524880910897158,-0.18672495603342898,0.6400075014246513,-0.00791733444040487,-0.30477984278994547,-0.3284195522526597,0.14066001989892413,1.388691822416084,-0.4641231460353842,-0.28579834581479585,-0.27505936962193434
0.2677970260695759,-0.28163101531504436,-0.2901753478310452,-0.2878599640325848,-0.2969259654554976,-0.3381488741258213,-1.3382265474333928,-0.18672495603342898,0.6400075014246513,-0.6409534861469263,-0.3008094163405491,-0.3257118792416477,0.26495485954909537,1.388691822416084,-0.27180426955805326,-0.2849448354349816,-0.2851464047683957
0.06788329225842184,-0.2889640263110626,-0.2956652964319778,-0.2830075293389812,-0.28394794396052503,0.1232566422112981,-1.2239650037770697,-0.18672495603342898,0.6400075014246513,0.636332061903783,-0.295101110416928,-0.3220265207161127,0.28450985385940447,1.388691822416084,-0.43961656501123064,-0.29627557451791753,-0.2842929356660425
1.2502763375805914,-0.26389640182735274,-0.25790572796269984,-0.25614231966861456,-0.2447558925827845,0.4431434180448942,-0.8811803728081009,-0.18672495603342898,0.6400075014246513,1.977373809625766,-0.2825285731633733,-0.31742531896959303,0.4988898996351381,1.388691822416084,-0.23692610043419982,-0.28329819161540426,-0.29562312677188
0.7324499014734135,-0.25110040269676515,-0.25526469954424374,-0.24690552778229827,-0.2503968400336517,0.024112513571444446,-0.7669188291517779,-0.18672495603342898,0.6400075014246513,-0.32470146298345065,-0.2733095674916325,-0.3145200822462556,0.5842095306002432,1.388691822416084,-0.33896771078083804,-0.24410806870946392,-0.28264637148143834
2.0658188758017237,-0.2195100800055594,-0.21181888982131009,-0.21027916686088993,-0.19893394399835682,0.474301220885827,-0.652657285495455,-0.18672495603342898,0.6400075014246513,2.457001582726085,-0.26223411918274137,-0.309280989831435,0.7832486898776235,1.388691822416084,-0.19603241021251752,-0.2497487385936383,-0.2434581438878585
1.5739434131501682,-0.22053324835183322,-0.21688680921888803,-0.2168453843082561,-0.23077702831920208,-0.2254407153158821,-0.538395741839132,-0.18672495603342898,0.6400075014246513,-1.4771831205693897,-0.2542706267395933,-0.30575327695387616,1.1215633587325795,1.388691822416084,-0.1764745583673646,-0.198288374825481,-0.24909854097800824
1.7313198420161873,-0.22674534188278178,-0.2353142281129334,-0.2539914144390702,-0.2536848006464341,-0.6043195978616444,-0.424134198182809,-0.18672495603342898,0.6400075014246513,-1.1323738701480974,-0.2497060758313882,-0.3026130763625386,1.3456588686847117,1.388691822416084,0.10425469838270779,-0.2301298922854965,-0.19764066593548626
1.5331911792399022,-0.2646336311625697,-0.2288544153596826,-0.2565550533367348,-0.2197622687816671,1.0273937650495382,-0.08134956721384012,-0.18672495603342898,0.6400075014246513,1.6112682185013838,-0.23866818561053202,-0.29668515168806686,1.4005797868154222,1.388691822416084,0.252020195694605,-0.25303653742006105,-0.22948064347632965
1.2272986242288524,-0.2073480798323951,-0.22050305522564564,-0.22285441130365993,-0.22511046514848024,-0.3965801403868542,0.03291197644248285,-0.18672495603342898,0.6400075014246513,-0.29988610717371295,-0.23025177141585584,-0.29216231217248495,1.461421644342887,1.388691822416084,-0.1416112057979387,-0.2191156747367681,-0.25238618079993463
0.4541993492134857,-0.2220497300079178,-0.22519088066840529,-0.21023414136982224,-0.21921884958189175,0.07147237388966676,0.14717352009880583,-0.18672495603342898,0.6400075014246513,0.22282065226935535,-0.22659882204510942,-0.2875854297390149,1.1350948838075419,1.388691822416084,-0.4187993060396867,-0.22446360794190653,-0.2184669585970882
0.4283944371604667,-0.21273798451365927,-0.21674405092599847,-0.20279274093982858,-0.21179669475398302,0.02826688728357117,0.2614350637551288,-0.18672495603342898,0.6400075014246513,0.29092314490905435,-0.2210772596463165,-0.2830535933058528,1.1038265722310847,1.388691822416084,-0.39607071154691065,-0.21857228227630762,-0.22381463316553057
0.22915135933149486,-0.20678168306927922,-0.21866504220469318,-0.20475041177020764,-0.21366298291482788,-0.14954030759536382,0.3756966074114518,-0.18672495603342898,0.6400075014246513,-0.13759067139114348,-0.22318417677997773,-0.2785324119252516,0.2994820399175463,1.388691822416084,-0.39704860413916915,-0.2111504926606238,-0.21792359241616885
-0.20148780453001508,-0.21459521777077958,-0.22288265752024783,-0.20557587910644792,-0.2176764173077818,-0.06300470317180772,0.7184812383804207,-0.18672495603342898,0.6400075014246513,-0.23624606720537394,-0.22131019831078344,-0.2749520686151586,-0.07180197741118789,1.388691822416084,-0.4540478890242445,-0.21301668898947818,-0.2105021617330056
-0.2009449987322999,-0.21524748759152915,-0.22102679971268407,-0.20308071647644885,-0.21312596764501615,0.05514568520101526,0.8327427820367437,-0.18672495603342898,0.6400075014246513,0.1575809497429353,-0.215508455192539,-0.27105256502749164,-0.4408291768067143,1.388691822416084,-0.4626414905925678,-0.21702992589863687,-0.21236826780889043
0.6528111667566519,-0.21815255486041388,-0.22763829315212997,-0.22863831084372566,-0.23808940149059038,-0.44560175018992243,0.9470043256930666,-0.18672495603342898,0.6400075014246513,-1.1952913744466467,-0.21813006208313748,-0.2679524667377232,-0.7345579855032315,1.388691822416084,-0.16874031695587266,-0.21247970014387155,-0.21638131062992294
0.33596567900916563,-0.24241626135776564,-0.23650447537989971,-0.23863866001606426,-0.2227629673932215,0.4540901927763414,1.0612658693493895,-0.18672495603342898,0.6400075014246513,0.6792942270068083,-0.21779426398593402,-0.2639602611221561,-0.5589101815401994,1.388691822416084,-0.15801313154989613,-0.2374419056465417,-0.21183130493313337
0.2617009261014165,-0.2177442010650706,-0.2311385480459149,-0.22755769905810194,-0.2387663883724655,-0.47025795817138427,1.1755274130057125,-0.18672495603342898,0.6400075014246513,-0.796794800115507,-0.22059044401046435,-0.26075843318070385,-0.4565406370351282,1.388691822416084,-0.24393433067871273,-0.22211622569688683,-0.2367923032138525
0.29356978974772163,-0.23343887266237875,-0.22221615474031994,-0.2315283845516307,-0.20850964898833824,0.5735907526056069,1.5183120439746816,-0.18672495603342898,0.6400075014246513,1.3936765121000239,-0.22012024815572867,-0.256455879967923,0.00819484948905955,1.388691822416084,-0.0330503115029159,-0.23811885921681242,-0.2214673644445892
1.7601474446223166,-0.21060668830664414,-0.1760044030926519,-0.19700227518231553,-0.1655356195434742,1.0301771954366614,1.6325735876310044,-0.18672495603342898,0.6400075014246513,1.9005070912151418,-0.21323586370538614,-0.2510069413594389,0.5309821038929272,1.388691822416084,0.18899057315727216,-0.20786360863632303,-0.23746922404530094
1.0927252172948854,-0.1640159868245303,-0.1476668819540822,-0.14899384533143,-0.14125008742691259,0.5222219216551841,-1.6810111784023618,0.10989148584667455,0.6400075014246513,0.9792482202391547,-0.20230345020563123,-0.2446278504392108,0.5356839982682873,-0.7201021737567175,-0.098746913837314,-0.16489169375808693,-0.20721543666895953
1.8217719520732594,-0.07967768171024123,-0.09254433611211645,-0.08326976080755054,-0.08695025041770607,-0.16254349731431456,-1.5667496347460388,0.10989148584667455,0.6400075014246513,2.172135363982425,-0.18425462964199468,-0.2365807678470482,0.8610582783760257,-0.7201021737567175,-0.2215168838289296,-0.14060735662780935,-0.16424559999807223
2.4386747984377517,-0.046052898387649824,-0.0034453165624449313,-0.03296315485008682,0.012414041745938286,1.3290012965497828,-1.109703460120747,0.10989148584667455,0.6400075014246513,3.7184158018021374,-0.14842133463956583,-0.22544507108516854,1.08126147109519,-0.7201021737567175,0.46345242738424136,-0.08631019147936908,-0.13996243730668173
2.6096000019396537,0.032097978861181244,0.02731284987993263,0.011227488570687283,0.023563283812710514,-0.19482298105752277,-0.9954419164644239,0.10989148584667455,0.6400075014246513,0.3205150972711478,-0.11318556657082018,-0.21371570058780556,1.159483547275826,-0.7201021737567175,0.27621562907576563,0.013049211396048595,-0.08566789807723882
1.6473141439104309,0.03209158405901708,0.020032176942567103,-0.004637430813213203,0.008937622622796083,-0.5267574406562786,-0.8811803728081009,0.10989148584667455,0.6400075014246513,-0.5349915331502597,-0.07775271668820548,-0.2025179772951678,1.0284937763148783,-0.7201021737567175,0.40590492998532324,0.024197904856709047,0.013686699579658474
0.7936711481341833,0.02721326355088982,0.014857188825322032,0.020339522325503692,0.026258423480283448,-0.022561875084275207,-0.7669188291517779,0.10989148584667455,0.6400075014246513,0.5293156355662032,-0.0441702896795016,-0.1907667132748195,1.112418621798314,-0.7201021737567175,-0.07455148045615345,0.00957296333249651,0.024834853867309176
2.9529909293347822,0.02661032506112127,0.09834491522510484,0.035804840476178684,0.11796910449018881,2.0734650657625133,-0.652657285495455,0.10989148584667455,0.6400075014246513,2.964643003720504,-0.003616322517907584,-0.1756420657549272,1.3715266630887442,-0.7201021737567175,1.067567801083022,0.026892911908083957,0.010210619634382998
5.860802554004568,0.18678550258396312,0.2447167774033905,0.09527600992803775,0.08894374935336416,-2.2275788102686516,-0.30987265452648605,0.10989148584667455,0.6400075014246513,-0.9142103552255197,0.029311782399596923,-0.16208917666568456,1.8676693215669964,-0.7201021737567175,2.558854004275875,0.11859908023095499,0.02752973058277806
2.9679668564319455,0.12405523398254541,0.12278335048912953,0.07019212124803523,0.10098405253222593,-0.5278583496899927,-0.19561111087016309,0.10989148584667455,0.6400075014246513,0.3165648952110375,0.05619486724534954,-0.1494238810903487,1.7972021024795541,-0.7201021737567175,0.9302331580885405,0.08957515330666077,0.11923146381278715
1.6578171728388147,0.11613755536008494,0.09899000426109934,0.0864519517098415,0.11879887084405472,0.05666203160594384,-0.08134956721384012,0.10989148584667455,0.6400075014246513,0.4863812269566858,0.07141269784920384,-0.13582204631297298,0.7541030309050066,-0.7201021737567175,0.2782899466957075,0.10161486403413689,0.09020894054337768
1.2737018982354777,0.07603940516097876,0.08811093010358735,0.09208013809329828,0.09112748947098004,0.340114949984202,0.03291197644248285,0.10989148584667455,0.6400075014246513,-0.8732821759021877,0.08107742772946981,-0.12317763095591228,0.9568632871888517,-0.7201021737567175,0.00873237198445306,0.11942880575559768,0.10224806900647525
0.349981428921531,0.09814075498366062,0.09156032735553038,0.1070886351158494,0.09125007898742772,-0.15963543571582525,0.14717352009880583,0.10989148584667455,0.6400075014246513,-0.04858021967630136,0.09285182289617959,-0.110148773932965,0.8805941165280935,-0.7201021737567175,-0.17105169944666437,0.09175878597184464,0.12006114921025172
1.7978465120634075,0.10152725950119386,0.15847292371150945,0.10583730167659425,0.17795288676573295,1.7319755466258722,0.48995815106777474,0.10989148584667455,0.6400075014246513,2.597389439144521,0.11455097554219805,-0.09464539610100853,1.4040393513225577,-0.7201021737567175,0.959866266944832,0.09188136945619099,0.09239246760373886
1.6186909529364437,0.17517071476742205,0.17334298439461407,0.14961239733605639,0.13243009319532295,-0.9761152732282352,0.6042196947240978,0.10989148584667455,0.6400075014246513,-1.3231709652897963,0.11661954940131489,-0.08198541269885139,0.917543289337398,-0.7201021737567175,0.5153548175460381,0.17857991096330303,0.09251504515970387
1.2477397750544659,0.15024377593132487,0.14444692143511412,0.1521141261835029,0.14704935045527373,-0.07739960808431914,0.7184812383804207,0.10989148584667455,0.6400075014246513,0.37521639249594735,0.12493127206139891,-0.06864540971740347,0.782523477388432,-0.7201021737567175,-0.004009864823749815,0.13305935737320992,0.17920939375275557
3.1371378488611406,0.19893562669596532,0.18167114630605635,0.1013159919485507,0.09870882770084312,-2.2821257371088493,0.8327427820367437,0.10989148584667455,0.6400075014246513,-1.4447754972467595,0.12460581225323673,-0.058655238577533415,1.079298277157348,-0.7201021737567175,1.416512474420278,0.14767789528256858,0.13369104162725304
2.2206531796675066,0.03879699089977615,0.04842947811628435,0.029882112338654433,0.04011561307455601,0.028682324654782675,0.9470043256930666,0.10989148584667455,0.6400075014246513,-1.828515913976041,0.11335055623368386,-0.04956291682348781,1.3339799936432901,-0.7201021737567175,0.33222220481415804,0.09933975115675422,0.1483088725550169
1.598508104082355,0.050362447385336205,0.0977649596602412,0.05893668651218576,0.11488972902479501,1.4634783736112573,1.2897889566620355,0.10989148584667455,0.6400075014246513,2.3680462765664005,0.11674962863304529,-0.03719197091342255,1.915710049247993,-0.7201021737567175,0.6925608085066568,0.04074941964982717,0.09997306615808046
1.5539147897753847,0.09238543303587013,0.10773394970058246,0.09734530645502204,0.07639845055450896,-0.3659831779970562,1.4040505003183585,0.10989148584667455,0.6400075014246513,-1.1990411468396163,0.11462517566734001,-0.027251543822972384,2.0518027829841508,-0.7201021737567175,0.2514275335174786,0.11551985628834549,0.04138556819622238
0.36799212544097654,0.0905583467032382,0.08995429656052335,0.10521257298803047,0.09019434539055773,-0.011199662981612101,1.5183120439746816,0.10989148584667455,0.6400075014246513,0.3762413975984263,0.10207174461884834,-0.01666855872131285,1.2865613773374438,-0.7201021737567175,-0.16808838856103367,0.07703047180784747,0.11615238878757742
0.032412695653775164,0.08264066808077786,0.07712389498707775,0.09520659562930842,0.08310702461503582,0.007910456094157876,1.6325735876310044,0.10989148584667455,0.6400075014246513,-0.2691722318093062,0.09501632037386641,-0.006521202526516906,1.167386293755942,-0.7201021737567175,-0.22310225515273904,0.0908256878074176,0.0776648657303347
0.8920414091168255,0.09908535861763139,0.07939018288669891,0.06392607374112005,0.04850750586839383,-1.15159601882838,1.7468351312873274,0.10989148584667455,0.6400075014246513,-1.1192109158222459,0.080920390427582,0.00221572563000728,1.1791826470219,-0.7201021737567175,0.30861943361012184,0.0837387157683811,0.09145941456579657
0.25323419629809596,0.0590109605408493,0.07508423587741873,0.07856217243129916,0.08158837836650529,0.5107143064726006,-1.4524880910897158,0.4065079277267781,0.6400075014246513,1.0081742683389765,0.07847139370464187,0.012125630754331904,1.208817771049189,-0.7201021737567175,0.005932043197535334,0.049140899514817586,0.0843727852668361
0.1799515483684108,0.08691056884013862,0.0855528799428733,0.08957840924585177,0.0828087844481557,-0.0959488867089573,-1.3382265474333928,0.4065079277267781,0.6400075014246513,-0.014632580132582241,0.08457844351063967,0.02221120606799651,0.7736107808693893,-0.7201021737567175,0.005769061098824533,0.08222014424588203,0.049776642232541385
-0.45873691987492,0.08568002619511106,0.0691526288078592,0.09352470593171879,0.08160118622643268,-0.09538804625781958,-1.2239650037770697,0.4065079277267781,0.6400075014246513,-0.08957596972208677,0.07981667992414715,0.03210351653780443,-0.17226993651837333,-0.7201021737567175,-0.3289072703241269,0.08344049027661318,0.08285428718547894
-0.2702512829305542,0.08436452403561603,0.07954543253021623,0.09912099925900252,0.0843823215249465,-0.002330075106226811,-1.109703460120747,0.4065079277267781,0.6400075014246513,0.033572327916399386,0.08095873370212625,0.04292705403647308,-0.45618009067293236,-0.7201021737567175,-0.24471960806340307,0.0822329514755899,0.08407457419784665
0.2694150370523578,0.08966764211608017,0.06909998668735622,0.060192710106760486,0.06189537888104208,-0.6334833013207605,-0.9954419164644239,0.4065079277267781,0.6400075014246513,-0.7447436294783304,0.07691070465271359,0.05248141203225942,-0.4020178864651363,-0.7201021737567175,0.1967099980143375,0.08501394992643162,0.08286709379580366
0.014057472619792165,0.05828012600779654,0.04396828146348686,0.04195175803797727,0.04107345802769541,-0.3925711697546537,-0.652657285495455,0.4065079277267781,0.6400075014246513,-0.7097467902715321,0.07089800809226658,0.06187404045502482,-0.3393776560823015,-0.7201021737567175,0.0674948268464815,0.06252811376798116,0.08564795775202409
0.21913240192519076,0.02661032506112127,0.021662298199499407,0.02891875443601944,0.014127550434792415,-0.28428741894812354,-0.538395741839132,0.4065079277267781,0.6400075014246513,-0.9235772559491103,0.06598012325481423,0.06934670210120189,-0.41744709916625433,-0.7201021737567175,-0.09705782663250408,0.04170721747154793,0.0631632090533734
2.6856355170680217,0.07167815008498636,0.11980862456104419,0.07269385009548172,0.12413517419807801,1.1887288681598969,-0.424134198182809,0.4065079277267781,0.6400075014246513,3.618922269097514,0.07206623475389334,0.07906929938511849,1.4343157978268741,-0.7201021737567175,0.8413190149652392,0.014762635770531067,0.042343319696933765
2.4118132640753154,0.1575521212618525,0.15917422382532917,0.15540380112463337,0.16453482379754153,0.15343816722988463,-0.30987265452648605,0.4065079277267781,0.6400075014246513,1.1395052538535273,0.083756745828512,0.08933275573476426,1.5114405148350323,-0.7201021737567175,0.1885905261877137,0.12476484653315013,0.01540004108952724
0.9534856626739704,0.1904332804470627,0.16965535924141162,0.19253669882055283,0.18265520105335165,-0.18277529729235997,-0.19561111087016309,0.4065079277267781,0.6400075014246513,0.46039864430110145,0.09821202946728305,0.09838187386070256,1.4897827093216387,-0.7201021737567175,-0.22388753253743154,0.16516250824011378,0.1253969319262496
2.377808472313299,0.19774802057975463,0.2749752898206548,0.2214224274025803,0.29544396011515106,2.2118057103762614,0.14717352009880583,0.4065079277267781,0.6400075014246513,3.0816502937209056,0.12840336680613826,0.10788157481453407,2.044513460241318,-0.7201021737567175,1.0687975751005594,0.18328199387031824,0.1657926399218724
1.6776376556177428,0.33294601439235194,0.3213958254716737,0.32915810918577226,0.3268232169371982,-0.14981034188665204,0.2614350637551288,0.4065079277267781,0.6400075014246513,0.7317447174749803,0.16630000109095405,0.11806028204294576,1.7783461772452522,-0.7201021737567175,0.1379327265978825,0.29606520308377904,0.18391124925768085
0.8843053579840343,0.3122451262436323,0.31372256722886205,0.32671922841960765,0.32160218432252113,0.20233514582159093,0.3756966074114518,0.4065079277267781,0.6400075014246513,-0.1792280221806263,0.20642826630001399,0.12855464904175012,1.6151588754995934,-0.7201021737567175,0.04903340002900987,0.327442915867947,0.29668900405062365
2.446468444096472,0.3096141219246424,0.37974203201495094,0.33663140267193886,0.3968026190389139,1.969605722959398,0.48995815106777474,0.4065079277267781,0.6400075014246513,1.783801369661428,0.261168067263223,0.14099170540761813,1.0757410158898777,-0.7201021737567175,0.98878818118857,0.32222214015776485,0.3280651993461369
2.6095814190640048,0.42172413929493646,0.4234617592123664,0.44168431561234966,0.42616921215808923,0.08725899399574186,0.6042196947240978,0.4065079277267781,0.6400075014246513,0.6205367671492841,0.30437256235184657,0.15133622613409614,0.4014625690529849,-0.7201021737567175,0.05544896809639722,0.39741887458512926,0.3228446761230613
2.3446008983052207,0.4713688155820445,0.44339438585706564,0.38069353583695725,0.40434736338327026,-1.5370180399707387,0.9470043256930666,0.4065079277267781,0.6400075014246513,-0.540577786659084,0.3386765757627247,0.16192252750571726,0.7357630413404643,-0.7201021737567175,1.349823162939198,0.4267840227009249,0.3980377738866527
0.5969324844564635,0.37917129860793936,0.38328689887526385,0.40600818015868156,0.4099215269930875,0.6859042459128929,1.0612658693493895,0.4065079277267781,0.6400075014246513,0.07460681001915388,0.3711859145418618,0.1722917974320915,0.7943912288861247,-0.7201021737567175,-0.048178013574052554,0.40496324768515946,0.4274015018454275
1.2622901542992608,0.43100573786470675,0.4654032534239768,0.4595566214730165,0.4891042912997535,1.3051759633107485,1.1755274130057125,0.4065079277267781,0.6400075014246513,1.7426654748956552,0.3988880797813773,0.18472083947888637,0.07407948222945634,-0.7201021737567175,0.4696309305807789,0.41053713701442857,0.40558178212578094
3.0190511568146223,0.5043696489220422,0.5424927315843173,0.5151321479164597,0.5412999798923213,0.8221677036705813,1.2897889566620355,0.4065079277267781,0.6400075014246513,1.05955126416084,0.4295679339935217,0.19983056378395272,0.10672388707576164,-0.7201021737567175,0.8719448329682137,0.4897160050788043,0.4111554018906661
2.347864038880649,0.5742008885552339,0.5561083037686554,0.5426605455490101,0.5258390632657151,-1.1166785077779737,1.4040505003183585,0.4065079277267781,0.6400075014246513,-0.369087248723135,0.45878302277230787,0.21441723862123052,0.16960002328692328,-0.7201021737567175,0.6632240307389295,0.5419091253466735,0.49033044070735876
3.015679157753641,0.5303069665000849,0.6644903997303787,0.5514330120586913,0.6955121025006358,3.733843607287351,1.7468351312873274,0.4065079277267781,0.6400075014246513,3.4637122477880893,0.5015119565650477,0.23178875115852823,1.0823648842373375,-0.7201021737567175,2.3244561132226105,0.5264489694850865,0.5425210368120296
1.9655614866311468,0.7054943988749967,0.6714793104066512,0.6464874518888913,0.6245501545730636,-1.860726839619489,-1.6810111784023618,0.7031243696068816,0.6400075014246513,-1.358643074712064,0.5298893822026808,0.24830641629939545,1.5662879037356652,1.388691822416084,0.9390934576365706,0.6961136598416018,0.5270616286343569
2.1906636889556985,0.6349990133598933,0.6017365308941376,0.44202951104386834,0.5401399537217569,-2.1743820548848953,-1.5667496347460388,0.7031243696068816,0.6400075014246513,-1.6823237844529233,0.5493138495308543,0.26150022704671494,1.928675306552429,1.388691822416084,3.0104329501368974,0.625155203645405,0.6967181136686907
1.8717800190184164,0.41647948797711665,0.46123828022892505,0.43227211191708226,0.4170326337941887,-0.0009383599126690545,-1.4524880910897158,0.7031243696068816,0.6400075014246513,-2.576669253529015,0.5503310586538324,0.27218454261941494,2.6023782648000497,1.388691822416084,0.8314363731616667,0.5407491562559934,0.6257630891646945
2.716401908256391,0.4030202565077837,0.44993717686805834,0.33853185360741933,0.45155256083985357,1.0888784959889795,-1.3382265474333928,0.7031243696068816,0.6400075014246513,0.7257209284256906,0.5449594668783426,0.28599413556862663,2.393248842696317,1.388691822416084,2.1244326284426465,0.41764789390863666,0.541361123819764
2.907575124562992,0.2604773756380061,0.2736895729453186,0.20676944415325083,0.1828619565064648,-1.7707223331463122,-0.8811803728081009,0.7031243696068816,0.6400075014246513,-5.944492749539561,0.493686656947561,0.28827557577099877,4.159296800700602,1.388691822416084,1.2788963168916643,0.4521661223775873,0.41826581489451514
1.569610543143698,0.2623044619706379,0.2744631444449136,0.2431340944078284,0.2928567724098231,0.6851980023818348,-0.7669188291517779,0.7031243696068816,0.6400075014246513,3.003389530202156,0.46035967728326127,0.29554084771978,4.964454393460404,1.388691822416084,0.7173489040649463,0.18348873914988736,0.45278237399322074
1.7727154398585987,0.35247117248602294,0.363657633602955,0.30269906696607846,0.3082874990808864,-1.0146263175396335,-0.652657285495455,0.7031243696068816,0.6400075014246513,0.33413268338590274,0.4049690875681453,0.30286099165393954,4.013048806813181,1.388691822416084,1.2576641943961304,0.2934781426827987,0.18411798453863668
0.8728154420842528,0.3394677990566815,0.314613914320091,0.3025114607532966,0.31249579591416377,-0.6234089450688576,-0.538395741839132,0.7031243696068816,0.6400075014246513,0.05163270051348437,0.3603312345065413,0.3105602650808067,4.06635957309273,1.388691822416084,0.44620595802988006,0.3089081100743602,0.2941020687650344
1.701728854878386,0.33645310660783884,0.42614383064002825,0.3425334941260571,0.4555165934873734,2.6924667488690806,-0.19561111087016309,0.7031243696068816,0.6400075014246513,3.467712759149951,0.34822627581935767,0.32422124000582603,4.864309265700175,1.388691822416084,1.6661121503168186,0.3131161998355022,0.30953128993265605
2.232367378487791,0.5057938627183288,0.550878889052246,0.5220107297081075,0.5474285408675659,0.9289351080721798,-0.08134956721384012,0.7031243696068816,0.6400075014246513,1.9569830060057989,0.3668787739443344,0.3398568387493885,4.623435409912154,1.388691822416084,0.9025558344167637,0.45612995997215877,0.31373917618220004
1.3124603134744148,0.5158729844722927,0.5385365423926165,0.53642451503614,0.5230323122473464,0.14583566333669512,0.03291197644248285,0.7031243696068816,0.6400075014246513,-0.54991867401578,0.3771036035346668,0.35463263309307175,4.669511470382494,1.388691822416084,0.46992726166934323,0.5480373847618669,0.4567460198887152
1.4697606516589419,0.44196734231733176,0.47905362294220655,0.45103273319527126,0.46713515213576995,0.5571186608370351,0.14717352009880583,0.7031243696068816,0.6400075014246513,-1.213066082267923,0.41776749680758213,0.3675728106007573,1.9205546917984784,1.388691822416084,0.8309474268655386,0.5236423565748289,0.548648999852398
1.8275799059716011,0.5404472956461919,0.518341597384733,0.5160692409493051,0.5242216135263161,-0.38592417181525507,0.2614350637551288,0.7031243696068816,0.6400075014246513,1.1844250351243102,0.45086310818043374,0.38233570833903524,1.4787389379689908,1.388691822416084,0.4560885998334549,0.46774794692139887,0.524255151457487
2.6849931318339944,0.5562515924234578,0.5322605309414612,0.44812483689715193,0.54630053434682,-0.24396922207195598,0.6042196947240978,0.7031243696068816,0.6400075014246513,0.4057507975995788,0.48490971128063415,0.39859442806708945,1.4728910709693268,1.388691822416084,1.7604343358063959,0.5248315993334125,0.4683634449689782
1.573885719515569,0.4845996612597984,0.47896439900915044,0.4810497272403735,0.46957504945193307,-0.35684355583037974,0.7184812383804207,0.7031243696068816,0.6400075014246513,-1.6185272152105061,0.507379131892412,0.4129767838273059,1.9456842700746824,1.388691822416084,0.3553360297220639,0.5469094337454564,0.5254443367019234
2.1497088893122718,0.41017604012953657,0.4027966040772778,0.3506014993067423,0.33579420796918047,-1.7021543950276952,0.8327427820367437,0.7031243696068816,0.6400075014246513,-2.9451619992071194,0.490253428935039,0.4237732998670305,1.697967589060156,1.388691822416084,1.1509701859590515,0.4701877241807391,0.5475211033859442
2.2049699016030457,0.2842294979622209,0.36517444046490605,0.27374486211638543,0.35845131218069115,1.6760161327235499,0.9470043256930666,0.7031243696068816,0.6400075014246513,0.4941103882032371,0.46322115865249325,0.43163795690511714,1.1499917624676388,1.388691822416084,1.7401949224575468,0.3364134654761554,0.47080310423583327
1.1140583585402477,0.374578917110869,0.3926322136235441,0.398815357960624,0.41806915560116775,0.9753186905680559,1.0612658693493895,0.7031243696068816,0.6400075014246513,1.3579707337457614,0.4482066913545836,0.4401476591568841,1.521822640702449,1.388691822416084,0.2206239168613645,0.3590694548292953,0.3370353151207084
0.46407018871228134,0.4694348446989536,0.4501745125299872,0.47464016098068024,0.46033509336147616,-0.22182641018632884,1.4040505003183585,0.7031243696068816,0.6400075014246513,0.8995141246942535,0.4472339761338067,0.4494677902335502,1.5332838809422078,1.388691822416084,-0.0215082156033895,0.4186843647128484,0.3596902087851013
0.4871813394997659,0.4431860089011972,0.4514236475927706,0.46228910596218453,0.4538396786840261,0.22753142238562774,1.5183120439746816,0.7031243696068816,0.6400075014246513,-0.19379236639006428,0.43716618384536265,0.45478423157459835,1.3472707811255251,1.388691822416084,0.19432453275140898,0.4609482227486664,0.41930223557293556
0.4055716554373076,0.4593858698694781,0.46757317947589755,0.4900238704287953,0.48415130889641345,0.5474181982192209,1.6325735876310044,0.7031243696068816,0.6400075014246513,0.6111925191028501,0.42827604045665824,0.4600648387763424,1.3800782070840467,1.388691822416084,0.02442310312386214,0.4544531276825558,0.4615640496444432
0.502049498306747,0.518583467046752,0.5120370342749995,0.5336423149005847,0.542549661082377,0.52735257318966,-1.6810111784023618,0.9997408114869851,0.6400075014246513,1.196390826122605,0.4387147025063943,0.46748078606494003,1.2454134662407474,-0.7201021737567175,0.07382149558729703,0.4847632663903644,0.4550692686940599
1.2709561916382117,0.4595987254272298,0.4830392560318158,0.4729198120094705,0.4417024017085714,-0.4212363483683116,-1.5667496347460388,0.9997408114869851,0.6400075014246513,-2.1165757910154173,0.453864352748346,0.4689878158189372,0.6562044279268319,-0.7201021737567175,0.5514183110241414,0.5431587450453081,0.4853779415432214
0.2783614528191049,0.46556781647593826,0.46671127628257686,0.48645935238593946,0.47399650566828755,0.17628722264656985,-1.2239650037770697,0.9997408114869851,0.6400075014246513,0.6613670264265594,0.4703925287720357,0.47059310542364,0.6678542906937345,-0.7201021737567175,0.06641321837322256,0.44231644793014907,0.543770596076568
0.442763063492828,0.4669070707577573,0.45225610688818263,0.4449355312798598,0.438317467299196,-0.6642672105275985,-1.109703460120747,0.9997408114869851,0.6400075014246513,-0.8212116371102505,0.4732889509409378,0.4717332881662676,0.6185078785865828,-0.7201021737567175,0.48225463495356113,0.4746089628363044,0.4429331758956468
0.21907910623782867,0.45497071574667325,0.45558772854849183,0.46930839241341893,0.4728383091919983,0.3909437123520424,-0.9954419164644239,0.9997408114869851,0.6400075014246513,0.7126231238373897,0.4750774749450215,0.4738450458889522,0.5755400560830958,-0.7201021737567175,0.1526011154817514,0.4389316800787956,0.47522412907149564
0.11848664304212778,0.5115190377416309,0.48265202416235303,0.5051261705577373,0.4747283833784226,-0.8519202711042739,-0.8811803728081009,0.9997408114869851,0.6400075014246513,-0.01155963307957057,0.4780655022066912,0.47336252860958,0.5689196247276131,-0.7201021737567175,0.03627634666638046,0.4734508233498681,0.4395485717384048
-0.3087508015459456,0.4862138920346788,0.46953610600312845,0.5087535366818753,0.49936887618439973,0.28292999583680645,-0.7669188291517779,0.9997408114869851,0.6400075014246513,0.4783770613385356,0.48024230093969256,0.47195514048543924,0.5483305928093938,-0.7201021737567175,-0.2388226194010012,0.47534080453389416,0.4740660455949905
0.0579068400830195,0.522359140953136,0.5116203585076283,0.546649053632753,0.5246790370951507,0.03574475996539281,-0.424134198182809,0.9997408114869851,0.6400075014246513,0.4826511336976235,0.47768599539379586,0.4719162050195969,0.35323091372429205,-0.7201021737567175,-0.13854417903130978,0.4999800848875028,0.475955935375764
-0.10292648680853073,0.5264700852015577,0.5120664781729078,0.5404580486109507,0.5379443205913512,0.24346344557162317,-0.30987265452648605,0.9997408114869851,0.6400075014246513,0.22279829432801074,0.4914529321926252,0.4666275527925768,-0.6828307464981203,-0.7201021737567175,-0.03334664259147905,0.5252890003944064,0.5005940241247248
0.4018483904722198,0.5460509694283741,0.5626564482156315,0.574071453755082,0.5826199657122797,0.8126126441326904,-0.19561111087016309,0.9997408114869851,0.6400075014246513,0.8652332755490038,0.5069909880279129,0.46522019537463927,-0.6194279444765597,-0.7201021737567175,0.27581558210620716,0.5385536311632236,0.5259017156420913
-0.05800497414042686,0.5476642866600878,0.534907805035231,0.5589063055448579,0.5447452942127827,-0.08402583415515648,-0.08134956721384012,0.9997408114869851,0.6400075014246513,-0.8055030727282836,0.5222149692594246,0.465374770402281,-0.6297841341244227,-0.7201021737567175,0.05455997483070845,0.5832270779883563,0.5391657049069583
-0.16565447019269464,0.5602410354307595,0.5330635463389647,0.5474932815902716,0.5166594870863441,-1.0076885134403795,0.03291197644248285,0.9997408114869851,0.6400075014246513,-0.6262951262163361,0.528483374893112,0.46871867594661315,-0.5218212106341412,-0.7201021737567175,0.2042071745549817,0.545354270138078,0.58383699123527
-0.03512982587368808,0.5352711600658457,0.5064453703903831,0.51628874021826,0.4897016864806515,-1.0520156809487506,0.3756966074114518,0.9997408114869851,0.6400075014246513,-0.6147832489096959,0.5306252328264432,0.46999912462612337,-0.4076512478081473,-0.7201021737567175,0.25507240590680114,0.5172698449930648,0.5459660149893737
-0.20726488607761154,0.4911470251327849,0.4610901685000521,0.48558416940331195,0.4625920212501056,-0.6642672105275985,0.48995815106777474,0.9997408114869851,0.6400075014246513,-0.6295577200126031,0.5253644832132024,0.4793880683044873,-0.4094517687611565,-0.7201021737567175,-0.013107229242634215,0.49031337086446214,0.5178829480630689
-0.180722209084149,0.4635881684345316,0.4646591258222901,0.4924627511949598,0.4647263596222873,0.010818517692644226,0.6042196947240978,0.9997408114869851,0.6400075014246513,-0.005924435276802203,0.5167885452926918,0.4851567506084087,-0.5213146917948878,-0.7201021737567175,-0.06249080515164047,0.4632050395836094,0.490927777603218
0.10258230308894327,0.522116138470896,0.501181158340082,0.5026553967353999,0.47433225456781203,-1.1018681654942477,0.7184812383804207,0.9997408114869851,0.6400075014246513,0.15616911908327336,0.5076891496992223,0.4907299265156289,-0.5370110269805439,-0.7201021737567175,0.382998536839412,0.4653392729342059,0.46382075733523126
-0.13067778164563804,0.46096904017670376,0.43472717300001057,0.4490947610172343,0.45859688379990504,-0.06880005450022206,0.8327427820367437,0.9997408114869851,0.6400075014246513,-0.3913372508781331,0.489948253111704,0.4956337071899161,-1.0362100417389921,-0.7201021737567175,0.12547200432381322,0.4749446952150737,0.46595488747005426
-0.3342651022009775,0.4298784255974728,0.4432748257867705,0.45728658629835545,0.45752925719024523,0.6138881776132132,1.1755274130057125,0.9997408114869851,0.6400075014246513,-0.07561077428664424,0.47747242466322837,0.4957012608372762,-1.0905548546865518,-0.7201021737567175,0.13802162592445222,0.4592100987168904,0.4755598452135788
-0.540633523537403,0.46681571644112574,0.4573722072096107,0.488866340095931,0.47094732015843666,0.07868021228020314,1.2897889566620355,0.9997408114869851,0.6400075014246513,0.24054782828043084,0.47093352227703916,0.49313422223758674,-1.0413513449600724,-0.7201021737567175,-0.12669093548879568,0.458142524640531,0.4598260096718054
-0.4378739253834842,0.4446476779673027,0.42197974968430707,0.444778880092187,0.4140438281954241,-0.7092798496984692,1.4040505003183585,0.9997408114869851,0.6400075014246513,-1.2814865526074122,0.46011103488860566,0.48947610011441967,-0.6798152952841765,-0.7201021737567175,-0.018041141867206248,0.47155992736372027,0.45875848722545365
-0.5417930949779175,0.4247927307905918,0.4203737188892999,0.4462178197442242,0.4287115723536713,0.07521131023057609,1.5183120439746816,0.9997408114869851,0.6400075014246513,0.279068624472327,0.45526460202351204,0.48818643957390573,-0.6548470017613671,-0.7201021737567175,-0.06743953433064535,0.4146592353761039,0.47217524105633685
0.19900699893402582,0.4154608873466743,0.3892390274494263,0.3607003417407914,0.3592142946935072,-1.2905598194989474,1.6325735876310044,0.9997408114869851,0.6400075014246513,-1.604131073849498,0.44017161607465827,0.4826480845012794,-0.2104555598788349,-0.7201021737567175,0.766317616449965,0.4293262577979278,0.41527730089945863
-0.3052029589269869,0.37619223434258303,0.387420643693746,0.401942753527698,0.3972408308178573,0.46572243917028827,-1.5667496347460388,1.2963572533670886,0.6400075014246513,0.8466346586518768,0.42914406414284295,0.4776449999653726,0.027350020609646693,-0.7201021737567175,0.08468202998313033,0.3598323997990329,0.42994361399488024
-0.10708719266640236,0.4240929567251937,0.4492528293015193,0.44693635153917866,0.4685687176004973,0.9960905591286836,-1.4524880910897158,1.2963572533670886,0.6400075014246513,1.5813912049088337,0.430570486301657,0.47761122314169263,0.5206795643761039,-0.7201021737567175,0.4007784021531874,0.39785706480156124,0.36045311685730136
-0.18917370092943714,0.4877057080252727,0.47194515219563893,0.47948602945683655,0.4596645104095646,-0.6524895610537298,-1.3382265474333928,1.2963572533670886,0.6400075014246513,-0.24501883466584437,0.430875923853829,0.4817688430746824,0.5281611772656017,-0.7201021737567175,0.2634733922675606,0.46918144184655314,0.3984759429113335
-0.32774770366468164,0.48064127872015133,0.48562675009043826,0.5010616819578179,0.5118409872122415,0.6928212781435856,-1.2239650037770697,1.2963572533670886,0.6400075014246513,1.0846304464005185,0.43672556334914886,0.4869172600710234,0.6828507324322998,-0.7201021737567175,0.14987486946696635,0.46027767279324955,0.46979687056746416
-0.5770745426856221,0.5043934010443664,0.4754248855848211,0.5019368649404454,0.4870184398258681,-0.41085041408800377,-1.109703460120747,1.2963572533670886,0.6400075014246513,-0.5721006281498052,0.4471642253988849,0.48923149449856856,0.45777220831576704,-0.7201021737567175,-0.03336145914590782,0.5124515822165572,0.460893532118157
-0.08919894490890176,0.5147465857482251,0.5228027940375305,0.4916804332876595,0.46051806278900975,-1.247956717081112,-0.7669188291517779,1.2963572533670886,0.6400075014246513,-0.6177392579610819,0.4517139886278292,0.48923763573923784,0.5402028889187748,-0.7201021737567175,0.9154017871059671,0.4876302562406729,0.5130649183073409
-0.2582588984618002,0.4556403428875827,0.4264115024391961,0.41360529374528415,0.4272789217360817,-0.658721121621917,-0.652657285495455,1.2963572533670886,0.6400075014246513,-0.7761473044648559,0.46145030134487197,0.48834614253750575,0.1860923192882851,-0.7201021737567175,0.5479512372879581,0.4611311831730638,0.48824479274019333
-0.7386820321767209,0.4445563236506712,0.42226258955209445,0.4590998003448926,0.4479233622447205,0.0620419455631408,-0.538395741839132,1.2963572533670886,0.6400075014246513,0.40917004375003546,0.46870019011535835,0.4871301768850215,0.11135360469069158,-0.7201021737567175,-0.23954863056798337,0.42789367767489556,0.46174700122051016
-0.6426910606492924,0.4402928176934746,0.4350662239456233,0.4557857365961004,0.43154759848044527,-0.21283219109958157,-0.424134198182809,1.2963572533670886,0.6400075014246513,-0.41245885499684387,0.46340449970244735,0.48340447040829077,-0.4015890719823864,-0.7201021737567175,0.02541581227054716,0.4485371023596632,0.4285111031542746
-0.6467848681548266,0.42750321336505115,0.40393242474508023,0.4312093227216728,0.42160686948253373,-0.14773315503058868,-0.30987265452648605,1.2963572533670886,0.6400075014246513,-0.27379225794040435,0.4579605399036706,0.48272997794560185,-0.4001918625686475,-0.7201021737567175,-0.10339931192774832,0.4321621443760888,0.4491535294819291
-0.3863164802096096,0.42165653710062917,0.4036888434078375,0.4387970559976365,0.42035627344534027,-0.043188340564973775,0.03291197644248285,1.2963572533670886,0.6400075014246513,-0.08041097505803328,0.44487409807968825,0.4809295811248414,-0.9548756833315406,-0.7201021737567175,-0.22729534005590446,0.42222190451857367,0.4327793634239208
0.8903138211106317,0.5776897099073943,0.551057336918358,0.5292335689002103,0.5225748886785121,-1.2701203008352888,0.14717352009880583,1.2963572533670886,0.6400075014246513,2.245435302859294,0.4499602745589971,0.483757622452968,0.33727371871231265,-0.7201021737567175,0.7914316762056719,0.4209713700178169,0.42283960429619344
1.516770123846414,0.5416961091545457,0.6521774969686577,0.5620337011119321,0.6598934440426306,2.666148791402774,0.2614350637551288,1.2963572533670886,0.6400075014246513,2.8001456622814964,0.4784799498192569,0.49003599702622236,1.0791369112769564,-0.7201021737567175,1.9525457805217292,0.5231849555138355,0.4215891302737747
0.9381487570230282,0.6746166398535174,0.6896845617073872,0.6998295263691661,0.6984085085384961,0.5183375822343514,0.3756966074114518,1.2963572533670886,0.6400075014246513,0.6737018959317613,0.5172637139953208,0.49754366374421366,0.815360744152027,-0.7201021737567175,0.39885225007752767,0.6604967540241443,0.5237977725173194
-0.16059844138604118,0.6928573562553482,0.6715096465438902,0.7044887266636043,0.6689504307055539,-0.5652684849676711,0.48995815106777474,1.2963572533670886,0.6400075014246513,-0.5935799145599986,0.5488805574420624,0.5032355498335682,1.0186968424636176,-0.7201021737567175,0.02344521053160155,0.699009923359814,0.6611029303557022
0.4841671970694542,0.709635490047907,0.7414014300246075,0.7442921987984737,0.7672663080494294,1.2855257756523961,0.8327427820367437,1.2963572533670886,0.6400075014246513,1.7897361731323804,0.5969034804102759,0.5113778216561018,0.9682511107984276,-0.7201021737567175,0.5553595145020326,0.6695532950318197,0.6996142371178337
0.6100918363502404,0.8220012995047694,0.8424921461769984,0.8206169723755941,0.8695151132381442,1.052174604242362,0.9470043256930666,1.2963572533670886,0.6400075014246513,1.7450683128779167,0.6609745687160758,0.5225067630532453,0.7854942087755332,-0.7201021737567175,1.0284965470560006,0.7678643346754396,0.6701590333710253
0.43473154463721336,0.8514173894601432,0.8841597229141271,0.8805571573594076,0.9262969305318468,1.672568002542493,1.0612658693493895,1.2963572533670886,0.6400075014246513,0.8855593640139254,0.7333469105285007,0.5340420396392611,0.5400995228319463,-0.7201021737567175,0.7736518108919007,0.8701081086414837,0.7684653184970577
0.012191095309665818,0.9461216688826195,0.9578586916183416,0.9839900906524469,0.962158938328472,0.33346795204480334,1.2897889566620355,1.2963572533670886,0.6400075014246513,0.5208037995857994,0.7962272634927364,0.5480522362149296,0.46514323662196516,-0.7201021737567175,0.36373701608282344,0.9268871319468758,0.8707041477506534
0.9577611239832681,1.010221338690345,0.984685651570274,0.909135211752473,0.9067804965439537,-2.38139449696007,1.6325735876310044,1.2963572533670886,0.6400075014246513,-0.9195928987802031,0.8315432514498632,0.5611463746261893,0.3605236648607348,-0.7201021737567175,1.9915874014398918,0.9627473751287818,0.9274804251094471
0.11706356642490665,0.9961527739290791,0.9550927496936071,0.9639790739660667,0.9591097528186211,-0.8733568394588341,-1.6810111784023618,1.5929736952471922,0.6400075014246513,0.7934058126048545,0.8688352921224115,0.5769017275627994,0.3659287464947803,1.388691822416084,0.6338872529712002,0.9073716582785184,0.9633389340186049
0.39182330071695143,0.8708457119781847,0.876843360403539,0.8675494805961754,0.9105002650057158,0.8721448194274404,-1.5667496347460388,1.5929736952471922,0.6400075014246513,-0.8148879735266986,0.903387817063527,0.5919354540145856,0.4566977072234743,1.388691822416084,0.8576172248361968,0.9596983396561978,0.9079658952482462
0.19768241155774582,0.9731013392134288,0.9584234791145857,0.9964349487773337,0.9853960556252648,0.24761781928374393,-1.4524880910897158,1.5929736952471922,0.6400075014246513,1.1555250348293935,0.9345902128977032,0.6094113676432577,0.2613828165928881,1.388691822416084,0.1765446674376294,0.9110912437065192,0.960290046003446
-0.2910729119407947,0.9761160316622713,0.9586322631179367,1.006033820654319,1.0026564765716661,0.5709734971669701,-1.3382265474333928,1.5929736952471922,0.6400075014246513,0.2145120398266587,0.9536354351418176,0.6271442000753225,-0.08576925088318564,1.388691822416084,0.02839393971060643,0.9859833490272618,0.911685300789691
0.7089980894095265,1.0184733741116772,1.1065816044326515,1.060908637893022,1.1329307089757332,2.5657791225178355,-0.9954419164644239,1.5929736952471922,0.6400075014246513,1.942630991477761,0.983193388696392,0.6497777425613395,0.33073290066477484,1.388691822416084,1.6184769278303288,1.0032429206627982,0.9865737841791307
1.0046635588070003,1.081157965554779,1.1140005744662538,1.1092172376843583,1.1576919616038828,1.7026872119553926,-0.8811803728081009,1.5929736952471922,0.6400075014246513,0.3016139817572368,1.0111634334000446,0.6732782132864125,0.3297449046840579,1.388691822416084,0.9786240248508662,1.133510742833804,1.0038325211074237
1.2657960987279222,1.1669853460301631,1.123041635602813,1.0138513715409403,1.0192453997190183,-3.392299024199908,-0.7669188291517779,1.5929736952471922,0.6400075014246513,-2.0065776540829887,1.0272509889275203,0.6916814542561205,0.8890431201753974,1.388691822416084,2.6350999933631094,1.1582707770675151,1.134094043267222
1.1094011182450276,0.9254445328562243,1.0440195670524806,0.9461255287266782,1.088133389185495,3.663904725843737,-0.652657285495455,1.5929736952471922,0.6400075014246513,0.9930974835417379,1.0457071904251378,0.7143067981858445,0.9227688021469584,1.388691822416084,2.3926122635920817,1.0198310275407958,1.158852880056387
0.34348255131796557,1.049199484967548,1.0328665754204869,1.0413666367385963,1.0360483970965852,-0.33260278522013087,-0.538395741839132,1.5929736952471922,0.6400075014246513,-0.8142793896193955,1.063666237997862,0.7346916332822556,0.9226013124476868,1.388691822416084,0.7030361124873558,1.088715627326447,1.0204198257515504
0.5503352547823949,1.06134960907955,1.0886306413411249,1.0832656702702397,1.127044582491971,1.4572260411745088,-0.19561111087016309,1.5929736952471922,0.6400075014246513,1.3161311157151077,1.0839283684671885,0.7604633190439863,0.9623524542127119,1.388691822416084,0.9672449110500474,1.0366331981153385,1.0893010941408257
0.29697295848545885,1.1352853981589994,1.100973880240085,1.1257894324904465,1.1069792402214766,-0.679492990182539,-0.08134956721384012,1.5929736952471922,0.6400075014246513,-0.34000950701726307,1.0988512306723306,0.784285191599477,1.004388549708356,1.388691822416084,0.5005382631178891,1.1276249059809373,1.0372211837396754
0.18072776747286456,1.0894565916775931,1.0581463923732293,1.067005839808433,1.075020885161285,-0.3630751163985668,0.03291197644248285,1.5929736952471922,0.6400075014246513,-0.5152838743484714,1.0905675129977497,0.804640333797253,0.5422538932794561,1.388691822416084,0.717852666915505,1.1075605510393878,1.1282084910651424
0.7075274406306433,1.0893341768933067,1.1364252255612055,1.1123446332514324,1.1760501991154868,1.9336080747438358,0.14717352009880583,1.5929736952471922,0.6400075014246513,1.4358368912244617,1.0931935692785684,0.8286853176262524,0.8421840241935136,1.388691822416084,1.3016100948300078,1.0756037685120017,1.1081451064757404
6.871693137375667,1.2133019845623818,1.244029288826681,1.1406103233002156,1.2952849711093022,1.8221254561789728,0.2614350637551288,1.5929736952471922,0.6400075014246513,1.6152903638307585,1.1326796827873251,0.8549810661604814,0.3499478495604279,1.388691822416084,2.6420193242810566,1.1766281112494363,1.0761898694419747
0.7735011090757088,1.2052025108498248,1.1652151120403689,1.1954222924576365,1.1576315816927967,-1.1191711320052484,0.6042196947240978,1.5929736952471922,0.6400075014246513,-1.8692367757539676,1.1426210600477502,0.8774897265174924,0.9707228124759586,1.388691822416084,0.467452897079845,1.2958570162144203,1.1772093264410828
0.5436822136424431,1.1496590863378147,1.1098364935105325,1.0958662415517353,1.128599822626008,-0.5154160004221798,0.7184812383804207,1.5929736952471922,0.6400075014246513,-0.46213913567239845,1.1558600897834002,0.8999134228098459,0.9002396055244382,1.388691822416084,1.1203591845105036,1.1582104001274642,1.2964324652588706
-0.15089632200955713,1.1015455083974521,1.1146545858955537,1.121943505128418,1.1457989488141858,0.9690871299998688,0.8327427820367437,1.5929736952471922,0.6400075014246513,0.19406504455937038,1.1585428103573168,0.9240300442112506,0.6985833479595566,1.388691822416084,0.7884683653200413,1.1291800695883158,1.158792506036285
-0.5339786241098863,1.1344029154603381,1.1580477534979847,1.1795695674775668,1.1939510130582565,1.3152918632997712,0.9470043256930666,1.5929736952471922,0.6400075014246513,0.6314696307188561,1.170983698006122,0.9490699397348497,0.7170463810333363,1.388691822416084,0.5988312851942105,1.146378349481679,1.129763579461713
-0.18413774162848487,1.2303852417724903,1.2035814032544274,1.241479617695591,1.199806034739338,-0.7341853201026626,1.4040505003183585,1.5929736952471922,0.6400075014246513,0.028834790975783363,1.1888336046540342,0.9748559959997458,0.6511189301467151,1.388691822416084,0.37707191506815074,1.1945280443703639,1.1469610276120237
-0.5322972455211403,1.189245652363784,1.1693791929960902,1.223344663137029,1.2068192528967088,0.3604713811736123,1.5183120439746816,1.5929736952471922,0.6400075014246513,0.0446084009409801,1.193234967632694,1.0012110996250425,0.3926216968564069,1.388691822416084,0.09555738093338806,1.2003827779510832,1.1951083938856106
0.20860988575454276,1.222742539643091,1.2487884934158853,1.2651189385371724,1.2946143881573908,1.5922431868185598,1.6325735876310044,1.5929736952471922,0.6400075014246513,1.1569725896370504,1.1931390440141243,1.0305549608467763,0.17744878344009052,1.388691822416084,0.7543902901353079,1.2073956510182386,1.2009628443197589
0.46148233744936396,1.3079761170603696,1.314575975976029,1.336283603231727,1.3278233392547758,0.4082466788630432,1.7468351312873274,1.5929736952471922,0.6400075014246513,0.3861419429743427,1.2174841443325333,1.0575825610315437,-0.7236171660448779,1.388691822416084,0.7227865795400729,1.2951864662590038,1.2079753782304121
0.42388026023057845,1.3672650685542753,1.3912193344710897,1.4177966266233302,1.4013157543651407,0.7288189263591419,-1.3382265474333928,-1.6698071654339466,1.0840805029427907,0.9030437510827821,1.2564948274098253,1.0824678815275015,-0.8798038720466921,-0.7201021737567175,0.7079996582207851,1.3283937832871464,1.2957619477325846
-0.18537870606434315,1.3800546728826986,1.3803634585361721,1.4240833108136515,1.4176000334156489,0.8077520268895085,-1.2239650037770697,-1.6698071654339466,1.0840805029427907,0.15237089793330055,1.295374646068877,1.1066070412821618,-0.8700685728893315,-0.7201021737567175,0.4284260927161026,1.4018825821527603,1.328967658788769
0.2775133303744722,1.4861170344919812,1.4789862407002359,1.5175740528603139,1.4812432042418693,-0.15882533284196357,-1.109703460120747,-1.6698071654339466,1.0840805029427907,0.7418743039284418,1.3364703919219834,1.13387107923269,-0.8526558887450084,-0.7201021737567175,0.589437589686766,1.4181660599241361,1.402452903589774
0.5302025549153916,1.5444010885029391,1.6068441367694117,1.5991827554204359,1.6643956012032055,2.6744575388270277,-0.9954419164644239,-1.6698071654339466,1.0840805029427907,2.1701302543709,1.4029276620299682,1.1639825955380632,-0.28582003301937947,-0.7201021737567175,1.4236096039913617,1.4818060991444337,1.4187355938597486
1.4057006477482383,1.7830487104691555,1.8075979861452989,1.796763052504875,1.8595023057124622,1.6781140914481687,-0.8811803728081009,-1.6698071654339466,1.0840805029427907,2.1409417846238257,1.49629078739248,1.1972108221892142,-0.14616333950414073,-0.7201021737567175,1.6364790414605253,1.6649494839663117,1.4823725553210598
0.8295801519411475,1.7629507608102046,1.7181956052232372,1.6880518184152173,1.6496052675285102,-2.630677691556112,-0.538395741839132,-1.6698071654339466,1.0840805029427907,-2.24031478439412,1.5470705001953338,1.2214881598589298,1.2613607102708497,-0.7201021737567175,1.8689952301014134,1.8600465881161985,1.6655070829642595
0.3358914466152387,1.706920417790548,1.758554266862435,1.762212554327898,1.766248277581309,1.291736564352022,-0.424134198182809,-1.6698071654339466,1.0840805029427907,1.2667412690812296,1.6097850479416593,1.2484768552840584,1.2925530439299127,-0.7201021737567175,1.3677956434605414,1.650159878060141,1.8605947518298047
-0.14571058473087176,1.7731824442729434,1.7361590596653917,1.7767829908436037,1.7814045501110718,0.12921816848818818,-0.30987265452648605,-1.6698071654339466,1.0840805029427907,0.11135105079377985,1.6641548951945044,1.2778329989871307,1.32280982672526,-0.7201021737567175,0.7657545873816978,1.7667971486135348,1.6507181923128724
-0.22175804245399044,1.744649750559397,1.74368331394,1.7978886897815662,1.752708539943808,0.12643473810107858,-0.19561111087016309,-1.6698071654339466,1.0840805029427907,-0.36042336523654145,1.712090531595752,1.3044695863784956,1.400828910521109,-0.7201021737567175,0.5573301162409741,1.7819526753685,1.7673498220556694
0.05740398746795025,1.7708684394326648,1.7344638049373287,1.7364476550954973,1.695256139698194,-1.7741912351959364,-0.08134956721384012,-1.6698071654339466,1.0840805029427907,-0.6760371046573844,1.742704037547849,1.3308093676083228,1.5262795400593996,-0.7201021737567175,1.3747149743784837,1.7532580772081217,1.7825046158591904
-0.44101182976562,1.7276267871982651,1.7050199070288652,1.779909448379614,1.7513362692373042,0.4823399340187893,0.3756966074114518,-1.6698071654339466,1.0840805029427907,0.570368781028841,1.7551404758064344,1.3565176143539417,1.117729326304175,-0.7201021737567175,0.19927326193040543,1.6958085039473125,1.753811405426702
-0.42990298670248617,1.7913921002071191,1.7332744499096928,1.79329233756841,1.7693285678938409,-0.5590161525309285,0.48995815106777474,-1.6698071654339466,1.0840805029427907,0.14310339283418808,1.7422415626937893,1.3822504260622368,0.4892596483092904,-0.7201021737567175,0.4570813089801399,1.7518858740251402,1.6963646105416221
-0.618249747622833,1.7800038710958244,1.7220313421053124,1.8062371662503602,1.7526783499882648,-0.6781220468575394,0.6042196947240978,-1.6698071654339466,1.0840805029427907,-0.2319254921818876,1.7569856641036157,1.403051821513234,-0.45220009375518994,-0.7201021737567175,0.06590945552266572,1.7698772873582664,1.7524392686061983
-0.6380081759856763,1.7169995395445117,1.6990713474120251,1.7662141948465357,1.7577100092454445,0.8686966892463805,0.7184812383804207,-1.6698071654339466,1.0840805029427907,0.0022977493031526857,1.7557643064881834,1.4231910069828806,-0.9497695164831197,-0.7201021737567175,0.316812988208891,1.7532278887380957,1.7704298118387596
0.14644569442899394,1.7800038710958244,1.854916114562861,1.798108189050521,1.861880908270402,1.8013535876183568,1.0612658693493895,-1.6698071654339466,1.0840805029427907,1.0763734732023762,1.7672760567674861,1.4514734775797717,-0.5621422212374257,-0.7201021737567175,2.4009984333984167,1.7582593004090266,1.7537812184166506
-0.5240914192919355,1.890785596702295,1.8415325246044685,1.9006030912796508,1.8688639364722293,-0.5590161525309285,1.1755274130057125,-1.6698071654339466,1.0840805029427907,0.020400151042771594,1.783891519358142,1.477678151514878,-0.6230972127162346,-0.7201021737567175,0.5598044808304765,1.8624250736333663,1.7588123867584968
-0.3679075402764165,1.8267462207435468,1.8284460503431523,1.860142997400045,1.8111370820853145,-0.41361307260656965,1.2897889566620355,-1.6698071654339466,1.0840805029427907,-0.6519857687630954,1.8004677226233259,1.503693460293952,-0.6347046207595559,-0.7201021737567175,0.9815725191820637,1.8694077582304958,1.8629731223186778
-0.4034346536002045,1.6734235305112408,1.6990713474120251,1.6798534269166485,1.7235249162521666,1.0833324070832977,1.4040505003183585,-1.6698071654339466,1.0840805029427907,-0.982366677874947,1.7964894443088353,1.5237139048752615,-0.43626138681229915,-0.7201021737567175,1.6809138881905392,1.8116837443330907,1.8699554692192797
-0.08333716261409593,1.7038746648740506,1.6824462519657097,1.614503616787269,1.5957518759224862,-2.5101800820359346,1.5183120439746816,-1.6698071654339466,1.0840805029427907,-1.4553358481512544,1.7716601456429386,1.5401192160180877,-0.1021858976560836,-0.7201021737567175,2.437061926876516,1.7240758895167234,1.8122342469700994
-0.44010461377642257,1.6560360634267492,1.6812265608008352,1.6628441096347784,1.736881684462134,1.7819526623827284,-1.6810111784023618,-1.3731907235538432,1.0840805029427907,1.5791706358001631,1.7694005097331917,1.5623341101276915,0.4535053717439155,-0.7201021737567175,1.6532513810731952,1.5963091363472308,1.7246306290439943
-0.4789495261072151,1.7485779861745556,1.7957312030488577,1.8086779230786527,1.8374544896946392,1.9612969755351504,-1.5667496347460388,-1.3731907235538432,1.0840805029427907,1.0462503749248169,1.7808075684779023,1.5845336818418254,0.6131560334851736,-0.7201021737567175,1.2512189932198878,1.7374320004977393,1.5968700549290336
-0.7020443938155487,1.8470579395034155,1.7885335083692344,1.8426468419960056,1.7822581024905169,-1.5311603730366434,-1.4524880910897158,-1.3731907235538432,1.0840805029427907,-0.6324660622063034,1.7694179147008173,1.6008785938826706,0.48363905396614093,-0.7201021737567175,0.5951419631416018,1.8379998569763025,1.7379860940968948
-0.7961053478780441,1.7800038710958244,1.7243520566040977,1.7812226918690872,1.7679261072317942,-0.33191731355763704,-1.3382265474333928,-1.3731907235538432,1.0840805029427907,-0.2061529840749589,1.7549792508431628,1.6213627021344983,0.4782656932343457,-0.7201021737567175,0.49956037052563274,1.7828061857483144,1.8385490869137155
-0.6937515997283054,1.7495518231898486,1.748947525990301,1.7985762665514122,1.774756355961631,0.5155749237157795,-1.2239650037770697,-1.3731907235538432,1.0840805029427907,0.02138747919186684,1.7497751655230196,1.6430504935574715,0.44117961538971795,-0.7201021737567175,0.633887252971196,1.7684748957052596,1.7833580849615436
-0.6344692531470292,1.8246761319286746,1.787611825140766,1.847916700513049,1.8088801541966852,-0.41778821818724593,-0.8811803728081009,-1.3731907235538432,1.0840805029427907,0.3149819761076306,1.7619848157447948,1.665306349742338,0.29992769823925,-0.7201021737567175,0.4965970596399979,1.7753048083480176,1.769027488008205
-0.8204492866361013,1.780369288362351,1.7341666892402525,1.8072690004206609,1.7663095723395332,-0.3769299527285078,-0.7669188291517779,-1.3731907235538432,1.0840805029427907,-0.5046189267567582,1.7863822618305005,1.6845171638600354,-0.10306946908872384,-0.7201021737567175,0.25113120242891834,1.8094269274981478,1.7758570703427912
-0.03779646852935836,1.7453952017831105,1.6896136105080943,1.6767888794308563,1.6301803182543844,-2.6725537785743128,-0.652657285495455,-1.3731907235538432,1.0840805029427907,-1.5224027849387025,1.7711191521379348,1.6989623752184997,-0.12735374087643192,-0.7201021737567175,1.5722640945689499,1.7668584403557082,1.8099775392793116
-0.5801689755273224,1.6504022427200788,1.6451800918462312,1.682119709967054,1.6510388329932375,-0.03903396685285885,-0.538395741839132,-1.3731907235538432,1.0840805029427907,0.18542022584271023,1.7444533022264608,1.713872294258397,-0.490240928845138,-0.7201021737567175,0.7501972052321427,1.6307358846039828,1.767411110833652
-0.5004276137826417,1.6163572295409816,1.607855043930936,1.63085818838653,1.6646398653889631,1.0438866286866817,-0.424134198182809,-1.3731907235538432,1.0840805029427907,0.10139230074374099,1.7276285874310398,1.7262919402069683,-0.48355268922954137,-0.7201021737567175,0.9400713502288357,1.6515933729852952,1.6312951382397056
-0.6478266241637247,1.6673329382214124,1.6187698076616703,1.6530876485390562,1.603954395358827,-1.4930647660964596,0.03291197644248285,-1.3731907235538432,1.0840805029427907,-0.7344487506267918,1.7041732342922433,1.73556008568137,-0.4271614531499804,-0.7201021737567175,0.7701995537101464,1.6651937361328824,1.6521516179113584
-0.4145527881011629,1.5488463895502327,1.555837490959317,1.5579403436335295,1.6098405218425893,1.3346927885353994,0.14717352009880583,-1.3731907235538432,1.0840805029427907,0.015488134780837102,1.6805828290738227,1.7425590734347387,-0.4281488683262351,-0.7201021737567175,1.2280310855398364,1.60451125217297,1.6657513233183092
-0.7164071107934535,1.5543587090157833,1.540520418371602,1.6025277741943371,1.5769975096002715,0.46364525231422193,0.2614350637551288,-1.3731907235538432,1.0840805029427907,-0.42980335229046696,1.6474131484402474,1.7479091380684502,-0.5498247296060775,-0.7201021737567175,0.2694000140388177,1.610397089025837,1.6050717740841234
-0.6791967482047709,1.5972952378326333,1.5467660936855188,1.605967534105693,1.5584563026611336,-0.9336160301532065,0.3756966074114518,-1.3731907235538432,1.0840805029427907,-0.2683425684209017,1.617680752616159,1.7505007416308163,-0.5485707420146815,-0.7201021737567175,0.31878358994783657,1.5775556928464889,1.610957326286203
0.0013624820113230152,1.49875407711163,1.4626279248137581,1.395942378896368,1.354750035057788,-3.318226540912729,0.7184812383804207,-1.3731907235538432,1.0840805029427907,-2.4440878066981435,1.5782817948099501,1.7401077051030525,0.08915827593895259,-0.7201021737567175,2.239009043835497,1.5590153982401702,1.5781175183821523
1.0917001858740716,1.192686969471296,1.2993775712192785,1.1107809354678955,1.3069950144714655,2.5567433596939653,0.8327427820367437,-1.3731907235538432,1.0840805029427907,-0.6654507452582075,1.5290680056357542,1.7215631848917512,-0.019055074436910346,-0.7201021737567175,4.03230107593724,1.3553191541436016,1.5595781204213894
-0.017323342769044264,1.3440912190543386,1.3927361413330408,1.3458205650584938,1.438672622384717,2.103937396940949,0.9470043256930666,-1.3731907235538432,1.0840805029427907,1.676156932704845,1.4967444943305168,1.7144833784111768,0.707662380320859,-0.7201021737567175,1.8700768385746747,1.3075664833758591,1.3558917274806885
0.06655642538272886,1.3876370811631213,1.3695575480037663,1.2720594303790387,1.2563124830446022,-3.0267349094015055,1.0612658693493895,-1.3731907235538432,1.0840805029427907,-2.306802023015972,1.4470160153993838,1.697367740666358,1.1143825761321853,-0.7201021737567175,2.6502573285431055,1.439237612001994,1.308141366127167
0.14331522319711784,1.3080062639848584,1.2788266227185012,1.2374460841207802,1.2358199071608162,-1.6814032983356346,1.1755274130057125,-1.3731907235538432,1.0840805029427907,-0.32787901382775386,1.3935141918327232,1.6790555742957727,1.0728369002254794,-0.7201021737567175,1.6903075836979795,1.256886445817757,1.4398061268754003
-0.37525595262316397,1.2778894864209198,1.7704504938567849,1.317304420715647,1.3667345325612519,1.975837283527585,-1.6810111784023618,-1.0765742816737396,1.0840805029427907,1.7255184023657797,1.3634370991309914,1.666100627104278,1.6343807246771596,1.388691822416084,8.592836528920454,1.2363948782852392,1.2574637795565715
-0.501771155692084,1.3636711897379885,1.3216844467225963,1.317147769527974,1.2691816377301923,-2.1896078345398355,-1.5667496347460388,-1.0765742816737396,1.0840805029427907,-1.2979510171820798,1.322057770083559,1.6517997349015374,1.7041894226881962,1.388691822416084,1.1430877790032796,1.3673030619416364,1.2369732030370526
-0.2610931586558269,1.2714343904077314,1.2609818361073113,1.2130422679621118,1.167816574876466,-2.3938783899650002,-1.4524880910897158,-1.0765742816737396,1.0840805029427907,-1.4069452433790313,1.295317850911361,1.6322143051030242,1.3834136887532842,1.388691822416084,1.7794439751377018,1.269754967267754,1.3678750557130859
1.0661543067190198,1.1734112086620292,1.7762206056075134,1.0513726140973183,1.0709644529528606,-2.364112302317625,-1.3382265474333928,-1.0765742816737396,1.0840805029427907,-1.412500081931505,1.261554831005486,1.6087742027737297,1.4825702348862422,1.388691822416084,12.889148366786545,1.16839489215155,1.2703316786592531
1.9386921350723538,1.0828480204124633,1.0442925922876318,0.8621717485067827,0.999331922073377,-1.9313511927256084,-1.2239650037770697,-1.0765742816737396,1.0840805029427907,-1.1097345142177268,1.1987092879765024,1.583488657623366,0.8511870393908202,1.388691822416084,3.723227750566121,1.0715475359031097,1.1689765055180619
0.5409066753354681,1.0051667043511188,1.0213415199876499,0.922518100941269,0.892752230534937,-2.5849795807227354,-0.8811803728081009,-1.0765742816737396,1.0840805029427907,-1.6874140175904162,1.1467037681679961,1.554456955664843,0.6530368945060733,1.388691822416084,2.388908124985049,0.999918529751496,1.0721338330005663
1.125760738651619,1.0284008477000324,1.1937373267203646,1.036395072099876,1.2299648854797347,4.543240237620595,-0.7669188291517779,-1.0765742816737396,1.0840805029427907,5.442154331498292,1.145866235891261,1.5332471370031464,3.644703788287494,1.388691822416084,3.4529886143511765,0.8933440825399636,1.0005082909702838
0.8686606827465889,1.308919807151174,1.3119884819174061,1.223532269349811,1.213131698146625,-2.2173175071997058,-0.652657285495455,-1.0765742816737396,1.0840805029427907,-0.2815766666237197,1.123894100068795,1.511237943749755,3.4274310602680536,1.388691822416084,2.4607684139615524,1.2305401447045201,0.8939389979111791
-0.03639160313027353,1.306179177652226,1.2663352720906687,1.2926961137850466,1.3093132371183187,0.02882772773470596,-0.538395741839132,-1.0765742816737396,1.0840805029427907,1.2683828556289498,1.129634729503721,1.4943945779100007,3.4453485762132847,1.388691822416084,0.6101807658861678,1.2137077856599519,1.2311187526029044
-0.13562602977352575,1.2166519473532629,1.243672393094457,1.2581746945710508,1.2914124231755493,1.6580276945500525,-0.424134198182809,-1.0765742816737396,1.0840805029427907,-0.28704931570931064,1.1473145124079211,1.4798910247651795,3.287816157896734,1.388691822416084,0.7791191194758826,1.3098845919529751,1.2142872076047282
-0.29024894723450606,1.2900094636084338,1.2980989922585866,1.3141460701234637,1.3347459875455172,0.9739477472430506,-0.08134956721384012,-1.0765742816737396,1.0840805029427907,0.5206866448770121,1.1850471735766828,1.4711305449506895,3.0547320132481346,1.388691822416084,0.7988399534197463,1.2919846588320478,1.3104593625959375
-0.18721841075362092,1.3182078005231086,1.2824553600758868,1.2733726738685118,1.240028203994094,-1.8178121591732403,0.03291197644248285,-1.0765742816737396,1.0840805029427907,-1.2796707811363266,1.2194776020155806,1.4544540059137125,3.0968751990836982,1.388691822416084,1.1830924759592742,1.335316090944225,1.29256029515141
0.1166777859264278,1.1766689035931122,1.2699934533459627,1.2108688499870337,1.3160520011343888,3.1265988017860997,0.14717352009880583,-1.0765742816737396,1.0840805029427907,0.9779856312930747,1.2800285683351478,1.4369534966161601,2.671168063068935,1.388691822416084,1.9634211314719912,1.2406029680463815,1.335889631669269
-0.14360997646747825,1.2601667489943904,1.2268688497820304,1.2139643524979347,1.1676949002071557,-2.140440821656838,0.2614350637551288,-1.0765742816737396,1.0840805029427907,-1.9915155536852511,1.2711211508432354,1.4163261132195224,0.6476346373684019,1.388691822416084,1.198397976683547,1.3166230243835344,1.2411810892865967
0.21039235518682076,1.145395580380618,1.1316963571092404,1.128354009419175,1.1729095288918692,0.5875909920154652,0.3756966074114518,-1.0765742816737396,1.0840805029427907,0.02091056578074642,1.2653675658309036,1.3963547985635658,0.6477483278654315,1.388691822416084,0.9702082219356775,1.1682732234693256,1.3171974691424901
0.08470669168688418,1.2610802921607065,1.2577697745172975,1.266337440889191,1.2190480145859306,-0.9952253923040052,0.7184812383804207,-1.0765742816737396,1.0840805029427907,0.5939805349899019,1.2524555662764347,1.3777028373467584,0.42718323368483363,1.388691822416084,0.8842870228068643,1.1734875955646535,1.1688548427199772
-0.25054143020465824,1.2342221230710173,1.1928745312877136,1.2311931690487596,1.1951403143372261,-0.9273636977164522,0.8327427820367437,-1.0765742816737396,1.0840805029427907,-0.3796634584249696,1.2386843109518035,1.3571030895331315,0.4306948993240791,1.388691822416084,0.36175159778945337,1.2196238109828443,1.1740689626378904
-0.12777179155160515,1.2102872921135392,1.163787529111474,1.145519039857654,1.0978920636030103,-2.5911903694223555,0.9470043256930666,-1.0765742816737396,1.0840805029427907,-1.3995826134540892,1.2048035130695127,1.3346681240641505,0.4801133335943876,1.388691822416084,1.2319871055721567,1.1957172871289476,1.220202946816859
0.07402636973622255,1.043078745753231,1.0968097992843637,1.0810763057670747,1.128752602097999,1.9114444909896533,1.0612658693493895,-1.0765742816737396,1.0840805029427907,0.3968399496158932,1.1888860812857487,1.3178380540104453,0.44514136129249043,1.388691822416084,1.1376501035281508,1.0984738215616867,1.196297579130047
-0.1256288143317313,1.1309917452773144,1.0918132590332306,1.0510283566968635,1.0626393440000725,-1.5886153614753271,1.1755274130057125,-1.0765742816737396,1.0840805029427907,-0.9993821171333378,1.1526366374333168,1.2980888373232873,0.19269394588671637,1.388691822416084,1.5292960867273202,1.1293328415426878,1.0990588164503663
-0.3194794389732953,1.0511179256168113,1.0105008121213521,1.0389277559724317,1.0400124297441047,-0.2862192027242666,1.5183120439746816,-1.0765742816737396,1.0840805029427907,-0.3878093262342056,1.1343722831728391,1.2771236549836453,-0.30463192753912105,1.388691822416084,0.37015258415020863,1.0632228365930243,1.1299163440277291
0.08173863478818272,1.0088208770163827,1.0734929088588525,1.0232626372051439,1.1142065326090618,2.36011685189911,1.6325735876310044,-1.0765742816737396,1.0840805029427907,1.0610780668995068,1.1259751060476442,1.2606856110280524,0.036510824519557776,1.388691822416084,1.6636377857273206,1.0405970357099097,1.063809536289512
-0.14478924575618093,1.145456787772761,1.1756248683100066,1.1799138248780219,1.2127355693360145,1.490461030871511,1.7468351312873274,-1.0765742816737396,1.0840805029427907,1.3696670896959908,1.1250721415617897,1.247357061460452,0.33480735214392476,1.388691822416084,0.8852797319535455,1.1147874878030881,1.0411848296351698
-0.0719038501535421,1.2725909360562875,1.2363569228232,1.237164674801607,1.1938897183000328,-1.828177321584993,-1.6810111784023618,-0.7799578397936361,1.0840805029427907,-0.3111579719092553,1.1248932499020556,1.2344983168040398,0.3279895464503449,-0.7201021737567175,0.9894993758011236,1.2133116763411314,1.1153716937303921
0.17132334576428185,1.3314843233591784,1.2831691515403347,1.3162097384640647,1.283240093694752,-1.1385512853723097,-1.2239650037770697,-0.7799578397936361,1.0840805029427907,1.186279998482149,1.1514063810374442,1.225260877532983,0.0997853792987734,-0.7201021737567175,0.5183181284316645,1.194466752628191,1.2138911174425429
-0.3330505254485412,1.2784686727883643,1.2486394894476822,1.30579759365467,1.2849783032563231,0.10636911307151183,-1.109703460120747,-0.7799578397936361,1.0840805029427907,-0.029253122490595154,1.1737537051470042,1.22291903822863,0.11809625074107447,-0.7201021737567175,0.10938122621484778,1.2838127314763343,1.1950471051076283
-0.40598496745431034,1.268419697958889,1.2332635290641505,1.2634923926723538,1.2220057153820143,-1.0949511332635609,-0.9954419164644239,-0.7799578397936361,1.0840805029427907,-0.8875744851946276,1.1965502868043818,1.2200664319378265,0.0673095370798601,-0.7201021737567175,0.5222741484639801,1.2855508555081103,1.2843887630063713
-0.4946290132650434,1.2391251092446351,1.2278199769084064,1.275389440655917,1.261130982918705,0.459490878602107,-0.8811803728081009,-0.7799578397936361,1.0840805029427907,0.48258864691189846,1.2281802166929476,1.2141073711731627,-0.03416591664991189,-0.7201021737567175,0.24395999008569363,1.2225813662432297,1.286126802979009
-0.5870691689134094,1.2403127153608458,1.2023028242937355,1.2684639573110736,1.2404554376073855,-0.036956779996786635,-0.7669188291517779,-0.7799578397936361,1.0840805029427907,-0.3296968778181832,1.2462395064100429,1.2135751405505741,-0.06485254017905594,-0.7201021737567175,-0.070388028661843,1.2617047085942648,1.2231603590439841
-0.30094562211573905,1.2644604018760757,1.2731760710380684,1.3080488682080527,1.316570719461447,1.1421998825841035,-0.424134198182809,-0.7799578397936361,1.0840805029427907,0.9790120125258261,1.261092617880263,1.216285485001277,-0.23009151808431547,-0.7201021737567175,0.4812767423613005,1.2410301806373496,1.2622818093122994
0.275760593543233,1.3466792868445117,1.4462705011666108,1.3973803805173406,1.5005766688022282,3.4506399513318193,-0.30987265452648605,-0.7799578397936361,1.0840805029427907,2.352247565628608,1.3049626894000543,1.2207778025507336,0.43465576672210915,-0.7201021737567175,1.9446633735659593,1.3171417171867015,1.2416082812167135
0.437974999753037,1.5232982413610405,1.499180293468789,1.4516923791176979,1.4088175008940267,-2.648686901598156,-0.19561111087016309,-0.7799578397936361,1.0840805029427907,-1.1565160205599576,1.322925924634162,1.2254645824859773,0.6814415113257587,-0.7201021737567175,1.965406549765361,1.5011386123883934,1.3177161368606405
-0.34876940830274594,1.4392522700599726,1.3888397321764878,1.4306804832861262,1.4290054326809687,-0.27930217049357386,-0.08134956721384012,-0.7799578397936361,1.0840805029427907,0.20058837484347672,1.3435283025909124,1.2342312035411367,0.6728340072064666,-0.7201021737567175,0.46497853249034254,1.4093839595530573,1.5017041336061931
-0.3439144462106176,1.3952496363680318,1.4058520594922657,1.4409678699640212,1.4318414588077426,0.7856092150038873,0.03291197644248285,-0.7799578397936361,1.0840805029427907,-0.017115622004166792,1.373544281609326,1.2463437874562522,0.48039247072373353,-0.7201021737567175,0.5849926233583221,1.429570897978953,1.4099539182085266
0.09117390407034323,1.3676907796697788,1.3344434691495972,1.3384101196536096,1.3551470787155364,-0.32913388317050973,0.3756966074114518,-0.7799578397936361,1.0840805029427907,-1.0033525455378685,1.386992825278578,1.258286473948257,0.7039323862076767,-0.7201021737567175,1.0191176681029883,1.432406784557114,1.4301398803538934
-0.06035793785513746,1.361052975023327,1.3696869227066972,1.3974591751267096,1.36844255216728,0.12367207958251256,0.48995815106777474,-0.7799578397936361,1.0840805029427907,0.11834144282620203,1.4053007573903298,1.274252686383241,0.6680252785648058,-0.7201021737567175,0.6716694667629707,1.3557161782645442,1.432975629782934
-0.2236468059349823,1.322531600329282,1.392260577769853,1.3577954696203622,1.4450765523484002,2.7395565748960085,0.6042196947240978,-0.7799578397936361,1.0840805029427907,0.9254272731643621,1.423682889627223,1.2814727588006973,0.6566467616233203,-0.7201021737567175,1.673031481234765,1.369010997503387,1.3562887324007544
-0.06105591066452406,1.434379430810843,1.4188189736832866,1.4204559446895135,1.370576890539462,-1.4951419529525198,0.7184812383804207,-0.7799578397936361,1.0840805029427907,-0.9707494584109152,1.405087055795344,1.286757296396469,-0.1733283184302004,-0.7201021737567175,1.1243152045428193,1.4456412268559056,1.3695829086756726
-0.32777111808799975,1.3683001129617112,1.3700134823016823,1.412388877539892,1.4001877478443947,0.6796726853447058,0.8327427820367437,-0.7799578397936361,1.0840805029427907,0.32510309941490645,1.4038526117380876,1.2898074356933946,-0.3427867183101703,-0.7201021737567175,0.44127204540530596,1.3711452308539838,1.4462094320377499
-0.23022551557233695,1.432857467895761,1.4055246076579504,1.465998290873381,1.4270229589336398,-0.17891172974008573,1.1755274130057125,-0.7799578397936361,1.0840805029427907,0.28517021318094476,1.4035690285437616,1.2943591083339177,-0.3306415333195695,-0.7201021737567175,0.18419000952255785,1.40075463113635,1.3717170388104958
-0.2897464662769498,1.3626973527226955,1.330279388193876,1.3745243156141231,1.3249873131280019,-0.9003810404562045,1.2897889566620355,-0.7799578397936361,1.0840805029427907,-1.3202974826106149,1.3882840644933505,1.294031565262831,-0.031008052285107928,-0.7201021737567175,0.37953146310322877,1.4275885217806064,1.40132500712332
-0.5560744065718947,1.2970738929135552,1.2841800587018586,1.344038306037066,1.2934552768339642,-0.1241986279514008,1.4040505003183585,-0.7799578397936361,1.0840805029427907,-0.46277148741437724,1.379459353313766,1.2958248075382117,-0.1508506731104672,-0.7201021737567175,0.09554256437895942,1.3255578967089854,1.428157600027206
-0.31173186645760154,1.306514447994264,1.2655920367283124,1.2655569990440185,1.2403941428491614,-1.5436234941730178,1.5183120439746816,-0.7799578397936361,1.0840805029427907,-0.7532949090606708,1.3611426532859927,1.2932854045215334,-0.11466881552682756,-0.7201021737567175,1.0265111287626303,1.2940274119704458,1.3261319093597286
0.1310338006805151,1.2093134550982463,1.3049103473080779,1.2581765706331787,1.3393202232338624,2.9126485556116823,1.6325735876310044,-0.7799578397936361,1.0840805029427907,1.2881312701314587,1.346014726537469,1.299045888269162,0.0806232495300356,-0.7201021737567175,1.7960088829883711,1.2409688888951762,1.2946029494981994
-0.3787160840690581,1.3195781152725823,1.2767450283603061,1.3030773035693322,1.2644857273725374,-1.2936548279144768,-1.4524880910897158,-0.48334139791353253,1.0840805029427907,-1.019974843345341,1.3308389034118693,1.302119579224053,0.09461190283499506,-0.7201021737567175,0.6190706985430554,1.339890101554162,1.2415469924387308
-0.278510516344375,1.243875533709478,1.2096673677281737,1.2317897568054061,1.2300261802379586,-0.35476636897431935,-1.3382265474333928,-0.48334139791353253,1.0840805029427907,-0.5138715738684405,1.3064981216192622,1.3024880536641998,0.030422811786614434,-0.7201021737567175,0.6311906400652808,1.2650592879755926,1.3404634210709474
-0.5697945153212639,1.2503315432658328,1.2151671309617424,1.2619286948888162,1.2219142306682476,-0.6857453226192873,-1.2239650037770697,-0.48334139791353253,1.0840805029427907,-0.1627997034657466,1.2771583190498936,1.303386701411311,-0.04886682117948022,-0.7201021737567175,0.24646398778405337,1.230601436446693,1.2656362264594905
-0.3511584227962162,1.2494180000995168,1.2024509360226083,1.2077104993948504,1.1993486111705036,-1.1773323639749873,-1.109703460120747,-0.48334139791353253,1.0840805029427907,-0.3608553202015719,1.2591863158997632,1.3067920193623346,-0.24912598862769558,-0.7201021737567175,0.8916953000209347,1.222489886031031,1.2311800413808869
-0.5115453766260871,1.2038623430248392,1.2291592281435764,1.2396664036490537,1.2262753069735157,0.469876812882415,-0.9954419164644239,-0.48334139791353253,1.0840805029427907,0.31993340929928166,1.2495765490751585,1.3100653006389718,-0.19438528871445146,-0.7201021737567175,0.8304584805694103,1.1999253768900897,1.2230688832559506
-0.21707181287275745,1.2011217135258911,1.154954359738935,1.1377024270020966,1.0941411903385674,-2.467950873252179,-0.652657285495455,-0.48334139791353253,1.0840805029427907,-1.855086673449455,1.2286557779888307,1.311122638044973,0.2526237409073608,-0.7201021737567175,1.2087695647832482,1.226850747746545,1.2005054653795912
0.3445577565030324,1.001177261343817,1.042086084423158,1.0376145124829583,1.0580349183561846,1.258522346523593,-0.538395741839132,-0.48334139791353253,1.0840805029427907,-0.5788721503867028,1.1884192879058868,1.3117275502508807,-0.3638915780649164,-0.7201021737567175,0.9154017871059671,1.0947231328615386,1.2274295340715107
-0.1267133109546227,1.0110745880076841,1.0221891473516815,1.0099894976508252,0.9747536388727612,-0.8574455881414,-0.424134198182809,-0.48334139791353253,1.0840805029427907,-1.2901333104030388,1.1469745266493343,1.3070469115563061,-0.2937892088991604,-0.7201021737567175,1.0213401512672085,1.0586186375130617,1.09530830914099
0.25837111016815884,1.0081969270337887,0.9807000184806648,0.9252074360014976,0.9192526075717954,-2.052181152142749,-0.30987265452648605,-0.48334139791353253,1.0840805029427907,-0.9154271567721224,1.1025198837732662,1.2971963615230482,-0.2841274663442298,-0.7201021737567175,1.671535009237519,0.9753414559421825,1.0592055598777825
-0.14354159148508894,0.9529732426299892,0.9402815768063195,0.9590075093273466,0.9742962153039268,0.4532593180339199,-0.19561111087016309,-0.48334139791353253,1.0840805029427907,0.8309102567830842,1.0670993351459657,1.2898258594154022,0.10685582835728569,-0.7201021737567175,0.4664601879331558,0.9198431556075727,0.975932405757186
-0.18528096013842799,0.9290475471041744,0.9309425077333533,0.9300533044776537,0.9349266835814786,0.10337796399878317,0.14717352009880583,-0.48334139791353253,1.0840805029427907,-0.664720926296965,1.0292750688844363,1.2781349637908308,0.10024386968945138,-0.7201021737567175,0.7687178982673286,0.9748840548811889,0.9204367894308624
-0.01495885767143111,0.9060472708058376,0.9503344373437334,0.9368699762190835,0.938098458607777,0.6983673670492672,0.2614350637551288,-0.48334139791353253,1.0840805029427907,-0.0018859257628753047,0.9880527771388915,1.2664921847869024,0.005415890611171659,-0.7201021737567175,0.9830689911793097,0.9355164603635829,0.9754750268170183
0.0871663211078216,0.8589997977405658,0.8609909442174887,0.885590632048346,0.8941556060441213,0.7703834353489472,0.3756966074114518,-0.48334139791353253,1.0840805029427907,-0.7498995279362811,0.9594458153116655,1.2554881255187653,-0.3502276346353774,-0.7201021737567175,0.30940471099481226,0.9386880793205132,0.9361093361946533
-0.23830460658961372,0.9273629735054876,0.9283255697768222,0.9609145264802744,0.9652694185965467,0.830621854174758,0.48995815106777474,-0.48334139791353253,1.0840805029427907,1.1054419550855934,0.9461761633021476,1.2455577393568094,0.09356403214922197,-0.7201021737567175,0.23779630344358682,0.8947473889950923,0.939280801765777
-0.41634789388888244,0.9916462654896427,0.9516130163044252,0.9888368971596672,0.9472771199400102,-1.039552559812382,0.6042196947240978,-0.48334139791353253,1.0840805029427907,-0.3336095395004375,0.9422457813647327,1.2357174144892653,-0.14964932632245723,-0.7201021737567175,0.18346399835557567,0.9658577023435391,0.8953422364996141
-0.09941729657092252,0.9474609231644388,1.0045522525045119,0.9689815936298958,1.02522209606941,1.7348836082243586,0.9470043256930666,-0.48334139791353253,1.0840805029427907,1.1786016674882709,0.9574041995227062,1.2259385020284128,-0.07424737529173944,-0.7201021737567175,1.3761966298212966,0.9478662890104128,0.9664491108117462
-0.34293327037633614,1.0257515725177162,1.0030952256777081,1.0379587698834132,1.0198857927153866,-0.1664278367351501,1.0612658693493895,-0.48334139791353253,1.0840805029427907,-0.13304768012017198,0.9639255660768515,1.2098044494859415,-0.16438327475158712,-0.7201021737567175,0.26248068312087564,1.0258074298037396,0.9484585675791847
-0.3193932144302827,1.0265134675184238,1.0393201424984237,1.0560627694168656,1.0639201299928092,0.8160607743137561,1.1755274130057125,-0.48334139791353253,1.0840805029427907,0.6156934101487093,0.9823774490486666,1.1982282108246634,-0.26312350143072655,-0.7201021737567175,0.5780732924403759,1.020471389026187,1.0263959389837831
-0.4037119101048916,1.065125282985934,1.0540715353505639,1.1020572465735374,1.0996604631201243,0.7496115667883251,1.2897889566620355,-0.48334139791353253,1.0840805029427907,0.47722405969315784,1.00548810530982,1.1871739776202592,-0.2712371585862984,-0.7201021737567175,0.09653527352564444,1.0645035595638066,1.0210601562677852
-0.5387555381242877,1.0902787805272773,1.067336457477992,1.1213497314649632,1.0824915268874902,-0.21214671943708188,1.4040505003183585,-0.48334139791353253,1.0840805029427907,-0.3019868663825756,1.0324286396351794,1.1754482918672977,-0.46289740621008085,-0.7201021737567175,0.012080913285215633,1.1002421340634885,1.0650901973219817
-0.7116562128049612,1.088146570777096,1.0620124653925436,1.1156277419751155,1.0784661994817464,-0.2550613998833309,-1.6810111784023618,-0.18672495603342898,1.0840805029427907,-0.11138800294701444,1.0486208866972477,1.1661616919646849,-0.6071420741581571,1.388691822416084,0.014051515024161245,1.0830740426401508,1.100827043433055
-0.5177293859846513,1.0647909261870623,1.030962536689073,1.04868327903709,1.0211967686636665,-1.0243267801574418,-1.5667496347460388,-0.18672495603342898,1.0840805029427907,-0.8943795567511028,1.0591947316910253,1.1545066304794183,-0.3726448131664037,1.388691822416084,0.5558484607981566,1.0790489133034062,1.0836597822927956
-0.2646636723830777,1.0089734387251572,0.9750191306629925,0.9613835420122292,0.9227592166504806,-1.9902186682264142,-1.4524880910897158,-0.18672495603342898,1.0840805029427907,-1.5446079051175414,1.044537916848165,1.1369754149785207,-0.2347731461049123,1.388691822416084,1.005782769117657,1.021782300466995,1.0796348476193187
-0.4904452646413667,0.9417056012166483,0.9633013515347547,0.9800822532402003,1.0026866665272092,1.3540729419024546,-1.3382265474333928,-0.18672495603342898,1.0840805029427907,1.2276253637474628,1.0420776657852562,1.1246274373085576,0.15746320215766574,1.388691822416084,0.5158437638421662,0.9233495921411503,1.0223710043103063
-0.5459419077953735,0.9785981284451518,0.9912284425812669,0.9978419953731976,1.0212278734663471,0.9362052620684032,-0.9954419164644239,-0.18672495603342898,1.0840805029427907,0.2315994385359292,1.0359707468436765,1.1119079145781134,0.08327790970579708,1.388691822416084,0.6990800924550447,1.0032731091328237,0.9239430563861889
-0.4155001431017627,1.0735609405836952,1.0301595212915693,1.0373021481386766,1.0165310482615544,-1.3296732479986002,-0.8811803728081009,-0.18672495603342898,1.0840805029427907,-0.12352828527907037,1.0240794897514787,1.0981300411369572,0.002800202740807903,1.388691822416084,0.722282816689516,1.0218134037391426,1.003862708117475
-0.7674167327931877,1.010099837449225,0.9965524346667154,1.0439621686924336,1.0018633041033072,-0.21974922333026847,-0.7669188291517779,-0.18672495603342898,1.0840805029427907,-0.27524896056795234,1.0125460159787483,1.0872846101153035,0.0020283226892446535,1.388691822416084,0.059004941159152294,1.017116809644859,1.0224021060782378
-0.4948044356111725,1.0153070334972258,1.0108282639556674,1.0529353738497913,1.0364445259071957,0.44702775746573276,-0.652657285495455,-0.18672495603342898,1.0840805029427907,0.4774633865404505,1.0065350206557386,1.0786582242908234,0.08168815925186902,1.388691822416084,0.15433465234984303,1.0024497872230351,1.0177057391205944
-0.7815125872881852,1.0346440016986356,0.998841920788931,1.0561246794670835,1.0357428381526037,-0.00858240754297233,-0.538395741839132,-0.18672495603342898,1.0840805029427907,-0.06287734681068806,1.0086157649057517,1.0717892466024204,-0.05034111410648629,1.388691822416084,-0.09508722489356057,1.037029307434159,1.0030394260251727
-0.6247221632114739,1.040733680445298,1.0372974359360454,1.0800763646529474,1.059528863731998,0.3930208992081087,-0.19561111087016309,-0.18672495603342898,1.0840805029427907,0.30544092192475103,1.0281799954326052,1.0623982456084322,-0.7424553924748931,1.388691822416084,0.16518037019124363,1.0363276542065947,1.0376172739018608
-0.7235767558764551,1.0543153266989171,1.0114224953498199,1.0458382308202525,1.0036317036204212,-1.1849556397367411,-0.08134956721384012,-0.18672495603342898,1.0840805029427907,-0.8824653810412909,1.028315178376647,1.0536428630236976,-0.845728834586026,1.388691822416084,0.2763045284023355,1.060112509378267,1.0369156546076435
-0.5607914837267055,0.9959855955296435,0.9867672459284694,1.0310482950355924,1.020434700997988,0.5228450777120028,0.03291197644248285,-0.18672495603342898,1.0840805029427907,0.20484871489876885,1.0282017189260333,1.0466080718372284,-0.8511023001150293,1.388691822416084,0.10049129355796009,1.0042180997248367,1.0606993594963705
-0.5400819837881327,1.009241106872888,1.0253414289065481,1.0555618608287378,1.0562052240808464,1.033625325617724,0.14717352009880583,-0.18672495603342898,1.0840805029427907,0.4901661693640606,1.0338769161518397,1.0410461651066358,-0.7668746563557288,1.388691822416084,0.3538543742792507,1.0210202702993794,1.0048076530078616
-0.4709700393034184,1.0442051444772986,1.0458040457135995,1.0882681899340687,1.0766676100090893,0.7032279842924549,0.2614350637551288,-0.18672495603342898,1.0840805029427907,0.2521003537082681,1.0445773070380553,1.0369284632379954,-0.7987006138595232,1.388691822416084,0.17704843028818623,1.0567890332690868,1.0216090109959866
-0.4616105881539069,1.0780373020986436,1.054845106850159,1.079138333589038,1.0691045687219793,-0.23775843337233016,0.6042196947240978,-0.18672495603342898,1.0840805029427907,-0.1636344224305006,1.0492491667692172,1.0316531375032272,-0.8410554778401909,1.388691822416084,0.4713941005577278,1.0772504123315791,1.057376044117111
-0.6717401835217447,1.0590657511637602,1.0464562726642386,1.0998369270452637,1.077887101243602,0.3930208992081087,0.7184812383804207,-0.18672495603342898,1.0840805029427907,0.07744400536500616,1.055277697924271,1.0311075803883865,-0.8434917406560143,1.388691822416084,0.005146765812844923,1.0696877431891092,1.0778364336265789
-0.2279684394959766,1.1009361751055193,1.1316196245268122,1.145300478619763,1.1780930527739017,1.7161889265197972,0.8327427820367437,-0.18672495603342898,1.0840805029427907,1.42148443107416,1.0722377265281524,1.0351372475720348,-0.35310459280342543,1.388691822416084,0.7012581259559825,1.0784698435601883,1.0702741302298437
0.32517544554333044,1.231846910838596,1.2518221071397877,1.2627729228463351,1.24899370594325,0.34939997523079874,0.9470043256930666,-0.18672495603342898,1.0840805029427907,0.9382776242642398,1.1073355635000734,1.044341923324122,-0.654021787994784,1.388691822416084,0.841822777815796,1.178670864387834,1.0790558058810662
-0.17603003298270825,1.2762761691892064,1.2404906676416823,1.2661817277325822,1.2247502567950215,-1.2112735972030504,1.0612658693493895,-0.18672495603342898,1.0840805029427907,-0.37946569236249783,1.1365619066188277,1.0545957379259174,-0.4836171762841954,1.388691822416084,0.5998091777864668,1.2495680288418578,1.1792519807878723
-0.5799679088127973,1.221646287843512,1.2431370494961214,1.2712470954776929,1.2761344759764768,1.197577684166721,1.4040505003183585,-0.18672495603342898,1.0840805029427907,0.6492504610065033,1.1680217127636816,1.06472672771433,-0.46814214693866874,1.388691822416084,0.5637456843083593,1.225325772609192,1.250145716513886
-0.7378052921035884,1.2612630007939696,1.2217527494606024,1.2886625802102358,1.2518608368727049,-0.25435515635226985,1.5183120439746816,-0.18672495603342898,1.0840805029427907,-0.37564030478061233,1.1930822488566084,1.075364400564148,-0.3358148458897052,1.388691822416084,-0.06644682518395618,1.276707463394858,1.2259046326849912
-0.6804380842981421,1.2464033076506742,1.2375159417135966,1.2956978131895567,1.2486277670881825,0.01011227416158321,1.6325735876310044,-0.18672495603342898,1.0840805029427907,-0.09589361528523399,1.2187621662410635,1.085787099284344,-0.3504261812971691,1.388691822416084,0.08419308368699793,1.2524350186921664,1.2772838385498042
-0.6912287885301605,1.2590403502703231,1.223181224628828,1.2790008602519687,1.2431999790203923,-0.4004644798076898,-1.6810111784023618,0.10989148584667455,1.0840805029427907,-0.12558209408278118,1.2424093666169997,1.097502529165388,-0.31820405869107005,-0.7201021737567175,0.1098849890654046,1.2492021079930629,1.2530125677108581
-0.3767005853761382,1.243997034950598,1.2589002417491162,1.2804397999040056,1.246188784619157,0.009447574367644831,-1.5667496347460388,0.10989148584667455,1.0840805029427907,-0.011883515390772864,1.2521501287242625,1.106931390908101,-0.7301384416945627,-0.7201021737567175,0.6803075179945842,1.2437745870033117,1.249779813361752
-0.5184106342059536,1.252314845479905,1.2113144415323864,1.2120892284011795,1.187272628953273,-1.5173886241809476,-1.109703460120747,0.10989148584667455,1.0840805029427907,-0.8484126137666856,1.243321229883295,1.1149866720565567,-0.8394017792082769,-0.7201021737567175,0.9697192756395493,1.2467632455358446,1.2443525548577203
-0.6853774126457182,1.1992032728766278,1.1568878423682574,1.1711901359836638,1.141743431452899,-1.34350731245998,-0.9954419164644239,0.10989148584667455,1.0840805029427907,-0.6855456889476172,1.2314475086231411,1.1188976290580714,-0.7647062667444614,-0.7201021737567175,0.7119260451442437,1.187849988879856,1.247341068852777
-0.5374071646671766,1.0898823027930964,1.1233690874371285,1.1153463326559425,1.166627273597496,1.707194707433044,-0.8811803728081009,0.10989148584667455,1.0840805029427907,0.3017717574881674,1.2157830377598344,1.1238229040747003,-0.953295748987972,-0.7201021737567175,1.037386479712892,1.142323031674909,1.1884306613591604
-0.7095875670876843,1.165447852881253,1.1366928973603734,1.1911073495636533,1.1792521640973286,0.27565984184059505,-0.7669188291517779,0.10989148584667455,1.0840805029427907,0.12508033296540885,1.2053967214773942,1.1276939430118655,-0.9110728621068008,-0.7201021737567175,0.06196825204477871,1.1672056493929661,1.1429059059284954
-0.4201967790933593,1.1928998250290477,1.2209506263024295,1.2457354646325476,1.2669247098415628,1.642095671364051,-0.424134198182809,0.10989148584667455,1.0840805029427907,1.1719012535191093,1.2080140098421903,1.1333080502881459,-0.406153144232382,-0.7201021737567175,0.5982830726803677,1.1798299186763925,1.1677873202736253
-0.6045742377750221,1.2663486956008507,1.2389140807445833,1.2586643467864118,1.2145954535668952,-1.2161134425776767,-0.30987265452648605,0.10989148584667455,1.0840805029427907,-0.7523974326433192,1.2039222720770857,1.1377420260512456,-0.2889803536677958,-0.7201021737567175,0.6923681932990908,1.2674981504328109,1.1804109790222577
-0.5794836390733773,1.2189358052690527,1.195283577480224,1.2165908394768814,1.168365483159067,-1.187718298255307,-0.19561111087016309,0.10989148584667455,1.0840805029427907,-0.686674971223259,1.1927900286106785,1.1407594325354045,-0.22679535340141307,-0.7201021737567175,0.632405597528387,1.2151714690551316,1.268074970968465
-0.632690871947394,1.1812978268168353,1.1581958652268574,1.1698140444129086,1.1598875947342886,-0.5244102195089271,-0.08134956721384012,0.10989148584667455,1.0840805029427907,-0.17135623241271883,1.1888727331150877,1.1454144929625925,-0.34102143132622964,-0.7201021737567175,0.7553829992819971,1.168943773424742,1.2157508202132652
-0.7753553372705559,1.1700000384790055,1.1301197702121417,1.1833216917332048,1.1404324555046195,-0.7092590778299078,0.03291197644248285,0.10989148584667455,1.0840805029427907,-0.3266434021366318,1.1886852044037497,1.1527205427494163,-0.4182967303217996,-0.7201021737567175,0.07579209732624265,1.160466302160285,1.1695253602462632
-0.5922723740952051,1.0945112260168193,1.1018661195706447,1.1179409265787161,1.1465308265243208,1.1456480127651634,0.3756966074114518,0.10989148584667455,1.0840805029427907,0.03451101512461875,1.1858105057282757,1.1575485712200493,-0.45095652234787303,-0.7201021737567175,0.6393249284463333,1.141012120234101,1.1610482989691928
-0.808203914898258,1.161809210449817,1.147048227030847,1.1780096218182856,1.1900775502773657,0.604187714995399,0.48995815106777474,0.10989148584667455,1.0840805029427907,0.5658405434189122,1.1873590243893082,1.1632158923467277,-0.36129767117213124,-0.7201021737567175,0.440812732218035,1.147110191179269,1.1415950578859746
-0.8652083849710305,1.1850132068742423,1.15438868000336,1.2086175754336508,1.1741903148846058,-0.28414201586820026,0.6042196947240978,0.10989148584667455,1.0840805029427907,-0.272978590909527,1.1740938217700099,1.1685076151940827,-0.858444589696624,-0.7201021737567175,0.0792443545080016,1.1906547721858691,1.147692833916292
-0.8223789324435214,1.175368018124278,1.1463888621655633,1.1908268782755442,1.1558018874174585,-0.48234718567366824,0.7184812383804207,0.10989148584667455,1.0840805029427907,-0.30974708323034306,1.165683689067409,1.1736744559124315,-0.9782499720998081,-0.7201021737567175,0.22740989878945306,1.174768318535436,1.1912353090202694
-0.8409911814249014,1.1446647458475654,1.1066244319205185,1.1680008303663718,1.1378708835191462,-0.1913540790078987,0.8327427820367437,0.10989148584667455,1.0840805029427907,-0.30567491702817057,1.161321585414221,1.1770787605587443,-1.1077403335496263,-0.7201021737567175,-0.07237344695521324,1.156380795883489,1.1753496236703604
-0.44214241192012155,1.1587031636843426,1.1643228727098096,1.1986744461562109,1.1812950177557435,0.4754021299195412,1.1755274130057125,0.10989148584667455,1.0840805029427907,0.5668211583416867,1.1643838128010326,1.1819641175110236,-0.9322988262271272,-0.7201021737567175,0.40126734844931555,1.1384506742925362,1.1569629902756136
-0.16426409943661624,1.1965539976943114,1.1592665524235288,1.1365458347002964,1.1421395602635098,-1.2742746745474156,1.2897889566620355,0.10989148584667455,1.0840805029427907,-0.5985231661613029,1.1646280058054683,1.1847368876731283,-0.8393529795599836,-0.7201021737567175,1.2986467839443772,1.1818726718147903,1.1390337358210347
-0.7888974220712052,1.146598716730656,1.1249751182321355,1.1745670478137378,1.1488490491711743,0.013934297976740758,1.4040505003183585,0.10989148584667455,1.0840805029427907,0.04313012297322268,1.1649596162412883,1.1896110061549832,-0.8388149460808149,-0.7201021737567175,0.12864274697143635,1.1427191409937294,1.1824536333690472
-0.25415505620341533,1.1551092848680555,1.2103918660645883,1.2039583751392129,1.2414617694588213,1.923222140463528,1.5183120439746816,0.10989148584667455,1.0840805029427907,1.2608123658517905,1.172309878020564,1.1970296248832721,-0.45032856192330145,-0.7201021737567175,1.0828288521440115,1.149428299756385,1.143301996090681
-0.281591928784537,1.2220053103078738,1.2515544353406196,1.2671197587964913,1.271498945529908,1.0841632818257207,1.6325735876310044,0.10989148584667455,1.0840805029427907,0.3544692500840863,1.1862294027310611,1.2042558078351944,-0.46987551928710214,-0.7201021737567175,0.7687178982673247,1.2420364629715357,1.1500108303850625
-0.13443932733456335,1.3080062639848584,1.3390233336333592,1.3590468030596174,1.340020996141317,0.6845125307193322,-1.5667496347460388,0.4065079277267781,1.0840805029427907,0.8623722824460377,1.2125810471743423,1.213095079767469,-0.4401620342413195,-0.7201021737567175,0.7692068445634529,1.272072161042748,1.2426145148850827
-0.5802618899055687,1.3658636933371464,1.3262643112063583,1.3672076733156295,1.3402350703715316,-0.6261716035874146,-1.4524880910897158,0.4065079277267781,1.0840805029427907,-0.049559977388034034,1.2415282564889911,1.2221953851343847,-0.509734629508382,-0.7201021737567175,0.4284260927161068,1.3405908399796045,1.2726487603701433
-0.7518784754902937,1.3415031512641655,1.3329561061855546,1.391971693402839,1.3438331641639836,0.009426802499083523,-1.3382265474333928,0.4065079277267781,1.0840805029427907,-0.005821671594466515,1.2647785450844065,1.2311216784469408,-0.5012328576289407,-0.7201021737567175,0.14839321402415312,1.3408049036761496,1.3411641256072846
-0.903626622088332,1.3567282616739869,1.3212079909200776,1.3997254581771144,1.3551470787155364,-0.07987146044302974,-1.2239650037770697,0.4065079277267781,1.0840805029427907,0.09366290079860991,1.2952482310408575,1.2370643728052222,-0.7382545132174106,-0.7201021737567175,-0.16916999703428848,1.3444028204219258,1.3413781789512833
-0.8031523459817604,1.3442437807631133,1.3074675052294615,1.3566388773185616,1.3077881869398245,-0.871300424471335,-1.109703460120747,0.4065079277267781,1.0840805029427907,-0.6602540937265331,1.317983699014917,1.2390377683756317,-0.47674272418967467,-0.7201021737567175,0.2832238593202816,1.3557161782645442,1.3449759216946433
-0.8368877108240296,1.3389753773229691,1.315497659204497,1.380089653916298,1.352494022016296,0.26354984246974533,-0.7669188291517779,0.4065079277267781,1.0840805029427907,0.5342917476159118,1.3338663208634296,1.2433253983735861,-0.7782075837982758,-0.7201021737567175,0.046158988469953165,1.3083596168156222,1.3562887324007544
-0.8845728563701091,1.3506075224596703,1.3082410767290567,1.3699279634009671,1.3409971380372097,-0.2619784321140177,-0.652657285495455,0.4065079277267781,1.0840805029427907,-0.20008790066618196,1.3438076981238545,1.245502468190787,-0.7611151497802058,-0.7201021737567175,0.08616368542594353,1.3530632521107806,1.3089344612094183
-1.0195496603686705,1.3467103473121664,1.3040475518754269,1.3772127126432878,1.3343800486904498,-0.3236085661333836,-0.538395741839132,0.4065079277267781,1.0840805029427907,-0.13782319277450122,1.3430007881209876,1.2482721677325572,-1.0416023636942153,-0.7201021737567175,-0.0985394820753194,1.341566933843765,1.3536359345477809
-0.7266414437285327,1.3273121717186134,1.3267104308716382,1.3621732605956276,1.3783841960123293,1.1165881686488552,-0.424134198182809,0.4065079277267781,1.0840805029427907,0.5179708618963026,1.3484578343615883,1.2526273513778723,-0.9152153126228041,-0.7201021737567175,0.5153548175460381,1.33495017009543,1.3421401722656026
-0.761957083927432,1.3802063210483073,1.3478270591079897,1.4088872075783183,1.3628921745830422,-0.4378538432168126,-0.30987265452648605,0.4065079277267781,1.0840805029427907,-0.24909388120601156,1.3511841327867786,1.2566447360801825,-0.8898891752064796,-0.7201021737567175,0.12815380067530815,1.3789521521630241,1.3355237285171349
-0.5251432100536843,1.323445143495598,1.2871547846299438,1.290257233018882,1.26835827530629,-1.2936548279144826,0.03291197644248285,0.4065079277267781,1.0840805029427907,-1.2615230802226522,1.3387694180216216,1.2573888395058557,-0.4807914426834862,-0.7201021737567175,0.9944332884256957,1.3634608930292895,1.3795235825612802
-0.502175519066212,1.224752334608986,1.1832981265528182,1.2040840713017766,1.2059657005172637,-0.4662489875391823,0.14717352009880583,0.4065079277267781,1.0840805029427907,-0.886454471109369,1.3242042082715286,1.2580162593588158,-0.41569080483684695,-0.7201021737567175,0.6309239420855738,1.2689316453579653,1.3640330726156762
-0.6274947282583451,1.2158845710935573,1.2463196671882275,1.2682135030170099,1.2769578384003788,1.3472805408831299,0.2614350637551288,0.4065079277267781,1.0840805029427907,0.9259374149271418,1.313399125850721,1.2625546362132907,-0.23846829451994525,-0.7201021737567175,0.6645130709741789,1.2065421406384245,1.2695083965669511
-0.8518231396408611,1.2416528831858313,1.2188984758421424,1.2627110127961172,1.229630051427348,-0.3132226318530697,0.3756966074114518,0.4065079277267781,1.0840805029427907,-0.6824633740922503,1.2974686076251323,1.2646692803190898,-0.1906924856723109,-0.7201021737567175,0.29606981200948074,1.2775307853046467,1.207121909128059
-0.8321854999697381,1.2557817417960742,1.2354932351512182,1.2818149534436967,1.2503357866942106,-0.1643506498790897,0.48995815106777474,0.4065079277267781,1.0840805029427907,0.22970814781878676,1.2854464861146944,1.2670551523190399,-0.14727176230941919,-0.7201021737567175,0.2698889603349501,1.2302053271278728,1.2781071206421062
-0.6306359775580977,1.2636747547530438,1.2949761546016283,1.3038605595076969,1.329744518243881,1.4591785968192073,0.8327427820367437,0.4065079277267781,1.0840805029427907,1.0185125701726128,1.2784888175901377,1.2691636551841705,0.04121705962256035,-0.7201021737567175,0.9094455322258524,1.2509100435548135,1.2307839512187015
-0.8975526233536114,1.3405284007057066,1.3041662197063915,1.3723039960858494,1.3364229023488645,-0.136661749087781,0.9470043256930666,0.4065079277267781,1.0840805029427907,0.03441161768193774,1.274702517377205,1.273252708165089,0.04140659083454984,-0.7201021737567175,-0.019033851013891268,1.33031486774332,1.2514876663243386
-0.913813011204236,1.3294133210011403,1.3093715439608753,1.3765560908985512,1.3446867165434289,0.3037018643974283,1.0612658693493895,0.4065079277267781,1.0840805029427907,0.054671401073623935,1.2856209283842082,1.2791708068544902,-0.2964436451355213,-0.7201021737567175,0.00024248629713016328,1.336992923233828,1.3308886503374742
-0.8926757334682169,1.3333114096918102,1.304701563304727,1.3566079222934528,1.3140704422341978,-0.4800830520005561,1.1755274130057125,0.4065079277267781,1.0840805029427907,-0.44723141701901914,1.3010847840943538,1.284345846129132,-0.4714949051252106,-0.7201021737567175,0.23778148688915818,1.3452563308017402,1.3375663828639244
-0.8696526655113099,1.3232322879378464,1.3035122082770911,1.3706155401708124,1.3468823496738345,0.49409681162410257,1.2897889566620355,0.4065079277267781,1.0840805029427907,0.3769575578894731,1.311087144173678,1.2912751922133126,-0.636879654981241,-0.7201021737567175,-0.0032245874390572976,1.3146415629873098,1.3458293907969965
-0.6923549107945063,1.3528155562926558,1.351098008493821,1.4038527948583164,1.4047921734882827,1.1363006719128796,1.6325735876310044,0.4065079277267781,1.0840805029427907,0.6938677090451355,1.3361432308763845,1.299943553417766,-0.7962842019779732,-0.7201021737567175,0.2619917368247432,1.3474518558945099,1.3152161035736831
-0.6086866281562056,1.4084960122796135,1.379025099540333,1.446720814478978,1.419460832493668,0.2033114236439402,1.7468351312873274,0.4065079277267781,1.0840805029427907,0.13177449784414827,1.3603357432831256,1.3076426426074133,-0.7898679232638655,-0.7201021737567175,0.04863335305945139,1.4053588302163125,1.348024809709802
-0.8930455326936374,1.4117847676783506,1.3837843041295377,1.461824052638984,1.4144895531475743,0.015658363067270642,-1.6810111784023618,0.7031243696068816,1.0840805029427907,-0.1143121815871755,1.3724581069379358,1.3157081182153796,-1.0339427830790318,1.388691822416084,-0.1108964884683904,1.4200267674402587,1.4059289835350492
-0.9081942929229226,1.4130637281111933,1.3807506904056353,1.4595408850294282,1.4093060292655417,-0.13111566018209356,-1.5667496347460388,0.7031243696068816,1.0840805029427907,-0.11710210647595717,1.3828836825458484,1.3242168071624365,-1.0149607515603285,1.388691822416084,-0.12520928004597826,1.415055732709379,1.4205962113883515
-0.8162346904388468,1.4062094137343244,1.3600204017994157,1.43971747455583,1.4129041230579942,0.10643142867719577,-1.4524880910897158,0.7031243696068816,1.0840805029427907,-0.007259907378031051,1.392641849620737,1.3334481051928242,-1.0118684394645636,1.388691822416084,-0.15633886089951807,1.4098724638861984,1.4156254170666074
-0.6389993865728083,1.4298117149792633,1.4379432314944993,1.4868066339640842,1.4719117634376453,0.9095549547051246,-0.9954419164644239,0.7031243696068816,1.0840805029427907,0.6855733861658319,1.4152202802929084,1.343202452691,-1.0496143704958696,1.388691822416084,0.3938590712352453,1.4134703806319748,1.4104423989166255
-0.6853372736343158,1.4955265291050357,1.4505826938512048,1.4915380626504433,1.474809084322643,-0.5188641306032455,-0.8811803728081009,0.7031243696068816,1.0840805029427907,-0.017026826555794294,1.433519575353056,1.3543682722383616,-1.0392562004569745,1.388691822416084,0.5290156807287868,1.4724751175001622,1.414040141659986
-0.860585337167005,1.4706470945135868,1.4435937831749321,1.5254844688222624,1.4778280798769508,0.1153841040268263,-0.7669188291517779,0.7031243696068816,1.0840805029427907,-0.015590725489244827,1.4439670053188143,1.3654102229614278,-1.198061850698194,1.388691822416084,-0.12323867830703684,1.4753722958204962,1.4730420249416358
-0.819463650911664,1.4894971442073504,1.4451105900368835,1.471985743154315,1.4211377472970153,-1.6003930109491957,-0.652657285495455,0.7031243696068816,1.0840805029427907,-0.7412549266841767,1.4442068797974477,1.3714409212984966,-0.924625099354729,1.388691822416084,0.7469820129212377,1.4783911428230547,1.4759390631486589
-0.5307485486645301,1.4304639848000134,1.3920821299037407,1.391721239108775,1.441660513136344,0.20786046285871412,-0.30987265452648605,0.7031243696068816,1.0840805029427907,0.20337236477425677,1.4480935530191708,1.377152275120772,-0.9069640856230646,1.388691822416084,1.134197846346392,1.4217035997298615,1.4789577641537668
-0.6953036415025324,1.4376380392850925,1.4209014602808125,1.4778634458007718,1.446204558869146,0.14791285019275555,-0.19561111087016309,0.7031243696068816,1.0840805029427907,0.003775702722234948,1.4533717076000372,1.3807162520244824,-0.9131935195656125,1.388691822416084,0.2521239115756034,1.4422253557324047,1.4222729625830068
-0.8130146497463412,1.4450377389322517,1.4280090387880497,1.4839925407723558,1.4807857806730347,0.7648373464432595,-0.08134956721384012,0.7031243696068816,1.0840805029427907,0.37377389151991675,1.4630818474334324,1.385433738163072,-0.8710675441605715,1.388691822416084,0.2733412175167047,1.4467691778723162,1.4427937261125765
-0.8663214992224217,1.468881215573098,1.4341066023730933,1.512914852565876,1.4843234945544008,0.3030163927349345,0.03291197644248285,0.7031243696068816,1.0840805029427907,-0.009390363107370387,1.4648572849956922,1.39014919769224,-1.061127303727344,1.388691822416084,-0.08224127220436145,1.48134869808344,1.4473373285042037
-0.3355651601814004,1.4820362371680476,1.4404415016200656,1.5203881460520423,1.4919469157525966,0.17699346617763087,0.14717352009880583,0.7031243696068816,1.0840805029427907,0.04005557692111965,1.467308768142579,1.3947407883971128,-1.0591027931903492,1.388691822416084,-0.09508722489356057,1.4848862378891654,1.4819151763808918
-0.4636580493929435,1.4132391283991257,1.383813748027446,1.4222851052641368,1.402536160446791,-0.2888156862943421,0.48995815106777474,0.7031243696068816,1.0840805029427907,-1.1322652413755288,1.456538626521441,1.397920937759003,-0.6574237520572513,1.388691822416084,0.5141250435285033,1.4925092839716863,1.48545254510415
-0.7768512587603221,1.4139471243530208,1.3919625698334457,1.4592285206851465,1.43062196757323,0.3327824803823036,0.6042196947240978,0.7031243696068816,1.0840805029427907,0.3005259947696621,1.4578952979453332,1.4005432475247144,-0.7343573008555434,1.388691822416084,0.06590945552266994,1.4031029281834915,1.493075222520987
-0.8216155479118494,1.4405504148993074,1.4185218579862102,1.4863685734572387,1.4689229578388807,0.5975199451874478,0.7184812383804207,0.7031243696068816,1.0840805029427907,0.4228695088825857,1.4617950576088803,1.4048369880571352,-0.6871441397669293,1.388691822416084,0.07826646191574087,1.4311873533285049,1.4036731906021416
-0.9397558205831563,1.475488873295061,1.431994671877659,1.5138838386548943,1.474107396568051,-0.07918598878053004,0.8327427820367437,0.7031243696068816,1.0840805029427907,0.010921263750843664,1.4657864223651949,1.4095268386127136,-0.6871124533337768,1.388691822416084,-0.13261755726005273,1.4694864589676295,1.4317562575284466
-0.5894503785991069,1.4477482215067112,1.4813649507555073,1.5033778907391084,1.5373846285392034,1.9883004046639594,0.9470043256930666,0.7031243696068816,1.0840805029427907,0.7178926356595394,1.473882611328438,1.4148635767541728,-0.5780583675072528,1.388691822416084,0.8531722585077532,1.474670642592932,1.4700535109465795
-0.3405275312947816,1.530666880540545,1.5533392208337506,1.580765453511638,1.589133871728589,1.27790249989066,1.2897889566620355,0.7031243696068816,1.0840805029427907,0.5606938399273773,1.488875224268502,1.4224572208415316,-0.5183114524782554,1.388691822416084,0.8260135142409663,1.5379447609644346,1.4752374438544416
-0.44047515631686907,1.573543115508418,1.543346140331484,1.5709789754218708,1.5470509033958142,-0.6525103329222852,1.4040505003183585,0.7031243696068816,1.0840805029427907,-0.540151515549905,1.4967575807723412,1.4318113436853015,-0.41347960029608993,1.388691822416084,0.8146492169945758,1.5896914577967742,1.5385085021636182
-0.6054368548626612,1.5510087462249025,1.536981797186603,1.5850494413805125,1.5584864926166768,0.11951770587039172,1.5183120439746816,0.7031243696068816,1.0840805029427907,0.0825864649348879,1.5190655146920111,1.4436434571390588,-0.916291026103025,1.388691822416084,0.4867144178364294,1.5476105601853534,1.5902526964226855
-0.7164479931198819,1.5546629188901666,1.5239863313370041,1.5985570887008085,1.5407082681903548,-0.36722949011069955,1.6325735876310044,0.7031243696068816,1.0840805029427907,-0.2610626144786299,1.534812822732064,1.4524960555635855,-0.8452629042708346,1.388691822416084,0.057552918825192145,1.559045586710196,1.5481738339272448
-0.7508095884829478,1.5467452402677064,1.4991508495708803,1.5628809532471406,1.539915095721996,-0.20520891533783375,-1.6810111784023618,0.9997408114869851,1.0840805029427907,-0.06170987601206352,1.5449679015874747,1.4629105557274877,-0.8722395653576805,-0.7201021737567175,0.20865214088342132,1.5412682370736146,1.5596083074314406
-0.25085845406323476,1.601862953664213,1.5770424508893939,1.6020587586623822,1.5591579904157258,-1.0215433497703204,-1.3382265474333928,0.9997408114869851,1.0840805029427907,0.17537996600151412,1.557133973957976,1.473275956672241,-0.8711406141563802,-0.7201021737567175,0.8832943136601749,1.540475103633852,1.5418318175428776
-0.6987321820598228,1.566221980573562,1.5483132366847085,1.596055359853362,1.5562908594862712,-0.27624870581516126,-1.2239650037770697,0.9997408114869851,1.0840805029427907,-0.08598087973946639,1.5598384180253204,1.4808798259253135,-1.06340884574866,-0.7201021737567175,0.5010420259684459,1.5597170514677348,1.541038722460627
-0.839956858566263,1.540046228229111,1.516638740449847,1.5929917503986337,1.5628777588774883,0.4684850976888602,-1.109703460120747,0.9997408114869851,1.0840805029427907,0.025081437994217946,1.5560826092218372,1.4884806245580515,-1.2803933467091275,-0.7201021737567175,0.02344521053160576,1.5568500616174261,1.560279739715607
-0.6703691389563415,1.5682445651437857,1.5711840074449406,1.6247591104089911,1.5959952252611065,0.5792614727226623,-0.9954419164644239,0.9997408114869851,1.0840805029427907,0.3357921233580594,1.563083855597668,1.496915618617079,-1.3760304993551398,-0.7201021737567175,0.42744820012385043,1.5634366368957358,1.5574128885186351
-0.7616920921206735,1.6009795574223855,1.5455472947599742,1.6170363006598243,1.5712339726329567,-0.7272682878719755,-0.8811803728081009,0.9997408114869851,1.0840805029427907,-0.3385449957343896,1.5649073204014212,1.5055471323775176,-1.2905738713118569,-0.7201021737567175,0.12370883434686432,1.5965524737116796,1.563999145257052
-0.8560291877153169,1.5749134302578924,1.5600015719150382,1.6313881759376392,1.5909031860928406,0.31201061182168177,-0.538395741839132,0.9997408114869851,1.0840805029427907,0.17738152121480985,1.5720874584369864,1.5137375208206936,-1.318644510132125,-0.7201021737567175,0.13704373333219164,1.5717924394779683,1.5971133805252031
-0.5654033818053413,1.6153523320580345,1.5929546471105922,1.666001522195898,1.6329248596673915,0.34663731671223863,-0.424134198182809,0.9997408114869851,1.0840805029427907,0.434429776917611,1.5853920512461745,1.521394634630368,-1.236016304108306,-0.7201021737567175,0.13753267962832405,1.5914606851006978,1.5723545437360378
-0.8590113675995118,1.644403004746882,1.6021447122153547,1.694799075857918,1.6492704334761237,0.05722287205707568,-0.30987265452648605,0.9997408114869851,1.0840805029427907,0.13377317396274782,1.5982821964427971,1.5291080329107742,-1.2389492927578425,-0.7201021737567175,-0.16472503070584885,1.633480290969945,1.5920218381632547
-0.9286194748640616,1.659690236092013,1.6165392093352715,1.7184693517246088,1.6713484394494897,0.21091392753713262,-0.19561111087016309,0.9997408114869851,1.0840805029427907,0.197377835469674,1.614740621731565,1.537729321505499,-1.2623696367919817,-0.7201021737567175,-0.29957049255639334,1.6498250604834939,1.6340394118807127
-0.6804488623660188,1.6848062783635376,1.6848258542603118,1.7466093456108285,1.7467016536378732,1.350749442932757,-0.08134956721384012,0.9997408114869851,1.0840805029427907,0.7923869652204548,1.641035732746166,1.5490537692993438,-1.071891306030044,-0.7201021737567175,0.38991786775735404,1.6719019800934158,1.65038339092867
-0.48411445056517327,1.7702289592162437,1.780146458661975,1.837661206891327,1.8292812453667044,1.2834278169277804,0.2614350637551288,0.9997408114869851,1.0840805029427907,0.8462612011227195,1.674406159397321,1.5630291757466215,-0.9306414325869604,-0.7201021737567175,0.5346163383026267,1.747251486475152,1.6724592428548104
-0.7378119819388221,1.8486109628861527,1.7881471687391017,1.8721807500431948,1.8114728309848391,-0.9031436989747705,0.3756966074114518,0.9997408114869851,1.0840805029427907,-0.24007817943679305,1.7087711556270995,1.5744263051237852,-0.9823601864749326,-0.7201021737567175,0.1222271789040427,1.8298270148184672,1.7478051051844177
-0.8622830686863223,1.8115211103337248,1.762986019617324,1.856140418850343,1.8161385513869515,0.04613069424571259,0.48995815106777474,0.9997408114869851,1.0840805029427907,-0.0028049191332360237,1.7409899753977442,1.5858827895920162,-0.9460573928313445,-0.7201021737567175,-0.04223657524836686,1.81201947671186,1.830376640010797
-0.21376294603464838,1.7830487104691555,1.853726759535225,1.850276786669845,1.9021341823278384,2.646083166373207,0.6042196947240978,0.9997408114869851,1.0840805029427907,0.8588228687177794,1.7794990551599223,1.60012432670369,-0.8427885125201969,-0.7201021737567175,1.5572252918243756,1.8166849675339962,1.8125699631121825
-0.5334111030875576,1.9033321985484786,1.8834677731407647,1.9611370499269194,1.949949582825247,0.9967760307911834,0.7184812383804207,0.9997408114869851,1.0840805029427907,0.4383110451149564,1.8225097400451324,1.617873525542138,-0.867019192681519,-0.7201021737567175,0.30002583204179656,1.9026763670008118,1.8172352283018949
0.9521509538247533,2.070906162175313,2.285035251927686,2.127606608745737,2.301190503779061,5.16155644906466,1.0612658693493895,0.9997408114869851,1.0840805029427907,3.4896654165180383,1.9126055734774499,1.6467230475962114,0.7336708397854073,-0.7201021737567175,4.33901856915428,1.9504894147086054,1.903222469053447
0.9359046889596223,2.296734032888618,2.4335038765327868,2.3065829357396606,2.281581670230264,-0.4184736898497515,1.1755274130057125,0.9997408114869851,1.0840805029427907,-0.22784381339471751,1.9891175494320552,1.674761895175759,0.8785481849850745,-0.7201021737567175,3.977494641107529,2.301713052611716,1.9510332044270708
0.04807018068683475,2.342319836887784,2.361946282221915,2.398322373790004,2.3408335747956728,-0.1096583199589602,1.2897889566620355,0.9997408114869851,1.0840805029427907,0.48137910471958484,2.0622926135859627,1.7036287969409256,0.8830863927230919,-0.7201021737567175,1.3401479528976135,2.2821051839290387,2.302239856455863
-0.3723967913757672,2.4295476790371304,2.3920441915596786,2.471551644856223,2.460312610975245,0.6197873882844311,1.4040505003183585,0.9997408114869851,1.0840805029427907,1.0037218316482648,2.1551059775274486,1.7363871879746862,0.7524419073071017,-0.7201021737567175,0.6832708288802148,2.3413541729637966,2.2826329360487483
-0.2718541302868064,2.4708252134639506,2.49378891914137,2.530975912754887,2.573021778336068,2.2403254859099997,1.5183120439746816,0.9997408114869851,1.0840805029427907,0.9076447752688133,2.2633744292630578,1.7726727084681424,0.630568377473767,-0.7201021737567175,1.4342182569619122,2.4608273300953516,2.341879059684448
0.6992981999781204,2.6630949895058045,2.7749638683379065,2.6731026274341905,2.861473080843107,4.4179235545943465,-1.6810111784023618,1.2963572533670886,1.0840805029427907,2.322972696308928,2.4006031767551397,1.8216409042480282,0.8306223034147973,-0.7201021737567175,3.8584732593862388,2.573530951524199,2.461346438856286
0.20458780814901467,2.706808030014023,2.771513578846633,2.758589150412514,2.749891920003031,0.8905071512350385,-1.5667496347460388,1.2963572533670886,1.0840805029427907,-0.89924837249524,2.5150310240640428,1.8659212760817554,1.2699433758323624,-0.7201021737567175,2.4508857721579758,2.8619680605868263,2.5740446097136394
-0.0967997127069663,2.761544795910176,2.791737967752425,2.77928774386874,2.8775442005105387,2.5443010104261528,-1.4524880910897158,1.2963572533670886,1.0840805029427907,0.9468261423559307,2.597475607555131,1.9132006613838382,0.3153878130885589,-0.7201021737567175,2.459790521369295,2.7503923901743894,2.8624677693834735
-0.43988087595360537,2.935361913535614,2.875310456888611,2.980589210183708,2.926488522375831,-0.2966051370045746,-1.3382265474333928,1.2963572533670886,1.0840805029427907,0.3175562022128144,2.6897263853626034,1.9619488165105494,0.19563071900194687,-0.7201021737567175,0.6679653281559335,2.8780383894637795,2.7508974949925737
-0.5799437510744532,2.915842236700941,2.8645446971260804,2.9524482782664245,2.9026412020382124,-0.3942329192395086,-1.2239650037770697,1.2963572533670886,1.0840805029427907,-0.2301949730426057,2.7700902246036794,2.0077726970678493,0.32889461295309147,-0.7201021737567175,0.9336854152702992,2.9269803029901054,2.87853732106733
-0.14075936334288017,2.677666003008544,2.737043696789128,2.7179405122890623,2.722263536445426,0.9258193277880892,-0.8811803728081009,1.2963572533670886,1.0840805029427907,-1.4063023343549164,2.807561026071544,2.0458054005316675,0.7964841008183855,-0.7201021737567175,2.520538394524688,2.9031341560762596,2.927476867665288
0.8129183739764988,2.7501867137233695,2.6701257469971655,2.3381007794870174,2.29704258685687,-10.37789919300599,-0.7669188291517779,1.2963572533670886,1.0840805029427907,-3.406523739498727,2.7680835496143907,2.070978346034363,1.956392501095265,-0.7201021737567175,7.40900864666605,2.72276536609037,2.9036318739985782
0.20700060872331594,2.253249378171978,2.38341891395116,2.262401672629525,2.4325927427038745,3.9990172813322706,-0.652657285495455,1.2963572533670886,1.0840805029427907,1.162580716193052,2.70673431034356,2.1003171100263414,1.4564624671522168,-0.7201021737567175,3.8436418884036643,2.2975653397906255,2.7232718070064363
-0.5514093614689018,2.5344991721561723,2.4633341140713827,2.473052494558478,2.419053005066373,-2.7033792315182734,-0.538395741839132,1.2963572533670886,1.0840805029427907,-0.16863004634621837,2.659409418182238,2.1297981358584193,1.443268162772668,-0.7201021737567175,1.8434070406040115,2.4331088257991325,2.298092344226421
-0.4333493668203998,2.3661934604531187,2.3132300147733664,2.3621143747230993,2.327293837158171,-0.9599132157509546,-0.424134198182809,1.2963572533670886,1.0840805029427907,-0.8438054846611618,2.5806987891367856,2.1562259517732376,1.2121258339406569,-0.7201021737567175,1.1030830820472892,2.41956975439372,2.4336292750821147
-0.09133151571841201,2.275235621555704,2.2462522849462565,2.235167816751042,2.2662122383174244,-0.2786166988310682,-0.08134956721384012,1.2963572533670886,1.0840805029427907,-0.5945336036630771,2.486249489102884,2.1799577323281136,1.0865351410004065,-0.7201021737567175,1.996017551213907,2.327815101558383,2.4200908584531473
-0.39732794900434126,2.2316285520547785,2.3212592765090716,2.308897058374325,2.392278173888214,3.5752711626955564,0.03291197644248285,1.2963572533670886,1.0840805029427907,1.0888480025668017,2.413244548692688,2.2080170609452914,1.424495931987162,-0.7201021737567175,2.0770048377181527,2.2667365082796502,2.3283406430554803
-0.21510388634149974,2.4149465186099026,2.506964617335742,2.475616133456143,2.496815011768239,1.780581719057729,0.14717352009880583,1.2963572533670886,1.0840805029427907,0.8568724272509366,2.380995237512593,2.23936401063607,1.5016516912603957,-0.7201021737567175,2.5274429088882058,2.392796240689514,2.267265003659109
-0.6070702896322321,2.546009816051754,2.4842419583043833,2.536651000691539,2.519290061399353,-0.6891934528003589,0.2614350637551288,1.2963572533670886,1.0840805029427907,0.13699432552867974,2.4127866540932676,2.2703537550633297,-0.10522104663779343,-0.7201021737567175,1.1860409702904804,2.497327934762649,2.393318639569363
-0.5794438717194879,2.5226231109940653,2.563711038759326,2.5919319853809144,2.6433433332672718,2.659231759172075,0.3756966074114518,1.2963572533670886,1.0840805029427907,0.9856270780460624,2.44293349752992,2.3063383547639993,-0.16923890952813228,-0.7201021737567175,1.6325230214282178,2.5198018784935132,2.4978452782816785
-0.15462999338500855,2.7158676375943784,2.7517656457433595,2.7161582532676345,2.7037534343089695,-0.3630751163985787,0.7184812383804207,1.2963572533670886,1.0840805029427907,0.43504112451057103,2.4836585044861534,2.3436903938182567,-0.20054992300793628,-0.7201021737567175,2.7931629960025632,2.643849046235004,2.5203181351278845
-0.039446256229500584,2.731641787447156,2.6879696413690253,2.4981288789899696,2.5578655058063053,-4.034170534591722,0.8327427820367437,1.2963572533670886,1.0840805029427907,-1.2091475393981466,2.516640656408392,2.3747353787053354,-0.003968512838480778,-0.7201021737567175,5.1776207332329,2.7042561747561984,2.6443593037014
-0.5453264429538697,2.466348851949002,2.5460152561163394,2.495940452517869,2.579121064202907,2.480593689550726,0.9470043256930666,1.2963572533670886,1.0840805029427907,0.1234896407505309,2.561400736836631,2.405945163785769,-0.16003354103366615,-0.7201021737567175,2.854888761750219,2.5583754247692334,2.704763510813605
-0.9496656965093991,2.524450197326697,2.474673583723463,2.555348773888446,2.4751944293637074,-1.2001814193916813,1.1755274130057125,1.2963572533670886,1.0840805029427907,-0.9065944278804737,2.57326150251938,2.432925691360808,-0.06680021484071176,-0.7201021737567175,0.731809861186814,2.5796299372714886,2.5588898159101183
-0.6603830732399366,2.5290782070072537,2.5754591540248026,2.6153518069535417,2.6431292590370568,2.507597118679535,1.5183120439746816,1.2963572533670886,1.0840805029427907,1.371563751423332,2.5941910415217304,2.463013656008215,0.1342582347746923,-0.7201021737567175,1.4576876791760907,2.47570841621372,2.580143300501837
-0.37689867883055944,2.661176548856541,2.650793597421933,2.67103895909359,2.6668237999026845,0.04197632053357994,1.6325735876310044,1.2963572533670886,1.0840805029427907,0.13884418744220411,2.615295022793593,2.4911251851710805,0.13426088196451125,-0.7201021737567175,1.8290942490264195,2.64363498253846,2.4762268052957057
-0.5314093557226182,2.7108888273379566,2.665188094541849,2.585865738490612,2.515081764566076,-4.533713201606146,-1.6810111784023618,1.5929736952471922,1.0840805029427907,-1.2682965137419777,2.5969478313563696,2.514741326164156,0.22590446942060846,1.388691822416084,3.4134728636913145,2.667328357497933,2.644145250357402
-0.47800514436671915,2.523201383818343,2.4872166842324686,2.479211606524108,2.4833667588445043,-0.986231173217258,-1.5667496347460388,1.5929736952471922,1.0840805029427907,-0.31802118033879084,2.565422593002396,2.537136373568788,0.14584181500415536,1.388691822416084,2.1427162566069735,2.5155937887323705,2.6678374794580955
-0.24005585679080096,2.4797468760261925,2.4205226865124767,2.3027370083776315,2.271030738191527,-4.819326394314712,-1.4524880910897158,1.5929736952471922,1.0840805029427907,-1.8482398020011999,2.524392279358409,2.549518128062431,0.403016825483115,1.388691822416084,3.822676463887838,2.483880343569434,2.5161102488783404
-0.3721042969130477,2.2261472930568824,2.2154994719398626,2.147305261087836,2.2528554701074563,0.5342696054203468,-1.109703460120747,1.5929736952471922,1.0840805029427907,-0.21659735643820088,2.4777215784238673,2.559684951990148,0.36313415290451034,1.388691822416084,2.873157573360128,2.2715547710561577,2.4843983374407443
-0.6889862070968065,2.356144485623643,2.3226690146513556,2.3859094087212904,2.383190997269748,0.5377385074699739,-0.9954419164644239,1.5929736952471922,1.0840805029427907,1.132618724455329,2.4645609364747436,2.562437241114621,0.614946462009298,1.388691822416084,0.8839758751638757,2.253380397298634,2.272083033414837
-0.864634174113468,2.382058964622528,2.3664074788747125,2.405263803662934,2.4356730330164056,1.1401226957280373,-0.8811803728081009,1.5929736952471922,1.0840805029427907,0.4054238136722063,2.434885335808171,2.5676092097689285,0.2826839921434129,1.388691822416084,1.3045882222700629,2.383709511211813,2.2539095386062082
-0.6474360121175771,2.4062066511377576,2.3369930248641575,2.3094598770126704,2.2369682347146966,-3.920589957302231,-0.7669188291517779,1.5929736952471922,1.0840805029427907,-1.7575376428154135,2.373396595067498,2.5641230423844963,0.5197734663225122,1.388691822416084,2.3293900258471827,2.436188964543865,2.384232349543989
-0.6446378027023099,2.248194743832752,2.213535653173301,2.247456023688256,2.2773129934859,0.5882764636779649,-0.652657285495455,1.5929736952471922,1.0840805029427907,0.31637103647557374,2.339384932766968,2.557980788410672,0.5023506646639653,1.388691822416084,1.2586272704339625,2.237493943648201,2.436709264865205
-0.41010776424585743,2.22486833262404,2.1660105252310493,2.150182202360846,2.1229471765584567,-2.3862551142032524,-0.30987265452648605,1.5929736952471922,1.0840805029427907,-1.444677310240004,2.2878286705062783,2.542874349669364,0.6598036280753605,1.388691822416084,2.005900193017484,2.2778367172278453,2.2380238532562995
-0.5066053049634851,2.054066820990611,2.0512382111838585,2.0832067843977113,2.098856506882219,0.9503924482953132,-0.19561111087016309,1.5929736952471922,1.0840805029427907,-0.2810021428325727,2.263199986993544,2.5172776585604995,0.3294690135663242,1.388691822416084,1.1578895168769958,2.123478495976423,2.278364675779102
-0.4525543971464077,2.079066843280014,2.087938691567763,2.0777352492019276,2.152161905052779,1.5922639586871152,-0.08134956721384012,1.5929736952471922,1.0840805029427907,0.4578319814601387,2.248796263935559,2.4972152693054204,0.4029699761594425,1.388691822416084,1.8537638121492879,2.099389011698129,2.124013919598544
-0.35837378175331486,2.204801443432744,2.136209731590362,2.0577232944844837,2.002523103285672,-4.6642436236411,0.03291197644248285,1.5929736952471922,1.0840805029427907,-1.4587954600290616,2.194343579505968,2.467845799110096,0.24051391669953542,1.388691822416084,2.9714505954364494,2.1526917869399687,2.0999256003356654
-0.13403124738530536,1.9620118167504512,2.034136659935025,2.01766936805555,2.0197524194293925,1.247430168712224,0.14717352009880583,1.5929736952471922,1.0840805029427907,0.11818560768202734,2.1348481655839233,2.4374118369633915,0.15767067176717556,1.388691822416084,1.9090888263839758,2.003060348252855,2.153225797749183
-0.6840873894181458,1.9496177766130427,1.9182303096986932,1.968735101544586,1.920248155653685,-0.7300309463905298,0.48995815106777474,1.5929736952471922,1.0840805029427907,-1.0311214761346061,2.0895429039892965,2.4044385025062116,-0.08398982524528921,1.388691822416084,0.7572795182487954,2.0202888166162443,2.00360159553632
-0.4977888454404453,1.9684066189146627,1.971204343232672,1.946003794772868,2.037927687513463,1.51470180148176,0.6042196947240978,1.5929736952471922,1.0840805029427907,1.1472231435869444,2.055300004261736,2.3814692490990175,0.27039223044376703,1.388691822416084,1.9960175512139153,1.9207894490161623,2.0208292306966817
-0.22380104380287122,2.116978884682126,2.19771446536382,2.1677852933061708,2.252429151341303,3.006828207665556,0.7184812383804207,1.5929736952471922,1.0840805029427907,2.044261521805818,2.0738217688328913,2.3799718303866673,0.7056413011152846,1.388691822416084,2.254329361114199,2.0384631903737676,1.9213346750840932
-0.2352083278489323,2.2422567132516984,2.3681821429031955,2.294451379990119,2.429695421818877,4.183180667990753,0.8327427820367437,1.5929736952471922,1.0840805029427907,1.55951306171064,2.121146660994214,2.3798745838406723,0.8871823077964046,1.388691822416084,3.084382373287776,2.252954099509788,2.03900272550531
-0.5023988852315163,2.4458854850235245,2.4991129112268182,2.523190254924438,2.5118486947815533,1.4184449625718254,1.2897889566620355,1.5929736952471922,1.0840805029427907,0.6539767631590854,2.172598100855893,2.3829892061646234,0.8941579794800811,1.388691822416084,1.645606038988271,2.4302116474787985,2.2534832614339724
-0.6364669122793257,2.5549625390816497,2.5050605786043283,2.5472817067388247,2.495168286920435,-1.4404496230323964,1.4040505003183585,1.5929736952471922,1.0840805029427907,-0.19220353230461082,2.2430685900780385,2.3886237944785353,0.4048473030896742,1.388691822416084,1.3638396234282257,2.5123608780332676,2.430732236875092
-0.6881254482967323,2.521922423385501,2.4604495043156835,2.502631428096735,2.4882154486741506,-0.8470596538610803,1.5183120439746816,1.5929736952471922,1.0840805029427907,-0.11092435899963637,2.31007994013285,2.396075176725793,0.447790964778679,1.388691822416084,1.3282947093550994,2.4956812909430712,2.512877494529234
-0.8010242350624059,2.408307800420284,2.435317799091814,2.4682685361325403,2.4398813298496833,0.6388351917545231,1.6325735876310044,1.5929736952471922,1.0840805029427907,-0.46053293625673086,2.384410929693071,2.3976729433106767,0.18883878801002724,1.388691822416084,1.4537316591437752,2.488728794815967,2.4961987140970745
-0.8791626379535805,2.445198500562455,2.3950180252484334,2.4727710852393052,2.398530239227044,-1.1388628634007174,1.7468351312873274,1.5929736952471922,1.0840805029427907,-0.40672928276421527,2.4359933648374077,2.3943740837666523,0.2863224147746673,1.388691822416084,0.7133928840326367,2.440397054305006,2.4892465542065234
-0.08688277528797671,2.671469439711423,2.749147815547498,2.7274465190907207,2.8346067649511815,3.6175003714793057,-1.4524880910897158,-1.6698071654339466,1.52815350446093,3.7330504937157802,2.519271031215012,2.4049574680489547,1.3401535772200477,-0.7201021737567175,2.5713888093220874,2.3990479983911754,2.440917151114749
-0.14186058455385595,2.7987561497037237,2.7697585440834227,2.6868297740234417,2.6815528388191554,-2.7518400008702155,-1.3382265474333928,-1.6698071654339466,1.52815350446093,-1.2225646942216404,2.555298005556435,2.4062399433378863,1.5296443930298471,-0.7201021737567175,3.555208023350952,2.8351030666704227,2.399570094923577
-0.39122384601106897,2.6681194769205425,2.657753064200297,2.555380666944619,2.494100660310775,-4.037618664772793,-1.2239650037770697,-1.6698071654339466,1.52815350446093,-1.5481449162393073,2.5527592358425824,2.3992030948357925,1.7854062791132022,-0.7201021737567175,3.7715297180018745,2.6820566716619303,2.835604074711656
-0.2646536376302271,2.456025814169632,2.4128628118596236,2.3661788633230194,2.422682203661506,-0.8366737195807782,-1.109703460120747,-1.6698071654339466,1.52815350446093,-0.6544219171405388,2.5423904553921868,2.3946657619922314,1.8177321980916676,-0.7201021737567175,2.693388318483437,2.4946137168667115,2.6825650813314996
-0.34111252022022065,2.466287644556859,2.3918354075563277,2.3333477760861885,2.3075944337427443,-3.6831051840486255,-0.9954419164644239,-1.6698071654339466,1.52815350446093,-1.0439191637011944,2.516553500705845,2.3855521608392674,1.8917345189814319,-0.7201021737567175,2.862785985260427,2.423198774411643,2.495131191650722
-0.24633835539030627,2.2215494303008145,2.326910720428835,2.2395446696952437,2.402615946543874,4.039169303259947,-0.652657285495455,-1.6698071654339466,1.52815350446093,0.7964613645109985,2.5112228694932632,2.383116114903051,1.964076083295943,-0.7201021737567175,3.2663000285565396,2.308116667465628,2.4237197029644384
-0.5653651010815038,2.384982302754739,2.3767271189719636,2.4234616063027774,2.4217673565238367,0.7579203142125785,-0.538395741839132,-1.6698071654339466,1.52815350446093,0.11370682114500179,2.514546825716555,2.375686257704337,1.9510947978934408,-0.7201021737567175,1.1885153348799744,2.4031335046679714,2.308643161618212
-0.34638671198699655,2.4616587213331362,2.49268878804679,2.529052949073872,2.5492970475148975,1.9100735476646538,-0.424134198182809,-1.6698071654339466,1.52815350446093,1.0467736543636088,2.473734663057773,2.3717415545853457,0.3109506727088138,-0.7201021737567175,1.446323381929709,2.4222839722896565,2.4036554036171562
-0.17950317244155686,2.5536680484149805,2.494948830271097,2.3850623666705806,2.321621784904623,-5.351439351232199,-0.30987265452648605,-1.6698071654339466,1.52815350446093,-1.9403421305099091,2.4222482823964238,2.365248205882469,0.5741804648104792,-0.7201021737567175,3.7582392686798287,2.5498073880946994,2.422804945084103
-0.4803644262591505,2.282087195303074,2.3057940921924835,2.3439128199590002,2.376665392636755,2.0734650657625187,-0.19561111087016309,-1.6698071654339466,1.52815350446093,0.4371625017788696,2.4054497404846518,2.361666849267665,0.43144350942668763,-0.7201021737567175,1.267102339566865,2.3221433284020607,2.5503221936028946
-0.5538909186831054,2.3025651789192123,2.3616777181834165,2.3522960035771594,2.318419819922782,0.28536030445840915,0.2614350637551288,-1.6698071654339466,1.52815350446093,-0.5613837441602392,2.390535515331113,2.3632574306009655,0.41861949429912404,-0.7201021737567175,2.0626920461405605,2.3771842276756767,2.3226691441973992
-0.4491689688606237,2.34854746065256,2.313735022234463,2.2864462228907163,2.2121145825256425,-3.1738620544163942,0.3756966074114518,-1.6698071654339466,1.52815350446093,-0.9986375070804445,2.3768775885926776,2.361889991247377,0.40625855566406965,-0.7201021737567175,2.3066762479088347,2.3189415209751054,2.377707381583555
-0.5105389280809227,2.25117837581394,2.27504217142542,2.283319765354706,2.214005571559204,-0.9169777634361442,0.48995815106777474,-1.6698071654339466,1.52815350446093,-0.034904549214791296,2.349897794941845,2.3562114009440718,0.24173372442122984,-0.7201021737567175,1.713525124486888,2.212641514400169,2.3194674916162246
-0.1026165244427009,2.2104042036717595,2.1646721662352104,2.1160378716345423,2.0543034512777383,-3.6159497329921275,0.6042196947240978,-1.6698071654339466,1.52815350446093,-1.5228261251680715,2.2973338766607103,2.3434109980740163,0.4098881744080208,-0.7201021737567175,2.5229979425597664,2.2145324103863167,2.2131726259212203
0.5039174489670117,1.9315296219199867,1.9533988151520265,1.837661206891327,2.0119158388481195,1.7625932808842346,0.9470043256930666,-1.6698071654339466,1.52815350446093,-0.4642767881283591,2.220464117386637,2.3358572720510065,-0.08261400817781055,-0.7201021737567175,3.4116504274966455,2.0548381483573426,2.2150634304598738
-0.3109941262943255,1.960276084734451,2.006180124990604,1.9994406103905977,1.9765414445758722,0.3057790512535005,1.0612658693493895,-1.6698071654339466,1.52815350446093,-0.40125624018992667,2.171102058826576,2.3257620856956946,-0.47951881117156664,-0.7201021737567175,1.7327718286890437,2.0124526216392997,2.0553768915633186
-0.08463759225203187,2.0766916310475922,2.1145283158577666,2.0081642992849558,2.0345125631485446,-1.0249914799513802,1.1755274130057125,-1.6698071654339466,1.52815350446093,0.526716002450972,2.122158766404881,2.322793839843092,-0.4331378170319669,-0.7201021737567175,3.394211342934725,1.9770799679884132,2.0129934146937263
0.43868449394532616,2.0186213461375524,1.9589806644040069,1.7674026802045093,1.7042216416473503,-7.203957676942796,1.2897889566620355,-1.6698071654339466,1.52815350446093,-3.2845265741879146,2.0343007145244645,2.309548197024525,0.7687714564783042,-0.7201021737567175,4.614102718667234,2.035048234052389,1.9776224717347874
0.286049560132721,1.7086250893388935,1.7273258902928526,1.6517434500244743,1.7568253520633186,1.0390260114434882,1.4040505003183585,-1.6698071654339466,1.52815350446093,0.5296965180290363,1.9691738120923057,2.2962790025479918,0.9844604665059771,-0.7201021737567175,2.594117403814859,1.704773564742789,2.0355879343380177
-0.08997942568617111,1.8339330648329542,1.9667137026819659,1.8707427484222217,2.0324084147319055,4.447004170579228,1.7468351312873274,-1.6698071654339466,1.52815350446093,2.9346624826276733,1.943197225071701,2.297282082092681,2.1559857116257928,-0.7201021737567175,3.1102224442104522,1.7573746867570648,1.7053292377689118
-0.4777141365340516,2.0242542533010566,1.9836956938605048,2.0050369037178815,2.015727092023649,-0.2592157735954517,-1.6810111784023618,-1.3731907235538432,1.52815350446093,-0.21568944721116162,1.9376790651477822,2.297146974797961,1.9856842142138438,-0.7201021737567175,1.2709990933814574,2.032944189171818,1.7579278158882123
-0.5563234171055949,2.0028471962847747,1.9474118892439722,1.9562911814507633,1.937690631180482,-1.5443089658355231,-1.5667496347460388,-1.3731907235538432,1.52815350446093,-0.8210370500450178,1.9270615114383132,2.2977324192709476,2.022593307506838,-0.7201021737567175,1.438426158419502,2.0162636872794995,2.033483991213245
-0.40688586526578696,1.8622227560642604,1.9637693128911196,1.9284935689028704,1.893412029717302,0.6478086389727149,-1.4524880910897158,-1.3731907235538432,1.52815350446093,-0.5008245335671071,1.9151702543461138,2.292881852447058,2.0287614978861632,-0.7201021737567175,2.1491318246743676,1.938231066273974,2.0168042960232047
-0.4716795334957075,1.908569541520968,1.962281949927077,1.9305262822183622,1.9915449376336438,1.8221254561789728,-1.3382265474333928,-1.3731907235538432,1.52815350446093,0.9578555141652823,1.9090239452146442,2.2841254565576135,2.093482150370615,-0.7201021737567175,2.0923251549968587,1.8939546435697838,1.9387754488305726
-0.628159623549076,1.9894793191320732,1.9958007048582054,1.9978731604828048,1.9428137751514285,-1.1240317492484362,-0.9954419164644239,-1.3731907235538432,1.52815350446093,-0.5364835575505522,1.9431533854915903,2.2677836151371027,0.898844128307296,-0.7201021737567175,1.5851693134758595,1.9920827227890066,1.8945011674223269
-0.7553341470460321,1.9338746872279198,1.9319163687901455,1.97314384754496,1.9875196102279002,1.1553484753829775,-0.8811803728081009,-1.3731907235538432,1.52815350446093,0.39965920484007494,1.9761530732458719,2.250184876695048,0.8941648292582921,-0.7201021737567175,0.914912840809843,1.9433539581571033,1.9926245009722923
-0.7363729240485426,2.023614773084635,1.991339508205408,2.051938456913354,2.0180142098678213,-0.19274579420145943,-0.7669188291517779,-1.3731907235538432,1.52815350446093,0.2510781248799122,1.974094052489287,2.2341695343347108,-0.48903402500168625,-0.7201021737567175,0.6571047937601002,1.988057593452262,1.9438980929604524
-0.5645768154964618,1.9425232003834332,1.98402314569482,1.9790853363037624,1.9343056967711065,-0.24953608284621065,-0.652657285495455,-1.3731907235538432,1.52815350446093,-0.876246893269691,1.9624471192659427,2.215577941513681,-0.3429372494482409,-0.7201021737567175,1.6863515636656679,2.0185506925844683,1.9885995662988154
-0.3970952914012124,1.9463600816819597,1.9011938919209903,1.8352532811502713,1.7984508968272588,-3.4214004120533326,-0.538395741839132,-1.3731907235538432,1.52815350446093,-1.430087247718966,1.9425295548098411,2.1940487783371903,-0.09254749642043938,-0.7201021737567175,2.582767923122902,1.9348462984226205,2.019091190724044
-0.5443887510486075,1.8000104664381438,1.8503951378749157,1.84291418084922,1.8465114763575625,0.9974822743222443,-0.19561111087016309,-1.3731907235538432,1.52815350446093,0.4603237556646724,1.9358206595443583,2.1755206552384756,-0.0305956836979519,-0.7201021737567175,1.6181954132961929,1.7989981833074917,1.9353908446733306
-0.6695986929319228,1.917035346043218,1.9221311800518996,1.9686957042399016,1.9888305861761801,1.5680024162083168,-0.08134956721384012,-1.3731907235538432,1.52815350446093,1.4384378905352224,1.9354323848154407,2.1471327702454994,0.19826213373999677,-0.7201021737567175,0.8226797894946365,1.8470563979839778,1.7995492994434852
-0.7483298895563091,1.9598193131512929,1.9323321523181864,1.9931867572875135,1.9917580970167208,0.6616634753026558,0.03291197644248285,-1.3731907235538432,1.52815350446093,-0.02321354386955223,1.9424336311912715,2.123980292922942,0.1480133169514158,-0.7201021737567175,0.6052320367071713,1.98936850489307,1.8476051899290387
-0.7002121222765307,1.9574139539943833,1.9087475900935071,1.9084197041352085,1.8483100658302198,-2.540673185082926,0.14717352009880583,-1.3731907235538432,1.52815350446093,-1.4774116491382938,1.9225203852609716,2.1023047839813063,0.4239075604990828,-0.7201021737567175,1.5525136275162288,1.9922958716834296,1.9899104143413364
-0.5351538051659461,1.8744030271007512,1.8146761207546271,1.7943241717387104,1.7892420455394826,-1.9943522700699736,0.2614350637551288,-1.3731907235538432,1.52815350446093,-0.6706368048871676,1.8897956436494119,2.0810438087848366,0.3967343404414822,-0.7201021737567175,1.7925418092521794,1.848854898955805,1.9928376395584104
-0.35197198109214123,1.7164514136447222,1.7250471110426036,1.6801657912609305,1.6811373038225481,-0.8574455881413942,0.7184812383804207,-1.3731907235538432,1.52815350446093,-1.2095184380838737,1.853581140596651,2.0600172140385027,0.4649897685260407,-0.7201021737567175,2.107334324632567,1.7897897851475666,1.8494036039217785
-0.20369510327680293,1.7051846857745476,1.661299287592119,1.5534068395016554,1.5058224022896225,-4.5818416210611055,0.8327427820367437,-1.3731907235538432,1.52815350446093,-2.009938856011154,1.811722062591951,2.029916966909757,0.6814277724127838,-0.7201021737567175,3.0509414099434444,1.681690362798681,1.7903413466200264
0.2926568997871593,1.309193870101069,1.5636891970682405,1.3640493227234465,1.6178298818958525,6.9652401117892335,0.9470043256930666,-1.3731907235538432,1.52815350446093,1.29248620855963,1.7790102765577969,2.002933368714384,0.9734563752120878,-0.7201021737567175,4.420998564805207,1.5063840877558692,1.682247152174402
-0.44142288297498183,1.6406273308404977,1.6143086110088727,1.6216964389853266,1.6455799401227666,0.05927928704458067,1.0612658693493895,-1.3731907235538432,1.52815350446093,0.26557043213979226,1.7299099468342145,1.9726007370387195,0.5513116969250209,-0.7201021737567175,1.191952775507309,1.6183860559571526,1.506949355292038
-0.15723977244119205,1.6582285670259076,1.7849047710118489,1.7227130042577352,1.8302573872625971,3.852222486214345,1.4040505003183585,-1.3731907235538432,1.52815350446093,2.0395190271471026,1.7068080584890835,1.9561084352218154,1.298113141518565,-0.7201021737567175,2.4292832358017464,1.6461347487233964,1.618945906855174
-0.4575390800991518,1.8247062788531632,1.823627957958131,1.8448840460834297,1.8117774750816829,-0.3526891821182649,-1.6810111784023618,-1.0765742816737396,1.52815350446093,-0.24708601498755814,1.7015822496755126,1.9371483679606385,1.097881725424246,1.388691822416084,1.1425840161527225,1.8308031086826275,1.6466932576393956
-0.45906807910757375,1.8321671858924653,1.8135162096248998,1.8151550275749473,1.8591052620547142,0.5522580435938532,-1.5667496347460388,-1.0765742816737396,1.52815350446093,0.44995487676252666,1.7115758418388152,1.9217317965655403,1.0670489682057476,1.388691822416084,1.444249064309767,1.8123241058184818,1.831352686669115
-0.6203667088167979,1.8523866367925363,1.8133939728366135,1.7786590529714226,1.7352962543725539,-2.718605011173214,-1.4524880910897158,-1.0765742816737396,1.52815350446093,-1.34311556026942,1.7193230153986128,1.9057277233818317,1.1107434595475942,1.388691822416084,2.0186868794889725,1.8596495639952564,1.8128745774863342
-0.5515312651331611,1.7620372176438885,1.7218234503412924,1.7553986966796602,1.732247068862703,-0.7334998484401568,-1.3382265474333928,-1.0765742816737396,1.52815350446093,-0.0856546842472355,1.7517119589129693,1.8895578367000558,0.4589843360903753,1.388691822416084,0.8654699986831184,1.7358466484203354,1.8601977469097395
-0.48569473831038723,1.7839622536354711,1.753022383012966,1.691015996577171,1.6294484405442493,-3.5660972484466305,-0.9954419164644239,-1.0765742816737396,1.52815350446093,-1.1772536120030577,1.753373937024615,1.8752978758663748,0.5380118138921713,1.388691822416084,2.4005094871022843,1.7327976129477511,1.7364008186902733
-0.38776371456517483,1.5989085550643471,1.7049904631309565,1.6209760311282442,1.6898896463886277,2.013932890467769,-0.8811803728081009,-1.0765742816737396,1.52815350446093,0.6367931147138292,1.7597122242576426,1.8644892922887346,0.5863823786912715,1.388691822416084,2.709197582058267,1.630004042906393,1.7333519306751144
-0.6505891544577452,1.7327426289296346,1.7364267314645594,1.7768139458687124,1.795310226603641,1.3644588761827745,-0.7669188291517779,-1.0765742816737396,1.52815350446093,1.120728197735197,1.754713203480881,1.8584063934059782,0.10275977317503804,1.388691822416084,0.7697106074140136,1.6904422746997345,1.6305633319354371
-0.6572210111194569,1.7691930012656414,1.7182544930190542,1.7091199961106234,1.7322772588182458,-0.8955204232130226,-0.652657285495455,-1.0765742816737396,1.52815350446093,-0.7254911981396,1.7433410855358409,1.8482620771253138,0.16539854341216523,1.388691822416084,1.537193310237523,1.795857667622709,1.6909986408155733
-0.5532992399224327,1.73492599709713,1.6865862424595057,1.6572468782764307,1.6013013386595867,-3.090213739722769,-0.538395741839132,-1.0765742816737396,1.52815350446093,-1.4855810790770567,1.7064634924758582,1.8448076292489377,0.31158680602559347,1.388691822416084,1.8306648037958044,1.7328278014177765,1.7964089356402928
-0.5023189788662245,1.5534753127739558,1.558395541120031,1.5392735254617314,1.5129271051607602,-0.9710053935623235,-0.19561111087016309,-1.0765742816737396,1.52815350446093,-1.0716190740003175,1.6746546709275587,1.836621355437009,0.23897094841774877,1.388691822416084,1.5653595802054279,1.6018583260192065,1.7333821176851651
-0.5557276501122793,1.5372142444135315,1.5728792621730034,1.5409310263516593,1.621245006260771,1.8581231043945408,-0.08134956721384012,-1.0765742816737396,1.52815350446093,1.244233804900614,1.6587763676048477,1.8228209436425984,0.6095316147317703,1.388691822416084,1.7796958565629846,1.5134884410352234,1.6024189762311498
-0.3427965004115575,1.6399266432319337,1.6812265608008352,1.6837931573850684,1.7381624704548706,2.1773244085656223,0.03291197644248285,-1.0765742816737396,1.52815350446093,1.285178987703164,1.6743273790175406,1.813504681547553,0.6706748005390465,1.388691822416084,1.3223532710294137,1.6218010122785318,1.5140533649907248
-0.5589261346690317,1.7068893573228932,1.77937288716238,1.7571396823342758,1.8338252910995063,2.826798422850629,0.14717352009880583,-1.0765742816737396,1.52815350446093,0.9920952687179656,1.694916670532467,1.8100185141631209,0.7349348963262469,1.388691822416084,1.7936382342798733,1.7387127234685216,1.6223606980224672
-0.13980494684953365,1.839353116438707,1.8770730938586448,1.8874397013598094,1.9368672687565802,2.1544753531489462,0.2614350637551288,-1.0765742816737396,1.52815350446093,1.0321692076581608,1.71516571455997,1.811477058822035,0.7130780737224044,1.388691822416084,1.3579130016569645,1.8343708369583784,1.7392667551293646
-0.3681580374401687,1.9626512969668723,1.9811679798370296,2.0115721661401382,1.9849580382424268,0.442873383753606,0.6042196947240978,-1.0765742816737396,1.52815350446093,0.4349288589848833,1.7513104668778097,1.8112559741579475,0.5766844922762854,1.388691822416084,1.1257968599856367,1.9374077443641855,1.834920242402424
-0.07223313871004718,2.0083896626748134,2.1447752291637334,2.0574109301402017,2.207021628510239,4.4449062118546,0.7184812383804207,-1.0765742816737396,1.52815350446093,2.1591039912926155,1.837955798194398,1.8201239256841466,0.26442838163510113,1.388691822416084,3.118623430571216,1.985496147510697,1.9379521667382706
0.11121181888295142,2.1604635393987652,2.272187005567629,2.2282882969283304,2.222665514564379,1.342295292428592,0.8327427820367437,-1.0765742816737396,1.52815350446093,0.09204988583708118,1.939480413864853,1.828016433248668,-0.4224884134207805,1.388691822416084,2.5353549489528286,2.207548810987065,1.986038244233875
-0.529962493024566,2.25117837581394,2.223975745580178,2.2670608729239636,2.2678287732096853,0.3050935795909949,0.9470043256930666,-1.0765742816737396,1.52815350446093,0.3623433334815626,2.031971066150959,1.8364012840776314,-0.34837318207248175,1.388691822416084,1.122329786249445,2.22319192727305,2.2080801688013914
-0.6153117949826834,2.245910885916962,2.2159750355030505,2.2937009551389917,2.25782674945355,0.19776533473825272,1.0612658693493895,-1.0765742816737396,1.52815350446093,-0.14282023941955466,2.1063065051014,1.8472600415915377,-0.19325065163716598,1.388691822416084,0.5686795969329314,2.268352963629202,2.2237225285551316
-0.11388964012657425,2.419788297391377,2.4422469297329394,2.4696755827284043,2.505444764817871,1.8664318518187826,1.4040505003183585,-1.0765742816737396,1.52815350446093,2.1952615670316304,2.2023783930570566,1.8709897955369916,0.18588788375810822,1.388691822416084,1.546572189190543,2.2583514320295137,2.2688813808336623
-0.47181147191281736,2.55039482325007,2.4924808962827694,2.5306785569076276,2.529017631014188,-0.5680311434862312,1.5183120439746816,-1.0765742816737396,1.52815350446093,0.14572726164051508,2.2870826124578936,1.8938976365374949,0.2549588009702155,1.388691822416084,1.4171940359239679,2.505957263179355,2.2588803329279523
-0.6421521572554635,2.4991751985442336,2.49004151395302,2.5647290845275403,2.512001474253544,0.21022845587462702,1.6325735876310044,-1.0765742816737396,1.52815350446093,-0.1942883896951498,2.3624736038058565,1.9114575009261137,0.37704149358755384,1.388691822416084,0.8388446503757367,2.529528969456605,2.5064741893668847
-0.7768438256100625,2.5095283832480924,2.4578914541549697,2.5417191825298415,2.462020630581273,-1.160008625595437,1.7468351312873274,-1.0765742816737396,1.52815350446093,-0.4714307399589226,2.398949966559516,1.9272415334566488,0.03378077817902504,1.388691822416084,0.6684098247887842,2.5125136499876395,2.530044755669494
-0.7115502904137603,2.4686628567892805,2.4329381967972123,2.5104480409522925,2.4833365688889613,0.2531639081894255,-1.6810111784023618,-0.7799578397936361,1.52815350446093,0.1291316017736265,2.436237688706262,1.9485557532097204,0.03127411156127343,-0.7201021737567175,0.7479747220679227,2.4625352656571016,2.5130302590952502
-0.365729255592809,2.4937240864708263,2.596991565789195,2.5288653428610903,2.668927948319323,3.8972351253852167,-1.3382265474333928,-0.7799578397936361,1.52815350446093,1.5173968205159176,2.493612968188402,1.9780817943359035,0.2681206890031465,-0.7201021737567175,3.181341905465554,2.4838501550994074,2.4630542918188723
-0.39177873067795616,2.6366022376826415,2.605795291263826,2.5750474262305443,2.5036763653007563,-3.1035700512072384,-1.2239650037770697,-0.7799578397936361,1.52815350446093,-1.3757562058780888,2.528780555895245,2.0056897417639026,0.6950114683109192,-0.7201021737567175,2.5980734238471834,2.669432402378504,2.4843681504306927
-0.27689269119034954,2.4452761517315924,2.3860956319428386,2.388691608856846,2.3649242444719105,-1.9036622919343056,-1.109703460120747,-0.7799578397936361,1.52815350446093,-1.2187137772790106,2.5086797812536084,2.0345248933148103,0.21199049017169644,-0.7201021737567175,1.8932943793635788,2.5041889506775545,2.6699414225828675
-0.3995582657397667,2.381084214064069,2.378928273400454,2.3694310170215935,2.399993994647314,0.35218340561792605,-0.9954419164644239,-0.7799578397936361,1.52815350446093,0.2553050521749655,2.4902235797559906,2.060777683870559,0.22734244905723242,-0.7201021737567175,2.078501309715391,2.36544365724209,2.5047059623841963
-0.7022528936803336,2.3531297931748005,2.295206780296065,2.372229163685235,2.303111682768166,-1.2119382969969945,-0.8811803728081009,-0.7799578397936361,1.52815350446093,-0.8929356811366526,2.460342914546037,2.0828472762259316,0.29867928655248277,-0.7201021737567175,0.6440217762000555,2.400511681786356,2.365967378947327
-0.6484428323202545,2.161864914615894,2.176324811892317,2.2227858067074373,2.1519789356252454,-0.2945279501485142,-0.538395741839132,-0.7799578397936361,1.52815350446093,-1.4042697231411587,2.4159929632045607,2.093645634637857,0.4717920227179541,-0.7201021737567175,1.0303782494683784,2.3036341370678897,2.4010337075321146
-0.5664443944992135,2.214362586211407,2.2141673586193367,2.228913963647958,2.185584015533241,-0.7251911010159152,-0.424134198182809,-0.7799578397936361,1.52815350446093,0.26354935933500434,2.3734009135932994,2.1061921893248554,0.4971462498588883,-0.7201021737567175,1.5619962223502366,2.152508826515571,2.3041608480045674
-0.7009208731537939,2.163920386740105,2.2291810698346617,2.217960574914687,2.2935972725364087,2.874220598774541,-0.30987265452648605,-0.7799578397936361,1.52815350446093,0.9516250552301901,2.31971169217972,2.120775609304579,0.18469518689751235,-0.7201021737567175,1.9843272897701036,2.186112252862534,2.153042846173116
-0.6600236804248798,2.219387073626145,2.188940183787098,2.2463922964617824,2.179637509138393,-0.9744535237433892,-0.19561111087016309,-0.7799578397936361,1.52815350446093,-1.0748535768968175,2.273359515239174,2.13568961226952,0.10211213401431993,-0.7201021737567175,0.8669961037892214,2.294120194999221,2.186644647391486
-0.7431162779641498,2.188143897338139,2.1955133109353295,2.2189398793454087,2.2384621800905102,1.0715755294779847,0.2614350637551288,-0.7799578397936361,1.52815350446093,0.49551368042163346,2.2552697341126287,2.1526803678853326,0.07766529962030402,-0.7201021737567175,1.409770942155469,2.1801660390696163,2.294647366049077
-0.7662508431749524,2.2369581628870656,2.2550560104208874,2.2874630485639935,2.31122271749074,1.613700527041693,0.3756966074114518,-0.7799578397936361,1.52815350446093,0.6122843968799685,2.242571436153145,2.175563643923159,0.15747288123829314,-0.7201021737567175,1.3161895843873108,2.2389878155134064,2.1806987211693043
-0.5077816009920839,2.31290374693241,2.252259732358914,2.2246928238603654,2.1558514835589984,-3.6408759752648883,0.48995815106777474,-0.7799578397936361,1.52815350446093,-1.4385891442857064,2.2215065833423355,2.191203326591767,0.3403774805477149,-0.7201021737567175,2.261233875477716,2.3117447726814304,2.2395176528748877
-0.07783550406078919,2.4491130330301187,2.425413942522604,2.290870915419177,2.252154697200002,-4.55136928988267,0.6042196947240978,-0.7799578397936361,1.52815350446093,0.8517145193216722,2.2358362371395963,2.2065369912378325,0.17899089629509726,-0.7201021737567175,4.091330228778972,2.1563811838979436,2.312271091371624
-0.5203529163688153,2.266952525666717,2.254788338621719,2.283319765354706,2.2407794878902254,-0.6677361125772255,0.7184812383804207,-0.7799578397936361,1.52815350446093,-0.15576848160391826,2.2437316800852596,2.2236045123620087,0.18057332406407067,-0.7201021737567175,1.3771893389679775,2.2526796588731917,2.156915016280577
-0.5371421728604181,2.157510054342066,2.17677628499358,2.2248494750480385,2.2193418749132277,1.3339865450043267,1.0612658693493895,-0.7799578397936361,1.52815350446093,-0.24799522720629072,2.2331098078499876,2.244348610037563,0.0006008250032958545,-0.7201021737567175,1.0052790062670918,2.2413050092884,2.2532088340698713
0.30270874888336263,2.2076334272483233,2.1511395723086144,1.9112337973269369,1.8485241400604342,-8.22522736659439,1.1755274130057125,-0.7799578397936361,1.52815350446093,-3.4607415352690283,2.1857456563631934,2.25561268943563,1.330941718765522,-0.7201021737567175,5.533232856062815,2.2198684511638693,2.2418347345857774
-0.4304140157828411,1.9127106326938779,1.907261119368795,1.9186132877067124,1.8640454365981265,-1.1669464296946792,1.2897889566620355,-0.7799578397936361,1.52815350446093,0.11013296586294262,2.1321871685034353,2.263762115803544,1.2605806039599627,-0.7201021737567175,1.3668177508682768,1.8490689626523498,2.220399213175872
0.16414068027974213,1.9169741386510744,1.853726759535225,1.7445775703264004,1.851847779711586,-1.5408400637858846,1.4040505003183585,-0.7799578397936361,1.52815350446093,-0.1792618680818239,2.066475825579417,2.2675778835746874,1.111106016675648,-0.7201021737567175,3.2267842778966815,1.8645894954539879,1.849617657265777
-0.29195151030149225,1.9238869197905875,1.9560362746131605,1.8956005716158217,1.8312637191140333,-2.165387835798142,1.5183120439746816,-0.7799578397936361,1.52815350446093,-0.267511238967157,2.0200451299879276,2.2674919062053194,1.027993808457148,-0.7201021737567175,2.5402740450229846,1.8523924387615305,1.8651374394635516
-0.4449707255939405,1.797574046813579,1.8726413411037555,1.8269048046814773,1.929396627030375,2.934812139365877,-1.5667496347460388,-0.48334139791353253,1.52815350446093,0.9814985666933133,1.9738761632329174,2.2672411593488,1.0721748064188206,-0.7201021737567175,2.240490699278306,1.8318093910168138,1.8529409726450368
-0.5945231319938447,1.926718903606167,1.9253432416419134,1.9537266045220345,1.9486386068769672,0.43525010799185815,-1.4524880910897158,-0.48334139791353253,1.52815350446093,0.1431616646339348,1.9320868359631396,2.2660221230759805,1.1034989254067589,-0.7201021737567175,1.112461961000301,1.9299374702360363,1.8323589203374844
-0.3723447593239493,1.9290329084464455,2.018791035688732,1.9433773077939218,2.080895313028363,3.385561687131388,-1.3382265474333928,-0.48334139791353253,1.52815350446093,1.282009841230221,1.9122827309576522,2.261788781645541,1.3931851079267081,-0.7201021737567175,2.8277300174834332,1.9491785032677973,1.9304822538874498
-0.23761295195794788,2.036435437880713,1.9893471377802685,1.8571412979955342,1.8389484350704528,-4.549998346557671,-1.2239650037770697,-0.48334139791353253,1.52815350446093,-2.382195717081456,1.910912973091936,2.2489095866577,0.6428744717357059,-0.7201021737567175,3.7009140195973385,2.08142870163715,1.9497223563845496
-0.4806283030933701,1.8774478664740823,1.818037186312845,1.81150608673634,1.8156811278181169,-1.463277906580529,-1.109703460120747,-0.48334139791353253,1.52815350446093,-0.2967398592328245,1.9039946947572695,2.23373356765961,0.6451682953519716,-0.7201021737567175,1.5769609423226638,1.8394937288415079,2.0819661588710354
-0.25878479384267455,1.7235158429498436,1.692022656700605,1.6177867255109524,1.5761741471763695,-3.401293243286655,-0.7669188291517779,-0.48334139791353253,1.52815350446093,-2.5904166775561133,1.8645609270158083,2.210854375546829,1.3188080622267857,-0.7201021737567175,2.544230065055292,1.8162275664730023,1.8400428865323037
-0.33817791249768786,1.671322381228714,1.631737614092022,1.596212011041035,1.6156040588099039,-1.319266541849725,-0.652657285495455,-0.48334139791353253,1.52815350446093,0.40721086904518733,1.8337118651108801,2.1809874955635102,1.388955015769938,-0.7201021737567175,1.8839155004105588,1.5767323709367005,1.8167778493617268
-0.179321431917707,1.5972952378326333,1.5853706128008362,1.4490977851949247,1.4142150990062736,-4.208654230500956,-0.538395741839132,-0.48334139791353253,1.52815350446093,-2.3614926087969104,1.7600176618098147,2.143569929471313,1.461741148412397,-0.7201021737567175,3.4376682970724706,1.6161603423943576,1.5772942362898505
0.35448287038730764,1.311051103358189,1.4363372006994921,1.3015136057857952,1.3959181562528933,1.8844410618608443,-0.424134198182809,-0.48334139791353253,1.52815350446093,-0.2809995313302872,1.6809536988351141,2.1061093746944324,1.3891227309429848,-0.7201021737567175,3.2939625356738915,1.4147812920727827,1.6167203009323174
-0.24217764953243465,1.5317631323401242,1.5186899986708031,1.5252809160813945,1.522747074336499,-0.25435515635226985,-0.30987265452648605,-0.48334139791353253,1.52815350446093,1.5458249661834982,1.6011133172669967,2.074583315719539,1.518598929691749,-0.7201021737567175,1.1270266340031714,1.3964852496330347,1.4153509897025067
-0.3171558362021105,1.512518431998512,1.4663753300021076,1.4237343632578767,1.3848485058870985,-2.947801808871133,0.03291197644248285,-0.48334139791353253,1.52815350446093,-1.6960607707302082,1.5361565385785503,2.0377133333516038,1.33468715732037,-0.7201021737567175,1.8622536978366067,1.523307927012636,1.3970558320957933
-0.38978292983322455,1.4522245830216594,1.450671917784261,1.4542569560464262,1.4984121404745037,1.0016366480343653,0.14717352009880583,-0.48334139791353253,1.52815350446093,1.3858422164067257,1.4907727583329793,1.9984257901818652,1.749129788522162,-0.7201021737567175,1.1193664753638228,1.3854161439569872,1.5238723760782475
-0.295930847293027,1.443576069866146,1.4388354708250584,1.3665820065960017,1.3404482297546083,-2.388332301059319,0.2614350637551288,-0.48334139791353253,1.52815350446093,-1.9549658891573725,1.4570533162783783,1.9593828526279773,1.51557049897523,-0.7201021737567175,2.307668957055524,1.4989741905677714,1.385987261743732
-0.26514682714995874,1.3293219666845082,1.3600204017994157,1.345632958845712,1.3392589284756384,0.18253955508331832,0.3756966074114518,-0.48334139791353253,1.52815350446093,-0.06769741830322541,1.4175234940539292,1.924957114752552,1.45230277245357,-0.7201021737567175,1.329761548243484,1.3410180525705724,1.4995398164613192
0.4122194933720776,1.3506075224596703,1.3230879391895667,1.1545560311273577,1.2004464277357065,-3.4532229146882125,0.48995815106777474,-0.48334139791353253,1.52815350446093,-1.847293484067758,1.3869449289015023,1.8846951409258452,1.2642904751708837,-0.7201021737567175,3.734592047812511,1.3398288098119888,1.3415913175374012
-0.2824043721079231,1.1710359964296078,1.1992843786384528,1.1703768630512543,1.2339902128854785,1.3914415334430164,0.8327427820367437,-0.48334139791353253,1.52815350446093,0.41116296178885703,1.3637819268730533,1.8488108276853026,1.3318234799151332,-0.7201021737567175,1.428810214595641,1.2010231394364745,1.340402132292965
-0.28006441640616697,1.1664984275225165,1.1218522805751774,1.1156896520253334,1.0914570288366463,-1.7416417171614398,0.9470043256930666,-0.48334139791353253,1.52815350446093,-1.9896757943624213,1.3020879907245801,1.8132151527562077,1.0434797292769677,-0.7201021737567175,1.006775478264342,1.2345652740412645,1.201603174835994
-0.2423188793873691,1.07611886144938,1.167653602130788,1.123319596699173,1.1848940263953331,2.434895578717356,1.0612658693493895,-0.48334139791353253,1.52815350446093,1.3121925831526846,1.2734854782875746,1.779627694232117,1.3362694672505713,-0.7201021737567175,1.6468358130058018,1.0920391034356272,1.2351436872763812
-0.07056328150420374,1.1905246127966262,1.3144269720078254,1.2191544783745454,1.334105594549149,3.2214639255024675,1.1755274130057125,-0.48334139791353253,1.52815350446093,2.02535922511608,1.2499822287717017,1.7474230281632865,1.6164124582397374,-0.7201021737567175,2.570410916729831,1.1854715033626886,1.092624409520085
-0.27755647150854146,1.378805859374345,1.4367529842275328,1.4282453546442175,1.4923741493658882,2.5339150761458447,1.2897889566620355,-0.48334139791353253,1.52815350446093,1.9991095419004175,1.2717144901155353,1.7243555149053869,1.6495730116179053,-0.7201021737567175,1.2990912805772281,1.3346757294588338,1.1860522908702875
-0.12121984125518542,1.5328593841397034,1.493262069989188,1.4710786671155147,1.4881960424881537,-1.0637725585540638,1.7468351312873274,-0.48334139791353253,1.52815350446093,-0.10278267021390661,1.2930192174049784,1.6991733575416874,1.6520316351781954,-0.7201021737567175,1.5609146138769883,1.4929364965626546,1.3352493011530342
-0.4268018764141359,1.4759767053458739,1.472977901048248,1.4607293703874014,1.4336409631275375,-1.0090802286339462,-1.6810111784023618,-0.18672495603342898,1.52815350446093,-0.7123336403728837,1.3263765576143098,1.669717940683199,1.2572465761347635,1.388691822416084,1.3875461105132543,1.4887585952715379,1.4935024144511038
-0.22579498636003792,1.406881781504733,1.5343943031279805,1.4459703896278502,1.5392445127700847,2.9597383816386196,-1.5667496347460388,-0.18672495603342898,1.52815350446093,1.2561338693759256,1.3700416954551375,1.6490219596282876,1.3247227169522486,1.388691822416084,2.640552485392668,1.4342062003310632,1.4893247152116107
0.008604600309356645,1.3983712133673334,1.387947492845928,1.3648419589724499,1.3213581145328692,-1.793924510328522,-1.4524880910897158,-0.18672495603342898,1.52815350446093,-2.631375998808725,1.4029279237588055,1.6177804243335943,1.7044567527105385,1.388691822416084,1.4901063002648798,1.539804553678435,1.434774958533554
-0.340620074015515,1.4086787209128766,1.3618048804605347,1.3735862845502138,1.3557874717119047,-1.2465650018875456,-1.109703460120747,-0.18672495603342898,1.52815350446093,0.39658891132285595,1.4273733970860045,1.5880762872280072,1.6175110993685262,1.388691822416084,0.9178613351410412,1.3219288766910615,1.5403682049343408
-0.48179939591678717,1.3140968562746869,1.3183528250622871,1.3336571162527802,1.3613369344490047,1.0300110204881736,-0.9954419164644239,-0.18672495603342898,1.52815350446093,0.01888811127707708,1.431268707359331,1.5592779524149105,1.2501470632888125,1.388691822416084,0.8269914068332226,1.3563565397499353,1.322503064848437
-0.4396530498981453,1.3697005746356736,1.4072796424211607,1.4188612918808672,1.3885993791515414,0.3847121517838612,-0.8811803728081009,-0.18672495603342898,1.52815350446093,0.29663861434373606,1.4164242329407146,1.54384089998218,0.7204802877368499,1.388691822416084,0.9578808486514598,1.3619057294219108,1.3569290629169894
-0.18840399822004436,1.4542343779875542,1.4570960409642892,1.4202683384767316,1.3688386809778907,-1.986064294514288,-0.7669188291517779,-0.18672495603342898,1.52815350446093,-0.30215235597631845,1.3993507448862197,1.5272196321112248,0.7192072194680939,1.388691822416084,1.762908700395894,1.3891668326571356,1.3624779842191053
-0.1685872196276625,1.3246628965362968,1.3139219645467286,1.3132080390595542,1.3004392198829293,-0.5929366138904245,-0.652657285495455,-0.18672495603342898,1.52815350446093,-0.9248615016513032,1.3802968855905011,1.5087119900501413,0.7523306945513996,1.388691822416084,1.0764132840766263,1.3694071068222078,1.3897377690531083
-0.1106539898185233,1.2151290708950135,1.19912020660163,1.1891065293043344,1.1495498220786287,-1.5283769426495162,-0.30987265452648605,-0.18672495603342898,1.52815350446093,-2.039109274771339,1.3245529619461378,1.4858307406217357,0.6470464184970776,1.388691822416084,1.1302418263140763,1.3010110113696973,1.369978998837858
-0.16985234180186481,1.170548164378795,1.196414044712043,1.1614655679441146,1.1966955544712634,0.5557477175120297,-0.19561111087016309,-0.18672495603342898,1.52815350446093,0.615906561627439,1.30672059113027,1.461238142362272,0.12670225454799666,1.388691822416084,1.521902626067679,1.1501290381818274,1.3015862111566816
0.0920814917170536,1.1945743496529047,1.2796894181511524,1.2216252521968833,1.3074835428429807,2.5249208570590973,-0.08134956721384012,-0.18672495603342898,1.52815350446093,1.4813235356689791,1.299810949847207,1.439718221752988,0.5339690455208853,1.388691822416084,1.954531198815099,1.197272450736326,1.1507115349213997
-0.05337597981619362,1.2112008352798556,1.1860337323403138,1.1329184685761584,1.1254289624468474,-1.9867289943082318,0.03291197644248285,-0.18672495603342898,1.52815350446093,-2.4415437811205645,1.2660654657733765,1.4076486629788785,1.132216180762337,1.388691822416084,1.8004390327623863,1.3080549877090004,1.1978526675266177
-0.2360943593598895,1.126211173887983,1.1485846631580705,1.1751608214771925,1.1589123676855333,0.7059906428110151,0.14717352009880583,-0.18672495603342898,1.52815350446093,0.4281314697812128,1.2332098597435766,1.3848237287274086,1.158038676749409,1.388691822416084,0.5113247147415835,1.1260093654335075,1.3086298468352664
0.1374363446567147,1.2282539455654753,1.3503012387716313,1.279626526971596,1.344412262402128,2.597601625152716,0.6042196947240978,-0.18672495603342898,1.52815350446093,2.5644959137348895,1.2297157797765734,1.3690059193731936,1.9794482967057534,1.388691822416084,2.2109613063030165,1.1594911230982463,1.1265930286484696
-0.1260157098027491,1.3186947190307547,1.3793525513746485,1.3686766299617121,1.3357212145942725,0.3438538863251172,0.7184812383804207,-0.18672495603342898,1.52815350446093,-0.16444290306969428,1.2347626969304109,1.360935285123065,1.9008088083866486,1.388691822416084,1.2868083569562918,1.3449818901651438,1.1600731670687547
-0.09287092113719757,1.3497707169193247,1.3122855976144825,1.3199928177448113,1.3264208785927294,-0.5739095822888938,0.8327427820367437,-0.18672495603342898,1.52815350446093,-0.17278558176838738,1.260063238366389,1.3512290542455312,1.4090192724651223,1.388691822416084,0.9420715850766304,1.3362912700062637,1.3455549634328956
-0.19733121168195383,1.3457812739120232,1.3725117524272485,1.3898761320060655,1.4237295092380315,1.7262217390345804,0.9470043256930666,-0.18672495603342898,1.52815350446093,1.2134696231508095,1.2925393375832928,1.3515483987603252,1.4788095950546607,1.388691822416084,0.8383557040796085,1.3269913916341396,1.336864763569707
-0.27900184757654173,1.4544773804697946,1.4260764483980575,1.4506502266056942,1.4165333216531268,-0.9086690160118966,1.2897889566620355,-0.18672495603342898,1.52815350446093,-0.14188333400499872,1.30813837623748,1.352240332346514,1.348068299216294,1.388691822416084,0.7679029877737789,1.4242952341414519,1.3275653349582146
-0.26056503332987463,1.4098663270290872,1.4073394224563083,1.3547628151907427,1.3044032525304492,-2.4402619724608763,1.4040505003183585,-0.18672495603342898,1.52815350446093,-1.4522615379384054,1.3337397749709918,1.3449117749126376,0.8194665764644319,1.388691822416084,1.9713331715366182,1.4170994006498987,1.4248644716579977
-0.35681505014385406,1.2821228454536284,1.2396278722090313,1.2603030870550613,1.2662239369341084,-0.4025416666637502,1.5183120439746816,-0.18672495603342898,1.52815350446093,-0.5541034076634537,1.349090171230523,1.3409302243496317,0.9016662216146812,1.388691822416084,0.6783369162556386,1.304974848964269,1.4176689861712772
-0.21182921199458532,1.2274016097913025,1.2243107996213163,1.2283162277757496,1.229477271955357,0.00734961564302311,1.6325735876310044,-0.18672495603342898,1.52815350446093,-0.5440955125664796,1.332649281773799,1.3319036138707452,-0.14953573029668257,1.388691822416084,0.9292256323874267,1.2667974120073688,1.3055498570521762
-0.46133518993678474,1.2501488346325698,1.2312113786038634,1.2588650854340881,1.2550015070963225,0.06966522132488864,-1.6810111784023618,0.10989148584667455,1.52815350446093,0.2953673808106252,1.3211027215592448,1.3290356544782693,-0.09310837738460044,-0.7201021737567175,0.5612861362732855,1.2300525551735007,1.2673742664321281
-0.3335017176693055,1.2136071079799315,1.2572344309189618,1.2030212821063668,1.3080928310366684,2.1059938119284483,-1.2239650037770697,0.10989148584667455,1.52815350446093,0.6620113745580293,1.3184809838042284,1.327989586248896,0.03278005408922373,-0.7201021737567175,1.8754996974953748,1.255575534376949,1.2306311866526853
-0.4936299978701386,1.2846807663193127,1.269874785514998,1.3063913673181242,1.2958951741501277,0.21299111439319302,-1.109703460120747,0.10989148584667455,1.52815350446093,-0.2123589385841796,1.3001949060503228,1.331193256562549,-0.3869513375952429,-0.7201021737567175,0.45263634265169606,1.308664245922244,1.2561529315140503
-0.36878948355473085,1.3133660217416336,1.3662214651468043,1.3535124197825519,1.4130870924855277,2.221630804205438,-0.9954419164644239,0.10989148584667455,1.52815350446093,1.49406290740171,1.299701939786813,1.3372045178729006,0.18215646654408554,-0.7201021737567175,1.3082775443226755,1.2964671892297863,1.30923907558357
-0.12196687285628609,1.3902251489532944,1.4520397206780082,1.437479332437342,1.4699905844485401,1.7660414110652884,-0.8811803728081009,0.10989148584667455,1.52815350446093,0.659202455921527,1.3233883994882216,1.3499097315125856,-0.24034913393477192,-0.7201021737567175,1.4070891458039783,1.413653341056372,1.2970426087650546
-0.15101636738625143,1.4794783163023633,1.4349390616685054,1.3668005678338928,1.3197726844432887,-3.674110964961878,-0.538395741839132,0.10989148584667455,1.52815350446093,-1.8840828479573717,1.3310482864810531,1.3544368391904325,0.44020536333347443,-0.7201021737567175,2.239512806686053,1.4705540330439886,1.4142230932360529
-0.2944546236514489,1.3401017760470364,1.316360454637148,1.3174760804003425,1.308123935839349,-0.769497496655719,-0.424134198182809,0.10989148584667455,1.52815350446093,-0.20432471167663854,1.3422983079238762,1.3535647830154187,0.3900489282228124,-0.7201021737567175,1.0494916046806846,1.3203435246136572,1.471121033392931
-0.17027714633920712,1.2364456871378304,1.3367623991697215,1.286192744418962,1.3444433672048088,2.412046523300668,-0.30987265452648605,0.10989148584667455,1.52815350446093,0.4241723882552575,1.3550925295019294,1.3485995899344403,0.39972945607259874,-0.7201021737567175,1.8824190284133169,1.3086953491943916,1.3209177894418154
-0.41057865431480994,1.3222876843038756,1.3063673741348814,1.3265280801670685,1.3560921158087484,0.7246853245155767,-0.19561111087016309,0.10989148584667455,1.52815350446093,0.09794116531350909,1.361958592933718,1.3441656141713407,0.3475652504974628,-0.7201021737567175,0.7405664448538479,1.3450129934372914,1.3092701773515012
-0.5205209055646848,1.3689094462536442,1.3507116688636887,1.3974122735735135,1.372132130673499,0.028806955866144648,-0.08134956721384012,0.10989148584667455,1.52815350446093,0.15348276041360673,1.3728639174988975,1.342101113295605,0.3344692455594307,-0.7201021737567175,0.35730663146100955,1.356661168856557,1.3455860652008271
-0.361272710354601,1.4140074182019977,1.4122164026371467,1.4228638704305687,1.3765233969343105,-0.8969121384065775,0.2614350637551288,0.10989148584667455,1.52815350446093,0.003605799595325456,1.3676336592951062,1.3366394930251386,-0.07263745061342962,-0.7201021737567175,0.9766386065574958,1.3727003944613623,1.357233677291141
-0.38168079605014266,1.414586604569442,1.3820890494014741,1.3982246084748595,1.422113889192908,0.12506379477607327,0.3756966074114518,0.10989148584667455,1.52815350446093,0.5272148052092606,1.3607851316953614,1.3400212900244,-0.1113124333504295,-0.7201021737567175,0.8655292649008284,1.3770914446469018,1.3732721272070663
-0.2828945883675508,1.4308778198543544,1.413525317735077,1.4592566616170637,1.4401363778049874,0.16384487337875686,0.48995815106777474,0.10989148584667455,1.52815350446093,0.1721230500947768,1.3780025706099204,1.342852401972861,-1.266815111247368,-0.7201021737567175,0.4235366297548165,1.422679693594022,1.3776629650326775
0.37578293411401426,1.50691475821633,1.615200850339432,1.5660383658082597,1.6615897650319742,3.463103072468194,0.6042196947240978,0.10989148584667455,1.52815350446093,2.68367829902822,1.4285641324275686,1.3529301779108758,0.15793205920752298,-0.7201021737567175,2.0859095869294646,1.4407012953971738,1.4232490092413248
-0.10191260511310654,1.6997947810932836,1.6822972479975067,1.7146853344127981,1.6664997496198437,-0.8110620056455358,0.7184812383804207,0.10989148584667455,1.52815350446093,0.0029301463963588145,1.4746327261737888,1.3622577091825483,0.20823514927636183,-0.7201021737567175,0.8521795493610722,1.662143785858176,1.4412697394839373
-0.5900145547038187,1.6632219939729906,1.6230525564483556,1.6836055511722863,1.6316440736746545,-0.7708892118492915,1.0612658693493895,0.10989148584667455,1.52815350446093,-0.4438221016900343,1.5140490889476237,1.3710785880990193,0.3287126582610922,-0.7201021737567175,0.3592772331999509,1.6670535288468824,1.6627015205452698
-0.5559800055635964,1.6111198865684926,1.5620528301359948,1.579139845677883,1.5440630126441872,-1.5747605251453922,1.1755274130057125,0.10989148584667455,1.52815350446093,-1.0499896692892765,1.5386429625251068,1.3792556500499435,0.6272687356220972,-0.7201021737567175,0.9963890736102126,1.6321995679991623,1.6676110260890311
-0.292236571613952,1.5864240741534734,1.638925494139009,1.6309820084869666,1.6900726158161614,2.3019556199293656,1.2897889566620355,0.10989148584667455,1.52815350446093,1.6724234548904358,1.583494648046115,1.3973979189974177,0.8343625031941257,-0.7201021737567175,1.454072439895621,1.5446228164549427,1.6327587508482424
-0.3341967172185882,1.734935132528793,1.7047227913317888,1.7342592286233967,1.745695321786437,0.18808564398899985,1.4040505003183585,0.10989148584667455,1.52815350446093,0.566563043771699,1.6297813927775413,1.4158247116250926,0.8347272874499162,-0.7201021737567175,0.9154017871059671,1.690625235124132,1.5451862346900689
-0.2030030769876241,1.740721514944238,1.8387371387818254,1.793355185649692,1.8943579816576515,3.431945269627258,1.5183120439746816,0.10989148584667455,1.52815350446093,1.5659764176545115,1.694755576433614,1.435522741071273,0.9274730418940361,-0.7201021737567175,2.2074053332402572,1.7462452041409657,1.6911815923916402
0.06620112080031482,1.928683021413746,1.9597087316977433,1.9425021248112941,1.8955161781339405,-0.8155695011231814,-1.6810111784023618,0.4065079277267781,1.52815350446093,-0.040408812859271365,1.7282176081775367,1.4613701790366578,0.29120304624212523,-0.7201021737567175,1.8604312616419474,1.8949005489639186,1.7467988715160485
-0.19972505772309282,1.8622529029887491,1.9236185430159423,1.9206141079660313,1.9257976183907848,1.3824473143562575,-1.5667496347460388,0.4065079277267781,1.52815350446093,0.25914958462913473,1.7653089028325049,1.4871101452903324,0.27285959712014607,-0.7201021737567175,1.6068459326042357,1.8960586884503545,1.8954470270705936
-0.39157915059348297,1.9627125043590157,1.9389356156036572,2.000191035241725,1.9880987084660444,0.5127914933286581,-1.4524880910897158,0.4065079277267781,1.52815350446093,0.5814489439780323,1.8162979987045424,1.5087150299642726,0.14144236482511804,-0.7201021737567175,0.604254144114915,1.9263386386881376,1.8966051105470985
-0.4886412390733355,2.017525094337973,1.9751301962871337,2.036305231202239,1.9994126230175975,-0.4766349218194903,-1.3382265474333928,0.4065079277267781,1.52815350446093,0.06021717482395222,1.8814335381883052,1.5309913671867708,-0.3596088437067703,-0.7201021737567175,0.6348651455634607,1.9886366631954797,1.926883596386209
0.01825728923661362,1.941426948583854,1.894828656536779,1.8538075355944001,1.8122047086949746,-2.996948049885569,-1.2239650037770697,0.4065079277267781,1.52815350446093,-1.9071022780433862,1.8989039380233221,1.5472963611632669,0.37672953219082433,-0.7201021737567175,2.183995177243793,1.9999500210380983,1.9891786080370675
-0.1527995801335554,1.8713581877274201,1.9001232047243188,1.887021339505306,1.8328189592480701,-0.935693217009267,-0.8811803728081009,0.4065079277267781,1.52815350446093,0.16641303940184748,1.9113665491655547,1.561027161994694,0.3455188246525316,-0.7201021737567175,1.7472920520286281,1.8127513184094501,2.000491418743179
-0.31534512079884564,1.8283604515184269,1.785886234275464,1.7957312183345744,1.7679562971873375,-1.4307491604145883,-0.7669188291517779,0.4065079277267781,1.52815350446093,-0.735252386138945,1.8932854050906134,1.5728224280044363,-0.05554396856378178,-0.7201021737567175,1.2922312158769917,1.8333645546241921,1.8133017694164515
-0.2078844391517582,1.8902374708025056,1.8315100002042934,1.8334091120786253,1.8688026417140058,-0.547944746588109,-0.652657285495455,0.4065079277267781,1.52815350446093,1.0360323439926777,1.88946416407801,1.5917660981530268,0.20770538508521194,-0.7201021737567175,1.4547243682904643,1.7685050841752856,1.8339140087340546
-0.5146728745978594,1.8851828364632794,1.8379930111801388,1.8565156312759068,1.7981160627748716,-2.03797319404729,-0.538395741839132,0.4065079277267781,1.52815350446093,-0.7866263130565478,1.871199940681951,1.609618684778139,0.24832460326773162,-0.7201021737567175,1.197405267536862,1.8693464664883228,1.7690576750182563
-0.39695368988876495,1.820336801888674,1.8551543424641204,1.849011382764631,1.920705579222519,2.2199067391148963,-0.424134198182809,0.4065079277267781,1.52815350446093,1.2554734098873734,1.8615596824478964,1.6328192787213391,0.4878324924447725,-0.7201021737567175,1.600919310832983,1.7986633657308442,1.8698941804412974
-0.2767611244307527,1.9333567082526188,1.9709072275355957,2.000941460092853,2.0056948783119704,1.5798008375507409,-0.08134956721384012,0.4065079277267781,1.52815350446093,0.8138553259741766,1.8624583284079488,1.6580157758820002,0.603561693049595,-0.7201021737567175,1.1233224953961343,1.9212468500771558,1.7992144980592821
-0.29191062797506384,2.023614773084635,1.9845879331910645,2.016449927672468,1.980475287267849,-1.0450778768495024,0.03291197644248285,0.4065079277267781,1.52815350446093,-0.3016372698179998,1.8865286134480548,1.6805838220362816,-0.04599879190451616,-0.7201021737567175,1.1055426300823585,2.0062319672097857,1.9217920540242606
-0.5318817324216226,1.9480647532303055,1.9398867427300337,1.9897160423510485,1.9569939057852983,0.13960410276851387,0.14717352009880583,0.4065079277267781,1.52815350446093,-0.28654142061404275,1.904291233529001,1.7027731378784983,-0.0038152225890799338,-0.7201021737567175,0.785505054434419,1.981013617112959,2.006773061107444
-0.7953304419634696,1.9718479360221752,1.9117223160215924,2.0067882077142003,1.9466872379323192,-0.6351865945427291,0.2614350637551288,0.4065079277267781,1.52815350446093,-0.15599867060042338,1.9298578223272604,1.7206830529852566,-0.15307190095272774,-0.7201021737567175,0.048144406763323204,1.9575333910479082,1.9815559306202308
-0.6231927925455389,1.9078999143800583,1.8569388211252393,1.919051348213558,1.8899356105941598,-0.46971788958880356,0.3756966074114518,0.4065079277267781,1.52815350446093,-0.6252971884940044,1.9328807903886007,1.7347782136255818,-0.22521539444199426,-0.7201021737567175,0.5242447502029257,1.9472272303415983,1.9580768401056552
-0.6919747051587222,1.8431598508127454,1.785916570412703,1.8608615291949995,1.8281532388459583,-0.4004644798076898,0.7184812383804207,0.4065079277267781,1.52815350446093,-0.6891311334533357,1.9371774618326691,1.7518416508247137,-0.2575775220605238,-0.7201021737567175,0.26397715511811326,1.8904783955062319,1.9477711778257938
-0.5911105727096128,1.8389575522476922,1.8432572232304396,1.876120480511614,1.8879842416495118,1.0535663194359228,0.8327427820367437,0.4065079277267781,1.52815350446093,0.5787289462968662,1.932496834185485,1.771304255809844,-0.5937187775392737,-0.7201021737567175,0.9751569511146784,1.8286990638020564,1.8910250874770513
-0.6744280106556552,1.8947750397095973,1.8862631589634073,1.9565725907699358,1.8938694532861367,-0.08196941916765738,0.9470043256930666,0.4065079277267781,1.52815350446093,0.00837659714005574,1.9165007528863582,1.7897453575282776,-0.9014129852939801,-0.7201021737567175,0.41854345091252987,1.8885271225800326,1.8292487435443427
-0.7243503609897342,1.9385949647682745,1.880137043719786,1.9106090686383732,1.8844776325708263,-1.2915776410584223,1.0612658693493895,0.4065079277267781,1.52815350446093,-0.14899054222822178,1.9027687568871987,1.8074802472759666,-0.904584537347162,-0.7201021737567175,1.0428241551880126,1.8944120446307777,1.8890739089182953
-0.6756144157686071,1.8935572866688979,1.8715715461464149,1.871868385698913,1.8114728309848391,-1.925119632157427,1.1755274130057125,0.4065079277267781,1.52815350446093,-0.8063193770889645,1.8819526773354633,1.8222264101334213,-0.7800304168848846,-0.7201021737567175,1.51250893056023,1.885020686046455,1.8949585463624947
-0.8651499604099891,1.760179984386768,1.7443382176086306,1.808363682672243,1.7815573295830625,0.4283330757611713,1.5183120439746816,0.4065079277267781,1.52815350446093,-0.3698521793462034,1.8583316498431746,1.8358210903654166,-0.7822794190807169,-0.7201021737567175,0.402749003892133,1.81201947671186,1.8855676419629686
-0.7576539712991681,1.8061768828107767,1.750940788654771,1.7328521820275322,1.716420213381029,-2.096487547782565,1.6325735876310044,0.4065079277267781,1.52815350446093,-0.7516341789016088,1.8335111190932998,1.8456992759816861,-0.7486294129821368,-0.7201021737567175,1.7051241381261324,1.7821054473228721,1.8125699631121825
-0.7382586523265117,1.7399906804111855,1.686431885055319,1.724972721090693,1.6972999082037468,-1.0256977234824411,1.7468351312873274,0.4065079277267781,1.52815350446093,-0.2628643365122152,1.814793188759203,1.8543307897421244,-0.8067127514497325,-0.7201021737567175,0.7583463101676235,1.716971536237369,1.7826573804252066
-0.711255504063044,1.6664961326810668,1.6536867016237853,1.6718801628734181,1.7114800388376166,0.9673630649093448,-1.6810111784023618,0.7031243696068816,1.52815350446093,0.10499687406502185,1.789545123954939,1.8560053218353716,-1.050976423555761,1.388691822416084,1.0531957432877221,1.6978521718878326,1.7175266193453074
-0.7533386559158946,1.7440559475012916,1.6962465176914738,1.699364473045965,1.6478981627696199,-2.239813440850863,-1.5667496347460388,0.7031243696068816,1.52815350446093,-0.7538028543604849,1.7543601312804702,1.8553809726027464,-1.050807016383873,1.388691822416084,1.3258203447656056,1.7120316047786375,1.6984081796462922
-0.6917687573421932,1.6674096758473829,1.6395000962678896,1.6680342355113897,1.6864132272654855,0.3774419977876438,-1.109703460120747,0.7031243696068816,1.52815350446093,0.38352483710477636,1.726027984731548,1.8572192608784357,-0.8262393099305726,1.388691822416084,0.8783604010356031,1.6484528573005126,1.712586926791495
-0.764007332597816,1.6712922343042258,1.7095408837168098,1.7292876639846764,1.7713110416411695,2.216790958830806,-0.9954419164644239,0.7031243696068816,1.52815350446093,0.8936716339567212,1.7202830367708202,1.8648466817894742,-0.5314829704816076,1.388691822416084,1.0739389194871236,1.6869660266361826,1.649011254108166
-0.7183653122864548,1.7462027739421342,1.7600416298264776,1.7995461906714942,1.8221765424955667,1.6684136288303604,-0.8811803728081009,0.7031243696068816,1.52815350446093,0.49591675416760606,1.726093416940668,1.869280657552574,-0.47969186098504935,1.388691822416084,0.8027959734520618,1.771859663556613,1.687522560870298
-0.7089781107093072,1.840937200289099,1.852388400539386,1.9072790583614945,1.9175036142406778,1.6787995631106742,-0.7669188291517779,0.7031243696068816,1.52815350446093,0.9553877951892836,1.7548574160697814,1.8750472825408717,-0.5128736128012369,1.388691822416084,0.634628080692611,1.8227226615391128,1.7724120921654472
-0.7807854393640292,1.923612856840693,1.9027106987829414,1.9931558022624043,1.960867368566189,0.783532028147821,-0.424134198182809,0.7031243696068816,1.52815350446093,0.3901378613876906,1.792559454964675,1.8772796235240943,-0.6034149890717163,1.388691822416084,0.11382619254329583,1.9180450426502,1.8232726303121098
-0.5385264360446997,1.8521737812347847,1.8305276447013474,1.8993526958714593,1.8484326553466672,-0.14497049651202265,-0.30987265452648605,0.7031243696068816,1.52815350446093,-1.1816993126265032,1.812149858375177,1.8756992980627112,-0.10092914237367374,1.388691822416084,0.3968075655664473,1.961406663232403,1.9185904014430861
-0.48402868439976,1.8461443963370998,1.907261119368795,1.9109842810639366,1.94430863537438,2.1690156611413807,-0.19561111087016309,0.7031243696068816,1.52815350446093,0.9512331816260263,1.85454992988488,1.876320607381206,-0.24290595579189406,1.388691822416084,1.4873207880323884,1.8489774824401513,1.9619499249709966
-0.5810700715561392,1.9337075088284839,1.9350989864822512,1.9962015891269183,1.9547378927438066,0.4148313611967668,-0.08134956721384012,0.7031243696068816,1.52815350446093,0.05305810964283007,1.8929324637546205,1.8752008749700064,-0.21752698771576676,1.388691822416084,0.60355776605679,1.9448487448244312,1.8495261814777435
-0.304900417322833,1.91342685053627,1.8868288386989822,1.9481350013500704,1.9510785041931307,0.7928793690001047,0.03291197644248285,0.7031243696068816,1.52815350446093,-0.08916568014583928,1.9186473219387463,1.8735785741286493,-0.2652157951501326,1.388691822416084,0.5612120535011423,1.9552774890150872,1.945392807336921
-0.6376160277551416,1.917857534892902,1.9415231096622794,1.9687669946007589,2.003407760467798,1.8802866881487235,0.3756966074114518,0.7031243696068816,1.52815350446093,0.4751581785313121,1.9445715631920548,1.879996170627873,-0.2677220430109734,1.388691822416084,1.1435767252994036,1.9516182805271378,1.9558210471727475
-0.6201280551391263,1.9801611788356506,1.972662262298806,2.041745811372914,2.0002972801997236,0.3930208992081087,0.48995815106777474,0.7031243696068816,1.52815350446093,-0.08310091951736238,1.9564147930427596,1.8856174631557365,-0.4127894664015599,1.388691822416084,0.5079465403319636,2.003944961904817,1.952162015651405
-0.6088187647906557,1.9927680745308107,1.9768557871524357,1.9953132737093962,1.9277499021825708,-1.5408400637858963,0.6042196947240978,0.7031243696068816,1.52815350446093,-0.7708701055623238,1.9516775011024778,1.8909808235754961,-0.30940859130535414,1.388691822416084,1.3110037903374565,2.0008346346900603,2.0044861664066045
-0.5098370776448172,1.9157563856103756,1.8652366468994428,1.8563908731444068,1.816047066673184,-2.3260166953774535,0.7184812383804207,0.7031243696068816,1.52815350446093,-1.1878508670839447,1.9470449006967878,1.8892101196533704,-0.30622561171416335,1.388691822416084,1.6517845421848065,1.928290826416459,2.0013759896134635
-0.5940429009327325,1.7625551966191895,1.7154296632985029,1.7344468348361786,1.6947383362182733,-1.5969241088995747,0.8327427820367437,0.7031243696068816,1.52815350446093,-1.3376748435139025,1.9113450874009639,1.8857403186753214,-0.3765374871672744,1.388691822416084,1.0902371293580861,1.816593487321797,1.9288356897028456
-0.6643041343334353,1.659690236092013,1.7117714820432086,1.7109022551320514,1.7009592967544227,0.8832369972388153,1.1755274130057125,0.7031243696068816,1.52815350446093,0.016762601701947672,1.8750432977812364,1.8783646886317167,-0.3848184004952482,1.388691822416084,1.4013847723491382,1.6952907259462675,1.8171437525138607
-0.6166293951977193,1.769406770366559,1.752636043382834,1.7784404917335315,1.7643582033948852,-0.17197392564083167,1.2897889566620355,0.7031243696068816,1.52815350446093,0.6500441810268834,1.8483338700184881,1.8702643921891564,-0.16146223231133272,1.388691822416084,1.0131910463317313,1.701511380375782,1.6958468575813521
-0.7065752210020187,1.7624638423025578,1.7555804331736802,1.7790033103718772,1.8089112589993661,0.9974822743222443,1.4040505003183585,0.7031243696068816,1.52815350446093,0.4291691627930809,1.8205120947007016,1.864505965757152,-0.17688768810542527,1.388691822416084,1.0531957432877221,1.764907167429509,1.7020672111676347
-0.422184998124826,1.759540504170347,1.707845628988747,1.6684094479369531,1.6296012200162395,-3.007333984165883,1.5183120439746816,0.7031243696068816,1.52815350446093,-1.9573867470897648,1.7674858324299245,1.8535172595906877,0.22814823724080788,1.388691822416084,2.007381848460297,1.8094580307702954,1.765459932274896
-0.5447581414507637,1.6077553070869508,1.6357526910795395,1.637360619721551,1.602521744741237,-0.17093533221280144,1.6325735876310044,0.7031243696068816,1.52815350446093,-0.36105452578863756,1.7209635317456669,1.841965585892085,0.22796885646382695,1.388691822416084,1.3006322022377472,1.6301568148607646,1.810008641047243
-0.16520984392132643,1.5013732053694577,1.4536466437123463,1.436059153406583,1.3934791737838679,-2.4984232044306154,-1.4524880910897158,0.9997408114869851,1.52815350446093,-2.46217257013992,1.6605172569606923,1.8253023733473606,0.701434975406365,-0.7201021737567175,1.4562060237332817,1.6030786720499377,1.6307160965014529
-0.026272372526965973,1.4650141873500826,1.4745250440474382,1.4454394640456774,1.4578844122757664,-0.20936328904996043,-1.3382265474333928,0.9997408114869851,1.52815350446093,0.760126144649675,1.6266364590784017,1.8128745595486988,0.8602986455333865,-0.7201021737567175,1.6547478530704327,1.3940463871758164,1.6036392632435175
-0.3062027052483339,1.4146779588860734,1.3778928478298533,1.363455549059992,1.3789331042949307,-0.8574455881413942,-1.2239650037770697,0.9997408114869851,1.52815350446093,-1.0201660567697617,1.5805721838579836,1.795788614702515,0.8629866995479769,-0.7201021737567175,1.3450374158589038,1.4584484565637295,1.3946170875868187
-0.525285269943731,1.3637936045222747,1.3592477225391515,1.3829665951893084,1.3544152010054011,-0.25713858673939133,-1.109703460120747,0.9997408114869851,1.52815350446093,-0.3636555018943764,1.521931838044718,1.7776822106005483,0.6455761086724514,-0.7201021737567175,0.7272315458685209,1.3795010334362166,1.4590160423624492
-0.3441844925595528,1.3135030532165815,1.269947949140104,1.257927054370179,1.2166392220724478,-2.2418906277069235,-0.9954419164644239,0.9997408114869851,1.52815350446093,-1.8214957994991519,1.4372102136762555,1.7552666821582847,0.5296256820415463,-0.7201021737567175,1.2193634011993701,1.3549843365669543,1.3800724372894817
-0.5422999986598782,1.22210305942667,1.2023028242937355,1.2235782328719427,1.215632890221012,-0.18651423363327221,-0.652657285495455,0.9997408114869851,1.52815350446093,-0.06612179319041582,1.3779940644227349,1.7352677319193168,0.46338898101508375,-0.7201021737567175,0.638598917279351,1.2172151369956514,1.355556926096486
-0.4297103194477545,1.1948337959121387,1.1912390565947977,1.1920772736837355,1.156533765127594,-0.9083366661149216,-0.538395741839132,0.9997408114869851,1.52815350446093,-0.862847536094958,1.3141976605308205,1.7142892537936263,0.43425426764138425,-0.7201021737567175,0.952443173176331,1.2162088546614653,1.217794389317935
-0.5554854161338991,1.1435383471234977,1.1336887275343797,1.1593399895532956,1.1633036339463447,0.41171558091267024,-0.424134198182809,0.9997408114869851,1.52815350446093,0.04328918769827024,1.2812721729016807,1.6957242832508967,-0.05727451170578259,-0.7201021737567175,0.5138583455487962,1.1571126375810792,1.2167881556495659
-0.25044937063869177,1.079316262531486,1.1666132510713556,1.1097181462724859,1.2042887857139162,2.8025576522403797,-0.30987265452648605,0.9997408114869851,1.52815350446093,0.5245675862470038,1.2449965561656007,1.6791767102679709,-0.16906182336788028,-0.7201021737567175,1.8443997497506965,1.163882173283786,1.157694796579882
-0.21772542216367735,1.2228338939597228,1.195789477180651,1.0903947063559514,1.0512348595818908,-3.9358365088257274,-0.19561111087016309,0.9997408114869851,1.52815350446093,-2.163138619201097,1.1981209215520958,1.6570160433134755,0.2665158684015356,-0.7201021737567175,2.634122100770854,1.2048653083488217,1.1644640048943662
-0.39978433261633195,1.0952119136253835,1.1565309466360334,1.1400165496367611,1.1826069085511606,1.948833854398776,0.14717352009880583,0.9997408114869851,1.52815350446093,1.9073301550547024,1.1735445838066572,1.6413988682919203,1.0904749274947778,-0.7201021737567175,1.198397976683551,1.0518189133403293,1.2054451579334038
-0.44360151453893476,1.2729874137904689,1.2275531973485692,1.213182972621698,1.1902916245075803,-1.918888071589234,0.2614350637551288,0.9997408114869851,1.52815350446093,0.054800096569068486,1.16977568856135,1.6247468942176193,0.7683365715376472,-0.7201021737567175,1.2221044637685794,1.1831844980577202,1.0524061645532474
-0.5590684423307538,1.1843737266578211,1.1660779074730199,1.2181545372604183,1.207216296554457,0.480262747162723,0.3756966074114518,0.9997408114869851,1.52815350446093,0.18270781401963954,1.168571735913544,1.6058134492347433,0.7765281664496406,-0.7201021737567175,0.1227161252001793,1.1908688358824142,1.1837653961694485
0.07555683059752892,1.0791335538982227,1.100230644877729,1.0701332353755073,1.072184859034511,-0.19274579420145943,0.48995815106777474,0.9997408114869851,1.52815350446093,-1.9119013563546077,1.1565060365518323,1.580640503732048,1.1157069378249553,-0.7201021737567175,1.367306697164409,1.2077926751391812,1.1914493623642681
-0.4458086646227174,1.0620959738464302,1.0922897148357495,1.0870177945258774,1.1376879140916123,1.681915343394771,0.6042196947240978,0.9997408114869851,1.52815350446093,0.9139773108501247,1.152841832841117,1.5544665360002867,1.2407202150879708,-0.7201021737567175,0.9687413830472887,1.0727678819338409,1.2083723831504778
-0.13940120290459385,1.0566603920068502,1.0819397386012592,1.0381116689468304,1.108504290399971,1.1428853542466033,0.9470043256930666,0.9997408114869851,1.52815350446093,-0.46847080211243297,1.1391403282514072,1.5258575663432223,1.2018048481416592,-0.7201021737567175,1.5693600499010294,1.1382677138681387,1.0733541200129342
-0.1881989671587141,1.0957600395251732,1.1787459214883038,1.145175720488263,1.210646973320716,2.5730285046454973,1.0612658693493895,0.9997408114869851,1.52815350446093,1.426169601892694,1.1619434531296968,1.5044507366808608,0.8336503401596566,-0.7201021737567175,1.4858094994807138,1.1090855261767405,1.1388507842449676
-0.32671312064578417,1.180719553992557,1.2345126641269335,1.2220942677288376,1.2310023221338513,1.1034188039814141,1.1755274130057125,0.9997408114869851,1.52815350446093,0.22752218782098832,1.1688661808545833,1.4805091099323227,0.4014570648536506,-0.7201021737567175,1.1969163212407339,1.211223183096634,1.1096700078622599
-0.6201771139308403,1.2754539803395217,1.2631535466378934,1.2657127122006273,1.235119134253362,-0.9571505572323885,1.2897889566620355,0.9997408114869851,1.52815350446093,0.003710982034882567,1.1752785373483348,1.4563556103806998,0.4019098156043251,-0.7201021737567175,0.983557937475438,1.2315775303108536,1.2118027252017365
-0.5270946226027816,1.2355321439715143,1.2189876997751983,1.2047406930465132,1.266498391075409,0.6630551904962106,1.4040505003183585,0.9997408114869851,1.52815350446093,0.37395413907689495,1.1837585516502753,1.4333781584172127,0.4147597660978808,-0.7201021737567175,1.2132145311116962,1.2356941398597971,1.2321560880392048
-0.6212237014874072,1.2427491349854105,1.2278208691477372,1.2571766295190512,1.2575328891262527,0.29539311697318077,1.7468351312873274,0.9997408114869851,1.52815350446093,-0.17229373541532086,1.2102716827856639,1.4083433908295722,-0.4405246014703425,-0.7201021737567175,0.531653027416996,1.267071852643965,1.2362724985007156
-0.6071691009763511,1.314553627857845,1.295141218877782,1.307267488331816,1.260094461111726,-1.279114519922048,-1.6810111784023618,1.2963572533670886,1.52815350446093,-0.017903381355811376,1.2277813419461518,1.3834990017026743,-0.5338109527313468,-0.7201021737567175,0.8583728691120366,1.2581067918484883,1.2676486937962288
-0.6024432279270663,1.2413788202359364,1.2101536381633287,1.1903888177686985,1.1426280886350249,-2.2823957714001373,-1.5667496347460388,1.2963572533670886,1.52815350446093,-1.628963560086346,1.2326625847464978,1.3571469379915089,0.07292159266961275,-0.7201021737567175,1.2932091084692525,1.260668237790053,1.2586840665689392
-0.6833585194808465,1.1072706834207544,1.1506421670543405,1.1464889639777363,1.1456470841893327,0.8354616995493785,-1.4524880910897158,1.2963572533670886,1.52815350446093,-0.00938596110789539,1.2233646678305579,1.3346454321798775,-0.4121502245858418,-0.7201021737567175,0.9983744919035826,1.1432076453268707,1.261245388633879
-0.16200528895852861,1.2099529353146674,1.1738403896488876,1.0802639708657293,1.073923068596082,-3.1278108218174934,-1.3382265474333928,1.2963572533670886,1.52815350446093,-1.0709425552831415,1.2008952472187804,1.3138082025895765,-0.3135802992491599,-0.7201021737567175,2.4296536496624457,1.1462264923294292,1.1437904767987799
-0.22030212370120517,1.082513663613592,1.0408967293955225,1.0200423765627427,0.978870450992272,-2.3883323010593123,-0.9954419164644239,1.2963572533670886,1.52815350446093,-1.4532641862248932,1.1642401236698057,1.2895717962889208,-0.14307009761813266,-0.7201021737567175,1.1732098341557013,1.0745060059656169,1.1468091778038878
0.21189691151947204,0.9488622983815675,0.9186599411088711,0.9270834981293163,0.9259922864350031,-0.5500219334441754,-0.8811803728081009,1.2963572533670886,1.52815350446093,-0.8727611786538456,1.115532387200943,1.2614326315430435,-0.3764159348879845,-0.7201021737567175,0.611662421328981,0.9794580654911259,1.0750921599855718
0.19033210375768214,0.9192178226346147,0.9248163924897316,0.8367511066748365,0.8005667438605815,-2.7237979783133768,-0.7669188291517779,1.2963572533670886,1.52815350446093,-2.0571724150857986,1.0501656102901502,1.22758825421556,-0.17246766484767614,-0.7201021737567175,2.1407308383136043,0.926582502840254,0.9800488162186967
0.26020743277406844,0.91122431992935,0.8811858892253722,0.8640478106346015,0.9206861730365227,0.18530221360187843,-0.652657285495455,1.2963572533670886,1.52815350446093,2.0159302429577615,1.0016149111231758,1.2037940172430805,1.0264387651691609,-0.7201021737567175,0.9850395929182514,0.8011631319157811,0.9271758107352953
0.03350378300323018,0.8755961364430277,0.9304375002722567,0.8880614058706834,0.9687156477641458,2.085928186898888,-0.538395741839132,1.2963572533670886,1.52815350446093,0.7177272829867558,0.9767375852157849,1.1825207595652723,1.0851089568944297,-0.7201021737567175,1.4236096039913617,0.921276650532727,0.8017625053412759
-0.24123721975016013,0.9374430088026181,0.9233888095608365,0.9232375707672876,0.9227903214531613,-0.3630751163985728,-0.19561111087016309,1.2963572533670886,1.52815350446093,-0.7689200587541037,0.9448590129325632,1.1667224179439781,1.0749402587068517,-0.7201021737567175,0.7509380329535491,0.9693037619370656,0.9218702150293484
-0.252794034002279,0.9658542012750442,0.9688368043415457,0.9768929476229081,0.9545355171302761,-0.28829638958032705,-0.08134956721384012,1.2963572533670886,1.52815350446093,0.45602909918173545,0.9277812063522666,1.1498278648632474,1.1052526078716076,-0.7201021737567175,0.6581419525700754,0.9233806954132979,0.9698950037469707
-0.5591165100357666,0.9259323649070368,0.8951940467151563,0.9168589595327034,0.8859219818051002,-0.938455875527827,0.03291197644248285,1.2963572533670886,1.52815350446093,-1.1314694157437883,0.9144853814591005,1.1332802918803213,1.0238564348956478,-0.7201021737567175,0.3834874831355402,0.9551243290462608,0.9239741581541203
-0.5867632452258873,0.8569598558501823,0.8380015056262925,0.8722086808906137,0.8516152141425122,-0.1491248702241553,0.14717352009880583,1.2963572533670886,1.52815350446093,-0.6135481071742738,0.9038461042562024,1.116404162521598,0.9897582772160576,-0.7201021737567175,0.13901433507113725,0.8865141698972057,0.9557162566017677
-0.4416570024309951,0.8669174763630263,0.8293467841198654,0.8314043296105528,0.8243527694399758,-0.9945399206415114,0.2614350637551288,1.2963572533670886,1.52815350446093,-0.5074412668310319,0.9072485791304381,1.1032373425270192,0.47701121508028904,-0.7201021737567175,0.6398138747424572,0.8522090903226781,0.8871094155765931
-0.23310956548451994,0.7828715050619581,0.7542202324867557,0.7468877307523112,0.7116436020791536,-1.6426222197329452,0.6042196947240978,1.2963572533670886,1.52815350446093,-1.9649898881539398,0.877346059562638,1.0863212951039463,0.09356074219983274,-0.7201021737567175,0.7272315458685209,0.8249479870874535,0.8528059950640058
-0.4118815368923316,0.7169136884539461,0.7020242316490249,0.7341774098363383,0.7303064836876013,0.28085280898074605,0.7184812383804207,1.2963572533670886,1.52815350446093,0.28762314607027945,0.8432427921693396,1.0720152749652472,-0.08760793500200077,-0.7201021737567175,0.06122742432337211,0.7122443656586057,0.8255462102300031
-0.026790215328392306,0.7620427208699543,0.8153386266300814,0.79341407152222,0.851889668283813,2.0153038337927685,0.8327427820367437,1.2963572533670886,1.52815350446093,2.1357589527563943,0.8331007997557537,1.0615628833464164,0.9104825999116385,-0.7201021737567175,1.0072644245604703,0.7309063289471487,0.7128480393726496
-0.7560313145974739,0.8670088306796577,0.8294360080529213,0.8696759970180581,0.8487791880157385,-0.44200821692893344,1.0612658693493895,1.2963572533670886,1.52815350446093,-0.10424443500399039,0.8179728730072298,1.049630452726329,0.8508794749159332,-0.7201021737567175,0.03678010951693308,0.8524835309592743,0.7315091001314971
-0.23118388402390488,0.8204181291975441,0.8588799059613849,0.8543860906763341,0.8493280962983397,0.6298202007992086,1.4040505003183585,1.2963572533670886,1.52815350446093,-0.04314826288541366,0.8127382962776367,1.0428535936479626,0.7350216212447054,-0.7201021737567175,0.7672362428245112,0.8493732037445173,0.8530804224281064
-0.3511182590076462,0.8663693504632367,0.8399644321535235,0.8520410130165604,0.8302077911210576,-0.8491368407171466,1.5183120439746816,1.2963572533670886,1.52815350446093,-0.3719541724056859,0.8096760688908252,1.0310255641192503,0.7085386998512643,-0.7201021737567175,0.4901666750181882,0.8499220850177095,0.8499702456349655
-0.031129936221685233,0.8429826454055481,0.9147340880544093,0.869676935049122,0.9570970891157493,2.5636811637932135,1.6325735876310044,1.2963572533670886,1.52815350446093,2.0933498476117,0.8286644959774238,1.023198552886465,1.1666000996796182,-0.7201021737567175,1.4532278962932224,0.8308027206681731,0.8505191003631666
-0.39213562099909227,0.9768167192708358,0.9518512442056843,0.9744540668567436,0.9570970891157493,-0.47939758033806223,-1.6810111784023618,1.5929736952471922,1.52815350446093,-0.05232716852705255,0.8637754193911684,1.0148034768917875,0.42529287065520177,1.388691822416084,0.41460224743464286,0.9576857749878255,0.8314006606641515
-0.47142614979193787,0.92839893145609,0.9280284540797459,0.9679816525157684,0.9585608445360199,0.6547464430719631,-1.5667496347460388,1.5929736952471922,1.52815350446093,-0.029338574989899866,0.8964260917420046,1.0109897664362684,0.46610122819497407,1.388691822416084,0.12123446975736188,0.9576857749878255,0.9582775786667076
-0.23013680092398733,0.9070220213642965,0.883594935417883,0.8689255721669307,0.8450283147512954,-1.4369807209827812,-1.2239650037770697,1.5929736952471922,1.52815350446093,-1.8339158859550349,0.8954446086052059,1.0011668519860213,0.5669216501079006,1.388691822416084,0.9479982068478874,0.9591494583830056,0.9582775786667076
-0.24217664605714959,0.8318830959348092,0.8156062984292493,0.8199603506308575,0.8209678350306003,-0.27479467501592253,-1.109703460120747,1.5929736952471922,1.52815350446093,-0.4555733385471069,0.8914663302907156,0.99151589227451,0.5882796946004976,1.388691822416084,0.5924009005723924,0.8456225150443688,0.9597411912752449
-0.3405115252445557,0.7753804510981673,0.7775076790143586,0.7907688239219952,0.7680896704733315,-0.190668607345399,-0.9954419164644239,1.5929736952471922,1.52815350446093,-0.9515104335464519,0.8798455699510188,0.976661766406092,0.6756381969551305,1.388691822416084,0.42082520029446846,0.8215632192361001,0.846219738325589
-0.17436562675372191,0.7495271794914257,0.7402120749969715,0.7611458029237349,0.7626005876473175,0.27254406155649846,-0.8811803728081009,1.5929736952471922,1.52815350446093,-0.14876791120867666,0.8701746894430961,0.9609401902931619,0.6726303047097983,1.388691822416084,0.2694000140388177,0.7686876565852283,0.8221616060727611
-0.0845755254473633,0.7645092874190075,0.805345546127815,0.8014811386718413,0.8139235120705491,1.0971872434132328,-0.7669188291517779,1.5929736952471922,1.52815350446093,0.8525131976312741,0.8496944079885639,0.9468030542728632,-0.0543569839971858,1.388691822416084,0.7138966468831851,0.7631988438533039,0.7692886005893599
-0.023596438433471045,0.785155362977748,0.7595736684701128,0.7467001245395295,0.711186178510319,-1.7049378254148166,-0.424134198182809,1.5929736952471922,1.52815350446093,-1.8068693001137943,0.8145180523656985,0.9281643888421043,0.22726258802606933,1.388691822416084,0.81909418332302,0.8145192428967973,0.7638000533073459
0.7948949915472766,0.7739187820320619,0.7388737160011324,0.6471750286587369,0.6483361801524579,-2.876471212233959,-0.30987265452648605,1.5929736952471922,1.52815350446093,-1.197500935090941,0.7701419281405738,0.9077171280342914,0.18847546792874467,1.388691822416084,2.047386545416291,0.7117869645976119,0.8151179703941767
0.3590596592195502,0.6312233394535095,0.6190459739069918,0.6321665316361857,0.610370023939194,-0.493937888330491,-0.19561111087016309,1.5929736952471922,1.52815350446093,-0.7736264276519024,0.7365752048620591,0.88590958241827,-0.046029497814736385,1.388691822416084,0.29458815656666754,0.6489400588170774,0.7123906604324817
0.13175640199442884,0.5781464814905524,0.6128886302868006,0.613124501038824,0.6183291940369142,0.8936229315191233,-0.08134956721384012,1.5929736952471922,1.52815350446093,0.10288707217223896,0.707588736221938,0.8683118572809265,0.04661942203679516,1.388691822416084,0.4931151693493902,0.6109757707546004,0.6495467940534216
0.3386172571469762,0.6347404806438258,0.613424866124467,0.5827322945681578,0.5502645669943398,-1.9386213467218254,0.03291197644248285,1.5929736952471922,1.52815350446093,-1.372352417580433,0.6764299182390358,0.848328260143631,0.1361235399965512,1.388691822416084,0.9820762820326244,0.6189345492158906,0.6115843420194919
0.3430573255687752,0.5832623232219217,0.5622103285503517,0.543147383671179,0.5469711172987315,-0.8429052801489596,0.3756966074114518,1.5929736952471922,1.52815350446093,-0.11936256833924172,0.6455851748599089,0.8306414870165848,0.14129282228373738,1.388691822416084,0.7568646547248106,0.550873271340028,0.6195427355784119
