Date,Close,Volume,Open,High,Low,Asset_Name,MA_7,MA_30,Daily_Return,Volatility_7,Day,Month,Year,DayOfWeek,Quarter,Close_lag1,Close_lag2,Close_lag7,EMA_7,Price_Range,Open_Close_Diff,Rolling_STD_7
2015-01-21,13.1047,62161784,12.6367,13.2453,12.634,Tesla,13.072285714285714,14.017066666666668,0.0241807538705618,0.0262031213512747,21,1,2015,2,1,12.7953,12.8713,13.7773,13.146778050833376,0.6113,-0.46799999999999997,0.3443627855840838
2015-01-22,13.4413,61556264,13.1333,13.5493,13.0133,Tesla,13.066657142857142,13.988753333333332,0.0256854411012843,0.0278143043036972,22,1,2015,3,1,13.1047,12.7953,13.4807,13.220408538125032,0.5360000000000014,-0.30799999999999983,0.33681397366667276
2015-01-23,13.4193,51615754,13.3527,13.5667,13.222,Tesla,13.038457142857142,13.954086666666663,-0.0016367464456563,0.0274506227414855,23,1,2015,4,1,13.4413,13.1047,13.6167,13.270131403593775,0.34470000000000134,-0.06659999999999933,0.2877803204827145
2015-01-26,13.77,48466791,13.4553,13.908,13.4033,Tesla,13.170457142857144,13.946776666666668,0.0261340010283694,0.0147935728056259,26,1,2015,0,1,13.4193,13.4413,12.846,13.39509855269533,0.5046999999999997,-0.3147000000000002,0.3814560431519406
2015-01-27,13.732,41668869,13.628,13.8687,13.5533,Tesla,13.304842857142855,13.940333333333331,-0.0027596223674655,0.0145607735204889,27,1,2015,1,1,13.77,13.4193,12.7913,13.479323914521498,0.31540000000000035,-0.1039999999999992,0.3911960031200935
2015-01-28,13.2913,47092191,13.7407,13.7579,13.228,Tesla,13.364842857142856,13.923376666666666,-0.0320929216428779,0.0217608623887526,28,1,2015,2,1,13.732,13.77,12.8713,13.432317935891122,0.5298999999999996,0.4494000000000007,0.34283861051103437
2015-01-29,13.68,53138628,13.4047,13.732,13.1,Tesla,13.49122857142857,13.925953333333332,0.0292446938975119,0.0229041689783823,29,1,2015,3,1,13.2913,13.732,12.7953,13.494238451918342,0.6319999999999997,-0.27529999999999966,0.2477772501951719
2015-01-30,13.5733,45018997,13.5973,13.8313,13.5333,Tesla,13.558171428571429,13.93882,-0.0077997076023391,0.0227517910991904,30,1,2015,4,1,13.68,13.2913,13.1047,13.514003838938756,0.29800000000000004,0.02400000000000091,0.17996451237474986
2015-02-02,14.0627,62157719,13.598,14.13,13.5533,Tesla,13.646942857142855,13.9502,0.0360560806878209,0.0245690609965589,2,2,2015,0,1,13.5733,13.68,13.4413,13.651177879204067,0.5767000000000007,-0.4646999999999988,0.25167801425062847
2015-02-03,14.5573,72237474,14.2147,14.6913,14.0847,Tesla,13.809514285714284,13.95042,0.0351710553449906,0.0263527436309836,3,2,2015,1,1,14.0627,13.5733,13.4193,13.877708409403049,0.6066000000000003,-0.3425999999999991,0.4024867510389667
2015-02-04,14.57,49566230,14.5527,14.7653,14.4533,Tesla,13.9238,13.948776666666667,0.0008724145274192,0.025817812792977,4,2,2015,2,1,14.5573,14.0627,13.77,14.050781307052286,0.3119999999999994,-0.017300000000000537,0.49283568593734445
2015-02-05,14.7327,52774714,14.6587,15.032,14.6425,Tesla,14.066757142857142,13.9452,0.0111667810569662,0.0253482347200093,5,2,2015,3,1,14.57,14.5573,13.732,14.221260980289214,0.38949999999999996,-0.07399999999999984,0.5674206019557364
2015-02-06,14.4907,48537816,14.8,14.8933,14.4333,Tesla,14.2381,13.93718,-0.0164260454634926,0.0213499992968658,6,2,2015,4,1,14.7327,14.57,13.2913,14.28862073521691,0.46000000000000085,0.30930000000000035,0.46631212365396324
2015-02-09,14.4987,52046614,14.3587,14.5287,14.1327,Tesla,14.355057142857143,13.92656,0.0005520782294849,0.0203557158304009,9,2,2015,0,1,14.4907,14.7327,13.68,14.341140551412682,0.3960000000000008,-0.1399999999999988,0.40111634163146864
2015-02-10,14.4193,80232890,14.5033,14.7,14.3333,Tesla,14.475914285714284,13.900936666666666,-0.0054763530523426,0.0200622212630033,10,2,2015,1,1,14.4987,14.4907,13.5733,14.360680413559512,0.3666999999999998,0.08399999999999963,0.20660093924095035
2015-02-11,14.1867,135796177,14.1473,14.316,13.8187,Tesla,14.493628571428571,13.87225,-0.0161311575457893,0.0178384621786655,11,2,2015,2,1,14.4193,14.4987,14.0627,14.317185310169634,0.49730000000000096,-0.039400000000000546,0.1667363059273251
2015-02-12,13.5253,234402333,12.9047,13.5392,12.8853,Tesla,14.3462,13.82925,-0.0466211310593724,0.0187857920986616,12,2,2015,3,1,14.1867,14.4193,14.5573,14.119213982627226,0.6538999999999984,-0.6205999999999996,0.3975478713312444
2015-02-13,13.5847,92223059,13.5267,13.7327,13.394,Tesla,14.205442857142856,13.78783,0.0043917694986432,0.0191774822633602,13,2,2015,4,1,13.5253,14.1867,14.57,13.985585486970418,0.33869999999999933,-0.05799999999999983,0.472471102668878
2015-02-17,13.6233,59468295,13.7133,13.7133,13.4333,Tesla,14.046957142857142,13.754583333333333,0.0028414319050107,0.0178749651805723,17,2,2015,1,1,13.5847,13.5253,14.7327,13.895014115227813,0.28000000000000114,0.08999999999999986,0.45174473196390946
2015-02-18,13.6307,40663450,13.6113,13.7447,13.5067,Tesla,13.9241,13.742073333333332,0.0005431870398506,0.0181618644097355,18,2,2015,2,1,13.6233,13.5847,14.4907,13.82893558642086,0.23799999999999955,-0.019399999999999196,0.42722846347124493
2015-02-19,14.1137,77058006,13.6667,14.1627,13.5833,Tesla,13.8691,13.74302,0.0354347172192184,0.0246900760887884,19,2,2015,3,1,13.6307,13.6233,14.4987,13.900126689815645,0.5793999999999997,-0.4469999999999992,0.36049802588456337
2015-02-20,14.474,89675595,14.052,14.5067,13.9873,Tesla,13.876914285714289,13.75671,0.0255283873116192,0.0269678738803385,20,2,2015,4,1,14.1137,13.6307,14.4193,14.043595017361735,0.519400000000001,-0.4220000000000006,0.374724229394416
2015-02-23,13.8223,127306901,14.3773,14.5467,13.7553,Tesla,13.824857142857145,13.74942,-0.0450255630786237,0.031782706313921,23,2,2015,0,1,14.474,14.1137,14.1867,13.9882712630213,0.7913999999999994,0.5549999999999997,0.3489401565557383
2015-02-24,13.6073,98809421,13.8193,13.8193,13.4467,Tesla,13.836571428571428,13.743753333333332,-0.0155545748536785,0.0264408445854977,24,2,2015,1,1,13.8223,14.474,13.5253,13.893028447265975,0.37260000000000026,0.21199999999999974,0.33842563296479095
2015-02-25,13.584,58612546,13.6627,13.8093,13.5053,Tesla,13.836471428571429,13.747196666666667,-0.0017123161832252,0.0264173593156004,25,2,2015,2,1,13.6073,13.8223,13.5847,13.81577133544948,0.30400000000000027,0.07869999999999955,0.33851255375188
2015-02-26,13.8127,97020251,13.6,14.0727,13.4813,Tesla,13.863528571428573,13.75373,0.0168359835100118,0.0271613750144083,26,2,2015,3,1,13.584,13.6073,13.6233,13.815003501587109,0.5914000000000001,-0.2126999999999999,0.32597108621413007
2015-02-27,13.556,58070926,13.7933,13.9033,13.52,Tesla,13.852857142857143,13.777396666666666,-0.0185843462900084,0.0283048022410301,27,2,2015,4,1,13.8127,13.584,13.6307,13.750252626190331,0.3833000000000002,0.23730000000000118,0.3359341247781725
2015-03-02,13.155,118655971,13.5133,13.556,13.055,Tesla,13.7159,13.78952,-0.0295809973443493,0.0250511229264944,2,3,2015,0,1,13.556,13.8127,14.1137,13.601439469642749,0.5009999999999994,0.35829999999999984,0.40099359928391054
2015-03-03,13.304,66461967,13.1207,13.3496,13.0213,Tesla,13.548757142857143,13.803943333333333,0.0113264918282023,0.0221240004475309,3,3,2015,1,1,13.155,13.556,14.474,13.527079602232062,0.3283000000000005,-0.1833000000000009,0.24636154229872423
2015-03-04,13.4957,63228793,13.2833,13.5013,13.1473,Tesla,13.5021,13.82729,0.0144092002405291,0.0183029919488128,4,3,2015,2,1,13.304,13.155,13.8223,13.519234701674046,0.354000000000001,-0.2123999999999988,0.2148314067666303
2015-03-05,13.3753,73051928,13.5233,13.746,13.3433,Tesla,13.46895714285714,13.83631,-0.0089213601369324,0.0177232555934693,5,3,2015,3,1,13.4957,13.304,13.6073,13.483251026255534,0.40270000000000117,0.14800000000000146,0.21379010623460842
2015-03-06,12.9253,100581715,13.2807,13.3833,12.8101,Tesla,13.374857142857142,13.819109999999998,-0.0336441051789492,0.0212914918259802,6,3,2015,4,1,13.3753,13.4957,13.584,13.343763269691651,0.5731999999999999,0.3553999999999995,0.28710677953879354
2015-03-09,12.7253,100987615,12.9593,12.966,12.55,Tesla,13.219514285714284,13.795976666666666,-0.0154735286608433,0.0186290337059526,9,3,2015,0,1,12.9253,13.3753,13.8127,13.189147452268738,0.4159999999999986,0.23399999999999999,0.3043791792516325
2015-03-10,12.688,83085573,12.564,12.9,12.5067,Tesla,13.095514285714286,13.759909999999998,-0.0029311686168499,0.0185756961439045,10,3,2015,1,1,12.7253,12.9253,13.556,13.063860589201553,0.3933,-0.12400000000000055,0.3208148242032511
2015-03-11,12.916,74526053,12.7433,13.0787,12.734,Tesla,13.061371428571428,13.73271,0.0179697351828498,0.0186001011920883,11,3,2015,2,1,12.688,12.7253,13.155,13.026895441901164,0.34469999999999956,-0.17270000000000074,0.32610315195391304
2015-03-12,12.738,62096504,12.9167,12.9633,12.65,Tesla,12.980514285714284,13.714266666666669,-0.0137813564571075,0.017904886222408,12,3,2015,3,1,12.916,12.688,13.304,12.954671581425874,0.3132999999999999,0.17870000000000097,0.3260866215622702
2015-03-13,12.5787,81319354,12.5967,12.7833,12.488,Tesla,12.849514285714283,13.677556666666668,-0.0125058878944889,0.0155077765246254,13,3,2015,4,1,12.738,12.916,13.4957,12.860678686069406,0.295300000000001,0.018000000000000682,0.2626487859516851
2015-03-16,13.0467,84255378,12.8,13.0607,12.6533,Tesla,12.802571428571428,13.660003333333332,0.0372057525817453,0.0236531177082138,16,3,2015,0,1,12.5787,12.738,13.3753,12.907184014552055,0.4074000000000009,-0.2466999999999988,0.16376429926658226
2015-03-17,12.982,73353938,13.0287,13.2473,12.9293,Tesla,12.810671428571428,13.62398,-0.0049591084335502,0.0196712866241153,17,3,2015,1,1,13.0467,12.5787,12.9253,12.92588801091404,0.3179999999999996,0.046700000000001296,0.1720394888224059
2015-03-18,13.3807,71953059,12.9973,13.392,12.874,Tesla,12.9043,13.58476,0.0307117547373285,0.0210075929681806,18,3,2015,2,1,12.982,13.0467,12.7253,13.03959100818553,0.5179999999999989,-0.38339999999999996,0.2689069355743539
2015-03-19,13.0433,127032626,13.4667,13.6393,12.9687,Tesla,12.955057142857145,13.53387,-0.0252154222125896,0.0242673668352942,19,3,2015,3,1,13.3807,12.982,12.688,13.040518256139148,0.6706000000000003,0.4233999999999991,0.25441663243021895
2015-03-20,13.2053,63751108,13.1633,13.266,13.0414,Tesla,12.996385714285712,13.482956666666666,0.0124201697423196,0.0238293826162844,20,3,2015,4,1,13.0433,13.3807,12.916,13.08171369210436,0.22460000000000058,-0.041999999999999815,0.27003290187536155
2015-03-23,13.3087,39337360,13.2333,13.3667,13.1647,Tesla,13.077914285714286,13.443556666666666,0.0078301893936525,0.0225989418890852,23,3,2015,0,1,13.2053,13.0433,12.738,13.138460269078271,0.20199999999999996,-0.07540000000000013,0.26512741860326167
2015-03-24,13.448,54612963,13.4387,13.586,13.3167,Tesla,13.202100000000002,13.408533333333333,0.0104668374822485,0.0209899783932863,24,3,2015,1,1,13.3087,13.2053,12.5787,13.215845201808703,0.26929999999999943,-0.009299999999999642,0.1832799225228775
2015-03-25,12.9533,85823687,13.218,13.2393,12.8467,Tesla,13.188757142857144,13.359666666666666,-0.0367861392028554,0.023372341003557,25,3,2015,2,1,13.448,13.3087,13.0467,13.150208901356526,0.39259999999999984,0.2646999999999995,0.19918803392055132
2015-03-26,12.6937,61802729,12.928,12.986,12.6467,Tesla,13.147571428571428,13.3099,-0.0200412250160191,0.0244891914575146,26,3,2015,3,1,12.9533,13.448,12.982,13.036081676017394,0.3393000000000015,0.23430000000000106,0.26724347646720464
2015-03-27,12.3333,128948381,12.6047,12.6193,12.0933,Tesla,12.997942857142858,13.270166666666665,-0.0283920369947296,0.0208729503119694,27,3,2015,4,1,12.6937,12.9533,13.3807,12.860386257013046,0.5260000000000016,0.27139999999999986,0.38307582303046384
2015-03-30,12.7047,150934575,12.39,12.8167,12.12,Tesla,12.949571428571428,13.240833333333333,0.030113594901608,0.0248594791747929,30,3,2015,0,1,12.3333,12.6937,13.0433,12.821464692759784,0.6967000000000017,-0.3147000000000002,0.39750011620242715
2015-03-31,12.5847,75269212,12.902,12.9173,12.5607,Tesla,12.860914285714284,13.206213333333332,-0.0094453233842594,0.023882536197915,31,3,2015,1,1,12.7047,12.3333,13.2053,12.762273519569838,0.3565999999999985,0.31729999999999947,0.40015652949218306
2015-04-01,12.506,56872157,12.58,12.82,12.4033,Tesla,12.74624285714286,13.168723333333334,-0.0062536254340588,0.0230419503338051,1,4,2015,2,2,12.5847,12.7047,13.3087,12.698205139677379,0.4167000000000005,0.07399999999999984,0.36381241438017536
2015-04-02,12.7333,75071092,12.682,12.882,12.6667,Tesla,12.644142857142857,13.12271,0.0181752758675834,0.024258246481161,2,4,2015,3,2,12.506,12.5847,13.448,12.706978854758034,0.21529999999999916,-0.05129999999999946,0.1953161527467669
2015-04-06,13.54,186341457,13.2,13.85,13.1667,Tesla,12.72795714285714,13.091576666666668,0.0633535689884003,0.0323121858318522,6,4,2015,0,2,12.7333,12.506,12.9533,12.915234141068526,0.6832999999999991,-0.33999999999999986,0.38442564021814635
2015-04-07,13.55,65104392,13.5007,13.6707,13.4093,Tesla,12.850285714285716,13.0825,0.0007385524372232,0.0303304063346654,7,4,2015,1,2,13.54,12.7333,12.6937,13.073925605801396,0.2614000000000001,-0.049300000000000566,0.4927016319185757
2015-04-08,13.8447,94195648,13.88,14.06,13.7247,Tesla,13.066199999999998,13.090413333333334,0.0217490774907749,0.02532794704545,8,4,2015,2,2,13.55,13.54,12.3333,13.266619204351048,0.33530000000000015,0.03530000000000122,0.5555450896791876
2015-04-09,14.006,56697767,13.8953,14.0247,13.7413,Tesla,13.2521,13.10448,0.0116506677645598,0.0246778591371891,9,4,2015,3,2,13.8447,13.55,12.7047,13.451464403263287,0.28339999999999854,-0.11069999999999958,0.6274833596731131
2015-04-10,14.06,60312720,13.99,14.11,13.9333,Tesla,13.462857142857144,13.112723333333332,0.0038554905040697,0.0230016506188949,10,4,2015,4,2,14.006,13.8447,12.5847,13.603598302447466,0.1767000000000003,-0.07000000000000028,0.6135636121792651
2015-04-13,13.9853,56358272,14.029,14.2,13.9367,Tesla,13.674185714285716,13.127033333333332,-0.0053129445234708,0.0228509878301553,13,4,2015,0,2,14.06,14.006,12.506,13.6990237268356,0.2632999999999992,0.043699999999999406,0.4661034271080805
2015-04-14,13.8307,45286282,13.9047,13.966,13.7,Tesla,13.830957142857145,13.149556666666667,-0.0110544643304041,0.0250220503323844,14,4,2015,1,2,13.9853,14.06,12.7333,13.7319427951267,0.266,0.07399999999999984,0.21240851251884968
2015-04-15,13.8553,29157015,13.8307,13.9727,13.7733,Tesla,13.876,13.167933333333334,0.0017786518397477,0.010797425337323,15,4,2015,2,2,13.8307,13.9853,13.54,13.762782096345026,0.1993999999999989,-0.02459999999999951,0.1695281490883676
2015-04-16,13.78,24855258,13.8467,13.9447,13.7527,Tesla,13.908857142857144,13.17741,-0.0054347433833984,0.0112866800520524,16,4,2015,3,2,13.8553,13.8307,13.55,13.76708657225877,0.1919999999999984,0.06670000000000087,0.10631840319125266
2015-04-17,13.786,36983247,13.666,13.792,13.5667,Tesla,13.90047142857143,13.1911,0.0004354136429607,0.0074334911587348,17,4,2015,4,2,13.78,13.8553,13.8447,13.771814929194077,0.22529999999999895,-0.11999999999999922,0.11424178620049917
2015-04-20,13.6847,38383676,13.7853,13.8567,13.59,Tesla,13.854571428571427,13.216413333333334,-0.0073480342376324,0.0054171699800796,20,4,2015,0,2,13.786,13.78,14.006,13.750036196895557,0.26670000000000016,0.10060000000000002,0.1284396578720145
2015-04-21,13.9607,51242629,13.72,14.05,13.6207,Tesla,13.840385714285716,13.257593333333334,0.0201685093571653,0.0103080682223726,21,4,2015,1,2,13.6847,13.786,14.06,13.802702147671667,0.42930000000000135,-0.24069999999999858,0.10538359183746593
2015-04-22,14.6293,117832636,14.1667,14.792,14.1127,Tesla,13.932385714285717,13.322303333333334,0.0478915813676965,0.0208222695725452,22,4,2015,2,2,13.9607,13.6847,13.9853,14.00935161075375,0.6792999999999996,-0.4626000000000001,0.31853095311952556
2015-04-23,14.5733,66125727,14.5513,14.7653,14.4767,Tesla,14.038471428571428,13.377546666666666,-0.0038279343509259,0.0199604342465859,23,4,2015,3,2,14.6293,13.9607,13.8307,14.150338708065313,0.28860000000000063,-0.02200000000000024,0.3937900655352824
2015-04-24,14.5617,36395322,14.7,14.72,14.534,Tesla,14.139385714285712,13.438336666666665,-0.0007959762030562,0.020110162806641,24,4,2015,4,2,14.5733,14.6293,13.8553,14.253179031048985,0.18599999999999994,0.1382999999999992,0.42804871384991755
2015-04-27,15.4367,174886413,14.8373,15.9167,14.8,Tesla,14.37605714285714,13.533603333333334,0.0600891379440586,0.0271965095712798,27,4,2015,0,2,14.5617,14.5733,13.78,14.549059273286739,1.1166999999999998,-0.5993999999999993,0.6138847499249966
2015-04-28,15.3653,91202624,15.65,15.7,15.202,Tesla,14.601671428571429,13.61089,-0.0046253409083547,0.0277610639365303,28,4,2015,1,2,15.4367,14.5617,13.786,14.753119454965054,0.49799999999999933,0.28470000000000084,0.650031829257322
2015-04-29,15.4967,58969276,15.3367,15.6647,15.1753,Tesla,14.860528571428572,13.694713333333333,0.0085517367054337,0.0261416867114349,29,4,2015,2,2,15.3653,15.4367,13.6847,14.939014591223792,0.48939999999999984,-0.16000000000000014,0.5811538342363595
2015-04-30,15.07,58383421,15.3593,15.526,15.0113,Tesla,15.019,13.751023333333334,-0.0275348945259313,0.0312616625428779,30,4,2015,3,2,15.4967,15.3653,13.9607,14.971760943417843,0.5146999999999995,0.289299999999999,0.42521232735344927
2015-05-01,15.0687,79153820,15.3293,15.4513,14.6937,Tesla,15.081771428571429,13.818536666666668,-8.626410086265413e-05,0.0268778110604902,1,5,2015,4,2,15.07,15.4967,14.6293,14.995995707563383,0.7576,0.26060000000000016,0.3889848699469212
2015-05-04,15.3673,66408852,15.212,15.6487,15.1407,Tesla,15.1952,13.890603333333331,0.0198159097997836,0.0271355678373753,4,5,2015,0,2,15.0687,15.07,14.5733,15.088821780672538,0.5079999999999991,-0.15530000000000044,0.32679669010972506
2015-05-05,15.53,86740922,15.8507,15.9667,15.2753,Tesla,15.333528571428571,13.964646666666663,0.0105874161368619,0.0268661900814055,5,5,2015,1,2,15.3673,15.0687,14.5617,15.199116335504403,0.6913999999999998,0.32070000000000043,0.19043883282467733
2015-05-06,15.362,76256602,15.6067,15.6313,15.2133,Tesla,15.322857142857144,14.028446666666667,-0.0108177720540888,0.0156635429304223,6,5,2015,2,2,15.53,15.3673,15.4367,15.239837251628304,0.41799999999999926,0.24469999999999992,0.18572866281347747
2015-05-07,15.7867,141598459,14.7333,15.832,14.6833,Tesla,15.383057142857142,14.122893333333334,0.0276461398255434,0.0187265632361143,7,5,2015,3,2,15.362,15.53,15.3653,15.376552938721229,1.1487000000000016,-1.0534,0.2565642665242953
2015-05-08,15.774,69981640,15.7327,15.894,15.58,Tesla,15.422671428571428,14.22557,-0.000804474652714,0.0186833167632445,8,5,2015,4,2,15.7867,15.362,15.4967,15.475914704040921,0.31400000000000006,-0.04129999999999967,0.29549052841158807
2015-05-11,15.966,84956958,15.7527,16.192,15.6873,Tesla,15.550671428571428,14.346660000000002,0.0121719284899202,0.0132022671463118,11,5,2015,0,2,15.774,15.7867,15.07,15.598436028030692,0.5046999999999997,-0.2132999999999985,0.3109203312441326
2015-05-12,16.316,95186907,16.0073,16.4233,15.8793,Tesla,15.72885714285714,14.467036666666669,0.0219215833646497,0.0134736091962216,12,5,2015,1,2,15.966,15.774,15.0687,15.777827021023018,0.5440000000000005,-0.3086999999999982,0.34428888963168763
2015-05-13,16.212,81490294,16.5073,16.5533,16.15,Tesla,15.84952857142857,14.587946666666666,-0.0063741113017895,0.0143859035288164,13,5,2015,2,2,16.316,15.966,15.3673,15.886370265767265,0.40330000000000155,0.295300000000001,0.3444757694153512
2015-05-14,16.2733,42706224,16.3213,16.326,16.0833,Tesla,15.955714285714285,14.713523333333333,0.0037811497656057,0.0143930841116037,14,5,2015,3,2,16.212,16.316,15.53,15.983102699325448,0.24269999999999925,0.04800000000000182,0.34412623860329483
2015-05-15,16.5893,67790021,16.262,16.6267,16.1667,Tesla,16.131042857142855,14.842056666666668,0.0194183109756473,0.0126612984179286,15,5,2015,4,2,16.2733,16.212,15.362,16.134652024494088,0.46000000000000085,-0.32730000000000103,0.3011894910580814
2015-05-18,16.5833,50248940,16.4667,16.66,16.4,Tesla,16.244842857142856,14.9435,-0.0003616789135165,0.0108617677693977,18,5,2015,0,2,16.5893,16.2733,15.7867,16.246814018370564,0.26000000000000156,-0.11660000000000181,0.2998894510601544
2015-05-19,16.476,55022957,16.562,16.7333,16.41,Tesla,16.34512857142857,15.041033333333331,-0.0064703647645524,0.01172633329305,19,5,2015,1,2,16.5833,16.5893,15.774,16.30411051377792,0.3232999999999997,0.08600000000000207,0.22395764267893206
2015-05-20,16.29,56242157,16.4753,16.516,16.0915,Tesla,16.391414285714287,15.122543333333333,-0.0112891478514202,0.0130461989371245,20,5,2015,2,2,16.476,16.5833,15.966,16.30058288533344,0.4244999999999983,0.18530000000000157,0.15558827535707925
2015-05-21,16.3747,29498490,16.202,16.4413,16.1572,Tesla,16.3998,15.2015,0.0051995089011664,0.0102167870723706,21,5,2015,3,2,16.29,16.476,16.316,16.31911216400008,0.2840999999999987,-0.17269999999999897,0.15239536300913367
2015-05-22,16.5153,33289618,16.3587,16.5733,16.334,Tesla,16.44312857142857,15.283343333333333,0.008586416850385,0.0100890517966093,22,5,2015,4,2,16.3747,16.29,16.212,16.368159123000062,0.23930000000000007,-0.15660000000000096,0.13183065797064114
2015-05-26,16.497,52364914,16.512,16.8,16.4333,Tesla,16.475085714285715,15.367066666666666,-0.0011080634320902,0.0101702288356257,26,5,2015,1,2,16.5153,16.3747,16.2733,16.400369342250045,0.3667000000000016,0.015000000000000568,0.10892467471571875
2015-05-27,16.4953,51059794,16.5673,16.6333,16.37,Tesla,16.461657142857142,15.455886666666665,-0.0001030490392192,0.0066714134671142,27,5,2015,2,2,16.497,16.5153,16.5893,16.424102006687534,0.2632999999999974,0.07199999999999918,0.09771466722297217
2015-05-28,16.7633,54690918,16.4687,16.7867,16.3367,Tesla,16.48737142857143,15.55282,0.0162470521906239,0.0092897328566366,28,5,2015,3,2,16.4953,16.497,16.5833,16.50890150501565,0.4499999999999993,-0.29460000000000264,0.1465445292313559
2015-05-29,16.72,56776652,16.7333,16.8579,16.6287,Tesla,16.522228571428574,15.65082,-0.0025830236289992,0.0088332310480848,29,5,2015,4,2,16.7633,16.4953,16.476,16.56167612876174,0.2292000000000023,0.013300000000000978,0.1704569321391981
2015-06-01,16.63,37533551,16.7607,16.7733,16.498,Tesla,16.5708,15.74562,-0.0053827751196172,0.0075218957592972,1,6,2015,0,2,16.72,16.7633,16.29,16.578757096571305,0.2752999999999979,0.13070000000000093,0.13874657953750075
2015-06-02,16.5567,31941554,16.5947,16.6267,16.42,Tesla,16.5968,15.841353333333332,-0.0044076969332531,0.0079154812267159,2,6,2015,1,2,16.63,16.72,16.3747,16.573242822428476,0.20669999999999789,0.038000000000000256,0.10993579944687484
2015-06-03,16.5993,26671517,16.5467,16.7147,16.4673,Tesla,16.6088,15.929306666666667,0.0025729764989399,0.0073369356314963,3,6,2015,2,2,16.5567,16.63,16.5153,16.579757116821355,0.24739999999999895,-0.052599999999998204,0.10398019042117518
2015-06-04,16.3947,36383802,16.5,16.62,16.3807,Tesla,16.594185714285715,15.988153333333337,-0.0123258209683539,0.0088739773460216,4,6,2015,3,2,16.5993,16.5567,16.497,16.533492837616016,0.23930000000000007,0.10529999999999973,0.126961810906251
2015-06-05,16.6093,45297532,16.4,16.6467,16.3787,Tesla,16.610471428571426,16.05602,0.0130895960279846,0.0103400309182984,5,6,2015,4,2,16.3947,16.5993,16.4953,16.55244462821201,0.2680000000000007,-0.20930000000000248,0.11924015982172119
2015-06-08,17.086,75104122,16.7233,17.25,16.6873,Tesla,16.65657142857143,16.140163333333334,0.0287007881126837,0.013865146183246,8,6,2015,0,2,16.6093,16.3947,16.7633,16.685833471159008,0.5626999999999995,-0.36270000000000024,0.21338684522320314
2015-06-09,17.0667,38940866,17.0267,17.1827,16.9427,Tesla,16.7061,16.194496666666666,-0.0011295797729133,0.0137815694848466,9,6,2015,1,2,17.086,16.6093,16.72,16.781050103369257,0.240000000000002,-0.03999999999999915,0.2646426458453508
2015-06-10,16.7133,51789439,16.7933,16.9333,16.5667,Tesla,16.718,16.239430000000002,-0.0207069908066586,0.0163212921889448,10,6,2015,2,2,17.0667,17.086,16.63,16.764112577526944,0.36659999999999826,0.0799999999999983,0.26251467895471087
2015-06-11,16.7607,30614580,16.884,16.958,16.6953,Tesla,16.747142857142858,16.281563333333334,0.0028360646909946,0.0161629045843324,11,6,2015,3,2,16.7133,17.0667,16.5567,16.76325943314521,0.2626999999999988,0.12330000000000041,0.2527660964683336
2015-06-12,16.7127,21276844,16.6807,16.8973,16.6807,Tesla,16.763342857142856,16.336319999999997,-0.0028638422022945,0.0162534458050103,12,6,2015,4,2,16.7607,16.7133,16.5993,16.750619574858906,0.21659999999999968,-0.03200000000000003,0.24523319417207678
2015-06-15,16.692,32743964,16.6467,16.752,16.4007,Tesla,16.805814285714284,16.39043,-0.0012385790446787,0.0152371169243907,15,6,2015,0,2,16.7127,16.7607,16.3947,16.735964681144182,0.3512999999999984,-0.045300000000001006,0.19035117045941602
2015-06-16,16.8747,29713755,16.6753,16.896,16.6063,Tesla,16.843728571428574,16.44067666666667,0.0109453630481668,0.015012626174694,16,6,2015,1,2,16.692,16.7127,16.6093,16.770648510858138,0.28969999999999985,-0.1994000000000007,0.17003251369758307
2015-06-17,17.3607,82508359,16.8113,17.624,16.8013,Tesla,16.88297142857143,16.501700000000003,0.0288005120091023,0.01504180365109,17,6,2015,2,2,16.8747,16.692,17.086,16.918161383143605,0.8226999999999975,-0.5494000000000021,0.24874697126662715
2015-06-18,17.4593,41721594,17.4667,17.564,17.3347,Tesla,16.939057142857145,16.57161,0.0056794944904294,0.0149973023912828,18,6,2015,3,2,17.3607,16.8747,17.0667,17.053446037357702,0.2292999999999985,0.007400000000000517,0.32853957578529047
2015-06-19,17.5007,36883482,17.4933,17.5867,17.34,Tesla,17.05154285714286,16.628743333333333,0.0023712290870767,0.0107674974422873,19,6,2015,4,2,17.4593,17.3607,16.7133,17.165259528018275,0.24670000000000059,-0.0073999999999969646,0.37048047117742683
2015-06-22,17.3193,68386046,17.4767,17.6267,17.046,Tesla,17.131342857142858,16.680253333333333,-0.0103652996737273,0.0125541309916395,22,6,2015,0,2,17.5007,17.4593,16.7607,17.203769646013704,0.5807000000000002,0.15740000000000265,0.3573193522940649
2015-06-23,17.8447,57969001,17.3547,17.8667,17.238,Tesla,17.29305714285714,16.742876666666668,0.0303360990340257,0.0151882881993892,23,6,2015,1,2,17.3193,17.5007,16.7127,17.364002234510277,0.628700000000002,-0.48999999999999844,0.3908577569788277
2015-06-24,17.678,36172362,17.7987,17.8233,17.5813,Tesla,17.433914285714284,16.78827666666667,-0.0093417093030423,0.0164036791520104,24,6,2015,2,2,17.8447,17.3193,16.692,17.442501675882706,0.24200000000000088,0.12069999999999936,0.30676942714132904
2015-06-25,17.9193,42674874,17.7633,18.094,17.6833,Tesla,17.583142857142857,16.845186666666667,0.0136497341328203,0.0165066117681088,25,6,2015,3,2,17.678,17.8447,16.8747,17.56170125691203,0.41070000000000206,-0.1559999999999988,0.23510260070274738
2015-06-26,17.806,57444871,17.926,17.9407,17.7333,Tesla,17.646757142857144,16.89627666666667,-0.0063227916269049,0.0146203999715539,26,6,2015,4,2,17.9193,17.678,17.3607,17.622775942684022,0.2073999999999998,0.11999999999999744,0.22490606822374626
2015-06-29,17.468,52071754,17.4633,17.73,17.38,Tesla,17.648,16.925566666666665,-0.018982365494777,0.0168669961038668,29,6,2015,0,2,17.806,17.9193,17.4593,17.584081957013016,0.3500000000000014,-0.004699999999999704,0.22371840931564277
2015-06-30,17.884,46266502,17.6533,18.0613,17.6,Tesla,17.702757142857145,16.968923333333333,0.0238149759560339,0.0191249104445122,30,6,2015,1,2,17.468,17.806,17.5007,17.659061467759763,0.4612999999999978,-0.2306999999999988,0.2285132589673215
2015-07-01,17.9433,31500269,18.074,18.1747,17.8567,Tesla,17.7919,17.017833333333332,0.0033158130172221,0.0181765009197998,1,7,2015,2,3,17.884,17.468,17.3193,17.730121100819822,0.3180000000000014,0.13070000000000093,0.16758390933119569
2015-07-02,18.668,107333721,18.6797,18.83,18.2207,Tesla,17.909514285714287,17.0971,0.0403883343643587,0.0207126001258215,2,7,2015,3,3,17.9433,17.884,17.8447,17.964590825614867,0.6092999999999975,0.011700000000001154,0.3733715148418554
2015-07-06,18.648,61638854,18.592,18.7793,18.42,Tesla,18.048085714285715,17.172876666666664,-0.0010713520462823,0.0198672689801959,6,7,2015,0,3,18.668,17.9433,17.678,18.13544311921115,0.3592999999999975,-0.05600000000000094,0.4460541313510132
2015-07-07,17.8587,91445729,18.3333,18.3467,17.3847,Tesla,18.03942857142857,17.217656666666667,-0.0423262548262548,0.0270866899707741,7,7,2015,1,3,18.648,18.668,17.9193,18.066257339408363,0.9619999999999997,0.47460000000000235,0.44954463891923013
2015-07-08,16.9973,93189103,17.288,17.3867,16.954,Tesla,17.9239,17.234333333333332,-0.0482341939782851,0.0327199753997921,8,7,2015,2,3,17.8587,18.648,17.806,17.79901800455627,0.43270000000000053,0.29070000000000107,0.5987010105220009
2015-07-09,17.1947,49946435,17.272,17.53,17.1193,Tesla,17.884857142857143,17.25764666666667,0.011613609220288,0.0327646155122394,9,7,2015,3,3,16.9973,17.8587,17.468,17.6479385034172,0.41070000000000206,0.07729999999999748,0.640816512628386
2015-07-10,17.2767,39078205,17.4813,17.5333,17.188,Tesla,17.7981,17.27476,0.0047689113505906,0.0310292099688893,10,7,2015,4,3,17.1947,16.9973,17.884,17.5551288775629,0.3453000000000017,0.20459999999999923,0.6808134325937323
2015-07-13,17.4773,44270933,17.4833,17.5033,17.07,Tesla,17.731528571428573,17.300003333333333,0.0116110136773803,0.0315320629765413,13,7,2015,0,3,17.2767,17.1947,17.9433,17.535671658172177,0.43329999999999913,0.006000000000000227,0.6870042326757122
2015-07-14,17.71,28583521,17.4733,17.7327,17.3673,Tesla,17.594671428571427,17.336003333333334,0.0133144135535809,0.0265427971422261,14,7,2015,1,3,17.4773,17.2767,18.668,17.57925374362913,0.36540000000000106,-0.23670000000000258,0.5513958793048244
2015-07-15,17.5427,30102885,17.7827,17.8327,17.472,Tesla,17.43677142857143,17.36887,-0.0094466403162055,0.0264094963467404,15,7,2015,2,3,17.71,17.4773,18.648,17.57011530772185,0.3606999999999978,0.23999999999999844,0.3008038049088965
2015-07-16,17.7787,23973783,17.6147,17.8133,17.544,Tesla,17.42534285714286,17.408183333333334,0.0134528892359784,0.0226025306010315,16,7,2015,3,3,17.5427,17.71,17.8587,17.622261480791387,0.2693000000000012,-0.16400000000000148,0.28310031118055407
2015-07-17,18.3107,74950298,18.1667,18.3693,17.8833,Tesla,17.612971428571427,17.47205,0.0299234477211494,0.0117378857390299,17,7,2015,4,3,17.7787,17.5427,16.9973,17.79437111059354,0.48600000000000065,-0.1440000000000019,0.3730683436686546
2015-07-20,18.8173,74546273,18.3333,19.11,18.1693,Tesla,17.844771428571427,17.545650000000002,0.0276668832977438,0.0133874579819733,20,7,2015,0,3,18.3107,17.7787,17.1947,18.050103332945156,0.9406999999999996,-0.4839999999999982,0.5376519280299707
2015-07-21,17.7847,91374434,18.0033,18.2333,17.77,Tesla,17.917342857142856,17.56894,-0.0548750352069636,0.0291872440727157,21,7,2015,1,3,18.8173,18.3107,17.2767,17.983752499708867,0.46330000000000027,0.21859999999999857,0.4793145656635147
2015-07-22,17.858,46459867,17.418,17.9627,17.3907,Tesla,17.97172857142857,17.59531666666667,0.0041215201830786,0.0290208238839804,22,7,2015,2,3,17.7847,18.8173,17.4773,17.95231437478165,0.5720000000000027,-0.4400000000000013,0.4411413103693052
2015-07-23,17.8133,33337198,17.9767,17.9933,17.6847,Tesla,17.986485714285713,17.63198333333333,-0.002503079852167,0.0287392697211494,23,7,2015,3,3,17.858,17.7847,17.71,17.917560781086237,0.308600000000002,0.16339999999999932,0.43257124433858707
2015-07-24,17.694,42517794,17.8253,18.0727,17.5947,Tesla,18.008100000000002,17.663093333333336,-0.0066972430711885,0.0285880409244531,24,7,2015,4,3,17.8133,17.858,17.5427,17.86167058581468,0.47800000000000153,0.13129999999999953,0.4098859963454018
2015-07-27,16.8673,70333075,17.4953,17.6288,16.7193,Tesla,17.8779,17.66824666666667,-0.0467220526732224,0.0331134297323023,27,7,2015,0,3,17.694,17.8133,17.7787,17.61307793936101,0.9094999999999978,0.6280000000000001,0.5969610791333549
2015-07-28,17.6547,58189921,17.05,17.6933,16.7892,Tesla,17.784185714285712,17.700336666666665,0.0466820415834186,0.0366462916432001,28,7,2015,1,3,16.8673,17.694,18.3107,17.62348345452076,0.9040999999999997,-0.6046999999999976,0.5685069639813531
2015-07-29,17.588,41743269,17.618,17.8593,17.4667,Tesla,17.60857142857143,17.724113333333335,-0.003778030779339,0.0338497480770823,29,7,2015,2,3,17.6547,16.8673,18.8173,17.61461259089057,0.3926000000000016,0.029999999999997584,0.3402161259861238
2015-07-30,17.786,30459060,17.5127,17.796,17.474,Tesla,17.608757142857144,17.73829,0.0112576756879689,0.0275997620018574,30,7,2015,3,3,17.588,17.6547,17.7847,17.657459443167927,0.3219999999999992,-0.27330000000000254,0.34032862969566624
2015-07-31,17.7433,33270043,17.84,17.9573,17.6749,Tesla,17.59237142857143,17.747756666666664,-0.002400764646351,0.027560781854199,31,7,2015,4,3,17.786,17.588,17.858,17.678919582375947,0.2823999999999991,0.09669999999999845,0.3288976016650255
2015-08-03,17.3327,38207441,17.7527,17.7807,17.138,Tesla,17.523714285714284,17.74215666666667,-0.0231411293276899,0.0288716737070575,3,8,2015,0,3,17.7433,17.786,17.8133,17.59236468678196,0.6426999999999978,0.4200000000000017,0.32523452783382323
2015-08-04,17.752,35042262,17.334,17.7813,17.2227,Tesla,17.532,17.75658,0.0241912685271192,0.0306169028113343,4,8,2015,1,3,17.3327,17.7433,17.694,17.632273515086467,0.558600000000002,-0.41799999999999926,0.33098377603751505
2015-08-05,18.0087,89538630,17.572,18.0667,17.36,Tesla,17.69505714285714,17.762046666666667,0.0144603424966203,0.022395403635665,5,8,2015,2,3,17.752,17.3327,16.8673,17.72638013631485,0.7067000000000014,-0.43670000000000186,0.20680302107044732
2015-08-06,16.4087,219267190,16.636,17.0,15.7413,Tesla,17.517057142857144,17.719736666666666,-0.0888459466813262,0.0380890177246942,6,8,2015,3,3,18.0087,17.752,17.6547,17.39696010223614,1.2586999999999993,0.2272999999999996,0.5303933975744122
2015-08-07,16.1673,76043992,16.2387,16.2487,15.8927,Tesla,17.3141,17.661336666666667,-0.0147117078135378,0.0380273920709578,7,8,2015,4,3,16.4087,18.0087,17.588,17.089545076677105,0.35599999999999987,0.07140000000000057,0.7321626845631477
2015-08-10,16.076,62689574,15.8767,16.198,15.7367,Tesla,17.069814285714283,17.60367,-0.0056472014498401,0.0368744259675515,10,8,2015,0,3,16.1673,16.4087,17.786,16.83615880750783,0.4612999999999996,-0.19930000000000092,0.8275311281730028
2015-08-11,15.8247,63913348,15.81,15.9533,15.6293,Tesla,16.795728571428572,17.548893333333336,-0.0156319980094551,0.0365345785597521,11,8,2015,1,3,16.076,16.1673,17.7433,16.58329410563087,0.32399999999999984,-0.014699999999999491,0.8831489431088766
2015-08-12,15.878,55952042,15.6667,15.9847,15.516,Tesla,16.587914285714287,17.482026666666666,0.0033681523188433,0.0369958110050675,12,8,2015,2,3,15.8247,16.076,17.3327,16.406970579223152,0.4687000000000001,-0.2112999999999996,0.9065771072714163
2015-08-13,16.1673,70249915,15.9907,16.432,15.9413,Tesla,16.361528571428572,17.422826666666666,0.0182201788638367,0.0360844291032621,13,8,2015,3,3,15.878,15.8247,17.752,16.347052934417363,0.4906999999999986,-0.17660000000000053,0.7521480012034342
2015-08-14,16.21,65410362,16.4827,16.5287,16.118,Tesla,16.10457142857143,17.340893333333334,0.0026411336463108,0.0348582933284432,14,8,2015,4,3,16.1673,15.878,18.0087,16.31278970081302,0.41070000000000206,0.2727000000000004,0.20081420695338933
2015-08-17,16.9993,107525886,17.0373,17.106,16.7007,Tesla,16.188942857142855,17.285936666666665,0.0486921653300431,0.022431624833348,17,8,2015,0,3,16.21,16.1673,16.4087,16.484417275609765,0.40530000000000044,0.0379999999999967,0.3873356290400397
2015-08-18,17.3813,62790734,17.0253,17.3967,16.904,Tesla,16.36237142857143,17.27002333333333,0.0224715135329101,0.0212827959085392,18,8,2015,1,3,16.9993,16.21,16.1673,16.708637956707324,0.49269999999999925,-0.3559999999999981,0.593138291110081
2015-08-19,17.0167,53984028,17.3553,17.3767,17.0013,Tesla,16.496757142857142,17.27067,-0.0209765667700344,0.0238638694659313,19,8,2015,2,3,17.3813,16.9993,16.076,16.785653467530494,0.37539999999999907,0.33859999999999957,0.6232440449164721
2015-08-20,16.1453,73382513,16.804,16.9707,16.1267,Tesla,16.54255714285714,17.235689999999998,-0.0512085186904629,0.0321754946279448,20,8,2015,3,3,17.0167,17.3813,15.8247,16.62556510064787,0.8440000000000012,0.6586999999999996,0.5755832805573661
2015-08-21,15.3847,98676476,15.7333,16.2533,15.3673,Tesla,16.472085714285715,17.172623333333334,-0.0471096851715359,0.0373948819090621,21,8,2015,4,3,16.1453,17.0167,15.878,16.315348825485902,0.8859999999999992,0.34859999999999935,0.6894454400182374
2015-08-24,14.5913,143437188,13.5193,15.4267,13.0,Tesla,16.24694285714286,17.07642333333333,-0.05157071636106,0.0397455165223544,24,8,2015,0,3,15.3847,16.1453,16.1673,15.884336619114428,2.4267000000000003,-1.072000000000001,0.9951252448095051
2015-08-25,14.6687,64705153,15.368,15.3933,14.608,Tesla,16.026757142857143,16.975046666666668,0.0053045307820411,0.0399421371045454,25,8,2015,1,3,14.5913,15.3847,16.21,15.580427464335822,0.7852999999999994,0.6993000000000009,1.1613037943867988
2015-08-26,14.9893,74269463,15.1953,15.2,14.3673,Tesla,15.739614285714284,16.889933333333335,0.0218560608642892,0.0337943209587429,26,8,2015,2,3,14.6687,14.5913,16.9993,15.432645598251867,0.8326999999999991,0.20599999999999952,1.1287957881869517
2015-08-27,16.1993,114686538,15.4,16.3167,15.3873,Tesla,15.570757142857143,16.837286666666667,0.0807242499649751,0.0489842972598117,27,8,2015,3,3,14.9893,14.6687,17.3813,15.6243091986889,0.9294000000000011,-0.7993000000000006,0.9093651097645941
2015-08-28,16.5653,82609999,16.124,16.7633,16.1047,Tesla,15.506271428571427,16.779106666666667,0.0225935688579135,0.049966737193795,28,8,2015,4,3,16.1993,14.9893,17.0167,15.859556899016676,0.6585999999999999,-0.4413000000000018,0.799054161106105
2015-08-31,16.604,70325560,16.3747,16.9967,16.3673,Tesla,15.5718,16.70533,0.0023362088220557,0.0451858553897037,31,8,2015,0,3,16.5653,16.1993,16.1453,16.045667674262507,0.6294000000000004,-0.2292999999999985,0.8753587702574849
2015-09-01,15.9087,81658474,16.0227,16.4,15.798,Tesla,15.646657142857142,16.642796666666666,-0.0418754516983859,0.0442150779986844,1,9,2015,1,3,16.604,16.5653,15.3847,16.01142575569688,0.6019999999999985,0.11400000000000077,0.8790892936388808
2015-09-02,16.5127,68862821,16.3533,16.5253,15.9853,Tesla,15.921142857142858,16.597953333333333,0.0379666471804736,0.0373259547120568,2,9,2015,2,3,15.9087,16.604,14.5913,16.13674431677266,0.5400000000000009,-0.159399999999998,0.7901099709474045
2015-09-03,16.3713,62772089,16.804,16.8053,16.3333,Tesla,16.164371428571428,16.549886666666666,-0.0085631059729781,0.038487715243898,3,9,2015,3,3,16.5127,15.9087,14.6687,16.195383237579495,0.47199999999999775,0.432699999999997,0.5723562373041693
2015-09-04,16.1287,55311812,16.0593,16.2727,15.88,Tesla,16.327142857142857,16.497709999999998,-0.0148186155039613,0.040089497862009,4,9,2015,4,3,16.3713,16.5127,14.9893,16.17871242818462,0.3926999999999996,-0.06939999999999813,0.25838208050065165
2015-09-08,16.5447,46948042,16.3367,16.6107,16.27,Tesla,16.376485714285714,16.486956666666668,0.0257925313261453,0.0276606950577077,8,9,2015,1,3,16.1287,16.3713,16.1993,16.270209321138466,0.3407000000000018,-0.2079999999999984,0.262840917848181
2015-09-09,16.594,50774690,16.8033,16.95,16.5535,Tesla,16.380585714285715,16.4516,0.0029798062219321,0.0263484573327912,9,9,2015,2,3,16.5447,16.1287,16.5653,16.351156990853852,0.39649999999999963,0.20929999999999893,0.26647578019138546
2015-09-10,16.5653,40603090,16.482,16.7149,16.3553,Tesla,16.37505714285714,16.41751,-0.0017295407978787,0.0263472147927754,10,9,2015,3,3,16.594,16.5447,16.604,16.404692743140387,0.35960000000000036,-0.08330000000000126,0.2614215998290483
2015-09-11,16.6827,35202012,16.5093,16.6827,16.3153,Tesla,16.485628571428574,16.380733333333335,0.0070871037650992,0.0188092066604556,11,9,2015,4,3,16.5653,16.594,15.9087,16.47419455735529,0.36739999999999995,-0.1734000000000009,0.18331229013441008
2015-09-14,16.8793,43284128,16.74,16.95,16.6447,Tesla,16.538,16.35193333333333,0.0117846631540459,0.0134574390360501,14,9,2015,0,3,16.6827,16.5653,16.5127,16.575470918016467,0.305299999999999,-0.1393000000000022,0.23687737333911102
2015-09-15,16.9047,43974083,16.85,16.9733,16.6333,Tesla,16.6142,16.337666666666667,0.0015048017394085,0.0124917072879843,15,9,2015,1,3,16.8793,16.6827,16.3713,16.657778188512353,0.33999999999999986,-0.05469999999999686,0.25906892905178064
2015-09-16,17.4833,66085557,16.8693,17.5253,16.8587,Tesla,16.807714285714287,16.328709999999997,0.0342271675924448,0.0134640628690504,16,9,2015,2,3,16.9047,16.8793,16.1287,16.864158641384265,0.6666000000000025,-0.6140000000000008,0.33171030749024677
2015-09-17,17.4713,53628288,17.5973,17.7,17.3793,Tesla,16.940085714285715,16.310796666666665,-0.0006863692781111,0.0125195135654163,17,9,2015,3,3,17.4833,16.9047,16.5447,17.0159439810382,0.32069999999999865,0.12600000000000122,0.38916673559706116
2015-09-18,17.3747,56409632,17.1973,17.588,17.1667,Tesla,17.051614285714287,16.342996666666668,-0.0055290676709803,0.0134529803432723,18,9,2015,4,3,17.4713,17.4833,16.594,17.105632985778648,0.42130000000000223,-0.17740000000000222,0.3853025626205188
2015-09-21,17.6133,91719179,17.5987,18.1047,17.0533,Tesla,17.201328571428572,16.391196666666666,0.0137326112105531,0.0131098453390252,21,9,2015,0,3,17.3747,17.4713,16.5653,17.232549739333987,1.051400000000001,-0.014599999999997948,0.3680663604763658
2015-09-22,17.396,54909618,17.2687,17.51,17.058,Tesla,17.30322857142857,16.435196666666666,-0.0123372678600829,0.0154058885938802,22,9,2015,1,3,17.6133,17.3747,16.6827,17.27341230450049,0.45200000000000173,-0.12730000000000175,0.29128255877695586
2015-09-23,17.404,38957531,17.4633,17.472,17.1723,Tesla,17.378185714285713,16.48784,0.0004598758335248,0.0153036557870972,23,9,2015,2,3,17.396,17.6133,16.8793,17.306059228375368,0.2997000000000014,0.05930000000000035,0.22367484159363177
2015-09-24,17.5413,51639994,17.302,17.5633,17.0807,Tesla,17.469128571428573,16.543283333333335,0.0078889910365433,0.0152869045761435,24,9,2015,3,3,17.404,17.396,16.9047,17.364869421281526,0.4826000000000015,-0.23930000000000007,0.08631911171721823
2015-09-25,17.1273,56570897,17.774,17.794,17.0767,Tesla,17.418271428571426,16.575283333333335,-0.0236014434505993,0.0124749843659557,25,9,2015,4,3,17.5413,17.404,17.4833,17.305477065961146,0.7173000000000016,0.6466999999999992,0.15451361012647477
2015-09-28,16.562,73396658,17.1567,17.3193,16.4407,Tesla,17.28837142857143,16.587016666666667,-0.0330057860842047,0.01677343198427,28,9,2015,0,3,17.1273,17.5413,17.4713,17.11960779947086,0.8785999999999987,0.5946999999999996,0.35485146993399447
2015-09-29,16.4433,55439552,16.6973,16.982,16.364,Tesla,17.155314285714287,16.568483333333333,-0.0071670088153604,0.0167530179822883,29,9,2015,1,3,16.562,17.1273,17.3747,16.950530849603147,0.6179999999999986,0.2539999999999978,0.47227835516984645
2015-09-30,16.56,73886228,16.8,16.8267,16.156,Tesla,17.004842857142858,16.541106666666668,0.0070971155425003,0.015476019017307,30,9,2015,2,3,16.4433,16.562,17.6133,16.85289813720236,0.6707000000000001,0.240000000000002,0.4698293479450891
2015-10-01,15.992,68523881,16.5007,16.5667,15.8087,Tesla,16.80427142857143,16.50695,-0.0342995169082124,0.0183108077762544,1,10,2015,3,4,16.56,16.4433,17.396,16.63767360290177,0.7580000000000009,0.5086999999999975,0.565048988183901
2015-10-02,16.5047,66114192,15.7067,16.5133,15.662,Tesla,16.675800000000002,16.51893,0.0320597798899449,0.0246397037694455,2,10,2015,4,4,15.992,16.56,17.404,16.604430202176328,0.8513000000000002,-0.798,0.5050109701779075
2015-10-05,16.41,55267322,16.5893,16.656,16.2753,Tesla,16.514185714285713,16.553106666666665,-0.0057377595472803,0.0237633439204163,5,10,2015,0,4,16.5047,15.992,17.5413,16.555822651632244,0.3806999999999974,0.17930000000000135,0.33390158943707127
2015-10-06,16.0973,78520146,16.0,16.202,15.7053,Tesla,16.36704285714286,16.603306666666665,-0.0190554539914685,0.0233640960679243,6,10,2015,1,4,16.41,16.5047,17.1273,16.441191988724185,0.49670000000000236,-0.09730000000000061,0.22922661899782298
2015-10-07,15.464,102066444,15.7753,15.8467,15.2747,Tesla,16.210185714285714,16.629816666666667,-0.0393420014536599,0.0245599409810975,7,10,2015,2,4,16.0973,16.41,16.562,16.19689399154314,0.572000000000001,0.31129999999999924,0.39168823243569806
2015-10-08,15.1147,91889864,15.3387,15.3813,14.754,Tesla,16.020385714285716,16.633996666666665,-0.0225879461976203,0.0250042213681388,8,10,2015,3,4,15.464,16.0973,16.4433,15.926345493657355,0.6273,0.2240000000000002,0.5498630781948671
2015-10-09,14.7127,92306264,14.7287,14.958,14.5573,Tesla,15.756485714285716,16.584443333333333,-0.026596624478157,0.0240069178530606,9,10,2015,4,4,15.1147,15.464,16.56,15.622934120243016,0.4007000000000005,0.016000000000000014,0.676443186647581
2015-10-12,14.372,57242536,14.866,14.8667,14.3513,Tesla,15.525057142857142,16.511333333333333,-0.0231568644776282,0.0229780192468339,12,10,2015,0,4,14.7127,15.1147,15.992,15.310200590182262,0.5153999999999996,0.4939999999999998,0.8398285278498846
2015-10-13,14.6167,77522391,14.2187,14.8348,14.0753,Tesla,15.255342857142857,16.44509,0.0170261619816309,0.0180240857936917,13,10,2015,1,4,14.372,14.7127,16.5047,15.136825442636697,0.7594999999999992,-0.3979999999999997,0.773311465618589
2015-10-14,14.4587,46416517,14.7113,14.73,14.362,Tesla,14.976585714285717,16.396756666666665,-0.0108095534559784,0.0175895899979432,14,10,2015,2,4,14.6167,14.372,16.41,14.967294081977522,0.3680000000000003,0.25259999999999927,0.625237508014832
2015-10-15,14.754,42538779,14.4287,14.782,14.2467,Tesla,14.784685714285713,16.338133333333335,0.0204236895433198,0.0227020636249097,15,10,2015,3,4,14.4587,14.6167,16.0973,14.913970561483142,0.5352999999999994,-0.32530000000000037,0.38325280354955726
2015-10-16,15.134,64913578,14.8693,15.3654,14.858,Tesla,14.737542857142856,16.29689,0.025755727260404,0.0230370209282929,16,10,2015,4,4,14.754,14.4587,15.464,14.968977921112357,0.5073999999999987,-0.2646999999999995,0.29616766004607353
2015-10-19,15.2067,37602521,15.1,15.41,14.996,Tesla,14.750685714285714,16.266156666666667,0.0048037531386282,0.0213931337769889,19,10,2015,0,4,15.134,14.754,15.1147,15.028408440834268,0.4139999999999997,-0.10670000000000002,0.3170024890994736
2015-10-20,14.202,223155188,15.1813,15.24,13.4667,Tesla,14.677728571428572,16.188066666666668,-0.0660695614433111,0.032314071071795,20,10,2015,1,4,15.2067,15.134,14.7127,14.8218063306257,1.7733000000000008,0.9793000000000003,0.3797581147445164
2015-10-21,14.006,62669309,14.1327,14.3207,13.92,Tesla,14.625442857142858,16.1018,-0.0138008731164624,0.0316030738150957,21,10,2015,2,4,14.202,15.2067,14.372,14.617854747969275,0.4007000000000005,0.1266999999999996,0.4479416065260809
2015-10-22,14.1147,42281994,14.104,14.3833,13.96,Tesla,14.553728571428572,16.020113333333335,0.0077609595887475,0.0307966198034993,22,10,2015,3,4,14.006,14.202,14.6167,14.492066060976956,0.42329999999999934,-0.010699999999999932,0.4879705172593003
2015-10-23,13.9393,63396133,14.3333,14.3567,13.846,Tesla,14.47952857142857,15.928666666666668,-0.0124267607529738,0.0308573027659488,23,10,2015,4,4,14.1147,14.006,14.4587,14.353874545732719,0.5106999999999999,0.39400000000000013,0.5413938668360053
2015-10-26,14.3507,50823380,14.092,14.392,14.0,Tesla,14.421914285714283,15.84438,0.0295136771573896,0.0322549914819365,26,10,2015,0,4,13.9393,14.1147,14.754,14.353080909299539,0.39199999999999946,-0.25869999999999926,0.5286256250207652
2015-10-27,14.0233,52692454,14.3227,14.4733,13.834,Tesla,14.263242857142858,15.748333333333331,-0.0228142181217639,0.0300636962956402,27,10,2015,1,4,14.3507,13.9393,15.134,14.270635681974655,0.6393000000000004,0.29939999999999856,0.4382277256448209
2015-10-28,14.1973,40903180,14.0873,14.23,13.8867,Tesla,14.119042857142857,15.6388,0.0124079211027361,0.03083355303147,28,10,2015,2,4,14.0233,14.3507,15.2067,14.252301761480991,0.34330000000000105,-0.10999999999999943,0.1419758413387014
2015-10-29,14.1087,26921132,14.1167,14.2499,14.0427,Tesla,14.105714285714283,15.526713333333332,-0.0062406232170905,0.0181892306949191,29,10,2015,3,4,14.1973,14.0233,14.202,14.216401321110743,0.20720000000000027,0.007999999999999119,0.13718865877054343
2015-10-30,13.7953,66486462,14.0267,14.1087,13.5927,Tesla,14.075614285714284,15.4074,-0.0222132443102484,0.0194271437926363,30,10,2015,4,4,14.1087,14.1973,14.006,14.111125990833056,0.516,0.23140000000000072,0.17934900267893078
2015-11-02,14.2527,58867681,13.928,14.3867,13.8147,Tesla,14.09532857142857,15.29538,0.0331562198719854,0.0234986694718529,2,11,2015,0,4,13.7953,14.1087,14.1147,14.146519493124792,0.5719999999999992,-0.3247,0.19153218801977298
2015-11-03,13.89,120976305,14.2567,14.296,13.85,Tesla,14.088285714285716,15.178513333333337,-0.0254478098886526,0.0252468427431233,3,11,2015,1,4,14.2527,13.7953,13.9393,14.082389619843594,0.44599999999999973,0.3666999999999998,0.19898708859771264
2015-11-04,15.442,190702855,15.1333,15.516,15.0133,Tesla,14.244185714285717,15.113113333333336,0.1117350611951044,0.0491779107868569,4,11,2015,2,4,13.89,14.2527,14.3507,14.422292214882695,0.5027000000000008,-0.3087,0.5524374185630399
2015-11-05,15.4513,67424126,15.372,15.639,15.2793,Tesla,14.448185714285714,15.043446666666666,0.0006022535940939,0.0472108857328707,5,11,2015,3,4,15.442,13.89,14.0233,14.67954416116202,0.35970000000000013,-0.07929999999999993,0.7009689732281996
2015-11-06,15.4907,36663942,15.38,15.5573,15.3,Tesla,14.632957142857142,14.988893333333332,0.0025499472536292,0.0474425816738877,6,11,2015,4,4,15.4513,15.442,14.1973,14.882333120871515,0.257299999999999,-0.11069999999999958,0.7887811311492999
2015-11-09,15.022,57692656,15.5327,15.5327,14.954,Tesla,14.763428571428571,14.93756,-0.0302568637956968,0.0499080943398223,9,11,2015,0,4,15.4907,15.4513,14.1087,14.917249840653636,0.5786999999999995,0.5106999999999999,0.7627148084622758
2015-11-10,14.4333,69186085,14.8987,14.9133,14.4053,Tesla,14.854571428571427,14.87056,-0.0391891891891892,0.0520996330265615,10,11,2015,1,4,15.022,15.4907,13.7953,14.796262380490226,0.5079999999999991,0.4654000000000007,0.6587824722276033
2015-11-11,14.6053,50062490,14.518,14.632,14.242,Tesla,14.904942857142856,14.805403333333334,0.0119168866440799,0.0509689379132643,11,11,2015,2,4,14.4333,15.022,14.2527,14.74852178536767,0.3899999999999988,-0.08729999999999905,0.6172644135137745
2015-11-12,14.196,43702643,14.5233,14.6,14.1773,Tesla,14.948657142857144,14.745536666666668,-0.0280240734527876,0.0512303517915801,12,11,2015,3,4,14.6053,14.4333,13.89,14.610391339025751,0.42269999999999897,0.32730000000000103,0.5393215702996724
2015-11-13,13.8127,51347059,14.1967,14.1993,13.768,Tesla,14.7159,14.655803333333331,-0.0270005635390251,0.0200196187288596,13,11,2015,4,4,14.196,14.6053,15.442,14.410968504269313,0.43129999999999846,0.38400000000000034,0.6341643819494752
2015-11-16,14.2873,43805408,13.7393,14.332,13.72,Tesla,14.549614285714286,14.585046666666669,0.0343596834796962,0.0273170195439534,16,11,2015,0,4,13.8127,14.196,15.4513,14.380051378201985,0.6120000000000001,-0.548,0.557122818382024
2015-11-17,14.2667,32224874,14.3467,14.4,14.0933,Tesla,14.374757142857144,14.524026666666666,-0.0014418399557648,0.0270319092035478,17,11,2015,1,4,14.2873,13.8127,15.4907,14.35171353365149,0.3067000000000011,0.08000000000000007,0.374763933951093
2015-11-18,14.738,42152979,14.3,14.7587,14.168,Tesla,14.334185714285711,14.499826666666667,0.0330349695444636,0.0300776725863655,18,11,2015,2,4,14.2667,14.2873,15.022,14.448285150238616,0.5907,-0.43799999999999883,0.3011610334941432
2015-11-19,14.7867,37493876,14.7027,15.0793,14.6867,Tesla,14.384671428571428,14.488893333333332,0.003304383227032,0.025310081769737,19,11,2015,3,4,14.738,14.2667,14.4333,14.532888862678963,0.39259999999999984,-0.08399999999999963,0.3467207556247173
2015-11-20,14.6673,65912952,14.8993,15.0,14.2387,Tesla,14.393528571428572,14.48738,-0.0080748239972407,0.0253609279687749,20,11,2015,4,4,14.7867,14.738,14.6053,14.566491647009222,0.7613000000000003,0.2320000000000011,0.35401141560827526
2015-11-23,14.5167,37877921,14.49,14.612,14.312,Tesla,14.439342857142856,14.492203333333334,-0.0102677384385673,0.0227407748409812,23,11,2015,0,4,14.6673,14.7867,14.196,14.554043735256917,0.3000000000000007,-0.026699999999999946,0.3448201263323133
2015-11-24,14.55,37175816,14.358,14.7333,14.3333,Tesla,14.54467142857143,14.48998,0.0022939097728822,0.0185127717006006,24,11,2015,1,4,14.5167,14.6673,13.8127,14.553032801442686,0.40000000000000036,-0.19200000000000017,0.20628075297429713
2015-11-25,15.3093,59804145,14.756,15.3883,14.6917,Tesla,14.690671428571427,14.518333333333334,0.0521855670103093,0.0233904906574575,25,11,2015,2,4,14.55,14.5167,14.2873,14.742099601082016,0.6965999999999983,-0.5533000000000001,0.32262343743283384
2015-11-27,15.4407,29240280,15.404,15.4833,15.134,Tesla,14.858385714285715,14.541223333333331,0.0085830181654287,0.0228635910577936,27,11,2015,4,4,15.3093,14.55,14.2667,14.916749700811511,0.3492999999999995,-0.03669999999999973,0.3675163961357341
2015-11-30,15.3507,38868056,15.4527,15.6187,15.272,Tesla,14.945914285714284,14.548446666666669,-0.0058287512871825,0.0214609487026298,30,11,2015,0,4,15.4407,15.3093,14.738,15.025237275608635,0.34670000000000023,0.10200000000000031,0.4051052720325895
2015-12-01,15.8127,55928402,15.404,15.8667,15.4033,Tesla,15.092485714285717,14.568646666666666,0.0300963473978386,0.0232119233565717,1,12,2015,1,4,15.3507,15.4407,14.7867,15.222102956706477,0.46340000000000003,-0.4086999999999996,0.5099424295237642
2015-12-02,15.466,44709638,15.8,15.9067,15.4153,Tesla,15.206585714285714,14.61078,-0.0219254143821105,0.0254750888816665,2,12,2015,2,4,15.8127,15.3507,14.6673,15.283077217529858,0.4914000000000005,0.3340000000000014,0.4878261385253968
2015-12-03,15.514,44058473,15.6987,15.83,15.3333,Tesla,15.349057142857143,14.661046666666667,0.0031035820509504,0.0243649373734488,3,12,2015,3,4,15.466,15.8127,14.5167,15.340807913147394,0.4967000000000006,0.1847000000000012,0.38822685317200634
2015-12-04,15.3587,38580191,15.4973,15.5513,15.1773,Tesla,15.464585714285713,14.702513333333334,-0.0100103132654375,0.0254167200351174,4,12,2015,4,4,15.514,15.466,14.55,15.345280934860545,0.3739999999999988,0.1385999999999985,0.16955493139963468
2015-12-07,15.4087,47112936,15.18,15.7087,15.0767,Tesla,15.478785714285715,14.751493333333332,0.0032554838625664,0.0163657905746568,7,12,2015,0,4,15.3587,15.514,15.3093,15.361135701145407,0.6319999999999997,-0.2286999999999999,0.15816201006753056
2015-12-08,15.1147,40233865,15.168,15.2533,14.9467,Tesla,15.432214285714284,14.77696,-0.0190801300563967,0.0175384716359905,8,12,2015,1,4,15.4087,15.3587,15.4407,15.299526775859055,0.30659999999999954,0.053300000000000125,0.210561522510488
2015-12-09,14.968,45855517,15.1133,15.1667,14.7147,Tesla,15.377542857142856,14.80845,-0.009705783111805,0.0177063212821772,9,12,2015,2,4,15.1147,15.4087,15.3507,15.216645081894292,0.45199999999999996,0.14530000000000065,0.27505893221363636
2015-12-10,15.138,31051304,14.9807,15.2327,14.9093,Tesla,15.281157142857142,14.839806666666666,0.0113575628006412,0.0124110431189262,10,12,2015,3,4,14.968,15.1147,15.8127,15.196983811420719,0.32339999999999947,-0.15729999999999933,0.20693481145159037
2015-12-11,14.468,48886686,15.016,15.05,14.4427,Tesla,15.138585714285714,14.851783333333334,-0.0442594794556744,0.0185144138027971,11,12,2015,4,4,15.138,14.968,15.466,15.014737858565539,0.6073000000000004,0.548,0.3515924412753112
2015-12-14,14.572,42416934,14.5007,14.728,14.3247,Tesla,15.004014285714288,14.877673333333332,0.0071882775781033,0.0190289737113738,14,12,2015,0,4,14.468,15.138,15.514,14.904053393924155,0.40329999999999977,-0.07129999999999903,0.3640102261776896
2015-12-15,14.7393,33625273,14.788,14.8147,14.5333,Tesla,14.91552857142857,14.893893333333333,0.011480922316772,0.0204709464423845,15,12,2015,1,4,14.572,14.468,15.3587,14.862865045443115,0.28139999999999965,0.04870000000000019,0.3377583737639179
2015-12-16,15.634,76506607,14.8067,15.6587,14.7153,Tesla,14.947714285714286,14.952026666666663,0.0607016615443067,0.0325823419083291,16,12,2015,2,4,14.7393,14.572,15.4087,15.055648784082337,0.9434000000000005,-0.827300000000001,0.39795644832309524
2015-12-17,15.5593,49416875,15.596,15.8507,15.321,Tesla,15.011228571428571,14.955936666666666,-0.0047780478444415,0.0314296905905346,17,12,2015,3,4,15.634,14.7393,15.1147,15.181561588061752,0.5297000000000001,0.03669999999999973,0.4597336936179978
2015-12-18,15.364,45120832,15.526,15.7267,15.286,Tesla,15.067800000000002,14.953026666666664,-0.0125519785594467,0.0316626900188757,18,12,2015,4,4,15.5593,15.634,14.968,15.227171191046313,0.44069999999999965,0.16199999999999903,0.47754704829300504
2015-12-21,15.504,29273700,15.446,15.722,15.4053,Tesla,15.120085714285713,14.95347,0.0091122103618848,0.0315889406270318,21,12,2015,0,4,15.364,15.5593,15.138,15.296378393284735,0.3166999999999991,-0.05799999999999983,0.5057194427367149
2015-12-22,15.33,29382525,15.666,15.77,15.3087,Tesla,15.243228571428572,14.963736666666666,-0.0112229102167182,0.0249815061443177,22,12,2015,1,4,15.504,15.364,14.468,15.304783794963551,0.4612999999999996,0.3360000000000003,0.4177742640641178
2015-12-23,15.3133,23265453,15.4787,15.5633,15.2087,Tesla,15.34912857142857,14.99307,-0.0010893672537508,0.0252517921650041,23,12,2015,2,4,15.33,15.504,14.572,15.306912846222662,0.3545999999999996,0.1654,0.2952599290698209
2015-12-24,15.3713,10654150,15.3707,15.4587,15.2187,Tesla,15.439414285714284,15.018603333333337,0.0037875572215002,0.0252108911981852,24,12,2015,3,4,15.3133,15.33,14.7393,15.323009634666997,0.2400000000000002,-0.000600000000000378,0.1255724681685255
2015-12-28,15.2633,28502551,15.4327,15.4653,15.036,Tesla,15.38645714285714,15.05418,-0.0070260810731688,0.0078904941286643,28,12,2015,0,4,15.3713,15.3133,15.634,15.308082226000248,0.42929999999999957,0.16940000000000133,0.1065614823650632
2015-12-29,15.8127,36036552,15.3373,15.848,15.3031,Tesla,15.422657142857144,15.120846666666663,0.0359948372894458,0.0167618527644054,29,12,2015,1,4,15.2633,15.3713,15.5593,15.434236669500185,0.5449000000000002,-0.4753999999999987,0.18742435680519204
2015-12-30,15.8727,55416692,15.7733,16.2423,15.7114,Tesla,15.495328571428573,15.173693333333334,0.003794418410518,0.0154111154543918,30,12,2015,2,4,15.8127,15.2633,15.364,15.543852502125139,0.5309000000000008,-0.09939999999999927,0.24929811280402864
2015-12-31,16.0007,40707235,15.9007,16.23,15.8913,Tesla,15.566285714285714,15.231493333333333,0.0080641604767934,0.015366863080133,31,12,2015,3,4,15.8727,15.8127,15.504,15.658064376593853,0.3387000000000011,-0.09999999999999787,0.3143718521569686
2016-01-04,14.894,102352599,15.3813,15.4253,14.6,Tesla,15.504,15.236693333333331,-0.0691657239995748,0.0319633513957133,4,1,2016,0,1,16.0007,15.8727,15.33,15.467048282445388,0.8253000000000004,0.4872999999999994,0.400407821268971
2016-01-05,14.8953,47782851,15.0907,15.126,14.6667,Tesla,15.444285714285714,15.240313333333336,8.728346985376056e-05,0.0319822293866821,5,1,2016,1,1,14.894,16.0007,15.3133,15.32411121183404,0.45929999999999893,0.19539999999999935,0.4602801988230666
2016-01-06,14.6027,56615267,14.6667,14.67,14.3987,Tesla,15.334485714285716,15.23816,-0.0196437802528314,0.0323174427919815,6,1,2016,2,1,14.8953,14.894,15.3713,15.14375840887553,0.2713000000000001,0.06400000000000006,0.5612032443140368
2016-01-07,14.3767,53260533,14.2793,14.5627,14.2447,Tesla,15.207828571428571,15.233493333333334,-0.015476589945695,0.0324828703196326,7,1,2016,3,1,14.6027,14.8953,15.2633,14.951993806656649,0.3179999999999996,-0.09740000000000038,0.6695379419527424
2016-01-08,14.0667,53585373,14.524,14.696,14.0513,Tesla,14.9584,15.217383333333334,-0.0215626673715108,0.0261415212164454,8,1,2016,4,1,14.3767,14.6027,15.8127,14.730670354992487,0.6447000000000003,0.45729999999999826,0.7292106485783283
2016-01-11,13.8567,61362614,14.2673,14.2967,13.5333,Tesla,14.6704,15.168963333333332,-0.0149288745761266,0.0246621953365848,11,1,2016,0,1,14.0667,14.3767,15.8727,14.512177766244367,0.763399999999999,0.4106000000000005,0.7056532930554671
2016-01-12,13.998,46185742,14.1067,14.2493,13.6873,Tesla,14.3843,15.120873333333334,0.0101972331074497,0.0250615079853206,12,1,2016,1,1,13.8567,14.0667,16.0007,14.383633324683275,0.5619999999999994,0.10870000000000068,0.4276156023034685
2016-01-13,13.354,61814864,14.134,14.1767,13.3333,Tesla,14.1643,15.054316666666669,-0.046006572367481,0.0177389472757671,13,1,2016,2,1,13.998,13.8567,14.894,14.126224993512457,0.8434000000000008,0.7800000000000011,0.5099108778339182
2016-01-14,13.7453,97358636,13.4807,14.0,12.892,Tesla,14.000014285714286,14.985403333333332,0.0293020817732514,0.0242233442958279,14,1,2016,3,1,13.354,13.998,14.8953,14.030993745134342,1.1080000000000005,-0.2645999999999997,0.4107566287904072
2016-01-15,13.666,79886555,13.2647,13.6713,13.15,Tesla,13.8662,14.925403333333332,-0.005769244760027,0.0239798682422283,15,1,2016,4,1,13.7453,13.354,14.6027,13.939745308850757,0.5213000000000001,-0.4013000000000009,0.32540172095430175
2016-01-19,13.648,60469035,13.914,14.0313,13.3853,Tesla,13.7621,14.863203333333333,-0.0013171374213376,0.0239571786136001,19,1,2016,1,1,13.666,13.7453,14.3767,13.866808981638066,0.645999999999999,0.266,0.2402987723647809
2016-01-20,13.2467,87391606,13.2933,13.4187,12.75,Tesla,13.644957142857145,14.792803333333332,-0.0294035756154746,0.0249075404885154,20,1,2016,2,1,13.648,13.666,14.0667,13.711781736228549,0.6686999999999994,0.04659999999999975,0.2655999049770724
2016-01-21,13.3313,47466336,13.4367,13.5487,13.0013,Tesla,13.5699,14.723556666666669,0.0063864962594457,0.0252589887260165,21,1,2016,3,1,13.2467,13.648,13.8567,13.616661302171412,0.5473999999999997,0.1053999999999995,0.2699909257734789
2016-01-22,13.5033,46830967,13.6534,13.7,13.2687,Tesla,13.49922857142857,14.669843333333334,0.0129019675500512,0.025553288327993,22,1,2016,4,1,13.3313,13.2467,13.998,13.588320976628559,0.43129999999999846,0.15010000000000012,0.1930351411383579
2016-01-25,13.092,40431100,13.3373,13.5713,13.0587,Tesla,13.4618,14.60731,-0.0304592210792916,0.0217756173014047,25,1,2016,0,1,13.5033,13.3313,13.354,13.464240732471419,0.5126000000000008,0.2453000000000003,0.24444252221470447
2016-01-26,12.904,74353733,13.1133,13.188,12.592,Tesla,13.341614285714286,14.532843333333334,-0.0143599144515734,0.016789383217238,26,1,2016,1,1,13.092,13.5033,13.7453,13.324180549353564,0.5960000000000001,0.2093000000000007,0.285239439936445
2016-01-27,12.538,53660268,12.8253,12.884,12.3847,Tesla,13.180471428571428,14.46851,-0.0283632982021078,0.018208033118726,27,1,2016,2,1,12.904,13.092,13.666,13.127635412015174,0.49929999999999986,0.2873000000000001,0.3757148551507774
2016-01-28,12.6467,68794886,12.7193,12.752,12.1607,Tesla,13.037428571428572,14.404333333333334,0.0086696442813845,0.0195354865354508,28,1,2016,3,1,12.538,12.904,13.648,13.007401559011381,0.5913000000000004,0.07260000000000133,0.35825272138668873
2016-01-29,12.7467,42733914,12.6633,12.916,12.5387,Tesla,12.966,14.337913333333336,0.007907201088031,0.0186388679192369,29,1,2016,4,1,12.6467,12.538,13.2467,12.942226169258536,0.37729999999999997,-0.08340000000000103,0.3594172041885055
2016-02-01,13.1293,79435235,12.584,13.3013,12.1833,Tesla,12.937142857142858,14.254423333333332,0.0300156118838601,0.0227916882508531,1,2,2016,0,1,12.7467,12.6467,13.3313,12.988994626943903,1.1180000000000003,-0.545300000000001,0.33228452094125255
2016-02-02,12.1853,86472212,12.828,12.8747,12.0153,Tesla,12.748857142857144,14.141956666666664,-0.0719002536311913,0.0335682319845015,2,2,2016,1,1,13.1293,12.7467,13.5033,12.788070970207926,0.8594000000000008,0.6426999999999996,0.3314240026368376
2016-02-03,11.5653,118914541,12.2393,12.2627,11.3453,Tesla,12.530757142857142,14.015333333333334,-0.0508809795409221,0.0360273488222667,3,2,2016,2,1,12.1853,13.1293,13.092,12.482378227655945,0.9174000000000007,0.6739999999999995,0.5178703887304429
2016-02-04,11.6887,65691597,11.38,11.732,11.1327,Tesla,12.357142857142858,13.888156666666667,0.0106698485988259,0.0375418473466979,4,2,2016,3,1,11.5653,12.1853,12.904,12.28395867074196,0.5992999999999995,-0.3087,0.5726975637488063
2016-02-05,10.84,141517354,11.42,11.5333,10.5163,Tesla,12.114571428571429,13.738490000000002,-0.0726085877813615,0.0436985798168316,5,2,2016,4,1,11.6887,11.5653,12.538,11.922969003056469,1.0170000000000012,0.5800000000000001,0.798438252077741
2016-02-08,9.866,139601240,10.4737,10.4767,9.7333,Tesla,11.71732857142857,13.556913333333334,-0.0898523985239853,0.0486155960588953,8,2,2016,0,1,10.84,11.6887,12.6467,11.408726752292353,0.7433999999999994,0.6076999999999995,1.1175360765456093
2016-02-09,9.8833,129594850,9.488,10.6527,9.4033,Tesla,11.308271428571429,13.373979999999998,0.0017534968578958,0.0477840990625509,9,2,2016,1,1,9.866,10.84,12.7467,11.027370064219264,1.2493999999999996,-0.39530000000000065,1.1990331059014245
2016-02-10,9.578,151570274,10.0333,10.3313,9.4493,Tesla,10.800942857142855,13.18447,-0.0308904920421317,0.0387256802449163,10,2,2016,2,1,9.8833,9.866,13.1293,10.66502754816445,0.8820000000000014,0.45530000000000115,1.0410011637155527
2016-02-11,10.0313,213553393,10.1333,10.884,9.8,Tesla,10.493228571428572,12.991756666666667,0.047327208185425,0.0489615549411907,11,2,2016,3,1,9.578,9.8833,12.1853,10.506595661123336,1.0839999999999996,0.10200000000000031,0.8674857726293118
2016-02-12,10.0693,108498906,10.3333,10.4673,9.58,Tesla,10.279514285714283,12.79831,0.0037881431120592,0.0487570186861009,12,2,2016,4,1,10.0313,9.578,11.5653,10.397271745842502,0.8872999999999998,0.26399999999999935,0.7332406504201445
2016-02-16,10.3447,83424528,10.58,10.8633,10.274,Tesla,10.087514285714288,12.609776666666669,0.0273504613031689,0.0507881345504174,16,2,2016,1,1,10.0693,10.0313,11.6887,10.384128809381878,0.5893000000000015,0.2353000000000005,0.40543143862872005
2016-02-17,11.2453,87303916,10.6,11.2893,10.4453,Tesla,10.145414285714285,12.488153333333337,0.0870590737285761,0.0567199713552772,17,2,2016,2,1,10.3447,10.0693,10.84,10.599421607036408,0.8440000000000012,-0.6453000000000007,0.5380542179265531
2016-02-18,11.118,58246576,11.4947,11.53,10.9847,Tesla,10.324271428571429,12.362243333333334,-0.0113202849190328,0.03964936484814,18,2,2016,3,1,11.2453,10.3447,9.866,10.729066205277306,0.5452999999999992,0.3766999999999996,0.6299385597402377
2016-02-19,11.1053,44337458,10.9107,11.166,10.8333,Tesla,10.498842857142858,12.245663333333336,-0.0011422917790969,0.0398600507876066,19,2,2016,4,1,11.118,11.2453,9.8833,10.82312465395798,0.3327000000000009,-0.19459999999999944,0.6561451919027766
2016-02-22,11.8493,75830062,11.3413,11.9273,11.3233,Tesla,10.823314285714286,12.161416666666666,0.0669950384050859,0.037151587335035,22,2,2016,0,1,11.1053,11.118,9.578,11.079668490468485,0.604000000000001,-0.5079999999999991,0.6858048858301937
2016-02-23,11.814,89744850,11.744,12.1153,11.5787,Tesla,11.077985714285711,12.086326666666668,-0.0029790789329326,0.0384097532945302,23,2,2016,1,1,11.8493,11.1053,10.0313,11.263251367851364,0.5366,-0.07000000000000028,0.6735649991613549
2016-02-24,11.9333,80780495,11.5167,11.9667,11.1893,Tesla,11.344271428571428,12.022213333333331,0.0100981885898085,0.0379204233863366,24,2,2016,2,1,11.814,11.8493,10.0693,11.430763525888523,0.7774000000000001,-0.41659999999999897,0.5686091121156563
2016-02-25,12.4953,85905077,11.91,12.568,11.68,Tesla,11.6515,11.972123333333334,0.0470951036176079,0.0388345657052676,25,2,2016,3,1,11.9333,11.814,10.3447,11.696897644416392,0.8879999999999999,-0.5853000000000002,0.5171872484893725
2016-02-26,12.6893,90810870,12.58,12.8,12.3333,Tesla,11.857785714285717,11.949966666666665,0.0155258377149807,0.0288137722409462,26,2,2016,4,1,12.4953,11.9333,11.2453,11.944998233312294,0.4667000000000012,-0.10929999999999929,0.6081460527115032
2016-02-29,12.7953,67430996,12.8267,13.09,12.6148,Tesla,12.0974,11.9183,0.0083534946766172,0.0263603021685514,29,2,2016,0,1,12.6893,12.4953,11.118,12.15757367498422,0.4751999999999992,0.03140000000000143,0.5984417014212952
2016-03-01,12.4233,100435510,12.95,13.0632,12.18,Tesla,12.285685714285714,11.876876666666668,-0.0290731753065578,0.0317553614200753,1,3,2016,1,1,12.7953,12.6893,11.1053,12.224005256238165,0.8832000000000004,0.5267,0.4128322194652314
2016-03-02,12.556,72879429,12.2487,12.568,12.1,Tesla,12.386642857142856,11.840476666666666,0.0106815419413521,0.022692826129105,2,3,2016,2,1,12.4233,12.7953,11.8493,12.307003942178623,0.46799999999999997,-0.3072999999999997,0.37279877439510906
2016-03-03,13.0493,72344859,12.552,13.1613,12.2813,Tesla,12.563114285714288,11.833896666666668,0.0392879898056706,0.0246585476749601,3,3,2016,3,1,12.556,12.4233,11.814,12.492577956633967,0.8800000000000008,-0.49730000000000096,0.34810751418002156
2016-03-04,13.4027,97197821,13.2,13.602,13.1667,Tesla,12.77302857142857,11.836276666666668,0.0270819124397476,0.0249790245140656,4,3,2016,4,1,13.0493,12.556,11.9333,12.720108467475477,0.4352999999999998,-0.2027000000000001,0.3480572592466815
2016-03-07,13.686,79966415,13.1787,13.98,13.16,Tesla,12.943128571428572,11.842366666666663,0.021137531989823,0.0214418074406682,7,3,2016,0,1,13.4027,13.0493,12.4953,12.961581350606608,0.8200000000000003,-0.5073000000000008,0.46200806888442447
2016-03-08,13.5067,62632439,13.5667,13.8333,13.48,Tesla,13.0599,11.85619,-0.0131009791027326,0.0235677590662317,8,3,2016,1,1,13.686,13.4027,12.6893,13.097861012954956,0.35329999999999906,0.0600000000000005,0.4896331245603163
2016-03-09,13.9147,48113931,13.6347,13.9582,13.5193,Tesla,13.219814285714287,11.88988,0.0302072304856109,0.0248501980447105,9,3,2016,2,1,13.5067,13.686,12.7953,13.302070759716216,0.4389000000000003,-0.27999999999999936,0.5657009528852437
2016-03-10,13.6787,77873991,14.0,14.2193,13.3781,Tesla,13.399157142857144,11.927903333333331,-0.0169604806427735,0.021711165062894,10,3,2016,3,1,13.9147,13.5067,12.4233,13.396228069787162,0.8412000000000006,0.3213000000000008,0.46027156425004273
2016-03-11,13.8333,50087195,13.862,13.9613,13.6887,Tesla,13.58162857142857,11.967456666666664,0.0113022436342635,0.0216963877640909,11,3,2016,4,1,13.6787,13.9147,12.556,13.505496052340371,0.27259999999999884,0.028700000000000614,0.2931423926711976
2016-03-14,14.3433,60934530,14.1767,14.448,14.0427,Tesla,13.766485714285713,12.020676666666668,0.0368675587170088,0.0212432972990149,14,3,2016,0,1,13.8333,13.6787,13.0493,13.714947039255279,0.40530000000000044,-0.16659999999999897,0.30907369363193077
2016-03-15,14.556,46998427,14.2847,14.598,14.1,Tesla,13.931242857142855,12.068233333333334,0.0148292234004727,0.0204558132824713,15,3,2016,1,1,14.3433,13.8333,13.4027,13.925210279441458,0.4980000000000011,-0.2712999999999983,0.38169307852059153
2016-03-16,14.7953,52678069,14.5333,14.8387,14.468,Tesla,14.089714285714283,12.155233333333337,0.0164399560318768,0.0201828597754101,16,3,2016,2,1,14.556,14.3433,13.686,14.142732709581093,0.37069999999999936,-0.2619999999999987,0.48041578668408913
2016-03-17,15.092,56536217,14.7647,15.2333,14.6667,Tesla,14.316185714285714,12.27279,0.0200536656911316,0.0171448776968805,17,3,2016,3,1,14.7953,14.556,13.5067,14.380049532185819,0.5665999999999993,-0.32730000000000103,0.5307921452213019
2016-03-18,15.516,70571380,15.2733,15.632,15.204,Tesla,14.544942857142855,12.400366666666669,0.0280943546249667,0.0168716607188257,18,3,2016,4,1,15.092,14.7953,13.9147,14.664037149139363,0.42799999999999905,-0.24269999999999925,0.6585965554550135
2016-03-21,15.888,79335170,15.6893,15.992,15.6667,Tesla,14.860557142857145,12.568633333333333,0.0239752513534416,0.0087730882898192,21,3,2016,0,1,15.516,15.092,13.6787,14.970027861854522,0.32530000000000037,-0.19870000000000054,0.7022150308302172
2016-03-22,15.616,64545748,15.814,15.9327,15.5039,Tesla,15.115228571428572,12.7603,-0.0171198388721047,0.0170417341056661,22,3,2016,1,1,15.888,15.516,13.8333,15.131520896390892,0.42880000000000074,0.1980000000000004,0.5802398375221217
2016-03-23,14.8387,74043008,15.4913,15.6487,14.802,Tesla,15.186000000000002,12.92548,-0.0497758709016393,0.0283926977939875,23,3,2016,2,1,15.616,15.888,14.3433,15.058315672293169,0.8467000000000002,0.6526000000000014,0.49423405049303043
2016-03-24,15.1833,74349023,14.3853,15.2592,14.3333,Tesla,15.275614285714289,13.112323333333332,0.0232230586237338,0.0290364231274754,24,3,2016,3,1,14.8387,15.616,14.556,15.089561754219876,0.9259000000000004,-0.7979999999999983,0.41079111248336475
2016-03-28,15.3507,58178956,15.4407,15.654,15.0,Tesla,15.354957142857142,13.289636666666668,0.0110252711861058,0.0287959121799347,28,3,2016,0,1,15.1833,14.8387,14.7953,15.154846315664908,0.6539999999999999,0.08999999999999986,0.3519860454486231
2016-03-29,15.342,60090525,15.326,15.492,15.022,Tesla,15.390671428571428,13.465393333333331,-0.0005667493990501,0.0281224407748621,29,3,2016,1,1,15.3507,15.1833,15.092,15.20163473674868,0.47000000000000064,-0.016000000000000014,0.3330310081374364
2016-03-30,15.126,60385020,15.6727,15.7,15.1,Tesla,15.334957142857144,13.624770000000002,-0.0140789988267501,0.0262274366052825,30,3,2016,2,1,15.342,15.3507,15.516,15.18272605256151,0.5999999999999996,0.5467000000000013,0.3410945756295361
2016-03-31,15.318,119634510,15.2893,15.828,15.0007,Tesla,15.253528571428571,13.760526666666664,0.0126933756445855,0.0245636386107874,31,3,2016,3,1,15.126,15.342,15.888,15.216544539421132,0.8272999999999993,-0.028699999999998838,0.24017004888419116
2016-04-01,15.8393,239698530,16.3217,16.5267,15.55,Tesla,15.28542857142857,13.917903333333332,0.0340318579449014,0.0277404482393692,1,4,2016,4,2,15.318,15.126,15.616,15.372233404565849,0.976700000000001,0.48240000000000016,0.3029601938336156
2016-04-04,16.466,200717300,16.608,16.808,16.2427,Tesla,15.5179,14.096593333333333,0.0395661424431637,0.0188955124453588,4,4,2016,0,2,15.8393,15.318,14.8387,15.645675053424387,0.5653000000000006,0.14199999999999946,0.4772474899533296
2016-04-05,17.0313,148971976,16.0333,17.104,16.0,Tesla,15.781900000000002,14.269326666666666,0.034331349447346,0.0201157473524113,5,4,2016,1,2,16.466,15.8393,15.1833,15.992081290068292,1.1039999999999992,-0.9980000000000011,0.7138091948600537
2016-04-06,17.6947,175436312,16.9313,17.8493,16.8967,Tesla,16.116757142857143,14.46535,0.0389518122515604,0.0215196476494053,6,4,2016,2,2,17.0313,16.466,15.3507,16.41773596755122,0.9526000000000003,-0.7634000000000007,0.9785283727059598
2016-04-07,17.1467,132683439,17.7633,17.956,16.9673,Tesla,16.374571428571432,14.63913,-0.0309697253980005,0.0284729657665131,7,4,2016,3,2,17.6947,17.0313,15.342,16.599976975663413,0.9886999999999979,0.6166000000000018,0.9781242997259538
2016-04-08,16.6713,110290550,17.3667,17.388,16.5347,Tesla,16.59532857142857,14.77833,-0.0277254515446121,0.0312374563223674,8,4,2016,4,2,17.1467,17.6947,15.126,16.61780773174756,0.8533000000000008,0.6954000000000029,0.8091501811866517
2016-04-11,16.6613,137345991,16.7333,17.266,16.3533,Tesla,16.787228571428574,14.91073,-0.0005998332463573,0.0317590189613328,11,4,2016,0,2,16.6713,17.1467,15.318,16.62868079881067,0.9126999999999974,0.07199999999999918,0.5835735849468585
2016-04-12,16.5213,86330222,16.6333,16.7867,16.242,Tesla,16.884657142857144,15.03493,-0.0084027056712261,0.0310078395686576,12,4,2016,1,2,16.6613,16.6713,15.8393,16.601835599108004,0.5446999999999989,0.11199999999999832,0.4376170161879605
2016-04-13,16.9687,73823273,16.5673,17.0333,16.4887,Tesla,16.95647142857143,15.186443333333331,0.0270801934472468,0.0290848674029674,13,4,2016,2,2,16.5213,16.6613,16.466,16.693551699331003,0.5445999999999991,-0.40139999999999887,0.39680815563829475
2016-04-14,16.7907,61938839,16.8667,17.1226,16.7367,Tesla,16.9221,15.3276,-0.0104899019960278,0.0262624573632329,14,4,2016,3,2,16.9687,16.5213,17.0313,16.717838774498254,0.38589999999999947,0.07600000000000051,0.39965638574502754
2016-04-15,16.9673,56228867,16.754,16.9733,16.608,Tesla,16.818185714285715,15.4582,0.0105177270751071,0.0204834356522429,15,4,2016,4,2,16.7907,16.9687,17.6947,16.78020408087369,0.36529999999999774,-0.21330000000000027,0.2190496095150121
2016-04-18,16.9253,63948658,16.8153,17.2207,16.7773,Tesla,16.786557142857145,15.57562,-0.0024753496431372,0.0172186490088475,18,4,2016,0,2,16.9673,16.7907,17.1467,16.81647806065527,0.44340000000000046,-0.10999999999999943,0.17533095236509083
2016-04-19,16.4913,95270352,16.8747,16.958,16.0834,Tesla,16.76084285714286,15.66913,-0.0256420861077795,0.0167047239180768,19,4,2016,1,2,16.9253,16.9673,16.6713,16.735183545491452,0.8745999999999974,0.38340000000000174,0.2056330295872942
2016-04-20,16.6647,77885106,16.4173,16.9107,16.1,Tesla,16.76132857142857,15.774396666666666,0.0105146349893581,0.0173139192735439,20,4,2016,2,2,16.4913,16.9253,16.6613,16.717562659118588,0.8106999999999971,-0.24739999999999895,0.20536255512562465
2016-04-21,16.5527,41656164,16.5993,16.7267,16.4607,Tesla,16.765814285714285,15.862330000000002,-0.0067207930535801,0.0171865280257117,21,4,2016,3,2,16.6647,16.4913,16.5213,16.676346994338942,0.2660000000000018,0.046599999999997976,0.19950521654502615
2016-04-22,16.9167,56746862,16.5927,16.9333,16.3807,Tesla,16.758385714285716,15.970263333333332,0.021990370151093,0.0159313542218222,22,4,2016,4,2,16.5527,16.6647,16.9687,16.73643524575421,0.5525999999999982,-0.32399999999999807,0.1914991682192841
2016-04-25,16.788,54976293,16.8673,17.1587,16.7173,Tesla,16.758,16.068753333333333,-0.0076078667825284,0.015659936365516,25,4,2016,0,2,16.9167,16.5527,16.7907,16.749326434315655,0.441399999999998,0.07929999999999993,0.19142593868153346
2016-04-26,16.916,48266661,16.8033,17.0487,16.626,Tesla,16.75067142857143,16.154510000000002,0.0076244936859661,0.0153741818443259,26,4,2016,1,2,16.788,16.9167,16.9673,16.790994825736743,0.42269999999999897,-0.11270000000000024,0.1828683015571361
2016-04-27,16.7647,47971551,16.85,17.0,16.6267,Tesla,16.72772857142857,16.228133333333332,-0.0089441948451169,0.0157151967088696,27,4,2016,2,2,16.916,16.788,16.9253,16.784421119302557,0.3733000000000004,0.08530000000000015,0.1666643004597094
2016-04-28,16.514,37733906,16.6567,16.8953,16.496,Tesla,16.73097142857143,16.285423333333334,-0.0149540403347511,0.0132816938149722,28,4,2016,3,2,16.7647,16.916,16.4913,16.71681583947692,0.3993000000000002,0.14270000000000138,0.161436135094938
2016-04-29,16.0507,81077419,16.5427,16.562,15.854,Tesla,16.643257142857145,16.31738,-0.0280549836502361,0.0160384688144766,29,4,2016,4,2,16.514,16.7647,16.6647,16.55028687960769,0.708000000000002,0.4920000000000009,0.3057478528524968
2016-05-02,16.12,57584341,16.1,16.2127,15.6547,Tesla,16.581442857142857,16.33751333333333,0.0043175687041687,0.01640681677455,2,5,2016,0,2,16.0507,16.514,16.5527,16.442715159705767,0.5580000000000016,-0.019999999999999574,0.3650892350150979
2016-05-03,15.488,64444843,15.824,15.9273,15.4413,Tesla,16.377342857142857,16.32418,-0.0392059553349877,0.0167606949349256,3,5,2016,1,2,16.12,16.0507,16.9167,16.204036369779324,0.48600000000000065,0.3360000000000003,0.5150021289832055
2016-05-04,14.8373,128249996,15.3527,15.6307,14.6933,Tesla,16.09867142857143,16.298223333333333,-0.0420131714876031,0.0198752427294662,4,5,2016,2,2,15.488,16.12,16.788,15.862352277334493,0.9373999999999985,0.5153999999999996,0.7360764808865756
2016-05-05,14.102,168725016,15.2307,15.2427,13.986,Tesla,15.69667142857143,16.273666666666667,-0.0495575340526915,0.0196648128430297,5,5,2016,3,2,14.8373,15.488,16.916,15.422264208000868,1.2566999999999986,1.1287000000000003,0.9520411680774884
2016-05-06,14.3287,85255082,14.058,14.4247,13.874,Tesla,15.348671428571429,16.24518,0.0160757339384483,0.024781112378648,6,5,2016,4,2,14.102,14.8373,16.7647,15.14887315600065,0.5506999999999991,-0.2706999999999997,0.9417383849638573
2016-05-09,13.928,71594844,14.3813,14.41,13.7867,Tesla,14.97924285714286,16.197756666666667,-0.0279648537550509,0.024659787855223,9,5,2016,0,2,14.3287,14.102,16.514,14.843654867000488,0.6233000000000004,0.4532999999999987,0.9152596587073945
2016-05-10,13.9127,61020764,13.8367,13.9647,13.6667,Tesla,14.673814285714286,16.150113333333334,-0.0010985066053993,0.0259504675675274,10,5,2016,1,2,13.928,14.3287,16.0507,14.610916150250366,0.29800000000000004,-0.07599999999999874,0.852710231025323
2016-05-11,13.9307,77394561,13.8393,14.3653,13.7367,Tesla,14.361057142857144,16.11027,0.0012937819402416,0.0255010242314987,11,5,2016,2,2,13.9127,13.928,16.12,14.440862112687775,0.6285999999999987,-0.09140000000000015,0.5970392138353656
2016-05-12,13.8187,54751098,14.096,14.1113,13.5772,Tesla,14.122585714285714,16.060293333333334,-0.0080397969951259,0.0243557957283941,12,5,2016,3,2,13.9307,13.9127,15.488,14.285321584515831,0.5341000000000005,0.2773000000000003,0.3570260608068237
2016-05-13,13.8407,42309219,13.852,14.08,13.78,Tesla,13.980214285714284,15.993673333333334,0.0015920455614493,0.0220292460771159,13,5,2016,4,2,13.8187,13.9307,14.8373,14.174166188386874,0.3000000000000007,0.01130000000000031,0.17868096735587705
2016-05-16,13.886,44186288,13.8767,14.21,13.8613,Tesla,13.949357142857142,15.907673333333332,0.0032729558476087,0.0134761869568662,16,5,2016,0,2,13.8407,13.8187,14.102,14.102124641290153,0.3487000000000009,-0.009299999999999642,0.17269470033501957
2016-05-17,13.644,42630399,13.9367,13.988,13.6013,Tesla,13.851542857142858,15.794763333333332,-0.0174276249459887,0.0117774969323725,17,5,2016,1,2,13.886,13.8407,14.3287,13.987593480967615,0.3866999999999994,0.29269999999999996,0.10108519273595476
2016-05-18,14.078,83290338,13.9433,14.354,13.85,Tesla,13.872971428571429,15.674206666666668,0.0318088537085898,0.0151532162657972,18,5,2016,2,2,13.644,13.886,13.928,14.01019511072571,0.5039999999999996,-0.1346999999999987,0.13135965532692562
2016-05-19,14.3473,102268779,14.2413,14.4527,13.82,Tesla,13.935057142857143,15.580893333333334,0.0191291376615998,0.0164219958407392,19,5,2016,3,2,14.078,13.644,13.9127,14.094471333044282,0.6326999999999998,-0.10599999999999987,0.2235914940029433
2016-05-20,14.6853,134948123,14.466,14.7033,14.4233,Tesla,14.042857142857144,15.514693333333332,0.0235584395670265,0.0177923049257755,20,5,2016,4,2,14.3473,14.078,13.9307,14.242178499783211,0.28000000000000114,-0.2193000000000005,0.3608920469112688
2016-05-23,14.4147,76451227,14.658,14.84,14.3907,Tesla,14.128,15.439806666666666,-0.0184265898551613,0.0196588580160626,23,5,2016,0,2,14.6853,14.3473,13.8187,14.285308874837408,0.44929999999999914,0.24329999999999963,0.36939905251637983
2016-05-24,14.5273,45139882,14.44,14.5827,14.3453,Tesla,14.226085714285714,15.37334,0.007811470235246,0.0195553546291003,24,5,2016,1,2,14.4147,14.6853,13.8407,14.345806656128055,0.23740000000000094,-0.08730000000000082,0.37154800241051067
2016-05-25,14.6387,46969162,14.5273,14.7573,14.434,Tesla,14.333614285714289,15.295673333333331,0.0076683210231769,0.0194822771656171,25,5,2016,2,2,14.5273,14.4147,13.886,14.419029992096041,0.3233000000000015,-0.11139999999999972,0.36559153176085035
2016-05-26,15.008,60997650,14.7,15.0173,14.6033,Tesla,14.528471428571429,15.236250000000002,0.0252276499962427,0.0167856358581951,26,5,2016,3,2,14.6387,14.5273,13.644,14.566272494072031,0.4139999999999997,-0.30799999999999983,0.2930830639613399
2016-05-27,14.8693,54686853,14.9993,15.062,14.7167,Tesla,14.641514285714283,15.166316666666669,-0.0092417377398719,0.0166257417187907,27,5,2016,4,2,15.008,14.6387,14.078,14.642029370554024,0.34529999999999994,0.129999999999999,0.23775859205348873
2016-05-31,14.882,41800209,14.8693,14.9833,14.7667,Tesla,14.7179,15.098206666666668,0.0008541088013558,0.0160029151594841,31,5,2016,1,2,14.8693,15.008,14.3473,14.702022027915516,0.21659999999999968,-0.012699999999998823,0.21197593416869082
2016-06-01,14.6373,44734028,14.7653,14.8267,14.4593,Tesla,14.711042857142855,15.036406666666666,-0.0164426824351565,0.0155529645693284,1,6,2016,2,2,14.882,14.8693,14.6853,14.685841520936638,0.36739999999999995,0.1280000000000001,0.2139732215110847
2016-06-02,14.5973,30259170,14.6393,14.6606,14.474,Tesla,14.73712857142857,14.967493333333334,-0.0027327444269092,0.0135126072663578,2,6,2016,3,2,14.6373,14.882,14.4147,14.66370614070248,0.18660000000000032,0.041999999999999815,0.18030637550470108
2016-06-03,14.5993,33391633,14.6667,14.796,14.534,Tesla,14.747414285714283,14.90238,0.0001370116391385,0.0132599073647095,3,6,2016,4,2,14.5973,14.6373,14.5273,14.64760460552686,0.2619999999999987,0.06740000000000101,0.16797343469110967
2016-06-06,14.712,33639493,14.5333,14.7267,14.3633,Tesla,14.757885714285717,14.82889,0.0077195481975163,0.0132643551320164,6,6,2016,0,2,14.5993,14.5973,14.6387,14.663703454145146,0.3633999999999986,-0.1786999999999992,0.1622540541720369
2016-06-07,15.4893,92912264,14.816,15.6293,14.768,Tesla,14.826642857142858,14.7856,0.0528344208809135,0.0225768141642143,7,6,2016,1,2,14.712,14.5993,15.008,14.870102590608859,0.8613,-0.6732999999999993,0.3155088897699027
2016-06-08,15.7013,89476605,15.5867,16.0563,15.507,Tesla,14.9455,14.74511,0.0136868677086763,0.0218634810864125,8,6,2016,2,2,15.4893,14.712,14.8693,15.077901942956643,0.5493000000000006,-0.11459999999999937,0.45854688964165025
2016-06-09,15.2907,66813297,15.6653,15.6887,15.1373,Tesla,15.003885714285715,14.695976666666668,-0.0261507008973779,0.0254281132059651,9,6,2016,3,2,15.7013,15.4893,14.882,15.131101457217483,0.551400000000001,0.37460000000000093,0.4748438425018679
2016-06-10,14.586,89918175,15.1593,15.198,14.5615,Tesla,14.996557142857142,14.631709999999998,-0.0460868370970589,0.0312348364209934,10,6,2016,4,2,15.2907,15.7013,14.6373,14.994826092913112,0.6364999999999998,0.5732999999999997,0.48178962856262253
2016-06-13,14.5247,62817464,14.6333,15.0513,14.5107,Tesla,14.986185714285714,14.580843333333336,-0.0042026600850131,0.0312605369557893,13,6,2016,0,2,14.586,15.2907,14.5973,14.877294569684832,0.5405999999999995,0.10860000000000092,0.49247967954214944
2016-06-14,14.3307,53637303,14.592,14.8133,14.1687,Tesla,14.947814285714289,14.5212,-0.0133565581388943,0.0316431772307347,14,6,2016,1,2,14.5247,14.586,14.5993,14.740645927263623,0.6446000000000005,0.2613000000000003,0.5361734496366544
2016-06-15,14.5133,43575008,14.4633,14.7933,14.342,Tesla,14.919428571428572,14.48871,0.0127418758330017,0.0319615043158543,15,6,2016,2,2,14.3307,14.5247,14.712,14.683809445447718,0.4512999999999998,-0.049999999999998934,0.5556446487768207
2016-06-16,14.5287,36580362,14.4947,14.536,14.2333,Tesla,14.7822,14.478423333333332,0.0010610956846479,0.0216029868703393,16,6,2016,3,2,14.5133,14.3307,15.4893,14.645032084085788,0.30269999999999975,-0.034000000000000696,0.5080255013284521
2016-06-17,14.3647,46615987,14.5207,14.666,14.3,Tesla,14.591257142857144,14.48718,-0.0112880023677274,0.0191768721392451,17,6,2016,4,2,14.5287,14.5133,15.7013,14.574949063064341,0.36599999999999966,0.15600000000000058,0.3222024925268166
2016-06-20,14.6467,53246493,14.6333,14.9167,14.5487,Tesla,14.499257142857145,14.49778,0.0196314576705396,0.02140996533103,20,6,2016,0,2,14.3647,14.5287,15.2907,14.592886797298256,0.3680000000000003,-0.013399999999998968,0.11364585132693052
2016-06-21,14.6407,42834264,14.712,14.8379,14.5873,Tesla,14.507071428571429,14.521536666666666,-0.0004096485897846,0.0120417960776223,21,6,2016,1,2,14.6467,14.3647,14.586,14.604840097973693,0.2505999999999986,0.07129999999999903,0.12216559409656236
2016-06-22,13.1107,355591322,13.298,13.73,13.05,Tesla,14.305071428571429,14.494803333333332,-0.1045031999836074,0.0417449237706824,22,6,2016,2,2,14.6407,14.6467,14.5247,14.23130507348027,0.6799999999999997,0.18730000000000047,0.5405955040949043
2016-06-23,13.0933,151472774,13.046,13.17,12.8087,Tesla,14.1283,14.46689,-0.0013271602584149,0.0420097115861224,23,6,2016,3,2,13.1107,14.6407,14.3307,13.946803805110202,0.36129999999999995,-0.0472999999999999,0.7073963057108301
2016-06-24,12.8767,104834183,12.67,13.008,12.6487,Tesla,13.894500000000004,14.435489999999998,-0.0165428119725355,0.0405669726981257,24,6,2016,4,2,13.0933,13.1107,14.5133,13.679277853832652,0.3592999999999993,-0.20669999999999966,0.8203756944229796
2016-06-27,13.2367,108177291,12.724,13.254,12.5247,Tesla,13.709928571428572,14.415356666666668,0.0279574735763046,0.0436319849837489,27,6,2016,0,2,12.8767,13.0933,14.5287,13.568633390374488,0.7293000000000003,-0.5127000000000006,0.7989704410766787
2016-06-28,13.4527,92384894,13.4593,13.6033,13.294,Tesla,13.579642857142858,14.400913333333332,0.0163182666374548,0.0449715124720644,28,6,2016,1,2,13.2367,12.8767,14.3647,13.539650042780867,0.30930000000000035,0.006600000000000605,0.7470768520420863
2016-06-29,14.0127,89806755,13.6753,14.1187,13.5333,Tesla,13.489071428571426,14.413203333333334,0.0416273313163899,0.0479286817331672,29,6,2016,2,2,13.4527,13.2367,14.6467,13.657912532085652,0.5853999999999999,-0.3374000000000006,0.6245329180389548
2016-06-30,14.152,71916564,14.198,14.2333,13.9347,Tesla,13.419257142857145,14.41567,0.0099409821090865,0.0482620740728,30,6,2016,3,2,14.0127,13.4527,14.6407,13.781434399064239,0.2986000000000004,0.04600000000000115,0.48637363503494374
2016-07-01,14.4333,80940410,13.7427,14.5493,13.7333,Tesla,13.608199999999998,14.418536666666666,0.0198770491803279,0.0190711485258499,1,7,2016,4,3,14.152,14.0127,13.1107,13.94440079929818,0.8160000000000007,-0.6905999999999999,0.5919650130426951
2016-07-05,14.2653,77547441,13.982,14.3029,13.8667,Tesla,13.77562857142857,14.404536666666669,-0.0116397497453804,0.0207729621507777,5,7,2016,1,3,14.4333,14.152,13.0933,14.024625599473634,0.4361999999999995,-0.28330000000000055,0.58778788326595
2016-07-06,14.296,73654238,14.0,14.3487,13.9333,Tesla,13.978385714285713,14.40058,0.0021520753156258,0.0173328017175332,6,7,2016,2,3,14.2653,14.4333,12.8767,14.092469199605224,0.4154,-0.2959999999999994,0.4560533975627882
2016-07-07,14.396,54050748,14.2067,14.5413,14.2007,Tesla,14.144,14.396203333333334,0.0069949636261892,0.0165496861812923,7,7,2016,3,3,14.296,14.2653,13.2367,14.168351899703918,0.34060000000000024,-0.18930000000000113,0.3367035194351259
2016-07-08,14.452,61006934,14.52,14.654,14.3,Tesla,14.286757142857144,14.38998,0.0038899694359544,0.0166979276224826,8,7,2016,4,3,14.396,14.296,13.4527,14.239263924777937,0.3539999999999992,0.06799999999999962,0.1604819081926392
2016-07-11,14.9853,80535950,14.664,15.1187,14.634,Tesla,14.425699999999996,14.389223333333332,0.0369014669249931,0.0152587311426905,11,7,2016,0,3,14.452,14.396,14.0127,14.425772943583453,0.48470000000000013,-0.3213000000000008,0.26840443364448296
2016-07-12,14.9767,68608091,14.94,15.1667,14.8813,Tesla,14.543514285714286,14.392803333333331,-0.0005738957511696,0.0157444415840972,12,7,2016,1,3,14.9853,14.452,14.152,14.56350470768759,0.285400000000001,-0.03669999999999973,0.3065326270213231
2016-07-13,14.8353,53110458,15.0333,15.0393,14.686,Tesla,14.600942857142858,14.391246666666666,-0.0094413322026881,0.0160264546379342,13,7,2016,2,3,14.9767,14.9853,14.4333,14.631453530765693,0.35330000000000084,0.1980000000000004,0.31981216808803287
2016-07-14,14.7687,39868465,14.8747,14.996,14.7367,Tesla,14.672857142857143,14.395626666666663,-0.0044892924308911,0.01505914159107,14,7,2016,3,3,14.8353,14.9767,14.2653,14.66576514807427,0.25929999999999964,0.10599999999999987,0.2866367088444401
2016-07-15,14.6933,33462298,14.8347,14.85,14.6427,Tesla,14.729614285714286,14.398826666666666,-0.0051053918083514,0.0155351760511646,15,7,2016,4,3,14.7687,14.8353,14.296,14.672648861055702,0.20730000000000004,0.14139999999999908,0.2340977746482667
2016-07-18,15.0833,50918795,14.6427,15.1393,14.5533,Tesla,14.8278,14.41496,0.0265427099426267,0.0177561288381087,18,7,2016,0,3,14.6933,14.7687,14.396,14.775311645791776,0.5860000000000003,-0.4405999999999999,0.21413494966190103
2016-07-19,15.0173,45713002,15.0,15.2733,14.9833,Tesla,14.908557142857145,14.425136666666669,-0.0043757002777905,0.0182512185681831,19,7,2016,1,3,15.0833,14.6933,14.452,14.835808734343832,0.2900000000000009,-0.017300000000000537,0.14384902800222818
2016-07-20,15.224,38341766,15.098,15.32,15.0,Tesla,14.942657142857144,14.416293333333334,0.0137641253754003,0.0129791218054865,20,7,2016,2,3,15.0173,15.0833,14.9853,14.932856550757876,0.3200000000000003,-0.12599999999999945,0.18691812697146598
2016-07-21,14.7,66386307,15.0667,15.1898,14.6067,Tesla,14.90312857142857,14.382916666666668,-0.034419337887546,0.0191018782564793,21,7,2016,3,3,15.224,15.0173,14.9767,14.874642413068408,0.5831,0.3667000000000016,0.20672700770419059
2016-07-22,14.818,38556911,14.7993,14.9667,14.592,Tesla,14.900657142857144,14.36716,0.0080272108843537,0.0191853182398276,22,7,2016,4,3,14.7,15.224,14.8353,14.860481809801305,0.3746999999999989,-0.01869999999999905,0.20777381016509
2016-07-25,15.334,67192211,14.818,15.426,14.7581,Tesla,14.981414285714283,14.392093333333332,0.0348225131596706,0.0230244928848175,25,7,2016,0,3,14.818,14.7,14.7687,14.97886135735098,0.6678999999999995,-0.516,0.25289690540208587
2016-07-26,15.3007,51408739,15.1793,15.3333,15.02,Tesla,15.068185714285717,14.41796,-0.0021716447110994,0.0228227959206268,26,7,2016,1,3,15.334,14.818,14.6933,15.059321018013234,0.3132999999999999,-0.12140000000000128,0.24151246640416452
2016-07-27,15.2327,43305398,15.2893,15.5573,15.128,Tesla,15.089528571428572,14.448026666666664,-0.0044442411131517,0.0211221456274774,27,7,2016,2,3,15.3007,15.334,15.0833,15.102665763509926,0.42929999999999957,0.056600000000001316,0.24953874591801975
2016-07-28,15.374,36231912,15.1967,15.384,15.1067,Tesla,15.140485714285717,14.476716666666666,0.0092760968180296,0.0211086386904605,28,7,2016,3,3,15.2327,15.3007,15.0173,15.170499322632445,0.2773000000000003,-0.17730000000000068,0.2680634652999664
2016-07-29,15.6527,45923587,15.38,15.6853,15.3493,Tesla,15.201728571428571,14.514183333333332,0.0181280083257446,0.0215209640012056,29,7,2016,4,3,15.374,15.2327,15.224,15.291049491974334,0.3360000000000003,-0.2726999999999986,0.3317333653920623
2016-08-01,15.334,60210690,15.7,15.7753,15.292,Tesla,15.2923,14.546493333333332,-0.0203607045429862,0.0176218609044131,1,8,2016,0,3,15.6527,15.374,14.7,15.301787118980752,0.48329999999999984,0.36599999999999966,0.2478655684036455
2016-08-02,15.1467,58930561,15.2913,15.3247,14.76,Tesla,15.33925714285714,14.56316,-0.0122146863179861,0.0188842897669985,2,8,2016,1,3,15.334,15.6527,14.818,15.263015339235562,0.5647000000000002,0.1446000000000005,0.15781217588388907
2016-08-03,15.0527,57131176,15.158,15.3133,14.9473,Tesla,15.299071428571429,14.576893333333334,-0.0062059722579835,0.0128786545642924,3,8,2016,2,3,15.1467,15.334,15.334,15.21043650442667,0.36599999999999966,0.10529999999999973,0.19157731871931447
2016-08-04,15.374,62132294,15.046,15.3907,14.8033,Tesla,15.309542857142858,14.652336666666663,0.0213450078723418,0.0157477183071081,4,8,2016,3,3,15.0527,15.1467,15.3007,15.251327378320005,0.5874000000000006,-0.3280000000000012,0.19367296195013767
2016-08-05,15.3353,47855106,15.3333,15.4667,15.16,Tesla,15.3242,14.72707,-0.0025172368934565,0.015657572306024,5,8,2016,4,3,15.374,15.0527,15.2327,15.272320533740004,0.3066999999999993,-0.002000000000000668,0.19074856050150768
2016-08-08,15.0773,33891958,15.2,15.3067,15.0727,Tesla,15.281814285714288,14.800423333333333,-0.0168239291047452,0.0164630886575014,8,8,2016,0,3,15.3353,15.374,15.374,15.223565400305004,0.23399999999999999,0.12270000000000003,0.2098466934739898
2016-08-09,15.272,32996474,15.1213,15.4358,15.11,Tesla,15.227428571428572,14.868266666666669,0.0129134526738872,0.0154524128830583,9,8,2016,1,3,15.0773,15.3353,15.6527,15.235674050228752,0.325800000000001,-0.1507000000000005,0.13294690311428164
2016-08-10,15.0433,35047422,15.216,15.3247,14.9747,Tesla,15.1859,14.921286666666669,-0.0149751178627554,0.0145770099639539,10,8,2016,2,3,15.272,15.0773,15.334,15.187580537671565,0.34999999999999964,0.17269999999999897,0.1393573224964884
2016-08-11,14.994,28154371,15.078,15.1713,14.894,Tesla,15.164085714285717,14.953996666666663,-0.0032772064640073,0.0139776704869841,11,8,2016,3,3,15.0433,15.272,15.1467,15.139185403253673,0.2773000000000003,0.08399999999999963,0.15731110819633992
2016-08-12,15.0407,27177736,15.0273,15.11,14.936,Tesla,15.16237142857143,14.98362,0.0031145791649993,0.0138830567664179,12,8,2016,4,3,14.994,15.0433,15.0527,15.114564052440254,0.1739999999999995,-0.013399999999998968,0.1587857016474556
2016-08-15,15.0393,30269445,15.068,15.3,14.9953,Tesla,15.11455714285714,15.00382,-9.308077416603222e-05,0.0102780400830506,15,8,2016,0,3,15.0407,14.994,15.374,15.09574803933019,0.3047000000000004,0.028699999999998838,0.13268626978903797
2016-08-16,14.9073,33766708,15.0327,15.146,14.894,Tesla,15.053414285714286,15.02522,-0.008777004248868,0.0104896278322687,16,8,2016,1,3,15.0393,15.0407,15.3353,15.048636029497642,0.25200000000000067,0.12540000000000084,0.11082482316079492
2016-08-17,14.8827,26796107,14.9553,14.9887,14.8533,Tesla,15.025614285714283,15.044776666666667,-0.0016501982250306,0.0088319143232002,17,8,2016,2,3,14.9073,15.0393,15.0773,15.00715202212323,0.13539999999999885,0.07259999999999955,0.12705366882523816
2016-08-18,14.9007,25489487,14.9213,15.044,14.8193,Tesla,14.97257142857143,15.0616,0.0012094579612571,0.0063315990600892,18,8,2016,3,3,14.8827,14.9073,15.272,14.980539016592424,0.22470000000000034,0.02059999999999995,0.07309657343312749
2016-08-19,15.0,24879228,14.9027,15.0113,14.8353,Tesla,14.966385714285716,15.079866666666668,0.0066641164509049,0.0049151816285745,19,8,2016,4,3,14.9007,14.8827,15.0433,14.985404262444318,0.17600000000000016,-0.09730000000000061,0.06775028729545446
2016-08-22,14.862,30925365,14.9447,15.0073,14.8453,Tesla,14.947528571428572,15.075756666666669,-0.0091999999999999,0.005903227817684,22,8,2016,0,3,15.0,14.9007,14.994,14.954553196833238,0.1620000000000008,0.08269999999999911,0.07657816734768401
2016-08-23,14.9893,71216139,14.9547,15.2327,14.8533,Tesla,14.940185714285716,15.076176666666669,0.0085654689812946,0.0068569920625061,23,8,2016,1,3,14.862,15.0,15.0407,14.963239897624929,0.3793999999999986,-0.0345999999999993,0.06815644818074998
2016-08-24,14.8413,38504186,15.1367,15.1433,14.8147,Tesla,14.9119,15.076376666666668,-0.0098737099130713,0.0077109921284333,24,8,2016,2,3,14.9893,14.862,15.0393,14.932754923218695,0.3285999999999998,0.295399999999999,0.06086320727699387
2016-08-25,14.7307,26403167,14.874,14.92,14.718,Tesla,14.886671428571429,15.07511,-0.0074521773699068,0.0075271620136995,25,8,2016,3,3,14.8413,14.9893,14.9073,14.882241192414021,0.20199999999999996,0.14329999999999998,0.09181765832884987
2016-08-26,14.666,33571288,14.8093,14.857,14.588,Tesla,14.855714285714283,15.0742,-0.0043921877439633,0.0075965781280123,26,8,2016,4,3,14.7307,14.8413,14.8827,14.828180894310517,0.26900000000000013,0.14329999999999998,0.12420050226124005
2016-08-29,14.3467,48920691,14.6767,14.6933,14.3333,Tesla,14.77657142857143,15.049646666666666,-0.0217714441565526,0.0103944383409668,29,8,2016,0,3,14.666,14.7307,14.9007,14.707810670732886,0.3600000000000012,0.33000000000000007,0.2257510702395925
2016-08-30,14.0893,47463306,14.4073,14.4073,14.0347,Tesla,14.646471428571427,15.018713333333332,-0.0179414081286986,0.0097971982093362,30,8,2016,1,3,14.3467,14.666,15.0,14.553183003049666,0.3725999999999985,0.3179999999999996,0.3187791540355934
2016-08-31,14.134,49122785,14.0287,14.1733,13.91,Tesla,14.54247142857143,14.98238,0.0031726203572923,0.0107925189114859,31,8,2016,2,3,14.0893,14.3467,14.862,14.44838725228725,0.2632999999999992,-0.10529999999999973,0.3535965908314775
2016-09-01,13.3847,118986601,13.934,14.0733,13.3667,Tesla,14.313242857142855,14.938536666666666,-0.053014008773171,0.0183483296740827,1,9,2016,3,3,14.134,14.0893,14.9893,14.182465439215438,0.7065999999999999,0.5492999999999988,0.5038422433564784
2016-09-02,13.1853,89552265,13.4887,13.5467,13.08,Tesla,14.076671428571428,14.884113333333334,-0.0148976069691514,0.0181709012789027,2,9,2016,4,3,13.3847,14.134,14.8413,13.933174079411579,0.46669999999999945,0.3033999999999999,0.5950896983208664
2016-09-06,13.522,65792862,13.268,13.55,13.2667,Tesla,13.904,14.823713333333334,0.0255360135908928,0.0242153450679075,6,9,2016,1,3,13.1853,13.3847,14.7307,13.830380559558684,0.28330000000000055,-0.25399999999999956,0.5471120482436164
2016-09-07,13.4473,54568743,13.7,13.7665,13.3807,Tesla,13.7299,14.761933333333332,-0.0055243307203076,0.0241605526730645,7,9,2016,2,3,13.522,13.1853,14.666,13.734610419669012,0.3858000000000015,0.25269999999999904,0.44939677717281895
2016-09-08,13.1573,50584370,13.3033,13.326,13.0907,Tesla,13.559985714285714,14.692753333333334,-0.0215656674574078,0.0241468926069123,8,9,2016,3,3,13.4473,13.522,14.3467,13.59028281475176,0.2353000000000005,0.1460000000000008,0.3993906292865154
2016-09-09,12.9647,56305982,13.2727,13.328,12.9133,Tesla,13.39932857142857,14.612443333333337,-0.0146382616494264,0.0240442548655093,9,9,2016,4,3,13.1573,13.4473,14.0893,13.43388711106382,0.41469999999999985,0.30799999999999983,0.3765177495341367
2016-09-12,13.22,55710707,13.0,13.4246,12.94,Tesla,13.268757142857142,14.531353333333334,0.0196919327095883,0.0264242926477113,12,9,2016,0,3,12.9647,13.1573,14.134,13.380415333297865,0.48460000000000036,-0.22000000000000064,0.19307513094760298
2016-09-13,13.07,53747073,13.1373,13.2327,12.8967,Tesla,13.2238,14.455886666666666,-0.0113464447806354,0.0183780429434864,13,9,2016,1,3,13.22,12.9647,13.3847,13.3028114999734,0.3360000000000003,0.06729999999999947,0.19815048153685783
2016-09-14,13.094,33842128,13.05,13.195,12.9904,Tesla,13.210757142857144,14.387463333333333,0.0018362662586073,0.0176856249279626,14,9,2016,2,3,13.07,13.22,13.1853,13.25060862498005,0.204600000000001,-0.04399999999999871,0.2040247767398953
2016-09-15,13.3613,46244107,13.0993,13.5013,13.0933,Tesla,13.1878,14.331083333333334,0.0204139300442951,0.0164761670916511,15,9,2016,3,3,13.094,13.07,13.522,13.278281468735038,0.40800000000000125,-0.26200000000000045,0.1692426660152613
2016-09-16,13.6933,46563967,13.3613,13.7133,13.2667,Tesla,13.222942857142858,14.27506,0.0248478815684103,0.0190635247480045,16,9,2016,4,3,13.3613,13.094,13.4473,13.382036101551279,0.4466000000000001,-0.33200000000000074,0.24200665870404936
2016-09-19,13.756,34474753,13.8,13.962,13.6667,Tesla,13.308471428571428,14.222416666666668,0.0045788816428471,0.015785173343088,19,9,2016,0,3,13.6933,13.3613,13.1573,13.47552707616346,0.29529999999999923,0.04400000000000048,0.3109229042398015
2016-09-20,13.6427,36128322,13.79,13.85,13.594,Tesla,13.405328571428573,14.174596666666668,-0.0082364059319569,0.0144897823346801,20,9,2016,1,3,13.756,13.6933,12.9647,13.517320307122594,0.2560000000000002,0.14729999999999954,0.29094647683193986
2016-09-21,13.6813,39469255,13.758,13.8,13.4373,Tesla,13.471228571428572,14.121573333333334,0.0028293519611222,0.0134711653108795,21,9,2016,2,3,13.6427,13.756,13.22,13.558315230341945,0.36270000000000024,0.07669999999999888,0.29419749440512893
2016-09-22,13.762,35723982,13.76,13.8187,13.5333,Tesla,13.570085714285714,14.078863333333334,0.0058985622711291,0.0114041492600049,22,9,2016,3,3,13.6813,13.6427,13.07,13.609236422756458,0.2853999999999992,-0.002000000000000668,0.2498224398018473
2016-09-23,13.83,43561853,13.7327,14.012,13.7113,Tesla,13.675228571428573,14.040063333333334,0.0049411422758318,0.0112079920919162,23,9,2016,4,3,13.762,13.6813,13.094,13.664427317067343,0.30070000000000086,-0.09730000000000061,0.15164662557274824
2016-09-26,13.9327,35900577,13.7667,14.0667,13.7667,Tesla,13.756857142857143,14.00313,0.0074258857556037,0.0097736335051082,26,9,2016,0,3,13.83,13.762,13.3613,13.731495487800508,0.3000000000000007,-0.16600000000000037,0.09922870648387626
2016-09-27,13.7207,50518580,13.9767,13.9988,13.6406,Tesla,13.760771428571427,13.959176666666666,-0.0152160026412683,0.008582766226875,27,9,2016,1,3,13.9327,13.83,13.6933,13.728796615850381,0.3582000000000001,0.25599999999999845,0.09681476668156751
2016-09-28,13.7513,31189844,13.834,13.8833,13.684,Tesla,13.7601,13.920643333333334,0.0022302069136415,0.0084330062255348,28,9,2016,2,3,13.7207,13.9327,13.756,13.734422461887785,0.19930000000000092,0.08269999999999911,0.0968696546911739
2016-09-29,13.38,40710580,13.7067,13.822,13.372,Tesla,13.72257142857143,13.870553333333334,-0.0270010835339203,0.0131461625441177,29,9,2016,3,3,13.7513,13.7207,13.6427,13.645816846415839,0.4499999999999993,0.3266999999999989,0.1718220369479347
2016-09-30,13.602,38725931,13.4807,13.6653,13.3033,Tesla,13.711242857142858,13.827263333333333,0.0165919282511211,0.0150080213957008,30,9,2016,4,3,13.38,13.7513,13.6813,13.634862634811878,0.3620000000000001,-0.12129999999999974,0.17751650493346788
2016-10-03,14.2467,89840085,14.1533,14.3779,13.8833,Tesla,13.780485714285716,13.802153333333331,0.0473974415527127,0.0237274951636393,3,10,2016,0,4,13.602,13.38,13.762,13.787821976108908,0.49460000000000015,-0.09340000000000082,0.2706931561046438
2016-10-04,14.094,53069268,14.2067,14.2213,13.9213,Tesla,13.8182,13.776553333333334,-0.0107182715997389,0.0244816976250814,4,10,2016,1,4,14.2467,13.602,13.83,13.864366482081682,0.29999999999999893,0.11270000000000024,0.2959537351231163
2016-10-05,13.8973,28086826,14.1493,14.21,13.8747,Tesla,13.81314285714286,13.740153333333334,-0.0139562934582091,0.0251560581403541,5,10,2016,2,4,14.094,14.2467,13.9327,13.872599861561262,0.33530000000000015,0.25200000000000067,0.2939668964194203
2016-10-06,13.4,70469020,13.4973,13.614,13.3473,Tesla,13.76732857142857,13.69211,-0.0357839292524446,0.0282298385702912,6,10,2016,3,4,13.8973,14.094,13.7207,13.754449896170946,0.26670000000000016,0.09729999999999883,0.3331535967802335
2016-10-07,13.1073,52342174,13.4,13.4213,13.0533,Tesla,13.67532857142857,13.637996666666668,-0.0218432835820895,0.0289390618483484,7,10,2016,4,4,13.4,13.8973,13.7513,13.59266242212821,0.3680000000000003,0.29269999999999996,0.416749467963189
2016-10-10,13.3967,49670075,13.4233,13.6093,13.3107,Tesla,13.677714285714286,13.595686666666667,0.022079299321752,0.0290819418306886,10,10,2016,0,4,13.1073,13.4,13.38,13.543671816596156,0.29859999999999864,0.02660000000000018,0.4148204006095735
2016-10-11,13.34,34901293,13.4567,13.48,13.2207,Tesla,13.640285714285714,13.56213,-0.0042323855874953,0.0282183126724408,11,10,2016,1,4,13.3967,13.1073,13.602,13.492753862447117,0.25929999999999964,0.1166999999999998,0.4341596842505666
2016-10-12,13.434,29536470,13.3967,13.592,13.3613,Tesla,13.524185714285712,13.540286666666669,0.0070464767616191,0.0189363931855551,12,10,2016,2,4,13.34,13.3967,14.2467,13.478065396835337,0.23070000000000057,-0.03730000000000011,0.3443420848931267
2016-10-13,13.3493,37427081,13.3667,13.393,13.1367,Tesla,13.4178,13.51413,-0.0063048980199493,0.0189120757929959,13,10,2016,3,4,13.434,13.34,14.094,13.445874047626504,0.2563000000000013,0.017400000000000304,0.23738157749349806
2016-10-14,13.1007,63982033,13.3773,13.4287,13.0867,Tesla,13.304,13.504663333333331,-0.0186226993175672,0.019253829206927,14,10,2016,4,4,13.3493,13.434,13.8973,13.359580535719878,0.34199999999999875,0.2766000000000002,0.14028492435027393
2016-10-17,12.9307,67774931,13.1367,13.226,12.8,Tesla,13.236957142857143,13.496176666666669,-0.0129764058409093,0.0153492246494994,17,10,2016,0,4,13.1007,13.3493,13.4,13.25236040178991,0.42600000000000016,0.20599999999999952,0.19006702201355483
2016-10-18,13.2733,85140647,13.066,13.298,12.884,Tesla,13.260671428571428,13.487886666666666,0.0264950853395409,0.0172531100970069,18,10,2016,1,4,12.9307,13.1007,13.1073,13.257595301342432,0.4139999999999997,-0.20730000000000004,0.18134961367731672
2016-10-19,13.5707,104492723,13.316,13.7773,13.204,Tesla,13.285528571428571,13.492,0.0224058824858928,0.0173170123184606,19,10,2016,2,4,13.2733,12.9307,13.3967,13.335871476006824,0.5732999999999997,-0.2546999999999997,0.21237345027312987
2016-10-20,13.2733,76041112,13.4747,13.5333,13.1367,Tesla,13.276,13.495866666666668,-0.0219148606925213,0.0195223364455316,20,10,2016,3,4,13.5707,13.2733,13.34,13.320228607005118,0.3966000000000012,0.20139999999999958,0.21101411485165464
2016-10-21,13.3393,44053598,13.24,13.438,13.1607,Tesla,13.262471428571429,13.508353333333332,0.0049723881777703,0.0194031474752971,21,10,2016,4,4,13.2733,13.5707,13.434,13.324996455253839,0.2773000000000003,-0.0992999999999995,0.20204103307887464
2016-10-24,13.5173,41210139,13.4,13.5964,13.35,Tesla,13.28647142857143,13.518263333333334,0.0133440285472252,0.0198973523204933,24,10,2016,0,4,13.3393,13.2733,13.3493,13.373072341440379,0.2463999999999995,-0.11730000000000018,0.22296856067073764
2016-10-25,13.4893,36631752,13.5267,13.646,13.4133,Tesla,13.341985714285714,13.53224,-0.0020714195882314,0.0179303097236864,25,10,2016,1,4,13.5173,13.3393,13.1007,13.402129256080284,0.23270000000000124,0.03739999999999988,0.2173113851025821
2016-10-26,13.4827,80203355,13.4,13.546,13.34,Tesla,13.420842857142857,13.545196666666667,-0.0004892766859659,0.016485405680393,26,10,2016,2,4,13.4893,13.5173,12.9307,13.422271942060213,0.20599999999999952,-0.08269999999999911,0.12278766030745371
2016-10-27,13.6007,196064752,14.0893,14.2467,13.4433,Tesla,13.467614285714289,13.553176666666667,0.0087519562105513,0.0140054925042847,27,10,2016,3,4,13.4827,13.4893,13.2733,13.466878956545159,0.8033999999999999,0.4885999999999999,0.11953213554748854
2016-10-28,13.3313,64101808,13.6,13.688,13.322,Tesla,13.433414285714289,13.541110000000002,-0.0198078040100876,0.0136271073262087,28,10,2016,4,4,13.6007,13.4827,13.5707,13.432984217408869,0.36600000000000144,0.26869999999999905,0.11936989330874541
2016-10-31,13.182,70369765,13.4993,13.4993,13.054,Tesla,13.420371428571428,13.521976666666664,-0.0111992078792015,0.0115155802242612,31,10,2016,0,4,13.3313,13.6007,13.2733,13.370238163056651,0.4452999999999996,0.31729999999999947,0.14252296556785105
2016-11-01,12.7193,105355057,13.2027,13.2333,12.5403,Tesla,13.3318,13.491196666666667,-0.0351008951600667,0.0168284273577857,1,11,2016,1,4,13.182,13.3313,13.3393,13.207503622292489,0.6929999999999996,0.4833999999999996,0.30328508590647424
2016-11-02,12.5347,63633718,12.67,12.8463,12.5003,Tesla,13.191428571428572,13.452976666666666,-0.0145133773084996,0.0144349411185394,2,11,2016,2,4,12.7193,13.182,13.5173,13.039302716719366,0.3460000000000001,0.1352999999999991,0.41128259836059455
2016-11-03,12.4947,39668230,12.6,12.7647,12.4693,Tesla,13.049342857142856,13.410733333333331,-0.0031911413914972,0.0143300788093637,3,11,2016,3,4,12.5347,12.7193,13.4893,12.903152037539526,0.295399999999999,0.10529999999999973,0.46012772088166864
2016-11-04,12.704,77158686,12.6,12.8973,12.3973,Tesla,12.9381,13.3732,0.0167511024674462,0.0175221294275804,4,11,2016,4,4,12.4947,12.5347,13.4827,12.853364028154644,0.5,-0.10400000000000098,0.43111165993658435
2016-11-07,12.8807,57865201,12.906,12.9527,12.67,Tesla,12.835242857142855,13.338133333333332,0.0139090050377832,0.0184441950897541,7,11,2016,0,4,12.704,12.4947,13.6007,12.860198021115982,0.2827000000000002,0.025300000000001432,0.31763250178534164
2016-11-08,12.996,48793881,12.9193,13.166,12.7507,Tesla,12.787342857142855,13.313976666666669,0.0089513768661642,0.0184729532574217,8,11,2016,1,4,12.8807,12.704,13.3313,12.894148515836987,0.4153000000000002,-0.07670000000000066,0.24800932010123994
2016-11-09,12.6707,122496644,12.4583,12.8,12.2633,Tesla,12.7143,13.277956666666666,-0.0250307787011387,0.020103435087564,9,11,2016,2,4,12.996,12.8807,13.182,12.83828638687774,0.5367000000000015,-0.2124000000000006,0.17774336368277163
2016-11-10,12.3567,101194299,12.7367,12.774,12.028,Tesla,12.662499999999998,13.243846666666666,-0.0247815827065592,0.0178158673961621,10,11,2016,3,4,12.6707,12.996,12.7193,12.717889790158306,0.7459999999999987,0.3800000000000008,0.2230942625885525
2016-11-11,12.5707,59806335,12.2827,12.592,12.2,Tesla,12.667642857142855,13.20947,0.0173185397395745,0.0187206054869613,11,11,2016,4,4,12.3567,12.6707,12.5347,12.68109234261873,0.39200000000000124,-0.28800000000000026,0.22005134141166502
2016-11-14,12.0967,98218646,12.5333,12.55,11.8793,Tesla,12.610785714285711,13.137803333333332,-0.0377067307309855,0.0237448693864851,14,11,2016,0,4,12.5707,12.3567,12.4947,12.534994256964048,0.6707000000000001,0.4366000000000003,0.3065868361413539
2016-11-15,12.2513,58496116,12.1853,12.4287,12.1367,Tesla,12.546114285714284,13.07638,0.012780345052783,0.0231973236245465,15,11,2016,1,4,12.0967,12.5707,12.704,12.464070692723036,0.2919999999999998,-0.06600000000000072,0.3304636259789598
2016-11-16,12.262,51489994,12.1767,12.3153,12.0807,Tesla,12.457728571428571,13.02187,0.0008733767028805,0.0219203294720049,16,11,2016,2,4,12.2513,12.0967,12.8807,12.413553019542277,0.23460000000000036,-0.08530000000000015,0.30803850795131343
2016-11-17,12.5773,73214498,12.2327,12.6327,12.1407,Tesla,12.397914285714288,12.994446666666668,0.0257135866905886,0.024670738157178,17,11,2016,3,4,12.262,12.2513,12.996,12.454489764656708,0.4919999999999991,-0.3445999999999998,0.21167714747185257
2016-11-18,12.3347,78097056,12.71,12.8667,12.3333,Tesla,12.349914285714286,12.968693333333333,-0.0192887185643977,0.0239557272150613,18,11,2016,4,4,12.5773,12.262,12.6707,12.424542323492531,0.5334000000000003,0.3753000000000011,0.17430781612371157
2016-11-21,12.3013,65338047,12.336,12.5927,12.294,Tesla,12.342,12.93218,-0.0027078080537021,0.0220797951256633,21,11,2016,0,4,12.3347,12.5773,12.3567,12.393731742619398,0.2987000000000002,0.03470000000000084,0.1752037575698053
2016-11-22,12.7447,84018528,12.3893,12.7647,12.2473,Tesla,12.366857142857144,12.912336666666668,0.0360449708567387,0.0254638945801823,22,11,2016,1,4,12.3013,12.3347,12.5707,12.48147380696455,0.5174000000000003,-0.3553999999999995,0.21974098280412643
2016-11-23,12.876,73354238,12.7073,13.0429,12.6,Tesla,12.478185714285717,12.893736666666666,0.0103023217494331,0.0183940850613177,23,11,2016,2,4,12.7447,12.3013,12.0967,12.580105355223411,0.44289999999999985,-0.1686999999999994,0.2546892906304174
2016-11-25,13.11,35491452,12.9093,13.1492,12.9093,Tesla,12.600857142857144,12.88576,0.0181733457595527,0.0186844502306203,25,11,2016,4,4,12.876,12.7447,12.2513,12.712579016417559,0.23990000000000045,-0.20069999999999943,0.32444157592762973
2016-11-28,13.0747,67816196,13.032,13.29,12.97,Tesla,12.716957142857142,12.884893333333334,-0.002692601067887,0.0190163818419391,28,11,2016,0,4,13.11,12.876,12.262,12.80310926231317,0.3199999999999985,-0.04269999999999996,0.328360177534382
2016-11-29,12.638,66529647,13.0373,13.1153,12.6333,Tesla,12.72562857142857,12.875136666666666,-0.033400383947624,0.0232090585972554,29,11,2016,1,4,13.0747,13.11,12.5773,12.761831946734876,0.4819999999999993,0.3993000000000002,0.3248400104372729
2016-11-30,12.6267,53173338,12.7333,12.7927,12.5,Tesla,12.767342857142856,12.853583333333336,-0.000894128817851,0.0215196442098318,30,11,2016,2,4,12.638,13.0747,12.3347,12.728048960051158,0.29269999999999996,0.10660000000000025,0.2822254822957709
2016-12-01,12.1253,76786537,12.55,12.5687,12.0667,Tesla,12.7422,12.805403333333334,-0.0397095044627654,0.0271260913774374,1,12,2016,3,4,12.6267,12.638,12.3013,12.577361720038368,0.5019999999999989,0.4247000000000014,0.33379267018106146
2016-12-02,12.098,60602985,12.192,12.3253,12.0,Tesla,12.649814285714283,12.766226666666666,-0.0022514906847664,0.0215175648882992,2,12,2016,4,4,12.1253,12.6267,12.7447,12.457521290028776,0.32530000000000037,0.09399999999999942,0.4130671512339146
2016-12-05,12.4533,61042169,12.1673,12.5927,12.1673,Tesla,12.589428571428572,12.736693333333331,0.0293684906596132,0.0250247217812465,5,12,2016,0,4,12.098,12.1253,12.876,12.45646596752158,0.42540000000000155,-0.28600000000000136,0.4053146255863612
2016-12-06,12.39,50840450,12.368,12.4387,12.1788,Tesla,12.486571428571429,12.699116666666669,-0.0050829900508299,0.0229747577085064,6,12,2016,1,4,12.4533,12.098,13.11,12.439849475641186,0.2599,-0.02200000000000024,0.33674908420692995
2016-12-07,12.8767,81856024,12.41,12.8933,12.3333,Tesla,12.458285714285712,12.678696666666667,0.0392816787732042,0.0291738904119831,7,12,2016,2,4,12.39,12.4533,13.0747,12.54906210673089,0.5600000000000005,-0.46669999999999945,0.28316785027345526
2016-12-08,12.8193,47905236,12.8033,12.8333,12.636,Tesla,12.484185714285717,12.656583333333334,-0.004457663842444,0.0258077375364012,8,12,2016,3,4,12.8767,12.39,12.638,12.616621580048168,0.19730000000000025,-0.016000000000000014,0.30941951257447387
2016-12-09,12.812,40814035,12.7247,12.9224,12.7207,Tesla,12.510657142857143,12.630293333333332,-0.0005694538703362,0.0258012849355623,9,12,2016,4,4,12.8193,12.8767,12.6267,12.665466185036125,0.20169999999999888,-0.08729999999999905,0.3308295979157016
2016-12-12,12.8287,36546402,12.8533,12.9613,12.736,Tesla,12.611142857142855,12.61354,0.0013034655010928,0.0181866431268045,12,12,2016,0,4,12.812,12.8193,12.1253,12.706274638777094,0.22529999999999895,0.024600000000001288,0.2996272175950275
2016-12-13,13.21,102289779,12.8787,13.4187,12.8667,Tesla,12.77,12.614473333333336,0.0297224192630587,0.0191080401845595,13,12,2016,1,4,12.8287,12.812,12.098,12.83220597908282,0.5519999999999996,-0.3313000000000006,0.2760808939422271
2016-12-14,13.246,62209679,13.2493,13.5333,13.1173,Tesla,12.883242857142855,12.63203,0.0027252081756246,0.0178699995476817,14,12,2016,2,4,13.21,12.8287,12.4533,12.935654484312115,0.41600000000000037,0.0032999999999994145,0.28688948427996297
2016-12-15,13.172,48279771,13.2273,13.3827,13.1593,Tesla,12.994957142857142,12.653273333333336,-0.0055865921787708,0.0179369823144527,15,12,2016,3,4,13.246,13.21,12.39,12.994740863234085,0.22339999999999982,0.05529999999999902,0.20271698545122135
2016-12-16,13.4993,56931632,13.2053,13.506,13.1733,Tesla,13.0839,12.68676,0.0248481627695109,0.0143320130034888,16,12,2016,4,4,13.172,13.246,12.8767,13.120880647425563,0.3327000000000009,-0.2940000000000005,0.26819340036615447
2016-12-19,13.5153,52304029,13.4993,13.63,13.3227,Tesla,13.183328571428572,12.713803333333331,0.0011852466424184,0.0137359596224441,19,12,2016,0,4,13.4993,13.172,12.8193,13.219485485569173,0.30730000000000146,-0.016000000000000014,0.2823876514903808
2016-12-20,13.9193,70264000,13.5367,13.9333,13.5,Tesla,13.341514285714286,12.748423333333331,0.0298920482712186,0.0154162705967434,20,12,2016,1,4,13.5153,13.4993,12.812,13.39443911417688,0.43329999999999913,-0.38260000000000005,0.3432847963842103
2016-12-21,13.8467,78092106,13.8967,14.1487,13.8273,Tesla,13.48694285714286,12.77678,-0.0052157795291429,0.0163402961088084,21,12,2016,2,4,13.9193,13.5153,12.8287,13.50750433563266,0.3214000000000006,0.049999999999998934,0.3031101387127508
2016-12-22,13.8967,46626382,13.8813,13.9993,13.7667,Tesla,13.585042857142856,12.817646666666668,0.0036109686784575,0.0142182810686926,22,12,2016,3,4,13.8467,13.9193,13.21,13.604803251724494,0.2325999999999997,-0.015399999999999636,0.3095945835935594
2016-12-23,14.2227,70023910,13.8667,14.23,13.8473,Tesla,13.724571428571428,12.879846666666667,0.0234588067670742,0.0152183850069189,23,12,2016,4,4,13.8967,13.8467,13.246,13.759277438793372,0.3826999999999998,-0.35599999999999987,0.34892020441301697
2016-12-27,14.6353,88699981,14.3253,14.8167,14.2947,Tesla,13.933614285714286,12.948666666666668,0.0290099629465574,0.014806347973383,27,12,2016,1,4,14.2227,13.8967,13.172,13.978283079095029,0.5220000000000002,-0.3100000000000005,0.3976327427353728
2016-12-28,14.6493,56678132,14.7687,14.92,14.48,Tesla,14.0979,13.033753333333332,0.0009565912553892,0.0149792613659787,28,12,2016,2,4,14.6353,14.2227,13.4993,14.146037309321272,0.4399999999999995,0.11940000000000062,0.42491555239446743
2016-12-29,14.312,60646260,14.5707,14.6133,14.2748,Tesla,14.211714285714285,13.102443333333332,-0.0230249909551992,0.0198523853800723,29,12,2016,3,4,14.6493,14.6353,13.5153,14.187527981990954,0.3384999999999998,0.25870000000000104,0.3413355066430606
2016-12-30,14.246,69619285,14.42,14.5,14.112,Tesla,14.258385714285714,13.168576666666668,-0.0046115148127444,0.0177994184763733,30,12,2016,4,4,14.312,14.6493,13.9193,14.202145986493216,0.3879999999999999,0.1739999999999995,0.31609107563371397
2017-01-03,14.466,88522366,14.324,14.6887,14.064,Tesla,14.346857142857145,13.231533333333337,0.0154429313491506,0.0178348002729709,3,1,2017,1,1,14.246,14.312,13.8467,14.268109489869913,0.6247000000000007,-0.14199999999999946,0.2640421737599053
2017-01-04,15.1327,168068316,14.3167,15.2,14.2873,Tesla,14.523428571428571,13.324800000000002,0.0460873772984931,0.0231571501423694,4,1,2017,2,1,14.466,14.246,13.8967,14.484257117402434,0.9126999999999992,-0.815999999999999,0.3201496718427354
2017-01-05,15.1167,88633861,15.0947,15.1653,14.7967,Tesla,14.651142857142856,13.418646666666666,-0.0010573129712476,0.0230727015624003,5,1,2017,3,1,15.1327,14.466,14.2227,14.642367838051825,0.3686000000000007,-0.02200000000000024,0.35644813020112354
2017-01-06,15.2673,82862254,15.1287,15.354,15.03,Tesla,14.741428571428573,13.502733333333332,0.0099624918136895,0.0213764816496006,6,1,2017,4,1,15.1167,15.1327,14.6353,14.798600878538869,0.32399999999999984,-0.13860000000000028,0.4251802900508122
2017-01-09,15.4187,59590710,15.2647,15.4613,15.2,Tesla,14.851342857142855,13.58749,0.0099166191795536,0.0212746507531526,9,1,2017,0,1,15.2673,15.1167,14.6493,14.953625658904151,0.2613000000000003,-0.15399999999999991,0.49164867828279973
2017-01-10,15.3247,54884688,15.4667,15.4667,15.126,Tesla,14.996014285714285,13.661313333333334,-0.0060964932192726,0.0179200641521102,10,1,2017,1,1,15.4187,15.2673,14.312,15.046394244178114,0.3407,0.14199999999999946,0.45405176807862835
2017-01-11,15.3153,54748623,15.2713,15.332,15.112,Tesla,15.14877142857143,13.736,-0.0006133888428484,0.0174358004964571,11,1,2017,2,1,15.3247,15.4187,14.246,15.113620683133584,0.22000000000000064,-0.04400000000000048,0.31965001024201384
2017-01-12,15.306,56813177,15.2707,15.38,15.0387,Tesla,15.268771428571428,13.824933333333332,-0.0006072359013535,0.0177333585691879,12,1,2017,3,1,15.3153,15.3247,14.466,15.161715512350188,0.3413000000000004,-0.03529999999999944,0.10862839890068869
2017-01-13,15.85,91284104,15.3333,15.8567,15.306,Tesla,15.371242857142857,13.932376666666666,0.0355416176662746,0.0140453660207606,13,1,2017,4,1,15.306,15.3153,15.1327,15.333786634262642,0.5507000000000009,-0.5167000000000002,0.22971331304604575
2017-01-17,15.7053,69220930,15.78,15.9973,15.6247,Tesla,15.45532857142857,14.051709999999998,-0.0091293375394322,0.0150834072295889,17,1,2017,1,1,15.85,15.306,15.1167,15.426664975696982,0.3725999999999985,0.07469999999999999,0.2287351067233419
2017-01-18,15.8907,56509052,15.7767,15.9807,15.7053,Tesla,15.544385714285712,14.178133333333331,0.0118049320929878,0.0151885854822002,18,1,2017,2,1,15.7053,15.85,15.2673,15.542673731772737,0.2754000000000012,-0.11400000000000077,0.26223202466905116
2017-01-19,16.2507,115758602,16.4833,16.5787,16.05,Tesla,15.663242857142857,14.304713333333334,0.0226547603315145,0.0164687907366573,19,1,2017,3,1,15.8907,15.7053,15.4187,15.719680298829552,0.5287000000000006,0.23260000000000147,0.36441451607193337
2017-01-20,16.3153,62995769,16.364,16.4,16.2007,Tesla,15.804757142857142,14.435556666666663,0.003975213375424,0.0154777210658153,20,1,2017,4,1,16.2507,15.8907,15.3247,15.868585224122164,0.19929999999999737,0.04870000000000019,0.40149114501312483
2017-01-23,16.5947,93931408,16.39,16.726,16.3667,Tesla,15.98752857142857,14.55949,0.0171250298799285,0.0150711217272692,23,1,2017,0,1,16.3153,16.2507,15.3153,16.050113918091622,0.3592999999999975,-0.204699999999999,0.43161991270998
2017-01-24,16.974,74372123,16.6667,16.9867,16.6433,Tesla,16.225814285714286,14.69798,0.0228566952099165,0.0144958152076028,24,1,2017,1,1,16.5947,16.3153,15.306,16.281085438568716,0.34339999999999904,-0.30730000000000146,0.4525775455787348
2017-01-25,16.9647,77179476,17.154,17.2307,16.7867,Tesla,16.385057142857143,14.836403333333331,-0.0005478967833156,0.012197828490157,25,1,2017,2,1,16.974,16.5947,15.85,16.451989078926538,0.44399999999999906,0.18929999999999936,0.4926402198264511
2017-01-26,16.834,47155731,16.9527,17.0493,16.7167,Tesla,16.5463,14.969913333333334,-0.0077042329071542,0.011835353669314,26,1,2017,3,1,16.9647,16.974,15.7053,16.547491809194902,0.33259999999999934,0.11870000000000047,0.4110254290594705
2017-01-27,16.8633,47426586,16.7587,16.8667,16.568,Tesla,16.685242857142857,15.09169,0.0017405251277176,0.0121889118187624,27,1,2017,4,1,16.834,16.9647,15.8907,16.626443856896177,0.2987000000000002,-0.1045999999999978,0.3025428997525379
2017-01-30,16.7087,56979542,16.8353,17.0193,16.4733,Tesla,16.75067142857143,15.207113333333332,-0.0091678378490567,0.0120000041027745,30,1,2017,0,1,16.8633,16.834,16.2507,16.647007892672136,0.5460000000000029,0.12659999999999982,0.23485800472020216
2017-01-31,16.7953,61680164,16.616,17.0593,16.5133,Tesla,16.819242857142857,15.32789,0.0051829286539348,0.0120076029760922,31,1,2017,1,1,16.7087,16.8633,16.3153,16.6840809195041,0.5459999999999994,-0.17930000000000135,0.13569502394714422
2017-02-01,16.616,59296545,16.87,16.88,16.6033,Tesla,16.822285714285716,15.43178,-0.0106756056753973,0.0116159982828506,1,2,2017,2,1,16.7953,16.7087,16.5947,16.667060689628077,0.27669999999999817,0.25400000000000134,0.129937285239629
2017-02-02,16.77,37481966,16.556,16.828,16.514,Tesla,16.793142857142858,15.54027,0.0092681752527683,0.0076726900993932,2,2,2017,3,1,16.616,16.7953,16.974,16.692795517221057,0.31400000000000006,-0.21399999999999864,0.11185825639627274
2017-02-03,16.7553,32778434,16.794,16.8119,16.6453,Tesla,16.763228571428574,15.634803333333332,-0.0008765652951699,0.007665463030415,3,2,2017,4,1,16.77,16.616,16.9647,16.70842163791579,0.16660000000000252,0.03870000000000218,0.08247200968301419
2017-02-06,17.1847,53363973,16.7333,17.188,16.7087,Tesla,16.81332857142857,15.74607,0.0256277118284962,0.0123001330311361,6,2,2017,0,1,16.7553,16.77,16.834,16.82749122843684,0.4792999999999985,-0.4513999999999996,0.180678948361889
2017-02-07,17.1653,63660913,17.2127,17.3333,17.0947,Tesla,16.856471428571428,15.855023333333332,-0.0011289111826218,0.0123970861130061,7,2,2017,1,1,17.1847,16.7553,16.8633,16.91194342132763,0.2386000000000017,0.04740000000000322,0.2251765582407736
2017-02-08,17.472,58686391,17.1567,17.5573,17.08,Tesla,16.965514285714285,15.963333333333331,0.0178674418740134,0.0123294574083588,8,2,2017,2,1,17.1653,17.1847,16.7087,17.05195756599572,0.47730000000000317,-0.3153000000000006,0.310385112554473
2017-02-09,17.9467,117188941,17.75,18.0787,17.7433,Tesla,17.13,16.073713333333334,0.0271691849816848,0.0145487243045797,9,2,2017,3,1,17.472,17.1653,16.7953,17.275643174496793,0.3353999999999999,-0.19669999999999987,0.4694672796552398
2017-02-10,17.9487,54275013,17.986,18.0633,17.7407,Tesla,17.320385714285713,16.183693333333334,0.0001114411005922,0.01246423826539,10,2,2017,4,1,17.9467,17.472,16.616,17.443907380872595,0.32260000000000133,0.03730000000000189,0.4957727652484963
2017-02-13,18.7067,105346027,18.0493,18.7193,18.034,Tesla,17.597057142857143,16.33018333333333,0.0422314708028994,0.0170271495730794,13,2,2017,0,1,17.9487,17.9467,16.77,17.759605535654448,0.6853000000000016,-0.6574000000000026,0.6529238236762862
2017-02-14,18.732,110121695,18.602,19.1593,18.574,Tesla,17.879442857142855,16.47971666666667,0.0013524566064564,0.0166793332655941,14,2,2017,1,1,18.7067,17.9487,16.7553,18.002704151740836,0.5853000000000002,-0.129999999999999,0.6556428749891805
2017-02-15,18.6507,74158148,18.6667,18.816,18.4293,Tesla,18.088871428571423,16.619206666666667,-0.0043401665598974,0.0176657513577821,15,2,2017,2,1,18.732,18.7067,17.1847,18.16470311380563,0.3866999999999976,0.015999999999998238,0.6303905052012605
2017-02-16,17.93,105957847,18.5067,18.6667,17.9,Tesla,18.198114285714286,16.71245,-0.0386419812661187,0.0259992999972962,16,2,2017,3,1,18.6507,18.732,17.1653,18.10602733535422,0.7667000000000002,0.5766999999999989,0.49549151835545346
2017-02-17,18.1487,93771988,17.72,18.1927,17.61,Tesla,18.29478571428572,16.81351666666667,0.0121974344673732,0.0256737079142312,17,2,2017,4,1,17.93,18.6507,17.472,18.116695501515665,0.5826999999999991,-0.42870000000000275,0.3835912165689745
2017-02-21,18.4927,84713583,18.3633,18.76,18.2673,Tesla,18.372785714285715,16.92103,0.018954525668505,0.0246994406772948,21,2,2017,1,1,18.1487,17.93,17.9467,18.210696626136748,0.4927000000000028,-0.1294000000000004,0.3554977094565739
2017-02-22,18.234,128067101,18.6873,18.8967,18.1733,Tesla,18.413542857142858,17.014873333333334,-0.0139893038874797,0.0256776035113479,22,2,2017,2,1,18.4927,18.1487,17.9487,18.21652246960256,0.723399999999998,0.4532999999999987,0.3125317309609447
2017-02-23,17.066,223156238,17.6,17.644,17.0373,Tesla,18.179157142857143,17.072916666666668,-0.0640561588241748,0.0294429761080745,23,2,2017,3,1,18.234,18.4927,18.7067,17.928891852201918,0.6067,0.5340000000000025,0.5673667974577197
2017-02-24,17.1333,122502974,16.844,17.2167,16.68,Tesla,17.95077142857143,17.133516666666665,0.0039435134184928,0.0296637546012861,24,2,2017,4,1,17.066,18.234,18.732,17.729993889151437,0.5366999999999997,-0.2892999999999972,0.6264306551523143
2017-02-27,16.4153,171752314,16.5447,16.5573,16.134,Tesla,17.63142857142857,17.170493333333336,-0.0419066963165297,0.0313395994324641,27,2,2017,0,1,17.1333,17.066,18.6507,17.401320416863577,0.4233000000000011,0.1294000000000004,0.7646792000884234
2017-02-28,16.666,91108304,16.2793,16.7333,16.26,Tesla,17.450857142857142,17.197693333333333,0.0152723373925547,0.0319379572989869,28,2,2017,1,1,16.4153,17.1333,17.93,17.217490312647683,0.4732999999999983,-0.38670000000000115,0.8289622847416221
2017-03-01,16.668,72074409,16.9453,16.99,16.6073,Tesla,17.23932857142857,17.229783333333334,0.0001200048001919,0.0308504014784256,1,3,2017,2,1,16.666,16.4153,18.1487,17.08011773448576,0.3826999999999998,0.2773000000000003,0.8099116324520723
2017-03-02,16.6987,50186240,16.6473,16.8853,16.5513,Tesla,16.98304285714286,17.256716666666666,0.0018418526517878,0.0286167066855598,2,3,2017,3,1,16.668,16.666,18.4927,16.98476330086432,0.33399999999999963,-0.05139999999999745,0.6051589126204986
2017-03-03,16.7713,43882193,16.716,16.7933,16.6,Tesla,16.774085714285714,17.27407,0.0043476438285616,0.0294566177286748,3,3,2017,4,1,16.6987,16.668,18.234,16.93139747564824,0.19329999999999714,-0.05529999999999902,0.2488652609253464
2017-03-06,16.7473,50303990,16.5273,16.78,16.5007,Tesla,16.72855714285714,17.28847,-0.0014310160810432,0.0181842316305181,6,3,2017,0,1,16.7713,16.6987,17.066,16.88537310673618,0.27930000000000277,-0.21999999999999886,0.21314982099611623
2017-03-07,16.5727,51788779,16.7947,16.926,16.5547,Tesla,16.64847142857143,17.287736666666667,-0.0104255611352276,0.0181407239696691,7,3,2017,1,1,16.7473,16.7713,17.1333,16.807204830052132,0.37129999999999797,0.22199999999999775,0.12122684953348883
2017-03-08,16.458,55901162,16.4667,16.6713,16.3547,Tesla,16.654571428571426,17.270536666666665,-0.0069210207147901,0.0082972925625911,8,3,2017,2,1,16.5727,16.7473,16.4153,16.7199036225391,0.31659999999999755,0.00870000000000104,0.10787776592583288
2017-03-09,16.3267,58147381,16.5087,16.5773,16.2,Tesla,16.6061,17.24927,-0.0079778830963664,0.0055509215573541,9,3,2017,3,1,16.458,16.5727,16.666,16.621602716904324,0.37730000000000175,0.18200000000000216,0.16368077671755035
2017-03-10,16.246,45941752,16.414,16.4333,16.2,Tesla,16.545814285714282,17.22967,-0.0049428237182039,0.005416889791382,10,3,2017,4,1,16.3267,16.458,16.668,16.527702037678242,0.23329999999999984,0.1680000000000028,0.2086257448848585
2017-03-13,16.4113,45169177,16.3213,16.4567,16.1854,Tesla,16.50475714285714,17.214603333333333,0.0101748122614799,0.0073824492582659,13,3,2017,0,1,16.246,16.3267,16.6987,16.498601528258682,0.2713000000000001,-0.08999999999999986,0.20168805829134062
2017-03-14,17.2,113725728,16.4073,17.208,16.4013,Tesla,16.566,17.23098,0.0480583500393021,0.020652946013298,14,3,2017,1,1,16.4113,16.246,16.7713,16.67395114619401,0.8066999999999993,-0.7927,0.32407076387756945
2017-03-15,17.0487,78500436,17.1333,17.4,16.9513,Tesla,16.609057142857143,17.239426666666663,-0.0087965116279069,0.021145080151309,15,3,2017,2,1,17.2,16.4113,16.7473,16.767638359645506,0.44869999999999877,0.08459999999999823,0.36907165906366135
2017-03-16,17.47,106907647,17.4933,17.7167,17.2707,Tesla,16.737242857142856,17.267893333333333,0.0247115615853408,0.0216634749810175,16,3,2017,3,1,17.0487,17.2,16.5727,16.94322876973413,0.44599999999999795,0.02330000000000254,0.49026575397840183
2017-03-17,17.4333,97365221,17.6,17.6887,17.4133,Tesla,16.876571428571427,17.290003333333335,-0.002100744132799,0.0211905565188877,17,3,2017,4,1,17.47,17.0487,16.458,17.065746577300597,0.2754000000000012,0.1667000000000023,0.5342900077496879
2017-03-20,17.4613,54024213,17.3733,17.6367,17.2547,Tesla,17.038657142857144,17.313536666666664,0.0016061216178235,0.020240813545546,20,3,2017,0,1,17.4333,17.47,16.3267,17.164634932975446,0.38200000000000145,-0.08800000000000097,0.5112796588209128
2017-03-21,16.712,103523273,17.522,17.6533,16.6827,Tesla,17.105228571428572,17.29778,-0.0429120397679441,0.0283272586261309,21,3,2017,1,1,17.4613,17.4333,16.246,17.051476199731585,0.970600000000001,0.8099999999999987,0.41146457812045323
2017-03-22,17.0007,60850995,16.7707,17.0047,16.7007,Tesla,17.18942857142857,17.29229333333333,0.0172750119674485,0.0286935988907721,22,3,2017,2,1,16.712,17.4613,16.4113,17.03878214979869,0.3039999999999985,-0.22999999999999687,0.28739649565454845
2017-03-23,16.9853,49647635,17.026,17.1781,16.8867,Tesla,17.158757142857144,17.27607,-0.0009058450534389,0.0216719854173887,23,3,2017,3,1,17.0007,16.712,17.2,17.025411612349014,0.29139999999999944,0.04070000000000107,0.2973639849141732
2017-03-24,17.544,84564978,17.0467,17.5927,17.0007,Tesla,17.229514285714284,17.26264666666667,0.0328931487815935,0.0248556626105296,24,3,2017,4,1,16.9853,17.0007,17.0487,17.15505870926176,0.5920000000000023,-0.4972999999999992,0.32450102942127984
2017-03-27,18.0147,93320368,17.3733,18.038,17.3167,Tesla,17.30732857142857,17.264846666666664,0.0268296853625171,0.0251556984581365,27,3,2017,0,1,17.544,16.9853,17.47,17.36996903194632,0.7212999999999994,-0.6414000000000009,0.4374363371370251
2017-03-28,18.4967,119679915,18.468,18.712,18.3333,Tesla,17.459242857142858,17.25784666666667,0.0267559271039761,0.0262039450256059,28,3,2017,1,1,18.0147,17.544,17.4333,17.65165177395974,0.3786999999999985,-0.028700000000000614,0.6305147681516993
2017-03-29,18.492,55087862,18.556,18.64,18.3693,Tesla,17.606485714285714,17.249846666666667,-0.0002540993798894,0.0262982257690901,29,3,2017,2,1,18.4967,18.0147,17.4613,17.861738830469804,0.2707000000000015,0.06400000000000006,0.7416325582313856
2017-03-30,18.528,62121524,18.536,18.8,18.4807,Tesla,17.865914285714286,17.24575666666667,0.0019467878001295,0.0144886356990781,30,3,2017,3,1,18.492,18.4967,16.712,18.028304122852354,0.3193000000000019,0.008000000000002672,0.6925887077447284
2017-03-31,18.5533,49405445,18.582,18.6453,18.4213,Tesla,18.087714285714288,17.26653333333333,0.001365500863558,0.0152861602840758,31,3,2017,4,1,18.528,18.492,17.0007,18.159553092139266,0.2240000000000002,0.028700000000000614,0.6134073399969989
2017-04-03,19.9013,207972646,19.1267,19.9333,18.972,Tesla,18.504285714285714,17.324953333333333,0.0726555383678375,0.025962022422111,3,4,2017,0,2,18.5533,18.528,16.9853,18.59498981910445,0.9612999999999978,-0.7745999999999995,0.7207247496528901
2017-04-04,20.2467,151623374,19.7927,20.3207,19.6353,Tesla,18.890385714285717,17.383419999999997,0.0173556501334084,0.0256545968774395,4,4,2017,1,2,19.9013,18.5533,17.544,19.007917364328335,0.6853999999999978,-0.4540000000000006,0.8353653301174567
2017-04-05,19.6667,117878416,20.136,20.3253,19.6133,Tesla,19.126385714285718,17.431176666666666,-0.0286466436505703,0.031450026667649,5,4,2017,2,2,20.2467,19.9013,18.0147,19.17261302324625,0.7119999999999997,0.4693000000000005,0.7781364285451042
2017-04-06,19.9133,82765924,19.792,20.1293,19.6067,Tesla,19.328757142857143,17.526086666666668,0.0125389617983697,0.0308692490574263,6,4,2017,3,2,19.6667,20.2467,18.4967,19.357784767434687,0.5226000000000006,-0.12129999999999797,0.771257462108157
2017-04-07,20.1693,68499446,19.8333,20.1793,19.81,Tesla,19.568371428571428,17.627286666666667,0.0128557295877629,0.0304681340676288,7,4,2017,4,2,19.9133,19.6667,18.492,19.560663575576015,0.3693000000000026,-0.3359999999999985,0.7272634981316428
2017-04-10,20.826,114804288,20.61,20.9153,20.5807,Tesla,19.896657142857144,17.77431,0.0325593848076035,0.0308341914968189,10,4,2017,0,2,20.1693,19.9133,18.528,19.876997681682013,0.33459999999999823,-0.21600000000000108,0.697415409105328
2017-04-11,20.5807,85770752,20.892,20.898,20.3667,Tesla,20.186285714285717,17.904799999999998,-0.0117785460482089,0.0323261893576885,11,4,2017,1,2,20.826,20.1693,18.5533,20.052923261261512,0.5312999999999981,0.31129999999999924,0.4071123449724885
2017-04-12,19.7893,90654675,20.4227,20.5632,19.7547,Tesla,20.170285714285715,18.008843333333335,-0.0384535025533631,0.0262044653621455,12,4,2017,2,2,20.5807,20.826,19.9013,19.987017445946133,0.8084999999999987,0.6333999999999982,0.4221041673516907
2017-04-13,20.2667,139135160,19.78,20.4927,19.6867,Tesla,20.173142857142857,18.127776666666666,0.0241241478981064,0.0270836887135846,13,4,2017,3,2,19.7893,20.5807,20.2467,20.0569380844596,0.8060000000000009,-0.486699999999999,0.4227747621656663
2017-04-17,20.096,61920974,20.18,20.2667,19.912,Tesla,20.234471428571428,18.2386,-0.0084226835153231,0.0244081646302017,17,4,2017,0,2,20.2667,19.7893,19.6667,20.0667035633447,0.3547000000000011,0.08399999999999963,0.3641358021142414
2017-04-18,20.0167,45513352,19.98,20.056,19.86,Tesla,20.249242857142857,18.34758,-0.0039460589171974,0.0241674689577961,18,4,2017,1,2,20.096,20.2667,19.9133,20.054202672508524,0.1960000000000015,-0.03669999999999973,0.35078845409197823
2017-04-19,20.368,58367146,20.164,20.4413,20.1407,Tesla,20.27762857142857,18.47409,0.0175503454615395,0.0246126288286372,19,4,2017,2,2,20.0167,20.096,20.1693,20.13265200438139,0.3005999999999993,-0.20399999999999707,0.35128037099737175
2017-04-20,20.1673,92189369,20.434,20.61,20.0153,Tesla,20.18352857142857,18.59773333333333,-0.0098536920659857,0.020638392226833,20,4,2017,3,2,20.368,20.0167,20.826,20.141314003286045,0.5946999999999996,0.26670000000000016,0.25490681117102065
2017-04-21,20.3733,67529336,20.1333,20.4267,20.028,Tesla,20.1539,18.73262,0.0102145552453725,0.0209983191609426,21,4,2017,4,2,20.1673,20.368,20.5807,20.199310502464535,0.3987000000000016,-0.240000000000002,0.20896091341147396
2017-04-24,20.5353,76166527,20.6147,20.7033,20.4014,Tesla,20.26047142857143,18.875596666666663,0.0079515836904182,0.0131592865033097,24,4,2017,0,2,20.3733,20.1673,19.7893,20.2833078768484,0.30189999999999984,0.07939999999999969,0.18028611255829669
2017-04-25,20.9193,101012379,20.5333,20.932,20.3907,Tesla,20.3537,19.025863333333334,0.0186995076770244,0.0119777469049236,25,4,2017,1,2,20.5353,20.3733,20.2667,20.442305907636303,0.5412999999999997,-0.38599999999999923,0.30773197753960463
2017-04-26,20.678,70246930,20.8247,20.9667,20.6,Tesla,20.43684285714286,19.141796666666668,-0.0115348027897682,0.0125840557839418,26,4,2017,2,2,20.9193,20.5353,20.096,20.50122943072723,0.366699999999998,0.14669999999999916,0.30511360647729757
2017-04-27,20.5753,51939919,20.7793,20.8727,20.5,Tesla,20.51664285714286,19.25935,-0.004966631202244,0.0126989364783596,27,4,2017,3,2,20.678,20.9193,20.0167,20.519747073045423,0.37269999999999825,0.20400000000000063,0.24380318467482565
2017-04-28,20.938,67449851,20.6553,20.9867,20.5333,Tesla,20.598071428571423,19.37495,0.0176279325210324,0.0127127521248888,28,4,2017,4,2,20.5753,20.678,20.368,20.624310304784068,0.45339999999999847,-0.2826999999999984,0.2785895470306332
2017-05-01,21.522,132298254,20.992,21.8167,20.9873,Tesla,20.7916,19.51124,0.0278918712388958,0.0138055271547897,1,5,2017,0,2,20.938,20.5753,20.1673,20.84873272858805,0.8293999999999997,-0.5299999999999976,0.38113419334112525
2017-05-02,21.2593,79748225,21.6,21.844,21.104,Tesla,20.91817142857143,19.63784,-0.0122061146733574,0.0160127138219231,2,5,2017,1,2,21.522,20.938,20.3733,20.951374546441038,0.740000000000002,0.3407000000000018,0.36587925018337614
2017-05-03,20.7347,103188833,21.178,21.4353,20.6967,Tesla,20.94665714285714,19.77193,-0.0246762593312103,0.0197367068924374,3,5,2017,2,2,21.2593,21.522,20.5353,20.897205909830777,0.7386000000000017,0.4433000000000007,0.337786159462277
2017-05-04,19.6973,212039744,20.4957,20.518,19.384,Tesla,20.772085714285712,19.861816666666662,-0.0500320718409237,0.0259123008311033,4,5,2017,3,2,20.7347,21.2593,20.9193,20.597229432373084,1.1340000000000003,0.7984000000000009,0.5818670393045371
2017-05-05,20.5567,121761674,19.8667,20.57,19.7867,Tesla,20.75475714285714,19.98086333333333,0.0436303452757484,0.0323445635289676,5,5,2017,4,2,19.6973,20.7347,20.678,20.58709707427981,0.7833000000000006,-0.6899999999999977,0.5869202724313852
2017-05-08,20.4793,105043552,20.7267,20.9193,20.388,Tesla,20.74104285714285,20.07870666666667,-0.0037651957755865,0.0323194091439095,8,5,2017,0,2,20.5567,19.6973,20.5753,20.560147805709857,0.5312999999999981,0.2474000000000025,0.5929035386898368
2017-05-09,21.4173,144950538,20.6253,21.466,20.6067,Tesla,20.809514285714283,20.192126666666663,0.0458023467598991,0.0364080776474139,9,5,2017,1,2,20.4793,20.5567,20.938,20.77443585428239,0.8593000000000011,-0.7920000000000016,0.644841180520984
2017-05-10,21.6813,86017817,21.4373,21.7,21.208,Tesla,20.832271428571428,20.29828,0.0123264837304422,0.0351453162793801,10,5,2017,2,2,21.4173,20.4793,21.522,21.001151890711796,0.4920000000000009,-0.24399999999999977,0.6762235964393817
2017-05-11,21.54,71207544,21.56,21.7333,21.3067,Tesla,20.87237142857143,20.39988,-0.0065171368875482,0.0348377452378818,11,5,2017,3,2,21.6813,21.4173,21.2593,21.13586391803385,0.42660000000000053,0.019999999999999574,0.71308489142697
2017-05-12,21.654,61779164,21.6987,21.8,21.4353,Tesla,21.0037,20.50408,0.005292479108635,0.0327343336068694,12,5,2017,4,2,21.54,21.6813,20.7347,21.265397938525386,0.36469999999999914,0.04469999999999885,0.7661809860168811
2017-05-15,21.0587,114102753,21.2253,21.3467,20.8353,Tesla,21.19818571428572,20.58759333333333,-0.0274914565438255,0.0267961834315893,15,5,2017,0,2,21.654,21.54,19.6973,21.21372345389404,0.5113999999999983,0.16659999999999897,0.5088829283463725
2017-05-16,21.134,62115959,21.1727,21.3373,21.0093,Tesla,21.28065714285714,20.62868333333333,0.003575719298912,0.0222898465374166,16,5,2017,1,2,21.0587,21.654,20.5567,21.19379259042053,0.3279999999999994,0.038699999999998624,0.4279361590131805
2017-05-17,20.4073,100434805,20.9593,20.9753,20.3667,Tesla,21.27037142857143,20.634036666666663,-0.0343853506198542,0.0266799553330224,17,5,2017,2,2,21.134,21.0587,20.4793,20.997169442815398,0.6085999999999991,0.5519999999999996,0.4506689461767875
2017-05-18,20.8707,84137253,20.4667,20.9293,20.354,Tesla,21.192285714285717,20.67417,0.0227075605298103,0.0208298075036394,18,5,2017,3,2,20.4073,21.134,21.4173,20.96555208211155,0.5753000000000021,-0.4039999999999999,0.46798906478931573
2017-05-19,20.722,69818665,21.0333,21.1,20.68,Tesla,21.05524285714285,20.701126666666664,-0.0071248209211955,0.0196296658075628,19,5,2017,4,2,20.8707,20.4073,21.6813,20.904664061583663,0.4200000000000017,0.31129999999999924,0.44057747278347903
2017-05-22,20.69,64864543,20.8533,20.958,20.4533,Tesla,20.933814285714284,20.71848333333333,-0.0015442524852813,0.0197093751230406,22,5,2017,0,2,20.722,20.8707,21.54,20.850998046187748,0.5046999999999997,0.16329999999999956,0.3999686713927742
2017-05-23,20.2573,64713973,20.6973,20.7153,20.232,Tesla,20.734285714285715,20.699526666666667,-0.0209134847752537,0.0197915268511632,23,5,2017,1,2,20.69,20.722,21.654,20.702573534640813,0.48329999999999984,0.4399999999999977,0.32149966007606784
2017-05-24,20.6813,75527842,20.434,20.7333,20.36,Tesla,20.680371428571423,20.70288,0.0209307262073425,0.0208138147554267,24,5,2017,2,2,20.2573,20.69,21.0587,20.69725515098061,0.3733000000000004,-0.2472999999999992,0.28792006827371314
2017-05-25,21.122,75006442,20.7347,21.1313,20.5207,Tesla,20.678657142857144,20.74730333333333,0.0213091053270344,0.0226588595287479,25,5,2017,3,2,20.6813,20.2573,21.134,20.803441363235457,0.610599999999998,-0.38729999999999976,0.28478768031218743
2017-05-26,21.676,116895077,21.152,21.6993,21.0873,Tesla,20.8599,20.79428,0.0262285768393144,0.0184585229504446,26,5,2017,4,2,21.122,20.6813,20.4073,21.02158102242659,0.6120000000000019,-0.5239999999999974,0.4430461601238163
2017-05-30,22.34,116572982,21.7333,22.4187,21.7173,Tesla,21.0698,20.86908,0.0306329581103526,0.019657916239971,30,5,2017,1,2,21.676,21.122,20.8707,21.351185766819945,0.7013999999999996,-0.6067,0.7141326557443403
2017-05-31,22.734,149063265,22.5127,22.8593,22.344,Tesla,21.35722857142857,20.959656666666667,0.0176365264100268,0.018255018275324,31,5,2017,2,2,22.34,21.676,20.722,21.69688932511496,0.5152999999999999,-0.22130000000000294,0.9246804145476926
2017-06-01,22.6913,114026403,22.9333,22.992,22.486,Tesla,21.643128571428573,21.0371,-0.0018782440397643,0.0183011752611287,1,6,2017,3,2,22.734,22.34,20.69,21.945491993836217,0.5060000000000002,0.24200000000000088,0.9910082537739533
2017-06-02,22.6567,83759238,22.6513,22.8587,22.3953,Tesla,21.985900000000004,21.12008,-0.0015248134747677,0.0129126571155303,2,6,2017,4,2,22.6913,22.734,20.2573,22.123293995377164,0.46340000000000003,-0.005400000000001626,0.8343604936319946
2017-06-05,23.1547,101537559,22.5667,23.2293,22.2807,Tesla,22.339242857142857,21.21279333333333,0.0219802530818697,0.0129827707650312,5,6,2017,0,2,22.6567,22.6913,20.6813,22.381145496532874,0.948599999999999,-0.5879999999999974,0.7032186309090831
2017-06-06,23.5233,165478717,22.98,23.9662,22.6647,Tesla,22.682285714285715,21.312393333333333,0.0159190142821976,0.0127974966264372,6,6,2017,1,2,23.1547,22.6567,21.122,22.66668412239966,1.3015000000000008,-0.5432999999999986,0.5864669624929851
2017-06-07,23.9767,140230310,23.756,24.0333,23.676,Tesla,23.010957142857144,21.414306666666665,0.0192745065530772,0.0120821746967551,7,6,2017,2,2,23.5233,23.1547,21.676,22.994188091799742,0.35730000000000217,-0.22070000000000078,0.5730596299900452
2017-06-08,24.6667,135430087,24.25,24.7933,24.0147,Tesla,23.343342857142854,21.547263333333333,0.0287779385820399,0.0116851443389513,8,6,2017,3,2,23.9767,23.5233,22.34,23.412316068849805,0.7785999999999973,-0.41669999999999874,0.7624874990391649
2017-06-09,23.8213,258750771,24.9613,25.1247,23.6533,Tesla,23.49867142857143,21.655463333333334,-0.0342729266582071,0.0215397853464103,9,6,2017,4,2,24.6667,23.9767,22.734,23.514562051637355,1.4713999999999992,1.1400000000000006,0.7276192541763495
2017-06-12,23.934,157617821,23.866,24.3,23.3747,Tesla,23.6762,21.75533,0.0047310600177152,0.0212337242317547,12,6,2017,0,2,23.8213,24.6667,22.6913,23.619421538728016,0.9253,-0.06800000000000139,0.6446738529420889
2017-06-13,25.0633,176600462,24.508,25.0667,24.4407,Tesla,24.02,21.873373333333333,0.0471839224534136,0.0252536014404213,13,6,2017,1,2,23.934,23.8213,22.6567,23.98039115404601,0.6260000000000012,-0.5553000000000026,0.6520357019881702
2017-06-14,25.3773,191677104,25.4057,25.6167,25.0873,Tesla,24.337514285714285,22.01064,0.0125282783990934,0.0250575715028028,14,6,2017,2,2,25.0633,23.934,23.1547,24.32961836553451,0.5294000000000025,0.02839999999999776,0.6998470414519993
2017-06-15,25.0227,156189672,24.8333,25.0307,24.4327,Tesla,24.551714285714286,22.15357333333333,-0.0139731177075576,0.0270354831525137,15,6,2017,3,2,25.3773,25.0633,23.5233,24.502888774150883,0.597999999999999,-0.18939999999999912,0.6356202179203552
2017-06-16,24.76,95211702,25.1983,25.2007,24.6733,Tesla,24.663614285714285,22.32233,-0.0104984673916084,0.0275200724145638,16,6,2017,4,2,25.0227,25.3773,23.9767,24.567166580613165,0.5274000000000001,0.43829999999999814,0.5844040566501244
2017-06-19,24.6533,96501462,25.0,25.1133,24.52,Tesla,24.6617,22.458883333333336,-0.0043093699515347,0.0255083563627914,19,6,2017,0,2,24.76,25.0227,24.6667,24.588699935459875,0.5932999999999993,0.34669999999999845,0.584414210984427
2017-06-20,24.816,111286594,25.1113,25.2587,24.6487,Tesla,24.8038,22.60344,0.006599522173502,0.0204861810970043,20,6,2017,1,2,24.6533,24.76,23.8213,24.645524951594908,0.6099999999999994,0.295300000000001,0.4519272212800268
2017-06-21,25.0933,73751513,24.9567,25.1327,24.5347,Tesla,24.969414285714286,22.725973333333336,0.0111742424242424,0.0205623102340596,21,6,2017,2,2,24.816,24.6533,23.934,24.75746871369618,0.597999999999999,-0.13659999999999783,0.24518389308665434
2017-06-22,25.5073,112656034,25.1993,25.6667,24.9047,Tesla,25.03284285714286,22.853506666666668,0.0164984278671995,0.0120776904393629,22,6,2017,3,2,25.0933,24.816,25.0633,24.944926535272135,0.7620000000000005,-0.30799999999999983,0.31964435370846245
2017-06-23,25.5633,96377652,25.4967,25.7993,25.2897,Tesla,25.059414285714286,22.987616666666664,0.00219544993002,0.0112622620367336,23,6,2017,4,2,25.5073,25.0933,25.3773,25.0995199014541,0.5095999999999989,-0.0666000000000011,0.3584287117811988
2017-06-26,25.166,98952761,25.7793,25.7967,24.8733,Tesla,25.07988571428572,23.10468333333333,-0.0155418118943955,0.0116219963362018,26,6,2017,0,2,25.5633,25.5073,25.0227,25.116139926090575,0.9234000000000009,0.6132999999999988,0.36007079594962516
2017-06-27,24.158,104662358,25.0933,25.0933,24.1347,Tesla,24.993885714285717,23.20799333333333,-0.0400540411666533,0.0192847348832616,27,6,2017,1,2,25.166,25.5633,24.76,24.876604944567934,0.9586000000000006,0.935299999999998,0.4955939649509421
2017-06-28,24.7493,94354798,24.4453,24.7827,24.168,Tesla,25.0076,23.32850333333333,0.0244763639374121,0.0219329125794019,28,6,2017,2,2,24.158,25.166,24.6533,24.844778708425952,0.6146999999999991,-0.30400000000000205,0.48583042995187575
2017-06-29,24.05,123036883,24.7073,24.7333,23.6067,Tesla,24.89817142857143,23.449926666666663,-0.0282553445956047,0.0242240748587989,29,6,2017,3,2,24.7493,24.158,24.816,24.646084031319464,1.1265999999999998,0.6572999999999993,0.6072687700254115
2017-06-30,24.1073,87345646,24.2473,24.4512,23.9746,Tesla,24.75731428571429,23.557813333333332,0.0023825363825362,0.0235105905312313,30,6,2017,4,2,24.05,24.7493,25.0933,24.511388023489598,0.47660000000000124,0.14000000000000057,0.6659791624086009
2017-07-03,23.508,94580968,24.6827,24.7567,23.4333,Tesla,24.4717,23.65068,-0.0248596898035035,0.0222312830978953,3,7,2017,0,3,24.1073,24.05,25.5073,24.260541017617197,1.3233999999999995,1.1747000000000014,0.7174548115855258
2017-07-05,21.806,254974373,23.1467,23.1493,21.7553,Tesla,23.934942857142858,23.68788,-0.0724008848051726,0.0308484583552692,5,7,2017,2,3,23.508,24.1073,25.5633,23.646905763212896,1.394000000000002,1.3406999999999982,1.0790471689679262
2017-07-06,20.5887,288870456,21.1507,21.386,20.42,Tesla,23.281042857142857,23.69892666666667,-0.0558240851141887,0.0331094288878544,6,7,2017,3,3,21.806,23.508,25.166,22.88235432240967,0.9659999999999975,0.5620000000000012,1.509679869881149
2017-07-07,20.8813,211949144,20.9,21.1333,20.492,Tesla,22.81294285714286,23.705593333333336,0.0142116792220976,0.0359873556758895,7,7,2017,4,3,20.5887,21.806,24.158,22.382090741807254,0.6412999999999975,0.01869999999999905,1.6897084826061064
2017-07-10,21.07,206404247,20.86,21.196,20.2087,Tesla,22.28732857142857,23.70386,0.0090367936862167,0.0331669619799428,10,7,2017,0,3,20.8813,20.5887,24.7493,22.05406805635544,0.9873000000000012,-0.21000000000000085,1.5537678244774884
2017-07-11,21.8147,172901314,21.0667,21.8187,20.9533,Tesla,21.968,23.708483333333334,0.0353440911248219,0.0393757816504203,11,7,2017,1,3,21.07,20.8813,24.05,21.99422604226658,0.8654000000000011,-0.7479999999999976,1.3470794804566
2017-07-12,21.968,154758523,22.0267,22.2067,21.6333,Tesla,21.662385714285712,23.69608333333333,0.0070273714513608,0.0397189641653307,12,7,2017,2,3,21.8147,21.07,24.1073,21.987669531699936,0.573400000000003,0.05870000000000175,0.9710246845965341
2017-07-13,21.5607,128734661,22.0073,22.1067,21.3313,Tesla,21.3842,23.656973333333333,-0.018540604515659,0.0394620821439088,13,7,2017,3,3,21.968,21.8147,23.508,21.88092714877495,0.7754000000000012,0.4466000000000001,0.5353613234697017
2017-07-14,21.852,84118818,21.546,21.8947,21.4147,Tesla,21.39077142857143,23.62899666666667,0.0135106930665516,0.0295002842732164,14,7,2017,4,3,21.5607,21.968,21.806,21.873695361581213,0.4800000000000004,-0.30600000000000094,0.5416471474876573
2017-07-17,21.3047,147412516,21.7027,21.8067,20.8967,Tesla,21.493057142857143,23.58393,-0.0250457624016108,0.0206370311052421,17,7,2017,0,3,21.852,21.5607,20.5887,21.73144652118591,0.9100000000000001,0.3979999999999997,0.41855762987236506
2017-07-18,21.8827,95410602,21.1667,21.942,21.044,Tesla,21.636114285714285,23.541530000000005,0.0271301637666805,0.0221147067555004,18,7,2017,1,3,21.3047,21.852,20.8813,21.76925989088943,0.8979999999999997,-0.7160000000000011,0.33799908002211854
2017-07-19,21.684,95188212,21.882,22.11,21.548,Tesla,21.723828571428573,23.48022,-0.0090802323296484,0.0228732608463173,19,7,2017,2,3,21.8827,21.3047,21.07,21.74794491816707,0.5620000000000012,0.1980000000000004,0.22855026955758487
2017-07-20,21.9947,77137701,21.7933,22.0147,21.6133,Tesla,21.749542857142853,23.41415333333333,0.0143285371702637,0.0192108232911173,20,7,2017,3,3,21.684,21.8827,21.8147,21.809633688625304,0.4014000000000024,-0.20140000000000313,0.2496318947123974
2017-07-21,21.8933,73075583,21.964,22.0838,21.72,Tesla,21.73887142857143,23.321706666666667,-0.0046102015485549,0.0191393129827258,21,7,2017,4,3,21.9947,21.684,21.968,21.83055026646898,0.36380000000000123,0.07069999999999865,0.24015340038159888
2017-07-24,22.8347,128974316,22.016,22.8933,22.0007,Tesla,21.920871428571427,23.28882,0.0429994564547144,0.0231034784760819,24,7,2017,0,3,21.8933,21.9947,21.5607,22.081587699851735,0.8926000000000016,-0.8187000000000033,0.4624696628408983
2017-07-25,22.64,104668928,23.0,23.04,22.2767,Tesla,22.03344285714286,23.245686666666668,-0.0085264969541969,0.023792011050378,25,7,2017,1,3,22.8347,21.8933,21.852,22.2211907748888,0.7632999999999974,0.35999999999999943,0.533380020427302
2017-07-26,22.9233,72142674,22.6907,23.0333,22.5413,Tesla,22.26467142857143,23.17435333333333,0.0125132508833922,0.0196849111071347,26,7,2017,2,3,22.64,22.8347,21.3047,22.3967180811666,0.4920000000000009,-0.23260000000000147,0.5153443014608455
2017-07-27,22.2973,124288123,23.0667,23.1667,21.7527,Tesla,22.3239,23.07168666666667,-0.027308459078754,0.022634919015326,27,7,2017,3,3,22.9233,22.64,21.8827,22.37186356087495,1.413999999999998,0.769400000000001,0.48718319278673766
2017-07-28,22.338,73048328,22.4593,22.64,22.1673,Tesla,22.417328571428573,22.982196666666667,0.0018253331120807,0.0220402158955322,28,7,2017,4,3,22.2973,22.9233,21.684,22.363397670656212,0.4726999999999997,0.12129999999999797,0.398687282275423
2017-07-31,21.5647,127881746,22.3667,22.766,21.4027,Tesla,22.3559,22.87568666666667,-0.0346181394932403,0.025826684004878,31,7,2017,0,3,22.338,22.2973,21.9947,22.16372325299216,1.3632999999999988,0.8020000000000032,0.4959259991845687
2017-08-01,21.3047,124274893,21.5333,21.63,21.0753,Tesla,22.27181428571429,22.76406666666667,-0.0120567408774524,0.0260786731821995,1,8,2017,1,3,21.5647,22.338,21.8933,21.94896743974412,0.5547000000000004,0.22860000000000014,0.6214479608911648
2017-08-02,21.726,179135160,21.2627,21.808,20.748,Tesla,22.11342857142857,22.661066666666667,0.019774979229935,0.0199106205678271,2,8,2017,2,3,21.3047,21.5647,22.8347,21.89322557980809,1.0599999999999987,-0.46330000000000027,0.5947907299054901
2017-08-03,23.1393,202863949,23.022,23.3333,22.8767,Tesla,22.18475714285714,22.59593333333333,0.0650510908588788,0.0336193260855575,3,8,2017,3,3,21.726,21.3047,22.64,22.204744184856068,0.45660000000000167,-0.11730000000000018,0.6906731543870995
2017-08-04,23.794,138499356,23.1333,23.818,22.8867,Tesla,22.30914285714286,22.53882333333333,0.0282938550431517,0.0348243302143585,4,8,2017,4,3,23.1393,21.726,22.9233,22.60205813864205,0.9313000000000002,-0.6607000000000021,0.8942492956987375
2017-08-07,23.678,94639918,23.8233,23.9653,23.5167,Tesla,22.50638571428572,22.47598,-0.0048751786164579,0.0321972575186825,7,8,2017,0,3,23.794,23.1393,22.2973,22.871043603981537,0.448599999999999,0.14529999999999887,1.0327461150233277
2017-08-08,24.348,111477514,23.8353,24.572,23.8267,Tesla,22.79352857142857,22.44871333333333,0.0282963088098655,0.0327560714471422,8,8,2017,1,3,23.678,23.794,22.338,23.240282702986153,0.7453000000000003,-0.5126999999999988,1.2372967519481648
2017-08-09,24.2353,103217678,24.0667,24.6667,23.93,Tesla,23.17504285714285,22.45129,-0.0046287169377361,0.0269638030362167,9,8,2017,2,3,24.348,23.678,21.5647,23.489037027239615,0.736699999999999,-0.16859999999999786,1.206595255056276
2017-08-10,23.6933,105945757,24.1067,24.4434,23.644,Tesla,23.51627142857143,22.41609,-0.0223640722417299,0.0290254441091766,10,8,2017,3,3,24.2353,24.348,21.3047,23.540102770429712,0.7994000000000021,0.4133999999999993,0.8841740170246182
2017-08-11,23.858,65363397,23.798,24.084,23.5747,Tesla,23.820842857142857,22.40969,0.0069513322331629,0.0291261943228643,11,8,2017,4,3,23.6933,24.2353,21.726,23.619577077822285,0.5092999999999996,-0.060000000000002274,0.39852697465076753
2017-08-14,24.2533,67619501,24.3087,24.5107,24.1733,Tesla,23.979985714285714,22.414556666666662,0.016568865789253,0.0188721146171153,14,8,2017,0,3,23.858,23.6933,23.1393,23.778007808366713,0.3373999999999988,0.055400000000002336,0.28814807205506116
2017-08-15,24.1553,46268992,24.3467,24.366,23.958,Tesla,24.0316,22.43613333333333,-0.0040406872466839,0.0165783458194743,15,8,2017,1,3,24.2533,23.858,23.794,23.872330856275035,0.40800000000000125,0.19139999999999802,0.2815646876542024
2017-08-16,24.194,51092569,24.2,24.4333,24.168,Tesla,24.10531428571429,22.515733333333333,0.0016021328652511,0.016291179004316,16,8,2017,2,3,24.1553,24.2533,23.678,23.95274814220628,0.26529999999999987,0.006000000000000227,0.2376889664296113
2017-08-17,23.4613,75162337,24.0807,24.22,23.4393,Tesla,23.97864285714286,22.611486666666668,-0.0302843680251301,0.0162957187440725,17,8,2017,3,3,24.194,24.1553,24.348,23.829886106654712,0.7806999999999995,0.6193999999999988,0.3115859317389352
2017-08-18,23.164,80862035,23.5273,23.6,23.0533,Tesla,23.8256,22.687576666666665,-0.0126719320753752,0.0165329676803881,18,8,2017,4,3,23.4613,24.194,24.2353,23.663414579991034,0.5467000000000013,0.36329999999999885,0.41156814745614656
2017-08-21,22.524,97347701,23.0547,23.0547,22.1233,Tesla,23.65855714285714,22.73604333333333,-0.0276290796062856,0.0174773215466581,21,8,2017,0,3,23.164,23.4613,23.6933,23.378560934993274,0.9314,0.5306999999999995,0.6451958484504023
2017-08-22,22.7567,64713988,22.742,22.816,22.4915,Tesla,23.501228571428573,22.767443333333336,0.0103312022731307,0.0179690754102397,22,8,2017,1,3,22.524,23.164,23.858,23.223095701244954,0.32450000000000045,-0.014699999999997715,0.7185597857623158
2017-08-23,23.518,74129168,22.5993,23.566,22.5536,Tesla,23.396185714285718,22.81911,0.033453883911112,0.0222251617504113,23,8,2017,2,3,22.7567,22.524,24.2533,23.296821775933715,1.0123999999999995,-0.9187000000000012,0.6397135854654612
2017-08-24,23.5287,68573576,23.5013,23.7773,23.316,Tesla,23.30667142857143,22.88471,0.0004549706607703,0.0222946031867132,24,8,2017,3,3,23.518,22.7567,24.1553,23.354791331950285,0.4613000000000014,-0.02740000000000009,0.5538677210141971
2017-08-25,23.2033,52127764,23.616,23.7127,23.1533,Tesla,23.165142857142857,22.92975333333333,-0.0138299183550303,0.0224643347176744,25,8,2017,4,3,23.5287,23.518,24.194,23.316918498962714,0.5594000000000001,0.41270000000000095,0.392372700618927
2017-08-28,23.044,56193572,23.152,23.1567,22.648,Tesla,23.10552857142857,22.98773,-0.0068654027659857,0.019783566366213,28,8,2017,0,3,23.2033,23.5287,23.4613,23.248688874222037,0.508700000000001,0.10800000000000054,0.3709958477505312
2017-08-29,23.1573,61039514,22.632,23.27,22.5833,Tesla,23.10457142857143,23.030216666666664,0.0049166811317478,0.0193732818946106,29,8,2017,1,3,23.044,23.2033,23.164,23.225841655666528,0.6866999999999983,-0.5252999999999979,0.3708284586096407
2017-08-30,23.5453,51062449,23.3113,23.5647,23.1333,Tesla,23.250471428571437,23.09226,0.0167549757527865,0.0156914618809144,30,8,2017,2,3,23.1573,23.044,22.524,23.305706241749895,0.4314,-0.23400000000000176,0.298120024567504
2017-08-31,23.7267,60949920,23.57,23.896,23.5213,Tesla,23.389042857142854,23.14999333333333,0.0077042976729964,0.0156146587856076,31,8,2017,3,3,23.5453,23.1573,22.7567,23.41095468131242,0.3747000000000007,-0.15670000000000073,0.252263895271691
2017-09-01,23.6933,45728227,23.7413,23.8393,23.5794,Tesla,23.414085714285715,23.209993333333333,-0.0014076968141376,0.009969258302804,1,9,2017,4,3,23.7267,23.5453,23.518,23.481541010984316,0.2599000000000018,0.047999999999998266,0.27488630636878625
2017-09-05,23.306,57546001,23.5867,23.6993,23.0593,Tesla,23.382271428571432,23.22570333333333,-0.0163463932841774,0.0119727792725756,5,9,2017,1,3,23.6933,23.7267,23.5287,23.437655758238236,0.6400000000000006,0.2806999999999995,0.272285369385607
2017-09-06,22.9687,61229984,23.3,23.3986,22.7707,Tesla,23.348757142857146,23.23666,-0.0144726679824939,0.0120868443992428,6,9,2017,2,3,23.306,23.6933,23.2033,23.320416818678677,0.6278999999999968,0.33130000000000237,0.309834374342672
2017-09-07,23.374,63525643,23.0653,23.4987,22.8967,Tesla,23.3959,23.251683333333336,0.0176457526982372,0.0136809233640672,7,9,2017,3,3,22.9687,23.306,23.044,23.333812614009005,0.6020000000000003,-0.3086999999999982,0.2793406462854455
2017-09-08,22.8933,48919971,23.266,23.3187,22.82,Tesla,23.35818571428572,23.27155,-0.0205655856935055,0.01600379462846,8,9,2017,4,3,23.374,22.9687,23.1573,23.223684460506753,0.4986999999999995,0.37269999999999825,0.33012810861200986
2017-09-11,24.246,114764943,23.4233,24.2473,23.3333,Tesla,23.45828571428571,23.33515,0.0590871565043047,0.0277505306437013,11,9,2017,0,3,22.8933,23.374,23.5453,23.479263345380065,0.9139999999999979,-0.8226999999999975,0.47204692361643363
2017-09-12,24.1833,89493015,24.2993,24.584,24.0267,Tesla,23.52351428571428,23.422436666666663,-0.002585993565949,0.0278262293546896,12,9,2017,1,3,24.246,22.8933,23.7267,23.65527250903505,0.5572999999999979,0.11599999999999966,0.5417234701355815
2017-09-13,24.4153,62567744,24.2547,24.538,23.9727,Tesla,23.62665714285714,23.52612333333333,0.0095933970963433,0.0278431191460069,13,9,2017,2,3,24.1833,24.246,23.6933,23.845279381776287,0.5653000000000006,-0.16059999999999874,0.639370958722428
2017-09-14,25.176,107553891,24.2887,25.1973,24.1753,Tesla,23.8938,23.641123333333333,0.031156692729559,0.0276690747468267,14,9,2017,3,3,24.4153,24.1833,23.306,24.177959536332214,1.0219999999999985,-0.8872999999999998,0.841710211415119
2017-09-15,25.3207,81108364,24.9673,25.3333,24.8467,Tesla,24.2298,23.71383666666667,0.0057475373371465,0.0254861859587131,15,9,2017,4,3,25.176,24.4153,22.9687,24.46364465224916,0.4866000000000028,-0.35339999999999705,0.8794712502410031
2017-09-18,25.6667,107666541,25.35,25.974,25.1787,Tesla,24.55732857142857,23.77626,0.0136647091115174,0.0254433866506558,18,9,2017,0,3,25.3207,25.176,23.374,24.76440848918687,0.795300000000001,-0.3166999999999973,0.932932767699839
2017-09-19,25.0067,96528072,25.3333,25.4927,24.9047,Tesla,24.859242857142853,23.820550000000004,-0.0257142523191528,0.0266459898228495,19,9,2017,1,3,25.6667,25.3207,22.8933,24.82498136689015,0.588000000000001,0.32660000000000267,0.5798073296572434
2017-09-20,24.9273,73649333,24.8667,25.2166,24.738,Tesla,24.956571428571426,23.83986,-0.0031751490600518,0.0175259806838487,20,9,2017,2,3,25.0067,25.6667,24.246,24.850561025167615,0.47860000000000014,-0.06059999999999732,0.5130487719324573
2017-09-21,24.432,69163045,24.9933,25.122,24.3007,Tesla,24.9921,23.846416666666663,-0.0198697813240904,0.0197064617010586,21,9,2017,3,3,24.9273,25.0067,24.1833,24.74592076887571,0.8213000000000008,0.5613000000000028,0.45601622412707615
2017-09-22,23.406,122143364,24.4327,24.66,23.392,Tesla,24.847914285714285,23.83684,-0.0419941060903732,0.0251310973569389,22,9,2017,4,3,24.432,24.9273,24.4153,24.410940576656785,1.2680000000000007,1.0267000000000017,0.7399541774747668
2017-09-25,22.9993,113807313,23.5433,23.8313,22.8587,Tesla,24.53695714285714,23.808216666666667,-0.0173758865248225,0.0192653082508205,25,9,2017,0,3,23.406,24.432,25.176,24.05803043249259,0.9725999999999999,0.5439999999999969,0.9931488002934272
2017-09-26,23.0167,107244681,23.3953,23.416,22.7267,Tesla,24.207814285714285,23.766996666666667,0.0007565447644057,0.0185489535276263,26,9,2017,1,3,22.9993,23.406,25.3207,23.797697824369443,0.6892999999999994,0.3785999999999987,1.0690066267782037
2017-09-27,22.7313,90410580,23.3267,23.4326,22.7,Tesla,23.78847142857143,23.71953,-0.0123996923972593,0.0143557158881524,27,9,2017,2,3,23.0167,22.9993,25.6667,23.531098368277085,0.7326000000000015,0.5953999999999979,0.9727503014896008
2017-09-28,22.64,79646645,22.6587,22.85,22.36,Tesla,23.45037142857143,23.66773,-0.004016488278277,0.0145297661500455,28,9,2017,3,3,22.7313,23.0167,25.0067,23.308323776207814,0.490000000000002,0.01869999999999905,0.886207593652933
2017-09-29,22.74,76485727,22.7907,22.9787,22.5734,Tesla,23.1379,23.643686666666664,0.0044169611307418,0.0157089099538956,29,9,2017,4,3,22.64,22.7313,24.9273,23.16624283215586,0.40530000000000044,0.05070000000000263,0.6261022546947492
2017-10-02,22.7687,78413166,22.8347,22.9133,22.3673,Tesla,22.90028571428571,23.63051,0.0012620932277924,0.0161756709263286,2,10,2017,0,4,22.74,22.64,24.432,23.066857124116893,0.5459999999999994,0.0660000000000025,0.26407517508422274
2017-10-03,23.2093,151838174,22.3933,23.2367,22.0853,Tesla,22.872185714285717,23.65335333333333,0.0193511267661306,0.0119637773039787,3,10,2017,1,4,22.7687,22.74,23.406,23.10246784308767,1.1513999999999989,-0.815999999999999,0.20519495143829455
2017-10-04,23.6673,122219864,23.4167,23.908,23.3067,Tesla,22.967614285714287,23.683706666666662,0.0197334689111692,0.0117928580288054,4,10,2017,2,4,23.2093,22.7687,22.9993,23.243675882315753,0.6013000000000019,-0.25060000000000215,0.36627225952256015
2017-10-05,23.6887,62518664,23.7333,23.829,23.4233,Tesla,23.063614285714287,23.689396666666667,0.0009042011551803,0.011785890443502,5,10,2017,3,4,23.6673,23.2093,23.0167,23.354931911736813,0.4056999999999995,0.044599999999999085,0.45788925309048156
2017-10-06,23.792,64092958,23.54,24.0066,23.4833,Tesla,23.215142857142855,23.698173333333333,0.0043607289551559,0.0092960510012434,6,10,2017,4,4,23.6887,23.6673,22.7313,23.46419893380261,0.523299999999999,-0.25200000000000244,0.502885344312525
2017-10-09,22.8627,111921859,23.31,23.45,22.8447,Tesla,23.246957142857145,23.68682,-0.0390593476798925,0.0196352376851079,9,10,2017,0,4,23.792,23.6887,22.64,23.31382420035196,0.6052999999999997,0.4472999999999985,0.4661372539545901
2017-10-10,23.706,104583893,23.12,23.7087,23.0354,Tesla,23.38495714285714,23.708886666666665,0.0368854072353659,0.023811484657127,10,10,2017,1,4,22.8627,23.792,22.74,23.41186815026397,0.6733000000000011,-0.5859999999999985,0.4328414715855237
2017-10-11,23.64,67420961,23.5927,23.84,23.41,Tesla,23.50942857142857,23.724976666666667,-0.0027841052897999,0.0239998499130719,11,10,2017,2,4,23.706,22.8627,22.7687,23.468901112697978,0.4299999999999997,-0.0472999999999999,0.34179245025033517
2017-10-12,23.712,61103249,23.53,23.9853,23.5093,Tesla,23.581242857142858,23.730533333333334,0.0030456852791878,0.0232246234229087,12,10,2017,3,4,23.64,23.706,23.2093,23.529675834523484,0.4759999999999991,-0.1819999999999986,0.3203616334566033
2017-10-13,23.7047,53082078,23.7987,23.8993,23.5787,Tesla,23.586585714285714,23.7298,-0.0003078609986505,0.0220673112045191,13,10,2017,4,4,23.712,23.64,23.6673,23.573431875892613,0.3205999999999989,0.0940000000000012,0.3223418135495478
2017-10-16,23.3733,80596310,23.584,23.632,23.144,Tesla,23.541528571428568,23.719133333333332,-0.0139803498884186,0.0227219727961442,16,10,2017,0,4,23.7047,23.712,23.6887,23.52339890691946,0.4880000000000031,0.21069999999999922,0.32768834642303074
2017-10-17,23.7167,49354325,23.394,23.748,23.338,Tesla,23.530771428571427,23.73282333333333,0.0146919775983707,0.0235027210984009,17,10,2017,1,4,23.3733,23.7047,23.792,23.571724180189598,0.41000000000000014,-0.3227000000000011,0.31922223039985836
2017-10-18,23.9767,74040323,23.7313,24.2,23.6087,Tesla,23.689914285714284,23.76642333333333,0.0109627393355737,0.0161911437232577,18,10,2017,2,4,23.7167,23.3733,22.8627,23.6729681351422,0.5913000000000004,-0.24540000000000006,0.17638249562359706
2017-10-19,23.454,75835687,23.704,23.8098,23.2133,Tesla,23.653914285714286,23.76909,-0.0218003311548294,0.0129684271655985,19,10,2017,3,4,23.9767,23.7167,23.706,23.618226101356647,0.5964999999999989,0.25,0.19705731339488367
2017-10-20,23.0067,73884818,23.5127,23.6367,22.956,Tesla,23.563442857142856,23.77287,-0.019071373752878,0.0146048715176299,20,10,2017,4,4,23.454,23.9767,23.64,23.465344576017486,0.6807000000000016,0.5060000000000002,0.3147450495098916
2017-10-23,22.468,86093927,23.3253,23.33,22.4167,Tesla,23.385728571428576,23.71360333333333,-0.0234149182629407,0.0159098186796541,23,10,2017,0,4,23.0067,23.454,23.712,23.216008432013115,0.9132999999999996,0.8572999999999986,0.5084676217631425
2017-10-24,22.4893,67285346,22.5867,22.8533,22.4107,Tesla,23.2121,23.657136666666663,0.0009480149546021,0.0160119825190562,24,10,2017,1,4,22.468,23.0067,23.7047,23.034331324009838,0.4426000000000023,0.09740000000000038,0.5833879755364526
2017-10-25,21.7227,128754221,22.4467,22.5,21.5707,Tesla,22.9763,23.56738333333333,-0.0340873215262369,0.0189307412531667,25,10,2017,2,4,22.4893,22.468,23.3733,22.706423493007378,0.9293000000000013,0.7240000000000002,0.8005378004819823
2017-10-26,21.7447,75151267,21.852,22.0153,21.5467,Tesla,22.694585714285715,23.453006666666667,0.0010127654481257,0.0164730637157214,26,10,2017,3,4,21.7227,22.4893,23.7167,22.465992619755532,0.4685999999999986,0.10729999999999862,0.8424439099602491
2017-10-27,21.3913,104525423,21.3167,21.6393,21.1107,Tesla,22.325242857142857,23.322026666666662,-0.0162522361770914,0.0129220687336693,27,10,2017,4,4,21.7447,21.7227,23.9767,22.19731946481665,0.5285999999999973,-0.07460000000000022,0.748120760878682
2017-10-30,21.3387,63714253,21.2787,21.5853,21.15,Tesla,22.023057142857144,23.17776,-0.0024589435892162,0.013551330078245,30,10,2017,0,4,21.3913,21.7447,23.454,21.98266459861249,0.4353000000000016,-0.05999999999999872,0.6348318303753453
2017-10-31,22.102,84750888,21.3487,22.13,21.3453,Tesla,21.893814285714285,23.080936666666663,0.0357706889360645,0.0225473597296379,31,10,2017,1,4,21.3387,21.3913,23.0067,22.01249844895937,0.7846999999999973,-0.7532999999999994,0.4725500694062088
2017-11-01,21.4053,123637243,22.15,22.1739,21.3507,Tesla,21.742,22.963536666666663,-0.0315220342050492,0.0237947999530023,1,11,2017,2,4,22.102,21.3387,22.468,21.860698836719525,0.8231999999999999,0.7446999999999981,0.42572395986199996
2017-11-02,19.9507,296569052,20.0087,20.5793,19.5087,Tesla,21.37934285714286,22.81416,-0.0679551326073448,0.0327076458457807,2,11,2017,3,4,21.4053,22.102,22.4893,21.383199127539644,1.0705999999999989,0.05799999999999983,0.6852131441075401
2017-11-03,20.406,133288928,19.9667,20.4167,19.6753,Tesla,21.191242857142857,22.71416,0.0228212543920762,0.0346237057584424,3,11,2017,4,4,19.9507,21.4053,21.7227,21.138899345654735,0.7413999999999987,-0.43929999999999936,0.752654550811825
2017-11-06,20.1853,97210286,20.4667,20.5,19.934,Tesla,20.96847142857143,22.62036,-0.0108154464373222,0.0343772811797129,6,11,2017,0,4,20.406,19.9507,21.7447,20.90049950924105,0.565999999999999,0.2813999999999979,0.7913227001134893
2017-11-07,20.4033,79272620,20.068,20.4333,20.002,Tesla,20.827328571428573,22.533246666666667,0.0107999385691568,0.035078410463389,7,11,2017,1,4,20.1853,20.406,21.3913,20.776199631930787,0.43130000000000024,-0.33530000000000015,0.7914475445125279
2017-11-08,20.2927,70880290,20.3667,20.4593,20.0867,Tesla,20.6779,22.45196,-0.0054206917508442,0.0350436919899076,8,11,2017,2,4,20.4033,20.1853,21.3387,20.65532472394809,0.3725999999999985,0.07400000000000162,0.7774273792455672
2017-11-09,20.1993,81602554,20.1667,20.2973,19.7533,Tesla,20.40608571428572,22.37060333333333,-0.0046026403583554,0.0298407373967668,9,11,2017,3,4,20.2927,20.4033,22.102,20.54131854296107,0.5440000000000005,-0.03260000000000218,0.46729292893132285
2017-11-10,20.1993,69316165,20.1667,20.5573,20.1233,Tesla,20.2338,22.285913333333333,0.0,0.0288329359990401,10,11,2017,4,4,20.1993,20.2927,21.4053,20.4558139072208,0.43400000000000105,-0.03260000000000218,0.15638129683773097
2017-11-13,21.0267,113478573,20.0087,21.12,19.9407,Tesla,20.387514285714285,22.227846666666665,0.0409618155084583,0.018575190114286,13,11,2017,0,4,20.1993,20.1993,19.9507,20.598535430415602,1.1793000000000013,-1.0180000000000007,0.297175281771351
2017-11-14,20.58,84928518,21.0,21.09,20.46,Tesla,20.412371428571426,22.14020333333333,-0.0212444178116396,0.0199999762560798,14,11,2017,1,4,21.0267,20.1993,20.406,20.593901572811703,0.629999999999999,0.4200000000000017,0.30612164637868194
2017-11-15,20.7533,89277480,20.4007,20.8327,20.1,Tesla,20.493514285714287,22.04307,0.0084207968901846,0.0193557672226008,15,11,2017,2,4,20.58,21.0267,20.1853,20.633751179608776,0.7326999999999977,-0.3525999999999989,0.3111388994686189
2017-11-16,20.8333,86916092,20.9327,21.2093,20.7533,Tesla,20.55494285714286,21.94789,0.003854808632844,0.0191336563646208,16,11,2017,3,4,20.7533,20.58,20.4033,20.683638384706583,0.4559999999999995,0.09939999999999927,0.33210086749527207
2017-11-17,21.0033,205812347,21.7113,21.778,20.8767,Tesla,20.656457142857143,21.85493333333333,0.0081600130560208,0.0188068607452842,17,11,2017,4,4,20.8333,20.7533,20.2927,20.763553788529936,0.9012999999999991,0.708000000000002,0.3468579625597601
2017-11-20,20.5827,123627253,20.9193,21.0333,20.3167,Tesla,20.71122857142857,21.77893333333333,-0.020025424576138,0.0209152821005044,20,11,2017,0,4,21.0033,20.8333,20.1993,20.718340341397454,0.7165999999999997,0.3366000000000007,0.28789777534438976
2017-11-21,21.1873,108845661,20.724,21.2153,20.5807,Tesla,20.852371428571427,21.69497666666667,0.0293741831732474,0.023077226331313,21,11,2017,1,4,20.5827,21.0033,20.1993,20.83558025604809,0.6345999999999989,-0.46330000000000027,0.23181701630433374
2017-11-22,20.84,73699208,21.118,21.1613,20.7893,Tesla,20.8257,21.60164333333333,-0.0163918951447329,0.0188300619913035,22,11,2017,2,4,21.1873,20.5827,21.0267,20.836685192036068,0.3719999999999999,0.2779999999999987,0.21879130848206063
2017-11-24,21.0367,48660951,20.9193,21.094,20.7333,Tesla,20.890942857142857,21.512466666666665,0.0094385796545104,0.0168301867792375,24,11,2017,4,4,20.84,21.1873,20.58,20.88668889402705,0.36070000000000135,-0.11739999999999995,0.20065472714200538
2017-11-27,21.1207,68066651,20.8833,21.156,20.634,Tesla,20.943428571428573,21.42633333333333,0.0039930217191859,0.0166865608124893,27,11,2017,0,4,21.0367,20.84,20.7533,20.945191670520288,0.5219999999999985,-0.23740000000000094,0.20661294501613514
2017-11-28,21.17,74125508,21.0907,21.3333,20.928,Tesla,20.99152857142857,21.35289,0.0023342029383497,0.0166778394545768,28,11,2017,1,4,21.1207,21.0367,20.8333,21.001393752890216,0.40530000000000044,-0.07930000000000348,0.2156944189856858
2017-11-29,20.5027,131361879,21.1533,21.2,20.082,Tesla,20.920014285714284,21.24575666666667,-0.0315210203117619,0.0206654163625652,29,11,2017,2,4,21.17,21.1207,21.0033,20.87672031466766,1.1179999999999986,0.6506000000000007,0.2834781733441343
2017-11-30,20.59,65181477,20.5707,20.7133,20.3027,Tesla,20.92105714285714,21.132866666666665,0.0042579757787997,0.0193795700074129,30,11,2017,3,4,20.5027,21.17,20.5827,20.805040236000746,0.41059999999999874,-0.019300000000001205,0.282040226784109
2017-12-01,20.4353,64291198,20.3627,20.688,20.3367,Tesla,20.813628571428573,21.032243333333334,-0.0075133559980572,0.0145389206346547,1,12,2017,4,4,20.59,20.5027,21.1873,20.712605177000558,0.3512999999999984,-0.07260000000000133,0.305932616297953
2017-12-04,20.3467,87513361,20.4333,20.551,20.0407,Tesla,20.743157142857143,20.94357666666667,-0.0043356349062653,0.0136599722577883,4,12,2017,0,4,20.4353,20.59,20.84,20.62112888275042,0.5102999999999973,0.08660000000000068,0.3521675446778662
2017-12-05,20.2467,69655585,20.1333,20.5333,20.0667,Tesla,20.6303,20.869533333333333,-0.0049148019089089,0.0124463118669482,5,12,2017,1,4,20.3467,20.4353,21.0367,20.527521662062814,0.4665999999999997,-0.11340000000000217,0.36861837085794386
2017-12-06,20.884,107767101,20.0067,20.8927,20.0,Tesla,20.596485714285716,20.81602333333333,0.0314767344801869,0.0186745490446598,6,12,2017,2,4,20.2467,20.3467,21.1207,20.61664124654711,0.8927000000000014,-0.8773000000000017,0.32433128859630167
2017-12-07,20.7493,71693814,20.8,21.2423,20.7367,Tesla,20.53638571428572,20.78357666666667,-0.0064499138096149,0.0186722757406826,7,12,2017,3,4,20.884,20.2467,21.17,20.649805934910333,0.5056000000000012,0.05069999999999908,0.22371641594335345
2017-12-08,21.0087,51991294,20.9733,21.132,20.7507,Tesla,20.60867142857143,20.75904333333333,0.0125016265608959,0.01424057185518,8,12,2017,4,4,20.7493,20.884,20.5027,20.73952945118275,0.3813000000000031,-0.03540000000000276,0.28450650088926127
2017-12-11,21.9273,118891291,20.9753,21.934,20.9167,Tesla,20.799714285714288,20.77691,0.0437247426066342,0.0208398954876721,11,12,2017,0,4,21.0087,20.7493,20.59,21.036472088387065,1.0173000000000023,-0.9519999999999982,0.5728022882541548
2017-12-12,22.7353,130733485,22.03,22.7627,22.002,Tesla,21.128285714285717,20.823463333333333,0.0368490420617222,0.0216358559089998,12,12,2017,1,4,21.9273,21.0087,20.4353,21.4611790662903,0.7606999999999999,-0.7052999999999976,0.8969015896012132
2017-12-13,22.602,93265468,22.7287,22.948,22.4333,Tesla,21.45047142857143,20.84013,-0.0058631291427867,0.0218762148354767,13,12,2017,2,4,22.7353,21.9273,20.3467,21.746384299717725,0.5147000000000013,0.1266999999999996,0.9713330096907464
2017-12-14,22.526,86880317,22.734,23.1627,22.46,Tesla,21.77608571428572,20.877486666666663,-0.003362534289001,0.0216434013240063,14,12,2017,3,4,22.602,22.7353,20.2467,21.94128822478829,0.7027000000000001,0.20800000000000196,0.8781087924791302
2017-12-15,22.8967,103818638,22.8027,22.9267,22.384,Tesla,22.063614285714287,20.975686666666665,0.0164565391103612,0.0205169296694282,15,12,2017,4,4,22.526,22.602,20.884,22.180141168591216,0.5427,-0.09399999999999764,0.8667661169134067
2017-12-18,22.5913,81998149,22.9933,23.1153,22.5053,Tesla,22.326757142857144,21.048530000000003,-0.0133381666353665,0.0217558787146995,18,12,2017,0,4,22.8967,22.526,20.7493,22.282930876443412,0.610000000000003,0.402000000000001,0.6549837195363775
2017-12-19,22.0733,102312969,22.684,22.7662,22.02,Tesla,22.47884285714286,21.111463333333337,-0.0229291807023057,0.0255291256643564,19,12,2017,1,4,22.5913,22.8967,21.0087,22.23052315733256,0.7462000000000018,0.6107000000000014,0.3509694851755205
2017-12-20,21.932,88610626,22.1793,22.2067,21.6693,Tesla,22.479514285714284,21.16242,-0.0064013989752326,0.0200777652303046,20,12,2017,2,4,22.0733,22.5913,21.9273,22.15589236799942,0.5374000000000017,0.24730000000000274,0.3497408346606555
2017-12-21,22.1107,65549877,21.9727,22.2493,21.814,Tesla,22.390285714285717,21.22302,0.0081479117271567,0.0130456205743962,21,12,2017,3,4,21.932,22.0733,22.7353,22.144594275999566,0.4353000000000016,-0.13800000000000168,0.353265100780045
2017-12-22,21.68,63113998,21.9673,22.0614,21.6547,Tesla,22.25857142857143,21.27237666666667,-0.0194792566494955,0.0143384225111488,22,12,2017,4,4,22.1107,21.932,22.602,22.028445706999676,0.4067000000000007,0.2873000000000019,0.4256406297745252
2017-12-26,21.1527,65530452,21.5887,21.596,21.1053,Tesla,22.06238571428571,21.304156666666668,-0.0243219557195571,0.0158433689160711,26,12,2017,1,4,21.68,22.1107,22.526,21.809509280249756,0.49070000000000036,0.43599999999999994,0.5728628993303256
2017-12-27,20.776,70576225,21.0667,21.1787,20.7167,Tesla,21.75942857142857,21.2958,-0.0178086012660322,0.0113945036374845,27,12,2017,2,4,21.1527,21.68,22.8967,21.551131960187316,0.46199999999999974,0.29070000000000107,0.6171518011922767
2017-12-28,21.024,64601158,20.7833,21.0547,20.636,Tesla,21.535528571428568,21.3106,0.0119368502117829,0.0149807105405343,28,12,2017,3,4,20.776,21.1527,22.5913,21.419348970140486,0.4187000000000012,-0.24070000000000036,0.5451581902361418
2017-12-29,20.7567,56542532,21.0787,21.094,20.6667,Tesla,21.347442857142852,21.310713333333336,-0.0127140410958904,0.013990012387516,29,12,2017,4,4,21.024,20.776,22.0733,21.253686727605363,0.42730000000000246,0.32200000000000273,0.5557167889531579
2018-01-02,21.3687,65184192,20.8,21.474,20.7333,Tesla,21.266971428571427,21.32856,0.0294844556215583,0.0201678801910782,2,1,2018,1,1,20.7567,21.024,21.932,21.28244004570402,0.7407000000000004,-0.5686999999999998,0.4943585328971483
2018-01-03,21.15,66577767,21.4,21.6833,21.0367,Tesla,21.12972857142857,21.33345,-0.0102345954597145,0.01958115628911,3,1,2018,2,1,21.3687,20.7567,22.1107,21.249330034278017,0.6465999999999994,0.25,0.3256525127313234
2018-01-04,20.9747,149168820,20.858,21.2367,20.3787,Tesla,21.028971428571428,21.346516666666663,-0.0082884160756501,0.0187519855049318,4,1,2018,3,1,21.15,21.3687,21.68,21.180672525708513,0.8580000000000005,-0.11669999999999803,0.21850574145369378
2018-01-05,21.1053,68830886,21.108,21.1493,20.8,Tesla,21.0222,21.34378333333333,0.0062265491282353,0.0168451289466012,5,1,2018,4,1,20.9747,21.15,21.1527,21.161829394281384,0.3492999999999995,0.002700000000000813,0.21473428541791598
2018-01-08,22.4273,147489076,21.0667,22.468,21.0333,Tesla,21.2581,21.39669333333333,0.0626382946463683,0.0271310371191125,8,1,2018,0,1,21.1053,20.9747,20.776,21.47819704571104,1.4346999999999994,-1.360599999999998,0.5478465083098226
2018-01-09,22.246,107017821,22.344,22.5867,21.827,Tesla,21.432671428571428,21.437003333333333,-0.0080838977496177,0.0280901415391496,9,1,2018,1,1,22.4273,21.1053,21.024,21.670147784283277,0.7596999999999987,0.09800000000000253,0.646610662646549
2018-01-10,22.32,64545763,22.1467,22.4667,22.0,Tesla,21.656,21.47698,0.0033264407084421,0.026697288682291,10,1,2018,2,1,22.246,22.4273,20.7567,21.83261083821246,0.46669999999999945,-0.17330000000000112,0.6441942201959858
2018-01-11,22.53,99612895,22.3493,22.9873,22.2173,Tesla,21.8219,21.522313333333333,0.0094086021505377,0.0253925007050019,11,1,2018,3,1,22.32,22.246,21.3687,22.006958128659345,0.7699999999999996,-0.18070000000000164,0.7045793307597862
2018-01-12,22.4147,72337599,22.5753,22.694,22.2447,Tesla,22.00257142857143,21.586046666666668,-0.0051176209498446,0.0248528262315519,12,1,2018,4,1,22.53,22.32,21.15,22.108893596494507,0.44929999999999737,0.16059999999999874,0.6645875004202626
2018-01-16,22.6707,96438462,22.5027,23.0,22.32,Tesla,22.244857142857143,21.65540333333333,0.0114210763472186,0.0237126194278525,16,1,2018,1,1,22.4147,22.53,20.9747,22.24934519737088,0.6799999999999997,-0.16799999999999926,0.5210596282490445
2018-01-17,23.144,106388257,22.698,23.2667,22.65,Tesla,22.5361,21.74569333333333,0.0208771674452046,0.0238258882055703,17,1,2018,2,1,22.6707,22.4147,21.1053,22.473008898028162,0.6167000000000016,-0.44599999999999795,0.30142146572622247
2018-01-18,22.9713,85194392,23.0447,23.4867,22.916,Tesla,22.613814285714284,21.833179999999995,-0.0074619771863116,0.0110171359012271,18,1,2018,3,1,23.144,22.6707,22.4273,22.597581673521123,0.5706999999999987,0.07339999999999947,0.33675273534515826
2018-01-19,23.3347,73067678,23.0,23.3727,22.84,Tesla,22.769342857142856,21.93611333333333,0.015819740284616,0.0105286594569826,19,1,2018,4,1,22.9713,23.144,22.246,22.781861255140843,0.5326999999999984,-0.33470000000000155,0.38632441832093894
2018-01-22,23.4373,92996609,23.2933,23.8553,23.28,Tesla,22.928957142857143,22.02122333333333,0.004396885325288,0.0104758111086542,22,1,2018,0,1,23.3347,22.9713,22.32,22.94572094135563,0.5752999999999986,-0.1440000000000019,0.400291568140448
2018-01-23,23.5193,81714289,24.0,24.0333,23.4,Tesla,23.070285714285717,22.113556666666668,0.0034986965222103,0.0104920966157418,23,1,2018,1,1,23.4373,23.3347,22.53,23.089115706016724,0.633300000000002,0.4806999999999988,0.41047159231274727
2018-01-24,23.0593,79160750,23.6387,23.65,22.9013,Tesla,23.16237142857143,22.18191,-0.0195584052246453,0.0139419074507627,24,1,2018,2,1,23.5193,23.4373,22.4147,23.081661779512544,0.7486999999999995,0.5793999999999997,0.2949268763294942
2018-01-25,22.5093,100878070,23.218,23.28,22.4267,Tesla,23.139314285714285,22.20131,-0.0238515479654629,0.016927144798193,25,1,2018,3,1,23.0593,23.5193,22.6707,22.938571334634407,0.8533000000000008,0.7087000000000003,0.34227942984608256
2018-01-26,22.8567,68031821,22.7667,22.9333,22.3807,Tesla,23.098271428571422,22.205356666666667,0.0154336207700818,0.0158509218231288,26,1,2018,4,1,22.5093,23.0593,23.144,22.918103500975807,0.5525999999999982,-0.08999999999999986,0.3584662964837957
2018-01-29,23.302,71073084,22.6567,23.39,22.552,Tesla,23.145514285714285,22.22869,0.0194822524686415,0.0174065217504544,29,1,2018,0,1,22.8567,22.5093,22.9713,23.014077625731858,0.838000000000001,-0.6452999999999989,0.36072817295357706
2018-01-30,23.0547,70660225,23.0093,23.218,22.8113,Tesla,23.10551428571429,22.24631333333333,-0.0106128229336537,0.0168098761125545,30,1,2018,1,1,23.302,22.8567,23.3347,23.024233219298893,0.4067000000000007,-0.04540000000000077,0.3516638756385048
2018-01-31,23.6207,92990549,23.1673,23.746,23.0127,Tesla,23.13171428571429,22.27044666666667,0.0245503086138618,0.019516445544268,31,1,2018,2,1,23.0547,23.302,23.4373,23.17334991447417,0.7332999999999998,-0.45339999999999847,0.38568864138804965
2018-02-01,23.2833,62811569,23.4,23.9773,23.242,Tesla,23.098000000000003,22.293513333333333,-0.0142840813354387,0.0203199476962246,1,2,2018,3,1,23.6207,23.0547,23.5193,23.200837435855625,0.7352999999999987,0.11669999999999803,0.35527767075043665
2018-02-02,22.9167,55442327,23.2293,23.4633,22.7007,Tesla,23.07762857142857,22.321626666666663,-0.015745190759042,0.0197919851643069,2,2,2018,4,1,23.2833,23.6207,23.0593,23.12980307689172,0.7625999999999991,0.31259999999999977,0.3618932564281103
2018-02-05,22.2087,66617457,22.5313,22.9647,22.2,Tesla,23.03468571428571,22.33085,-0.03089450051709,0.0212865649866121,5,2,2018,0,1,22.9167,23.2833,22.5093,22.89952730766879,0.7647000000000013,0.32260000000000133,0.44813153734414773
2018-02-06,22.2647,76200442,21.6807,22.4147,21.5667,Tesla,22.950114285714285,22.33598333333333,0.0025215343536542,0.0200770240798937,6,2,2018,1,1,22.2087,22.9167,22.8567,22.740820480751594,0.847999999999999,-0.5839999999999996,0.534799658528717
2018-02-07,23.0,100945180,22.5993,23.0667,22.3773,Tesla,22.906971428571428,22.37998333333333,0.0330253720014193,0.0230943895236724,7,2,2018,2,1,22.2647,22.2087,23.302,22.805615360563696,0.6893999999999991,-0.4007000000000005,0.5134361262268318
2018-02-08,21.0153,154446223,22.8873,23.2413,20.9733,Tesla,22.61562857142857,22.37540333333333,-0.086291304347826,0.0397243396276925,8,2,2018,3,1,23.0,22.2647,23.0547,22.358036520422772,2.2680000000000007,1.8719999999999999,0.8702616823202239
2018-02-09,20.6947,193866353,21.3287,21.399,19.6507,Tesla,22.19762857142857,22.37269333333333,-0.0152555519074197,0.0362422282934276,9,2,2018,4,1,21.0153,23.0,23.6207,21.942202390317078,1.7483000000000004,0.6340000000000003,1.0000718619420181
2018-02-12,21.0487,93367138,21.0753,21.2053,20.4167,Tesla,21.8784,22.373516666666667,0.0171058290286885,0.0386590424379398,12,2,2018,0,1,20.6947,21.0153,23.2833,21.718826792737808,0.7886000000000024,0.026599999999998403,0.9512157676716863
2018-02-13,21.5773,68319431,21.0013,21.6127,20.834,Tesla,21.687057142857142,22.40087,0.0251131898882117,0.0412848816405561,13,2,2018,1,1,21.0487,20.6947,22.9167,21.683445094553356,0.7787000000000006,-0.5760000000000005,0.8351824468488225
2018-02-14,21.4873,59221125,21.3893,21.7447,21.2347,Tesla,21.584000000000003,22.404823333333336,-0.004171050131388,0.0400104519165042,14,2,2018,2,1,21.5773,21.0487,22.2087,21.63440882091502,0.5100000000000016,-0.09800000000000253,0.8040133228584674
2018-02-15,22.271,88647301,21.6333,22.2747,21.4933,Tesla,21.5849,22.44219,0.0364727071339814,0.0428862691941544,15,2,2018,3,1,21.4873,21.5773,22.2647,21.793556615686267,0.7813999999999979,-0.6377000000000024,0.8049053132722592
2018-02-16,22.366,84602718,22.1667,22.8747,22.1093,Tesla,21.49432857142857,22.488566666666667,0.0042656369269453,0.0406079803290021,16,2,2018,4,1,22.271,21.4873,23.0,21.9366674617647,0.7653999999999996,-0.19930000000000092,0.6373672795556758
2018-02-20,22.318,60089400,22.298,22.7227,22.1,Tesla,21.68042857142857,22.52899,-0.0021461146382901,0.0182033634631242,20,2,2018,1,1,22.366,22.271,21.0153,22.032000596323524,0.6226999999999983,-0.020000000000003126,0.6638217725525887
2018-02-21,22.22,48108726,22.402,22.6462,22.2113,Tesla,21.89832857142857,22.522080000000003,-0.0043910744690385,0.0161622790964982,21,2,2018,2,1,22.318,22.366,20.6947,22.07900044724264,0.43489999999999895,0.18200000000000216,0.521387526108476
2018-02-22,23.078,104428148,22.3687,23.1627,22.3167,Tesla,22.18822857142857,22.549813333333336,0.0386138613861386,0.0193892993607233,22,2,2018,3,1,22.22,22.318,21.0487,22.328750335431984,0.8460000000000001,-0.7092999999999989,0.5342489454503729
2018-02-23,23.47,87212611,23.1887,23.666,23.14,Tesla,22.458614285714283,22.588146666666667,0.016985873992547,0.018805112714352,23,2,2018,4,1,23.078,22.22,21.5773,22.61406275157399,0.5259999999999998,-0.2812999999999981,0.6416744824512729
2018-02-26,23.828,65017467,23.5667,23.9333,23.4903,Tesla,22.793,22.63141333333333,0.0152535151256925,0.0173586131869528,26,2,2018,0,1,23.47,23.078,21.4873,22.917547063680495,0.44299999999999784,-0.26129999999999853,0.6607503310634991
2018-02-27,23.3993,71775294,23.75,23.9993,23.334,Tesla,22.95418571428572,22.664233333333332,-0.0179914386436125,0.0183137920949127,27,2,2018,1,1,23.828,23.47,22.271,23.03798529776037,0.665300000000002,0.3506999999999998,0.6497173550314697
2018-02-28,22.8707,90990615,23.5047,23.6827,22.8147,Tesla,23.026285714285716,22.6709,-0.0225904193715197,0.0215625175692922,28,2,2018,2,1,23.3993,23.828,22.366,22.996163973320275,0.8680000000000021,0.6340000000000003,0.5996407825488126
2018-03-01,22.062,103088228,23.0007,23.2447,22.0047,Tesla,22.989714285714285,22.634833333333333,-0.0353596523062258,0.0261501706899633,1,3,2018,3,1,22.8707,23.3993,22.318,22.762622979990205,1.240000000000002,0.9386999999999972,0.6552646295676432
2018-03-02,22.3413,76331797,21.7987,22.348,21.5313,Tesla,23.00704285714286,22.613833333333336,0.012659776992113,0.0266102239456815,2,3,2018,4,1,22.062,22.8707,22.22,22.657292234992656,0.8166999999999973,-0.5426000000000002,0.632733416369794
2018-03-05,22.2233,57310501,22.1593,22.5167,21.9529,Tesla,22.884942857142857,22.57678666666667,-0.0052816980211537,0.0208374222097398,5,3,2018,0,1,22.3413,22.062,23.078,22.548794176244492,0.5638000000000005,-0.0639999999999965,0.6960565754240069
2018-03-06,21.88,63547213,22.25,22.4247,21.802,Tesla,22.6578,22.524876666666668,-0.0154477507840868,0.0185670815956499,6,3,2018,1,1,22.2233,22.3413,23.47,22.38159563218337,0.6227000000000018,0.370000000000001,0.7318275844308295
2018-03-07,22.1533,75029062,21.696,22.1667,21.4493,Tesla,22.418557142857143,22.47934333333333,0.0124908592321755,0.0179648180422705,7,3,2018,2,1,21.88,22.2233,23.828,22.324521724137526,0.7173999999999978,-0.45730000000000004,0.5319652051820192
2018-03-08,21.94,52715479,22.1907,22.22,21.7516,Tesla,22.210085714285714,22.44203333333333,-0.0096283623658778,0.0176367244926096,8,3,2018,3,1,22.1533,21.88,23.3993,22.228391293103144,0.46839999999999904,0.25069999999999837,0.3318784688644069
2018-03-09,21.8113,82541644,21.6067,21.8993,21.4913,Tesla,22.058742857142853,22.418766666666667,-0.005865998176846,0.0165943771810888,9,3,2018,4,1,21.94,22.1533,22.8707,22.12411846982736,0.40800000000000125,-0.20459999999999923,0.19284972437373665
2018-03-12,23.034,123793723,21.9073,23.1473,21.7667,Tesla,22.1976,22.424676666666663,0.0560580983251801,0.0243699083998579,12,3,2018,0,1,21.8113,21.94,22.062,22.35158885237052,1.3806000000000012,-1.1266999999999996,0.41619163054280434
2018-03-13,22.7893,89409495,22.9947,23.008,22.4176,Tesla,22.2616,22.407586666666667,-0.0106234262394719,0.0249591435996086,13,3,2018,1,1,23.034,21.8113,22.3413,22.461016639277886,0.5903999999999989,0.20540000000000092,0.47259567638085315
2018-03-14,21.7753,119282220,22.4507,22.654,21.5953,Tesla,22.1976,22.36494,-0.0444945654320229,0.0308574627549526,14,3,2018,2,1,22.7893,23.034,22.2233,22.289587479458415,1.0586999999999982,0.6753999999999998,0.5076791703433821
2018-03-15,21.7067,98318471,21.9587,22.19,21.4067,Tesla,22.172842857142857,22.30114,-0.003150358433638,0.0303433469578766,15,3,2018,3,1,21.7753,22.7893,21.88,22.14386560959381,0.7833000000000006,0.2519999999999989,0.5295047178175294
2018-03-16,21.4233,91700429,21.7307,21.8267,21.2713,Tesla,22.06855714285714,22.239140000000003,-0.0130558767569459,0.0300207077741936,16,3,2018,4,1,21.7067,21.7753,22.1533,21.96372420719536,0.5553999999999988,0.3073999999999977,0.601048455776258
2018-03-19,20.904,112018294,21.1,21.3833,20.6447,Tesla,21.920557142857145,22.17205,-0.0242399630309056,0.0309392168625787,19,3,2018,0,1,21.4233,21.7067,21.94,21.69879315539652,0.7385999999999981,0.1960000000000015,0.7476511973224514
2018-03-20,20.7033,71415429,20.9913,21.0833,20.584,Tesla,21.76227142857143,22.12187,-0.0096010332950632,0.0309590290078143,20,3,2018,1,1,20.904,21.4233,21.8113,21.44991986654739,0.49930000000000163,0.28800000000000026,0.8801790664678276
2018-03-21,21.102,89313660,20.6833,21.496,20.6793,Tesla,21.486271428571428,22.083113333333333,0.0192577994812421,0.0194478995523979,21,3,2018,2,1,20.7033,20.904,23.034,21.362939899910543,0.8166999999999973,-0.4187000000000012,0.6992524501552965
2018-03-22,20.6067,73873883,20.926,21.2547,20.5453,Tesla,21.174471428571422,22.003336666666662,-0.0234717088427637,0.0198680869436863,22,3,2018,3,1,21.102,20.7033,22.7893,21.17387992493291,0.7093999999999987,0.31929999999999836,0.4706293117180388
2018-03-23,20.1027,99599350,20.75,20.774,20.03,Tesla,20.93552857142857,21.972916666666663,-0.024458064610054,0.0157843405870064,23,3,2018,4,1,20.6067,21.102,21.7753,20.906084943699682,0.7439999999999998,0.6473000000000013,0.534944684724383
2018-03-26,20.2787,125473992,20.4893,20.506,19.424,Tesla,20.731528571428573,21.95905,0.0087550428549398,0.0173643162611914,26,3,2018,0,1,20.1027,20.6067,21.7067,20.74923870777476,1.0820000000000007,0.21059999999999945,0.4586940327875168
2018-03-27,18.612,206805797,20.2667,20.2847,18.4787,Tesla,20.329914285714285,21.877826666666667,-0.082189686715618,0.0326376096066513,27,3,2018,1,1,20.2787,20.1027,21.4233,20.21492903083107,1.806000000000001,1.6547000000000018,0.8313840577189202
2018-03-28,17.1853,314434043,17.6387,17.912,16.8067,Tesla,19.798671428571428,21.731426666666664,-0.0766548463356971,0.0392667981988043,28,3,2018,2,1,18.612,20.2787,20.904,19.4575217731233,1.1052999999999997,0.45339999999999847,1.398254178984724
2018-03-29,17.742,225216487,17.0993,18.064,16.5473,Tesla,19.37562857142857,21.606583333333333,0.0323939646092881,0.045123199015866,29,3,2018,3,1,17.1853,18.612,20.7033,19.028641329842475,1.5167000000000002,-0.6427000000000014,1.521483716327014
2018-04-02,16.832,241399229,17.084,17.3555,16.306,Tesla,18.76562857142857,21.425283333333333,-0.0512907225791906,0.0424562357080006,2,4,2018,0,2,17.742,17.1853,21.102,18.479480997381856,1.0494999999999983,0.2519999999999989,1.5692070287404036
2018-04-03,17.8353,282444609,17.988,18.2233,16.966,Tesla,18.369714285714284,21.27426,0.0596067015209125,0.0547419618845334,3,4,2018,1,2,16.832,17.742,20.6067,18.318435748036393,1.2572999999999972,0.1526999999999994,1.363402275472132
2018-04-04,19.1293,298202551,16.852,19.2247,16.8,Tesla,18.230657142857144,21.167970000000004,0.0725527465195428,0.0645639000786023,4,4,2018,2,2,17.8353,16.832,20.1027,18.521151811027295,2.424699999999998,-2.2773000000000003,1.1966318939107792
2018-04-05,20.3813,285387757,19.2893,20.4173,19.2133,Tesla,18.245314285714283,21.10668,0.0654493368811195,0.0699467709990691,5,4,2018,3,2,19.1293,17.8353,20.2787,18.98618885827047,1.2040000000000006,-1.0919999999999987,1.2261626230218916
2018-04-06,19.9533,202747849,20.0667,20.6187,19.7,Tesla,18.436928571428574,21.002523333333333,-0.0209996418285389,0.060771313657854,6,4,2018,4,2,20.3813,19.1293,18.612,19.227966643702853,0.9187000000000012,0.11340000000000217,1.3872390574020148
2018-04-09,19.3107,153621073,20.0247,20.6333,19.2807,Tesla,18.740557142857146,20.86388,-0.0322051991399917,0.0516534109486819,9,4,2018,0,2,19.9533,20.3813,17.1853,19.24864998277714,1.352599999999999,0.7139999999999986,1.297315399658518
2018-04-10,20.3133,165255067,19.9313,20.4733,19.5787,Tesla,19.107885714285715,20.74672333333333,0.0519194021967095,0.0530723952400646,10,4,2018,1,2,19.3107,19.9533,17.742,19.514812487082853,0.894599999999997,-0.38200000000000145,1.3310431528551403
2018-04-11,20.062,112053004,20.0493,20.5987,19.9773,Tesla,19.569314285714288,20.63548,-0.0123712050725387,0.0458134818149503,11,4,2018,2,2,20.3133,19.3107,16.832,19.65160936531214,0.6214000000000013,-0.012700000000002376,0.9009549793205702
2018-04-12,19.6053,113932818,20.1547,20.2633,19.5787,Tesla,19.82217142857143,20.526633333333336,-0.0227644302661749,0.0464012691136071,12,4,2018,3,2,20.062,20.3133,17.8353,19.640032023984105,0.6845999999999997,0.5493999999999986,0.48601295152313523
2018-04-13,20.0227,109788320,20.24,20.2633,19.732,Tesla,19.949800000000003,20.45865666666667,0.0212901613339251,0.0392008302279522,13,4,2018,4,2,19.6053,20.062,19.1293,19.73569901798808,0.5313000000000017,0.21729999999999805,0.3793347378423655
2018-04-16,19.414,94342408,19.9333,19.9773,19.2673,Tesla,19.811614285714285,20.36108,-0.0304004954376782,0.0314280998950977,16,4,2018,0,2,20.0227,19.6053,20.3813,19.65527426349106,0.7100000000000009,0.5192999999999977,0.37206437807076065
2018-04-17,19.1793,103967228,19.258,19.478,18.834,Tesla,19.70104285714286,20.25961333333333,-0.0120892139693005,0.030919492750095,17,4,2018,1,2,19.414,20.0227,19.9533,19.536280697618295,0.6440000000000019,0.07869999999999777,0.4329656716851341
2018-04-18,19.5567,97973396,19.4053,20.016,19.2107,Tesla,19.736185714285718,20.18217,0.0196774647667015,0.0295647002087092,18,4,2018,2,2,19.1793,19.414,19.3107,19.54138552321372,0.805299999999999,-0.15139999999999887,0.40508801689162083
2018-04-19,20.0053,91256954,19.4053,20.0673,19.2367,Tesla,19.69218571428572,20.110570000000003,0.0229384303077717,0.0226618695221785,19,4,2018,3,2,19.5567,19.1793,20.3133,19.657364142410287,0.8306000000000004,-0.5999999999999979,0.344089961244422
2018-04-20,19.3493,84339408,19.678,19.9987,19.3167,Tesla,19.590371428571427,20.02421333333333,-0.0327913103027697,0.0253770695916016,20,4,2018,4,2,20.0053,19.5567,20.062,19.580348106807715,0.6819999999999986,0.3287000000000013,0.3211002891853367
2018-04-23,18.8913,73211108,19.4193,19.4413,18.822,Tesla,19.48837142857143,19.92688,-0.0236701069289327,0.025485542935859,23,4,2018,0,2,19.3493,20.0053,19.6053,19.408086080105786,0.6192999999999991,0.5279999999999987,0.4151871815397377
2018-04-24,18.8973,85173587,19.0,19.1393,18.564,Tesla,19.3276,19.78899,0.0003176065172858,0.0229894042406943,24,4,2018,1,2,18.8913,19.3493,20.0227,19.28038956007934,0.5752999999999986,0.10269999999999868,0.3909835077518814
2018-04-25,18.7127,60006285,18.9,19.0107,18.4833,Tesla,19.22741428571429,19.65310333333333,-0.0097685912802357,0.0208635051331972,25,4,2018,2,2,18.8973,18.8913,19.414,19.138467170059503,0.5274000000000001,0.1872999999999969,0.4504785286365385
2018-04-26,19.032,65221587,18.5833,19.0527,18.4333,Tesla,19.206371428571423,19.56166,0.0170632778807975,0.022098451870311,26,4,2018,3,2,18.7127,18.8973,19.1793,19.111850377544627,0.6194000000000024,-0.44869999999999877,0.4565007437543293
2018-04-27,19.605,65202777,19.0247,19.6313,18.922,Tesla,19.213271428571428,19.49160333333333,0.030107187894073,0.0239872335772909,27,4,2018,4,2,19.032,18.7127,19.5567,19.23513778315847,0.7092999999999989,-0.5803000000000011,0.4629972883811044
2018-04-30,19.5933,63360988,19.574,19.9153,19.5,Tesla,19.154414285714285,19.43060333333333,-0.0005967865340474,0.0218921523698745,30,4,2018,0,2,19.605,19.032,20.0053,19.32467833736885,0.41529999999999845,-0.019299999999997652,0.36033832448946906
2018-05-01,19.9947,69224155,19.5673,20.0547,19.548,Tesla,19.246614285714287,19.40029333333333,0.0204865949074428,0.0187479001712124,1,5,2018,1,2,19.5933,19.605,19.3493,19.492183753026637,0.5067000000000021,-0.4274000000000022,0.48091163578063567
2018-05-02,20.0767,125192577,19.9047,20.4567,19.8523,Tesla,19.415957142857145,19.379406666666668,0.0041010867879986,0.014059254018104,2,5,2018,2,2,19.9947,19.5933,18.8913,19.63831281476998,0.6044000000000018,-0.1720000000000006,0.5400171350902693
2018-05-03,18.9633,260086220,18.586,19.2027,18.3487,Tesla,19.425385714285717,19.308116666666667,-0.0554573211733003,0.0282853934846433,3,5,2018,3,2,20.0767,19.9947,18.8973,19.469559611077486,0.8539999999999992,-0.37730000000000175,0.5299342740024752
2018-05-04,19.606,128482526,18.8667,19.7907,18.6347,Tesla,19.553,19.27476,0.0338917804390586,0.0302964489352769,4,5,2018,4,2,18.9633,20.0767,18.7127,19.503669708308117,1.1560000000000024,-0.7393000000000001,0.4273337415501913
2018-05-07,20.1847,130096285,19.8333,20.3973,19.678,Tesla,19.71767142857143,19.277493333333336,0.0295164745486073,0.0313280928891067,7,5,2018,0,2,19.606,18.9633,19.032,19.673927281231087,0.7193000000000005,-0.35139999999999816,0.41502447604315545
2018-05-08,20.1313,88911661,20.053,20.5167,19.9333,Tesla,19.792857142857144,19.27258,-0.0026455681778773,0.0300462256742743,8,5,2018,1,2,20.1847,19.606,19.605,19.788270460923314,0.583400000000001,-0.0782999999999987,0.4382342214589686
2018-05-09,20.4567,85683782,20.0273,20.4673,20.0033,Tesla,19.9162,19.33407,0.0161638841008777,0.0302686437527363,9,5,2018,2,2,20.1313,20.1847,19.5933,19.955377845692485,0.4640000000000022,-0.4294000000000011,0.49103045730443
2018-05-10,20.3347,84641523,20.5,20.866,20.2741,Tesla,19.964771428571428,19.43905,-0.0059638162557987,0.0298918305467942,10,5,2018,3,2,20.4567,20.1313,19.9947,20.050208384269364,0.591899999999999,0.16529999999999845,0.5162575543094233
2018-05-11,20.0707,69979780,20.5133,20.592,19.9387,Tesla,19.963914285714285,19.516673333333333,-0.0129827339473905,0.0304599984772731,11,5,2018,4,2,20.3347,20.4567,20.0767,20.055331288202023,0.653299999999998,0.4426000000000023,0.5160456841170489
2018-05-14,19.4647,108982461,20.2213,20.3293,19.4413,Tesla,20.03554285714285,19.60443,-0.0301932668018553,0.0234293140782086,14,5,2018,0,2,20.0707,20.3347,18.9633,19.907673466151515,0.8880000000000017,0.7565999999999988,0.3673985749261055
2018-05-15,18.9453,142646224,19.0007,19.1307,18.7,Tesla,19.941157142857143,19.64143,-0.0266842026848603,0.0216552551767944,15,5,2018,1,2,19.4647,20.0707,19.606,19.667080099613635,0.43070000000000164,0.055399999999998784,0.5403165826850093
2018-05-16,19.0987,85044617,18.922,19.254,18.7707,Tesla,19.786014285714284,19.64041,0.0080969950330689,0.0170383503603435,16,5,2018,2,2,18.9453,19.4647,20.1847,19.524985074710226,0.48329999999999984,-0.1767000000000003,0.6101349343348942
2018-05-17,18.9693,66273837,19.06,19.2792,18.9313,Tesla,19.620014285714287,19.593343333333337,-0.0067753302580804,0.016903349552256,17,5,2018,3,2,19.0987,18.9453,20.1313,19.38606380603267,0.3478999999999992,0.09069999999999823,0.656822633158443
2018-05-18,18.4547,108655431,18.9767,18.9767,18.2667,Tesla,19.33401428571429,19.54339,-0.0271280437338226,0.0141401421123419,18,5,2018,4,2,18.9693,19.0987,20.4567,19.153222854524504,0.7100000000000009,0.522000000000002,0.6675625100037772
2018-05-21,18.966,137517591,18.7553,19.4327,18.7533,Tesla,19.138485714285714,19.531900000000004,0.0277056793120453,0.0213986807063276,21,5,2018,0,2,18.4547,18.9693,20.3347,19.106417140893377,0.6794000000000011,-0.21070000000000277,0.5066690057909822
2018-05-22,18.334,134077448,19.1841,19.2,18.2281,Tesla,18.890385714285717,19.465923333333333,-0.0333227881472109,0.0232207684164738,22,5,2018,1,2,18.966,18.4547,20.0707,18.913312855670032,0.971899999999998,0.8501000000000012,0.38461656416389445
2018-05-23,18.6047,89583510,18.5173,18.6607,18.2667,Tesla,18.76752857142857,19.417346666666667,0.0147649176393587,0.0237595197633349,23,5,2018,2,2,18.334,18.966,19.4647,18.836159641752523,0.39399999999999835,-0.08740000000000236,0.29824533924544067
2018-05-24,18.5233,62561804,18.56,18.7407,18.326,Tesla,18.70724285714285,19.38128,-0.0043752385149989,0.0219823889784317,24,5,2018,3,2,18.6047,18.334,18.9453,18.757944731314392,0.41469999999999985,0.03669999999999973,0.29897213837494796
2018-05-25,18.59,58089286,18.5083,18.6427,18.374,Tesla,18.63457142857143,19.33352333333333,0.0036008702553,0.0216673696020915,25,5,2018,4,2,18.5233,18.6047,19.0987,18.715958548485794,0.2687000000000026,-0.08170000000000144,0.2448963298655909
2018-05-29,18.9173,84857253,18.5673,19.1,18.41,Tesla,18.627142857142854,19.316966666666666,0.0176062399139322,0.0229994445482183,29,5,2018,1,2,18.59,18.5233,18.9693,18.766293911364347,0.6900000000000013,-0.3500000000000014,0.2335776876997473
2018-05-30,19.448,112103794,18.886,19.667,18.7733,Tesla,18.769042857142857,19.32592333333333,0.0280536863082998,0.0216334126519949,30,5,2018,2,2,18.9173,18.59,18.4547,18.936720433523263,0.8937000000000026,-0.5620000000000012,0.3720376005071965
2018-05-31,18.982,88692331,19.1473,19.358,18.862,Tesla,18.77132857142857,19.306766666666665,-0.0239613327848622,0.0224753735671703,31,5,2018,3,2,19.448,18.9173,18.966,18.948040325142447,0.4960000000000022,0.165300000000002,0.3734956301149473
2018-06-01,19.4547,81269719,19.0573,19.4633,18.9226,Tesla,18.93142857142857,19.28841333333333,0.0249025392477082,0.0183344114205977,1,6,2018,4,2,18.982,19.448,18.334,19.074705243856837,0.5407000000000011,-0.39739999999999753,0.3944004044727706
2018-06-04,19.7827,71906769,19.6227,19.9333,19.5699,Tesla,19.09971428571429,19.30286,0.0168596791520814,0.0184673525408206,4,6,2018,0,2,19.4547,18.982,18.6047,19.251703932892624,0.3633999999999986,-0.16000000000000014,0.4748650665496752
2018-06-05,19.4087,88168051,19.8467,19.8533,19.116,Tesla,19.2262,19.320106666666668,-0.0189054072497686,0.020875068288792,5,6,2018,1,2,19.7827,19.4547,18.5233,19.290952949669467,0.7373000000000012,0.43799999999999883,0.40910660387481196
2018-06-06,21.3,281135859,20.0333,21.478,19.832,Tesla,19.613342857142857,19.400196666666663,0.0974459907155038,0.0398915763911745,6,6,2018,2,2,19.4087,19.7827,18.59,19.7932147122521,1.6460000000000008,-1.2667000000000002,0.8011396192452591
2018-06-07,21.0727,215041542,21.0767,22.0,20.9053,Tesla,19.921257142857144,19.478863333333333,-0.0106713615023473,0.0416032202541702,7,6,2018,3,2,21.3,19.4087,18.9173,20.113086034189077,1.0946999999999996,0.003999999999997783,0.8974516975996111
2018-06-08,21.1773,122882564,21.2667,21.632,21.1433,Tesla,20.1683,19.550373333333333,0.0049637682878793,0.0414260048572176,8,6,2018,4,2,21.0727,21.3,19.448,20.379139525641808,0.48870000000000147,0.08940000000000126,0.979708921057985
2018-06-11,22.14,197490651,21.5007,22.3107,21.5,Tesla,20.61944285714285,19.63487333333333,0.0454590528537632,0.0393762606284926,11,6,2018,0,2,21.1773,21.0727,18.982,20.819354644231357,0.8107000000000006,-0.6393000000000022,1.0657205291215195
2018-06-12,22.8513,333846283,22.98,23.6647,22.5333,Tesla,21.10467142857143,19.74347333333333,0.0321273712737126,0.0395329482856875,12,6,2018,1,2,22.14,21.1773,19.4547,21.327340983173517,1.1313999999999993,0.12870000000000203,1.2104403120551483
2018-06-13,22.9853,141021934,23.1137,23.1467,22.6533,Tesla,21.56218571428571,19.84316,0.0058639989847404,0.040073926260011,13,6,2018,2,2,22.8513,22.14,19.7827,21.741830737380138,0.4933999999999976,0.12840000000000273,1.232539019569937
2018-06-14,23.848,164417168,23.1753,23.9167,23.1067,Tesla,22.19637142857143,19.96887,0.0375326839327745,0.0358507833955514,14,6,2018,3,2,22.9853,22.8513,19.4087,22.268373053035102,0.8099999999999987,-0.672699999999999,1.0713714104119523
2018-06-15,23.878,162413319,23.5893,24.3113,23.4167,Tesla,22.56465714285714,20.13269333333333,0.0012579671251258,0.0213770683093762,15,6,2018,4,2,23.848,22.9853,21.3,22.670779789776326,0.8946000000000005,-0.2886999999999986,1.1519528735402316
2018-06-18,24.722,180381660,23.6933,24.9153,23.6333,Tesla,23.08598571428572,20.303226666666667,0.0353463439149008,0.0184511495153695,18,6,2018,0,2,23.878,23.848,21.0727,23.183584842332245,1.282,-1.0287000000000006,1.189375204927218
2018-06-19,23.5033,191022504,24.344,24.6667,23.0833,Tesla,23.418271428571423,20.413846666666664,-0.0492961734487501,0.0330342164416205,19,6,2018,1,2,24.722,23.878,21.1773,23.263513631749184,1.5833999999999975,0.8407000000000018,0.841214771851609
2018-06-20,24.148,125553957,23.8693,24.292,23.4667,Tesla,23.705128571428567,20.547736666666665,0.0274301906540783,0.030943043775831,20,6,2018,2,2,23.5033,24.722,22.14,23.484635223811885,0.8253000000000021,-0.2787000000000006,0.6542642883789419
2018-06-21,23.1673,119247630,24.1333,24.4143,23.0847,Tesla,23.75027142857143,20.63809,-0.0406120589696868,0.0353129766758885,21,6,2018,3,2,24.148,23.5033,22.8513,23.40530141785891,1.3295999999999992,0.9659999999999975,0.5936247066803515
2018-06-22,22.242,153806473,23.436,23.4833,22.1333,Tesla,23.644085714285715,20.701666666666664,-0.0399399153116677,0.0386705187957149,22,6,2018,4,2,23.1673,24.148,22.9853,23.114476063394186,1.3500000000000014,1.193999999999999,0.7879419742355982
2018-06-25,22.2007,103876283,22.008,22.5647,21.8333,Tesla,23.408757142857144,20.77266666666667,-0.0018568474058088,0.0342229784868614,25,6,2018,0,2,22.242,23.1673,23.848,22.886032047545637,0.7313999999999972,-0.1927000000000021,0.9468579493202133
2018-06-26,22.8,111521179,22.4036,22.9033,21.7199,Tesla,23.25475714285714,20.88384333333333,0.0269946443130171,0.0368722582169205,26,6,2018,1,2,22.2007,22.242,23.878,22.864524035659226,1.1834000000000024,-0.39639999999999986,0.9454826154884552
2018-06-27,22.9667,124707193,23.0,23.386,22.6333,Tesla,23.004,21.01789,0.0073114035087717,0.032947696675593,27,6,2018,2,2,22.8,22.2007,24.722,22.89006802674442,0.7527000000000008,0.03330000000000055,0.6896430912680587
2018-06-28,23.3287,125822517,23.244,23.8013,23.074,Tesla,22.979057142857148,21.15889,0.0157619509986197,0.0289469660222461,28,6,2018,3,2,22.9667,22.8,23.5033,22.999726020058315,0.7272999999999996,-0.08470000000000155,0.6714933776225264
2018-06-29,22.8633,97138496,23.5553,23.5907,22.8273,Tesla,22.795528571428573,21.288689999999995,-0.0199496757213218,0.0267269103019496,29,6,2018,4,2,23.3287,22.9667,24.148,22.965619515043734,0.7633999999999972,0.6920000000000002,0.4313956602873181
2018-07-02,22.338,280990510,24.0047,24.3187,21.99,Tesla,22.67705714285714,21.418133333333333,-0.0229756859246039,0.0237471563887615,2,7,2018,0,3,22.8633,23.3287,23.1673,22.8087146362828,2.3287000000000013,1.6666999999999987,0.426122700863178
2018-07-03,20.724,184239508,22.1167,22.166,20.646,Tesla,22.460200000000004,21.47673333333333,-0.0722535589578297,0.0330147291338995,3,7,2018,1,3,22.338,22.8633,22.242,22.2875359772121,1.5199999999999996,1.3927000000000014,0.8549319349128336
2018-07-05,20.6107,261863419,20.9173,20.9593,19.748,Tesla,22.23305714285714,21.552623333333333,-0.0054670912951166,0.0329022190906026,5,7,2018,3,3,20.724,22.338,22.2007,21.868326982909075,1.2112999999999978,0.30659999999999954,1.1088736430229362
2018-07-06,20.5933,132902904,20.3303,20.8047,20.1333,Tesla,21.91781428571428,21.618910000000003,-0.0008442216906753,0.0291411752337534,6,7,2018,4,3,20.6107,20.724,22.8,21.549570237181804,0.671400000000002,-0.2629999999999981,1.2280972687165592
2018-07-09,21.234,113693058,20.7993,21.2347,20.5333,Tesla,21.670285714285715,21.709266666666664,0.0311120607187775,0.0331614260191843,9,7,2018,0,3,20.5933,20.6107,22.9667,21.470677677886357,0.7013999999999996,-0.434700000000003,1.153825910364769
2018-07-10,21.498,141563284,21.6373,21.8452,21.28,Tesla,21.408757142857144,21.8062,0.0124328906470754,0.0327405546596638,10,7,2018,1,3,21.234,20.5933,23.3287,21.47750825841477,0.5651999999999973,0.13929999999999865,0.8933503845212923
2018-07-11,21.264,73178888,21.0533,21.4627,21.0047,Tesla,21.180285714285716,21.88442333333333,-0.0108847334635781,0.0325122780584722,11,7,2018,2,3,21.498,21.234,22.8633,21.424131193811075,0.45800000000000196,-0.21069999999999922,0.6229385748978656
2018-07-12,21.114,85677722,21.4287,21.5487,20.8513,Tesla,21.00542857142857,21.939956666666667,-0.0070541760722346,0.0319929470547619,12,7,2018,3,3,21.264,21.498,22.338,21.346598395358306,0.6974000000000018,0.3146999999999984,0.3601807634806544
2018-07-13,21.258,88001596,21.0387,21.3057,20.6167,Tesla,21.081714285714288,22.015823333333334,0.0068201193520884,0.0145514333154767,13,7,2018,4,3,21.114,21.264,20.724,21.324448796518727,0.6890000000000001,-0.2193000000000005,0.34694735637526986
2018-07-16,20.6733,117006751,20.7807,21.0107,20.4167,Tesla,21.090657142857143,22.05644333333333,-0.0275049393169629,0.0186732865265813,16,7,2018,0,3,21.258,21.114,20.6107,21.161661597389045,0.5940000000000012,0.10739999999999839,0.3333223557724455
2018-07-17,21.5127,104816678,20.5873,21.6493,20.5667,Tesla,21.222,22.11411,0.0406030967479791,0.0239664935153179,17,7,2018,1,3,20.6733,21.258,20.5933,21.249421198041784,1.0825999999999993,-0.9253999999999998,0.2818457556901339
2018-07-18,21.59,84151233,21.6667,21.7,21.0833,Tesla,21.27285714285714,22.18682,0.0035932263267743,0.0213738942212722,18,7,2018,2,3,21.5127,20.6733,21.234,21.334565898531338,0.616699999999998,0.07669999999999888,0.31458889500057485
2018-07-19,21.3487,88606696,21.0887,21.5693,20.934,Tesla,21.25152857142857,22.188443333333336,-0.0111764705882352,0.0214212689004745,19,7,2018,3,3,21.59,21.5127,21.498,21.338099423898505,0.6352999999999973,-0.26000000000000156,0.30157241095325676
2018-07-20,20.9053,77397426,21.4153,21.5493,20.7806,Tesla,21.200285714285712,22.182863333333334,-0.0207694145310955,0.0224956705267131,20,7,2018,4,3,21.3487,21.59,21.264,21.229899567923876,0.768699999999999,0.509999999999998,0.32838325895582565
2018-07-23,20.2133,164622218,20.1227,20.3667,19.524,Tesla,21.071614285714286,22.150730000000003,-0.0331016536476396,0.0253971679032019,23,7,2018,0,3,20.9053,21.3487,21.114,20.975749675942907,0.8427000000000007,-0.09060000000000201,0.4996356353341803
2018-07-24,19.8287,143792718,20.2947,20.5145,19.503,Tesla,20.86742857142857,22.073686666666667,-0.0190270762319858,0.0251111952809889,24,7,2018,1,3,20.2133,20.9053,21.258,20.68898725695718,1.0115000000000016,0.4659999999999975,0.6728135271986707
2018-07-25,20.5827,105470677,19.7827,20.6413,19.6335,Tesla,20.854485714285715,21.998066666666663,0.0380256900351509,0.0292147700022552,25,7,2018,2,3,19.8287,20.2133,20.6733,20.662415442717887,1.0077999999999996,-0.8000000000000007,0.6780216427930623
2018-07-26,20.4433,69293470,20.3233,20.7133,20.2428,Tesla,20.701714285714285,21.913333333333338,-0.0067726780257205,0.0229947820186948,26,7,2018,3,3,20.5827,19.8287,21.5127,20.607636582038417,0.47050000000000125,-0.120000000000001,0.6232621129421759
2018-07-27,19.812,85420307,20.4833,20.5129,19.6894,Tesla,20.447714285714287,21.7788,-0.0308805329863574,0.0240090150728118,27,7,2018,4,3,20.4433,20.5827,21.59,20.408727436528814,0.8234999999999992,0.6712999999999987,0.5600092214382061
2018-07-30,19.3447,101993664,19.7267,19.74,19.0753,Tesla,20.16142857142857,21.627690000000005,-0.0235867151221482,0.0243968055715168,30,7,2018,0,3,19.812,20.4433,21.3487,20.14272057739661,0.6646999999999998,0.38200000000000145,0.5342924689545557
2018-07-31,19.876,75826372,19.4833,19.888,19.2713,Tesla,20.014385714285712,21.466156666666667,0.0274648870233191,0.0285375744144957,31,7,2018,1,3,19.3447,19.812,20.9053,20.076040433047456,0.6167000000000016,-0.3927000000000014,0.42614242700750715
2018-08-01,20.056,131521419,19.866,20.2,19.5333,Tesla,19.991914285714284,21.35124666666667,0.0090561481183335,0.0264431833553453,1,8,2018,2,3,19.876,19.3447,20.2133,20.071030324785593,0.6666999999999987,-0.19000000000000128,0.41797414365306906
2018-08-02,23.3027,347387226,21.896,23.3327,21.544,Tesla,20.488200000000003,21.32307,0.1618817311527722,0.0653954124914967,2,8,2018,3,3,20.056,19.876,19.8287,20.878947743589194,1.7886999999999986,-1.4067000000000007,1.3075919903907025
2018-08-03,23.2113,204699498,23.1873,23.6667,22.8353,Tesla,20.863714285714288,21.32453666666667,-0.0039222922665613,0.0659255560270575,3,8,2018,4,3,23.3027,20.056,20.5827,21.462035807691898,0.8313999999999986,-0.02400000000000091,1.6672356056546032
2018-08-06,22.7993,128051426,23.0307,23.6653,22.788,Tesla,21.200285714285712,21.34311333333333,-0.0177499752275832,0.0667669371552439,6,8,2018,0,3,23.2113,23.3027,20.4433,21.796351855768922,0.8772999999999982,0.23140000000000072,1.8006863963766113
2018-08-07,25.3047,458945771,22.9227,25.8307,22.61,Tesla,21.984957142857144,21.44658,0.1098893387077675,0.0708527814395527,7,8,2018,1,3,22.7993,23.2113,19.812,22.67343889182669,3.220700000000001,-2.3820000000000014,2.2384423020315527
2018-08-08,24.6893,368031116,24.606,25.5093,24.4747,Tesla,22.74847142857143,21.509556666666665,-0.024319592802918,0.070958685184528,8,8,2018,2,3,25.3047,22.7993,19.3447,23.17740416887002,1.034600000000001,-0.08329999999999771,2.0946589895210677
2018-08-09,23.4967,254276873,24.37,24.4673,23.0487,Tesla,23.265714285714285,21.527223333333332,-0.0483043261655858,0.078153721864658,9,8,2018,3,3,24.6893,25.3047,19.876,23.257228126652514,1.4186000000000014,0.8733000000000004,1.6714041187264324
2018-08-10,23.6993,172957564,23.6,24.0,23.0667,Tesla,23.78618571428572,21.53957666666667,0.0086224874131262,0.0781701603529428,10,8,2018,4,3,23.4967,24.6893,20.056,23.367746094989386,0.9332999999999991,-0.0992999999999995,0.8898546312529508
2018-08-13,23.7607,156673722,24.0753,24.2127,23.268,Tesla,23.851614285714284,21.569490000000005,0.0025907938209144,0.0505128165234496,13,8,2018,0,3,23.6993,23.4967,23.3027,23.46598457124204,0.944700000000001,0.31459999999999866,0.864867271953134
2018-08-14,23.176,104227613,23.8967,23.9466,23.14,Tesla,23.846571428571423,21.59742333333333,-0.0246078608795196,0.0516345057116855,14,8,2018,1,3,23.7607,23.6993,23.2113,23.393488428431528,0.8065999999999995,0.7207000000000008,0.8693145436001314
2018-08-15,22.5793,136095427,22.7937,22.966,22.1427,Tesla,23.815142857142856,21.659266666666667,-0.0257464618570935,0.0522005768387548,15,8,2018,2,3,23.176,23.7607,22.7993,23.189941321323648,0.8232999999999997,0.21440000000000126,0.9161997414269972
2018-08-16,22.3633,90680835,22.6607,22.8187,22.2547,Tesla,23.39494285714285,21.717686666666665,-0.009566284162928,0.0194195443932247,16,8,2018,3,3,22.5793,23.176,25.3047,22.983280990992736,0.5640000000000001,0.29739999999999966,0.7841792649160336
2018-08-17,20.3667,283438058,21.5667,21.7847,20.2353,Tesla,22.77742857142857,21.71013333333333,-0.0892802046209636,0.0336339493780051,17,8,2018,4,3,22.3633,22.5793,24.6893,22.32913574324455,1.549400000000002,1.1999999999999993,1.1913052963233615
2018-08-20,20.5627,260706320,19.4469,20.5667,19.2133,Tesla,22.35828571428572,21.68775666666667,0.0096235521709455,0.0345221343230729,20,8,2018,0,3,20.3667,22.3633,23.4967,21.88752680743341,1.3534000000000006,-1.1158000000000001,1.394821133609037
2018-08-21,21.46,197216451,20.7073,21.6527,20.6,Tesla,22.038385714285717,21.68649,0.0436372655341954,0.0410072435999846,21,8,2018,1,3,20.5627,20.3667,23.6993,21.78064510557506,1.052699999999998,-0.7527000000000008,1.2887592100268694
2018-08-22,21.4427,89037750,21.3913,21.592,20.978,Tesla,21.70724285714286,21.69244666666667,-0.0008061509785648,0.0408069699452237,22,8,2018,2,3,21.46,20.5627,23.7607,21.696158829181297,0.6139999999999972,-0.05139999999999745,1.0477187629278195
2018-08-23,21.34,77080236,21.276,21.8213,21.2067,Tesla,21.444957142857135,21.69998,-0.004789508783875,0.0406209096756857,23,8,2018,3,3,21.4427,21.46,23.176,21.607119121885972,0.6145999999999994,-0.06400000000000006,0.8248586583112365
2018-08-24,21.5213,53890983,21.38,21.59,21.2933,Tesla,21.293814285714287,21.708756666666662,0.0084957825679474,0.0406094535504544,24,8,2018,4,3,21.34,21.4427,22.5793,21.58566434141448,0.2967000000000013,-0.1413000000000011,0.6635179234673688
2018-08-27,21.2847,195939652,21.2,21.4957,20.5873,Tesla,21.139728571428574,21.729136666666665,-0.0109937596706518,0.0406333501365307,27,8,2018,0,3,21.5213,21.34,22.3633,21.510423256060857,0.9084000000000003,-0.08470000000000155,0.47110202969368065
2018-08-28,20.7907,114591738,21.2273,21.2587,20.746,Tesla,21.2003,21.70507,-0.0232091596310964,0.0211472610330429,28,8,2018,1,3,21.2847,21.5213,20.3667,21.330492442045642,0.5127000000000024,0.43659999999999854,0.3719740627165872
2018-08-29,20.334,111158014,20.6847,20.79,20.246,Tesla,21.167628571428573,21.66320333333333,-0.0219665523527347,0.0228355787533208,29,8,2018,2,3,20.7907,21.2847,20.5627,21.081369331534233,0.5440000000000005,0.3506999999999998,0.44095695071231633
2018-08-30,20.21,108159321,20.1507,20.3067,19.848,Tesla,20.989057142857146,21.625246666666666,-0.006098160716042,0.0113395491813376,30,8,2018,3,3,20.334,20.7907,21.46,20.863526998650677,0.45870000000000033,-0.05930000000000035,0.5439079789122143
2018-08-31,20.1107,80505680,20.1333,20.3539,19.9067,Tesla,20.79877142857143,21.59876,-0.0049134092033646,0.0109766882820002,31,8,2018,4,3,20.21,20.334,21.4427,20.675320248988008,0.4471999999999987,0.022599999999997067,0.5898127095795092
2018-09-04,19.2633,124568503,19.796,19.8793,19.2,Tesla,20.5021,21.56709333333333,-0.0421367729616573,0.0163244080337535,4,9,2018,1,3,20.1107,20.21,21.34,20.322315186741008,0.6793000000000013,0.5326999999999984,0.767671889546951
2018-09-05,18.716,115610072,19.0033,19.1187,18.4787,Tesla,20.10134285714286,21.530003333333337,-0.0284115390405589,0.0133927773707174,5,9,2018,2,3,19.2633,20.1107,21.5213,19.920736390055758,0.6400000000000006,0.28729999999999833,0.8720723724885161
2018-09-06,18.73,112091284,18.9867,19.4113,18.592,Tesla,19.73638571428572,21.46824666666667,0.000748023081855,0.0152657231527214,6,9,2018,3,3,18.716,19.2633,21.2847,19.623052292541818,0.8193000000000019,0.2566999999999986,0.8277431594980789
2018-09-07,17.5493,336634482,17.34,17.89,16.817,Tesla,19.27332857142857,21.37178,-0.0630379071009077,0.0229965741846108,7,9,2018,4,3,18.73,18.716,20.7907,19.104614219406365,1.0730000000000004,-0.20929999999999893,1.0232109846206041
2018-09-10,19.0333,213483643,18.2173,19.0687,18.0667,Tesla,19.08751428571429,21.34582333333333,0.0845617773928306,0.0470229227431396,10,9,2018,0,3,17.5493,18.73,20.334,19.086785664554775,1.001999999999999,-0.815999999999999,0.9103722231936567
2018-09-11,18.6293,137415846,18.6313,18.8,18.2367,Tesla,18.861700000000003,21.321976666666668,-0.0212259566128837,0.0472428763490001,11,9,2018,1,3,19.0333,17.5493,20.21,18.97241424841608,0.5633000000000017,0.0019999999999988916,0.7708985039121558
2018-09-12,19.3693,150032175,18.7627,19.5,18.5764,Tesla,18.755785714285715,21.305086666666668,0.0397223728213083,0.05100566984795,12,9,2018,2,3,18.6293,19.0333,20.1107,19.07163568631206,0.9236000000000004,-0.6066000000000003,0.6034399899155194
2018-09-13,19.2973,94999168,19.2013,19.6667,19.012,Tesla,18.76064285714286,21.279796666666662,-0.0037172226151692,0.0482421147005988,13,9,2018,3,3,19.3693,18.6293,19.2633,19.128051764734046,0.6546999999999983,-0.09600000000000009,0.6083229346801033
2018-09-14,19.68,101364729,19.2507,19.8217,19.1013,Tesla,18.898357142857144,21.15904,0.0198317899395252,0.0467231560279915,14,9,2018,4,3,19.2973,19.3693,18.716,19.266038823550534,0.7204000000000015,-0.42930000000000135,0.6989049478943046
2018-09-17,19.656,102993069,19.336,20.058,19.2087,Tesla,19.03064285714285,21.04053,-0.0012195121951219,0.0467808211684549,17,9,2018,0,3,19.68,19.2973,18.73,19.3635291176629,0.8492999999999995,-0.3200000000000003,0.7476619955063035
2018-09-18,18.9973,247414076,19.7793,20.176,18.3667,Tesla,19.2375,20.913796666666663,-0.0335113960113959,0.0401913931199201,18,9,2018,1,3,19.656,19.68,17.5493,19.271971838247175,1.8092999999999968,0.782,0.37885720705033693
2018-09-19,19.9347,123965233,18.7007,20.0,18.7,Tesla,19.366271428571427,20.734796666666668,0.0493438541266391,0.0306830583268535,19,9,2018,2,3,18.9973,19.656,19.0333,19.43765387868538,1.3000000000000007,-1.2339999999999982,0.44525504569283486
2018-09-20,19.8887,109987100,20.2373,20.3987,19.5553,Tesla,19.546185714285716,20.574776666666665,-0.0023075340988326,0.0285373616108423,20,9,2018,3,3,19.9347,18.9973,18.6293,19.550415409014036,0.8434000000000026,0.34860000000000113,0.3397874356553025
2018-09-21,19.94,75577417,19.8467,20.0387,19.6913,Tesla,19.627714285714287,20.45622,0.0025793541055976,0.0253019512463399,21,9,2018,4,3,19.8887,19.9347,19.3693,19.647811556760526,0.3474000000000004,-0.09330000000000283,0.3582377675453399
2018-09-24,19.9787,72515724,19.8987,20.2,19.572,Tesla,19.725057142857143,20.3322,0.0019408224674022,0.0250878293199724,24,9,2018,0,3,19.94,19.8887,19.2973,19.730533667570395,0.6280000000000001,-0.0799999999999983,0.3458549159080558
2018-09-25,20.066,67084271,20.0,20.3067,19.7667,Tesla,19.7802,20.209043333333334,0.0043696536811703,0.0242555092057087,25,9,2018,1,3,19.9787,19.94,19.68,19.814400250677796,0.5399999999999991,-0.06599999999999895,0.3675641622002279
2018-09-26,20.6387,117537886,20.1273,20.926,20.074,Tesla,19.920585714285718,20.124466666666667,0.0285408153094788,0.0259368524552303,26,9,2018,2,3,20.066,19.9787,19.656,20.020475188008348,0.8519999999999968,-0.5113999999999983,0.48205463877294913
2018-09-27,20.5013,110066345,20.86,20.9973,20.4607,Tesla,20.13544285714286,20.055200000000003,-0.0066573960569221,0.0202634699582219,27,9,2018,3,3,20.6387,20.066,18.9973,20.14068139100626,0.5366,0.3586999999999989,0.30438119662315594
2018-09-28,17.6513,503959098,18.0173,18.5333,17.3703,Tesla,19.809242857142856,19.898133333333337,-0.1390155746220972,0.0554874934622468,28,9,2018,4,3,20.5013,20.6387,19.9347,19.518336043254696,1.1630000000000003,0.36599999999999966,0.9951306812965639
2018-10-01,20.7133,325712987,20.3847,20.7627,20.07,Tesla,19.92704285714285,19.90968666666667,0.1734716423152968,0.0910112774877398,1,10,2018,0,4,17.6513,20.5013,19.8887,19.817077032441023,0.6926999999999985,-0.32860000000000156,1.0532155870750095
2018-10-02,20.068,175495262,20.93,21.1227,19.9433,Tesla,19.94532857142857,19.893196666666668,-0.0311538962888577,0.0923113852237159,2,10,2018,1,4,20.7133,17.6513,19.94,19.879807774330768,1.1793999999999976,0.8619999999999983,1.0545882999453227
2018-10-03,19.6533,119734020,20.222,20.3067,19.438,Tesla,19.898842857142856,19.83297333333333,-0.0206647398843931,0.0928098762311765,3,10,2018,2,4,20.068,20.7133,19.9787,19.823180830748075,0.8687000000000005,0.5686999999999998,1.0600298326891993
2018-10-04,18.7887,144583203,19.5967,19.6,18.5113,Tesla,19.716371428571428,19.744506666666663,-0.043992611927768,0.0943283379946805,4,10,2018,3,4,19.6533,20.068,20.066,19.564560623061055,1.0887000000000029,0.8079999999999998,1.1338271748293816
2018-10-05,17.4633,268510516,18.31,18.3253,17.3333,Tesla,19.262742857142857,19.61528333333333,-0.070542400485398,0.0957677234418998,5,10,2018,4,4,18.7887,19.6533,20.6387,19.039245467295792,0.9919999999999973,0.8466999999999985,1.3227857647875012
2018-10-08,16.704,200567600,17.6347,17.8507,16.6,Tesla,18.72027142857143,19.454706666666667,-0.0434797546855405,0.0959370622876316,8,10,2018,0,4,17.4633,18.7887,20.5013,18.455434100471845,1.2506999999999984,0.9306999999999981,1.497319134001929
2018-10-09,17.52,180566610,17.0167,17.7847,16.8867,Tesla,18.70151428571429,19.329216666666664,0.0488505747126435,0.0843170344673371,9,10,2018,1,4,16.704,17.4633,17.6513,18.22157557535388,0.8979999999999997,-0.5032999999999994,1.513675235344724
2018-10-10,17.1253,191723304,17.6407,17.7007,16.518,Tesla,18.18894285714285,19.207036666666667,-0.0225285388127853,0.037154322886968,10,10,2018,2,4,17.52,16.704,20.7133,17.94750668151541,1.1827000000000005,0.5153999999999996,1.3130968317395708
2018-10-11,16.8153,121922699,17.1687,17.4833,16.602,Tesla,17.72427142857143,19.089746666666667,-0.0181018726679239,0.0371926956632624,11,10,2018,3,4,17.1253,17.52,20.068,17.66445501113656,0.8812999999999995,0.3534000000000006,1.0946797046236834
2018-10-12,17.252,107838801,17.4,17.466,16.8007,Tesla,17.381228571428572,18.99114666666667,0.025970396008397,0.041848485502018,12,10,2018,4,4,16.8153,17.1253,19.6533,17.56134125835242,0.665300000000002,0.1479999999999997,0.6913853477246557
2018-10-15,17.306,92835344,17.2707,17.552,16.9691,Tesla,17.169414285714286,18.897656666666663,0.0031300718757247,0.0406860406064309,15,10,2018,0,4,17.252,16.8153,18.7887,17.497505943764317,0.5828999999999986,-0.03529999999999944,0.310566329087103
2018-10-16,18.4393,142516729,17.7133,18.4917,17.4827,Tesla,17.308842857142857,18.87019,0.0654859586270657,0.0399623566388297,16,10,2018,1,4,17.306,17.252,17.4633,17.732954457823237,1.0090000000000003,-0.7259999999999991,0.5728390258393171
2018-10-17,18.1187,129554170,18.8267,18.8467,17.7202,Tesla,17.510942857142858,18.85028,-0.0173867771553148,0.0352472165274449,17,10,2018,2,4,18.4393,17.306,16.704,17.829390843367428,1.1265,0.7079999999999984,0.5734384792848574
2018-10-18,17.594,81028024,17.9527,18.0667,17.5333,Tesla,17.521514285714286,18.81241333333333,-0.0289590312770783,0.0340111118048547,18,10,2018,3,4,18.1187,18.4393,17.52,17.77054313252557,0.5334000000000003,0.3586999999999989,0.5743147088161895
2018-10-19,17.3333,140171390,17.826,17.9773,16.9,Tesla,17.551228571428574,18.80521333333333,-0.0148175514379902,0.0332347674192385,19,10,2018,4,4,17.594,18.1187,17.1253,17.661232349394176,1.077300000000001,0.49269999999999925,0.5554701603581758
2018-10-22,17.3967,83922783,17.3787,17.4573,16.8393,Tesla,17.634285714285713,18.75066,0.0036576993417294,0.0320159010786535,22,10,2018,0,4,17.3333,17.594,16.8153,17.595099262045633,0.6179999999999986,-0.018000000000000682,0.4628321129336419
2018-10-23,19.6093,284343008,17.5913,19.862,17.4733,Tesla,17.97104285714286,18.783326666666664,0.127185040841079,0.0564444791021149,23,10,2018,1,4,17.3967,17.3333,17.252,18.098649446534225,2.3887,-2.0180000000000007,0.8412275591010877
2018-10-24,19.2333,290256605,20.07,20.296,19.0487,Tesla,18.24637142857143,18.778793333333333,-0.019174575329053,0.0581434923721998,24,10,2018,2,4,19.6093,17.3967,17.306,18.38231208490067,1.2472999999999992,0.8367000000000004,0.9005880647563771
2018-10-25,20.9907,311574894,21.148,21.4,20.0673,Tesla,18.610857142857142,18.83524,0.0913727753427648,0.0624378895458334,25,10,2018,3,4,19.2333,19.6093,18.4393,19.0344090636755,1.332699999999999,0.15729999999999933,1.380248902501939
2018-10-26,22.06,410703095,20.55,22.66,20.4433,Tesla,19.1739,18.914573333333333,0.0509416074737858,0.0608918857877227,26,10,2018,4,4,20.9907,19.2333,18.1187,19.790806797756627,2.2166999999999994,-1.509999999999998,1.8648399922425776
2018-10-29,22.3233,216827142,22.498,23.144,21.7667,Tesla,19.849514285714285,19.00348333333333,0.0119356300997279,0.0560591467565382,29,10,2018,0,4,22.06,20.9907,17.594,20.42393009831747,1.3772999999999982,0.1747000000000014,2.045043719523496
2018-10-30,21.9933,136636732,21.8927,22.5267,21.484,Tesla,20.51522857142857,19.10335,-0.0147827606133501,0.0560539050362212,30,10,2018,1,4,22.3233,22.06,17.3333,20.816272573738104,1.0427,-0.10060000000000002,1.8373657399607477
2018-10-31,22.488,114012543,22.1693,22.8,21.94,Tesla,21.242557142857144,19.188460000000003,0.0224932138423974,0.0546848865849405,31,10,2018,2,4,21.9933,22.3233,17.3967,21.234204430303578,0.8599999999999994,-0.31869999999999976,1.3366024014359381
2018-11-01,22.952,119714130,22.5507,23.1893,22.315,Tesla,21.72008571428572,19.29057,0.0206332266097475,0.0382736731783471,1,11,2018,3,4,22.488,21.9933,19.6093,21.663653322727683,0.8742999999999981,-0.40130000000000265,1.2501644630857107
2018-11-02,23.094,116998742,22.916,23.28,22.7273,Tesla,22.27161428571429,19.395703333333334,0.006186824677588,0.034602064988472,2,11,2018,4,4,22.952,22.488,19.2333,22.021239992045764,0.5527000000000015,-0.17800000000000082,0.7013936161402867
2018-11-05,22.76,117312616,22.7,22.9303,22.0093,Tesla,22.52437142857143,19.48841333333333,-0.0144626309864033,0.0229212936538794,5,11,2018,0,4,23.094,22.952,20.9907,22.205929994034324,0.9209999999999994,-0.060000000000002274,0.4286206586808974
2018-11-06,22.7373,101278899,22.6047,23.2533,22.406,Tesla,22.621128571428567,19.577456666666663,-0.0009973637961335,0.0152957680130045,6,11,2018,1,4,22.76,23.094,22.06,22.338772495525745,0.8473000000000006,-0.13260000000000005,0.38001275291938996
2018-11-07,23.2107,110500535,22.8893,23.412,22.72,Tesla,22.7479,19.66319,0.0208204140333283,0.0163544440832233,7,11,2018,2,4,22.7373,22.76,22.3233,22.55675437164431,0.6920000000000002,-0.3214000000000006,0.41086368380167015
2018-11-08,23.4267,106202992,23.2333,23.8384,23.2293,Tesla,22.952671428571428,19.76070333333333,0.0093060528118498,0.0136347216206798,8,11,2018,3,4,23.2107,22.7373,21.9933,22.774240778733233,0.6091000000000015,-0.19340000000000046,0.31903048816900104
2018-11-09,23.3673,76401802,23.2667,23.6,23.0153,Tesla,23.07828571428572,19.951236666666667,-0.002535568389914,0.0128059301366216,9,11,2018,4,4,23.4267,23.2107,22.488,22.922505584049926,0.5847000000000016,-0.10060000000000002,0.27574970189581055
2018-11-12,22.0853,103754423,23.2247,23.3187,22.0227,Tesla,22.954471428571427,19.99697,-0.0548629923012072,0.0244748672462676,12,11,2018,0,4,23.3673,23.4267,22.952,22.713204188037444,1.2959999999999994,1.1393999999999984,0.4688621144658114
2018-11-13,22.582,81341299,22.2107,22.98,22.1467,Tesla,22.881328571428572,20.08077,0.0224900725822152,0.0264382958090737,13,11,2018,1,4,22.0853,23.3673,23.094,22.68040314102808,0.8333000000000013,-0.3713000000000015,0.48318521195088693
2018-11-14,22.9333,75481207,22.8467,23.1407,22.4767,Tesla,22.90608571428572,20.190103333333337,0.0155566380302896,0.0266821413265615,14,11,2018,2,4,22.582,22.0853,22.76,22.74362735577106,0.6639999999999979,-0.08660000000000068,0.4803640439940395
2018-11-15,23.2293,69001915,22.822,23.2387,22.6027,Tesla,22.97637142857143,20.33812333333333,0.0129069955043539,0.0269899833567566,15,11,2018,3,4,22.9333,22.582,22.7373,22.865045516828296,0.6360000000000028,-0.40729999999999933,0.4874929015360295
2018-11-16,23.6207,107916816,23.0127,23.7133,23.008,Tesla,23.03494285714286,20.54337,0.016849410012355,0.0266013282831623,16,11,2018,4,4,23.2293,22.9333,23.2107,23.05395913762122,0.7053000000000011,-0.6080000000000005,0.5419303640913689
2018-11-19,23.5647,145478312,23.756,24.45,23.5253,Tesla,23.054657142857145,20.772060000000003,-0.0023708018814007,0.0264923984828624,19,11,2018,0,4,23.6207,23.2293,23.4267,23.181644353215916,0.9246999999999979,0.1913000000000018,0.5607405099724849
2018-11-20,23.166,119868735,22.7833,23.32,22.2367,Tesla,23.0259,20.96026,-0.016919375167093,0.0273690181605046,20,11,2018,1,4,23.5647,23.6207,23.3673,23.177733264911936,1.0833000000000013,-0.3826999999999998,0.5470286982115847
2018-11-21,22.546,70160800,23.4667,23.54,22.4933,Tesla,23.09171428571429,21.14095,-0.0267633600966934,0.0188807272224393,21,11,2018,2,4,23.166,23.5647,22.0853,23.019799948683954,1.0466999999999977,0.9207000000000001,0.4302513584277943
2018-11-23,21.722,63039598,22.2897,22.5,21.7033,Tesla,22.96885714285714,21.30450666666667,-0.0365475028829946,0.0217476347147546,23,11,2018,4,4,22.546,23.166,22.582,22.695349961512967,0.7967000000000013,0.5676999999999985,0.6609776618950197
2018-11-26,23.0667,119596725,21.6667,23.0813,21.6667,Tesla,22.98791428571429,21.49833,0.0619049811251266,0.0332036044259425,26,11,2018,0,4,21.722,22.546,22.9333,22.788187471134727,1.4146,-1.4000000000000021,0.6617043031160528
2018-11-27,22.928,95205012,22.67,23.1307,22.3667,Tesla,22.944871428571425,21.68573,-0.0060129970910446,0.0328691377311947,27,11,2018,1,4,23.0667,21.722,23.2293,22.823140603351042,0.7639999999999993,-0.2579999999999991,0.6531295627321463
2018-11-28,23.1913,61710539,23.066,23.2187,22.814,Tesla,22.88352857142857,21.84413,0.0114837752965804,0.0324320512492132,28,11,2018,2,4,22.928,23.0667,23.6207,22.91518045251328,0.4046999999999983,-0.1252999999999993,0.5968125772647179
2018-11-29,22.7447,46140367,23.1333,23.1667,22.6367,Tesla,22.766385714285715,21.998330000000003,-0.0192572214580466,0.0330707685774048,29,11,2018,3,4,23.1913,22.928,23.5647,22.87256033938496,0.5299999999999976,0.3885999999999967,0.5158057173933297
2018-11-30,23.3653,84316518,22.7887,23.44,22.551,Tesla,22.794857142857147,22.190706666666664,0.0272854774958561,0.0345125656838114,30,11,2018,4,4,22.7447,23.1913,23.166,22.995745254538722,0.8890000000000029,-0.5766000000000027,0.5461479679148782
2018-12-03,23.8993,124437583,24.0,24.4,23.4667,Tesla,22.98818571428572,22.40957333333333,0.0228544037525733,0.0327353214745013,3,12,2018,0,4,23.3653,22.7447,22.546,23.22163394090404,0.9332999999999991,0.10069999999999979,0.6690662907582233
2018-12-04,23.98,126453132,23.7367,24.5787,23.4667,Tesla,23.310757142857145,22.629016666666665,0.0033766679358808,0.0263743982657937,4,12,2018,1,4,23.8993,23.3653,21.722,23.411225455678032,1.1120000000000019,-0.2433000000000014,0.4722289764413583
2018-12-06,24.204,117430276,23.734,24.492,23.384,Tesla,23.47322857142857,22.782173333333333,0.0093411175979982,0.0161263519880413,6,12,2018,3,4,23.98,23.8993,23.0667,23.609419091758525,1.1080000000000005,-0.46999999999999886,0.5614774252345197
2018-12-07,23.8643,172265164,24.6,25.2993,23.8433,Tesla,23.60698571428572,22.93654,-0.0140348702693769,0.0174377624951984,7,12,2018,4,4,24.204,23.98,22.928,23.673139318818894,1.4559999999999995,0.7357000000000014,0.519930644184648
2018-12-10,24.3433,98630066,24.0,24.3987,23.5413,Tesla,23.771557142857144,23.048293333333334,0.0200718227645477,0.0181851314693599,10,12,2018,0,4,23.8643,24.204,23.1913,23.84067948911417,0.8574000000000019,-0.3432999999999993,0.5479879982178657
2018-12-11,24.4507,94477033,24.6607,24.8113,24.0153,Tesla,24.015271428571427,23.127983333333336,0.0044118915677004,0.0142425874353648,11,12,2018,1,4,24.3433,23.8643,22.7447,23.993184616835627,0.7959999999999994,0.2099999999999973,0.36349413894580507
2018-12-12,24.44,75295837,24.628,24.794,24.344,Tesla,24.1688,23.19854,-0.000437615282998,0.0125409904790981,12,12,2018,2,4,24.4507,24.3433,23.3653,24.104888462626718,0.4499999999999993,0.18799999999999883,0.25354233045717883
2018-12-13,25.1193,110222465,24.6767,25.1627,24.45,Tesla,24.343085714285717,23.302740000000004,0.027794599018003,0.013699439349478,13,12,2018,3,4,24.44,24.4507,23.8993,24.358491346970037,0.7127000000000017,-0.44259999999999877,0.40904231822092774
2018-12-14,24.3807,94914328,25.0,25.1913,24.2887,Tesla,24.40032857142857,23.36583,-0.0294036856122582,0.0195742608822184,14,12,2018,4,4,25.1193,24.44,23.98,24.36404351022753,0.9025999999999996,0.6192999999999991,0.37650588625048254
2018-12-17,23.228,114972423,24.1333,24.38,22.9253,Tesla,24.2609,23.37503,-0.0472792003510973,0.0266959211762057,17,12,2018,0,4,24.3807,25.1193,24.204,24.080032632670644,1.454699999999999,0.9052999999999969,0.584560686898275
2018-12-18,22.4687,106273252,23.3693,23.4367,22.246,Tesla,24.06152857142857,23.35418666666667,-0.0326889960392631,0.02855027786929,18,12,2018,1,4,23.228,24.3807,23.8643,23.67719947450298,1.1906999999999996,0.9006000000000007,0.8969126392136971
2018-12-19,22.198,123845548,22.5067,23.134,21.9827,Tesla,23.75505714285714,23.335453333333337,-0.0120478710383777,0.0256827904800614,19,12,2018,2,4,22.4687,23.228,24.3433,23.307399605877237,1.151299999999999,0.3086999999999982,1.122689044002903
2018-12-20,21.0253,135740767,21.8036,22.0193,20.7913,Tesla,23.26571428571429,23.27838666666667,-0.0528290837012342,0.0282689611922319,20,12,2018,3,4,22.198,22.4687,24.4507,22.736874704407928,1.2280000000000015,0.778299999999998,1.4636736993249566
2018-12-21,21.318,119958225,21.16,21.5647,20.8293,Tesla,22.81971428571429,23.215296666666667,0.0139213233580495,0.0304455643251081,21,12,2018,4,4,21.0253,22.198,24.44,22.382156028305946,0.7353999999999985,-0.15800000000000125,1.5207605656695682
2018-12-24,19.6927,83398653,20.9,20.9667,19.6797,Tesla,22.044485714285717,23.09083,-0.0762407355286614,0.0292006063984174,24,12,2018,0,4,21.318,21.0253,25.1193,21.70979202122946,1.286999999999999,1.2073,1.536204451918971
2018-12-26,21.7393,122146469,20.0,21.798,19.606,Tesla,21.66714285714286,23.036563333333334,0.1039268358325675,0.0598952157960059,26,12,2018,2,4,19.6927,21.318,24.3807,21.717169015922096,2.1919999999999966,-1.7393,1.1400345328940351
2018-12-27,21.0753,128510711,21.3227,21.4781,20.1,Tesla,21.359614285714287,23.00289666666667,-0.0305437617586583,0.0587024217331759,27,12,2018,3,4,21.7393,19.6927,23.228,21.55670176194157,1.3780999999999999,0.2474000000000025,0.9174292532737135
2018-12-28,22.258,148781581,21.54,22.416,21.2273,Tesla,21.32951428571429,22.99209666666667,0.0561178251317893,0.0630141207319642,28,12,2018,4,4,21.0753,21.7393,22.4687,21.73202632145618,1.1887000000000008,-0.718,0.8775669308353062
2018-12-31,22.1867,94414423,22.5193,22.614,21.684,Tesla,21.3279,22.96721,-0.0032033426183843,0.062812933922505,31,12,2018,0,4,22.258,21.0753,22.198,21.845694741092135,0.9299999999999997,0.3326000000000029,0.8757115183288352
2019-01-02,20.6747,174168963,20.4067,21.0087,19.92,Tesla,21.27781428571428,22.882056666666667,-0.0681489360743146,0.0652449560045055,2,1,2019,2,1,22.1867,22.258,21.0253,21.552946055819103,1.0886999999999993,-0.2680000000000007,0.9054250759150096
2019-01-03,20.024,104228603,20.4667,20.6267,19.8253,Tesla,21.09295714285714,22.762166666666666,-0.0314732499141463,0.0658150340229402,3,1,2019,3,1,20.6747,22.1867,21.318,21.170709541864326,0.801400000000001,0.44269999999999854,1.0206205332333929
2019-01-04,21.1793,110741270,20.4,21.2,20.182,Tesla,21.30532857142857,22.682653333333334,0.0576957650819016,0.0616980518504897,4,1,2019,4,1,20.024,20.6747,19.6927,21.172857156398244,1.0180000000000007,-0.7793000000000028,0.8145572718035726
2019-01-07,22.3307,113135013,21.448,22.4493,21.1834,Tesla,21.389814285714287,22.65481,0.0543644029783798,0.0513783894186985,7,1,2019,0,1,21.1793,20.024,21.7393,21.462317867298683,1.265900000000002,-0.8826999999999998,0.8938784228083596
2019-01-08,22.3567,104916353,22.7973,22.934,21.8013,Tesla,21.57287142857143,22.6485,0.0011643163895445,0.0490711915200073,8,1,2019,1,1,22.3307,21.1793,21.0753,21.685913400474014,1.1326999999999998,0.4405999999999999,0.9482871518592871
2019-01-09,22.5687,81399229,22.3667,22.9002,22.098,Tesla,21.61725714285714,22.67672333333333,0.0094826159495811,0.0446546031249845,9,1,2019,2,1,22.3567,22.3307,22.258,21.90661005035551,0.8022000000000027,-0.20199999999999818,0.9919655468769671
2019-01-10,22.998,90744270,22.2933,23.026,22.1193,Tesla,21.73315714285714,22.674433333333337,0.0190219197383987,0.0449424780431239,10,1,2019,3,1,22.5687,22.3567,22.1867,22.179457537766634,0.9067000000000007,-0.7047000000000025,1.1099647049302586
2019-01-11,23.1507,75526132,22.806,23.2273,22.5847,Tesla,22.08687142857143,22.681856666666665,0.0066397078006783,0.0311447451397518,11,1,2019,4,1,22.998,22.5687,20.6747,22.422268153324975,0.6425999999999981,-0.34469999999999956,1.1109627607236479
2019-01-14,22.2933,78490311,22.8253,22.8333,22.2667,Tesla,22.411057142857143,22.651923333333336,-0.0370355971957652,0.0326149151793016,14,1,2019,0,1,23.1507,22.998,20.024,22.39002611499373,0.5666000000000011,0.532,0.6399126394992408
2019-01-15,22.962,90718305,22.3333,23.2533,22.3,Tesla,22.66572857142857,22.659166666666668,0.0299955592038865,0.0280619632390931,15,1,2019,1,1,22.2933,23.1507,21.1793,22.5330195862453,0.9532999999999987,-0.6286999999999985,0.36268414501880136
2019-01-16,23.07,70158370,22.9853,23.4667,22.9,Tesla,22.77134285714285,22.64932333333333,0.0047034230467728,0.0209197497333031,16,1,2019,2,1,22.962,22.2933,22.3307,22.667264689683975,0.5667000000000009,-0.08470000000000155,0.3564522729027532
2019-01-17,23.154,54917403,23.0807,23.4333,22.9433,Tesla,22.88524285714286,22.62448,0.0036410923276983,0.0208678416572483,17,1,2019,3,1,23.07,22.962,22.3567,22.78894851726298,0.48999999999999844,-0.0732999999999997,0.32813479373198845
2019-01-18,20.1507,361188719,21.5333,21.8087,19.982,Tesla,22.53981428571429,22.496836666666663,-0.1297097693703032,0.0548167476951964,18,1,2019,4,1,23.154,23.07,22.5687,22.129386387947235,1.8267000000000024,1.3826,1.094555741581477
2019-01-22,19.928,180781860,20.3213,20.5333,19.7,Tesla,22.10124285714286,22.35430333333333,-0.0110517252502394,0.0528796382795956,22,1,2019,1,1,20.1507,23.154,22.998,21.579039790960426,0.8333000000000013,0.3933,1.440690751985854
2019-01-23,19.1727,187696106,19.5,19.6333,18.7793,Tesla,21.532957142857143,22.197916666666668,-0.0379014452027298,0.0519556148394887,23,1,2019,2,1,19.928,20.1507,23.1507,20.977454843220322,0.8539999999999992,0.32730000000000103,1.7159983225101325
2019-01-24,19.434,119863605,18.8687,19.5787,18.6189,Tesla,21.124485714285715,22.03427333333333,0.0136287533837176,0.0535585097933016,24,1,2019,3,1,19.1727,19.928,22.2933,20.591591132415243,0.9598000000000013,-0.5653000000000006,1.8406275618465118
2019-01-25,19.8027,106541662,19.626,19.9013,19.3033,Tesla,20.673157142857143,21.87934,0.0189719049089225,0.0520494725480835,25,1,2019,4,1,19.434,19.1727,22.962,20.39436834931143,0.597999999999999,-0.1767000000000003,1.696674949086484
2019-01-28,19.7587,96142107,19.5273,19.8307,19.1833,Tesla,20.200114285714285,21.72329666666667,-0.0022219192332358,0.0515725232169491,28,1,2019,0,1,19.8027,19.434,23.07,20.235451261983574,0.6474000000000011,-0.23140000000000072,1.3414683912647378
2019-01-29,19.8307,69043960,19.6847,19.9038,19.4533,Tesla,19.725357142857145,21.54701,0.0036439644308583,0.0515727488154646,29,1,2019,1,1,19.7587,19.8027,23.154,20.13426344648768,0.4505000000000017,-0.1460000000000008,0.32416311664190695
2019-01-30,20.5847,158910521,20.03,20.6,19.8993,Tesla,19.787357142857143,21.42047666666667,0.038021855002597,0.0241248142036444,30,1,2019,2,1,19.8307,19.7587,20.1507,20.24687258486576,0.7007000000000012,-0.5547000000000004,0.43991210431667566
2019-01-31,20.468,188177756,20.0667,20.7709,19.6,Tesla,19.8645,21.328476666666667,-0.005669259207081,0.0236727342924771,31,1,2019,3,1,20.5847,19.8307,19.928,20.30215443864932,1.1708999999999996,-0.4012999999999991,0.510387614139665
2019-02-01,20.814,108954216,20.3613,21.0733,20.2333,Tesla,20.098971428571428,21.27332,0.0169044361930819,0.0149257364656937,1,2,2019,4,1,20.468,20.5847,19.1727,20.43011582898699,0.8399999999999999,-0.4527000000000001,0.51657496298355
2019-02-04,20.8593,110161085,20.8653,21.02,20.1253,Tesla,20.30258571428572,21.228696666666668,0.0021764197174978,0.0153265684803207,4,2,2019,0,1,20.814,20.468,19.434,20.537411871740243,0.8947000000000003,0.006000000000000227,0.4910531621889166
2019-02-05,21.4233,101021034,20.8327,21.496,20.8166,Tesla,20.5341,21.24196333333333,0.0270382994635487,0.0163591154473831,5,2,2019,1,1,20.8593,20.814,19.8027,20.75888390380518,0.6793999999999976,-0.590600000000002,0.5884615507126657
2019-02-06,21.148,75470482,21.306,21.616,21.0416,Tesla,20.732571428571426,21.236296666666664,-0.0128504945549938,0.018222698752986,6,2,2019,2,1,21.4233,20.8593,19.7587,20.856162927853884,0.5744000000000007,0.15800000000000125,0.5127724762323285
2019-02-07,20.5007,97677401,20.8867,20.98,20.2,Tesla,20.82828571428572,21.263230000000004,-0.0306080953281634,0.023896399428171,7,2,2019,3,1,21.148,21.4233,19.8307,20.76729719589041,0.7800000000000011,0.3860000000000028,0.3544661216943727
2019-02-08,20.3867,87526126,20.4553,20.4963,19.9,Tesla,20.800000000000004,21.21814333333333,-0.0055607857292676,0.0190443740489066,8,2,2019,4,1,20.5007,21.148,20.5847,20.67214789691781,0.5963000000000029,0.0686,0.3838273830779652
2019-02-11,20.856,106710127,20.7733,21.24,20.7,Tesla,20.85542857142857,21.210833333333333,0.0230199100393884,0.0209227422691308,11,2,2019,0,1,20.3867,20.5007,20.468,20.71811092268836,0.5399999999999991,-0.08270000000000266,0.3548113288046149
2019-02-12,20.7873,82281244,21.08,21.2127,20.6413,Tesla,20.851614285714284,21.16181,-0.0032940161104719,0.0200394835373348,12,2,2019,1,1,20.856,20.3867,20.814,20.73540819201627,0.5714000000000006,0.29269999999999996,0.35547381726701394
2019-02-13,20.5447,76955932,20.8233,20.85,20.3713,Tesla,20.80667142857143,21.107076666666668,-0.0116705873297637,0.0204664287283177,13,2,2019,2,1,20.7873,20.856,20.8593,20.687731144012204,0.4786999999999999,0.27860000000000085,0.3737575181604126
2019-02-14,20.2513,77863266,20.2253,20.4513,20.0667,Tesla,20.63924285714285,21.092963333333334,-0.0142810554546913,0.0162163888548432,14,2,2019,3,1,20.5447,20.7873,21.4233,20.578623358009153,0.38459999999999894,-0.0259999999999998,0.30826083034386936
2019-02-15,20.5253,58437196,20.3,20.5333,20.26,Tesla,20.550285714285717,21.10967333333333,0.0135299956052203,0.0178546571847638,15,2,2019,4,1,20.2513,20.5447,21.148,20.565292518506865,0.273299999999999,-0.22530000000000072,0.2117010347063112
2019-02-19,20.376,61807769,20.4373,20.7696,20.3647,Tesla,20.53247142857143,21.082896666666667,-0.0072739497108447,0.0138048418143429,19,2,2019,1,1,20.5253,20.2513,20.5007,20.51796938888015,0.40490000000000137,0.061299999999999244,0.22158493265887308
2019-02-20,20.1707,106994482,20.294,20.42,19.9333,Tesla,20.50161428571429,21.010896666666667,-0.0100755791126816,0.0141656332323747,20,2,2019,2,1,20.376,20.5253,20.3867,20.431152041660113,0.4867000000000026,0.12330000000000041,0.2574112819899772
2019-02-21,19.4153,133212383,20.1207,20.216,19.3667,Tesla,20.295800000000003,20.91285,-0.037450361167436,0.0151694354476581,21,2,2019,3,1,20.1707,20.376,20.856,20.177189031245085,0.8492999999999995,0.7054000000000009,0.438850061714882
2019-02-22,19.6473,85970657,19.6327,19.7667,19.4733,Tesla,20.132942857142854,20.81547,0.0119493389234264,0.0172555545791801,22,2,2019,4,1,19.4153,20.1707,20.7873,20.044716773433812,0.2934000000000019,-0.0146000000000015,0.43758030065840664
2019-02-25,19.918,93205468,19.8607,20.1936,19.8,Tesla,20.043414285714285,20.712803333333333,0.013777974581749,0.0189275884060687,25,2,2019,0,1,19.6473,19.4153,20.5447,20.01303758007536,0.3935999999999993,-0.05729999999999791,0.4019552314571016
2019-02-26,19.8573,128574071,19.4813,20.134,19.2513,Tesla,19.98712857142857,20.603023333333336,-0.0030474947283863,0.0184054083977982,26,2,2019,1,1,19.918,19.6473,20.2513,19.974103185056517,0.8826999999999998,-0.37599999999999767,0.3955278191414366
2019-02-27,20.9827,167161416,20.1187,21.0863,20.0367,Tesla,20.05247142857143,20.559336666666663,0.0566743716416633,0.0289387789871146,27,2,2019,2,1,19.8573,19.918,20.5253,20.22625238879239,1.0496000000000016,-0.8640000000000008,0.518057219215644
2019-02-28,21.3253,144993288,21.2613,21.3333,20.7207,Tesla,20.188085714285712,20.50478,0.0163277366592478,0.028848013100803,28,2,2019,3,1,20.9827,19.8573,20.376,20.50101429159429,0.6126000000000005,-0.06400000000000006,0.7067511217505975
2019-03-01,19.6527,342731079,20.4627,20.4753,19.46,Tesla,20.114085714285714,20.39087,-0.0784326597984553,0.0434288687134579,1,3,2019,4,1,21.3253,20.9827,20.1707,20.28893571869572,1.0152999999999999,0.8100000000000023,0.7354121847162057
2019-03-04,19.024,256033222,19.8747,19.9333,18.852,Tesla,20.058185714285717,20.25320333333333,-0.0319905152981523,0.0427483286245556,4,3,2019,0,1,19.6527,21.3253,19.4153,19.97270178902179,1.0812999999999988,0.8506999999999998,0.808609733696709
2019-03-05,18.436,280946860,18.8,18.9333,18.0067,Tesla,19.885142857142856,20.19604666666667,-0.0309083263246425,0.0434629175110697,5,3,2019,1,1,19.024,19.6527,19.6473,19.588526341766343,0.9266000000000005,0.36400000000000077,1.0145730478996096
2019-03-06,18.416,154790473,18.432,18.7671,18.2927,Tesla,19.670571428571428,20.145646666666668,-0.0010848340203948,0.0425623917332639,6,3,2019,2,1,18.436,19.024,19.918,19.295394756324757,0.47439999999999927,0.015999999999998238,1.1555060705371112
2019-03-07,18.4393,141160384,18.5893,18.98,18.2833,Tesla,19.468,20.1212,0.0012652041702867,0.0427166769064513,7,3,2019,3,1,18.416,18.436,19.8573,19.08137106724357,0.6966999999999999,0.15000000000000213,1.2386202781053737
2019-03-08,18.9427,132086514,18.4607,19.0393,18.3927,Tesla,19.176571428571428,20.104823333333336,0.0273003855894746,0.0360240815680686,8,3,2019,4,1,18.4393,18.416,20.9827,19.04670330043268,0.6465999999999994,-0.4819999999999993,1.0481881887562572
2019-03-11,19.3947,110584415,18.9013,19.4187,18.7,Tesla,18.900771428571428,20.091223333333332,0.0238614347479504,0.0371729932086338,11,3,2019,0,1,18.9427,18.4393,21.3253,19.133702475324508,0.7187000000000019,-0.49340000000000117,0.49837686447920976
2019-03-12,18.8907,112320499,19.0993,19.2047,18.7373,Tesla,18.791914285714284,20.06229,-0.0259864808427044,0.0250669648760469,12,3,2019,1,1,19.3947,18.9427,19.6527,19.07295185649338,0.4673999999999978,0.20860000000000056,0.37461818530660784
2019-03-13,19.264,102267759,18.9267,19.466,18.8467,Tesla,18.8262,20.0434,0.0197610464408413,0.0234866543028297,13,3,2019,2,1,18.8907,19.3947,19.024,19.120713892370034,0.6193000000000026,-0.33729999999999905,0.4088205148152961
2019-03-14,19.3307,105722017,19.4967,19.6927,19.2193,Tesla,18.954014285714287,20.0016,0.0034624169435215,0.0185207427874137,14,3,2019,3,1,19.264,18.8907,18.436,19.173210419277524,0.47339999999999804,0.16600000000000037,0.406348382666581
2019-03-15,18.362,221360289,18.9007,18.915,18.2933,Tesla,18.9463,19.9314,-0.0501119980135226,0.0285926797488948,15,3,2019,4,1,19.3307,19.264,18.416,18.97040781445814,0.6217000000000006,0.5387000000000022,0.4185926858739594
2019-03-18,17.966,153974323,18.4,18.5367,17.82,Tesla,18.87868571428572,19.83646666666667,-0.0215662781832043,0.0296966922115422,18,3,2019,0,1,18.362,19.3307,18.4393,18.719305860843605,0.7166999999999994,0.4339999999999975,0.5359191898931663
2019-03-19,17.8313,176614862,17.8333,18.22,17.564,Tesla,18.719914285714285,19.735533333333333,-0.0074974952688412,0.0264506695714018,19,3,2019,1,1,17.966,18.362,18.9427,18.497304395632703,0.6559999999999988,0.0020000000000024443,0.6632893672918462
2019-03-20,18.24,103229588,17.9793,18.3313,17.7533,Tesla,18.554957142857145,19.62942333333333,0.0229203703599849,0.0262616981531772,20,3,2019,2,1,17.8313,17.966,19.3947,18.432978296724528,0.5779999999999994,-0.26069999999999993,0.6088544786654619
2019-03-21,18.268,88963831,18.1733,18.43,17.8967,Tesla,18.466,19.53342333333333,0.0015350877192983,0.0252355392344699,21,3,2019,3,1,18.24,17.8313,18.8907,18.391733722543396,0.5333000000000006,-0.09469999999999956,0.5969994667785304
2019-03-22,17.6353,130829185,18.172,18.1867,17.6,Tesla,18.23332857142857,19.43791,-0.0346343332603459,0.024892533554223,22,3,2019,4,1,18.268,18.24,19.264,18.202625291907548,0.5866999999999969,0.5366999999999997,0.5496600031366099
2019-03-25,17.3613,153076123,17.314,17.5453,16.964,Tesla,17.951985714285716,19.337063333333333,-0.0155370195006606,0.0239075070531002,25,3,2019,0,1,17.6353,18.268,19.3307,17.99229396893066,0.5813000000000024,-0.0472999999999999,0.3685308373742416
2019-03-26,17.8513,110127965,17.6293,18.0173,17.6287,Tesla,17.87902857142857,19.236906666666663,0.0282236929262209,0.0230426554857584,26,3,2019,1,1,17.3613,17.6353,18.362,17.957045476697996,0.3886000000000003,-0.22199999999999775,0.3213659788799603
2019-03-27,18.322,131285694,17.9167,18.358,17.8789,Tesla,17.929885714285714,19.15473,0.0263678275531753,0.0239840165019636,27,3,2019,2,1,17.8513,17.3613,17.966,18.048284107523497,0.47909999999999897,-0.40530000000000044,0.3629074878842079
2019-03-28,18.5747,101473764,18.4773,18.6887,18.34,Tesla,18.036085714285715,19.08906333333333,0.0137921624276826,0.0237719079279826,28,3,2019,3,1,18.322,17.8513,17.8313,18.17988808064262,0.3487000000000009,-0.09740000000000038,0.4315337585432044
2019-03-29,18.6573,89705280,18.58,18.6773,18.3,Tesla,18.0957,19.03593,0.004446908967574,0.0225887390450819,29,3,2019,4,1,18.5747,18.322,18.24,18.299241060481965,0.3772999999999982,-0.07730000000000103,0.4893494695346589
2019-04-01,19.2787,121396949,18.8413,19.28,18.7521,Tesla,18.24008571428572,18.994376666666668,0.0333059981883767,0.0251814067560254,1,4,2019,0,2,18.6573,18.5747,18.268,18.544105795361475,0.5279000000000025,-0.43740000000000023,0.6659139694903695
2019-04-02,19.0587,81407719,19.22,19.296,18.9253,Tesla,18.443428571428573,18.950466666666667,-0.0114115578332563,0.0195231907580495,2,4,2019,1,2,19.2787,18.6573,17.6353,18.672754346521106,0.37069999999999936,0.1612999999999971,0.667779136926872
2019-04-03,19.454,118749691,19.1547,19.7447,19.1447,Tesla,18.742385714285717,18.926576666666666,0.0207411838163147,0.0156360294251312,3,4,2019,2,2,19.0587,19.2787,17.3613,18.868065759890833,0.6000000000000014,-0.29930000000000234,0.5627608444941289
2019-04-04,17.852,355202372,17.4593,18.08,17.3727,Tesla,18.742485714285717,18.874466666666663,-0.0823481032178472,0.0394815544664967,4,4,2019,3,2,19.454,19.0587,17.8513,18.614049319918124,0.7073,-0.3927000000000014,0.5625761442647069
2019-04-05,18.3307,195341002,17.9907,18.4067,17.7407,Tesla,18.74372857142857,18.83058,0.0268149226977369,0.0395303318800246,5,4,2019,4,2,17.852,19.454,18.322,18.54321198993859,0.6660000000000004,-0.33999999999999986,0.5615009549247968
2019-04-08,18.2133,155468922,18.5127,18.744,18.0293,Tesla,18.6921,18.773756666666664,-0.0064045562908127,0.0391561576692785,8,4,2019,0,2,18.3307,17.852,18.5747,18.460733992453942,0.7147000000000006,0.29939999999999856,0.5952345728090512
2019-04-09,18.154,88398661,18.11,18.3333,17.974,Tesla,18.620200000000004,18.71698,-0.0032558624741261,0.0390488677435381,9,4,2019,1,2,18.2133,18.3307,18.6573,18.384050494340457,0.35930000000000106,-0.04400000000000048,0.6295472553090633
2019-04-10,18.404,105675457,18.4493,18.5587,18.1928,Tesla,18.49524285714286,18.63102333333333,0.013771069736697,0.0366260740656581,10,4,2019,2,2,18.154,18.2133,19.2787,18.38903787075534,0.36590000000000344,0.045300000000001006,0.5600295612950444
2019-04-11,17.8947,146719337,17.8867,18.0333,17.7067,Tesla,18.328957142857146,18.51667,-0.0276733318843729,0.037530109280701,11,4,2019,3,2,18.404,18.154,19.0587,18.265453403066505,0.3265999999999991,-0.007999999999999119,0.5371855447834791
2019-04-12,17.8467,101030739,18.0147,18.13,17.7887,Tesla,18.09934285714285,18.45647,-0.0026823584636792,0.0354944535728123,12,4,2019,4,2,17.8947,18.404,19.454,18.16076505229988,0.3413000000000004,0.1680000000000028,0.2342368235874301
2019-04-15,17.7587,150487275,17.9087,17.9253,17.242,Tesla,18.08601428571429,18.414293333333333,-0.0049308835807178,0.0171021756743843,15,4,2019,0,2,17.8467,17.8947,17.852,18.06024878922491,0.6832999999999991,0.14999999999999858,0.2525921774239209
2019-04-16,18.224,108997506,17.7167,18.3333,17.648,Tesla,18.07077142857143,18.407226666666663,0.0262012422080444,0.0169388756232206,16,4,2019,1,2,17.7587,17.8467,18.3307,18.101186591918683,0.6853000000000016,-0.5073000000000008,0.23817339422111258
2019-04-17,18.082,76770127,18.3167,18.3193,17.9023,Tesla,18.05201428571429,18.396093333333333,-0.0077919227392448,0.0170245013525834,17,4,2019,2,2,18.224,17.7587,18.2133,18.096389943939013,0.41699999999999804,0.23470000000000013,0.23011166440612746
2019-04-18,18.2173,87922126,18.082,18.3227,17.9833,Tesla,18.061057142857145,18.38869333333333,0.0074825793606903,0.0172599553283664,18,4,2019,3,2,18.082,18.224,18.154,18.12661745795426,0.33940000000000126,-0.13530000000000086,0.23595696540752858
2019-04-22,17.5167,181525259,17.9333,17.9787,17.4987,Tesla,17.9343,18.34116,-0.0384579493119178,0.0214181354649797,22,4,2019,0,2,18.2173,18.082,18.404,17.974138093465697,0.4800000000000004,0.41659999999999897,0.25829486380334415
2019-04-23,17.5933,163640168,17.3433,17.7067,17.05,Tesla,17.89124285714286,18.281113333333334,0.0043729697945389,0.0195668177090295,23,4,2019,1,2,17.5167,18.2173,17.8947,17.878928570099273,0.6567000000000007,-0.25,0.2892613688765433
2019-04-24,17.244,144855843,17.59,17.688,17.2,Tesla,17.805142857142858,18.226223333333333,-0.0198541490226392,0.0206739795673311,24,4,2019,2,2,17.5933,17.5167,17.8467,17.720196427574454,0.48799999999999955,0.3460000000000001,0.38014900963218773
2019-04-25,16.5087,327350536,17.0,17.2667,16.4047,Tesla,17.626571428571427,18.13438,-0.0426409185803756,0.0251659473378179,25,4,2019,3,2,17.244,17.5933,17.7587,17.417322320680842,0.8620000000000019,0.49129999999999896,0.6221565283068342
2019-04-26,15.676,332267234,16.4333,16.4453,15.4087,Tesla,17.262571428571427,18.01255666666667,-0.0504400709928705,0.0233474582037514,26,4,2019,4,2,16.5087,17.244,18.224,16.981991740510633,1.0366,0.757299999999999,0.8984067818726774
2019-04-29,16.098,250299175,15.724,16.2653,15.478,Tesla,16.979142857142858,17.93709,0.0269201326869099,0.0295060551711503,29,4,2019,0,2,15.676,16.5087,18.082,16.760993805382974,0.7873000000000001,-0.3739999999999988,0.9096931366442667
2019-04-30,15.9127,141704404,16.1373,16.2807,15.8,Tesla,16.649914285714285,17.868646666666667,-0.0115107466766057,0.0278013187698824,30,4,2019,1,2,16.098,15.676,18.2173,16.54892035403723,0.4806999999999988,0.22460000000000058,0.7969500934369236
2019-05-01,15.6007,160565170,15.9233,16.0,15.4333,Tesla,16.3762,17.794293333333336,-0.0196069805878322,0.0264606261800733,1,5,2019,2,2,15.9127,16.098,17.5167,16.31186526552792,0.5667000000000009,0.32259999999999955,0.7784464528794227
2019-05-02,16.2733,272389964,16.368,16.4753,15.848,Tesla,16.187628571428572,17.72873666666667,0.0431134500374983,0.0343373862318342,2,5,2019,3,2,15.6007,15.9127,17.5933,16.30222394914594,0.6273,0.09469999999999956,0.5651275658776919
2019-05-03,17.002,355601372,16.2573,17.1073,16.2327,Tesla,16.153057142857143,17.686536666666665,0.0447788709112473,0.0396976155519994,3,5,2019,4,2,16.2733,15.6007,17.244,16.477167961859454,0.8745999999999974,-0.7446999999999981,0.4924647089125972
2019-05-06,17.0227,162509019,16.668,17.2233,16.5667,Tesla,16.226485714285715,17.666116666666664,0.0012175038230797,0.0353116200373322,6,5,2019,0,2,17.002,16.2733,16.5087,16.61355097139459,0.6565999999999974,-0.3547000000000011,0.5841209219238168
2019-05-07,16.4707,151971074,17.12,17.1473,16.34,Tesla,16.340014285714286,17.63643,-0.0324272882680185,0.030997388474992,7,5,2019,1,2,17.0227,17.002,15.676,16.577838228545943,0.8073000000000015,0.6493000000000002,0.5344106486861275
2019-05-08,16.3227,92646554,16.4627,16.7066,16.28,Tesla,16.372114285714282,17.58547666666667,-0.0089856533116382,0.0302085369296037,8,5,2019,2,2,16.4707,17.0227,16.098,16.514053671409457,0.42660000000000053,0.14000000000000057,0.5240999345822579
2019-05-09,16.132,100670680,16.1333,16.2453,15.7962,Tesla,16.403442857142856,17.512476666666664,-0.0116831161511269,0.0302218033526146,9,5,2019,3,2,16.3227,16.4707,15.9127,16.418540253557094,0.4490999999999996,0.0012999999999969702,0.49796376661128416
2019-05-10,15.968,105124987,15.9833,16.1327,15.7347,Tesla,16.455914285714286,17.425586666666668,-0.0101661294321845,0.0292747691145859,10,5,2019,4,2,16.132,16.3227,15.6007,16.30590519016782,0.3979999999999997,0.01529999999999987,0.4110452344480577
2019-05-13,15.134,162521919,15.4673,15.498,14.9667,Tesla,16.293157142857144,17.308143333333337,-0.0522294589178357,0.0300464100325105,13,5,2019,0,2,15.968,16.132,16.2733,16.012928892625865,0.5312999999999999,0.3332999999999995,0.6509517771625122
2019-05-14,15.4873,108786126,15.2867,15.6333,15.2,Tesla,16.07677142857143,17.181763333333333,0.0233447865732785,0.0240323746028372,14,5,2019,1,2,15.134,15.968,17.002,15.881521669469398,0.4333000000000009,-0.20059999999999967,0.6273777961070826
2019-05-15,15.4633,109439585,15.288,15.496,15.0167,Tesla,15.854,17.06191666666667,-0.0015496568155842,0.0237811728349568,15,5,2019,2,2,15.4873,15.134,17.0227,15.77696625210205,0.4793000000000003,-0.1753,0.49929850123337893
2019-05-16,15.222,112249039,15.2993,15.4,15.1,Tesla,15.675614285714287,16.920849999999998,-0.0156046898139465,0.022342642754124,16,5,2019,3,2,15.4633,15.4873,16.4707,15.638224689076537,0.3000000000000007,0.07730000000000103,0.4640669543242723
2019-05-17,14.0687,266799917,14.7973,14.816,13.928,Tesla,15.353614285714285,16.79474,-0.0757653396399947,0.0330428614533042,17,5,2019,4,2,15.222,15.4633,16.3227,15.245843516807403,0.8879999999999999,0.7286000000000001,0.6745139519899824
2019-05-20,13.6907,307892846,13.52,13.7333,13.0167,Tesla,15.004857142857144,16.640073333333333,-0.0268681541293793,0.0328638426226369,20,5,2019,0,2,14.0687,15.222,16.132,14.857057637605552,0.7165999999999997,-0.17070000000000007,0.8203447666628061
2019-05-21,13.672,270058365,13.184,13.8267,13.0693,Tesla,14.676857142857145,16.488696666666666,-0.0013658907141342,0.033583283258492,21,5,2019,1,2,13.6907,14.0687,15.968,14.560793228204165,0.7574000000000005,-0.4880000000000013,0.8300169894994475
2019-05-22,12.8487,280277710,13.2733,13.596,12.7853,Tesla,14.350385714285713,16.31185333333333,-0.0602179637214747,0.0349135587710566,22,5,2019,2,2,13.672,13.6907,15.134,14.132769921153125,0.8107000000000006,0.42460000000000164,1.0424860517512105
2019-05-23,13.0327,398206901,12.956,13.2977,12.4147,Tesla,13.999728571428571,16.13281,0.014320514915906,0.0330523647479269,23,5,2019,3,2,12.8487,13.672,15.4873,13.857752440864843,0.8830000000000009,-0.07670000000000066,1.0086014685600788
2019-05-24,12.7087,212048444,13.322,13.332,12.5834,Tesla,13.606214285714287,15.959943333333332,-0.0248605430954445,0.0315704679966631,24,5,2019,4,2,13.0327,12.8487,15.4633,13.570489330648632,0.7486000000000015,0.6132999999999988,0.8702873594944599
2019-05-28,12.58,154693423,12.7467,13.0,12.5233,Tesla,13.228785714285715,15.784386666666666,-0.0101269209281831,0.031970975310875,28,5,2019,1,2,12.7087,13.0327,15.222,13.322866997986473,0.47669999999999924,0.16670000000000051,0.5758452524441893
2019-05-29,12.6573,179529510,12.4733,12.826,12.336,Tesla,13.027157142857144,15.61434,0.0061446740858503,0.0251614357378551,29,5,2019,2,2,12.58,12.7087,14.0687,13.156475248489855,0.4900000000000002,-0.18399999999999928,0.47013258363049754
2019-05-30,12.548,118897066,12.5833,12.817,12.468,Tesla,12.863914285714284,15.42514,-0.0086353329699065,0.024631279060495,30,5,2019,3,2,12.6573,12.58,13.6907,13.004356436367392,0.3490000000000002,0.03529999999999944,0.3934701828125196
2019-05-31,12.344,156100872,12.34,12.6614,12.2733,Tesla,12.6742,15.233873333333332,-0.0162575709276379,0.0241881755692799,31,5,2019,4,2,12.548,12.6573,13.672,12.839267327275545,0.38809999999999967,-0.0039999999999995595,0.22146500099853578
2019-06-03,11.9313,195966052,12.3673,12.4453,11.7995,Tesla,12.543142857142858,15.02434,-0.0334332469215812,0.0166431532106061,3,6,2019,0,2,12.344,12.548,12.8487,12.61227549545666,0.6457999999999995,0.43599999999999994,0.34046507827444744
2019-06-04,12.9067,207112696,12.0733,12.932,11.974,Tesla,12.525142857142855,14.870673333333334,0.081751359868581,0.0385013196633509,4,6,2019,1,2,11.9313,12.344,13.0327,12.685881621592495,0.9580000000000002,-0.833400000000001,0.31244690672884873
2019-06-05,13.106,202661299,13.2453,13.4186,12.7899,Tesla,12.5819,14.721096666666666,0.0154415923512594,0.0372935456881518,5,6,2019,2,2,12.9067,11.9313,12.7087,12.790911216194372,0.6287000000000003,0.13930000000000042,0.3801075724940015
2019-06-06,13.73,303632098,13.6293,14.0667,13.4533,Tesla,12.746185714285714,14.603963333333336,0.0476117808637266,0.0397018992217756,6,6,2019,3,2,13.106,12.9067,12.58,13.025683412145778,0.6134000000000004,-0.10069999999999979,0.5767859262867983
2019-06-07,13.6333,240052830,13.6667,14.0563,13.5666,Tesla,12.885614285714286,14.508116666666666,-0.0070429715950474,0.0404009930499288,7,6,2019,4,2,13.73,13.106,12.6573,13.177587559109332,0.4897000000000009,0.03340000000000032,0.6632094727629567
2019-06-10,14.192,158775521,14.0167,14.4627,13.934,Tesla,13.12047142857143,14.45865,0.0409805402947196,0.0406622765225734,10,6,2019,0,2,13.6333,13.73,12.548,13.431190669331999,0.5287000000000006,-0.1753,0.8005868591528541
2019-06-11,14.4733,174803013,14.6096,14.7267,14.2333,Tesla,13.424657142857145,14.404493333333331,0.0198210259301014,0.0377112979983917,11,6,2019,1,2,14.192,13.6333,12.344,13.691718001999,0.4933999999999994,0.1363000000000003,0.8587947501340197
2019-06-12,13.9507,227962986,14.8633,14.892,13.9333,Tesla,13.713142857142858,14.339093333333333,-0.0361078675906669,0.0383927397763935,12,6,2019,2,2,14.4733,14.192,11.9313,13.75646350149925,0.9587000000000003,0.9126000000000012,0.5611310032940179
2019-06-13,14.2607,122523839,14.0253,14.3267,13.834,Tesla,13.906571428571429,14.294426666666668,0.0222211071845856,0.0286105754602465,13,6,2019,3,2,13.9507,14.4733,12.9067,13.882522626124437,0.492700000000001,-0.23540000000000028,0.4612978925974973
2019-06-14,14.328,111500974,14.0833,14.4433,14.0267,Tesla,14.081142857142856,14.229583333333332,0.0047192634302664,0.0288505011152368,14,6,2019,4,2,14.2607,13.9507,13.106,13.993891969593328,0.41660000000000075,-0.24469999999999992,0.31626350225365396
2019-06-17,15.002,184751908,14.3653,15.1333,14.2847,Tesla,14.262857142857143,14.162916666666666,0.0470407593523172,0.0287374786587173,17,6,2019,0,2,14.328,14.2607,13.73,14.245918977194997,0.8485999999999994,-0.6367000000000012,0.42694098287438353
2019-06-18,14.9827,190736755,15.248,15.6493,14.8373,Tesla,14.455628571428573,14.094916666666668,-0.0012864951339822,0.0281415062101085,18,6,2019,1,2,15.002,14.328,13.6333,14.430114232896248,0.8119999999999994,0.26529999999999987,0.39903579502957454
2019-06-19,15.0953,98626976,15.0073,15.1847,14.7373,Tesla,14.58467142857143,14.04907,0.0075153343522862,0.0254948705627731,19,6,2019,2,2,14.9827,15.002,14.192,14.596410674672187,0.4474,-0.08799999999999919,0.4431877883187699
2019-06-20,14.6413,177951811,14.8667,15.1267,14.4233,Tesla,14.608671428571428,13.993023333333332,-0.0300755864408127,0.0287727598406428,20,6,2019,3,2,15.0953,14.9827,14.4733,14.607633006004141,0.7034000000000002,0.2254000000000005,0.44069333522857196
2019-06-21,14.7907,123031108,14.4147,14.812,14.3667,Tesla,14.728671428571428,13.948313333333331,0.0102040119388304,0.0233651344497421,21,6,2019,4,2,14.6413,15.0953,13.9507,14.653399754503106,0.4452999999999996,-0.37599999999999945,0.3328342165626612
2019-06-24,14.9093,86261522,14.8827,15.0573,14.7347,Tesla,14.82132857142857,13.913023333333337,0.0080185521983409,0.022591023566179,24,6,2019,0,2,14.7907,14.6413,14.2607,14.71737481587733,0.32259999999999955,-0.02660000000000018,0.2640087417395098
2019-06-25,14.6507,92731019,14.9593,15.0227,14.6327,Tesla,14.867428571428572,13.896913333333334,-0.0173448786998718,0.0243652588308555,25,6,2019,1,2,14.9093,14.7907,14.328,14.700706111907998,0.39000000000000057,0.3086000000000002,0.1775144380462572
2019-06-26,14.618,127608056,14.6873,15.1487,14.54,Tesla,14.812571428571427,13.867936666666669,-0.0022319752639805,0.0149788424269311,26,6,2019,2,2,14.6507,14.9093,15.002,14.680029583930999,0.6087000000000007,0.06930000000000014,0.18801961523968513
2019-06-27,14.856,95095602,14.63,14.86,14.49,Tesla,14.794471428571429,13.847693333333332,0.0162812970310575,0.0167929726252031,27,6,2019,3,2,14.618,14.6507,14.9827,14.724022187948249,0.3699999999999992,-0.2259999999999991,0.17452664280336352
2019-06-28,14.8973,102770709,14.7327,15.0113,14.72,Tesla,14.766185714285715,13.83687,0.0027800215401183,0.0164810050376521,28,6,2019,4,2,14.856,14.618,15.0953,14.767341640961186,0.29129999999999967,-0.16460000000000008,0.12730056858670705
2019-07-01,15.1447,123569398,15.3473,15.54,15.0853,Tesla,14.8381,13.872736666666666,0.0166070361743404,0.0119348265488416,1,7,2019,0,3,14.8973,14.856,14.6413,14.86168123072089,0.454699999999999,0.20260000000000034,0.1773450403420586
2019-07-02,14.97,138885336,15.2593,15.2767,14.8147,Tesla,14.863714285714286,13.91538,-0.0115353886178002,0.013097091410457,2,7,2019,1,3,15.1447,14.8973,14.7907,14.888760923040667,0.46199999999999974,0.289299999999999,0.182238757575049
2019-07-03,15.66,213017143,15.9593,16.1047,15.634,Tesla,14.970957142857143,13.981646666666668,0.0460921843687374,0.0213912743388175,3,7,2019,2,3,14.97,15.1447,14.9093,15.0815706922805,0.4707000000000008,0.29930000000000057,0.3537304663974175
2019-07-05,15.54,105986017,15.638,15.6967,15.3867,Tesla,15.098,14.071356666666668,-0.0076628352490422,0.0197901235329899,5,7,2019,4,3,15.66,14.97,14.6507,15.196178019210375,0.3100000000000005,0.09800000000000075,0.3783775407366612
2019-07-08,15.356,88208086,15.416,15.4833,15.244,Tesla,15.203428571428573,14.148799999999998,-0.0118404118404118,0.0209664082051392,8,7,2019,0,3,15.54,15.66,14.618,15.236133514407781,0.23930000000000007,0.0600000000000005,0.3207738284963543
2019-07-09,15.3373,92862479,15.2647,15.4,15.152,Tesla,15.272185714285714,14.23642,-0.0012177650429798,0.0207516849555867,9,7,2019,1,3,15.356,15.54,14.856,15.261425135805835,0.2480000000000011,-0.07260000000000133,0.28328349421706006
2019-07-10,15.928,137185971,15.61,15.9293,15.5427,Tesla,15.41942857142857,14.34802,0.0385139496521551,0.0242822949987619,10,7,2019,2,3,15.3373,15.356,14.8973,15.428068851854377,0.3865999999999996,-0.3180000000000014,0.32127016001314784
2019-07-11,15.9067,112716394,15.876,16.1,15.72,Tesla,15.528285714285714,14.456333333333331,-0.001337267704671,0.0243971019781654,11,7,2019,3,3,15.928,15.3373,15.1447,15.547726638890783,0.3800000000000008,-0.030700000000001282,0.34114894317461736
2019-07-12,16.3387,138007746,15.9833,16.3587,15.9807,Tesla,15.723814285714283,14.58269,0.0271583672289035,0.023797673000486,12,7,2019,4,3,15.9067,15.928,14.97,15.745469979168089,0.37799999999999834,-0.3553999999999995,0.3595747554577342
2019-07-15,16.9,165001267,16.5333,16.9613,16.324,Tesla,15.900957142857145,14.734556666666666,0.0343540183735546,0.0213496851846175,15,7,2019,0,3,16.3387,15.9067,15.66,16.034102484376064,0.6372999999999998,-0.366699999999998,0.5679564914595643
2019-07-16,16.8253,122234774,16.62,16.902,16.5288,Tesla,16.084571428571426,14.89769,-0.0044201183431952,0.0209042814897335,16,7,2019,1,3,16.9,16.3387,15.54,16.231901863282047,0.37320000000000064,-0.2052999999999976,0.635553259542318
2019-07-17,16.9907,146470832,17.0447,17.2207,16.89,Tesla,16.318099999999998,15.033823333333334,0.0098304339298558,0.0182959754252451,17,7,2019,2,3,16.8253,16.9,15.356,16.421601397461536,0.3307000000000002,0.053999999999998494,0.623440879314612
2019-07-18,16.9027,71467209,17.0033,17.05,16.7923,Tesla,16.54172857142857,15.16038,-0.005179303972173,0.0189209099808777,18,7,2019,3,3,16.9907,16.8253,15.3373,16.541876048096153,0.2576999999999998,0.10060000000000002,0.4764087065901081
2019-07-19,17.212,105726097,17.046,17.3307,16.9747,Tesla,16.725157142857142,15.276446666666669,0.018298851662752,0.0158770638927522,19,7,2019,4,3,16.9027,16.9907,15.928,16.709407036072115,0.35600000000000165,-0.16600000000000037,0.4470030345061591
2019-07-22,17.0453,102694044,17.25,17.477,16.9461,Tesla,16.887814285714285,15.39018,-0.0096851034162211,0.0172349626498591,22,7,2019,0,3,17.212,16.9027,15.9067,16.793380277054087,0.530899999999999,0.204699999999999,0.2727294778637016
2019-07-23,17.3447,75346777,17.114,17.3653,16.9667,Tesla,17.03152857142857,15.49527,0.0175649592556303,0.0159839187656874,23,7,2019,1,3,17.0453,17.212,16.3387,16.931210207790567,0.39860000000000184,-0.2306999999999988,0.1866055082650369
2019-07-24,17.6587,166092517,17.278,17.738,17.2107,Tesla,17.139914285714287,15.60145,0.0181035128886632,0.0124154012038963,24,7,2019,2,3,17.3447,17.0453,16.9,17.113082655842923,0.5273000000000003,-0.3807000000000009,0.2894655099129034
2019-07-25,15.2547,336273582,15.5667,15.6333,15.0367,Tesla,16.915542857142857,15.644916666666669,-0.1361368617168874,0.0557304099658784,25,7,2019,3,3,17.6587,17.3447,16.8253,16.648486991882194,0.5966000000000005,0.31200000000000117,0.7751768268322463
2019-07-26,15.2027,150415425,15.128,15.3507,14.8167,Tesla,16.660114285714286,15.676316666666668,-0.0034087854890623,0.0550686774522588,26,7,2019,4,3,15.2547,17.6587,16.9907,16.287040243911648,0.5339999999999989,-0.07469999999999999,1.006385483514712
2019-07-29,15.718,139099895,15.1393,15.7293,15.0688,Tesla,16.490871428571428,15.72265,0.0338952949147191,0.0580526532914445,29,7,2019,0,3,15.2027,15.2547,16.9027,16.144780182933737,0.6605000000000008,-0.5786999999999995,1.0571266034467472
2019-07-30,16.1507,121635149,15.5267,16.224,15.4787,Tesla,16.339257142857143,15.76094,0.02752894770327,0.058868958800631,30,7,2019,1,3,15.718,15.2027,17.212,16.1462601372003,0.7453000000000003,-0.6240000000000006,1.0115896629518553
2019-07-31,16.1073,137673051,16.2,16.4453,15.7767,Tesla,16.205257142857143,15.798426666666666,-0.0026871900289152,0.0588840595076711,31,7,2019,2,3,16.1507,15.718,17.0453,16.136520102900224,0.6685999999999996,0.09270000000000067,0.9634570979158243
2019-08-01,15.59,123892678,16.1767,16.3007,15.4513,Tesla,15.954585714285717,15.814916666666669,-0.0321158729271819,0.0585000796110496,1,8,2019,3,3,16.1073,16.1507,17.3447,15.99989007717517,0.8493999999999993,0.5867000000000004,0.8376410974252717
2019-08-02,15.6227,92047169,15.4233,15.7513,15.282,Tesla,15.663728571428573,15.84763,0.0020974983964079,0.0573585057844333,2,8,2019,4,3,15.59,16.1073,17.6587,15.905592557881379,0.4693000000000005,-0.1994000000000007,0.37054310012223596
2019-08-05,15.2213,105424132,15.3067,15.4245,15.0517,Tesla,15.658957142857144,15.861983333333336,-0.0256933820658401,0.024568043111515,5,8,2019,0,3,15.6227,15.59,15.2547,15.734519418411034,0.3727999999999998,0.08539999999999992,0.3768493149669435
2019-08-06,15.3833,83462958,15.4587,15.5,15.05,Tesla,15.684757142857142,15.877783333333332,0.0106429805601362,0.0248210859739762,6,8,2019,1,3,15.2213,15.6227,15.2027,15.646714563808276,0.4499999999999993,0.07540000000000013,0.34526541412521244
2019-08-07,15.5613,71647464,15.1,15.5713,15.0533,Tesla,15.662371428571428,15.908136666666667,0.0115709893195867,0.0212033787488581,7,8,2019,2,3,15.3833,15.2213,15.718,15.625360922856206,0.5180000000000007,-0.4612999999999996,0.3478213081188828
2019-08-08,15.8867,79115195,15.63,15.9867,15.51,Tesla,15.624657142857142,15.950426666666669,0.0209108493506327,0.0198086500098567,8,8,2019,3,3,15.5613,15.3833,16.1507,15.690695692142155,0.476700000000001,-0.2566999999999986,0.29658610811092956
2019-08-09,15.6673,58473631,15.7369,15.9307,15.5873,Tesla,15.5618,15.97747,-0.0138102941454172,0.0202960690623232,9,8,2019,4,3,15.8867,15.5613,16.1073,15.684846769106615,0.34339999999999904,0.06960000000000122,0.21173767575448746
2019-08-12,15.2673,69959020,15.5327,15.718,15.25,Tesla,15.5157,15.989803333333333,-0.0255308827940997,0.0188655287266437,12,8,2019,0,3,15.6673,15.8867,15.59,15.580460076829961,0.46799999999999997,0.26539999999999964,0.23806707738348187
2019-08-13,15.6667,73034933,15.254,15.7333,15.17,Tesla,15.521985714285714,16.007203333333333,0.0261604867920326,0.0218666958984583,13,8,2019,1,3,15.2673,15.6673,15.6227,15.60202005762247,0.5632999999999999,-0.41270000000000095,0.2419128729435816
2019-08-14,14.6413,143438793,15.414,15.4333,14.446,Tesla,15.43912857142857,15.996246666666668,-0.065450924572501,0.0324424223311068,14,8,2019,2,3,15.6667,15.2673,15.2213,15.361840043216853,0.9872999999999994,0.7727000000000004,0.4058467104480862
2019-08-15,14.376,123479218,14.724,14.7707,14.1033,Tesla,15.29522857142857,15.953446666666666,-0.0181199756852191,0.0319378142515852,15,8,2019,3,3,14.6413,15.6667,15.3833,15.11538003241264,0.6673999999999989,0.34800000000000075,0.5730684040451607
2019-08-16,14.6627,78110601,14.444,14.816,14.4013,Tesla,15.166857142857143,15.924203333333336,0.019942960489705,0.0329840810795819,16,8,2019,4,3,14.376,14.6413,15.5613,15.00221002430948,0.41469999999999985,-0.21869999999999834,0.6033777419862227
2019-08-19,15.122,79676180,14.9473,15.1887,14.78,Tesla,15.057614285714283,15.916403333333331,0.0313243809121104,0.0346950322000814,19,8,2019,0,3,14.6627,14.376,15.8867,15.032157518232111,0.4087000000000014,-0.17469999999999963,0.5139209745630376
2019-08-20,15.0573,62557874,15.1747,15.2727,14.9693,Tesla,14.970471428571429,15.90707,-0.0042785345853723,0.034546934169072,20,8,2019,1,3,15.122,14.6627,15.6673,15.038443138674083,0.3033999999999999,0.11739999999999995,0.4396617818068082
2019-08-21,14.722,116996102,14.8007,14.8813,14.5067,Tesla,14.892571428571427,15.86687,-0.0222682685474819,0.0342466230354821,21,8,2019,2,3,15.0573,15.122,15.2673,14.959332354005562,0.37459999999999916,0.07870000000000132,0.4264127253982201
2019-08-22,14.81,98474411,14.8533,15.0267,14.548,Tesla,14.770185714285716,15.830313333333333,0.0059774487162072,0.0319938627679508,22,8,2019,3,3,14.722,15.0573,15.6667,14.921999265504173,0.4786999999999999,0.04330000000000034,0.25614515044369673
2019-08-23,14.0933,128395496,14.6647,14.7447,14.0667,Tesla,14.6919,15.755466666666669,-0.0483929777177583,0.0271287649112433,23,8,2019,4,3,14.81,14.722,14.6413,14.71482444912813,0.677999999999999,0.5714000000000006,0.36339239581190996
2019-08-26,14.3333,75816172,14.24,14.3347,14.1027,Tesla,14.6858,15.66991,0.0170293685652047,0.0275701119600275,26,8,2019,0,3,14.0933,14.81,14.376,14.619443336846098,0.23199999999999932,-0.09329999999999927,0.3698794578425786
2019-08-27,14.272,81310864,14.3827,14.5867,14.1353,Tesla,14.629985714285713,15.5848,-0.0042767541319862,0.0261177784833205,27,8,2019,1,3,14.3333,14.0933,14.6627,14.532582502634574,0.4513999999999996,0.11069999999999958,0.4020271691844862
2019-08-28,14.3727,48579351,14.246,14.4833,14.154,Tesla,14.522942857142857,15.497533333333331,0.0070557735426008,0.0220026785642233,28,8,2019,2,3,14.272,14.3333,15.122,14.49261187697593,0.3292999999999999,-0.1266999999999996,0.34488300845996595
2019-08-29,14.7807,77746521,14.6,14.8933,14.5333,Tesla,14.483428571428572,15.426799999999998,0.0283871506397543,0.0258152174918815,29,8,2019,3,3,14.3727,14.272,15.0573,14.564633907731949,0.35999999999999943,-0.18069999999999986,0.28391233221108947
2019-08-30,15.0407,139916555,15.2767,15.496,14.9475,Tesla,14.528957142857143,15.354423333333331,0.0175905065389325,0.0250762654265455,30,8,2019,4,3,14.7807,14.3727,14.722,14.683650430798963,0.5485000000000007,0.23600000000000065,0.34707406441718336
2019-09-03,15.0007,80408150,14.9387,15.2633,14.8773,Tesla,14.5562,15.28627,-0.0026594506904598,0.0251371962777973,3,9,2019,1,3,15.0407,14.7807,14.81,14.762912823099223,0.38599999999999923,-0.06199999999999939,0.3788410968562588
2019-09-04,14.712,86530397,15.126,15.2307,14.6137,Tesla,14.644585714285714,15.198513333333333,-0.0192457685308019,0.016205591713715,4,9,2019,2,3,15.0007,15.0407,14.0933,14.750184617324418,0.6170000000000009,0.4139999999999997,0.3205298864315515
2019-09-05,15.3053,111049774,14.8333,15.32,14.7233,Tesla,14.783442857142855,15.120066666666666,0.0403276237085372,0.0205847917447122,5,9,2019,3,3,14.712,15.0007,14.3333,14.888963462993313,0.5967000000000002,-0.4720000000000013,0.3699351017738018
2019-09-06,15.1633,62840549,15.1467,15.3093,15.0113,Tesla,14.910771428571428,15.11702,-0.0092778318621654,0.021223443321973,6,9,2019,4,3,15.3053,14.712,14.272,14.957547597244984,0.29800000000000004,-0.016600000000000392,0.31367222124621463
2019-09-09,15.4527,72039999,15.3333,15.584,15.282,Tesla,15.065057142857142,15.125353333333331,0.0190855552551225,0.0215356189121865,9,9,2019,0,3,15.1633,15.3053,14.3727,15.081335697933739,0.3019999999999996,-0.11940000000000062,0.26704516382887183
2019-09-10,15.7027,73255673,15.3867,15.7027,15.2627,Tesla,15.196771428571427,15.124843333333333,0.0161784024798254,0.0203148834282447,10,9,2019,1,3,15.4527,15.1633,14.7807,15.236676773450304,0.4399999999999995,-0.3160000000000007,0.3245939962191687
2019-09-11,16.4733,150641625,15.8253,16.5449,15.7333,Tesla,15.401428571428571,15.135596666666666,0.0490743630076355,0.025415625133868,11,9,2019,2,3,15.7027,15.4527,15.0407,15.545832580087726,0.8115999999999985,-0.6479999999999979,0.5692308632838334
2019-09-12,16.3913,128718086,16.5133,16.9,16.2933,Tesla,15.600085714285717,15.145063333333333,-0.00497775187728,0.0256728844702838,12,9,2019,3,3,16.4733,15.7027,15.0007,15.757199435065795,0.6067,0.12199999999999989,0.6438364296122165
2019-09-13,16.3467,79697135,16.464,16.5633,16.3243,Tesla,15.833614285714283,15.170286666666668,-0.0027209556289008,0.0228113780756375,13,9,2019,4,3,16.3913,16.4733,14.712,15.904574576299346,0.23900000000000077,0.11730000000000018,0.5588887170947371
2019-09-16,16.1873,70921405,16.4,16.4953,16.078,Tesla,15.959614285714284,15.189106666666667,-0.0097512036068441,0.0214999929063271,16,9,2019,0,3,16.3467,16.3913,15.3053,15.97525593222451,0.4173000000000009,0.2126999999999981,0.5178457280849176
2019-09-17,16.3193,59203605,16.1647,16.3733,16.0247,Tesla,16.124757142857142,15.225706666666666,0.0081545409055245,0.020097944723002,17,9,2019,1,3,16.1873,16.3467,15.1633,16.06126694916838,0.34860000000000113,-0.15459999999999852,0.39015753594887737
2019-09-18,16.2327,63421513,16.3333,16.5446,16.158,Tesla,16.236185714285714,15.25402,-0.0053066001605459,0.0205160811070281,18,9,2019,2,3,16.3193,16.1873,15.4527,16.104125211876287,0.38659999999999783,0.10060000000000002,0.2537761443263049
2019-09-19,16.44,73246988,16.4,16.5293,16.3227,Tesla,16.341514285714286,15.28331,0.0127705187676727,0.0203078866893973,19,9,2019,3,3,16.2327,16.3193,15.7027,16.188093908907216,0.20659999999999812,-0.0400000000000027,0.10463307999444015
2019-09-20,16.0413,97593911,16.4327,16.4631,15.8773,Tesla,16.2798,15.288463333333333,-0.0242518248175183,0.0120828407268896,20,9,2019,4,3,16.44,16.2327,16.4733,16.151395431680413,0.5858000000000008,0.39140000000000086,0.13649728935240177
2019-09-23,16.082,65874417,16.0,16.3453,15.948,Tesla,16.235614285714284,15.302286666666667,0.0025372008503052,0.0122852621405093,23,9,2019,0,3,16.0413,16.44,16.3913,16.13404657376031,0.3973000000000013,-0.08200000000000074,0.14423072290301356
2019-09-24,14.8807,194116553,16.1013,16.1327,14.8407,Tesla,16.026185714285713,15.2894,-0.0746984205944535,0.0298776703711587,24,9,2019,1,3,16.082,16.0413,16.3467,15.82070993032023,1.2919999999999998,1.2205999999999992,0.5230113779155602
2019-09-25,15.2467,141664219,14.9707,15.2653,14.5573,Tesla,15.891814285714286,15.2754,0.0245956171416668,0.0331309029137455,25,9,2019,2,3,14.8807,16.082,16.1873,15.677207447740173,0.7080000000000002,-0.2759999999999998,0.5911141751775231
2019-09-26,16.1707,181181759,15.3773,16.2207,15.16,Tesla,15.870585714285712,15.32638,0.0606032780864056,0.0421136975161908,26,9,2019,3,3,15.2467,14.8807,16.3193,15.800580585805129,1.0607000000000006,-0.7934000000000001,0.5756698198004978
2019-09-27,16.142,166847617,16.1467,16.5807,15.9153,Tesla,15.857628571428574,15.385246666666667,-0.001774814943076,0.0420681459709431,27,9,2019,4,3,16.1707,15.2467,16.2327,15.885935439353847,0.6654,0.004699999999999704,0.5671181820233934
2019-09-30,16.058,89192370,16.2,16.2653,15.7407,Tesla,15.803057142857142,15.431756666666669,-0.0052038161318299,0.041703499726609,30,9,2019,0,3,16.142,16.1707,16.44,15.928951579515386,0.5245999999999995,0.14199999999999946,0.5179903694642504
2019-10-01,16.3127,92944304,16.1,16.3967,15.942,Tesla,15.841828571428572,15.471446666666669,0.015861252958027,0.0409820272884086,1,10,2019,1,4,16.058,16.142,16.0413,16.02488868463654,0.454699999999999,-0.2126999999999981,0.5480781200840372
2019-10-02,16.2087,93848173,16.2193,16.31,15.962,Tesla,15.85992857142857,15.509826666666664,-0.0063754007613698,0.041141704383647,2,10,2019,2,4,16.3127,16.058,16.082,16.070841513477404,0.347999999999999,0.010600000000000165,0.5593086229577118
2019-10-03,15.5353,227066286,15.4573,15.632,14.952,Tesla,15.95344285714286,15.536936666666666,-0.0415455897141658,0.0316801549306898,3,10,2019,3,4,16.2087,16.3127,14.8807,15.936956135108053,0.6799999999999997,-0.0779999999999994,0.40046586977881876
2019-10-04,15.4287,120317640,15.4407,15.652,15.2047,Tesla,15.979442857142857,15.55756,-0.006861792176527,0.0309231552614727,4,10,2019,4,4,15.5353,16.2087,15.2467,15.80989210133104,0.4472999999999985,0.012000000000000455,0.3496128995394362
2019-10-07,15.848,121304294,15.32,15.904,15.2367,Tesla,15.933342857142856,15.61605,0.0271766253799738,0.0215409006104677,7,10,2019,0,4,15.4287,15.5353,16.1707,15.81941907599828,0.6672999999999991,-0.5280000000000005,0.3413689443857476
2019-10-08,16.0033,130535005,15.7247,16.2627,15.6333,Tesla,15.913528571428571,15.671716666666669,0.0097993437657748,0.022059461928568,8,10,2019,1,4,15.848,15.4287,16.142,15.865389306998708,0.6293999999999986,-0.27859999999999907,0.33111037794293974
2019-10-09,16.302,104025443,16.088,16.4863,16.0433,Tesla,15.948385714285717,15.739383333333333,0.0186649003642997,0.0231242518696136,9,10,2019,2,4,16.0033,15.848,16.058,15.97454198024903,0.4430000000000014,-0.21399999999999864,0.3604019535127427
2019-10-10,16.316,94701208,16.352,16.6187,16.1053,Tesla,15.948857142857142,15.80416,0.0008587903324746,0.0223497091250297,10,10,2019,3,4,16.302,16.0033,16.3127,16.059906485186772,0.5134000000000007,0.036000000000001364,0.36095965082592335
2019-10-11,16.526,127322321,16.4767,16.7387,16.454,Tesla,15.994185714285717,15.862336666666666,0.0128708016670753,0.0225821139083139,11,10,2019,4,4,16.316,16.302,16.2087,16.17642986389008,0.28470000000000084,-0.04929999999999879,0.41491847162520956
2019-10-14,17.1307,153402823,16.5267,17.2367,16.4753,Tesla,16.2221,15.932003333333334,0.0365908265763039,0.0149018112125038,14,10,2019,0,4,16.526,16.316,15.5353,16.41499739791756,0.7613999999999983,-0.6039999999999992,0.540126250674065
2019-10-15,17.1927,97191791,17.18,17.3333,16.9413,Tesla,16.4741,16.00507,0.0036192333062863,0.0128188933082414,15,10,2019,1,4,17.1307,16.526,15.4287,16.60942304843817,0.392000000000003,-0.012699999999998823,0.5193699708947519
2019-10-16,17.3167,100564495,17.1593,17.4733,17.128,Tesla,16.683914285714287,16.091893333333335,0.0072123633867864,0.0120243506182359,16,10,2019,2,4,17.1927,17.1307,15.848,16.786242286328626,0.34529999999999816,-0.1573999999999991,0.5209431044709035
2019-10-17,17.4647,71685609,17.5,17.652,17.3447,Tesla,16.89268571428571,16.163873333333335,0.0085466630478092,0.0120856570005145,17,10,2019,3,4,17.3167,17.1927,16.0033,16.955856714746467,0.30730000000000146,0.03529999999999944,0.4949044130898195
2019-10-18,17.13,86304947,17.38,17.52,17.0067,Tesla,17.010971428571427,16.229429999999997,-0.0191643715609201,0.0165625213140352,18,10,2019,4,4,17.4647,17.3167,16.302,16.99939253605985,0.513300000000001,0.25,0.42407746035540533
2019-10-21,16.9,76621477,17.222,17.3,16.6787,Tesla,17.0944,16.277673333333333,-0.0134267367192061,0.0182690468197966,21,10,2019,0,4,17.13,17.4647,16.316,16.974544402044888,0.6213000000000015,0.32200000000000273,0.3054115365653412
2019-10-22,17.0387,69376390,16.9547,17.222,16.7233,Tesla,17.167642857142855,16.322206666666666,0.0082071005917159,0.0180251732714762,22,10,2019,1,4,16.9,17.13,16.526,16.99058330153367,0.49870000000000303,-0.08399999999999963,0.18354361749825124
2019-10-23,16.9787,168242616,16.9667,17.076,16.7567,Tesla,17.14592857142857,16.339053333333332,-0.0035213954116216,0.0112181560666249,23,10,2019,2,4,17.0387,16.9,17.1307,16.98761247615025,0.3193000000000019,-0.012000000000000455,0.19713092700407903
2019-10-24,19.9787,447288226,19.8913,20.3287,19.28,Tesla,17.543928571428573,16.458633333333335,0.176691972883672,0.0684404007381121,24,10,2019,3,4,16.9787,17.0387,17.1927,17.73538435711269,1.0487000000000002,-0.08739999999999881,1.0913861228035426
2019-10-25,21.8753,450091125,19.848,22.0,19.7407,Tesla,18.19515714285714,16.64292,0.0949311016232288,0.0728483331376961,25,10,2019,4,4,19.9787,16.9787,17.3167,18.770363267834515,2.2592999999999996,-2.0273000000000003,1.9530829081713348
2019-10-28,21.8473,283054208,21.836,22.7227,21.5067,Tesla,18.821242857142856,16.831586666666666,-0.0012799824459549,0.0735576153626609,28,10,2019,0,4,21.8753,19.9787,17.4647,19.53959745087589,1.216000000000001,-0.011300000000002086,2.3433556294747473
2019-10-29,21.0813,190263955,21.3327,21.62,20.9833,Tesla,19.385714285714283,16.99032,-0.0350615407853602,0.0757093521539533,29,10,2019,1,4,21.8473,21.8753,17.13,19.925023088156916,0.6367000000000012,0.2514000000000003,2.343965783615966
2019-10-30,21.0007,144627078,20.8667,21.2527,20.6647,Tesla,19.97152857142857,17.14925333333333,-0.0038232936298995,0.074823135946453,30,10,2019,2,4,21.0813,21.8473,16.9,20.193942316117685,0.588000000000001,-0.1339999999999968,2.1210142335798023
2019-10-31,20.9947,76004302,20.8733,21.2667,20.8667,Tesla,20.536671428571427,17.301076666666667,-0.000285704762222,0.0753728932945097,31,10,2019,3,4,21.0007,21.0813,17.0387,20.394131737088266,0.3999999999999986,-0.12140000000000128,1.6932168336379065
2019-11-01,20.8873,95758887,21.088,21.0987,20.6533,Tesla,21.095042857142857,17.462609999999998,-0.0051155767884276,0.0755022458179483,1,11,2019,4,4,20.9947,21.0007,16.9787,20.5174238028162,0.44539999999999935,0.2007000000000012,0.643328404620036
2019-11-04,21.1647,131805534,20.9867,21.4627,20.6173,Tesla,21.26447142857143,17.632033333333332,0.0132807974223572,0.0406191039337525,4,11,2019,0,4,20.8873,20.9947,19.9787,20.67924285211215,0.8454000000000015,-0.17800000000000082,0.4165167212106879
2019-11-05,21.148,104151203,21.308,21.5673,21.0745,Tesla,21.160571428571423,17.840943333333332,-0.0007890496912311,0.0146773479959824,5,11,2019,1,4,21.1647,20.8873,21.8753,20.79643213908411,0.492799999999999,0.16000000000000014,0.3177537448739773
2019-11-06,21.772,119113920,21.2,21.7813,20.9667,Tesla,21.149814285714285,18.058453333333333,0.0295063362965763,0.0196513704387568,6,11,2019,2,4,21.148,21.1647,21.8473,21.040324104313083,0.8146000000000022,-0.5719999999999992,0.2907586079477644
2019-11-07,22.3693,217010141,21.9427,22.7667,21.868,Tesla,21.333814285714286,18.265073333333337,0.0274343193092045,0.0148508227124583,7,11,2019,3,4,21.772,21.148,21.0813,21.37256807823481,0.8987000000000016,-0.42660000000000053,0.5404785855416027
2019-11-08,22.476,91113269,22.3,22.4973,22.1667,Tesla,21.54457142857143,18.476206666666663,0.0047699302168597,0.0139823968542518,8,11,2019,4,4,22.3693,21.772,21.0007,21.648426058676108,0.33060000000000045,-0.17599999999999838,0.6627462654601892
2019-11-11,23.006,149905260,22.93,23.2793,22.8,Tesla,21.8319,18.707806666666663,0.0235807083110874,0.0140148005344912,11,11,2019,0,4,22.476,22.3693,20.9947,21.98781954400708,0.4792999999999985,-0.07600000000000051,0.8052853117583875
2019-11-12,23.3287,110390690,23.1267,23.358,22.936,Tesla,22.18067142857143,18.94167333333333,0.0140267756237504,0.0114738912581969,12,11,2019,1,4,23.006,22.476,20.8873,22.32303965800531,0.4220000000000006,-0.20200000000000173,0.8551371346445454
2019-11-13,23.074,127017881,23.6667,23.7553,23.012,Tesla,22.453428571428567,19.170516666666668,-0.0109178822651926,0.0153954039340805,13,11,2019,2,4,23.3287,23.006,21.1647,22.51077974350398,0.7432999999999979,0.5926999999999971,0.7780980973168352
2019-11-14,23.29,97075496,23.074,23.5893,22.8607,Tesla,22.75942857142857,19.429006666666663,0.0093611857501949,0.0143777814530647,14,11,2019,3,4,23.074,23.3287,21.148,22.705584807627986,0.7286000000000001,-0.21599999999999753,0.573421877022559
2019-11-15,23.478,72188409,23.376,23.52,23.224,Tesla,23.00314285714285,19.697316666666666,0.0080721339630744,0.0127012021499777,15,11,2019,4,4,23.29,23.074,21.772,22.89868860572099,0.2959999999999994,-0.10200000000000031,0.42786856181651023
2019-11-18,23.3327,66127542,23.5278,23.5433,23.0733,Tesla,23.14077142857143,19.946806666666664,-0.0061887724678423,0.0117283481965813,18,11,2019,0,4,23.478,23.29,22.3693,23.007191454290744,0.46999999999999886,0.19510000000000005,0.3348354855468626
2019-11-19,23.968,116041112,23.45,23.9993,23.1867,Tesla,23.35391428571429,20.212296666666667,0.0272278818996516,0.0141295533777792,19,11,2019,1,4,23.3327,23.478,22.476,23.247393590718058,0.8126000000000033,-0.5180000000000007,0.31545356989952283
2019-11-20,23.4813,101009424,24.0,24.08,23.3047,Tesla,23.421814285714284,20.451606666666667,-0.0203062416555407,0.016309927168666,20,11,2019,2,4,23.968,23.3327,23.006,23.305870193038544,0.7752999999999979,0.518699999999999,0.27688012706287307
2019-11-21,23.6553,91650149,23.634,24.056,23.6003,Tesla,23.46847142857143,20.69625,0.007410151908114,0.0157491152709081,21,11,2019,3,4,23.4813,23.968,23.3287,23.393227644778907,0.4557000000000002,-0.021300000000000097,0.28594367577327817
2019-11-22,22.2027,253059473,22.6773,22.7333,22.0,Tesla,23.344,20.885473333333334,-0.0614069574260314,0.0288302881341233,22,11,2019,4,4,23.6553,23.4813,23.074,23.095595733584183,0.7332999999999998,0.4745999999999988,0.55207190956775
2019-11-25,22.4227,185186457,22.9547,22.9713,22.2973,Tesla,23.2201,21.06187333333333,0.0099087047971642,0.0288768246683728,25,11,2019,0,4,22.2027,23.6553,23.29,22.927371800188133,0.6739999999999995,0.532,0.6541049329685434
2019-11-26,21.928,119343525,22.3513,22.3667,21.8067,Tesla,22.99867142857143,21.219716666666667,-0.0220624634856639,0.0288424104190701,26,11,2019,1,4,22.4227,22.2027,23.478,22.6775288501411,0.5600000000000023,0.42329999999999757,0.7986358467504047
2019-11-27,22.086,83451843,22.0747,22.262,21.9047,Tesla,22.82057142857143,21.37869333333333,0.0072053994892373,0.0295229938137249,27,11,2019,2,4,21.928,22.4227,23.3327,22.529646637605826,0.35730000000000217,-0.011299999999998533,0.8491438898765845
2019-11-29,21.996,36984417,22.074,22.084,21.8333,Tesla,22.538857142857143,21.529736666666665,-0.0040749796251018,0.0254938819528227,29,11,2019,4,4,22.086,21.928,23.968,22.39623497820437,0.25069999999999837,0.07800000000000296,0.7227329171445438
2019-12-02,22.3247,91229744,21.96,22.4255,21.9125,Tesla,22.37362857142857,21.70289333333333,0.0149436261138389,0.026994757556446,2,12,2019,0,4,21.996,22.086,23.4813,22.378351233653277,0.5129999999999981,-0.36469999999999914,0.591695106493261
2019-12-03,22.4133,99202090,22.1747,22.5273,22.1457,Tesla,22.1962,21.88667,0.0039686983475701,0.0267213322071935,3,12,2019,1,4,22.3247,21.996,23.6553,22.38708842523996,0.38159999999999883,-0.23859999999999815,0.19964321509579463
2019-12-04,22.202,83043783,22.5167,22.524,22.19,Tesla,22.1961,22.05878,-0.0094274381728705,0.0127891011722942,4,12,2019,2,4,22.4133,22.3247,22.2027,22.340816318929967,0.33399999999999963,0.3146999999999984,0.19963959193286052
2019-12-05,22.0247,56054612,22.1887,22.2949,21.8167,Tesla,22.139242857142857,22.22698,-0.0079857670480137,0.0122717281112202,5,12,2019,3,4,22.202,22.4133,22.4227,22.261787239197474,0.4781999999999975,0.16400000000000148,0.18006344120224826
2019-12-06,22.3927,114283998,22.3333,22.5907,22.318,Tesla,22.205628571428573,22.30744666666667,0.0167085136233411,0.0106016085262776,6,12,2019,4,4,22.0247,22.202,21.928,22.294515429398107,0.27269999999999683,-0.05940000000000012,0.17478777335597148
2019-12-09,22.6353,135603187,22.4393,22.9633,22.3387,Tesla,22.2841,22.33278,0.0108338878295157,0.0109225891615851,9,12,2019,0,4,22.3927,22.0247,22.086,22.37971157204858,0.6246000000000009,-0.1960000000000015,0.22748874697543264
2019-12-10,23.256,132599199,22.664,23.382,22.6207,Tesla,22.4641,22.379736666666663,0.0274217704205377,0.0134459989052836,10,12,2019,1,4,22.6353,22.3927,21.996,22.598783679036437,0.7613000000000021,-0.5919999999999987,0.3969245898158119
2019-12-11,23.5133,103787378,23.4584,23.8127,23.406,Tesla,22.6339,22.46080333333333,0.011063811489508,0.0131928355574762,11,12,2019,2,4,23.256,22.6353,22.3247,22.827412759277326,0.4067000000000007,-0.05489999999999995,0.5514917315794036
2019-12-12,23.9787,116643107,23.6613,24.1827,23.5487,Tesla,22.85752857142857,22.56007,0.0197930532932424,0.0138251234082837,12,12,2019,3,4,23.5133,23.256,22.4133,23.115234569457996,0.6340000000000003,-0.31739999999999924,0.734235803890502
2019-12-13,23.8927,98614166,24.07,24.3473,23.6427,Tesla,23.099057142857145,22.65667,-0.0035865163666086,0.0125946787445056,13,12,2019,4,4,23.9787,23.5133,22.202,23.3096009270935,0.7045999999999992,0.1772999999999989,0.7602766072451876
2019-12-16,25.4333,273313963,24.17,25.574,24.1667,Tesla,23.586,22.80820333333333,0.0644799457574907,0.0214405426424474,16,12,2019,0,4,23.8927,23.9787,22.0247,23.840525695320125,1.4073000000000029,-1.2632999999999974,1.0085283122783928
2019-12-17,25.266,127556561,25.266,25.7,25.06,Tesla,23.99647142857143,22.94491333333333,-0.0065779902725954,0.0238779684746847,17,12,2019,1,4,25.4333,23.8927,22.3927,24.196894271490095,0.6400000000000006,0.0,1.0264667306094484
2019-12-18,26.21,212045744,25.3753,26.348,25.372,Tesla,24.50714285714286,23.113646666666668,0.0373624633895355,0.0247098266310658,18,12,2019,2,4,25.266,25.4333,22.6353,24.700170703617573,0.9759999999999991,-0.8347000000000016,1.1212513557885064
2019-12-19,26.936,271804514,26.488,27.1233,26.4333,Tesla,25.032857142857143,23.28578,0.0276993513925982,0.0247212792267927,19,12,2019,3,4,26.21,25.266,23.256,25.25912802771318,0.6900000000000013,-0.4480000000000004,1.2872831608433652
2019-12-20,27.0393,221778039,27.3527,27.5333,26.679,Tesla,25.53657142857143,23.441446666666664,0.0038350163350162,0.0253704988951117,20,12,2019,4,4,26.936,26.21,23.5133,25.704171020784884,0.8543000000000021,0.3133999999999979,1.2834361478915433
2019-12-23,27.948,199992200,27.452,28.134,27.3333,Tesla,26.103614285714286,23.623846666666665,0.0336066392251277,0.0258455365393833,23,12,2019,0,4,27.0393,26.936,23.9787,26.265128265588665,0.8006999999999991,-0.49599999999999866,1.355268191698218
2019-12-24,28.35,120820740,27.8907,28.3647,27.5125,Tesla,26.740371428571425,23.80198,0.0143838557320739,0.0236314745410177,24,12,2019,1,4,27.948,27.0393,23.8927,26.7863461991915,0.8521999999999998,-0.4593000000000025,1.1790109141626568
2019-12-26,28.7293,159724270,28.5273,28.8987,28.4233,Tesla,27.21122857142857,23.982,0.0133791887125218,0.0160776194553686,26,12,2019,3,4,28.35,27.948,25.4333,27.272084649393623,0.4754000000000005,-0.20199999999999818,1.2271821662035296
2019-12-27,28.692,149352330,29.0,29.0207,28.4073,Tesla,27.700657142857143,24.169266666666665,-0.0012983260991391,0.0148256059494944,27,12,2019,4,4,28.7293,28.35,25.266,27.62706348704522,0.6134000000000022,0.30799999999999983,0.9804628122426858
2019-12-30,27.6467,189018955,28.586,28.6,27.2839,Tesla,27.9059,24.31449,-0.0364317579813189,0.0230627524437146,30,12,2019,0,4,28.692,28.7293,26.21,27.631972615283914,1.3161000000000023,0.9392999999999994,0.7364129502756523
2019-12-31,27.8887,154386823,27.0,28.086,26.8053,Tesla,28.042,24.461513333333333,0.0087533050960875,0.0214013080917135,31,12,2019,1,4,27.6467,28.692,26.936,27.696154461462935,1.2806999999999995,-0.8887,0.6032898087434333
2020-01-02,28.684,143375718,28.3,28.7131,28.114,Tesla,28.276957142857142,24.63989,0.0285169262102571,0.023108790520058,2,1,2020,3,1,27.8887,27.6467,27.0393,27.9431158460972,0.5991,-0.38400000000000034,0.4479721451803617
2020-01-03,29.534,266920367,29.3667,30.2667,29.128,Tesla,28.50352857142857,24.825423333333333,0.0296332450146421,0.022434025559913,3,1,2020,4,1,28.684,27.8887,27.948,28.3408368845729,1.1387,-0.16729999999999734,0.6213796362782583
2020-01-06,30.1027,152362424,29.3647,30.104,29.3333,Tesla,28.75391428571428,25.04613666666667,0.0192557730073812,0.0227338130484898,6,1,2020,0,1,29.534,28.684,28.35,28.781302663429678,0.7706999999999979,-0.7379999999999995,0.8574772211331616
2020-01-07,31.2707,273136963,30.76,31.442,30.2237,Tesla,29.116971428571425,25.299983333333333,0.0388005062668799,0.0254499022071472,7,1,2020,1,1,30.1027,29.534,28.7293,29.40365199757226,1.2182999999999993,-0.5106999999999999,1.2794877981890354
2020-01-08,32.8093,467990616,31.58,33.2327,31.2153,Tesla,29.705157142857143,25.653536666666664,0.0492026081923333,0.0279357548550663,8,1,2020,2,1,31.2707,30.1027,28.692,30.255063998179196,2.017400000000002,-1.229300000000002,1.8642910483230544
2020-01-09,32.0893,426947637,33.14,33.2533,31.5247,Tesla,30.339814285714287,25.975756666666665,-0.021944997302594,0.0232260277371071,9,1,2020,3,1,32.8093,31.2707,27.6467,30.7136229986344,1.7286000000000037,1.050699999999999,1.8018902208779415
2020-01-10,31.8767,194652353,32.1193,32.3293,31.58,Tesla,30.909528571428574,26.30738,-0.0066252613799615,0.0252949350031434,10,1,2020,4,1,32.0893,32.8093,27.8887,31.004392248975797,0.7493000000000052,0.24260000000000304,1.503489612772431
2020-01-13,34.9907,399518050,32.9,35.042,32.8,Tesla,31.810485714285715,26.737536666666667,0.0976889075719882,0.0391172794506284,13,1,2020,0,1,31.8767,32.0893,28.684,32.00096918673185,2.2420000000000044,-2.0906999999999982,1.8066452561111348
2020-01-14,35.8614,435920482,36.2837,36.494,34.9934,Tesla,32.714400000000005,27.19971666666667,0.0248837548262825,0.039154341786144,14,1,2020,1,1,34.9907,31.8767,29.534,32.96607689004889,1.5005999999999986,0.4222999999999999,2.044989591660624
2020-01-15,34.5667,260532320,35.3174,35.856,34.4524,Tesla,33.352114285714286,27.60778333333333,-0.0361028849961241,0.046325861266129,15,1,2020,2,1,35.8614,34.9907,30.1027,33.366232667536664,1.4036000000000044,0.7507000000000019,1.77271808289667
2020-01-16,34.2327,326049587,32.9167,34.2974,32.8113,Tesla,33.77525714285714,28.001763333333333,-0.009662478628275,0.0468136809682911,16,1,2020,3,1,34.5667,35.8614,31.2707,33.5828495006525,1.4861000000000004,-1.3160000000000025,1.5299767447657753
2020-01-17,34.0334,204435948,33.8407,34.378,33.544,Tesla,33.95012857142857,28.39614333333333,-0.0058219188086244,0.0444624773927027,17,1,2020,4,1,34.2327,34.5667,32.8093,33.69548712548938,0.8340000000000032,-0.1927000000000021,1.4699477005598596
2020-01-21,36.48,267051916,35.35,36.572,35.2274,Tesla,34.577371428571425,28.87798666666667,0.0718882039408344,0.0485675899831746,21,1,2020,1,1,34.0334,34.2327,32.0893,34.391615344117035,1.3445999999999998,-1.1299999999999955,1.4803157722981075
2020-01-22,37.9707,470535215,38.126,39.6334,37.2734,Tesla,35.447942857142856,29.39725333333333,0.0408634868421053,0.0476234888445042,22,1,2020,2,1,36.48,34.0334,31.8767,35.28638650808777,2.3599999999999994,0.15529999999999688,1.4179679743177298
2020-01-23,38.1467,294765453,37.6167,38.8,37.0402,Tesla,35.8988,29.914300000000004,0.0046351528942052,0.03590338960658,23,1,2020,3,1,37.9707,36.48,34.9907,36.00146488106583,1.7597999999999985,-0.5300000000000011,1.718289508008932
2020-01-24,37.6547,215303892,38.042,38.2574,36.9507,Tesla,36.15498571428572,30.394256666666664,-0.0128975769856896,0.0366434265267628,24,1,2020,4,1,38.1467,37.9707,35.8614,36.41477366079937,1.3066999999999993,0.3873000000000033,1.841081258779419
2020-01-27,37.2014,204120948,36.1327,37.6294,35.952,Tesla,36.53137142857143,30.850526666666667,-0.0120383378436157,0.032790970596644,27,1,2020,0,1,37.6547,38.1467,34.5667,36.61143024559953,1.6773999999999987,-1.0686999999999998,1.7281082679376651
2020-01-28,37.7934,176827262,37.8994,38.454,37.2054,Tesla,37.04004285714286,31.311016666666667,0.0159133796039934,0.0315052588188079,28,1,2020,1,1,37.2014,37.6547,34.2327,36.90692268419964,1.2486000000000033,0.10600000000000165,1.438503188337576
2020-01-29,38.7327,273249913,38.3794,39.32,37.8287,Tesla,37.71137142857143,31.80568333333333,0.0248535458572132,0.0302934021515895,29,1,2020,2,1,37.7934,37.2014,34.0334,37.363367013149734,1.4913000000000025,-0.3533000000000044,0.7171890864440932
2020-01-30,42.7207,435084982,42.1614,43.392,41.2,Tesla,38.6029,32.38193,0.1029620966263646,0.0400390178426394,30,1,2020,3,1,38.7327,37.7934,36.48,38.7027002598623,2.192,-0.5593000000000004,1.8752553559449496
2020-01-31,43.3714,235788932,42.6667,43.5334,42.168,Tesla,39.37442857142857,32.985443333333336,0.0152314919933427,0.0393493606462442,31,1,2020,4,1,42.7207,38.7327,37.9707,39.86987519489672,1.365400000000001,-0.7047000000000025,2.558372430351211
2020-02-03,52.0,708502146,44.9127,52.4094,44.9014,Tesla,41.353471428571424,33.84511,0.1989467713746846,0.0771974212023116,3,2,2020,0,1,43.3714,42.7207,38.1467,42.90240639617254,7.507999999999996,-7.087299999999999,5.31903937120051
2020-02-04,59.1374,914080943,58.864,64.5994,55.592,Tesla,44.42242857142857,34.918490000000006,0.1372576923076922,0.0784474994271199,4,2,2020,1,1,52.0,43.3714,37.6547,46.96115479712941,9.007400000000004,-0.2734000000000023,8.230135668528256
2020-02-05,48.98,726357237,54.884,56.3987,46.9407,Tesla,46.105085714285714,35.64984666666667,-0.1717593265852066,0.1188018533215202,5,2,2020,2,1,59.1374,52.0,37.2014,47.465866097847055,9.457999999999998,5.9040000000000035,7.694366521559475
2020-02-06,49.9307,598210951,46.6614,53.0554,45.8,Tesla,47.83898571428572,36.38260333333333,0.0194099632503064,0.1186605498743022,6,2,2020,3,1,48.98,59.1374,37.7934,48.08207457338529,7.255400000000002,-3.269300000000001,6.827957207791254
2020-02-07,49.8714,255952672,48.7034,51.3167,48.6667,Tesla,49.43022857142857,37.09998333333333,-0.0011876460774633,0.1198617638689918,7,2,2020,4,1,49.9307,48.98,38.7327,48.52940593003897,2.6499999999999986,-1.1679999999999993,5.525816520272294
2020-02-10,51.4187,370337215,53.3334,54.666,50.16,Tesla,50.6728,37.85629666666667,0.0310257983533648,0.1169094133008073,10,2,2020,0,1,49.8714,49.9307,42.7207,49.25172944752923,4.506,1.9146999999999963,4.678608197245546
2020-02-11,51.6254,175461962,51.2527,52.2338,50.5334,Tesla,51.85194285714287,38.62074333333333,0.0040199382714849,0.1172649314957971,11,2,2020,1,1,51.4187,49.8714,43.3714,49.84514708564693,1.700400000000002,-0.3727000000000018,3.396091077428624
2020-02-12,51.1527,180336960,51.858,52.65,50.8914,Tesla,51.730900000000005,39.40427666666667,-0.0091563455198409,0.091075520781146,12,2,2020,2,1,51.6254,51.4187,52.0,50.172035314235195,1.7586000000000013,0.705299999999994,3.4050224590546403
2020-02-13,53.6,394340053,49.456,54.5334,49.0,Tesla,50.939842857142864,40.26132,0.0478430268587972,0.0733952231722303,13,2,2020,3,1,51.1527,51.6254,59.1374,51.0290264856764,5.5334,-4.143999999999998,1.5177812983179406
2020-02-14,53.3354,235405532,52.4814,54.198,52.3667,Tesla,51.562042857142856,41.08303333333333,-0.0049365671641791,0.0211042786186595,14,2,2020,4,1,53.6,51.1527,48.98,51.60561986425729,1.8312999999999988,-0.8539999999999992,1.4725114904555627
2020-02-18,57.2267,250475425,56.1067,57.3334,55.4907,Tesla,52.604328571428574,42.006123333333335,0.0729590478368964,0.0312986174854755,18,2,2020,1,1,53.3354,53.6,49.9307,53.01088989819297,1.8427000000000007,-1.1200000000000045,2.4094357912965356
2020-02-19,61.1614,381344209,61.5667,62.9854,60.068,Tesla,54.21718571428572,43.04141333333334,0.068756367220196,0.0343891238770428,19,2,2020,2,1,57.2267,53.3354,49.8714,55.048517423644725,2.9174000000000007,0.4052999999999969,3.705349752015546
2020-02-20,59.9607,264523218,60.7967,60.8,57.3294,Tesla,55.43747142857143,43.99774666666667,-0.019631663107777,0.0391550841515836,20,2,2020,3,1,61.1614,57.2267,51.4187,56.27656306773354,3.4705999999999975,0.8359999999999985,4.023067946113681
2020-02-21,60.0667,215091642,60.4654,60.8707,58.6967,Tesla,56.64337142857143,44.906326666666665,0.0017678245917742,0.0393442586089048,21,2,2020,4,1,59.9607,61.1614,51.6254,57.22409730080015,2.1739999999999995,0.39870000000000516,3.9545113291506246
2020-02-24,55.586,227882286,55.9334,57.5667,54.8134,Tesla,57.276700000000005,45.68955,-0.0745954081046569,0.0533906460088042,24,2,2020,0,1,60.0667,59.9607,51.1527,56.814572975600115,2.753299999999996,0.3474000000000004,3.2143372868031457
2020-02-25,53.3274,259357070,56.6,57.1067,52.4667,Tesla,57.23775714285714,46.40457333333334,-0.0406325333717123,0.0542784386313127,25,2,2020,1,1,55.586,60.0667,53.6,55.942779731700085,4.6399999999999935,3.272600000000004,3.26751732811373
2020-02-26,51.92,212307494,52.1667,54.2207,51.7407,Tesla,57.03555714285714,46.96888333333333,-0.0263916860750758,0.0552356864530063,26,2,2020,2,1,53.3274,55.586,53.3354,54.93708479877506,2.480000000000004,0.24669999999999703,3.5782671042731695
2020-02-27,45.2667,364157218,48.6667,49.318,44.6,Tesla,55.32698571428572,47.28239333333333,-0.1281452234206471,0.0613807484913116,27,2,2020,3,1,51.92,53.3274,57.2267,52.5194885990813,4.717999999999996,3.3999999999999986,5.698814516905685
2020-02-28,44.5327,368462366,41.98,46.0347,40.768,Tesla,52.95145714285714,47.61459333333334,-0.0162150101509498,0.0443394812982722,28,2,2020,4,1,45.2667,51.92,61.1614,50.52279144931098,5.2667,-2.5527000000000015,6.29594027207403
2020-03-02,49.5747,302924699,47.4174,49.5794,45.778,Tesla,51.46774285714286,48.12599333333333,0.1132201730413831,0.0744324841744894,2,3,2020,0,1,44.5327,45.2667,59.9607,50.28576858698324,3.801400000000001,-2.1572999999999993,5.548217885909279
2020-03-03,49.7007,386759807,53.6667,53.7987,47.7407,Tesla,49.98688571428571,48.64823666666667,0.0025416190113101,0.0744784318606626,3,3,2020,1,1,49.5747,44.5327,60.0667,50.139501440237424,6.058,3.966000000000001,4.052286219501501
2020-03-04,49.9667,225734587,50.9307,51.1014,48.3157,Tesla,49.184128571428566,49.097793333333335,0.0053520372952495,0.0715558618630252,4,3,2020,2,1,49.7007,49.5747,55.586,50.096301080178065,2.7856999999999985,0.9639999999999986,3.231757393284265
2020-03-05,48.3027,162789819,48.2514,49.7167,47.8714,Tesla,48.46631428571429,49.44219333333333,-0.0333021792513814,0.071134691359145,5,3,2020,3,1,49.9667,49.7007,53.3274,49.64790081013355,1.8453000000000017,-0.051300000000004786,2.6667380776450123
2020-03-06,46.8987,189943705,46.0003,47.1334,45.618,Tesla,47.74898571428572,49.73392666666666,-0.0290666981348869,0.0712329571954397,6,3,2020,4,1,48.3027,49.9667,51.92,48.96060060760016,1.5153999999999996,-0.8983999999999952,2.2209794921974924
2020-03-09,40.5334,256105972,40.3594,44.1999,40.3334,Tesla,47.0728,49.82988333333333,-0.1357244443875842,0.073315671484609,9,3,2020,0,1,46.8987,48.3027,45.2667,46.853800455700124,3.866500000000002,-0.1739999999999995,3.471283250230852
2020-03-10,43.022,233916483,43.962,44.5334,40.5334,Tesla,46.85698571428571,50.02390333333334,0.0613962805982226,0.0784896563733425,10,3,2020,1,1,40.5334,46.8987,44.5327,45.89585034177509,4.0,0.9400000000000048,3.695260171457734
2020-03-11,42.282,201203749,42.68,43.572,40.8667,Tesla,45.81517142857143,50.173523333333335,-0.017200502068709,0.0597636909846601,11,3,2020,2,1,43.022,40.5334,49.5747,44.99238775633131,2.705300000000001,0.39800000000000324,3.8270217034983705
2020-03-12,37.37,283635608,38.726,39.6334,36.4167,Tesla,44.05364285714285,50.1281,-0.1161723664916513,0.0682571892776397,12,3,2020,3,1,42.282,43.022,49.7007,43.086790817248485,3.216700000000003,1.3560000000000016,4.516253582656439
2020-03-13,36.4414,339603580,39.6667,40.5047,33.4667,Tesla,42.121457142857146,49.91879000000001,-0.0248488092052447,0.0659906338262311,13,3,2020,4,1,37.37,42.282,49.9667,41.425443112936364,7.037999999999997,3.225299999999997,4.457725197847417
2020-03-16,29.6713,307341746,31.3,32.9913,29.478,Tesla,39.45982857142857,49.462120000000006,-0.1857804584895201,0.0850140688237772,16,3,2020,0,1,36.4414,37.37,48.3027,38.48690733470227,3.513300000000001,1.628700000000002,5.574296169237956
2020-03-17,28.68,359918520,29.334,31.4567,26.4,Tesla,36.85715714285714,48.68478666666667,-0.0334093888707268,0.0847327714505968,17,3,2020,1,1,29.6713,36.4414,46.8987,36.03518050102671,5.056700000000003,0.6539999999999999,5.771875383228904
2020-03-18,24.0813,356792222,25.9333,26.9907,23.3673,Tesla,34.50685714285714,47.51625,-0.1603451882845188,0.0886030008934118,18,3,2020,2,1,28.68,29.6713,40.5334,33.04671037577003,3.6234,1.8520000000000003,7.198699722833549
2020-03-19,28.5093,452931674,24.9798,30.1333,23.8973,Tesla,32.433614285714285,46.83389333333333,0.1838771162686401,0.123606343381583,19,3,2020,3,1,24.0813,28.68,43.022,31.912357781827524,6.235999999999997,-3.5294999999999987,6.380991934234199
2020-03-20,28.502,424282288,29.2133,31.8,28.386,Tesla,30.46504285714286,46.11960333333334,-0.0002560567955018,0.1245308445229496,20,3,2020,4,1,28.5093,24.0813,42.282,31.05976833637064,3.4140000000000015,0.7113000000000014,4.754687578540132
2020-03-23,28.9527,246818127,28.9067,29.4667,27.3667,Tesla,29.262571428571427,45.42231333333333,0.0158129254087433,0.1224873338990076,23,3,2020,0,1,28.502,28.5093,37.37,30.533001252277984,2.099999999999998,-0.045999999999999375,3.654438142731059
2020-03-24,33.6667,343427378,31.82,34.246,31.6,Tesla,28.866185714285717,44.83057999999999,0.1628172847437372,0.1425183299271023,24,3,2020,1,1,28.9527,28.502,36.4414,31.316425939208486,2.646000000000001,-1.8466999999999985,2.7955448547218675
2020-03-25,35.95,318341091,36.35,37.1334,34.074,Tesla,29.763142857142856,44.30806666666667,0.0678207249299753,0.1183348390870692,25,3,2020,2,1,33.6667,28.9527,29.6713,32.474819454406365,3.0594000000000037,0.3999999999999986,3.889963950500118
2020-03-26,35.2107,261331069,36.4927,37.3334,34.15,Tesla,30.6961,43.77666666666666,-0.0205646731571627,0.1172139696660141,26,3,2020,3,1,35.95,33.6667,28.68,33.15878959080477,3.183399999999999,1.2819999999999965,4.343591723831023
2020-03-27,34.2907,215661042,33.6667,35.0534,32.9353,Tesla,32.15458571428572,43.13302333333333,-0.0261284211901496,0.0868701835434358,27,3,2020,4,1,35.2107,35.95,24.0813,33.44176719310358,2.1181000000000054,-0.6240000000000023,3.353506633574562
2020-03-30,33.4754,179970960,34.0174,34.4432,32.7487,Tesla,32.86402857142857,42.47102333333334,-0.0237761258883604,0.0690637137316011,30,3,2020,0,1,34.2907,35.2107,28.5093,33.45017539482769,1.694499999999998,0.5420000000000016,2.955484131640867
2020-03-31,34.9334,266572217,33.4167,36.1974,33.1333,Tesla,33.7828,41.727913333333326,0.0435543712696486,0.0683640975318291,31,3,2020,1,1,33.4754,34.2907,28.502,33.82098154612077,3.0641000000000034,-1.5167000000000002,2.300555621293835
2020-04-01,32.104,200297600,33.6,34.2637,31.6733,Tesla,34.23298571428571,40.75933333333333,-0.0809941202402285,0.080710676843446,1,4,2020,2,2,34.9334,33.4754,28.9527,33.39173615959058,2.590399999999999,1.4960000000000022,1.2796594721885568
2020-04-02,30.298,297876301,32.0687,32.9507,29.76,Tesla,33.75174285714286,39.77057666666666,-0.0562546723149763,0.0525455041782359,2,4,2020,3,2,32.104,34.9334,33.6667,32.618302119692935,3.190699999999996,1.7707000000000015,1.973467356251549
2020-04-03,32.0007,338431031,33.9667,34.366,31.226,Tesla,33.187557142857145,38.83504333333334,0.0561984289392041,0.049641337334344,3,4,2020,4,2,30.298,32.104,35.95,32.4639015897697,3.1400000000000006,1.966000000000001,1.7969009626364554
2020-04-06,34.416,223527488,34.08,34.7334,33.1973,Tesla,33.07402857142857,38.129376666666666,0.075476473952132,0.0601446410936952,6,4,2020,0,2,32.0007,30.298,35.2107,32.95192619232727,1.5361000000000047,-0.3359999999999985,1.6682756613884175
2020-04-07,36.3634,268796566,36.3334,37.6667,35.4894,Tesla,33.370128571428566,37.56390999999999,0.0565841469084147,0.0626202728549111,7,4,2020,1,2,34.416,32.0007,34.2907,33.80479464424545,2.1772999999999954,-0.030000000000001137,2.0585112198822135
2020-04-08,36.5894,189840205,36.9467,37.1472,35.5554,Tesla,33.81498571428571,37.052890000000005,0.0062150403977625,0.0609180301001737,8,4,2020,2,2,36.3634,34.416,33.4754,34.50094598318408,1.5917999999999992,0.35730000000000217,2.394164849816161
2020-04-09,38.2,204749898,37.4727,38.3455,37.1407,Tesla,34.281642857142856,36.81733333333333,0.044018212925055,0.0609552725081787,9,4,2020,3,2,36.5894,36.3634,34.9334,35.42570948738806,1.2047999999999988,-0.7272999999999996,2.9110499113190205
2020-04-13,43.3967,337131131,39.344,43.4667,38.702,Tesla,35.894885714285714,36.77946666666666,0.1360392670157069,0.0594877753939937,13,4,2020,0,2,38.2,36.5894,32.104,37.418457115541045,4.764700000000005,-4.0527000000000015,4.300572446558157
2020-04-14,47.326,458647421,46.598,49.4587,46.162,Tesla,38.32745714285714,36.704510000000006,0.090543751022543,0.0404938607559264,14,4,2020,1,2,43.3967,38.2,30.298,39.895342836655786,3.2967000000000013,-0.7280000000000015,5.305546752175854
2020-04-15,48.6554,353654823,49.4667,50.2087,47.3334,Tesla,40.706700000000005,36.66966666666666,0.0280902675062333,0.0429950078885771,15,4,2020,2,2,47.326,43.3967,32.0007,42.08535712749184,2.875300000000003,0.8113000000000028,5.714104329639065
2020-04-16,49.6807,309867745,47.796,50.63,47.1144,Tesla,42.88737142857143,36.66013333333333,0.0210726866904804,0.0451075577810839,16,4,2020,3,2,48.6554,47.326,34.416,43.98419284561888,3.515599999999999,-1.8847000000000023,5.824923520160085
2020-04-17,50.2594,196923352,51.4854,51.6634,49.844,Tesla,44.87251428571428,36.72535666666667,0.0116483865968071,0.0478979118649859,17,4,2020,4,2,49.6807,48.6554,36.3634,45.55299463421416,1.8194000000000017,1.225999999999999,5.594304559230612
2020-04-20,49.7574,221195439,48.8467,51.038,47.4807,Tesla,46.75365714285714,36.82064666666667,-0.009988181315336,0.0505831572179043,20,4,2020,0,2,50.2594,49.6807,36.5894,46.60409597566062,3.557299999999998,-0.9106999999999985,4.43957013754601
2020-04-21,45.7814,303136198,48.6747,50.222,44.9194,Tesla,47.83671428571428,36.99558,-0.0799077122196899,0.0695059117306048,21,4,2020,1,2,49.7574,50.2594,38.2,46.398421981745464,5.302599999999998,2.8933000000000035,2.5109042875881196
2020-04-22,48.8074,213372343,46.932,48.9334,45.914,Tesla,48.609671428571424,37.188426666666665,0.0660967117650399,0.0549187277689359,22,4,2020,2,2,45.7814,49.7574,43.3967,47.0006664863091,3.0193999999999974,-1.875399999999999,1.574489691629472
2020-04-23,47.042,198550401,48.5067,48.9334,46.8754,Tesla,48.5691,37.34709333333333,-0.036170744600204,0.0474882605365875,23,4,2020,3,2,48.8074,45.7814,47.326,47.01099986473182,2.058,1.4647000000000006,1.616187170472482
2020-04-24,48.3434,198564051,47.3874,48.7154,46.5454,Tesla,48.524528571428576,37.71287333333334,0.0276646401088389,0.0474467332196388,24,4,2020,4,2,47.042,48.8074,48.6554,47.34409989854887,2.1700000000000017,-0.9560000000000031,1.6177119816933208
2020-04-27,53.25,310221445,49.174,53.2994,49.0,Tesla,49.03442857142857,38.27316,0.1014947231680021,0.061142952876511,27,4,2020,0,2,48.3434,47.042,49.6807,48.82057492391165,4.299399999999999,-4.0760000000000005,2.410923547601793
2020-04-28,51.2747,228329286,53.0427,53.6667,50.446,Tesla,49.17947142857143,38.993273333333335,-0.0370948356807511,0.0638455041075399,28,4,2020,1,2,53.25,48.3434,50.2594,49.43410619293374,3.220700000000001,1.7680000000000007,2.5247545482774147
2020-04-29,53.3674,243239578,52.678,53.5467,52.2107,Tesla,49.69518571428571,39.816186666666674,0.0408135006153131,0.064793178049086,29,4,2020,2,2,51.2747,53.25,49.7574,50.417429644700306,1.3359999999999985,-0.6894000000000062,2.9885706976348745
2020-04-30,52.1254,427077536,57.0127,57.988,50.9,Tesla,50.60147142857143,40.75099,-0.0232726346046463,0.0540766548474562,30,4,2020,3,2,53.3674,51.2747,45.7814,50.844422233525236,7.088000000000001,4.887300000000003,2.53074676641386
2020-05-01,46.7547,487976906,50.3334,51.518,45.536,Tesla,50.30822857142857,41.35916999999999,-0.1030342213201241,0.0663941598361273,1,5,2020,4,2,52.1254,53.3674,48.8074,49.821991675143934,5.981999999999999,3.5786999999999978,2.869526490970395
2020-05-04,50.746,288556206,46.7334,50.8,46.5334,Tesla,50.83737142857143,42.10063666666667,0.0853668187369398,0.0722794650177387,4,5,2020,0,2,46.7547,52.1254,47.042,50.05299375635796,4.266599999999997,-4.012599999999999,2.4822215619039505
2020-05-05,51.214,254874773,52.6527,53.2614,50.812,Tesla,51.24745714285714,42.84268,0.0092224017656563,0.0719971057390742,5,5,2020,1,2,50.746,46.7547,48.3434,50.34324531726847,2.4494000000000042,1.4387000000000043,2.2253579051897305
2020-05-06,52.172,166848367,51.7667,52.6534,50.7407,Tesla,51.09345714285714,43.45952333333333,0.0187058226266254,0.0604284034664086,6,5,2020,2,2,51.214,50.746,53.25,50.80043398795135,1.912700000000001,-0.4052999999999969,2.097295736464083
2020-05-07,52.0027,172915264,51.814,53.0934,51.49,Tesla,51.19745714285715,43.99461333333333,-0.0032450356513071,0.0584098244952521,7,5,2020,3,2,52.172,51.214,51.2747,51.101000490963514,1.6034000000000006,-0.1886999999999972,2.1256394346620557
2020-05-08,54.628,241951229,52.918,54.9334,52.4674,Tesla,51.37754285714286,44.64185666666666,0.0504839171812232,0.059542590690903,8,5,2020,4,2,52.0027,52.172,53.3674,51.98275036822264,2.466000000000001,-1.7100000000000009,2.3784804069385204
2020-05-11,54.086,247793876,52.7007,54.9334,52.3334,Tesla,51.657628571428575,45.3017,-0.0099216519001245,0.0586979823008609,11,5,2020,0,2,54.628,52.0027,52.1254,52.50856277616698,2.6000000000000014,-1.3853000000000009,2.5874803707559955
2020-05-12,53.9607,238603531,55.1334,56.2194,53.8667,Tesla,52.68705714285714,45.984543333333335,-0.0023166808416225,0.0347461314825829,12,5,2020,1,2,54.086,54.628,46.7547,52.87159708212524,2.3526999999999987,1.172699999999999,1.5284902767732882
2020-05-13,52.7307,285982207,54.722,55.0667,50.8867,Tesla,52.97058571428572,46.57778666666666,-0.0227943670115473,0.0237605973515714,13,5,2020,2,2,53.9607,54.086,50.746,52.83637281159393,4.18,1.9913000000000025,1.2707725910229795
2020-05-14,53.5554,205232747,52.0,53.5574,50.9334,Tesla,53.305071428571424,47.29283333333333,0.0156398454790094,0.0240398140840299,14,5,2020,3,2,52.7307,53.9607,51.214,53.016129608695444,2.6240000000000023,-1.5553999999999988,1.013445229097746
2020-05-15,53.278,157776371,52.69,53.6699,52.4368,Tesla,53.46307142857143,48.05883333333334,-0.0051796830945152,0.0237366968044128,15,5,2020,4,2,53.5554,52.7307,52.172,53.08159720652158,1.2331000000000003,-0.588000000000001,0.8854905791222866
2020-05-18,54.242,175471412,55.1854,55.648,53.592,Tesla,53.78297142857143,48.80021,0.0180937722887495,0.0241322658334423,18,5,2020,0,2,53.278,53.5554,52.0027,53.371697904891185,2.0560000000000045,0.943400000000004,0.6406057464470656
2020-05-19,53.8674,144547758,54.3447,54.8047,53.7387,Tesla,53.67431428571428,49.44859,-0.0069060875336454,0.014400858827017,19,5,2020,1,2,54.242,53.278,54.628,53.49562342866839,1.0659999999999954,0.4772999999999996,0.5279937828819096
2020-05-20,54.3707,109639010,54.7,55.0667,54.12,Tesla,53.71498571428571,50.04883333333334,0.0093433133954858,0.0144557993996888,20,5,2020,2,2,53.8674,54.242,54.086,53.71439257150129,0.9466999999999999,0.3293000000000035,0.5739560651843933
2020-05-21,55.1734,183818608,54.4,55.5,53.0667,Tesla,53.88822857142857,50.6683,0.0147634663522817,0.0152536478196184,21,5,2020,3,2,54.3707,53.8674,53.9607,54.079144428625966,2.4333000000000027,-0.7734000000000023,0.7992765994203813
2020-05-22,54.4587,149812050,54.8116,55.452,54.1334,Tesla,54.13508571428572,51.21025666666666,-0.0129537059525061,0.0126877132619432,22,5,2020,4,2,55.1734,54.3707,52.7307,54.17403332146947,1.3185999999999964,0.3528999999999982,0.6314077668949813
2020-05-26,54.5914,121345979,55.6334,55.64,54.3804,Tesla,54.28308571428572,51.583413333333326,0.0024367089188688,0.0117333829777823,26,5,2020,1,2,54.4587,55.1734,53.5554,54.278374991102105,1.259599999999999,1.0420000000000016,0.593143294740246
2020-05-27,54.682,173242863,54.724,55.1807,52.3334,Tesla,54.48365714285715,51.82861333333333,0.0016596020618633,0.0112322518601082,27,5,2020,2,2,54.5914,54.4587,53.278,54.379281243326574,2.847300000000004,0.041999999999994486,0.4037835305258209
2020-05-28,53.7207,109136555,54.234,54.9834,53.446,Tesla,54.40918571428572,51.99745666666667,-0.0175798251709886,0.0117353059455597,28,5,2020,3,2,54.682,54.5914,54.242,54.21463593249493,1.5374000000000052,0.513300000000001,0.4938168197101571
2020-05-29,55.6667,177187261,53.9167,55.6667,53.614,Tesla,54.666228571428576,52.19699,0.0362243976716609,0.0179763301624381,29,5,2020,4,2,53.7207,54.682,53.8674,54.577651949371194,2.0527000000000015,-1.75,0.6175817778894146
2020-06-01,59.8734,226279387,57.2,59.9334,56.94,Tesla,55.45232857142857,52.51745666666667,0.075569415826697,0.0323894024565997,1,6,2020,0,2,55.6667,53.7207,54.3707,55.9015889620284,2.993400000000001,-2.673399999999994,2.040835947771017
2020-06-02,58.7707,203483898,59.6467,60.5774,58.0667,Tesla,55.96622857142857,52.8179,-0.0184171936118543,0.0346591763198923,2,6,2020,1,2,59.8734,55.6667,55.1734,56.6188667215213,2.5107,0.8760000000000048,2.383107338269608
2020-06-03,58.864,119241975,59.208,59.8627,58.6734,Tesla,56.59555714285714,53.25398666666667,0.0015875257568822,0.0335011368855444,3,6,2020,2,2,58.7707,59.8734,54.4587,57.180150041140976,1.1892999999999958,0.3440000000000012,2.4975741302693466
2020-06-04,57.6254,133315628,59.3254,59.7167,57.2294,Tesla,57.02898571428572,53.54792,-0.0210417232943734,0.0356805447245935,4,6,2020,3,2,58.864,58.7707,54.5914,57.29146253085574,2.4873000000000047,1.7000000000000028,2.350750496776608
2020-06-05,59.044,117178696,58.5227,59.1014,57.7467,Tesla,57.65212857142857,53.947986666666665,0.0246176165371518,0.0360234254750124,5,6,2020,4,2,57.6254,58.864,54.682,57.72959689814181,1.3547000000000011,-0.5212999999999965,2.1981036855392464
2020-06-08,63.328,212620844,61.2667,63.3334,60.6107,Tesla,59.0246,54.44747333333333,0.0725560598875416,0.0397824033506373,8,6,2020,0,2,59.044,57.6254,53.7207,59.129197673606356,2.722699999999996,-2.061300000000003,2.3296494722025627
2020-06-09,62.7114,170822165,62.6674,63.6294,61.5954,Tesla,60.030985714285706,54.762853333333325,-0.0097366093986862,0.0412784129442252,9,6,2020,1,2,63.328,59.044,55.6667,60.02474825520476,2.033999999999999,-0.04399999999999693,2.152166209836568
2020-06-10,68.3367,278451011,66.1254,68.4987,65.5,Tesla,61.24002857142857,55.33158666666667,0.0897013940049176,0.0447684009857864,10,6,2020,2,2,62.7114,63.328,59.8734,62.102736191403565,2.9986999999999995,-2.2112999999999943,3.7973341634689013
2020-06-11,64.856,238747081,66.0134,67.9307,64.8,Tesla,62.10935714285714,55.71453999999999,-0.0509345637117391,0.050700470598998,11,6,2020,3,2,68.3367,62.7114,58.7707,62.791052143552676,3.1307000000000045,1.1574000000000098,3.83418876941711
2020-06-12,62.352,251450424,65.3334,65.8654,60.84,Tesla,62.60764285714286,56.05542666666667,-0.0386086098433452,0.0546298011525429,12,6,2020,4,2,64.856,68.3367,58.864,62.681289107664504,5.0253999999999905,2.9814000000000007,3.5588980765855487
2020-06-15,66.06,235457582,61.186,66.5894,60.5667,Tesla,63.81258571428571,56.69893666666667,0.0594688221709007,0.0555927943052653,15,6,2020,0,2,62.352,64.856,57.6254,63.52596683074838,6.0227,-4.874000000000002,2.9700546585479657
2020-06-16,65.4754,210766095,67.4567,67.5254,64.1594,Tesla,64.73135714285715,57.18991666666667,-0.0088495307296398,0.0566596062631138,16,6,2020,1,2,66.06,62.352,59.044,64.01332512306128,3.3659999999999997,1.9813000000000045,2.1230443203548703
2020-06-17,66.1194,148361926,65.8474,67.0,65.5048,Tesla,65.13012857142857,57.68676333333333,0.0098357551080254,0.0509377347678538,17,6,2020,2,2,65.4754,66.06,63.328,64.53984384229595,1.495199999999997,-0.27200000000000557,2.0771785452984637
2020-06-18,66.9307,146278967,66.8667,67.9467,66.2981,Tesla,65.73288571428571,58.17872,0.0122702262875948,0.0503894706278834,18,6,2020,3,2,66.1194,65.4754,62.7114,65.13755788172196,1.6486000000000018,-0.06400000000000716,1.8590598254931348
2020-06-19,66.7267,130196170,67.5187,67.7314,66.0894,Tesla,65.50288571428571,58.66952,-0.003047928678469,0.0362859504499402,19,6,2020,4,2,66.9307,66.1194,68.3367,65.53484341129146,1.641999999999996,0.7920000000000016,1.5585323549510353
2020-06-22,66.288,95435202,66.6634,67.2587,66.0014,Tesla,65.70745714285714,59.05818666666666,-0.0065745795910782,0.0297757904130688,22,6,2020,0,2,66.7267,66.9307,64.856,65.72313255846859,1.2573000000000008,0.37539999999999907,1.5534443256382908
2020-06-23,66.7854,95479017,66.592,67.4667,66.2674,Tesla,66.3408,59.4815,0.007503620564808,0.0233052018234818,23,6,2020,1,2,66.288,66.7267,62.352,65.98869941885144,1.199300000000008,-0.1933999999999969,0.5122078972455509
2020-06-24,64.0567,164393768,66.274,66.7257,63.5428,Tesla,66.05461428571428,59.81803333333333,-0.0408577323786335,0.0181549086171873,24,6,2020,2,2,66.7854,66.288,66.06,65.50569956413858,3.1829000000000036,2.2172999999999945,1.0115244195911657
2020-06-25,65.732,138818166,63.618,65.732,62.4767,Tesla,66.09127142857143,60.25141,0.0261533922290719,0.0212347484717316,25,6,2020,3,2,64.0567,66.7854,65.4754,65.56227467310393,3.2552999999999983,-2.113999999999997,0.9914866341585052
2020-06-26,63.9827,132823554,66.3187,66.3334,63.658,Tesla,65.78602857142857,60.59898666666666,-0.0266126087750258,0.0230297142836846,26,6,2020,4,2,65.732,64.0567,66.1194,65.16738100482794,2.6753999999999962,2.3360000000000056,1.2709146518872096
2020-06-29,67.29,135395992,64.6007,67.3334,63.2347,Tesla,65.83735714285714,61.06605333333333,0.0516905350977687,0.0311784690128896,29,6,2020,0,2,63.9827,65.732,66.9307,65.69803575362096,4.098700000000001,-2.689300000000003,1.330699022891523
2020-06-30,71.9874,253777373,67.1,72.5127,66.9154,Tesla,66.58888571428572,61.65756666666666,0.0698082924654479,0.0403451137715095,30,6,2020,1,2,67.29,63.9827,66.7267,67.27037681521571,5.59729999999999,-4.8873999999999995,2.6988605437781747
2020-07-01,74.642,199903400,72.2,75.6887,72.0334,Tesla,67.78231428571429,62.350053333333335,0.0368758977265466,0.0404275576242783,1,7,2020,2,3,71.9874,67.29,66.288,69.11328261141179,3.655299999999997,-2.441999999999993,4.051652021266069
2020-07-02,80.5774,258751671,81.432,81.8667,79.04,Tesla,69.7526,63.22361,0.0795182337022051,0.0461327281582087,2,7,2020,3,3,74.642,71.9874,66.7854,71.97931195855884,2.826699999999988,0.8546000000000049,6.245551808821039
2020-07-06,91.4387,308547746,85.1127,91.8527,84.403,Tesla,73.6643142857143,64.43245333333333,0.1347933787885933,0.0499938101286791,6,7,2020,0,3,80.5774,74.642,64.0567,76.84415896891913,7.449699999999993,-6.325999999999993,9.702015256366252
2020-07-07,92.6574,322344739,93.6674,95.3,89.114,Tesla,77.5108,65.70574333333333,0.0133280547514345,0.0513653699335317,7,7,2020,1,3,91.4387,80.5774,65.732,80.79746922668934,6.185999999999993,1.0100000000000051,11.247385835384243
2020-07-08,91.0587,244669528,93.6667,94.484,87.4227,Tesla,81.37879999999998,66.92132,-0.0172538836617474,0.0490685719773895,8,7,2020,2,3,92.6574,91.4387,63.9827,83.36277692001701,7.061299999999989,2.608000000000004,10.446915538250318
2020-07-09,92.952,175763912,93.1327,93.904,90.0854,Tesla,85.0448,68.19698666666666,0.0207920824698792,0.0505401251541133,9,7,2020,3,3,91.0587,92.6574,67.29,85.76008269001275,3.8185999999999893,0.18070000000000164,9.093917806057876
2020-07-10,102.9767,350063075,93.0667,103.2611,91.7341,Tesla,89.47184285714286,69.83885333333333,0.1078481366726913,0.0550833716632876,10,7,2020,4,3,92.952,91.0587,71.9874,90.06423701750957,11.527000000000001,-9.909999999999997,9.220108730533541
2020-07-13,99.804,584780108,110.6001,119.6661,98.0741,Tesla,93.06641428571427,71.31009666666667,-0.0308098822354959,0.0637828253350368,13,7,2020,0,3,102.9767,92.952,74.642,92.49917776313217,21.592,10.796099999999996,7.146619897879416
2020-07-14,101.1201,351271924,103.7334,106.0001,95.4,Tesla,96.00108571428572,72.68498666666666,0.0131868462185884,0.0625472405745801,14,7,2020,1,3,99.804,102.9767,80.5774,94.65440832234913,10.600099999999998,2.6133000000000095,5.083393826775542
2020-07-15,103.0674,245517327,102.8667,103.3334,97.1334,Tesla,97.66232857142856,74.16154333333334,0.0192572989939687,0.044257355814338,15,7,2020,2,3,101.1201,99.804,91.4387,96.75765624176185,6.200000000000003,-0.20070000000001187,5.24157571973533
2020-07-16,100.0427,214511743,98.4774,102.1141,97.7334,Tesla,98.71737142857144,75.53416666666666,-0.0293468157729797,0.0478125902330503,16,7,2020,3,3,103.0674,101.1201,92.6574,97.57891718132137,4.38069999999999,-1.5652999999999935,4.790089530727554
2020-07-17,100.0561,139949510,100.8967,102.5007,99.3334,Tesla,100.00271428571428,76.94852333333333,0.0001339428064217,0.0464752730211398,17,7,2020,4,3,100.0427,103.0674,91.0587,98.19821288599104,3.1672999999999973,0.8405999999999949,3.397105350848986
2020-07-20,109.5334,256820422,101.2674,110.0001,99.2,Tesla,102.37148571428573,78.63150333333334,0.0947198621573297,0.0556534549250285,20,7,2020,0,3,100.0561,100.0427,92.952,101.03200966449327,10.8001,-8.266000000000005,3.4420391308206133
2020-07-21,104.5574,242359079,109.3287,111.6667,103.8667,Tesla,102.5973,80.00581666666668,-0.0454290654722668,0.0471231463929839,21,7,2020,1,3,109.5334,100.0561,102.9767,101.91335724836995,7.800000000000011,4.7712999999999965,3.5388508624512243
2020-07-22,106.1554,212416094,106.6001,108.4281,104.1334,Tesla,103.50464285714284,81.45395,0.0152834710886078,0.0447556849809356,22,7,2020,2,3,104.5574,109.5334,99.804,102.97386793627746,4.294700000000006,0.44469999999999743,3.5174670303400153
2020-07-23,100.8714,364927318,111.9301,112.6001,98.718,Tesla,103.4691142857143,82.53844,-0.0497760829877708,0.0499593871367854,23,7,2020,3,3,106.1554,104.5574,101.1201,102.4482509522081,13.882099999999994,11.058700000000002,3.546701124721454
2020-07-24,94.4667,290949155,94.4007,97.6667,91.1027,Tesla,102.24044285714284,83.52546333333333,-0.0634937157608598,0.0544250216790894,24,7,2020,4,3,100.8714,106.1554,103.0674,100.45286321415607,6.564000000000007,-0.0660000000000025,4.929320227934969
2020-07-27,102.6401,240729930,95.6667,103.1961,94.2001,Tesla,102.6115,84.86840000000001,0.0865214938173981,0.0646251800039536,27,7,2020,0,3,94.4667,100.8714,100.0427,100.99967241061705,8.995999999999995,-6.973399999999998,4.833133141831679
2020-07-28,98.4327,237130381,100.2667,104.3134,98.2947,Tesla,102.37958571428572,85.94749,-0.0409917761186905,0.0670114542175653,28,7,2020,1,3,102.6401,94.4667,100.0561,100.35792930796279,6.0186999999999955,1.8340000000000032,5.011833769998791
2020-07-29,99.9407,141403324,100.0667,102.3207,99.1334,Tesla,101.0092,87.09633333333333,0.015320112117213,0.053593575221741,29,7,2020,2,3,98.4327,102.6401,109.5334,100.2536219809721,3.1873000000000076,0.12599999999999056,3.9229298591747526
2020-07-30,99.166,114315528,99.2,100.8827,98.0667,Tesla,100.239,88.19788666666666,-0.0077515966968413,0.0515039380967576,30,7,2020,3,3,99.9407,98.4327,104.5574,99.98171648572908,2.8160000000000025,0.034000000000006025,3.628394475063509
2020-07-31,95.384,183704308,101.0001,101.1367,94.732,Tesla,98.70022857142858,89.14633,-0.0381380715164471,0.0517107774543076,31,7,2020,4,3,99.166,99.9407,106.1554,98.83228736429682,6.404700000000005,5.616100000000003,2.915018361128929
2020-08-03,99.0,132140124,96.6134,100.6541,96.2923,Tesla,98.43288571428572,90.22210666666666,0.0379099219994967,0.0522304049931342,3,8,2020,0,3,95.384,99.166,100.8714,98.87421552322262,4.361800000000002,-2.3866000000000014,2.764644774909254
2020-08-04,99.1334,126224787,99.6674,101.8274,97.4667,Tesla,99.09955714285714,91.31695333333332,0.0013474747474746,0.0445994081739874,4,8,2020,1,3,99.0,95.384,94.4667,98.93901164241696,4.360699999999994,0.534000000000006,2.1412029320442834
2020-08-05,99.0014,74670188,99.5327,99.9893,97.8874,Tesla,98.57974285714285,92.39082,-0.0013315391179964,0.0280141673379055,5,8,2020,2,3,99.1334,99.0,102.6401,98.95460873181271,2.1019000000000005,0.5313000000000017,1.4771167205725333
2020-08-06,99.3054,89884650,99.3887,101.1541,98.484,Tesla,98.7044142857143,93.56577666666666,0.0030706636471806,0.0230360361677654,6,8,2020,3,3,99.0014,99.1334,98.4327,99.04230654885954,2.670100000000005,0.08329999999999416,1.499299768147251
2020-08-07,96.8474,133446233,99.9692,99.9834,94.334,Tesla,98.26251428571427,94.60295666666666,-0.0247519268841373,0.0239857258955359,7,8,2020,4,3,99.3054,99.0014,99.9407,98.49357991164466,5.6494,3.1218000000000075,1.5297368612824724
2020-08-10,94.5714,112833904,96.5334,97.1667,92.3894,Tesla,97.60614285714284,95.62258,-0.0235008890274802,0.025084070843085,10,8,2020,0,3,96.8474,99.3054,99.166,97.5130349337335,4.777300000000011,1.9620000000000033,1.9930229659643934
2020-08-11,91.626,129387445,93.0667,94.6667,91.0,Tesla,97.06928571428573,96.43378,-0.0311447224002181,0.0237151873341136,11,8,2020,1,3,94.5714,96.8474,95.384,96.04127620030013,3.666700000000006,1.4406999999999925,2.9619679220803277
2020-08-12,103.6507,328482286,98.0,105.6667,95.6667,Tesla,97.7336714285714,97.48922333333331,0.131236766856569,0.0561843275263028,12,8,2020,2,3,91.626,94.5714,99.0,97.94363215022511,10.0,-5.6507000000000005,3.8543702800481765
2020-08-13,108.0667,306379497,107.4001,110.0787,104.4841,Tesla,99.00985714285716,98.60338,0.042604632674936,0.0575366460401293,13,8,2020,3,3,103.6507,91.626,99.1334,100.47439911266883,5.5946,-0.6666000000000025,5.515866675285793
2020-08-14,110.0474,188664056,110.9994,111.2534,108.4427,Tesla,100.58785714285716,99.58571333333336,0.0183284952719016,0.0571568942238404,14,8,2020,4,3,108.0667,103.6507,99.0014,102.86764933450162,2.810699999999997,0.9519999999999982,6.915506776768319
2020-08-17,122.3761,303634648,111.8001,123.0574,111.5221,Tesla,103.88367142857145,100.61696,0.1120308158120955,0.0668836419353193,17,8,2020,0,3,110.0474,108.0667,99.3054,107.74476200087622,11.535300000000007,-10.575999999999993,10.677011845661037
2020-08-18,125.8061,247117226,126.5994,128.2601,123.0074,Tesla,108.02062857142856,101.72191666666666,0.0280283486726575,0.0622166174257525,18,8,2020,1,3,122.3761,110.0474,96.8474,112.26009650065717,5.25269999999999,0.7933000000000021,12.879404423046378
2020-08-19,125.2354,183079858,124.3334,127.4001,122.7474,Tesla,112.4012,102.86114,-0.0045363460118388,0.0593552622346702,19,8,2020,2,3,125.8061,122.3761,94.5714,115.50392237549289,4.652699999999996,-0.902000000000001,12.756796316996658
2020-08-20,133.4554,309176845,124.0454,134.7994,123.8041,Tesla,118.37682857142856,104.21125333333332,0.0656363935436785,0.0498970134846395,20,8,2020,3,3,125.2354,125.8061,91.626,119.99179178161967,10.995299999999986,-9.409999999999997,11.09150244161664
2020-08-21,136.6654,322343239,136.3174,139.6994,135.0034,Tesla,123.0932142857143,105.33421,0.0240529794972703,0.0380740951971694,21,8,2020,4,3,133.4554,125.2354,103.6507,124.16019383621475,4.695999999999998,-0.3480000000000132,10.801477377567512
2020-08-24,134.2801,300954150,141.7517,141.9334,128.5014,Tesla,126.83798571428572,106.48341333333332,-0.0174535763990008,0.0439357791733645,24,8,2020,0,3,136.6654,133.4554,108.0667,126.69017037716107,13.432000000000016,7.471599999999995,9.139826496061245
2020-08-25,134.8894,159883270,131.6594,135.1967,131.2001,Tesla,130.38684285714285,107.60905666666667,0.0045375301329086,0.0449637762477875,25,8,2020,1,3,134.2801,136.6654,110.0474,128.7399777828708,3.996600000000001,-3.2299999999999898,5.714883558119577
2020-08-26,143.5447,213590593,137.3334,144.4001,136.9087,Tesla,133.41092857142857,108.9583,0.0641659018425466,0.0323337018887791,26,8,2020,2,3,134.8894,134.2801,122.3761,132.4411583371531,7.491399999999999,-6.211299999999994,6.336414694898296
2020-08-27,149.2501,355395422,145.3641,153.0401,142.8334,Tesla,136.76007142857142,110.59854666666666,0.0397465040506546,0.0329060946930449,27,8,2020,3,3,143.5447,134.8894,125.8061,136.64339375286482,10.206699999999984,-3.8859999999999957,7.696639265661576
2020-08-28,147.5601,301217549,153.0081,154.5661,145.7681,Tesla,139.94931428571428,112.18201333333332,-0.0113232754952927,0.0340085760553718,28,8,2020,4,3,149.2501,143.5447,125.2354,139.3725703146486,8.798000000000002,5.4480000000000075,6.683976006198579
2020-08-31,166.1067,355123236,148.2033,166.7133,146.7033,Tesla,144.6137857142857,114.06779,0.1256884483000484,0.0500131575710868,31,8,2020,0,3,147.5601,149.2501,133.4554,146.05610273598646,20.00999999999999,-17.903399999999976,11.238253572869118
2020-09-01,158.35,270358287,167.38,167.4966,156.8367,Tesla,147.71158571428572,115.86087666666668,-0.0466970928927008,0.0584983499182456,1,9,2020,1,3,166.1067,147.5601,136.6654,149.12957705198986,10.659899999999993,9.030000000000001,11.662777354820157
2020-09-02,149.1233,288528419,159.6633,159.68,135.0402,Tesla,149.83204285714285,117.29314,-0.0582677612882853,0.0648525151329429,2,9,2020,2,3,158.35,166.1067,134.2801,149.1280077889924,24.639800000000008,10.539999999999992,10.051832445191344
2020-09-03,135.6667,262788296,135.7433,143.9333,134.0,Tesla,149.9430857142857,118.45298333333334,-0.0902380781541181,0.0766653427010696,3,9,2020,3,3,149.1233,158.35,134.8894,145.7626808417443,9.933300000000003,0.07660000000001332,9.86174479262026
2020-09-04,139.44,330965733,134.27,142.6667,124.0067,Tesla,149.35670000000002,119.95209333333334,0.0278130152793574,0.0729984301953576,4,9,2020,4,3,135.6667,149.1233,143.5447,144.18201063130823,18.659999999999997,-5.1699999999999875,10.412273162475659
2020-09-08,110.07,346397135,118.6667,122.9133,109.96,Tesla,143.75954285714286,120.19975666666666,-0.2106282271944922,0.1039646293927181,8,9,2020,1,3,139.44,135.6667,149.2501,135.65400797348116,12.953300000000013,8.596700000000013,18.14124605798071
2020-09-09,122.0933,238397334,118.8667,123.0,113.8367,Tesla,140.12142857142857,120.98844333333334,0.1092332152266739,0.1180824059172256,9,9,2020,2,3,110.07,139.44,147.5601,132.26383098011087,9.163300000000007,-3.226600000000005,19.735583629890215
2020-09-10,123.78,254791855,128.7367,132.9967,120.1867,Tesla,134.07475714285712,121.78308666666666,0.0138148448768278,0.1014002910402931,10,9,2020,3,3,122.0933,110.07,166.1067,130.14287323508316,12.810000000000002,4.956700000000012,16.69746425986691
2020-09-11,124.24,182152398,127.3133,127.5,120.1667,Tesla,129.2019,122.61888666666664,0.0037162708030376,0.1023350515039002,11,9,2020,4,3,123.78,122.0933,158.35,128.66715492631238,7.333299999999994,3.0733000000000033,13.000344555690639
2020-09-14,139.8733,249061855,126.9833,140.0,124.4333,Tesla,127.88047142857144,124.10186333333333,0.1258314552479074,0.1163264434243538,14,9,2020,0,3,124.24,123.78,149.1233,131.46869119473428,15.566699999999997,-12.89,10.945677511498443
2020-09-15,149.92,291894719,145.52,153.98,143.5667,Tesla,129.91665714285713,125.79919666666666,0.0718271464246571,0.1121029183688977,15,9,2020,1,3,139.8733,124.24,135.6667,136.0815183960507,10.413299999999992,-4.399999999999977,13.631704684039546
2020-09-16,147.2533,217640302,146.6233,152.5967,145.1033,Tesla,131.03284285714287,127.40319333333332,-0.0177874866595516,0.1129108242132931,16,9,2020,2,3,149.92,139.8733,139.44,138.87446379703803,7.493400000000008,-0.6299999999999955,14.810380751898279
2020-09-17,141.1433,230337503,138.5333,145.93,136.0,Tesla,135.47188571428572,128.80792333333335,-0.041493127828035,0.0647101268286298,17,9,2020,3,3,147.2533,149.92,110.07,139.44167284777853,9.930000000000007,-2.6100000000000136,11.838701510080003
2020-09-18,147.3833,259220486,149.3133,150.3333,142.9333,Tesla,139.08474285714286,130.41052,0.0442103875989861,0.0569632507714946,18,9,2020,4,3,141.1433,147.2533,122.0933,141.4270796358339,7.400000000000006,1.9300000000000068,10.89690474475202
2020-09-21,149.7967,328430433,151.0433,151.8933,135.69,Tesla,142.8014142857143,132.17549666666667,0.0163749895680174,0.0568607132307837,21,9,2020,0,3,147.3833,141.1433,123.78,143.51948472687542,16.203300000000013,1.2466000000000008,9.09460045346159
2020-09-22,141.41,238742424,143.2,145.92,139.2,Tesla,145.25427142857143,133.73678333333334,-0.0559872146716181,0.0651507533264096,22,9,2020,1,3,149.7967,147.3833,124.24,142.99211354515657,6.719999999999999,1.789999999999992,4.31209385979976
2020-09-23,126.7867,285222569,135.0533,137.3833,125.2934,Tesla,143.38475714285713,134.90880666666666,-0.103410649883318,0.0608072449556215,23,9,2020,2,3,141.41,149.7967,139.8733,138.94076015886742,12.089899999999986,8.266600000000011,8.1567525813197
2020-09-24,129.2633,289683209,121.2667,133.1667,117.1,Tesla,140.4338,135.76256,0.0195335946120531,0.0511989392894619,24,9,2020,3,3,126.7867,141.41,149.92,136.52139511915055,16.066699999999997,-7.996599999999987,9.082444533825047
2020-09-25,135.78,201625400,131.1567,136.2441,130.4333,Tesla,138.79475714285715,136.68633666666668,0.0504141546749929,0.0577186880827847,25,9,2020,4,3,129.2633,126.7867,147.2533,136.33604633936292,5.8108,-4.6233,8.672675827344113
2020-09-28,140.4,149158695,141.54,142.6933,138.5167,Tesla,138.6885714285714,137.69808999999998,0.0340256296950951,0.0579196515088936,28,9,2020,0,3,135.78,129.2633,141.1433,137.35203475452218,4.176600000000008,1.1399999999999864,8.64363021029876
2020-09-29,139.69,151024215,138.6667,142.8333,137.2,Tesla,137.5895285714286,138.27522,-0.00505698005698,0.0546580647121505,29,9,2020,1,3,140.4,135.78,147.3833,137.93652606589166,5.63330000000002,-1.023300000000006,7.801958590789196
2020-09-30,143.0033,144436724,140.44,144.6433,140.1567,Tesla,136.61904285714286,138.84846000000002,0.0237189491015821,0.0552333159576106,30,9,2020,2,3,139.69,140.4,149.7967,139.20321954941875,4.48660000000001,-2.563299999999998,6.3103662896485035
2020-10-01,149.3867,152224365,146.92,149.6267,144.8067,Tesla,137.75857142857143,139.65350333333333,0.0446381307284515,0.0528720804255207,1,10,2020,3,4,143.0033,139.69,141.41,141.74908966206405,4.819999999999993,-2.466700000000003,7.851692569910606
2020-10-02,138.3633,214290111,140.4633,146.3767,138.3333,Tesla,139.41237142857145,139.8171,-0.0737910403001069,0.0425407842868064,2,10,2020,4,4,149.3867,143.0033,126.7867,140.90264224654803,8.043399999999991,2.0999999999999943,6.201247323379616
2020-10-05,141.8933,134168383,141.1167,144.5467,139.7767,Tesla,141.21665714285714,139.99136333333334,0.0255125455955445,0.0427450550538752,5,10,2020,0,4,138.3633,149.3867,129.2633,141.15030668491102,4.769999999999982,-0.776600000000002,4.30302291684181
2020-10-06,137.9933,147438795,141.2633,142.9266,135.35,Tesla,141.53284285714287,140.11513666666667,-0.0274854415254279,0.0418798062818589,6,10,2020,1,4,141.8933,138.3633,135.78,140.36105501368326,7.576600000000013,3.269999999999982,3.8993378471477875
2020-10-07,141.7667,129383143,139.9567,143.3,137.9483,Tesla,141.72808571428573,140.34438,0.0273448058710095,0.0411264008351442,7,10,2020,2,4,137.9933,141.8933,140.4,140.71246626026243,5.351700000000022,-1.8099999999999739,3.8672456108670663
2020-10-08,141.9733,121263372,146.1467,146.3333,141.7667,Tesla,142.0542714285714,140.292,0.0014573238990538,0.0410103170135259,8,10,2020,3,4,141.7667,137.9933,139.69,141.02767469519682,4.566600000000022,4.173400000000015,3.7615397670443866
2020-10-09,144.6667,86776989,143.3767,144.8633,142.1534,Tesla,142.2919,140.13922,0.0189711727486787,0.0406493052636633,9,10,2020,4,4,141.9733,141.7667,143.0033,141.93743102139763,2.7099000000000046,-1.289999999999992,3.8820944724906012
2020-10-12,147.4333,116373402,147.3333,149.58,146.1933,Tesla,142.01284285714286,140.1349933333333,0.0191239587271985,0.0372283927688987,12,10,2020,0,4,144.6667,141.9733,149.3867,143.31139826604823,3.386700000000019,-0.09999999999999432,3.3160378379725826
2020-10-13,148.8833,103391020,147.7833,149.63,145.5333,Tesla,143.51569999999998,139.56088,0.0098349558749617,0.0190619032317457,13,10,2020,1,4,147.4333,144.6667,138.3633,144.70437369953618,4.0966999999999985,-1.0999999999999943,3.7427842310249417
2020-10-14,153.7667,144136184,149.9267,155.3,149.1167,Tesla,145.2119,139.40810333333332,0.0328001864547602,0.0201736192461223,14,10,2020,2,4,148.8833,147.4333,141.8933,146.96995527465214,6.183300000000003,-3.839999999999975,5.2656395774881135
2020-10-15,149.6267,107017061,150.1033,152.19,147.5,Tesla,146.8738142857143,139.42488333333333,-0.0269239048506599,0.0199920319737564,15,10,2020,3,4,153.7667,148.8833,137.9933,147.6341414559891,4.689999999999998,0.4765999999999906,4.3667363936283214
2020-10-16,146.5567,98327650,151.48,151.9833,146.2833,Tesla,147.5581,139.78788333333333,-0.0205177284535447,0.0218850730882839,16,10,2020,4,4,149.6267,153.7667,141.7667,147.36478109199183,5.700000000000017,4.923299999999983,3.7671947334866553
2020-10-19,143.61,108863531,148.7467,149.0,142.9567,Tesla,147.79191428571428,139.92688333333334,-0.0201062114526322,0.0238869495351841,19,10,2020,0,4,146.5567,149.6267,141.9733,146.42608581899387,6.043299999999988,5.1366999999999905,3.3952259544010004
2020-10-20,140.6467,94968879,143.9167,143.9167,139.6834,Tesla,147.21762857142858,140.94610666666668,-0.0206343569389318,0.0238553788803572,20,10,2020,1,4,143.61,146.5567,144.6667,144.9812393642454,4.233299999999986,3.269999999999982,4.245465227242329
2020-10-21,140.88,97111390,140.9,144.3167,140.4167,Tesla,146.28144285714285,141.57233,0.001658766256158,0.021893954479756,21,10,2020,2,4,140.6467,143.61,147.4333,143.95592952318404,3.9000000000000057,0.020000000000010232,4.8670279411087325
2020-10-22,141.93,119979582,147.3067,148.41,141.5033,Tesla,145.2881142857143,142.17732999999998,0.0074531516183986,0.0216187321451503,22,10,2020,3,4,140.88,140.6467,148.8833,143.449447142388,6.906700000000001,5.3767,4.956246036881575
2020-10-23,140.21,101150950,140.6133,140.962,135.7934,Tesla,143.35144285714287,142.70966333333334,-0.0121186500387514,0.0128656877784476,23,10,2020,4,4,141.93,140.88,153.7667,142.639585356791,5.168599999999998,0.40330000000000155,3.53629288231794
2020-10-26,140.0933,84717488,137.21,141.92,136.6667,Tesla,141.98952857142856,142.71699666666666,-0.0008323229441552,0.0119127961565354,26,10,2020,0,4,140.21,141.93,149.6267,142.00301401759324,5.253299999999996,-2.8832999999999913,2.355319267613085
2020-10-27,141.56,68059537,141.2533,143.5,140.0333,Tesla,141.2757142857143,142.43833,0.0104694514298684,0.0127755392527768,27,10,2020,1,4,140.0933,140.21,146.5567,141.8922605131949,3.466700000000003,-0.3067000000000064,1.227728064938221
2020-10-28,135.34,76354238,138.8267,139.5333,135.3333,Tesla,140.09428571428572,142.04121999999998,-0.0439389658095507,0.0191147766899877,28,10,2020,2,4,141.56,140.0933,143.61,140.25419538489618,4.199999999999989,3.486699999999985,2.2006550997608514
2020-10-29,136.9433,67965937,136.6533,139.3533,135.4867,Tesla,139.56522857142858,141.90122,0.0118464607654793,0.0195525751921978,29,10,2020,3,4,135.34,141.56,140.6467,139.42647153867213,3.866599999999977,-0.28999999999999204,2.473915129719645
2020-10-30,129.3467,127762933,135.6318,135.8638,126.37,Tesla,137.91761428571428,141.3,-0.0554725934017947,0.0273446138220476,30,10,2020,4,4,136.9433,135.34,140.88,136.9065286540041,9.493799999999993,6.2851,4.479747180898706
2020-11-02,133.5033,87063369,131.3333,135.66,130.7667,Tesla,136.7138,140.75688666666667,0.0321353385900065,0.0315143391923438,2,11,2020,0,4,129.3467,136.9433,141.93,136.05572149050306,4.893300000000011,-2.1699999999999875,4.352232348271541
2020-11-03,141.3,103055170,136.5767,142.59,135.5633,Tesla,136.86951428571427,140.75322,0.058400803575642,0.0401644672100893,3,11,2020,1,4,133.5033,129.3467,140.21,137.3667911178773,7.026700000000005,-4.723300000000023,4.51463630703181
2020-11-04,140.3267,96429190,143.54,145.1333,139.0333,Tesla,136.90285714285716,141.20455333333334,-0.0068881811748054,0.0402956511419886,4,11,2020,2,4,141.3,133.5033,140.0933,138.106768338408,6.099999999999994,3.213300000000004,4.543185417325423
2020-11-05,146.03,85243569,142.7667,146.6667,141.3334,Tesla,137.54142857142855,141.76344333333336,0.0406430137671591,0.0430080053322203,5,11,2020,3,4,140.3267,141.3,141.56,140.087576253806,5.33329999999998,-3.263300000000015,5.516710149994796
2020-11-06,143.3167,65118037,145.3667,145.5233,141.4267,Tesla,138.68095714285712,142.01466666666664,-0.0185804286790385,0.0390614384333708,6,11,2020,4,4,146.03,140.3267,135.34,140.8948571903545,4.096599999999995,2.0500000000000114,5.802619236706694
2020-11-09,140.42,104499100,146.5,150.8333,140.3333,Tesla,139.17762857142858,142.01533333333333,-0.0202118804019351,0.0405067926571662,9,11,2020,0,4,143.3167,146.03,136.9433,140.77614289276585,10.5,6.0800000000000125,5.777836679853088
2020-11-10,136.7867,90852669,140.03,140.03,132.01,Tesla,140.2404857142857,141.91855666666663,-0.0258745192992451,0.0342977549085764,10,11,2020,1,4,140.42,143.3167,129.3467,139.77878216957438,8.02000000000001,3.243300000000005,4.112219715040789
2020-11-11,139.0433,52073165,138.8167,139.565,136.86,Tesla,141.0319142857143,141.78655666666666,0.0164972179312754,0.0329872729856511,11,11,2020,2,4,136.7867,140.42,133.5033,139.5949116271808,2.704999999999984,-0.2265999999999906,2.9754880246390174
2020-11-12,137.2533,59821506,138.35,141.0,136.5067,Tesla,140.4538142857143,141.38211,-0.0128736875491303,0.0239932448049921,12,11,2020,3,4,139.0433,136.7867,141.3,139.0095087203856,4.493300000000005,1.0966999999999985,3.2910948686979795
2020-11-13,136.1667,59491056,136.95,137.5106,133.8867,Tesla,139.85952857142857,141.30889,-0.0079167495426339,0.0240177437235125,13,11,2020,4,4,137.2533,139.0433,140.3267,138.2988065402892,3.6239000000000203,0.783299999999997,3.671484597415037
2020-11-16,136.03,80515928,136.31,137.4833,134.6956,Tesla,138.43095714285715,141.11344666666665,-0.0010039165229089,0.0142918188937548,16,11,2020,0,4,136.1667,137.2533,146.03,137.7316049052169,2.787700000000001,0.28000000000000114,2.6827738144562083
2020-11-17,147.2033,183564858,153.39,154.0,144.3367,Tesla,138.9861857142857,141.42044666666666,0.0821384988605455,0.0369485964716733,17,11,2020,1,4,136.03,136.1667,143.3167,140.0995286789127,9.663299999999992,6.186699999999973,3.960412785906298
2020-11-18,162.2133,234132083,149.45,165.3333,147.8334,Tesla,142.0995142857143,142.10199999999998,0.1019678227322349,0.0499565577187205,18,11,2020,2,4,147.2033,136.03,140.42,145.62797150918453,17.499899999999997,-12.763300000000015,9.692802550420437
2020-11-19,166.4233,187426069,164.0,169.537,162.5233,Tesla,146.3333142857143,142.917,0.0259534822360436,0.0453314594603826,19,11,2020,3,4,162.2133,147.2033,136.7867,150.8268036318884,7.0137,-2.423300000000012,12.920575622165751
2020-11-20,163.2033,98735770,165.9967,167.5,163.02,Tesla,149.78474285714287,143.5348866666667,-0.0193482523180348,0.0488967907956914,20,11,2020,4,4,166.4233,162.2133,139.0433,153.9209277239163,4.47999999999999,2.7933999999999912,13.842646916186201
2020-11-23,173.95,150780915,167.8333,175.3333,167.2633,Tesla,155.02712857142856,144.41877666666667,0.0658485459546465,0.0480122663588997,23,11,2020,0,4,163.2033,166.4233,137.2533,158.92819579293723,8.070000000000022,-6.11669999999998,15.189127573883997
2020-11-24,185.1266,160945486,180.1333,186.6633,175.4,Tesla,162.0214,145.62688666666665,0.0642517964932452,0.044807774313775,24,11,2020,1,4,173.95,163.2033,136.1667,165.47779684470294,11.263299999999987,-4.993300000000005,16.289470849805888
2020-11-25,191.3333,146790495,183.3533,191.3333,181.79,Tesla,169.92187142857142,146.87910666666667,0.0335267865341879,0.0405049802178038,25,11,2020,2,4,185.1266,173.95,136.03,171.94167263352722,9.543300000000016,-7.980000000000018,14.937612646684569
2020-11-27,195.2533,112683251,193.72,199.5933,192.8166,Tesla,176.78615714285715,148.39999333333336,0.0204878084473534,0.0391906833555059,27,11,2020,4,4,191.3333,185.1266,147.2033,177.7695794751454,6.776700000000005,-1.533299999999997,13.750833227100618
2020-11-30,189.2,189009169,200.7366,202.6,184.8366,Tesla,180.6414,149.82143666666667,-0.0310022929189929,0.0373562651652084,30,11,2020,0,4,195.2533,191.3333,162.2133,180.62718460635904,17.76339999999999,11.536600000000021,12.729280769156244
2020-12-01,194.92,121148502,199.1966,199.2833,190.6833,Tesla,184.71235714285717,151.53177,0.0302325581395348,0.0374510388285165,1,12,2020,1,4,189.2,195.2533,166.4233,184.20038845476927,8.599999999999994,4.276600000000002,11.957722325880823
2020-12-02,189.6066,143326964,185.48,190.5133,180.4033,Tesla,188.48425714285716,153.16376666666667,-0.0272593884670634,0.0390425979399907,2,12,2020,2,4,194.92,189.2,163.2033,185.55194134107694,10.109999999999985,-4.126599999999996,7.298929214129243
2020-12-03,197.7933,127656013,196.6733,199.6566,194.1433,Tesla,191.8904428571429,155.0608766666667,0.0431772944612687,0.0356179118876866,3,12,2020,3,4,189.6066,194.92,173.95,188.6122810058077,5.513299999999987,-1.1199999999999761,4.355937450140496
2020-12-04,199.68,88203939,197.0033,199.68,195.1666,Tesla,193.9695,156.98587666666666,0.0095387457512465,0.0295308857542697,4,12,2020,4,4,197.7933,189.6066,185.1266,191.37921075435577,4.5134000000000185,-2.676700000000011,4.05206586159206
2020-12-07,213.92,168929147,201.6399,216.2618,201.0166,Tesla,197.19617142857143,159.44287666666665,0.0713141025641024,0.0368339086039652,7,12,2020,0,4,199.68,197.7933,191.3333,197.01440806576682,15.245199999999983,-12.280099999999976,8.333751323527409
2020-12-08,216.6266,192795109,208.5016,217.0933,206.1666,Tesla,200.2495,161.9939866666667,0.0126523934181002,0.0368165849066067,8,12,2020,1,4,213.92,199.68,195.2533,201.9174560493251,10.926700000000011,-8.125,10.994055698877217
2020-12-09,201.4933,213873591,217.8966,218.1066,196.0,Tesla,202.00568571428568,163.99176333333332,-0.0698589185261643,0.046623419354752,9,12,2020,2,4,216.6266,213.92,189.2,201.81141703699382,22.106599999999986,16.4033,9.85800719050814
2020-12-10,209.0233,201249470,191.4566,209.25,188.78,Tesla,204.02044285714285,166.44787333333335,0.0373709696550703,0.0472147714645658,10,12,2020,3,4,201.4933,216.6266,194.92,203.61438777774538,20.47,-17.566699999999997,9.60648286676967
2020-12-11,203.33,139424924,205.0033,208.0,198.9333,Tesla,205.9809285714286,168.66076333333334,-0.0272376333164771,0.0472118346703708,11,12,2020,4,4,209.0233,201.4933,189.6066,203.54329083330904,9.066699999999997,1.6732999999999834,7.297492653809023
2020-12-14,213.2766,156121966,206.3333,214.2499,203.4,Tesla,208.19282857142855,171.45842666666667,0.0489185068607682,0.047908838264548,14,12,2020,0,4,203.33,209.0233,197.7933,205.9766181249818,10.849899999999991,-6.943299999999994,6.726346741166194
2020-12-15,211.0833,135670694,214.4266,215.6333,207.9333,Tesla,209.82187142857143,174.04442666666665,-0.0102838286056697,0.0486459066440887,15,12,2020,1,4,213.2766,203.33,199.68,207.25328859373636,7.699999999999989,3.3432999999999993,5.609107969400966
2020-12-16,207.59,126287443,209.41,210.8333,201.6666,Tesla,208.9175857142857,176.25409333333334,-0.0165493906907842,0.0405427553326415,16,12,2020,2,4,211.0833,213.2766,213.92,207.33746644530228,9.16670000000002,1.8199999999999932,5.342206426010843
2020-12-17,218.6333,168810437,209.3966,219.6066,206.5,Tesla,209.20425714285716,178.86431333333334,0.0531976492123897,0.0458017836263412,17,12,2020,3,4,207.59,211.0833,216.6266,210.1614248339767,13.106599999999986,-9.236699999999985,5.854143208834249
2020-12-18,231.6666,666378667,222.9666,231.6666,209.5133,Tesla,213.51472857142855,181.71886666666663,0.0596126024718099,0.037170826937566,18,12,2020,4,4,218.6333,207.59,201.4933,215.5377186254825,22.1533,-8.699999999999989,9.31542444259689
2020-12-21,216.62,174135797,222.08,222.8333,215.3566,Tesla,214.59997142857145,184.16231,-0.0649493712084521,0.0480556056159997,21,12,2020,0,4,231.6666,218.6333,209.0233,215.80828896911189,7.476700000000022,5.460000000000008,9.145930888418732
2020-12-22,213.4466,155584936,216.0,216.6266,204.7433,Tesla,216.0452,186.59653,-0.0146496168405503,0.0468197405214889,22,12,2020,1,4,216.62,231.6666,203.33,215.2178667268339,11.883299999999991,2.5534000000000106,7.763005444415073
2020-12-23,215.3266,99518920,210.7333,217.1666,207.5233,Tesla,216.33805714285717,189.21452666666667,0.0088078235961595,0.0432838638127924,23,12,2020,2,4,213.4466,216.62,213.2766,215.24505004512542,9.643299999999982,-4.593299999999999,7.679370677744931
2020-12-24,220.59,68596717,214.33,222.03,213.6666,Tesla,217.69615714285715,191.93275,0.024443798397411,0.0436075979205548,24,12,2020,3,4,215.3266,213.4466,211.0833,216.58128753384406,8.363400000000013,-6.259999999999991,7.4318223449036385
2020-12-28,221.23,96835690,224.8366,227.1333,220.2666,Tesla,219.6447285714286,194.73197333333331,0.0029013101228523,0.0424516142636691,28,12,2020,0,4,220.59,215.3266,207.59,217.74346565038306,6.86669999999998,3.6066000000000145,5.9884196448144795
2020-12-29,221.9966,68732437,220.3333,223.3,218.3333,Tesla,220.1252,197.59297,0.0034651719929486,0.0379190777706738,29,12,2020,1,4,221.23,220.59,218.6333,218.8067492377873,4.966700000000003,-1.6632999999999925,6.028534384631627
2020-12-30,231.5933,128538073,224.0,232.2,222.7867,Tesla,220.11472857142857,200.77841333333333,0.0432290404447635,0.0341461976127331,30,12,2020,2,4,221.9966,221.23,231.6666,222.0033869283405,9.413299999999992,-7.593299999999999,6.00516440316723
2020-12-31,235.2233,148949805,233.33,239.5733,230.3733,Tesla,222.77234285714283,203.7124133333333,0.0156740285664567,0.0183467468926963,31,12,2020,3,4,231.5933,221.9966,216.62,225.30836519625538,9.199999999999989,-1.8932999999999822,7.989445162601128
2021-01-04,243.2566,145914585,239.82,248.1633,239.0631,Tesla,227.0309142857143,206.41385666666667,0.0341518038391603,0.0156081413932753,4,1,2021,0,1,235.2233,231.5933,213.4466,229.79542389719154,9.100200000000001,-3.4365999999999985,9.905172896090706
2021-01-05,245.0366,96735520,241.22,246.9466,239.7333,Tesla,231.2752,209.0343,0.0073173759725326,0.0157788418612815,5,1,2021,1,1,243.2566,235.2233,215.3266,233.60571792289366,7.213299999999975,-3.816599999999994,10.406654258855534
2021-01-06,251.9933,134099923,252.83,258.0,249.7,Tesla,235.76138571428567,211.99396666666664,0.028390452691557,0.0160841589639853,6,1,2021,2,1,245.0366,243.2566,220.59,238.20261344217025,8.300000000000011,0.8367000000000075,11.718758821569772
2021-01-07,272.0133,154496865,259.21,272.33,258.4,Tesla,243.0161428571428,215.26274333333333,0.0794465567140079,0.0260231597374646,7,1,2021,3,1,251.9933,245.0366,221.23,246.6552850816277,13.930000000000007,-12.803300000000036,16.11725503974597
2021-01-08,293.34,225166613,285.3333,294.83,279.4633,Tesla,253.20805714285717,218.8698566666667,0.0784031516106011,0.0284719250561169,8,1,2021,4,1,272.0133,251.9933,221.9966,258.3264638112208,15.36669999999998,-8.006699999999967,22.06860159539384
2021-01-11,270.3966,178662468,283.1333,284.81,267.874,Tesla,258.75138571428573,221.5053,-0.0782143587645735,0.0531517022404589,11,1,2021,0,1,293.34,272.0133,231.5933,261.3439978584156,16.93599999999998,12.736700000000042,20.555971946163467
2021-01-12,283.1466,138812174,277.0,289.3333,275.78,Tesla,265.5975714285714,224.43507666666665,0.0471529597635473,0.053698634170104,12,1,2021,1,1,270.3966,293.34,235.2233,266.7946483938117,13.553300000000036,-6.146599999999978,19.35954435902562
2021-01-13,284.8033,99937510,284.2533,286.8233,277.3333,Tesla,271.53281428571427,227.62185333333332,0.0058510326452798,0.0542291619844057,13,1,2021,2,1,283.1466,270.3966,243.2566,271.2968112953588,9.490000000000009,-0.5499999999999545,17.66306408822652
2021-01-14,281.6666,93798999,281.13,287.6666,279.5833,Tesla,276.7656714285714,230.51340666666664,-0.0110135662051666,0.0555971624846571,14,1,2021,3,1,284.8033,283.1466,245.0366,273.8892584715191,8.083300000000008,-0.5366000000000213,13.421796217313291
2021-01-15,275.3866,116332812,284.0,286.6333,273.0333,Tesla,280.1075714285714,233.37274,-0.0222958632652932,0.0577968361492992,15,1,2021,4,1,281.6666,284.8033,251.9933,274.26359385363935,13.600000000000023,8.613400000000013,8.071772468862518
2021-01-19,281.5166,76100948,279.2666,283.3333,277.6666,Tesla,281.4651857142857,236.16351666666665,0.0222596161178503,0.0506332439920596,19,1,2021,1,1,275.3866,281.6666,272.0133,276.0768453902295,5.666699999999992,-2.25,7.239790287579825
2021-01-20,283.4833,76997648,286.2466,286.5,279.0933,Tesla,280.0570857142857,238.95696,0.0069860889198007,0.0396135448100041,20,1,2021,2,1,281.5166,275.3866,293.34,277.9284590426721,7.406700000000001,2.763300000000015,5.22286211651567
2021-01-21,281.6633,61794396,285.0,285.2399,280.4733,Tesla,281.6666142857143,241.21507000000005,-0.0064201312740468,0.023105822142037,21,1,2021,3,1,283.4833,281.5166,270.3966,278.86216928200406,4.766599999999983,3.3367000000000075,3.021881220608868
2021-01-22,282.2133,60199506,278.1033,282.6666,276.2066,Tesla,281.5332857142857,243.4012933333333,0.0019526860616914,0.0143813513320142,22,1,2021,4,1,281.6633,283.4833,283.1466,279.6999519615031,6.460000000000036,-4.110000000000014,2.965767710301752
2021-01-25,293.6,123520212,285.0,300.1333,279.6067,Tesla,282.78995714285713,246.47151666666667,0.0403478503670806,0.0211780773124777,25,1,2021,0,1,282.2133,281.6633,284.8033,283.17496397112734,20.52660000000003,-8.600000000000023,5.425751980714827
2021-01-26,294.3633,69394807,297.1266,298.6333,290.5333,Tesla,284.6037714285714,249.31618333333333,0.0025997956403267,0.020109281643792,26,1,2021,1,1,293.6,282.2133,281.6666,285.9720479783455,8.100000000000023,2.763300000000015,6.9075271155763
2021-01-27,288.0533,82001888,290.1166,297.1666,286.22,Tesla,286.4133,252.1402933333333,-0.0214360961437788,0.0199057552854021,27,1,2021,2,1,294.3633,293.6,275.3866,286.4923609837591,10.94659999999999,2.0633000000000266,5.631841436277723
2021-01-28,278.4766,79134158,273.3333,282.6666,267.0,Tesla,285.9790142857143,254.31362666666664,-0.0332462776854143,0.0233852942661687,28,1,2021,3,1,288.0533,294.3633,281.5166,284.48842073781935,15.666600000000017,-5.143300000000011,6.164402312320017
2021-01-29,264.51,104972260,276.6666,280.8033,260.0333,Tesla,283.26854285714285,256.09451666666666,-0.0501535856154521,0.0292430333481002,29,1,2021,4,1,278.4766,288.0533,283.4833,279.4938155533645,20.769999999999982,12.156600000000026,10.257213171368601
2021-02-01,279.9366,76174178,271.43,280.6666,265.1867,Tesla,283.02187142857144,258.50607,0.0583214245208121,0.0389866229615555,1,2,2021,0,1,264.51,278.4766,281.6633,279.6045116650234,15.479900000000043,-8.506599999999992,10.32280358619149
2021-02-02,290.93,73038637,281.56,293.5,280.7335,Tesla,284.2671142857143,260.91596,0.0392710349414833,0.0417859660773885,2,2,2021,1,1,279.9366,264.51,282.2133,282.43588374876754,12.766500000000008,-9.370000000000005,10.726850614298185
2021-02-03,284.8966,55030536,292.34,292.6933,284.3548,Tesla,283.0237714285714,262.69029333333333,-0.0207383219331112,0.0395149923085,3,2,2021,2,1,290.93,279.9366,293.6,283.05106281157566,8.33850000000001,7.443399999999997,9.940356557107048
2021-02-04,283.33,47437985,285.0,285.5,277.8066,Tesla,281.4475857142857,264.91396000000003,-0.0054988371219593,0.0394207748451373,4,2,2021,3,1,284.8966,290.93,294.3633,283.12079710868176,7.693399999999997,1.670000000000016,8.631168989663848
2021-02-05,284.0766,55699926,281.6666,288.2566,279.6566,Tesla,280.8794857142857,267.2682933333333,0.0026350898245861,0.038770500956039,5,2,2021,4,1,283.33,284.8966,288.0533,283.3597478315113,8.599999999999966,-2.409999999999968,8.246206808676822
2021-02-08,287.8066,60485166,289.89,292.59,284.9166,Tesla,282.2123428571428,269.68429333333336,0.0131302613450035,0.0362937647022663,8,2,2021,0,1,284.0766,283.33,278.4766,284.4714608736335,7.673399999999958,2.0833999999999833,8.541809486455264
2021-02-09,283.1533,45472955,285.04,286.6,280.5833,Tesla,284.8756714285714,271.7697366666667,-0.0161681490278541,0.029227540649352,9,2,2021,1,1,287.8066,284.0766,264.51,284.1419206552251,6.016700000000014,1.886700000000019,3.5504525527161603
2021-02-10,268.2733,108648281,281.2116,281.6066,266.6733,Tesla,283.2094857142857,273.3378466666666,-0.0525510386070019,0.0288017359059798,10,2,2021,2,1,283.1533,287.8066,279.9366,280.17476549141884,14.933300000000031,12.93829999999997,7.158274543128542
2021-02-11,270.5533,64868256,270.8133,276.6266,267.2416,Tesla,280.29852857142856,274.95640333333336,0.0084987958175486,0.0224388073694821,11,2,2021,3,1,268.2733,283.1533,290.93,277.76939911856414,9.384999999999991,0.26000000000004775,7.623454621479243
2021-02-12,272.04,71304937,267.0866,272.4433,261.7768,Tesla,278.46187142857144,276.3046266666667,0.0054950355438283,0.022556080153201,12,2,2021,4,1,270.5533,268.2733,284.8966,276.3370493389231,10.666500000000042,-4.953400000000045,7.8755976416027735
2021-02-16,265.4066,59406966,272.6666,273.6666,264.1466,Tesla,275.90138571428577,277.3107366666667,-0.0243839141302749,0.0235448541225095,16,2,2021,1,1,272.04,270.5533,283.33,273.60443700419233,9.520000000000039,7.259999999999991,8.878804873675232
2021-02-17,266.05,78236708,259.6966,266.6133,254.0033,Tesla,273.32615714285714,278.07051666666666,0.0024242049745559,0.0235275406090798,17,2,2021,2,1,265.4066,272.04,284.0766,271.71582775314425,12.609999999999985,-6.353400000000022,8.725366395528994
2021-02-18,262.46,53871185,260.3,264.8966,258.7566,Tesla,269.7052142857143,278.65129666666667,-0.0134937041909416,0.0213940544028729,18,2,2021,3,1,266.05,265.4066,287.8066,269.40187081485817,6.139999999999986,-2.159999999999968,6.750353915521506
2021-02-19,260.4333,56874786,265.0,265.5966,259.1233,Tesla,266.4595,278.93263,-0.0077219385811171,0.0214160420444713,19,2,2021,4,1,262.46,266.05,283.1533,267.15972811114364,6.473300000000052,4.566700000000026,4.1788839116084375
2021-02-22,238.1666,111809171,254.2133,256.1666,236.7333,Tesla,262.1585428571429,277.8044066666667,-0.0854986670291394,0.0325980961412386,22,2,2021,0,1,260.4333,262.46,268.2733,259.9114460833577,19.433300000000003,16.046700000000016,11.346725798200778
2021-02-23,232.9466,199820660,220.71,237.8699,206.3333,Tesla,256.7861571428572,275.79129333333333,-0.0219174309076083,0.0307006639971311,23,2,2021,1,1,238.1666,260.4333,270.5533,253.17023456251826,31.536599999999993,-12.236599999999981,15.01841690612627
2021-02-24,247.34,110300861,237.2833,248.3333,231.39,Tesla,253.25758571428568,275.02274,0.0617884098759116,0.0434430571820014,24,2,2021,2,1,232.9466,238.1666,272.04,251.7126759218887,16.943300000000022,-10.056700000000006,13.679129643175004
2021-02-25,227.4066,117071592,242.05,245.7355,223.5266,Tesla,247.8290142857143,273.16474,-0.0805910891889706,0.0505745614789263,25,2,2021,3,1,247.34,232.9466,265.4066,245.63615694141652,22.2089,14.643400000000014,15.476329920067828
2021-02-26,225.1666,123267522,233.3333,235.5666,219.8366,Tesla,241.98852857142856,271.17685,-0.0098501978394647,0.0498460922037375,26,2,2021,4,1,227.4066,247.34,266.05,240.5187677060624,15.72999999999999,8.16670000000002,15.16521520879508
2021-03-01,239.4766,81408728,230.0366,290.6666,228.35,Tesla,238.7051857142857,269.77051666666665,0.0635529425767409,0.0596923015590421,1,3,2021,0,1,225.1666,227.4066,262.46,240.2582257795468,62.31660000000002,-9.439999999999998,12.190630107099299
2021-03-02,228.8133,71196487,239.4266,240.37,228.3333,Tesla,234.18804285714285,268.21807333333334,-0.0445275237747654,0.0609163396937488,2,3,2021,1,1,239.4766,225.1666,260.4333,237.3969943346601,12.036699999999996,10.61330000000001,7.9012147787250075
2021-03-03,217.7333,90623889,229.33,233.5666,217.235,Tesla,231.269,266.0919633333333,-0.0484237585839634,0.0552918008868112,3,3,2021,2,1,228.8133,239.4766,238.1666,232.48107075099506,16.33159999999998,11.596699999999998,9.745589917325882
2021-03-04,207.1466,197758610,218.6,291.3133,200.0,Tesla,227.5832857142857,263.5474066666667,-0.0486223283255249,0.0570304294134936,4,3,2021,3,1,217.7333,228.8133,232.9466,226.1474530632463,91.31330000000003,11.453399999999988,13.252946517967645
2021-03-05,199.3166,268189407,208.6866,209.2806,179.83,Tesla,220.7228,260.8025166666667,-0.0377993170054444,0.045959644097068,5,3,2021,4,1,207.1466,217.7333,247.34,219.43973979743473,29.45059999999998,9.370000000000005,13.742012593382352
2021-03-08,187.6666,155360896,200.1833,206.7083,186.2633,Tesla,215.04565714285715,257.65096,-0.0584497227024743,0.0424852441920842,8,3,2021,0,1,199.3166,207.1466,227.4066,211.49645484807604,20.44500000000002,12.516700000000014,18.053102132123087
2021-03-09,224.5266,202570010,202.7266,226.03,198.4033,Tesla,214.95422857142856,255.34851333333333,0.1964121479261626,0.0949416639314849,9,3,2021,1,1,187.6666,199.3166,225.1666,214.75399113605704,27.6267,-21.80000000000001,17.994829157354925
2021-03-10,222.6866,181817028,233.4333,239.2833,218.3533,Tesla,212.55565714285717,252.95929,-0.0081950201000683,0.0911319652505912,10,3,2021,2,1,224.5266,187.6666,239.4766,216.73714335204278,20.930000000000007,10.746700000000004,15.06128652958304
2021-03-11,233.2,108761681,233.1333,234.1666,225.7266,Tesla,213.18232857142857,251.13084666666663,0.0472116418320633,0.0914461341639365,11,3,2021,3,1,222.6866,224.5266,228.8133,220.8528575140321,8.439999999999998,-0.06669999999999732,15.917406785938999
2021-03-12,231.2433,100751530,223.3333,231.6266,222.0464,Tesla,215.11232857142855,249.55640333333332,-0.008390651801029,0.0886839327052939,12,3,2021,4,1,233.2,222.6866,217.7333,223.45046813552406,9.58019999999999,-7.909999999999997,17.31856460918141
2021-03-15,235.98,88270449,231.3633,237.7266,228.0133,Tesla,219.2313857142857,248.60540333333333,0.02048362049841,0.0845969938312832,15,3,2021,0,1,231.2433,233.2,207.1466,226.58285110164306,9.713300000000004,-4.61669999999998,18.497011189597814
2021-03-16,225.6266,96587020,234.45,235.9733,223.6666,Tesla,222.98995714285712,246.79507,-0.043874057123485,0.0853359399519028,16,3,2021,1,1,235.98,231.2433,199.3166,226.3437883262323,12.306700000000006,8.823399999999992,16.32099159118516
2021-03-17,233.9366,121117362,218.9566,234.5766,217.0033,Tesla,229.59995714285716,244.89529,0.0368307637486005,0.0778715152663649,17,3,2021,2,1,225.6266,235.98,187.6666,228.24199124467424,17.573300000000017,-14.97999999999999,5.235986521456335
2021-03-18,217.72,100107070,228.0966,229.7433,217.3333,Tesla,228.6275857142857,242.65607,-0.0693204911074196,0.0423905200539982,18,3,2021,3,1,233.9366,225.6266,224.5266,225.6114934335057,12.409999999999997,10.376599999999996,6.748693883123617
2021-03-19,218.29,128681953,215.5333,219.0766,208.2067,Tesla,227.9995,240.48807,0.0026180415212198,0.0423925135234065,19,3,2021,4,1,217.72,233.9366,222.6866,223.78112007512925,10.869900000000001,-2.756699999999995,7.550696880201281
2021-03-22,223.3333,118536672,228.1966,233.2066,222.9166,Tesla,226.58997142857143,238.46329333333333,0.0231036694305741,0.0385250859083041,22,3,2021,0,1,218.29,217.72,233.2,223.66916505634694,10.29000000000002,4.863299999999981,7.3359726336999875
2021-03-23,220.72,91475619,225.2566,225.9333,219.17,Tesla,225.0866428571429,236.2270733333333,-0.0117013450300514,0.0385866600785901,23,3,2021,1,1,223.3333,218.29,231.2433,222.9318737922602,6.763300000000015,4.536599999999993,7.301621818897774
2021-03-24,210.09,101385520,222.6366,222.6733,210.0366,Tesla,221.38807142857144,233.79163,-0.0481605654222544,0.0394531717000329,24,3,2021,2,1,220.72,223.3333,235.98,219.72140534419518,12.636700000000019,12.546599999999984,7.420244155623169
2021-03-25,213.4633,117674562,204.3333,215.1666,203.1666,Tesla,219.6504571428572,231.96463,0.0160564519967632,0.038839966913766,25,3,2021,3,1,210.09,220.72,225.6266,218.15687900814638,12.0,-9.129999999999995,7.681817209892592
2021-03-26,206.2366,101558500,213.9566,214.6066,199.9633,Tesla,215.69331428571428,229.82074,-0.0338545314346775,0.0344135090042379,26,3,2021,4,1,213.4633,210.09,233.9366,215.17680925610978,14.643299999999982,7.719999999999999,6.059245311211511
2021-03-29,203.7633,85910979,205.2133,205.4933,198.6733,Tesla,213.6995,227.54485000000005,-0.0119925367272347,0.0256933086310222,29,3,2021,0,1,206.2366,213.4633,217.72,212.32343194208232,6.819999999999993,1.450000000000017,7.423806755747092
2021-03-30,211.8733,118297092,200.5833,212.5533,197.0033,Tesla,212.78282857142855,225.76040666666668,0.039801082923176,0.0316749663584389,30,3,2021,1,1,203.7633,206.2366,218.29,212.21089895656172,15.550000000000011,-11.289999999999992,7.153760678998854
2021-03-31,222.6433,100011880,215.54,224.0,213.7033,Tesla,212.68425714285715,224.31351666666663,0.0508322662647913,0.0369053507613265,31,3,2021,2,1,211.8733,203.7633,223.3333,214.81899921742126,10.296699999999987,-7.103300000000019,6.98696627367937
2021-04-01,220.5833,105895151,229.4566,230.8067,219.8066,Tesla,212.66472857142855,222.91762666666668,-0.0092524679610839,0.0367858061429375,1,4,2021,3,2,222.6433,211.8733,220.72,216.26007441306595,11.000100000000003,8.8733,6.960905490599395
2021-04-05,230.35,125528323,235.9033,236.0533,228.2333,Tesla,215.55901428571428,221.91485,0.0442766972839738,0.0327844336628442,5,4,2021,0,2,220.5833,222.6433,210.09,219.78255580979948,7.819999999999993,5.553300000000007,9.471242449371266
2021-04-06,230.54,84815528,230.1,232.1833,227.1233,Tesla,217.99854285714284,221.66063,0.0008248317777295,0.0331054997414802,6,4,2021,1,2,230.35,220.5833,213.4633,222.47191685734958,5.060000000000002,-0.4399999999999977,10.928597182447604
2021-04-07,223.6566,78928298,229.0,230.46,222.6133,Tesla,220.48711428571428,221.3509633333333,-0.0298577253405049,0.032214996465686,7,4,2021,2,2,230.54,230.35,206.2366,222.7680876430122,7.8466999999999985,5.343400000000003,9.720466508255017
2021-04-08,227.9333,71772997,225.7933,229.8499,223.8816,Tesla,223.93997142857145,220.70407333333333,0.019121725001632,0.0304357078005075,8,4,2021,3,2,223.6566,230.54,203.7633,224.05939073225915,5.968299999999999,-2.140000000000015,6.573038048401046
2021-04-09,225.6733,64311276,225.9233,226.99,223.1433,Tesla,225.9114,220.64629666666667,-0.0099151813271689,0.0298976430822811,9,4,2021,4,2,227.9333,223.6566,211.8733,224.46286804919438,3.8466999999999985,0.25,3.860551113508837
2021-04-12,233.9933,87407019,228.5666,234.9333,227.3633,Tesla,227.53282857142855,220.94052,0.0368674539699644,0.0270003134362817,12,4,2021,0,2,225.6733,227.9333,222.6433,226.84547603689577,7.569999999999993,-5.426700000000011,4.57632576627392
2021-04-13,254.1066,133958443,237.5666,254.3333,236.8866,Tesla,232.32187142857143,221.42818666666668,0.0859567346586418,0.0386561106324586,13,4,2021,1,2,233.9933,225.6733,220.5833,233.66075702767182,17.44670000000002,-16.539999999999992,10.18971217514987
2021-04-14,244.0766,147052305,256.9,260.2633,242.6766,Tesla,234.2828142857143,221.9369633333333,-0.039471623326588,0.0429832957985406,14,4,2021,2,2,254.1066,233.9933,230.35,236.26471777075386,17.586700000000008,12.823399999999964,11.032903017102033
2021-04-15,246.2833,83546708,247.7,247.8966,240.4366,Tesla,236.53185714285715,222.88863,0.0090410141734191,0.0428323702894444,15,4,2021,3,2,244.0766,254.1066,230.54,238.76936332806542,7.460000000000008,1.4166999999999916,11.725650913682435
2021-04-16,246.5933,83938598,242.8833,249.8033,241.5333,Tesla,239.80852857142855,224.20352,0.0012587130349479,0.0394580661401366,16,4,2021,4,2,246.2833,244.0766,223.6566,240.72534749604907,8.27000000000001,-3.710000000000008,10.686827502540991
2021-04-19,238.21,119058702,239.8666,241.8,230.6,Tesla,241.27662857142855,225.4999666666667,-0.033996463002036,0.0433776548013977,19,4,2021,0,2,246.5933,246.2833,227.9333,240.09651062203682,11.200000000000017,1.6565999999999974,9.413613449984744
2021-04-20,239.6633,106827131,239.14,245.75,236.895,Tesla,243.2752,227.23319,0.0061009193568699,0.0427480531856371,20,4,2021,1,2,238.21,246.5933,225.6733,239.98820796652763,8.85499999999999,-0.5233000000000061,6.619109474344222
2021-04-21,248.04,93646539,234.9233,248.28,232.6666,Tesla,245.2818714285714,228.01697,0.0349519513417364,0.0425485402445623,21,4,2021,2,2,239.6633,238.21,233.9933,242.0011559748957,15.613400000000013,-13.11669999999998,5.3422560976053735
2021-04-22,239.8966,106770791,247.1666,251.2566,239.3466,Tesla,243.25187142857143,228.59063666666668,-0.0328309950008062,0.0279956094811044,22,4,2021,3,2,248.04,239.6633,254.1066,241.4750169811718,11.909999999999997,7.269999999999982,3.9479364921100792
2021-04-23,243.1333,85241679,239.9333,245.7866,238.4866,Tesla,243.11711428571428,228.92174666666668,0.0134920628304027,0.0250242957392743,23,4,2021,4,2,239.8966,248.04,244.0766,241.88958773587882,7.299999999999983,-3.1999999999999886,3.9311571839322337
2021-04-26,246.0666,93115509,247.0,249.7666,244.2017,Tesla,243.0861571428571,229.41585666666663,0.0120645752761963,0.0252372515743654,26,4,2021,0,2,243.1333,239.8966,246.2833,242.9338408019091,5.564900000000023,0.933400000000006,3.902819630670101
2021-04-27,234.9133,88311009,239.32,241.3333,234.45,Tesla,241.4175857142857,229.3803,-0.0453263466069755,0.0304910783562818,27,4,2021,1,2,246.0666,243.1333,246.5933,240.92870560143183,6.88330000000002,4.406700000000001,4.589819077565196
2021-04-28,231.4666,66813157,232.1366,236.1666,231.2,Tesla,240.45424285714284,229.57496666666665,-0.0146722216238927,0.0283897365144637,28,4,2021,2,2,234.9133,246.0666,238.21,238.56317920107386,4.9666,0.6699999999999875,5.89683445216242
2021-04-29,225.6666,86536359,233.17,234.0833,222.8334,Tesla,238.4547142857143,229.2993,-0.0250576109036898,0.0290241556445827,29,4,2021,3,2,231.4666,234.9133,239.6633,235.33903440080542,11.249899999999997,7.503399999999999,8.151665764826662
2021-04-30,236.48,122276172,222.53,238.49,222.0466,Tesla,236.8032857142857,229.92463333333333,0.0479175917038676,0.0324484414692149,30,4,2021,4,2,225.6666,231.4666,248.04,235.62427580060407,16.443399999999997,-13.949999999999989,6.971719162070412
2021-05-03,228.3,81129428,234.6,235.3333,226.8333,Tesla,235.14662857142855,230.2583,-0.0345906630581867,0.0326937210058101,3,5,2021,0,2,236.48,225.6666,239.8966,233.79320685045303,8.5,6.299999999999983,7.473897832840069
2021-05-04,224.5333,89217969,226.3133,227.8154,219.2336,Tesla,232.4894857142857,230.2983,-0.0164989049496276,0.0315682180597022,4,5,2021,1,2,228.3,236.48,243.1333,231.47823013783977,8.581800000000015,1.7800000000000011,7.4675727717542015
2021-05-05,223.6466,65705677,227.02,228.4318,222.4466,Tesla,229.2866285714286,230.39585333333332,-0.0039490801587114,0.0301779395241814,5,5,2021,2,2,224.5333,228.3,246.0666,229.52032260337984,5.98520000000002,3.3734000000000037,5.109442188966992
2021-05-06,221.18,83353868,226.92,227.0066,216.6666,Tesla,227.32472857142852,230.76552,-0.0110290073714511,0.0266665596422292,6,5,2021,3,2,223.6466,224.5333,234.9133,227.4352419525349,10.340000000000003,5.739999999999981,5.224191022770418
2021-05-07,224.1233,70407517,221.9333,230.0,220.0733,Tesla,226.2756857142857,231.1208533333333,0.0133072610543447,0.0276263928166533,7,5,2021,4,2,221.18,223.6466,231.4666,226.6072564644012,9.926700000000011,-2.1899999999999977,4.985706914247525
2021-05-10,209.68,94177269,221.6333,221.6833,209.2033,Tesla,223.9918857142857,231.2356333333333,-0.0644435451378772,0.035464328695773,10,5,2021,0,2,224.1233,221.18,225.6666,222.3754423483009,12.47999999999999,11.953299999999984,8.038234076883713
2021-05-11,205.7333,139511714,199.7466,209.0333,198.5333,Tesla,219.5995,231.3013,-0.0188224914154901,0.0246542393723247,11,5,2021,1,2,209.68,224.1233,236.48,218.21490676122568,10.5,-5.986700000000013,8.466117080063567
2021-05-12,196.63,101470960,200.83,206.8033,195.5883,Tesla,215.07521428571428,230.79319,-0.0442480629047413,0.0258834267893226,12,5,2021,2,2,205.7333,209.68,228.3,212.81868007091927,11.215000000000003,4.200000000000017,11.095539132977596
2021-05-13,190.5633,132554773,200.515,202.1533,186.55,Tesla,210.22235714285716,229.72385666666665,-0.030853379443625,0.026052837502771,13,5,2021,3,2,196.63,205.7333,224.5333,207.25483505318945,15.60329999999999,9.951699999999988,13.448624039514112
2021-05-14,196.58,100112590,194.47,197.6233,190.1533,Tesla,206.3557,228.92374666666663,0.0315732357699516,0.0329084081749566,14,5,2021,4,2,190.5633,196.63,223.6466,204.5861262898921,7.469999999999999,-2.1100000000000136,12.822111638624031
2021-05-17,192.2766,96743410,191.851,196.5766,187.0666,Tesla,202.22664285714288,227.65463333333332,-0.0218913419472989,0.0327924729149514,17,5,2021,0,2,196.58,190.5633,221.18,201.5087447174191,9.51000000000002,-0.42560000000000286,11.871230470744239
2021-05-18,192.6233,110491721,189.3333,198.75,187.7933,Tesla,197.72664285714288,226.39074333333332,0.0018031315303057,0.0311297422533563,18,5,2021,1,2,192.2766,196.58,224.1233,199.28738353806432,10.956700000000012,-3.289999999999992,7.26369140929903
2021-05-19,187.82,118735212,184.1833,188.7366,182.3266,Tesla,194.6037857142857,225.19619,-0.0249362356475048,0.024893825388176,19,5,2021,2,2,192.6233,192.2766,209.68,196.42053765354825,6.409999999999997,-3.6366999999999905,5.8246665985926835
2021-05-20,195.5933,92463369,191.6666,196.2833,190.3566,Tesla,193.1552142857143,224.11819000000003,0.0413869662442765,0.0326753474547173,20,5,2021,3,2,187.82,192.6233,205.7333,196.21372824016117,5.926700000000011,-3.926700000000011,3.3162474251419383
2021-05-21,193.6266,78091808,198.7033,198.8933,193.3333,Tesla,192.72615714285715,223.04996666666665,-0.0100550478978574,0.0284108011428471,21,5,2021,4,2,195.5933,187.82,196.63,195.5669461801209,5.560000000000002,5.076700000000017,2.9677269757940317
2021-05-24,202.1466,103674280,193.8666,204.8266,191.2166,Tesla,194.38091428571428,221.98841,0.0440022187034219,0.0297329123714263,24,5,2021,0,2,193.6266,195.5933,190.5633,197.2118596350907,13.610000000000014,-8.280000000000001,4.429892109456819
2021-05-25,201.5633,84017798,202.4366,204.6633,198.57,Tesla,195.0928142857143,220.23696666666663,-0.0028855296106885,0.0281524534689053,25,5,2021,1,2,202.1466,193.6266,196.58,198.29971972631802,6.093299999999999,0.8733000000000004,5.179233210758914
2021-05-26,206.3766,85917939,202.52,208.7233,200.5,Tesla,197.1071,218.98030000000003,0.0238798432055835,0.0264211247616181,26,5,2021,2,2,201.5633,202.1466,192.2766,200.31893979473853,8.223299999999995,-3.856599999999986,6.479944296056904
2021-05-27,210.2833,79111778,206.7466,210.3766,205.4033,Tesla,199.62995714285717,217.7803,0.0189299562062752,0.0262788584530732,27,5,2021,3,2,206.3766,201.5633,192.6233,202.8100298460539,4.973299999999995,-3.536699999999996,7.75555924629931
2021-05-28,208.4066,68211127,209.5,211.8633,207.46,Tesla,202.5709,216.50741,-0.0089246269199694,0.0229182535616634,28,5,2021,4,2,210.2833,206.3766,187.82,204.20917238454044,4.4033000000000015,1.0934000000000026,6.2968583865291885
2021-06-01,207.9666,54254675,209.2666,211.2666,206.85,Tesla,204.3385142857143,215.49929666666668,-0.0021112575129578,0.0203890418827887,1,6,2021,1,2,208.4066,210.2833,195.5933,205.1485292884053,4.416600000000017,1.3000000000000114,5.722150063985187
2021-06-02,201.7066,69908347,206.71,207.7866,199.7133,Tesla,205.4928,214.23407333333333,-0.0301009873700872,0.0245007585902511,2,6,2021,2,2,207.9666,208.4066,193.6266,204.28804696630397,8.073299999999989,5.003399999999999,3.6357769618983666
2021-06-03,190.9466,90335679,200.6,201.5166,190.4066,Tesla,203.8928,212.33096,-0.0533448087469622,0.0269182249373841,3,6,2021,3,2,201.7066,207.9666,202.1466,200.952685224728,11.110000000000014,9.653400000000005,6.605403403023181
2021-06-04,199.6833,72110707,193.2366,200.2033,192.4,Tesla,203.62422857142855,210.99051666666665,0.0457546769620407,0.033795766873714,4,6,2021,4,2,190.9466,201.7066,201.5633,200.635338918546,7.803300000000007,-6.446699999999993,6.752487571435017
2021-06-07,201.71,67631047,197.275,203.3333,194.2933,Tesla,202.9575714285714,209.60974,0.0101495718470197,0.0324949887531838,7,6,2021,0,2,199.6833,190.9466,206.3766,200.9040041889095,9.04000000000002,-4.435000000000002,6.66526106933435
2021-06-08,201.1966,78160238,207.67,207.6966,198.5,Tesla,201.65947142857144,208.11407333333327,-0.0025452382132765,0.0310838783167261,8,6,2021,1,2,201.71,199.6833,210.2833,200.97715314168212,9.19659999999999,6.473399999999998,5.833716750270238
2021-06-09,199.5933,49753715,200.7233,203.93,199.21,Tesla,200.4004285714286,206.93674,-0.0079688225347743,0.0310703440345313,9,6,2021,2,2,201.1966,201.71,208.4066,200.63118985626159,4.719999999999999,1.1299999999999955,5.03061468633636
2021-06-10,203.3733,71758837,201.2933,205.53,200.1666,Tesla,199.7442428571429,206.00029666666663,0.0189385114630602,0.0324671137857984,10,6,2021,3,2,199.5933,201.1966,207.9666,201.31671739219618,5.363400000000013,-2.0800000000000125,4.091036163311896
2021-06-11,203.2966,48615905,203.41,204.1866,200.5066,Tesla,199.97138571428573,205.25463,-0.0003771389853043,0.0301520890096209,11,6,2021,4,2,203.3733,199.5933,201.7066,201.81168804414713,3.680000000000007,0.1133999999999844,4.258847651430755
2021-06-14,205.8966,61271946,204.0766,208.4966,203.06,Tesla,202.1071,204.2351833333333,0.0127891956874832,0.0180164340778529,14,6,2021,0,2,203.2966,203.3733,190.9466,202.83291603311037,5.4365999999999985,-1.8199999999999932,2.2568111160077624
2021-06-15,199.7866,53292455,205.5633,205.5966,199.41,Tesla,202.12185714285715,203.28473666666665,-0.0296750893409605,0.0162056191644095,15,6,2021,1,2,205.8966,203.2966,199.6833,202.0713370248328,6.1865999999999985,5.776700000000005,2.238584667342298
2021-06-16,201.6233,66432397,199.1783,202.8333,197.8333,Tesla,202.10947142857145,202.52107,0.0091933092609814,0.0161113998635139,16,6,2021,2,2,199.7866,205.8966,201.71,201.95932776862458,5.0,-2.444999999999993,2.241481167825679
2021-06-17,205.5333,68104057,200.6293,207.1566,200.4466,Tesla,202.729,201.91729333333333,0.0193925999624051,0.0175882623590954,17,6,2021,3,2,201.6233,199.7866,201.1966,202.85282082646842,6.710000000000008,-4.903999999999996,2.528108160925166
2021-06-18,207.77,73682737,204.4566,209.45,203.9333,Tesla,203.8971,201.47029333333333,0.0108824214859588,0.0170302203561914,18,6,2021,4,2,205.5333,201.6233,199.5933,204.08211561985132,5.516699999999986,-3.3134000000000015,2.719554144831502
2021-06-21,206.9433,74438227,208.16,210.4633,202.96,Tesla,204.4071,200.8976266666667,-0.0039789189969678,0.0162875626333034,21,6,2021,0,2,207.77,205.5333,203.3733,204.7974117148885,7.503299999999996,1.216700000000003,2.9314420933510488
2021-06-22,207.9033,57476676,206.0833,209.5231,205.1666,Tesla,205.0652,200.83840333333333,0.0046389518288343,0.0162448447675116,22,6,2021,1,2,206.9433,207.77,203.2966,205.5738837861664,4.356500000000011,-1.8199999999999932,3.1495674676592187
2021-06-23,218.8566,93297699,210.6666,219.068,210.0133,Tesla,206.9166285714286,201.2758466666667,0.0526845894221015,0.0248433802916482,23,6,2021,2,2,207.9033,206.9433,205.8966,208.8945628396248,9.054700000000025,-8.189999999999998,6.124209134170077
2021-06-24,226.6066,137947184,224.9966,232.54,222.5366,Tesla,210.74805714285716,202.27506666666665,0.0354113149889014,0.0195670446372435,24,6,2021,3,2,218.8566,207.9033,199.7866,213.3225721297186,10.0034,-1.6099999999999852,8.747708064184375
2021-06-25,223.9566,97490140,229.86,231.27,222.9,Tesla,213.93852857142855,203.38817666666668,-0.0116942754535833,0.022554949425708,25,6,2021,4,2,226.6066,218.8566,201.6233,215.98107909728895,8.370000000000005,5.903400000000005,8.935743153149305
2021-06-28,229.5733,64884486,223.88,231.5666,223.44,Tesla,217.37281428571427,204.4879533333333,0.0250794127076405,0.0228262913443273,28,6,2021,0,2,223.9566,226.6066,205.5333,219.3791343229667,8.126599999999996,-5.693299999999994,9.749555681402626
2021-06-29,226.92,52143935,228.2166,229.1699,225.2966,Tesla,220.1085285714286,205.64273333333333,-0.0115575286847381,0.0251465417910716,29,6,2021,1,2,229.5733,223.9566,207.77,221.26435074222502,3.8733000000000004,1.2966000000000122,9.281422306542803
2021-06-30,226.5666,56774586,226.59,230.9366,226.0466,Tesla,222.91185714285712,206.77417666666668,-0.0015573770491803,0.024890344035673,30,6,2021,2,2,226.92,229.5733,206.9433,222.58991305666876,4.889999999999986,0.023400000000009413,7.418913733123894
2021-07-01,225.9733,55903566,227.9733,229.33,224.2666,Tesla,225.4932857142857,208.04595333333333,-0.002618656059631,0.0254553324679859,1,7,2021,3,3,226.5666,226.92,207.9033,223.43575979250156,5.0634000000000015,2.0,3.3593381403842164
2021-07-02,226.3,81292118,226.3266,233.3333,224.42,Tesla,226.55662857142852,209.06951,0.0014457460239771,0.0182324016848701,2,7,2021,4,3,225.9733,226.5666,218.8566,224.15181984437618,8.91330000000002,0.026600000000001955,1.6533411068881643
2021-07-06,219.86,69853357,227.2371,228.0,217.1334,Tesla,225.59282857142856,209.94395666666665,-0.0284577993813521,0.0163165588794224,6,7,2021,1,3,226.3,225.9733,226.6066,223.07886488328214,10.866600000000005,7.3770999999999844,3.0205183024980653
2021-07-07,214.8833,56375886,221.4233,221.9,212.7733,Tesla,224.29664285714287,210.3685133333333,-0.0226357682161376,0.0176262832884454,7,7,2021,2,3,219.86,226.3,223.9566,221.0299736624616,9.1267,6.5400000000000205,5.082605324981943
2021-07-08,217.6033,68319967,209.4566,218.1433,206.82,Tesla,222.5866428571429,210.90318,0.0126580334535071,0.0143195217437142,8,7,2021,3,3,214.8833,219.86,229.5733,220.1733052468462,11.323300000000017,-8.146699999999981,5.024710428426109
2021-07-09,218.9833,54421655,217.7283,219.6366,214.8966,Tesla,221.4528285714286,211.3234033333333,0.0063418155882748,0.0150598653566518,9,7,2021,4,3,217.6033,214.8833,226.92,219.87580393513466,4.739999999999981,-1.2550000000000239,4.773077992140648
2021-07-12,228.5666,77781128,220.7333,229.08,220.7203,Tesla,221.73854285714285,211.93284666666665,0.0437626978860943,0.0239132175498975,12,7,2021,0,3,218.9833,217.6033,226.5666,222.048502951351,8.359700000000004,-7.83329999999998,5.173285517238253
2021-07-13,222.8466,62898276,228.7733,231.0933,222.0986,Tesla,221.29187142857143,212.41418,-0.025025528664293,0.0259677461127763,13,7,2021,1,3,228.5666,218.9833,225.9733,222.24802721351324,8.994699999999995,5.926700000000011,4.872975020018469
2021-07-14,217.7933,64923576,223.5833,226.2033,217.6133,Tesla,220.07662857142856,212.74173666666667,-0.0226761368582693,0.0270581089744467,14,7,2021,2,3,222.8466,228.5666,226.3,221.13434541013493,8.590000000000003,5.7900000000000205,4.459003197919545
2021-07-15,216.8666,60628716,219.4633,222.0466,212.6266,Tesla,219.649,213.24707,-0.0042549518281782,0.025055248595417,15,7,2021,3,3,217.7933,222.8466,219.86,220.0674090576012,9.420000000000016,2.5966999999999985,4.623734948431002
2021-07-16,214.74,49112915,218.2266,218.8999,214.0666,Tesla,219.62852857142855,214.04018333333332,-0.0098060282219576,0.0237002897502243,16,7,2021,4,3,216.8666,217.7933,214.8833,218.73555679320089,4.833300000000008,3.4865999999999815,4.6486019438525625
2021-07-19,215.4066,63891276,209.9633,215.7333,207.0966,Tesla,219.31471428571427,214.56429333333332,0.003104219055602,0.02312762714441,19,7,2021,0,3,214.74,216.8666,217.6033,217.90331759490067,8.636700000000019,-5.443299999999994,4.876658255551368
2021-07-20,220.1666,46461395,217.33,220.7972,213.5003,Tesla,219.4837571428572,215.17951333333332,0.0220977444516554,0.0246997213974177,20,7,2021,1,3,215.4066,214.74,218.9833,218.4691381961755,7.296899999999994,-2.836599999999976,4.883759137474528
2021-07-21,218.43,41860024,219.87,221.6199,216.7633,Tesla,218.03567142857145,215.75396,-0.0078876632513741,0.0159826588512906,21,7,2021,2,3,220.1666,215.4066,228.5666,218.45935364713165,4.8566000000000145,1.4399999999999977,2.8000096420767107
2021-07-22,216.42,45317195,218.8142,220.7233,214.8667,Tesla,217.1175857142857,216.31485,-0.0092020326878177,0.0138819699545942,22,7,2021,3,3,218.43,220.1666,222.8466,217.94951523534874,5.856599999999986,2.394200000000012,1.853173618805458
2021-07-23,214.46,43814824,215.4533,216.2666,212.4333,Tesla,216.6414,216.6844066666667,-0.0090564642824136,0.0116114629116685,23,7,2021,4,3,216.42,218.43,217.7933,217.07713642651157,3.8333000000000084,0.993300000000005,2.066575950699073
2021-07-26,219.2066,76009688,216.99,222.7333,215.7033,Tesla,216.9756857142857,217.21474,0.0221327986570922,0.0146876855242033,26,7,2021,0,3,214.46,216.42,216.8666,217.6095023198837,7.030000000000001,-2.2165999999999997,2.286617749304955
2021-07-27,214.9266,98439880,221.1333,222.1666,209.08,Tesla,217.00234285714285,217.51574,-0.0195249595586993,0.0163174145411404,27,7,2021,1,3,219.2066,214.46,214.74,216.93877673991278,13.086599999999976,6.206699999999984,2.2571077295656585
2021-07-28,215.66,48019805,215.665,218.3233,213.1333,Tesla,217.0385428571429,218.04485333333332,0.003412327743518,0.0163268485159174,28,7,2021,2,3,214.9266,219.2066,215.4066,216.61908255493458,5.189999999999998,0.0049999999999954525,2.2291077369353536
2021-07-29,225.7833,91183929,216.5966,227.8966,216.2666,Tesla,217.84092857142855,218.85018666666667,0.0469410182694982,0.0231386379142519,29,7,2021,3,3,215.66,214.9266,220.1666,218.91013691620094,11.629999999999995,-9.186700000000002,3.9156268968994494
2021-07-30,229.0666,88969239,223.9193,232.51,223.0,Tesla,219.36044285714283,219.63463,0.0145418195234101,0.0227958980850834,30,7,2021,4,3,225.7833,215.66,218.43,221.4492526871507,9.509999999999991,-5.147300000000001,5.795098966615287
2021-08-02,236.5566,100847320,233.3333,242.3133,232.8,Tesla,222.23710000000003,220.5941833333333,0.032697914056436,0.0233168996199541,2,8,2021,0,3,229.0666,225.7833,216.42,225.22608951536304,9.513299999999987,-3.2232999999999947,8.471860817436095
2021-08-03,236.58,64860756,239.6666,240.8833,233.67,Tesla,225.3971,221.5820733333333,9.891924385119212e-05,0.0220970013527792,3,8,2021,1,3,236.5566,229.0666,214.46,228.0645671365223,7.213300000000004,3.086599999999976,9.183053688362223
2021-08-04,236.9733,51007955,237.0,241.6333,236.31,Tesla,227.93520000000004,222.5510733333333,0.0016624397666751,0.0222460729339648,4,8,2021,2,3,236.58,236.5566,219.2066,230.29175035239172,5.323299999999989,0.026700000000005275,9.63122790008333
2021-08-05,238.21,38758924,238.6666,240.3166,237.1366,Tesla,231.2614,223.19618666666665,0.0052187313929459,0.0180900930423797,5,8,2021,3,3,236.9733,236.58,214.9266,232.27131276429378,3.180000000000007,0.45659999999998035,8.321317014952873
2021-08-06,233.0333,46869155,237.3,238.7766,232.5433,Tesla,233.7433,223.41041,-0.0217316653373074,0.0226754872921724,6,8,2021,4,3,238.21,236.9733,215.66,232.46180957322036,6.233300000000014,4.266700000000014,4.691891153185951
2021-08-09,237.92,44146054,236.7233,239.6766,235.0433,Tesla,235.4771142857143,223.87585666666664,0.0209699643784815,0.0173895487924085,9,8,2021,0,3,233.0333,238.21,225.7833,233.82635717991528,4.63330000000002,-1.1966999999999928,3.29452815560995
2021-08-10,236.6633,40296934,237.9966,238.8633,233.96,Tesla,236.56235714285717,224.11219,-0.0052820275722932,0.017689250572404,10,8,2021,1,3,237.92,233.0333,229.0666,234.53559288493648,4.9033000000000015,1.3333000000000084,1.6927085463447942
2021-08-11,235.94,29401677,237.57,238.3933,234.7366,Tesla,236.47427142857143,224.41285666666667,-0.003056240659198,0.0127711378456188,11,8,2021,2,3,236.6633,237.92,236.5566,234.88669466370237,3.6567000000000007,1.6299999999999955,1.7090228667455494
2021-08-12,240.75,53045075,235.4466,240.9333,233.1333,Tesla,237.0699857142857,224.88563666666667,0.0203865389505806,0.0149872308920766,12,8,2021,3,3,235.94,236.6633,236.58,236.35252099777676,7.800000000000011,-5.3034000000000106,2.356236500178517
2021-08-13,239.0566,50194415,241.2366,243.3,238.1133,Tesla,237.3676,225.32174666666663,-0.0070338525441329,0.0154313038928007,13,8,2021,4,3,240.75,235.94,236.9733,237.02854074833257,5.186700000000002,2.180000000000007,2.4707748791310316
2021-08-16,228.7233,69309907,235.0233,236.5,225.4666,Tesla,236.0123571428572,225.4025233333333,-0.0432253282277084,0.0226044963415557,16,8,2021,0,3,239.0566,240.75,238.21,234.95223056124942,11.0334,6.300000000000011,4.037034252542575
2021-08-17,221.9033,71163847,224.22,224.86,216.28,Tesla,234.42235714285715,225.47063333333332,-0.0298176880099229,0.0237459825114513,17,8,2021,1,3,228.7233,239.0566,233.0333,231.68999792093706,8.580000000000013,2.3166999999999973,6.711679935470836
2021-08-18,229.6633,61048146,223.2493,231.9233,223.1166,Tesla,233.24282857142856,225.9633,0.0349701874645396,0.0268534335474532,18,8,2021,2,3,221.9033,228.7233,237.92,231.1833234407028,8.806700000000006,-6.413999999999987,6.720069333897694
2021-08-19,224.49,42940474,226.07,228.85,222.53,Tesla,231.5037857142857,226.19285666666667,-0.0225255841921629,0.0276911430823985,19,8,2021,3,3,229.6633,221.9033,236.6633,229.5099925805271,6.319999999999993,1.579999999999984,7.242219778362591
2021-08-20,226.7533,44525614,227.6166,230.7099,224.5666,Tesla,230.1914,226.45185666666663,0.0100819635618512,0.0284524897733843,20,8,2021,4,3,224.49,229.6633,235.94,228.82081943539532,6.143300000000011,0.8633000000000095,7.135931466880195
2021-08-23,235.4333,60794586,228.4806,237.3766,226.9168,Tesla,229.4318714285714,226.6807466666667,0.0382794870019531,0.0317574863222987,23,8,2021,0,3,226.7533,224.49,240.75,230.47393957654648,10.459800000000001,-6.952699999999993,6.020581415643494
2021-08-24,236.1633,39249214,236.8933,238.4066,234.2133,Tesla,229.01854285714288,227.1246366666667,0.0031006658786161,0.0317608095963004,24,8,2021,1,3,235.4333,226.7533,239.0566,231.89627968240984,4.193299999999994,0.7300000000000182,5.30668211593031
2021-08-25,237.0666,37936684,235.6766,238.99,234.6666,Tesla,230.21044285714285,227.76708,0.0038248957395159,0.025836883431947,25,8,2021,2,3,236.1633,235.4333,228.7233,233.18885976180738,4.323400000000021,-1.3899999999999864,6.1060752074908695
2021-08-26,233.72,39642874,236.1033,238.4666,232.54,Tesla,231.89854285714287,228.32886,-0.0141167081318076,0.0227675034855976,26,8,2021,3,3,237.0666,236.1633,221.9033,233.32164482135553,5.926600000000008,2.3832999999999913,4.950850503654376
2021-08-27,237.3066,41501284,235.0,238.3333,234.0333,Tesla,232.99044285714285,229.08108,0.0153457128187575,0.0198676178482705,27,8,2021,4,3,233.72,237.0666,229.6633,234.31788361601664,4.300000000000011,-2.306600000000003,5.211694804591066
2021-08-30,243.6366,55812666,238.2383,243.6666,237.5766,Tesla,235.72567142857145,230.02208,0.0266743529257087,0.0170725901521688,30,8,2021,0,3,237.3066,233.72,224.49,236.64756271201247,6.089999999999975,-5.398299999999978,5.027978092539663
2021-08-31,245.24,62566326,244.3333,246.7966,242.1466,Tesla,238.36662857142852,230.85786,0.0065811130183233,0.0171850943250404,31,8,2021,1,3,243.6366,237.3066,226.7533,238.79567203400936,4.650000000000006,-0.9067000000000007,4.3374300934684324
2021-09-01,244.6966,39613024,244.6933,247.33,243.7567,Tesla,239.68995714285717,231.7334133333333,-0.002215788615234,0.012905442295293,1,9,2021,2,3,245.24,243.6366,235.4333,240.270904025507,3.5733000000000175,-0.003299999999995862,4.691935121695721
2021-09-02,244.13,38390224,244.8333,246.99,243.5133,Tesla,240.8280571428572,232.65708,-0.0023155205262352,0.0132382766141543,2,9,2021,3,3,244.6966,245.24,236.1633,241.23567801913026,3.4767000000000223,0.7033000000000129,4.660030397204357
2021-09-03,244.5233,45813155,244.083,244.6666,241.4,Tesla,241.8933,233.65919,0.0016110269118911,0.013292497764777,3,9,2021,4,3,244.13,244.6966,237.0666,242.0575835143477,3.2665999999999826,-0.4403000000000077,4.506631471880621
2021-09-07,250.9733,60119496,246.6666,253.4,246.42,Tesla,244.35805714285715,234.71808,0.0263778543803392,0.0126306538924701,7,9,2021,1,3,244.5233,244.13,233.72,244.28651263576077,6.980000000000018,-4.306700000000006,3.9786248888532216
2021-09-08,251.29,56379126,253.86,254.8166,246.9244,Tesla,246.35568571428573,235.9301933333333,0.0012618872206724,0.0128122758893648,8,9,2021,2,3,250.9733,244.5233,237.3066,246.03738447682056,7.8922000000000025,2.5700000000000216,3.3008049676971165
2021-09-09,251.62,42233194,251.1366,254.0333,250.5433,Tesla,247.49617142857144,237.12886,0.0013132237653707,0.0100277493555593,9,9,2021,3,3,251.29,250.9733,243.6366,247.43303835761543,3.490000000000009,-0.48340000000001737,3.572732491486934
2021-09-10,245.4233,45552515,253.2,254.2033,244.84,Tesla,247.52235714285715,237.78352666666663,-0.0246272156426357,0.0148222380168691,10,9,2021,4,3,251.62,251.29,245.24,246.93060376821157,9.36330000000001,7.776699999999977,3.554063199053908
2021-09-13,247.6666,68857447,246.738,248.26,236.2833,Tesla,247.94664285714288,238.40352666666664,0.0091405339264853,0.0151319093747523,13,9,2021,0,3,245.4233,251.62,244.6966,247.1146028261587,11.976699999999994,-0.9285999999999888,3.3307648105006327
2021-09-14,248.1633,55574646,247.5233,251.49,245.4666,Tesla,248.52282857142856,238.79041666666663,0.0020055187094263,0.0150226813713578,14,9,2021,1,3,247.6666,245.4233,244.13,247.37677711961902,6.023400000000009,-0.6399999999999864,2.878663263691415
2021-09-15,251.9433,46073075,248.3333,252.2866,246.12,Tesla,249.58282857142856,239.3025266666667,0.0152319057652763,0.0157613257212257,15,9,2021,2,3,248.1633,247.6666,244.5233,248.51840783971429,6.166599999999988,-3.609999999999985,2.501946212929699
2021-09-16,252.33,41770174,250.9433,252.97,249.2033,Tesla,249.7766428571429,239.81441666666663,0.0015348691550838,0.0124287840722447,16,9,2021,3,3,251.9433,248.1633,250.9733,249.47130587978572,3.766699999999986,-1.386700000000019,2.674228902481887
2021-09-17,253.1633,84612548,252.3833,253.68,250.0,Tesla,250.04425714285716,240.31286,0.0033024214322512,0.0124642822003004,17,9,2021,4,3,252.33,251.9433,251.29,250.39430440983926,3.680000000000007,-0.7800000000000011,2.9322027060788556
2021-09-20,243.39,74272957,244.8525,247.3333,239.5416,Tesla,248.86854285714284,240.6580833333333,-0.0386047266724679,0.0195073939939282,20,9,2021,0,3,253.1633,252.33,251.62,248.64322830737945,7.79170000000002,1.4625000000000057,3.7351242785485366
2021-09-21,246.46,48992165,244.93,248.2466,243.48,Tesla,249.01664285714284,240.94275,0.0126135009655286,0.0181584274575155,21,9,2021,1,3,243.39,253.1633,245.4233,248.0974212305346,4.766600000000011,-1.5300000000000011,3.5936231794948603
2021-09-22,250.6466,45378815,247.8421,251.2233,246.3733,Tesla,249.44235714285716,241.40886,0.0169869349995941,0.0189862714265203,22,9,2021,2,3,246.46,243.39,247.6666,248.73471592290096,4.849999999999994,-2.8045000000000186,3.583533668908777
2021-09-23,251.2133,35842594,251.6666,252.7333,249.3066,Tesla,249.87807142857145,241.91797,0.002260952273041,0.0189868270220784,23,9,2021,3,3,250.6466,246.46,248.1633,249.35436194217573,3.426700000000011,0.4532999999999845,3.5875154864790026
2021-09-24,258.13,64119066,248.63,258.2666,248.1866,Tesla,250.7618857142857,242.49730333333332,0.0275331759902839,0.0208990007712026,24,9,2021,4,3,251.2133,250.6466,251.9433,251.5482714566318,10.079999999999984,-9.5,4.7536453809795
2021-09-27,263.7866,84211988,257.7066,266.3333,256.4366,Tesla,252.39854285714287,243.32163666666668,0.0219137643822882,0.0219466138124172,27,9,2021,0,3,258.13,251.2133,252.33,254.60785359247384,9.89670000000001,-6.080000000000041,6.880122819121999
2021-09-28,259.1866,76144268,262.4,265.2133,255.3933,Tesla,253.2590142857143,244.33708,-0.0174383384144608,0.0237847541653947,28,9,2021,1,3,263.7866,258.13,253.1633,255.7525401943554,9.819999999999993,3.2133999999999787,7.35217120729934
2021-09-29,260.4366,62828646,259.9333,264.5,256.8933,Tesla,255.69424285714285,245.62152333333333,0.0048227801900253,0.0149683691404708,29,9,2021,2,3,259.1866,263.7866,243.39,256.92355514576656,7.606699999999989,-0.5033000000000243,6.284033406409468
2021-09-30,258.4933,53867885,260.3333,263.0435,258.3333,Tesla,257.41328571428573,246.5825233333333,-0.00746170085157,0.0162137888694772,30,9,2021,3,3,260.4366,259.1866,246.46,257.3159913593249,4.710199999999986,1.8400000000000318,4.809923361285681
2021-10-01,258.4066,51094235,259.4666,260.26,254.53,Tesla,258.5218571428572,247.71307666666664,-0.0003354052116629,0.0157407752929722,1,10,2021,4,4,258.4933,260.4366,250.6466,257.5886435194937,5.72999999999999,1.0600000000000023,3.7728923448998346
2021-10-04,260.51,91450029,265.5,268.9899,258.7066,Tesla,259.84995714285714,248.8383,0.008139884971978,0.015760044498915,4,10,2021,0,4,258.4066,258.4933,251.2133,258.3189826396203,10.283299999999997,4.990000000000009,1.9832236853678438
2021-10-05,260.1966,55297896,261.5986,265.77,258.0666,Tesla,260.14518571428573,249.66374333333331,-0.0012030248358988,0.0123887791083993,5,10,2021,1,4,260.51,258.4066,258.13,258.7883869797152,7.703399999999988,1.4019999999999868,1.832614091430274
2021-10-06,260.9166,43898314,258.7333,262.22,257.74,Tesla,259.7351857142857,250.4888533333333,0.0027671383868967,0.0085841342520531,6,10,2021,2,4,260.1966,260.51,263.7866,259.3204402347864,4.480000000000018,-2.183300000000031,1.0254534321177562
2021-10-07,264.5366,57587346,261.82,268.3333,261.1266,Tesla,260.49947142857144,251.40452,0.0138741651546892,0.0069072153971136,7,10,2021,3,4,260.9166,260.1966,259.1866,260.62448017608983,7.206700000000012,-2.716600000000028,2.040140221257963
2021-10-08,261.83,50215805,265.4033,265.46,260.3033,Tesla,260.69852857142854,252.34152,-0.0102314764762231,0.0084056271218515,8,10,2021,4,4,264.5366,260.9166,260.4366,260.9258601320674,5.156700000000001,3.5733000000000175,2.1000801561832056
2021-10-11,263.98,42600964,262.55,267.08,261.8333,Tesla,261.4823428571429,253.2306333333333,0.008211434900508,0.0079134315450746,11,10,2021,0,4,261.83,264.5366,258.4933,261.68939509905056,5.246699999999976,-1.4300000000000068,2.16281020192186
2021-10-12,268.5733,66060127,266.9766,270.7733,265.5233,Tesla,262.9347285714286,254.06185666666667,0.0174001818319569,0.0093622492147519,12,10,2021,1,4,263.98,261.83,258.4066,263.4103713242879,5.25,-1.5966999999999985,3.0033868952225236
2021-10-13,270.36,42360244,270.1566,271.8033,268.5933,Tesla,264.34187142857144,254.89919,0.0066525600273743,0.00931082166979,13,10,2021,2,4,268.5733,263.98,260.51,265.1477784932159,3.2099999999999795,-0.2033999999999878,3.862576580780547
2021-10-14,272.7733,36741514,271.83,273.4166,271.1167,Tesla,266.13854285714285,255.83508,0.0089262464861665,0.0089001651894012,14,10,2021,3,4,270.36,268.5733,260.1966,267.05415886991193,2.2999000000000365,-0.943300000000022,4.487510483501644
2021-10-15,281.01,56773716,274.5793,281.07,274.1166,Tesla,269.0090285714286,257.06441333333333,0.0301961372319063,0.0122400461402109,15,10,2021,4,4,272.7733,270.36,260.9166,270.543119152434,6.953399999999988,-6.430700000000002,6.545230257400746
2021-10-18,290.0366,72621727,283.93,291.7533,283.8233,Tesla,272.6518857142857,258.58152333333334,0.032121988541333,0.0147167465592546,18,10,2021,0,4,281.01,272.7733,264.5366,275.41648936432546,7.930000000000007,-6.1066000000000145,9.885203761587755
2021-10-19,288.09,52143395,292.51,292.65,287.5033,Tesla,276.4033142857143,259.81874666666664,-0.0067115667470935,0.0138099007242502,19,10,2021,1,4,290.0366,281.01,261.83,278.5848670232441,5.146699999999953,4.420000000000016,10.07482976240502
2021-10-20,288.6,42096154,288.45,289.83,285.7933,Tesla,279.9204571428572,261.0624133333333,0.0017702801207957,0.0144464403687672,20,10,2021,2,4,288.09,290.0366,263.98,281.0886502674331,4.036699999999996,-0.1500000000000341,9.281177330824155
2021-10-21,298.0,94444359,285.3333,300.0,285.1682,Tesla,284.12427142857143,262.6084133333333,0.0325710325710324,0.0162571752947978,21,10,2021,3,4,288.6,288.09,268.5733,285.31648770057484,14.831799999999987,-12.666699999999992,9.926807381482806
2021-10-22,303.2266,68642527,298.5,303.3333,296.9866,Tesla,288.8195,264.53519,0.0175389261744967,0.0158323102365403,22,10,2021,4,4,298.0,288.6,270.36,289.79401577543115,6.3466999999999985,-4.726600000000019,10.102612024125941
2021-10-25,341.62,188556319,316.8433,348.34,314.7333,Tesla,298.6547428571429,267.66697,0.1266162005576028,0.0438990941389512,25,10,2021,0,4,303.2266,298.0,272.7733,302.75051183157336,33.60669999999999,-24.776700000000005,20.27175732251328
2021-10-26,339.4766,187244929,341.5633,364.98,333.8133,Tesla,307.0071142857143,270.7107466666667,-0.0062742228206779,0.0464393992933522,26,10,2021,1,4,341.62,303.2266,281.01,311.93203387368004,31.16669999999999,2.0867000000000075,23.56698672715942
2021-10-27,345.9533,115579392,346.5533,356.96,343.5933,Tesla,314.99521428571427,273.8444133333333,0.0190784872948532,0.0465189730354907,27,10,2021,2,4,339.4766,341.62,290.0366,320.4373504052601,13.36669999999998,0.5999999999999659,26.187007006301954
2021-10-28,359.0133,81639518,356.1016,360.3333,351.4,Tesla,325.1271142857143,277.4005233333333,0.0377507600014221,0.0442282293775439,28,10,2021,3,4,345.9533,339.4766,288.09,330.0813378039451,8.933300000000031,-2.911699999999996,27.717832847611053
2021-10-29,371.3333,89755269,360.62,371.7366,357.735,Tesla,336.9461571428572,281.3395233333333,0.0343162774192487,0.0420912772157412,29,10,2021,4,4,359.0133,345.9533,288.6,340.39432835295884,14.001599999999996,-10.713300000000004,27.180331885443692
2021-11-01,402.8633,168146177,381.6666,403.25,372.8866,Tesla,351.9266285714286,286.65530000000007,0.0849102410152817,0.0455990583565798,1,11,2021,0,4,371.3333,359.0133,298.0,356.0115712647191,30.363400000000013,-21.196699999999964,30.79498753886832
2021-11-02,390.6666,128213413,386.4516,402.8633,382.0,Tesla,364.4180571428572,291.46218666666664,-0.0302750337397325,0.0533021922258625,2,11,2021,1,4,402.8633,371.3333,303.2266,364.67532844853935,20.86329999999998,-4.215000000000032,24.922645773998333
2021-11-03,404.62,103885570,392.4433,405.13,384.2066,Tesla,373.4180571428571,296.5946333333333,0.0357169002929864,0.0365648451074546,3,11,2021,2,4,390.6666,402.8633,341.62,374.6614963364045,20.923400000000015,-12.176699999999983,26.63417114115241
2021-11-04,409.97,76192238,411.47,414.4966,405.6666,Tesla,383.4885428571429,301.88652333333334,0.0132222826355592,0.0344650029066948,4,11,2021,3,4,404.62,390.6666,339.4766,383.4886222523034,8.829999999999984,1.5,24.934559919441025
2021-11-05,407.3633,64886436,409.3333,413.29,402.6666,Tesla,392.2614,306.86096666666674,-0.0063582701173258,0.0368016757400704,5,11,2021,4,4,409.97,404.62,345.9533,389.45729168922753,10.623400000000004,1.9700000000000273,19.802197207212537
2021-11-08,387.6466,100337170,383.2616,399.0,377.6666,Tesla,396.3518714285714,310.98963333333336,-0.0484007764076931,0.045000473036714,8,11,2021,0,4,407.3633,409.97,359.0133,389.00461876692066,21.333399999999983,-4.384999999999991,13.853390771903086
2021-11-09,341.1666,177317538,391.2,391.5,337.1733,Tesla,392.0423428571429,313.7223,-0.1199030250749005,0.0653385133548572,9,11,2021,1,4,387.6466,407.3633,371.3333,377.0451140751905,54.32670000000002,50.03339999999997,23.94778913260108
2021-11-10,355.9833,128408173,336.8033,359.3666,329.1033,Tesla,385.3452,316.90719,0.0434295150814878,0.056572651167673,10,11,2021,2,4,341.1666,387.6466,402.8633,371.77966055639286,30.263300000000015,-19.180000000000007,26.8022978715757
2021-11-11,354.5033,67189717,367.59,368.3233,351.56,Tesla,380.1790142857143,320.1075233333333,-0.0041574983995034,0.0563412998865054,11,11,2021,3,4,355.9833,341.1666,390.6666,367.46057041729466,16.763300000000015,13.08669999999995,29.00074194737267
2021-11-12,344.4733,76719458,349.1666,351.5,339.7333,Tesla,371.5866285714286,322.97641333333337,-0.0282931075676869,0.0522884091566057,12,11,2021,4,4,354.5033,355.9833,404.62,361.71375281297105,11.766700000000014,4.693300000000022,29.45898506147808
2021-11-15,337.7966,104326960,339.21,343.9933,326.2,Tesla,361.2761428571429,325.5526333333334,-0.0193823440016975,0.0500862795953467,15,11,2021,0,4,344.4733,354.5033,409.97,355.7344646097283,17.793299999999988,1.4133999999999673,26.240334169928797
2021-11-16,351.5766,79627088,334.4366,352.3999,334.06,Tesla,353.30661428571426,328.59863333333334,0.0407937794518948,0.056012144251038,16,11,2021,1,4,337.7966,344.4733,407.3633,354.69499845729626,18.3399,-17.139999999999986,16.617221000459313
2021-11-17,363.0033,94336119,354.5033,373.2133,351.8333,Tesla,349.78614285714286,332.0015233333333,0.0325013098141344,0.0573650070654649,17,11,2021,2,4,351.5766,337.7966,387.6466,356.77207384297225,21.379999999999995,-8.5,8.989134775727992
2021-11-18,365.46,62696796,368.85,370.6666,358.34,Tesla,353.2566285714286,335.36563666666666,0.0067677070704315,0.0291898145056926,18,11,2021,3,4,363.0033,351.5766,341.1666,358.9440553822292,12.326600000000042,3.390000000000043,9.762945637411825
2021-11-19,379.02,64926786,366.29,379.5733,364.2333,Tesla,356.5475857142857,339.27197,0.0371039238220325,0.0280673139045811,19,11,2021,4,4,365.46,363.0033,355.9833,363.9630415366719,15.340000000000032,-12.729999999999961,13.858778343157518
2021-11-22,385.6233,99217540,387.4433,400.65,377.4766,Tesla,360.9933,343.3267466666667,0.017422035776476,0.0275183010218378,22,11,2021,0,4,379.02,365.46,354.5033,369.3781061525039,23.17339999999996,1.82000000000005,17.584376832670014
2021-11-23,369.6766,108515111,389.17,393.4999,354.2333,Tesla,364.5937714285714,346.6968566666667,-0.0413530510215538,0.0309651944531376,23,11,2021,1,4,385.6233,379.02,344.4733,369.4527296143779,39.26660000000004,19.49340000000001,16.160689903251516
2021-11-24,372.0,67680727,360.13,377.59,354.0,Tesla,369.4799714285714,350.08485666666667,0.0062849528479758,0.0282287224740329,24,11,2021,2,4,369.6766,385.6233,337.7966,370.08954721078345,23.589999999999975,-11.870000000000005,11.080362215005472
2021-11-26,360.64,35042674,366.49,369.5942,360.3333,Tesla,370.7747428571428,353.0137466666667,-0.0305376344086021,0.029863492208138,26,11,2021,4,4,372.0,369.6766,351.5766,367.72716040808757,9.260899999999992,5.850000000000023,8.967774862223632
2021-11-29,378.9966,58393416,366.9966,380.89,366.73,Tesla,373.0595,356.2799666666667,0.0509000665483585,0.0333888868458571,29,11,2021,0,4,360.64,372.0,363.0033,370.5445203060657,14.159999999999968,-12.0,8.69088334846765
2021-11-30,381.5866,81276128,381.4566,389.3333,372.6666,Tesla,375.3633,359.3316333333333,0.0068338343932372,0.0333889332621545,30,11,2021,1,4,378.9966,360.64,365.46,373.30504022954926,16.66669999999999,-0.12999999999999545,8.475408479241858
2021-12-01,365.0,68804107,386.8983,390.9466,363.5866,Tesla,373.36044285714286,361.8953,-0.0434674592870922,0.0349958282343234,1,12,2021,2,4,381.5866,378.9966,379.02,371.2287801721619,27.360000000000014,21.898300000000006,9.100748762209772
2021-12-02,361.5333,73114867,366.3533,371.0,352.2166,Tesla,369.91901428571424,364.32641,-0.0094978082191781,0.0335919954031182,2,12,2021,3,4,365.0,381.5866,385.6233,368.8049101291215,18.783399999999972,4.819999999999993,8.201030390227537
2021-12-03,338.3233,92322009,361.5966,363.5251,333.4033,Tesla,365.4399714285714,365.67052,-0.0641987888805816,0.0381013478060247,3,12,2021,4,4,361.5333,365.0,369.6766,361.1845075968411,30.121800000000007,23.273300000000006,14.499074791714227
2021-12-06,336.3366,81663128,333.8366,340.5466,316.8333,Tesla,360.3452,366.7741866666667,-0.0058721938453545,0.0374020379271538,6,12,2021,0,4,338.3233,361.5333,372.0,354.9725306976309,23.713300000000004,-2.5,17.718231670514164
2021-12-07,350.5833,56084586,348.0666,352.5579,342.27,Tesla,358.9085285714286,367.0729633333333,0.0423584587582797,0.0418173597697712,7,12,2021,1,4,336.3366,338.3233,360.64,353.87522302322316,10.287900000000036,-2.5167000000000144,18.09407827713419
2021-12-08,356.32,41906374,350.9033,357.46,344.3333,Tesla,355.66901428571424,367.63441,0.0163633008189494,0.0359914104907375,8,12,2021,2,4,350.5833,336.3366,378.9966,354.4864172674174,13.126699999999971,-5.416699999999992,15.780170621113124
2021-12-09,334.6,59438496,353.5466,354.1633,334.12,Tesla,348.95664285714287,367.25596666666667,-0.0609564436461607,0.0401485795255603,9,12,2021,3,4,356.32,350.5833,381.5866,349.51481295056305,20.043299999999988,18.94659999999999,12.588839709158014
2021-12-10,339.01,59664366,336.25,340.3265,327.51,Tesla,345.24378571428576,366.58919,0.0131799163179915,0.0398430850205615,10,12,2021,4,4,334.6,356.32,365.0,346.8886097129223,12.816500000000019,-2.759999999999991,10.769730342559525
2021-12-13,322.1366,78595508,333.6966,335.0,317.14,Tesla,339.6156857142857,364.9493,-0.0497725730804401,0.0426038933027566,13,12,2021,0,4,339.01,334.6,361.5333,340.7006072846917,17.860000000000014,11.560000000000002,11.126453003306327
2021-12-14,319.5033,70806277,315.0,322.1366,310.0,Tesla,336.9271142857143,362.1706333333333,-0.0081744825021433,0.0368117473826483,14,12,2021,1,4,322.1366,339.01,338.3233,335.4012804635188,12.136599999999987,-4.503300000000024,13.509420309600724
2021-12-15,325.33,75169238,317.7366,326.2499,309.4167,Tesla,335.35474285714287,359.9927466666667,0.0182367443466153,0.0381005263416457,15,12,2021,2,4,319.5033,322.1366,336.3366,332.8834603476391,16.833200000000033,-7.593399999999974,14.211875972095145
2021-12-16,308.9733,82771448,331.5,331.66,307.2833,Tesla,329.4104571428571,356.8045233333333,-0.050277256939108,0.0352519928829402,16,12,2021,3,4,325.33,319.5033,350.5833,326.9059202607293,24.376700000000028,22.526700000000005,15.430458828117148
2021-12-17,310.8566,100880260,304.9233,320.2199,303.0133,Tesla,322.9156857142857,353.50074333333333,0.0060953486919419,0.0337994046827703,17,12,2021,4,4,308.9733,325.33,356.32,322.893590195547,17.20659999999998,-5.933300000000031,11.20596630229301
2021-12-20,299.98,56480016,303.5666,307.2294,297.7966,Tesla,317.96997142857145,349.9213,-0.0349891236023297,0.0295620865200871,20,12,2021,0,4,310.8566,308.9733,334.6,317.1651926466603,9.432799999999986,3.586599999999976,12.726245419699177
2021-12-21,312.8433,71517937,305.6233,313.1666,295.3733,Tesla,314.2318714285714,347.4278566666666,0.0428805253683577,0.0357758845535439,21,12,2021,1,4,299.98,310.8566,339.01,316.0847194849952,17.793300000000045,-7.220000000000027,8.732412336371667
2021-12-22,336.29,93634089,321.8866,338.5533,319.0166,Tesla,316.2537857142857,347.2653033333333,0.0749471061071149,0.0434076192195215,22,12,2021,2,4,312.8433,299.98,322.1366,321.1360396137464,19.536699999999996,-14.403400000000033,11.923292972921933
2021-12-23,355.6666,92713299,335.6,357.6589,332.52,Tesla,321.41997142857144,347.2547466666667,0.0576187219364239,0.0465907915393319,23,12,2021,3,4,336.29,312.8433,319.5033,329.7686797103098,25.138900000000035,-20.066599999999994,19.187555667213402
2021-12-27,364.6466,71145817,357.89,372.3333,356.905,Tesla,327.0366285714286,347.5928566666667,0.0252483646201244,0.0467131042080865,27,12,2021,0,4,355.6666,336.29,325.33,338.48815978273234,15.428300000000036,-6.756599999999992,25.30282917941016
2021-12-28,362.8233,60323916,369.83,372.9999,359.4733,Tesla,334.7294857142857,348.20452333333327,-0.0050001837395439,0.0381334437261463,28,12,2021,1,4,364.6466,355.6666,308.9733,344.5719448370493,13.52660000000003,7.006699999999967,27.02326356619646
2021-12-29,362.0633,56154066,366.2133,368.0,354.7133,Tesla,342.0447285714285,349.0134133333333,-0.0020946835553283,0.03888642553284,29,12,2021,2,4,362.8233,364.6466,310.8566,348.944783627787,13.286699999999996,4.149999999999977,26.40761862062544
2021-12-30,356.78,47040935,353.7766,365.1833,351.05,Tesla,350.1590142857143,349.18686,-0.0145921997617545,0.0343459119799296,30,12,2021,3,4,362.0633,362.8233,299.98,350.9035877208402,14.133299999999963,-3.003399999999999,19.021782833498566
2021-12-31,352.26,40733644,357.8148,360.6666,351.53,Tesla,355.7899714285714,348.82875,-0.0126688715735185,0.0360552072406802,31,12,2021,4,4,356.78,362.0633,312.8433,351.24269079063015,9.136600000000044,5.5548,9.669257062932191
2022-01-03,399.9266,104686060,382.5833,400.3566,378.68,Tesla,364.8809142857143,349.9776366666666,0.1353165275648669,0.0545332703922305,3,1,2022,0,1,352.26,356.78,336.29,363.4136680929726,21.676600000000008,-17.3433,16.074014197915048
2022-01-04,383.1966,100248280,396.5166,402.6666,374.35,Tesla,368.8137714285714,350.11685666666665,-0.0418326762961003,0.0578558360801224,4,1,2022,1,1,399.9266,352.26,355.6666,368.3594010697295,28.316599999999994,13.319999999999993,16.795499361904223
2022-01-05,362.7066,80119808,382.2166,390.1133,360.3367,Tesla,368.5366285714285,349.35296666666665,-0.0534712468743199,0.0623404105083841,5,1,2022,2,1,383.1966,399.9266,364.6466,366.9462008022971,29.776599999999974,19.510000000000048,16.891454254022218
2022-01-06,354.9,90336489,359.0,362.6666,340.1666,Tesla,367.40472857142856,348.86041333333327,-0.0215231815467378,0.0629072189247626,6,1,2022,3,1,362.7066,383.1966,362.8233,363.93465060172286,22.5,4.100000000000023,17.589175141993607
2022-01-07,342.32,84164768,360.1233,360.3099,336.6666,Tesla,364.5842571428572,347.87107999999995,-0.0354466046773738,0.0642047887893596,7,1,2022,4,1,354.9,362.7066,362.0633,358.53098795129216,23.64330000000001,17.80329999999998,20.005423547200134
2022-01-10,352.7066,91814889,333.3333,353.0333,326.6666,Tesla,364.0023428571429,347.6066333333334,0.0303417854638934,0.065473238652603,10,1,2022,0,1,342.32,354.9,356.78,357.0748909634691,26.36669999999998,-19.373299999999972,20.32692700097262
2022-01-11,354.8,66063217,351.2233,358.6166,346.2733,Tesla,364.3652,346.80008,0.0059352447615099,0.0652456224840897,11,1,2022,1,1,352.7066,342.32,352.26,356.50616822260184,12.3433,-3.5767000000000166,20.103824714715667
2022-01-12,368.74,83739038,359.6166,371.6133,357.53,Tesla,359.9099714285714,346.37186,0.0392897406989853,0.0364870434983629,12,1,2022,2,1,354.8,352.7066,399.9266,359.56462616695137,14.083300000000008,-9.123400000000004,13.169186779969696
2022-01-13,343.8533,97209790,369.6883,371.8666,342.1797,Tesla,354.2895,345.66697000000005,-0.0674911862016597,0.0411025615198051,13,1,2022,3,1,368.74,354.8,383.1966,355.63679462521355,29.68689999999998,25.835000000000036,9.44269220314579
2022-01-14,349.87,72924427,339.96,350.6666,337.7929,Tesla,352.45570000000004,345.2781933333333,0.0174978690040201,0.0385997863413586,14,1,2022,4,1,343.8533,368.74,362.7066,354.1950959689102,12.873700000000042,-9.910000000000025,8.757199581107606
2022-01-18,343.5033,66989407,342.2016,356.9299,338.6866,Tesla,350.8276,345.45086,-0.0181973304370194,0.0383749277778353,18,1,2022,1,1,349.87,343.8533,354.9,351.5221469766827,18.243299999999977,-1.3017000000000394,9.27134620771719
2022-01-19,331.8833,75442508,347.235,351.5566,331.6666,Tesla,349.33664285714286,345.3024166666666,-0.0338279137347443,0.0381581888799449,19,1,2022,2,1,343.5033,349.87,342.32,346.612435232512,19.889999999999986,15.351699999999994,11.45057302305041
2022-01-20,332.09,70488757,336.5766,347.22,331.3333,Tesla,346.3914142857143,344.6859733333333,0.0006228092826603,0.0352733812086203,20,1,2022,3,1,331.8833,343.5033,352.7066,342.981826424384,15.886700000000019,4.48660000000001,12.987578775306154
2022-01-21,314.6333,103416040,332.1133,334.85,313.5,Tesla,340.6533142857143,343.2964166666667,-0.0525661718208918,0.0382218312609608,21,1,2022,4,1,332.09,331.8833,354.8,335.894694818288,21.350000000000023,17.47999999999996,16.92855665568645
2022-01-24,310.0,152375145,301.5866,311.171,283.8233,Tesla,332.2618857142857,342.4764166666667,-0.0147260318599462,0.029586210341401,24,1,2022,0,1,314.6333,332.09,368.74,329.421021113716,27.347699999999975,-8.413400000000024,15.150948433837089
2022-01-25,306.1333,86595909,304.7333,317.0866,301.07,Tesla,326.87331428571434,341.3805266666667,-0.0124732258064516,0.0226268108889746,25,1,2022,1,1,310.0,314.6333,343.8533,323.599090835287,16.016599999999983,-1.400000000000034,16.943005551302278
2022-01-26,312.47,104867290,317.4766,329.23,302.0,Tesla,321.5304571428572,341.0583066666667,0.0206991529506916,0.0234400634945955,26,1,2022,2,1,306.1333,310.0,349.87,320.81681812646525,27.230000000000018,5.006599999999992,14.149073433134216
2022-01-27,276.3666,147109575,311.12,311.7966,276.3333,Tesla,311.9395,339.6204166666667,-0.1155419720293148,0.0445145545988646,27,1,2022,3,1,312.47,306.1333,343.5033,309.70426359484895,35.463300000000004,34.7534,18.771612568273728
2022-01-28,282.1166,134788963,277.1866,285.8333,264.0033,Tesla,304.8299714285714,338.17997,0.020805697938897,0.048296484086638,28,1,2022,4,1,276.3666,312.47,331.8833,302.80734769613673,21.829999999999984,-4.930000000000007,19.373835710800535
2022-01-31,312.24,104436100,290.9033,312.6633,287.35,Tesla,301.9942571428572,338.28886,0.1067764179775312,0.068838216229695,31,1,2022,0,1,282.1166,276.3666,332.09,305.16551077210255,25.31329999999997,-21.336700000000008,15.851306455291558
2022-02-01,310.4166,73138357,311.7366,314.5666,301.6666,Tesla,301.39187142857145,338.27419333333336,-0.0058397386625672,0.065852119465694,1,2,2022,1,1,312.24,282.1166,314.6333,306.4782830790769,12.899999999999977,1.3199999999999932,15.363560096619052
2022-02-02,301.8866,66793057,309.3933,310.5,296.47,Tesla,300.2328142857144,338.3377466666667,-0.0274792005324457,0.0664992900761662,2,2,2022,2,1,310.4166,312.24,310.0,305.3303623093077,14.029999999999973,7.5067000000000235,14.905115775513911
2022-02-03,297.0466,78855578,294.0,312.3333,293.5066,Tesla,298.9347142857143,337.81119,-0.0160325102207251,0.0666074442240237,3,2,2022,3,1,301.8866,310.4166,306.1333,303.25942173198075,18.826700000000017,-3.046600000000012,14.699861916748548
2022-02-04,307.7733,73625467,299.0733,312.1666,293.7233,Tesla,298.2637571428572,336.8606333333334,0.0361111690892943,0.0677422676629531,4,2,2022,4,1,297.0466,301.8866,312.47,304.38789129898555,18.443300000000022,-8.699999999999989,14.072911306699703
2022-02-07,302.4466,60994476,307.93,315.9233,300.9029,Tesla,301.98947142857145,335.08663333333334,-0.0173072193071979,0.0467952719756119,7,2,2022,0,1,307.7733,297.0466,276.3666,303.90256847423916,15.020399999999995,5.483400000000017,10.239832768284089
2022-02-08,307.3333,50729015,301.8433,308.7633,298.2666,Tesla,305.5918571428571,333.17619,0.016157232384163,0.0467132243133167,8,2,2022,1,1,302.4466,307.7733,282.1166,304.7602513556794,10.496700000000033,-5.490000000000009,5.352729146229862
2022-02-09,310.6666,52259555,311.6666,315.4233,306.6666,Tesla,305.36708571428574,331.43763333333334,0.0108458797012884,0.0224599694362646,9,2,2022,2,1,307.3333,302.4466,312.24,306.2368385167595,8.756699999999967,1.0,5.051597307268621
2022-02-10,301.5166,66126847,302.79,314.6033,298.9,Tesla,304.0956571428572,329.41941,-0.0294527960199134,0.0250216562995095,10,2,2022,3,1,310.6666,307.3333,310.4166,305.05677888756964,15.703300000000013,1.2734000000000378,4.674839454594449
2022-02-11,286.6666,79645868,303.21,305.32,283.5666,Tesla,301.92137142857143,327.08229666666665,-0.0492510196785184,0.0294120347907022,11,2,2022,4,1,301.5166,310.6666,301.8866,300.45923416567723,21.7534,16.543399999999963,8.13351312384495
2022-02-14,291.92,67756417,287.19,299.6266,284.3833,Tesla,301.189,325.07096333333334,0.0183258182153065,0.0304983089004778,14,2,2022,0,1,286.6666,301.5166,297.0466,298.3244256242579,15.243299999999977,-4.730000000000018,8.845278147315526
2022-02-15,307.4766,57649536,300.0,307.6666,297.7924,Tesla,301.1466142857143,321.9892966666667,0.0532906275691971,0.0345111426010219,15,2,2022,1,1,291.92,286.6666,307.7733,300.61246921819344,9.87420000000003,-7.476600000000019,8.809105180142087
2022-02-16,307.7966,51294395,304.6833,308.8099,300.4033,Tesla,301.9109,319.4759633333333,0.0010407296034884,0.0336300709047214,16,2,2022,2,1,307.4766,291.92,302.4466,302.40850191364507,8.406600000000026,-3.113300000000038,9.165564385425316
2022-02-17,292.1166,55178436,304.42,306.1666,291.3666,Tesla,299.7370857142857,317.12296333333336,-0.0509427329606629,0.038467649671697,17,2,2022,3,1,307.7966,307.4766,307.3333,299.8355264352338,14.800000000000011,12.30340000000001,9.464785909789017
2022-02-18,285.66,68501857,295.3333,295.6233,279.2033,Tesla,296.1647142857143,314.81496333333337,-0.0221028178473937,0.0379911895952174,18,2,2022,4,1,292.1166,307.7966,310.6666,296.2916448264254,16.41999999999996,9.673299999999983,9.370789990077864
2022-02-22,273.8433,83288198,278.0433,285.5779,267.0333,Tesla,292.21138571428577,312.53240666666665,-0.0413663095988238,0.0391879924185994,22,2,2022,1,1,285.66,292.1166,301.5166,290.67955861981903,18.544600000000003,4.199999999999989,12.159162784287963
2022-02-23,254.68,95257030,276.81,278.4332,253.52,Tesla,287.64187142857145,309.2648533333333,-0.0699790719729129,0.0429830548979954,23,2,2022,2,1,273.8433,285.66,286.6666,281.6796689648643,24.91319999999999,22.129999999999995,18.791702411146865
2022-02-24,266.9233,135322304,233.4633,267.4933,233.3333,Tesla,284.0709142857143,306.33563,0.048073268415266,0.0481035363915043,24,2,2022,3,1,254.68,273.8433,291.92,277.9905767236482,34.15999999999997,-33.45999999999998,20.167891769712078
2022-02-25,269.9566,76067768,269.7433,273.1666,260.8001,Tesla,278.7109142857143,303.04285,0.0113639386295614,0.0407015764737707,25,2,2022,4,1,266.9233,254.68,307.4766,275.9820825427361,12.36650000000003,-0.21330000000000382,17.751730876212928
2022-02-28,290.1433,99006880,271.67,292.2866,271.5691,Tesla,276.1890142857143,301.2525166666666,0.0747775753584096,0.0537961259107482,28,2,2022,0,1,269.9566,266.9233,307.7966,279.52238690705207,20.71750000000003,-18.473299999999995,13.729203466752663
2022-03-01,288.1233,74766877,289.8933,296.6266,284.5933,Tesla,275.61854285714287,299.1942933333333,-0.0069620770150474,0.0502852326259741,1,3,2022,1,1,290.1433,269.9566,292.1166,281.67261518028903,12.033299999999997,1.7700000000000387,13.021823299481616
2022-03-02,293.2966,74643457,290.71,295.4933,281.424,Tesla,276.70948571428573,297.52073666666666,0.0179551601692748,0.0497446055736313,2,3,2022,2,1,288.1233,290.1433,285.66,284.57861138521673,14.069299999999998,-2.5866000000000327,14.263934945805076
2022-03-03,279.7633,61623516,292.9233,295.4796,277.5333,Tesla,277.5552,295.7834033333334,-0.0461420282403546,0.0505107525610823,3,3,2022,3,1,293.2966,288.1233,273.8433,283.37478353891254,17.946300000000008,13.159999999999968,14.241156164443364
2022-03-04,279.43,67179877,283.0333,285.2166,275.0536,Tesla,281.0909142857143,294.02807000000007,-0.0011913642711535,0.0390826920974919,4,3,2022,4,1,279.7633,293.2966,254.68,282.3885876541844,10.163000000000011,3.60329999999999,10.079635780696067
2022-03-07,268.1933,72494167,285.4333,288.7133,268.19,Tesla,281.27234285714286,292.48007,-0.0402129334717101,0.0404683739577064,7,3,2022,0,1,279.43,279.7633,266.9233,278.8397657406383,20.523300000000006,17.239999999999952,9.789374258666893
2022-03-08,274.8,80399108,265.1766,283.33,260.7233,Tesla,281.96425714285715,291.3067366666666,0.0246340978689623,0.0413165120493528,8,3,2022,1,1,268.1933,279.43,269.9566,277.8298243054787,22.60669999999999,-9.623400000000004,8.995230757254047
2022-03-09,286.3233,59183976,279.8266,286.8533,277.3366,Tesla,281.4185428571428,290.6464033333333,0.0419334061135372,0.0328365872144204,9,3,2022,2,1,274.8,268.1933,290.1433,279.95319322910905,9.516700000000014,-6.496700000000033,8.51963362140159
2022-03-10,279.4333,58648656,283.8166,284.8166,270.12,Tesla,280.1771142857143,289.54518,-0.0240637070053328,0.0339349065595148,10,3,2022,3,1,286.3233,274.8,288.1233,279.82321992183176,14.69659999999999,4.38330000000002,7.996919707288705
2022-03-11,265.1166,67037167,280.0656,281.2673,264.59,Tesla,276.1514,289.17018,-0.051234766937226,0.0364981975731513,11,3,2022,4,1,279.4333,286.3233,293.2966,276.1465649413738,16.677300000000002,14.949000000000012,7.359324079021415
2022-03-14,255.4566,71152267,260.2033,266.9,252.0133,Tesla,272.6790142857143,288.2815133333333,-0.0364367979975602,0.0352249382024869,14,3,2022,0,1,265.1166,279.4333,279.7633,270.97407370603037,14.88669999999999,4.746700000000004,10.45454122211156
2022-03-15,267.2966,66841147,258.4233,268.5233,252.19,Tesla,270.9456714285714,286.78340000000003,0.0463483816820549,0.0417224148739323,15,3,2022,1,1,255.4566,265.1166,279.43,270.05470527952275,16.33330000000001,-8.873300000000029,10.150105304828978
2022-03-16,280.0766,84028838,269.6666,280.6666,267.42,Tesla,272.6432857142857,285.77206666666666,0.0478120559707828,0.0427945103754661,16,3,2022,2,1,267.2966,255.4566,268.1933,272.56017895964203,13.2466,-10.409999999999968,10.59695612309638
2022-03-17,290.5333,66582967,276.9966,291.6666,275.2392,Tesla,274.8909,285.3936233333333,0.0373351433143647,0.0439212583313011,17,3,2022,3,1,280.0766,267.2966,274.8,277.0534592197315,16.427400000000034,-13.536699999999996,12.608275584184074
2022-03-18,301.7966,100414210,291.4966,302.6166,289.13,Tesla,277.10137142857144,285.5519566666666,0.0387676731032209,0.0435380169139294,18,3,2022,4,1,290.5333,280.0766,286.3233,283.23924441479863,13.48660000000001,-10.300000000000011,15.878839768775432
2022-03-21,307.0533,81981668,304.9933,314.2833,302.3633,Tesla,281.04708571428574,285.5279566666667,0.0174180226019775,0.0411464675830297,21,3,2022,0,1,301.7966,290.5333,279.4333,289.192758311099,11.920000000000016,-2.0600000000000023,19.55984330258009
2022-03-22,331.3266,105868571,310.0,332.62,307.25,Tesla,290.5056571428572,286.4906233333333,0.0790523990460287,0.0356713133671528,22,3,2022,1,1,307.0533,301.7966,265.1166,299.72621873332423,25.370000000000005,-21.326599999999985,25.636958957585147
2022-03-23,333.0366,120676152,326.6466,346.9,325.4666,Tesla,301.58851428571427,287.3474,0.0051610706776938,0.0236267920327773,23,3,2022,2,1,331.3266,307.0533,255.4566,308.0538140499932,21.43339999999995,-6.390000000000043,24.71220556772433
2022-03-24,337.9733,68920897,336.5766,341.4966,329.6,Tesla,311.6851857142857,288.2576233333333,0.01482329569783,0.0249263416894488,24,3,2022,3,1,333.0366,331.3266,267.2966,315.5336855374949,11.896599999999978,-1.3967000000000098,22.72471654633903
2022-03-25,336.88,62031546,336.0,340.5999,332.44,Tesla,319.7999571428572,289.4364033333333,-0.0032348709202768,0.0276462877450966,25,3,2022,4,1,337.9733,333.0366,280.0766,320.8702641531212,8.159899999999993,-0.8799999999999955,19.46452251891995
2022-03-28,363.9466,102506080,355.0333,365.9599,351.2,Tesla,330.2875714285714,292.01240333333334,0.0803449299453811,0.0342941702996071,28,3,2022,0,1,336.88,337.9733,290.5333,331.6393481148409,14.759900000000016,-8.913299999999992,20.799296072761408
2022-03-29,366.5233,73614817,369.33,371.59,357.7033,Tesla,339.5342428571429,294.49918,0.007079884796286,0.0355052720544833,29,3,2022,1,1,363.9466,336.88,301.7966,340.3603360861307,13.886699999999962,2.806699999999978,20.406087112007903
2022-03-30,364.6633,59865006,363.7233,371.3166,361.3333,Tesla,347.76424285714285,296.4054033333333,-0.0050747114849178,0.0376458917137652,30,3,2022,2,1,366.5233,363.9466,307.0533,346.436077064598,9.983299999999986,-0.9399999999999977,16.33390089832126
2022-03-31,359.2,48992765,364.8566,367.7133,358.8803,Tesla,351.7461571428572,298.11885,-0.0149817653709599,0.0316270972400405,31,3,2022,3,1,364.6633,366.5233,331.3266,349.6270577984485,8.833000000000027,5.656600000000026,15.002049084580959
2022-04-01,361.53,54263225,360.3833,364.9166,355.5466,Tesla,355.8166428571429,300.43263,0.0064866369710467,0.031583144901456,1,4,2022,4,2,359.2,364.6633,333.0366,352.60279334883637,9.370000000000005,-1.146699999999953,12.780603372148464
2022-04-04,381.8166,82177718,363.1266,383.3033,357.51,Tesla,362.0799714285714,303.63785,0.0561131856277488,0.0357360549416602,4,4,2022,0,2,361.53,359.2,337.9733,359.90624501162733,25.793299999999988,-18.689999999999998,13.310840374760627
2022-04-05,363.7533,80075018,378.7666,384.29,362.4333,Tesla,365.91901428571424,306.63485000000003,-0.0473088388509037,0.0432212338393495,5,4,2022,1,2,381.8166,361.53,336.88,360.8680087587205,21.856700000000046,15.013299999999958,7.389909189658676
2022-04-06,348.5866,89348559,357.8233,359.6666,342.5666,Tesla,363.72472857142856,309.76507000000004,-0.0416950169249324,0.0347518580459166,6,4,2022,2,2,363.7533,381.8166,363.9466,357.79765656904044,17.100000000000023,9.236700000000042,9.920370333091883
2022-04-07,352.42,79447058,350.7966,358.8633,340.5133,Tesla,361.7099714285714,312.61496,0.0109969803773295,0.0350210420251877,7,4,2022,3,2,348.5866,363.7533,366.5233,356.4532424267803,18.349999999999966,-1.6234000000000037,10.661712236582416
2022-04-08,341.83,55013706,347.7366,349.48,340.8116,Tesla,358.44807142857144,315.01074,-0.0300493729073265,0.036271874829572,8,4,2022,4,2,352.42,348.5866,364.6633,352.7974318200852,8.66840000000002,5.906600000000026,12.87144009020335
2022-04-11,325.31,59357226,326.8,336.156,324.88,Tesla,353.60664285714284,316.18296333333336,-0.0483281163151273,0.0393072643541905,11,4,2022,0,2,341.83,352.42,359.2,345.9255738650639,11.27600000000001,1.490000000000009,17.923607277912573
2022-04-12,328.9833,65976097,332.5466,340.3973,325.5333,Tesla,348.9571142857143,317.5449633333333,0.0112916910024283,0.039751829885145,12,4,2022,1,2,325.31,341.83,361.53,341.6900053987979,14.863999999999976,3.5633000000000266,19.66272616148168
2022-04-13,340.79,55121226,327.025,342.08,324.3656,Tesla,343.09617142857144,319.1280766666667,0.0358884478330663,0.0342732573405904,13,4,2022,2,2,328.9833,325.31,381.8166,341.4650040490984,17.714400000000012,-13.765000000000043,13.330655127276113
2022-04-14,328.3333,58422426,333.0966,337.5699,327.3966,Tesla,338.03617142857144,320.74707666666666,-0.0365524223128613,0.0328252313941167,14,4,2022,3,2,340.79,328.9833,363.7533,338.18207803682384,10.17330000000004,4.763300000000015,10.632014615727517
2022-04-18,334.7633,51715235,329.6766,338.3066,324.47,Tesla,336.0614142857143,322.59151999999995,0.0195837583333764,0.0323965762490744,18,4,2022,0,2,328.3333,340.79,348.5866,337.3273835276179,13.836599999999976,-5.0867000000000075,9.577237707785377
2022-04-19,342.7166,49847825,335.02,344.98,331.775,Tesla,334.6752142857143,325.07563000000005,0.0237579806388574,0.0337959365884363,19,4,2022,1,2,334.7633,328.3333,352.42,338.6746876457134,13.205000000000041,-7.696600000000046,7.229317739922655
2022-04-20,325.7333,70711327,343.3333,344.6666,325.0833,Tesla,332.37568571428574,326.77340666666663,-0.0495549383951638,0.0370030183840685,20,4,2022,2,2,342.7166,334.7633,341.83,335.439340734285,19.58330000000001,17.600000000000023,7.1336089607408635
2022-04-21,336.26,105416351,358.2433,364.0733,332.1383,Tesla,333.9399714285714,328.43796333333324,0.0323169292178602,0.034173237293981,21,4,2022,3,2,325.7333,342.7166,325.31,335.64450555071375,31.935000000000002,21.983299999999986,6.498273041281561
2022-04-22,335.0166,69696577,338.3033,344.95,331.3333,Tesla,334.8018714285714,330.29074,-0.0036977338963897,0.0342009838641052,22,4,2022,4,2,336.26,325.7333,328.9833,335.4875291630353,13.61669999999998,3.286699999999996,6.120399650271696
2022-04-25,332.6733,68341357,326.3233,336.2066,325.1,Tesla,333.64234285714286,332.54263,-0.0069945787760964,0.0310453140360556,25,4,2022,0,2,335.0166,336.26,340.79,334.7839718722764,11.106599999999958,-6.349999999999966,5.538010145908888
2022-04-26,292.14,136133684,331.81,333.3333,291.6666,Tesla,328.47187142857143,333.76541,-0.1218411576763148,0.054371748026664,26,4,2022,1,2,332.6733,335.0166,328.3333,324.12297890420734,41.66669999999999,39.670000000000016,16.78858462008393
2022-04-27,293.8366,76956398,299.5266,306.0,292.4533,Tesla,322.6252,334.6500766666667,0.0058074895598001,0.0531380237175691,27,4,2022,2,2,292.14,332.6733,334.7633,316.5513841781555,13.546699999999987,5.689999999999998,20.86414159581003
2022-04-28,292.5033,124948542,299.9933,300.0,273.9,Tesla,315.4518714285714,335.0643,-0.0045375559069222,0.0505171097022895,28,4,2022,3,2,293.8366,292.14,342.7166,310.53936313361663,26.100000000000023,7.489999999999952,21.429506267738983
2022-04-29,290.2533,88133019,300.75,311.4666,290.0,Tesla,310.3833,335.0549666666667,-0.0076922209082769,0.0490598054519933,29,4,2022,4,2,292.5033,293.8366,325.7333,305.4678473502125,21.466600000000028,10.496699999999976,22.747782850057163
2022-05-02,300.98,75781388,286.9233,302.1199,282.6766,Tesla,305.3433,335.0277466666667,0.0369563412371194,0.0498344829330994,2,5,2022,0,2,290.2533,292.5033,336.26,304.3458855126594,19.443299999999965,-14.056700000000035,19.7727800926769
2022-05-03,303.0833,63709596,301.06,308.0266,296.1966,Tesla,300.7814,334.8954133333333,0.0069881719715594,0.0503837256101547,3,5,2022,1,2,300.98,290.2533,335.0166,304.03023913449454,11.829999999999984,-2.023300000000006,14.85879841149226
2022-05-04,317.54,81643718,301.3133,318.5,295.0933,Tesla,298.6195,334.43586,0.0476987679624711,0.0554631346896073,4,5,2022,2,2,303.0833,300.98,332.6733,307.4076793508709,23.4067,-16.226699999999994,9.624136744666208
2022-05-05,291.0933,92519199,313.07,315.2,285.9,Tesla,298.46997142857145,333.03775,-0.0832862001637589,0.0423070544626328,5,5,2022,3,2,317.54,303.0833,292.14,303.3290845131532,29.30000000000001,21.976699999999994,9.74890851253353
2022-05-06,288.55,72903127,295.6666,296.0,281.035,Tesla,297.7147428571429,331.3903066666666,-0.0087370612789782,0.0423472747741498,6,5,2022,4,2,291.0933,317.54,293.8366,299.63431338486487,14.964999999999975,7.116600000000005,10.353682228216803
2022-05-09,262.37,90810219,278.8166,281.8766,260.3833,Tesla,293.4099857142857,328.90664000000004,-0.0907295096170508,0.0541589943334996,9,5,2022,0,2,288.55,291.0933,292.5033,290.31823503864865,21.493299999999977,16.44659999999999,17.007682512464857
2022-05-10,266.68,84401648,273.1033,275.12,258.0833,Tesla,290.04237142857147,325.66442,0.0164271829858597,0.0553889635009054,10,5,2022,1,2,262.37,288.55,290.2533,284.4086762789865,17.036699999999996,6.423299999999983,19.835613075201202
2022-05-11,244.6666,97224460,265.0,269.9233,242.4,Tesla,281.99760000000003,321.60253,-0.0825461226938654,0.0566652085043304,11,5,2022,2,2,266.68,262.37,300.98,274.47315720923984,27.523299999999978,20.33340000000001,25.32130117450633
2022-05-12,242.6666,140312864,233.6666,253.22,226.6666,Tesla,273.36664285714284,317.53597333333335,-0.0081743891483349,0.0553919042485977,12,5,2022,3,2,244.6666,266.68,303.0833,266.5215179069299,26.55340000000001,-9.0,27.16577696022928
2022-05-13,256.53,92150739,257.8266,262.4499,250.5216,Tesla,264.6509285714285,314.11364,0.0571294112992888,0.0576621629602026,13,5,2022,4,2,242.6666,244.6666,317.54,264.0236384301974,11.928300000000007,1.2966000000000122,19.271386215383117
2022-05-16,241.4566,86098539,255.72,256.5866,239.6961,Tesla,257.55997142857143,310.11119333333335,-0.058758819631232,0.0544374212128565,16,5,2022,0,2,256.53,242.6666,291.0933,258.38187882264805,16.890499999999975,14.26339999999999,16.90721797869579
2022-05-17,253.87,80236118,249.12,254.8266,242.95,Tesla,252.60568571428573,305.8463066666667,0.0514104812210558,0.0617043320662716,17,5,2022,1,2,241.4566,256.53,288.55,257.25390911698605,11.876600000000025,-4.75,9.971154299520942
2022-05-18,236.6033,87811809,248.1733,253.5,233.6033,Tesla,248.92472857142857,301.60797333333335,-0.068013944144641,0.0576090619170525,18,5,2022,2,2,253.87,241.4566,262.37,252.09125683773954,19.89670000000001,11.570000000000022,10.507393468845908
2022-05-19,236.4733,90296679,235.6666,244.6666,231.37,Tesla,244.6094857142857,297.8708633333333,-0.0005494428860459,0.0564997143405304,19,5,2022,3,2,236.6033,253.87,266.68,248.18676762830464,13.296599999999984,-0.8067000000000064,7.872643230508137
2022-05-20,221.3,144973334,237.9966,240.5273,211.0,Tesla,241.2714,293.5001966666667,-0.0641649606953511,0.0532030732596233,20,5,2022,4,2,236.4733,236.6033,244.6666,241.46507572122846,29.527299999999997,16.69659999999999,11.812424371402683
2022-05-23,224.9666,88903659,218.34,226.6517,212.6866,Tesla,238.74282857142856,289.60475,0.0165684591052868,0.0543872089835874,23,5,2022,0,2,221.3,236.4733,242.6666,237.34045679092134,13.965100000000007,-6.626599999999996,13.26866247275232
2022-05-24,209.3866,89092539,217.8433,217.9733,206.8566,Tesla,232.00805714285715,285.74063666666666,-0.0692547249236109,0.0493313383436612,24,5,2022,1,2,224.9666,221.3,256.53,230.35199259319103,11.116700000000009,8.456700000000012,14.630157711828591
2022-05-25,219.6,92139339,207.95,223.1066,207.67,Tesla,228.88568571428573,282.0945266666667,0.0487777154794051,0.0544651657167747,25,5,2022,2,2,209.3866,224.9666,241.4566,227.6639944448933,15.436599999999999,-11.650000000000006,14.609868722940432
2022-05-26,235.91,106003361,220.4733,239.5566,217.8866,Tesla,226.3199714285714,278.59852666666666,0.074271402550091,0.0593772427775347,26,5,2022,3,2,219.6,209.3866,253.87,229.72549583366995,21.670000000000016,-15.436700000000002,10.485977834669278
2022-05-27,253.21,89294979,241.0833,253.2666,240.177,Tesla,228.69235714285716,276.0944166666667,0.0733330507396889,0.0599586858220166,27,5,2022,4,2,235.91,219.6,236.6033,235.59662187525248,13.089600000000019,-12.1267,14.362356347514215
2022-05-31,252.7533,101914390,257.9466,259.6,244.7433,Tesla,231.01807142857143,273.36075,-0.0018036412463963,0.0600017957650814,31,5,2022,1,2,253.21,235.91,236.4733,239.88579140643935,14.856700000000018,5.193299999999994,16.92230751589459
2022-06-01,246.79,77247968,251.72,257.3266,243.64,Tesla,234.6595,270.1631966666667,-0.0235933615901355,0.0530795642803286,1,6,2022,2,2,252.7533,253.21,221.3,241.6118435548295,13.686599999999999,4.930000000000007,17.222464759051864
2022-06-02,258.3333,93473139,244.1566,264.21,242.0666,Tesla,239.42617142857145,267.91653,0.0467737752745249,0.0542627029420808,2,6,2022,3,2,246.79,252.7533,224.9666,245.79220766612212,22.143399999999986,-14.176700000000011,18.65086304855152
2022-06-03,234.5166,112393751,243.225,247.7966,233.4178,Tesla,243.01617142857145,264.5250833333333,-0.0921936893153146,0.060921027105937,3,6,2022,4,2,258.3333,246.79,209.3866,242.97330574959162,14.378800000000012,8.708399999999983,13.654300267284032
2022-06-06,238.28,84204518,244.3533,244.8666,234.35,Tesla,245.68474285714288,261.30053000000004,0.016047478088971,0.0593965065466109,6,6,2022,0,2,234.5166,258.3333,219.6,241.7999793121937,10.516600000000011,6.073299999999989,9.5123149642779
2022-06-07,238.8866,72808597,234.0,239.9966,230.0933,Tesla,246.10997142857144,258.17430666666667,0.002545744502266,0.0529550801585948,7,6,2022,1,2,238.28,234.5166,235.91,241.07163448414525,9.903300000000002,-4.886599999999987,9.058221209623989
2022-06-08,241.8666,76210628,240.0866,249.9633,239.1766,Tesla,244.4894857142857,256.4985266666667,0.0124745381281328,0.043667808651823,8,6,2022,2,2,238.8866,238.28,253.21,241.27037586310894,10.786699999999996,-1.7800000000000011,8.578288549289136
2022-06-09,239.7066,96491320,249.34,255.5466,239.3266,Tesla,242.62567142857145,254.6941933333333,-0.0089305427041187,0.043645486446232,9,6,2022,3,2,241.8666,238.8866,252.7533,240.8794318973317,16.22,9.633399999999995,7.8717951147850345
2022-06-10,232.23,98090920,235.1566,239.5,227.9133,Tesla,240.54567142857144,252.68508333333332,-0.0311906305458423,0.044226279353293,10,6,2022,4,2,239.7066,241.8666,246.79,238.7170739229988,11.586700000000008,2.9266000000000076,8.48758408868448
2022-06-13,215.7366,102767260,223.1666,226.6333,214.6833,Tesla,234.46042857142857,250.2011933333333,-0.0710218318046763,0.0423802061196237,13,6,2022,0,2,232.23,239.7066,258.3333,232.9719554422491,11.949999999999989,7.429999999999978,8.870489769595517
2022-06-14,220.89,97988800,218.2866,226.33,211.7366,Tesla,232.51377142857143,247.53152666666668,0.0238874627670964,0.0332563989438323,14,6,2022,1,2,215.7366,232.23,234.5166,229.95146658168684,14.593400000000003,-2.6033999999999935,10.244840902254243
2022-06-15,233.0,119131962,220.9166,235.6633,218.15,Tesla,231.75948571428572,245.19541666666663,0.0548236678889946,0.040397487337597,15,6,2022,2,2,220.89,215.7366,238.28,230.71359993626513,17.513299999999987,-12.083400000000012,9.939357695455822
2022-06-16,213.1,107390711,222.7366,225.1666,208.6933,Tesla,228.07568571428573,241.71408333333332,-0.0854077253218884,0.0508872590763394,16,6,2022,3,2,233.0,220.89,238.8866,226.31019995219884,16.473299999999995,9.636600000000016,11.511826964686744
2022-06-17,216.76,92641779,213.4333,220.9694,213.1966,Tesla,224.48902857142855,239.23630666666665,0.0171750351947441,0.0513400353165794,17,6,2022,4,2,213.1,233.0,241.8666,223.92264996414912,7.772800000000018,-3.326699999999988,10.351647377069003
2022-06-21,237.0366,122792982,224.6033,243.5773,224.3333,Tesla,224.1076,237.51919333333333,0.093544011810297,0.0657427777783074,21,6,2022,1,2,216.76,213.1,239.7066,227.20113747311186,19.244,-12.433300000000003,9.727866114079989
2022-06-22,236.0866,101527270,234.5033,246.8333,233.8266,Tesla,224.6585428571429,236.64308,-0.0040078198894178,0.0643638989947325,22,6,2022,2,2,237.0366,216.76,232.23,229.42250310483388,13.006699999999995,-1.5833000000000084,10.35363517335765
2022-06-23,235.07,104202700,237.905,239.3166,228.6366,Tesla,227.42045714285717,235.5894133333333,-0.0043060470183399,0.0557407737486136,23,6,2022,3,2,236.0866,237.0366,215.7366,230.8343773286254,10.680000000000007,2.835000000000008,10.153708268886364
2022-06-24,245.7066,95770720,237.4683,246.0666,236.0866,Tesla,230.96568571428568,235.62408,0.0452486493384949,0.0569644896854095,24,6,2022,4,2,235.07,236.0866,220.89,234.55243299646907,9.97999999999999,-8.23830000000001,11.707137284503734
2022-06-27,244.92,89178309,249.3666,252.07,242.5655,Tesla,232.66854285714285,235.6991933333333,-0.0032013792059311,0.0546720485362875,27,6,2022,0,2,245.7066,235.07,233.0,237.1443247473518,9.504500000000007,4.446600000000018,12.862275432557674
2022-06-28,232.6633,90666519,244.4833,249.97,232.3433,Tesla,235.4633,234.90363666666664,-0.0500436877347705,0.045403451854859,28,6,2022,1,2,244.92,245.7066,213.1,236.02406856051385,17.6267,11.820000000000022,9.617919571826084
2022-06-29,228.49,82897268,230.5,231.1733,222.2733,Tesla,237.13901428571427,234.47141666666667,-0.0179370790322322,0.0468447550619086,29,6,2022,2,2,232.6633,244.92,216.76,234.1405514203854,8.900000000000006,2.009999999999991,6.247447675774575
2022-06-30,224.4733,94600449,224.51,229.4566,218.8633,Tesla,235.34425714285712,233.4915266666667,-0.0175793251345792,0.0284127929557796,30,6,2022,3,2,228.49,232.6633,237.0366,231.72373856528904,10.5933,0.03669999999999618,7.8744880472514405
2022-07-01,227.2633,74460457,227.0,230.23,222.12,Tesla,234.0837857142857,233.1801933333333,0.0124290951306902,0.0294022002040572,1,7,2022,4,3,224.4733,228.49,236.0866,230.60862892396676,8.109999999999985,-0.26329999999998677,8.422931495915135
2022-07-05,233.0666,84779108,223.0,233.1466,216.1667,Tesla,233.79758571428573,233.06663666666665,0.0255355792158258,0.0316095503657521,5,7,2022,1,3,227.2633,224.4733,235.07,231.22312169297507,16.979900000000015,-10.066599999999994,8.417871118333876
2022-07-06,231.7333,71853637,230.78,234.5633,227.1866,Tesla,231.8014,233.41441333333333,-0.0057206824143827,0.0242499054447986,6,7,2022,2,3,233.0666,227.2633,245.7066,231.3506662697313,7.3767,-0.9533000000000129,6.579091596372098
2022-07-07,244.5433,81930698,233.92,245.3616,232.21,Tesla,231.7475857142857,234.06697,0.0552790643381853,0.0342287429661,7,7,2022,3,3,231.7333,233.0666,244.92,234.6488247022985,13.151600000000002,-10.6233,6.454258997092489
2022-07-08,250.7633,101854090,242.3333,254.9799,241.1614,Tesla,234.3333,235.44619333333333,0.0254351683321523,0.0268204545744226,8,7,2022,4,3,244.5433,231.7333,232.6633,238.67744352672386,13.8185,-8.429999999999978,9.694518930652707
2022-07-11,234.3433,99509230,252.1033,253.0633,233.6266,Tesla,235.1694857142857,235.93763666666663,-0.0654800762312507,0.0387534182470982,11,7,2022,0,3,250.7633,244.5433,228.49,237.5939076450429,19.436700000000002,17.75999999999999,9.352928980175735
2022-07-12,233.07,87930969,236.8466,239.7733,228.3683,Tesla,236.3975857142857,235.84297,-0.0054334815631597,0.0378739663875794,12,7,2022,1,3,234.3433,250.7633,224.4733,236.46293073378217,11.405000000000001,3.776600000000002,8.208791295609608
2022-07-13,237.04,97954510,225.5,242.0599,225.0333,Tesla,237.79425714285716,235.30397,0.0170335092461493,0.038043706485731,13,7,2022,2,3,233.07,234.3433,227.2633,236.60719805033662,17.026600000000002,-11.539999999999992,7.1604028082435836
2022-07-14,238.3133,78557498,234.8966,238.6533,229.3333,Tesla,238.5437857142857,234.82263666666665,0.0053716672291597,0.0371290500215673,14,7,2022,3,3,237.04,233.07,233.0666,237.03372353775248,9.319999999999993,-3.4166999999999916,6.850964921445222
2022-07-15,240.0666,69683017,240.0,243.6233,236.89,Tesla,239.73425714285716,234.5985233333333,0.0073571219063308,0.0368994223403015,15,7,2022,4,3,238.3133,237.04,231.7333,237.79194265331435,6.733300000000014,-0.066599999999994,6.159410337819133
2022-07-18,240.5466,82537448,244.9366,250.5166,239.6033,Tesla,239.1633,234.0056333333333,0.0019994451539697,0.0297611410772524,18,7,2022,0,3,240.0666,238.3133,244.5433,238.48060698998577,10.91330000000002,4.389999999999986,5.814938772401383
2022-07-19,245.53,80890118,245.0,247.14,236.9766,Tesla,238.4156857142857,234.3727466666667,0.0207169837362073,0.0290830070469955,19,7,2022,1,3,240.5466,240.0666,250.7633,240.24295524248933,10.163399999999996,-0.5300000000000011,4.182173609684317
2022-07-20,247.5,88864089,246.7833,250.6633,243.483,Tesla,240.29521428571428,234.68008,0.0080234594550563,0.008822217449144,20,7,2022,2,3,245.53,240.5466,234.3433,242.057216431867,7.180299999999988,-0.716700000000003,4.935509154572671
2022-07-21,271.7066,142032194,255.1066,273.2666,254.8666,Tesla,245.8147285714286,235.77408,0.0978044444444443,0.0338039878966682,21,7,2022,3,3,247.5,245.53,233.07,249.46956232390025,18.399999999999977,-16.599999999999994,12.023391569872537
2022-07-22,272.2433,103472860,276.22,280.7866,270.7133,Tesla,250.84377142857144,236.78663666666665,0.0019752924662117,0.0346860112303237,22,7,2022,4,3,271.7066,247.5,237.04,255.16299674292517,10.073300000000017,3.9767000000000507,14.786290333136577
2022-07-25,268.4333,64073526,272.2166,274.1466,267.4,Tesla,255.14662857142855,237.74419333333333,-0.0139948347672835,0.0367984853141186,25,7,2022,0,3,272.2433,271.7066,238.3133,258.48057255719385,6.746600000000001,3.783300000000054,14.914104257909766
2022-07-26,258.86,66820777,266.5133,267.3099,256.2633,Tesla,257.8314,238.63186,-0.0356636080545892,0.0420334207082802,26,7,2022,1,3,268.4333,272.2433,240.0666,258.5754294178954,11.046600000000012,7.6533000000000015,13.357325812580061
2022-07-27,274.82,88110009,263.81,275.9256,261.79,Tesla,262.7276,240.60130666666663,0.0616549486208761,0.04566463968515,27,7,2022,2,3,258.86,268.4333,240.5466,262.63657206342157,14.135599999999954,-11.009999999999991,12.196636934147502
2022-07-28,280.9,84723008,280.0666,283.3,272.8,Tesla,267.7804571428572,242.60164,0.0221235717924459,0.0456710358772113,28,7,2022,3,3,274.82,258.86,245.53,267.20242904756617,10.5,-0.8333999999999833,11.167712641640692
2022-07-29,297.15,95312890,280.7,298.32,279.1,Tesla,274.8733142857143,244.73997333333327,0.0578497686009256,0.0472972564414997,29,7,2022,4,3,280.9,274.82,247.5,274.6893217856746,19.21999999999997,-16.44999999999999,11.884300445327995
2022-08-01,297.2766,117042912,301.275,311.8782,295.0,Tesla,278.5261714285714,247.54586,0.0004260474507824,0.0361407851014315,1,8,2022,0,3,297.15,280.9,271.7066,280.33614133925596,16.878199999999993,3.9984000000000037,14.410037917684456
2022-08-02,300.5866,95577490,294.0033,307.8333,292.6666,Tesla,282.57521428571425,250.34008,0.011134411521122,0.0358191477999622,2,8,2022,1,3,297.2766,297.15,272.2433,285.39875600444196,15.166699999999992,-6.5832999999999515,16.218918766309482
2022-08-03,307.3966,80091128,305.0,309.55,301.15,Tesla,288.1414,252.6854133333333,0.0226557005535177,0.0335148546607134,3,8,2022,2,3,300.5866,297.2766,268.4333,290.89821700333147,8.400000000000034,-2.396599999999978,17.21215869165486
2022-08-04,308.6333,72256327,311.0,313.6066,305.0,Tesla,295.2518714285714,255.1036366666667,0.004023141440081,0.0247293335987542,4,8,2022,3,3,307.3966,300.5866,258.86,295.3319877524986,8.606600000000014,2.3666999999999803,12.820272962866877
2022-08-05,288.17,113172911,302.67,304.6066,285.5446,Tesla,297.1590142857143,256.87363666666664,-0.0663029556434772,0.0376404217271155,5,8,2022,4,3,308.6333,307.3966,274.82,293.54149081437396,19.062000000000012,14.5,9.944743743713422
2022-08-08,290.4233,99365290,295.0,305.2,289.0854,Tesla,298.5194857142857,258.36419333333333,0.0078193427490715,0.037093167626602,8,8,2022,0,3,288.17,308.6333,280.9,292.76194311078046,16.114599999999996,4.576700000000017,7.761504285132187
2022-08-09,283.3333,86244699,290.2933,292.3966,279.3533,Tesla,296.54567142857144,259.64463666666666,-0.0244126418231593,0.0300608612336201,9,8,2022,1,3,290.4233,288.17,297.15,290.40478233308534,13.043299999999988,6.9599999999999795,9.686062479963011
2022-08-10,294.3566,94918869,297.0666,297.51,283.37,Tesla,296.12852857142855,261.70108,0.0389057692830316,0.0346767222507145,10,8,2022,2,3,283.3333,290.4233,297.2766,291.392736749814,14.139999999999986,2.7099999999999795,9.712179279942676
2022-08-11,286.63,70155067,296.5133,298.2366,285.8333,Tesla,294.1347285714286,263.63908000000004,-0.026249114169684,0.0353889468512867,11,8,2022,3,3,294.3566,283.3333,300.5866,290.20205256236045,12.403300000000002,9.88330000000002,10.070414864629512
2022-08-12,300.03,79657298,289.415,300.16,285.0333,Tesla,293.0823571428572,266.15763666666663,0.0467501657188709,0.0395885208050862,12,8,2022,4,3,286.63,294.3566,307.3966,292.65903942177033,15.126700000000028,-10.614999999999952,8.75218187403741
2022-08-15,309.32,89359179,301.7866,313.1333,301.23,Tesla,293.1804571428571,268.89286,0.0309635703096358,0.0416177372046963,15,8,2022,0,3,300.03,286.63,308.6333,296.82427956632773,11.903300000000002,-7.533399999999972,8.956989653127255
2022-08-16,306.5633,88136319,311.6666,314.6666,302.8833,Tesla,295.80807142857145,271.34275,-0.0089121298331823,0.0302282280599088,16,8,2022,1,3,309.32,300.03,288.17,299.2590346747458,11.783299999999997,5.10329999999999,9.891337002603947
2022-08-17,303.9966,68765977,303.3966,309.6566,300.0333,Tesla,297.7471142857143,273.7515266666667,-0.0083724959902246,0.0309678822716515,17,8,2022,2,3,306.5633,309.32,290.4233,300.4434260060593,9.623300000000029,-0.6000000000000227,9.989730665444727
2022-08-18,302.87,47500535,306.0,306.5,301.8533,Tesla,300.5380714285714,275.69575,-0.0037059625008963,0.0283507891101679,18,8,2022,3,3,303.9966,306.5633,283.3333,301.05006950454447,4.64670000000001,3.1299999999999955,7.775261367251581
2022-08-19,296.6666,61395396,299.0,300.36,292.5,Tesla,300.86807142857145,277.22585999999995,-0.0204820550070987,0.0270858122560248,19,8,2022,4,3,302.87,303.9966,294.3566,299.9542021284084,7.860000000000014,2.3333999999999833,7.513804384536131
2022-08-22,289.9133,55843356,291.9133,292.4,286.2966,Tesla,301.33711428571434,279.07819333333333,-0.0227639376997613,0.0265183689509074,22,8,2022,0,3,296.6666,302.87,286.63,297.4439765963063,6.103399999999965,2.0,6.51265266754809
2022-08-23,296.4533,63985056,291.4533,298.8266,287.9233,Tesla,300.82615714285714,281.19097,0.0225584683420871,0.0206244083546343,23,8,2022,1,3,289.9133,296.6666,300.03,297.19630744722974,10.903300000000002,-5.0,6.767611868516387
2022-08-24,297.0966,57259716,297.5633,303.6466,296.5,Tesla,299.07995714285715,283.19285666666667,0.0021699876506688,0.015229243355846,24,8,2022,2,3,296.4533,289.9133,309.32,297.1713805854223,7.146599999999978,0.466700000000003,5.704138137313389
2022-08-25,296.07,53230010,302.36,302.96,291.6,Tesla,297.5809142857143,285.11808,-0.0034554417654056,0.0151736327977077,25,8,2022,3,3,297.0966,296.4533,306.5633,296.89603543906674,11.359999999999957,6.2900000000000205,4.7002245798961555
2022-08-26,288.09,57163950,297.43,302.0,287.47,Tesla,295.3085428571429,286.71885999999995,-0.0269530854189887,0.0173575869126602,26,8,2022,4,3,296.07,297.0966,303.9966,294.69452657930003,14.529999999999973,9.340000000000032,4.9214393903503515
2022-08-29,284.82,41864740,282.83,287.74,280.7,Tesla,292.72997142857145,288.19463999999994,-0.0113506195980421,0.0173181525079059,29,8,2022,0,3,288.09,296.07,302.87,292.22589493447504,7.0400000000000205,-1.990000000000009,5.0268293004390925
2022-08-30,277.7,50541760,287.865,288.48,272.65,Tesla,290.02045714285714,289.26697333333334,-0.0249982445053016,0.0179081777034949,30,8,2022,1,3,284.82,288.09,296.6666,288.5944212008563,15.830000000000041,10.16500000000002,7.195216001823702
2022-08-31,275.61,52107340,280.62,281.25,271.81,Tesla,287.9771285714286,290.2039733333333,-0.0075261073100467,0.0168897341097729,31,8,2022,2,3,277.7,284.82,289.9133,285.3483159006422,9.439999999999998,5.009999999999991,9.028198885847976
2022-09-01,277.16,54287020,272.575,277.58,266.15,Tesla,285.22094285714286,290.3857533333333,0.005623888828417,0.0126067714117148,1,9,2022,3,3,275.61,277.7,296.4533,283.30123692548165,11.430000000000007,-4.585000000000036,8.953948117426942
2022-09-02,270.21,50890090,281.065,282.35,269.08,Tesla,281.38,290.3179766666666,-0.0250757685091645,0.0126097418272159,2,9,2022,4,3,277.16,275.61,297.0966,280.02842769411126,13.270000000000039,10.855000000000018,8.775594946596042
2022-09-06,274.42,55859980,272.675,275.99,265.74,Tesla,278.28714285714284,290.51753333333335,0.0155804744458014,0.0165473519582486,6,9,2022,1,3,270.21,277.16,296.07,278.62632077058345,10.25,-1.7450000000000045,6.1610543315450785
2022-09-07,283.7,50028920,273.1,283.84,272.27,Tesla,277.66,291.3455333333333,0.0338167772028277,0.0217156620716251,7,9,2022,2,3,274.42,270.21,288.09,279.89474057793757,11.569999999999993,-10.599999999999966,5.13487098183206
2022-09-08,289.26,53713120,281.3,289.5,279.76,Tesla,278.2942857142857,291.82686666666666,0.0195981670778992,0.0226237766027475,8,9,2022,3,3,283.7,274.42,284.82,282.2360554334532,9.740000000000009,-7.9599999999999795,6.307133149973011
2022-09-09,299.68,54470850,291.67,299.85,291.245,Tesla,281.4342857142857,292.4528666666667,0.0360229551268755,0.0220419618610807,9,9,2022,4,3,289.26,283.7,277.7,286.5970415750899,8.605000000000018,-8.009999999999991,10.219735575745114
2022-09-12,304.42,48674600,300.72,305.49,300.4,Tesla,285.55,292.69520000000006,0.015816871329418,0.0204543932559998,12,9,2022,0,3,299.68,289.26,275.61,291.05278118131747,5.090000000000032,-3.6999999999999886,12.926104079215655
2022-09-13,292.13,68229620,292.9,297.3999,290.4,Tesla,287.68857142857144,292.52364666666665,-0.040371854674463,0.0292650695188854,13,9,2022,1,3,304.42,299.68,277.16,291.32208588598814,6.999900000000025,0.7699999999999818,12.539237654356299
2022-09-14,302.61,72628650,292.24,306.0,291.64,Tesla,292.31714285714287,292.59109333333333,0.0358744394618835,0.0267756228049449,14,9,2022,2,3,292.13,304.42,270.21,294.14406441449114,14.360000000000014,-10.370000000000005,10.882537562975038
2022-09-15,303.75,64795520,301.825,309.12,300.7247,Tesla,296.50714285714287,292.46954000000005,0.0037672251412708,0.0272206221478602,15,9,2022,3,3,302.61,292.13,274.42,296.54554831086836,8.39530000000002,-1.9250000000000114,8.14542348865647
2022-09-16,303.35,87087790,299.605,303.71,295.6005,Tesla,299.31428571428575,292.29342999999994,-0.0013168724279835,0.0263844381111787,16,9,2022,4,3,303.75,302.61,283.7,298.24666123315126,8.109499999999969,-3.7450000000000045,6.133636379679174
2022-09-19,309.07,60231160,300.09,309.84,297.8,Tesla,302.1442857142857,292.99009666666666,0.018856106807318,0.0263404931151524,19,9,2022,0,3,303.35,303.75,289.26,300.95249592486346,12.039999999999964,-8.980000000000018,5.224174120195449
2022-09-20,308.73,61642780,306.91,313.33,305.58,Tesla,303.4371428571429,293.60031999999995,-0.0011000744167987,0.0237968550959238,20,9,2022,1,3,309.07,303.35,299.68,302.8968719436476,7.75,-1.8199999999999932,5.617688475658536
2022-09-21,300.8,62555660,308.29,313.8,300.63,Tesla,302.92,294.18254333333334,-0.0256858743886243,0.0256095537584472,21,9,2022,2,3,308.73,309.07,304.42,302.37265395773574,13.170000000000016,7.490000000000009,5.67842407715588
2022-09-22,288.59,70545410,299.86,301.29,285.82,Tesla,302.4142857142857,293.9903233333333,-0.040591755319149,0.0256653646890707,22,9,2022,3,3,300.8,308.73,292.13,298.92699046830177,15.470000000000027,11.270000000000039,6.838634993290188
2022-09-23,275.33,63748360,283.09,284.5,272.82,Tesla,298.51714285714286,293.61365666666666,-0.0459475380297307,0.0244325037515447,23,9,2022,4,3,288.59,300.8,302.61,293.0277428512263,11.680000000000007,7.759999999999991,12.300458953885453
2022-09-26,276.01,58076910,271.83,284.09,270.31,Tesla,294.5542857142857,292.81299,0.0024697635564594,0.0242873047435065,26,9,2022,0,3,275.33,288.59,303.75,288.77330713841974,13.779999999999973,-4.180000000000007,14.589189898853123
2022-09-27,282.94,61925190,283.84,288.67,277.51,Tesla,291.6385714285714,291.9336566666667,0.0251077859497843,0.0282036715469076,27,9,2022,1,3,276.01,275.33,303.35,287.3149803538148,11.160000000000025,0.8999999999999773,14.577860415223986
2022-09-28,287.81,54664810,283.08,289.0,277.57,Tesla,288.6014285714286,291.3085466666667,0.0172121297801655,0.0279331988597617,28,9,2022,2,3,282.94,276.01,309.07,287.4387352653611,11.430000000000007,-4.730000000000018,12.391648301137833
2022-09-29,268.21,77620640,282.76,283.65,265.78,Tesla,282.8128571428571,290.11566000000005,-0.0681004829575068,0.0350351708586038,29,9,2022,3,3,287.81,282.94,308.73,282.63155144902083,17.870000000000005,14.550000000000011,10.781278084851982
2022-09-30,265.25,67726600,266.145,275.57,262.47,Tesla,277.7342857142857,288.86166,-0.0110361284068453,0.035032025564136,30,9,2022,4,3,268.21,287.81,300.8,278.2861635867656,13.099999999999966,0.8949999999999818,9.145027532571367
2022-10-03,242.4,98363540,254.5,255.16,241.01,Tesla,271.1357142857143,287.0527733333334,-0.0861451460885956,0.0433338647559459,3,10,2022,0,4,265.25,268.21,288.59,269.3146226900742,14.150000000000006,12.099999999999994,14.875406837175856
2022-10-04,249.44,109578500,250.52,257.5,242.01,Tesla,267.4371428571429,285.7036633333334,0.0290429042904289,0.0461194086207548,4,10,2022,1,4,242.4,265.25,275.33,264.34596701755567,15.490000000000009,1.0800000000000125,16.75819373151332
2022-10-05,240.81,86982670,245.01,246.6697,233.27,Tesla,262.40857142857146,283.84888666666666,-0.0345974983964079,0.0461665414382368,5,10,2022,2,4,249.44,242.4,276.01,258.4619752631667,13.399699999999996,4.199999999999989,18.901179353481183
2022-10-06,238.13,69298440,239.44,244.58,235.35,Tesla,256.00714285714287,281.8833333333333,-0.0111291059341389,0.0423544254454892,6,10,2022,3,4,240.81,249.44,282.94,253.37898144737503,9.230000000000018,1.3100000000000023,18.36930838317768
2022-10-07,223.07,83916800,233.935,234.5715,222.02,Tesla,246.75857142857143,279.45,-0.0632427665560828,0.0403213300293664,7,10,2022,4,4,238.13,240.81,287.81,245.80173608553127,12.551499999999976,10.865000000000009,15.807540846670344
2022-10-10,222.96,67925020,223.93,226.99,218.3582,Tesla,240.2942857142857,277.27899999999994,-0.0004931187519612,0.0391599239254918,10,10,2022,0,4,223.07,238.13,268.21,240.09130206414846,8.631799999999998,0.9699999999999989,14.79284382975569
2022-10-11,216.5,77013200,220.945,225.75,215.0,Tesla,233.33,275.00166666666667,-0.0289738069608899,0.0386490706761228,11,10,2022,1,4,222.96,223.07,265.25,234.19347654811133,10.75,4.444999999999993,12.361504762775501
2022-10-12,217.24,66860700,215.33,219.2999,211.51,Tesla,229.7357142857143,272.98633333333333,0.0034180138568129,0.0300305175821853,12,10,2022,2,4,216.5,222.96,242.4,229.9551074110835,7.789900000000017,-1.9099999999999966,12.929499677284031
2022-10-13,221.72,91483050,208.3,222.99,206.22,Tesla,225.77571428571423,271.19,0.0206223531577978,0.0280704189648308,13,10,2022,3,4,217.24,216.5,249.44,227.89633055831263,16.77000000000001,-13.419999999999987,9.7404087134418
2022-10-14,204.99,94124510,224.01,226.26,204.16,Tesla,220.6585714285714,268.78433333333334,-0.0754555294966624,0.0357079157316233,14,10,2022,4,4,221.72,217.24,240.81,222.16974791873446,22.099999999999994,19.019999999999982,9.932887174391196
2022-10-17,219.35,79428810,210.04,221.86,209.45,Tesla,217.9757142857143,267.089,0.0700521976681789,0.0501553605128987,17,10,2022,0,4,204.99,221.72,238.13,221.46481093905086,12.410000000000025,-9.310000000000002,6.298822263320565
2022-10-18,220.19,75891910,229.5,229.82,217.25,Tesla,217.5642857142857,265.2813333333333,0.0038294962388876,0.0445069292489191,18,10,2022,1,4,219.35,204.99,223.07,221.14610820428817,12.569999999999993,9.310000000000002,5.997462955692458
2022-10-19,222.04,66571480,219.8,222.93,217.78,Tesla,217.43285714285716,263.226,0.0084018347790544,0.0446505621319556,19,10,2022,2,4,220.19,219.35,222.96,221.36958115321613,5.150000000000006,-2.2399999999999807,5.868201639031502
2022-10-20,207.28,117798100,208.28,215.55,202.0,Tesla,216.11571428571432,260.49333333333334,-0.0664745090974598,0.0505977830725426,20,10,2022,3,4,222.04,220.19,216.5,217.8471858649121,13.550000000000011,1.0,7.031843895563371
2022-10-21,214.44,75713750,206.415,214.66,203.8,Tesla,215.7157142857143,257.652,0.034542647626399,0.0527897881245549,21,10,2022,4,4,207.28,222.04,217.24,216.9953893986841,10.859999999999985,-8.025000000000006,7.036866862335755
2022-10-24,211.25,100446800,205.82,213.5,198.5863,Tesla,214.22,254.5463333333333,-0.0148759559783622,0.052107439154791,24,10,2022,0,4,214.44,207.28,221.72,215.55904204901307,14.913700000000006,-5.430000000000007,6.650012531327475
2022-10-25,222.415,96507870,210.1,224.3498,210.0,Tesla,216.70928571428573,252.2225,0.052852071005917,0.0456521524917607,25,10,2022,1,4,211.25,214.44,204.99,217.2730315367598,14.349799999999988,-12.314999999999998,5.829884524720111
2022-10-26,224.64,85327080,219.4,230.6,218.2,Tesla,217.465,249.6235,0.0100038216846884,0.0380739986855587,26,10,2022,2,4,222.415,211.25,219.35,219.11477365256982,12.400000000000006,-5.239999999999981,6.530064445838808
2022-10-27,225.09,61638820,229.77,233.81,222.85,Tesla,218.165,247.0015,0.0020032051282052,0.0380819372977966,27,10,2022,3,4,224.64,222.415,220.19,220.60858023942737,10.960000000000008,4.680000000000007,7.107923395770419
2022-10-28,228.52,69152390,225.4,228.86,216.35,Tesla,219.09071428571428,244.50716666666668,0.0152383491048024,0.0383072506166429,28,10,2022,4,4,225.09,224.64,222.04,222.58643517957051,12.51000000000002,-3.1200000000000045,8.055507654491294
2022-10-31,227.54,61554340,226.19,229.85,221.94,Tesla,221.985,241.7895,-0.0042884649046036,0.0233105423016347,31,10,2022,0,4,228.52,225.09,207.28,223.82482638467786,7.909999999999997,-1.3499999999999943,6.615719285671205
2022-11-01,227.82,62688820,234.05,237.3951,227.28,Tesla,223.89642857142852,239.0925,0.001230552869825,0.0216748428165496,1,11,2022,1,4,227.54,228.52,214.44,224.82361978850838,10.115100000000012,6.230000000000018,5.974274512651186
2022-11-02,214.98,63070290,226.04,227.8699,214.82,Tesla,224.42928571428573,236.23183333333333,-0.0563602844350803,0.0323133992471684,2,11,2022,2,4,227.82,227.54,211.25,222.3627148413813,13.049900000000008,11.060000000000002,4.6857002576876186
2022-11-03,215.31,56538850,211.36,221.2,210.14,Tesla,223.41428571428568,233.78916666666663,0.0015350265140943,0.0238080636756858,3,11,2022,3,4,214.98,227.82,222.415,220.59953613103596,11.060000000000002,-3.9499999999999886,5.825621160433905
2022-11-04,207.47,98622210,222.6,223.8,203.08,Tesla,220.96142857142857,231.52716666666663,-0.0364126143699782,0.025536406288926,4,11,2022,4,4,215.31,214.98,224.64,217.31715209827698,20.72,15.129999999999995,8.308925780098445
2022-11-07,197.08,93916520,208.65,208.9,196.66,Tesla,216.96,228.8961666666667,-0.0500795295705402,0.0285261625098472,7,11,2022,0,4,207.47,215.31,225.09,212.25786407370774,12.240000000000009,11.569999999999993,11.940316857889878
2022-11-08,191.3,128803400,194.02,195.2,186.75,Tesla,211.64285714285717,225.8415,-0.0293281915973209,0.0244346350708423,8,11,2022,1,4,197.08,207.47,228.52,207.01839805528078,8.449999999999989,2.719999999999999,14.03759798338046
2022-11-09,177.59,127062700,190.775,195.89,177.12,Tesla,204.50714285714284,222.1675,-0.0716675378985886,0.02801070033419,9,11,2022,2,4,191.3,197.08,227.54,199.66129854146058,18.769999999999982,13.185000000000002,16.993988853209757
2022-11-10,190.72,132703000,189.9,191.0,180.03,Tesla,199.20714285714288,219.5845,0.0739343431499521,0.0490325390462323,10,11,2022,3,4,177.59,191.3,227.82,197.42597390609544,10.969999999999999,-0.8199999999999932,14.040061389099824
2022-11-11,195.97,114403600,186.0,196.52,182.59,Tesla,196.49142857142857,217.27516666666668,0.027527265100671,0.050061272629416,11,11,2022,4,4,190.72,177.59,214.98,197.06198042957158,13.930000000000007,-9.969999999999999,12.198430812440023
2022-11-14,190.95,92226650,192.77,195.73,186.34,Tesla,193.01142857142852,215.56016666666665,-0.025616165739654,0.0498829728656824,14,11,2022,0,4,195.97,190.72,215.31,195.5339853221787,9.389999999999986,1.8200000000000216,8.987085972988753
2022-11-15,194.42,91293790,195.88,200.8237,192.06,Tesla,191.14714285714285,213.72616666666667,0.0181722964126733,0.0504144749905944,15,11,2022,1,4,190.95,195.97,207.47,195.255488991634,8.7637,1.460000000000008,6.496295647754713
2022-11-16,186.92,66567600,191.51,192.57,185.66,Tesla,189.6957142857143,211.9298333333333,-0.0385762781606831,0.0489872600076419,16,11,2022,2,4,194.42,190.95,197.08,193.17161674372548,6.909999999999997,4.590000000000003,6.070894654409978
2022-11-17,183.17,64335970,183.96,186.16,180.9,Tesla,188.5342857142857,210.0978333333333,-0.02006205863471,0.0483893768424744,17,11,2022,3,4,186.92,194.42,191.3,190.6712125577941,5.259999999999991,0.7900000000000205,6.476925343474737
2022-11-18,180.19,76048870,185.05,185.19,176.55,Tesla,188.90571428571428,208.6685,-0.0162690396899054,0.0393987786019259,18,11,2022,4,4,183.17,186.92,177.59,188.05090941834555,8.639999999999986,4.860000000000014,5.781974452694468
2022-11-21,167.87,92882710,175.85,176.77,167.54,Tesla,185.64142857142855,206.83216666666667,-0.0683722737110826,0.0326752897681592,21,11,2022,0,4,180.19,183.17,190.72,183.00568206375917,9.230000000000018,7.97999999999999,9.70573787093157
2022-11-22,169.91,78452330,168.63,170.92,166.185,Tesla,181.9185714285714,205.27916666666667,0.0121522606779054,0.0294986459397017,22,11,2022,1,4,167.87,180.19,195.97,179.73176154781936,4.734999999999985,-1.2800000000000011,10.074628907272006
2022-11-23,183.2,109536700,173.57,183.62,172.5,Tesla,180.8114285714286,204.1445,0.0782178800541462,0.0469993430080091,23,11,2022,2,4,169.91,167.87,190.95,180.59882116086453,11.120000000000005,-9.629999999999995,9.313823827296124
2022-11-25,182.86,50672740,185.06,185.2,180.63,Tesla,179.16,202.84916666666663,-0.0018558951965064,0.0459542512068284,25,11,2022,4,4,183.2,169.91,194.42,181.1641158706484,4.569999999999993,2.1999999999999886,7.307493870463653
2022-11-28,182.92,93038150,179.96,188.5,179.0,Tesla,178.5885714285714,202.1135,0.0003281198731268,0.0439227789814557,28,11,2022,0,4,182.86,183.2,186.92,181.6030869029863,9.5,-2.9599999999999795,6.733388024309332
2022-11-29,180.83,83357110,184.99,186.38,178.75,Tesla,178.25428571428574,200.8295,-0.0114257598950359,0.0434584227246052,29,11,2022,1,4,182.92,182.86,183.17,181.40981517723972,7.6299999999999955,4.159999999999997,6.522823665532215
2022-11-30,194.7,109186400,182.43,194.76,180.6301,Tesla,180.3271428571429,199.9798333333333,0.0767018746889343,0.0514901528299052,30,11,2022,2,4,180.83,182.92,180.19,184.7323613829298,14.129899999999992,-12.269999999999982,9.054655734835306
2022-12-01,194.7,80046210,197.08,198.92,191.8,Tesla,184.16,199.0685,0.0,0.0384919399465166,1,12,2022,3,4,194.7,180.83,167.87,187.22427103719735,7.119999999999976,2.380000000000024,8.568195064706243
2022-12-02,194.86,73645920,191.78,196.25,191.11,Tesla,187.7242857142857,198.6545,0.0008217770929637,0.0392074809502398,2,12,2022,4,4,194.7,194.7,169.91,189.13320327789802,5.139999999999986,-3.0800000000000125,6.620452797073613
2022-12-05,182.45,93122670,189.44,191.27,180.55,Tesla,187.61714285714285,197.58816666666664,-0.0636867494611517,0.0409752841709664,5,12,2022,0,4,194.86,194.7,183.2,187.46240245842353,10.719999999999999,6.990000000000009,6.711320571222071
2022-12-06,179.82,92150820,181.215,183.65,175.33,Tesla,187.1828571428572,196.5405,-0.0144149081940256,0.0413497799241685,6,12,2022,1,4,182.45,194.86,182.86,185.55180184381766,8.319999999999993,1.3950000000000102,7.154203226754829
2022-12-07,174.04,84213280,175.03,179.38,172.218,Tesla,185.9142857142857,194.928,-0.0321432543654766,0.0428815394515562,7,12,2022,2,4,179.82,182.45,182.92,182.67385138286323,7.162000000000006,0.9900000000000091,8.664040352992505
2022-12-08,173.44,97624490,172.2,175.2,169.06,Tesla,184.85857142857145,193.22133333333332,-0.0034474833371638,0.0428287985336151,8,12,2022,3,4,174.04,179.82,180.83,180.36538853714745,6.139999999999986,-1.240000000000009,9.766863072957618
2022-12-09,179.05,104872300,173.84,182.5,173.36,Tesla,182.6228571428572,191.68666666666667,0.032345479704797,0.0300816740322572,9,12,2022,4,4,173.44,174.04,194.7,180.03654140286056,9.139999999999986,-5.210000000000008,8.890505636710577
2022-12-12,167.82,109794500,176.1,177.37,167.52,Tesla,178.78285714285715,189.66333333333333,-0.0627199106394862,0.0350196417276545,12,12,2022,0,4,179.05,173.44,194.7,176.9824060521454,9.849999999999994,8.280000000000001,8.605178119968704
2022-12-13,160.95,175862700,174.87,175.05,156.91,Tesla,173.9385714285714,187.44366666666664,-0.0409367179120486,0.0343395414609647,13,12,2022,1,4,167.82,179.05,194.86,172.97430453910903,18.140000000000015,13.920000000000016,7.522866095174014
2022-12-14,156.8,140682300,159.25,161.62,155.31,Tesla,170.27428571428572,185.0763333333333,-0.0257844050947497,0.0302276896570143,14,12,2022,2,4,160.95,167.82,182.45,168.93072840433177,6.310000000000002,2.4499999999999886,8.820982290631708
2022-12-15,157.67,122334500,153.44,160.9299,153.28,Tesla,167.11,183.166,0.0055484693877549,0.0318522123063227,15,12,2022,3,4,156.8,160.95,179.82,166.11554630324883,7.649900000000002,-4.22999999999999,8.798833255999392
2022-12-16,150.23,139032200,159.635,160.99,150.04,Tesla,163.70857142857145,180.99666666666664,-0.0471871630620917,0.0334215934395836,16,12,2022,4,4,157.67,156.8,174.04,162.14415972743663,10.950000000000017,9.405000000000001,10.16889280859033
2022-12-19,149.87,139390600,154.0,155.25,145.82,Tesla,160.34142857142857,179.07666666666668,-0.0023963256340276,0.0335122325551789,19,12,2022,0,4,150.23,157.67,173.44,159.07561979557747,9.430000000000007,4.1299999999999955,10.310836417055196
2022-12-20,137.8,159563300,146.05,148.47,137.66,Tesla,154.44857142857146,177.10066666666663,-0.080536464936278,0.0311079736544446,20,12,2022,1,4,149.87,150.23,179.05,153.7567148466831,10.810000000000002,8.25,9.599523301668674
2022-12-21,137.57,145417400,139.335,141.26,135.89,Tesla,150.12714285714284,175.30966666666666,-0.0016690856313499,0.0310202652516328,21,12,2022,2,4,137.8,149.87,167.82,149.71003613501233,5.3700000000000045,1.7650000000000148,9.383255856920286
2022-12-22,125.35,210090300,136.0,136.63,122.26,Tesla,145.04142857142855,173.5683333333333,-0.088827505996947,0.0387730459681784,22,12,2022,3,4,137.57,137.8,160.95,143.62002710125924,14.36999999999999,10.650000000000006,11.860256361168036
2022-12-23,123.15,166989700,126.37,128.6173,121.02,Tesla,140.2342857142857,171.316,-0.0175508575987234,0.0392007624763798,23,12,2022,4,4,125.35,137.57,156.8,138.50252032594443,7.597300000000004,3.219999999999999,13.058869089818417
2022-12-27,109.1,208643400,117.495,119.67,108.76,Tesla,133.29571428571427,168.42033333333333,-0.1140885099472189,0.0451100635311401,27,12,2022,1,4,123.15,125.35,157.67,131.15189024445831,10.909999999999997,8.39500000000001,15.008539632656651
2022-12-28,112.71,221070500,110.35,116.27,108.24,Tesla,127.93571428571428,165.81233333333333,0.0330889092575619,0.0551308997095324,28,12,2022,2,4,109.1,123.15,150.23,126.54141768334374,8.030000000000001,-2.3599999999999994,14.648276186581366
2022-12-29,121.82,221923300,120.385,123.57,117.495,Tesla,123.92857142857144,163.39233333333334,0.0808269008961051,0.0709946626698103,29,12,2022,3,4,112.71,109.1,149.87,125.3610632625078,6.074999999999989,-1.434999999999988,11.040234642101511
2022-12-30,123.18,157777300,119.95,124.48,119.75,Tesla,121.84,161.26766666666666,0.0111640124774259,0.0678529442744919,30,12,2022,4,4,121.82,112.71,137.8,124.81579744688085,4.730000000000004,-3.230000000000004,9.209864276973919
2023-01-03,108.1,231402800,118.47,118.8,104.64,Tesla,117.63,158.76533333333333,-0.1224224711803865,0.0787157576210969,3,1,2023,1,1,123.18,121.82,137.57,120.63684808516064,14.159999999999997,10.370000000000005,7.373551835238785
2023-01-04,113.64,180389000,109.11,114.59,107.52,Tesla,115.95714285714284,156.547,0.0512488436632747,0.0794011109755312,4,1,2023,2,1,108.1,123.18,125.35,118.88763606387047,7.070000000000007,-4.530000000000001,6.62002193927479
2023-01-05,110.34,157986300,110.51,111.75,107.1601,Tesla,114.12714285714286,154.6293333333333,-0.0290390707497359,0.079674810122465,5,1,2023,3,1,113.64,108.1,123.15,116.75072704790287,4.5899,0.1700000000000017,6.04594826941831
2023-01-06,113.06,220911100,103.0,114.39,101.81,Tesla,114.69285714285714,152.73433333333332,0.0246510784846836,0.0664164318576473,6,1,2023,4,1,110.34,113.64,109.1,115.82804528592716,12.579999999999998,-10.060000000000002,5.670792755557322
2023-01-09,119.77,190284000,118.96,123.52,117.11,Tesla,115.70142857142856,150.61999999999998,0.0593490182204139,0.068828581389688,9,1,2023,0,1,113.06,110.34,112.71,116.81353396444537,6.409999999999997,-0.8100000000000023,5.883203290102287
2023-01-10,118.85,167642500,121.07,122.76,114.92,Tesla,115.27714285714283,148.4863333333333,-0.0076813893295483,0.0615730504790621,10,1,2023,1,1,119.77,113.06,121.82,117.32265047333402,7.840000000000003,2.219999999999999,5.4602952126981075
2023-01-11,123.22,183810800,122.09,125.95,120.51,Tesla,115.28285714285714,146.49633333333335,0.0367690366007573,0.0632116016695659,11,1,2023,2,1,118.85,119.77,123.18,118.79698785500051,5.439999999999998,-1.1299999999999955,5.469956472387495
2023-01-12,123.56,169400900,122.56,124.1311,117.0,Tesla,117.49142857142856,144.58733333333333,0.0027592923226749,0.032392028170554,12,1,2023,3,1,123.22,118.85,108.1,119.98774089125038,7.1311000000000035,-1.0,5.200892322733453
2023-01-13,122.4,180714100,116.55,122.63,115.6,Tesla,118.74285714285716,142.17733333333337,-0.0093881515053415,0.0306150971878424,13,1,2023,4,1,123.56,123.22,113.64,120.59080566843778,7.030000000000001,-5.8500000000000085,5.173550406617181
2023-01-17,131.49,186477000,125.695,131.7,125.02,Tesla,121.7642857142857,140.0703333333333,0.0742647058823529,0.0328787813804782,17,1,2023,1,1,122.4,123.56,110.34,123.31560425132834,6.679999999999993,-5.795000000000016,5.606130148183846
2023-01-18,128.78,195680300,136.555,136.68,127.01,Tesla,124.01,137.86766666666665,-0.0206099323142444,0.0372996745451757,18,1,2023,2,1,131.49,122.4,113.06,124.68170318849624,9.670000000000002,7.775000000000006,4.595744408356925
2023-01-19,127.17,170291900,127.26,129.99,124.3082,Tesla,125.06714285714284,136.025,-0.0125019412952321,0.0342173656128466,19,1,2023,3,1,128.78,131.49,119.77,125.30377739137218,5.68180000000001,0.09000000000000341,4.299425210784908
2023-01-20,133.42,138858100,128.68,133.51,127.3466,Tesla,127.14857142857144,134.47833333333332,0.0491468113548791,0.0362564626817084,20,1,2023,4,1,127.17,128.78,118.85,127.33283304352912,6.163399999999996,-4.739999999999981,4.314728375304003
2023-01-23,143.75,203119200,135.87,145.3793,134.27,Tesla,130.08142857142855,133.46866666666668,0.0774246739619248,0.0426119355046805,23,1,2023,0,1,133.42,127.17,123.22,131.43712478264683,11.10929999999999,-7.8799999999999955,7.207212657191579
2023-01-24,143.89,158699100,143.0,146.5,141.1,Tesla,132.9857142857143,132.48366666666666,0.0009739130434782,0.0427584647949905,24,1,2023,1,1,143.75,133.42,123.56,134.55034358698512,5.400000000000006,-0.8899999999999864,8.172789929905157
2023-01-25,144.43,192734300,141.905,146.41,138.07,Tesla,136.13285714285715,131.32966666666667,0.0037528667732296,0.0413780398813022,25,1,2023,2,1,143.89,143.75,122.4,137.02025769023885,8.340000000000003,-2.5250000000000057,7.641441212872288
2023-01-26,160.27,234815100,159.965,161.42,154.76,Tesla,140.24428571428572,131.078,0.1096725057121097,0.0497694004689644,26,1,2023,3,1,144.43,143.89,131.49,142.83269326767913,6.659999999999997,-0.3050000000000068,11.4968718312859
2023-01-27,177.9,306590600,162.43,180.68,161.17,Tesla,147.26142857142855,131.643,0.1100018718412678,0.0521915241972723,27,1,2023,4,1,160.27,144.43,128.78,151.59951995075934,19.51000000000002,-15.469999999999999,17.00445669873903
2023-01-30,166.66,230878800,178.05,179.77,166.5,Tesla,152.90285714285713,131.97166666666666,-0.0631815626756605,0.0641787139400412,30,1,2023,0,1,177.9,160.27,127.17,155.3646399630695,13.27000000000001,11.390000000000015,15.730905583481995
2023-01-31,173.22,196813500,164.57,174.3,162.78,Tesla,158.5885714285714,132.48999999999998,0.0393615744629785,0.0640810565270954,31,1,2023,1,1,166.66,177.9,133.42,159.82847997230212,11.52000000000001,-8.650000000000006,14.67243155101681
2023-02-01,181.41,213806300,173.89,183.805,169.93,Tesla,163.96857142857144,133.52933333333334,0.0472809144440595,0.0621070514525664,1,2,2023,2,1,173.22,166.66,143.75,165.22385997922657,13.875,-7.52000000000001,15.218985323796467
2023-02-02,188.27,217448300,187.325,196.7501,182.61,Tesla,170.30857142857144,134.80933333333334,0.0378148944380134,0.0602354322830857,2,2,2023,3,1,181.41,173.22,143.89,170.98539498441994,14.14009999999999,-0.9450000000000216,14.695499797078112
2023-02-03,189.98,232662000,183.95,199.0,183.69,Tesla,176.81571428571428,136.54866666666666,0.0090827003771178,0.0597224811515316,3,2,2023,4,1,188.27,181.41,144.43,175.73404623831496,15.310000000000002,-6.030000000000001,10.928636476628458
2023-02-06,194.76,186188100,193.01,198.17,189.92,Tesla,181.7428571428572,138.455,0.0251605432150752,0.0516212690982502,6,2,2023,0,1,189.98,188.27,160.27,180.49053467873622,8.25,-1.75,9.9574941866105
2023-02-07,196.81,186010300,196.43,197.5,189.55,Tesla,184.4442857142857,140.837,0.0105257753132059,0.0374756225263156,7,2,2023,1,1,194.76,189.98,177.9,184.57040100905215,7.949999999999989,-0.37999999999999545,11.22554654519247
2023-02-08,201.29,180673600,196.1,203.0,194.31,Tesla,189.39142857142855,143.44166666666666,0.0227630709821655,0.0146831770063371,8,2,2023,2,1,196.81,194.76,166.66,188.7503007567891,8.689999999999998,-5.189999999999998,9.593879001003401
2023-02-09,207.32,215431400,207.775,214.0,204.77,Tesla,194.2628571428572,146.71566666666664,0.029956778776889,0.0138136729751671,9,2,2023,3,1,201.29,196.81,173.22,193.3927255675918,9.22999999999999,0.4550000000000125,8.62223813614323
2023-02-10,196.89,204754100,202.225,206.2,192.89,Tesla,196.4742857142857,149.52166666666665,-0.0503087015242138,0.0293564731222718,10,2,2023,4,1,207.32,201.29,181.41,194.26704417569385,13.310000000000002,5.335000000000008,6.500397057482773
2023-02-13,194.64,172475500,194.415,196.3,187.61,Tesla,197.3842857142857,151.949,-0.0114277007466098,0.0280501294267192,13,2,2023,0,1,196.89,207.32,188.27,194.3602831317704,8.689999999999998,-0.22499999999999432,5.5345667013413085
2023-02-14,209.25,216455700,191.94,209.82,189.44,Tesla,200.1371428571429,154.818,0.0750616522811344,0.038679778376141,14,2,2023,1,1,194.64,196.89,189.98,198.08271234882778,20.379999999999995,-17.310000000000002,6.009891053617676
2023-02-15,214.24,182108600,211.755,214.66,206.11,Tesla,202.92,158.35600000000002,0.0238470728793309,0.0386227750370915,15,2,2023,2,1,209.25,194.64,194.76,202.12203426162085,8.549999999999983,-2.4850000000000136,7.444008776648901
2023-02-16,202.04,229586500,210.78,217.65,201.84,Tesla,203.6671428571429,161.30266666666665,-0.0569454817027633,0.0472013011768958,16,2,2023,3,1,214.24,209.25,196.81,202.10152569621562,15.810000000000002,8.740000000000009,6.976321175448794
2023-02-17,208.31,213738500,199.985,208.44,197.5,Tesla,204.67,164.56833333333333,0.0310334587210454,0.0478279413662,17,2,2023,4,1,202.04,214.24,201.29,203.65364427216173,10.939999999999998,-8.324999999999989,7.081426409993725
2023-02-21,197.37,180018600,204.99,209.71,197.22,Tesla,203.2485714285714,167.37866666666667,-0.0525178820027842,0.050966188092928,21,2,2023,1,1,208.31,202.04,207.32,202.0827332041213,12.490000000000009,7.6200000000000045,7.449875678104057
2023-02-22,200.86,191828500,197.93,201.99,191.78,Tesla,203.81571428571428,170.08166666666665,0.0176825252064649,0.0474483784337226,22,2,2023,2,1,197.37,208.31,196.89,201.77704990309098,10.210000000000008,-2.930000000000007,7.024079671975047
2023-02-23,202.07,146360000,203.91,205.14,196.33,Tesla,204.87714285714287,172.85566666666665,0.006024096385542,0.0469698125226169,23,2,2023,3,1,200.86,197.37,194.64,201.85028742731822,8.809999999999974,1.8400000000000034,5.873578450117095
2023-02-24,196.88,142228100,196.325,197.6695,192.8,Tesla,203.11,175.311,-0.0256841688523778,0.0367067234884163,24,2,2023,4,1,202.07,200.86,209.25,200.60771557048866,4.869499999999988,-0.5550000000000068,6.190939616366179
2023-02-27,207.63,161028300,202.03,209.42,201.26,Tesla,202.1657142857143,178.11333333333332,0.0546017878911011,0.0425418448795937,27,2,2023,0,1,196.88,202.07,214.24,202.3632866778665,8.159999999999997,-5.599999999999994,4.477316373110372
2023-02-28,205.71,153144900,210.59,211.23,203.75,Tesla,202.69,180.89033333333333,-0.0092472186100274,0.035889270300906,28,2,2023,1,1,207.63,196.88,202.04,203.1999650083999,7.47999999999999,4.8799999999999955,4.6708350431330246
2023-03-01,202.77,156852800,206.21,207.2,198.52,Tesla,201.89857142857144,183.26633333333336,-0.0142919644159252,0.0340574269159659,1,3,2023,2,1,205.71,207.63,208.31,203.0924737562999,8.679999999999978,3.4399999999999977,3.9778068856102555
2023-03-02,190.9,181979200,186.74,193.7499,186.01,Tesla,200.9742857142857,185.337,-0.0585392316417616,0.0355496616589753,2,3,2023,3,1,202.77,205.71,197.37,200.04435531722493,7.739900000000006,-4.159999999999997,5.618691594869518
2023-03-03,197.79,154193300,194.795,200.48,192.88,Tesla,200.53571428571428,187.691,0.0360921948664221,0.0380332203694839,3,3,2023,4,1,190.9,202.77,200.86,199.4807664879187,7.599999999999994,-2.9950000000000045,5.747439595587299
2023-03-06,193.81,128100100,198.54,198.6,192.3,Tesla,199.3557142857143,189.704,-0.0201223519894837,0.0384439093779465,6,3,2023,0,1,197.79,190.9,202.07,198.06307486593903,6.299999999999983,4.72999999999999,6.209304462250705
2023-03-07,187.71,148125800,191.38,194.2,186.1,Tesla,198.04571428571427,191.16933333333333,-0.031474124142201,0.0390133222983111,7,3,2023,1,1,193.81,197.79,196.88,195.47480614945428,8.099999999999994,3.6699999999999875,7.624670172424631
2023-03-08,182.0,151897800,185.04,186.5,180.0,Tesla,194.3842857142857,192.43966666666668,-0.0304192637579244,0.0288660051509179,8,3,2023,2,1,187.71,193.81,207.63,192.10610461209072,6.5,3.039999999999992,8.372351038085675
2023-03-09,172.92,170023800,180.25,185.18,172.5124,Tesla,189.7,193.38933333333333,-0.04989010989011,0.0307696289100932,9,3,2023,3,1,182.0,187.71,205.71,187.30957845906804,12.667599999999993,7.3300000000000125,9.995195512520661
2023-03-10,173.44,191488900,175.13,178.29,168.44,Tesla,185.51,193.82833333333332,0.0030071709461023,0.0323424321738313,10,3,2023,4,1,172.92,182.0,202.77,183.84218384430102,9.849999999999994,1.6899999999999977,9.747594575082939
2023-03-13,174.48,167790300,167.455,177.35,163.91,Tesla,183.16428571428568,193.7143333333333,0.0059963099630995,0.0291002784150152,13,3,2023,0,1,173.44,172.92,190.9,181.50163788322578,13.439999999999998,-7.024999999999977,10.199556946502721
2023-03-14,183.26,143717900,177.31,183.8,177.1401,Tesla,181.0885714285714,194.26766666666663,0.0503209536909674,0.033252822290791,14,3,2023,1,1,174.48,173.44,197.79,181.94122841241932,6.659900000000022,-5.949999999999989,7.959515120443851
2023-03-15,180.45,145995600,180.8,182.34,176.03,Tesla,179.18,194.50866666666664,-0.0153334060897086,0.0330674566606629,15,3,2023,2,1,183.26,174.48,193.81,181.5684213093145,6.310000000000002,0.35000000000002274,5.6744720753149895
2023-03-16,184.13,121374500,180.365,185.81,178.84,Tesla,178.6685714285714,194.5993333333333,0.0203934607924634,0.0331821478099695,16,3,2023,3,1,180.45,183.26,187.71,182.20881598198585,6.969999999999999,-3.7649999999999864,4.883790974838226
2023-03-17,180.13,133197100,184.515,186.2199,177.33,Tesla,178.40142857142857,194.328,-0.0217237821104654,0.0320979833913262,17,3,2023,4,1,184.13,180.45,182.0,181.6891119864894,8.889899999999983,4.384999999999991,4.719574234248084
2023-03-20,183.25,129684400,178.08,186.44,176.35,Tesla,179.87714285714284,194.10366666666667,0.017320823849442,0.0241045233367403,20,3,2023,0,1,180.13,184.13,172.92,182.07933398986705,10.090000000000003,-5.1699999999999875,4.317884182064053
2023-03-21,197.58,153391400,188.28,198.0,188.04,Tesla,183.32571428571427,194.19766666666663,0.078199181446112,0.0353457608246863,21,3,2023,1,1,183.25,180.13,173.44,185.95450049240029,9.960000000000008,-9.300000000000011,7.077788866467058
2023-03-22,191.15,150376400,199.3,200.66,190.95,Tesla,185.70714285714288,194.009,-0.032543779734791,0.0404049187626399,22,3,2023,2,1,197.58,183.25,174.48,187.25337536930022,9.710000000000008,8.150000000000006,6.375015592899352
2023-03-23,192.22,144193900,195.26,199.31,188.65,Tesla,186.98714285714289,193.70666666666665,0.0055976981428196,0.0370664524789678,23,3,2023,3,1,191.15,197.58,183.26,188.49503152697517,10.659999999999997,3.039999999999992,6.693341752047913
2023-03-24,190.41,116531600,191.65,192.36,187.15,Tesla,188.41,193.143,-0.0094162938299864,0.036524702459181,24,3,2023,4,1,192.22,191.15,180.45,188.97377364523138,5.210000000000008,1.240000000000009,6.104847800465496
2023-03-27,191.81,120851600,194.415,197.39,189.94,Tesla,189.50714285714284,192.97366666666667,0.007352555012867,0.0361332213794499,27,3,2023,0,1,190.41,192.22,184.13,189.68283023392354,7.449999999999989,2.6049999999999898,5.893931099843618
2023-03-28,189.19,98654640,192.0,192.35,185.43,Tesla,190.8014285714286,192.792,-0.0136593503988321,0.0352037619882573,28,3,2023,1,1,191.81,190.41,180.13,189.55962267544265,6.9199999999999875,2.8100000000000023,4.259774753735088
2023-03-29,193.88,123660000,193.13,195.29,189.44,Tesla,192.32,192.27966666666663,0.0247898937575981,0.0356595072265301,29,3,2023,2,1,189.19,191.81,183.25,190.639717006582,5.849999999999994,-0.75,2.744242457736201
2023-03-30,195.28,110252200,195.58,197.33,194.42,Tesla,191.99142857142857,191.64766666666668,0.0072209614194347,0.0185750231980361,30,3,2023,3,1,193.88,189.19,197.58,191.7997877549365,2.910000000000025,0.30000000000001137,2.062501948093663
2023-03-31,207.46,170222100,197.53,207.79,197.2,Tesla,194.32142857142856,191.82833333333332,0.0623719786972551,0.0255061936273309,31,3,2023,4,1,195.28,193.88,191.15,195.71484081620238,10.590000000000003,-9.930000000000007,6.138537905659598
2023-04-03,194.77,169545900,199.91,202.6897,192.2,Tesla,194.68571428571428,191.377,-0.0611684180082907,0.0378244146652501,3,4,2023,0,2,207.46,195.28,192.22,195.4786306121518,10.4897,5.139999999999986,6.0683079935788875
2023-04-04,192.58,126463800,197.32,198.7446,190.32,Tesla,194.99571428571423,191.21733333333333,-0.0112440314216768,0.0379265444604724,4,4,2023,1,2,194.77,207.46,190.41,194.75397295911384,8.424599999999998,4.739999999999981,5.865517474039799
2023-04-05,185.52,133882500,190.515,190.68,183.76,Tesla,194.09714285714287,190.706,-0.036660089313532,0.0404983098437226,5,4,2023,2,2,192.58,194.77,191.81,192.44547971933537,6.920000000000016,4.994999999999976,6.836350669499257
2023-04-06,185.06,123857900,183.08,186.39,179.74,Tesla,193.5071428571429,190.139,-0.002479517033204,0.0402760202856128,6,4,2023,3,2,185.52,192.58,189.19,190.59910978950154,6.649999999999977,-1.9799999999999898,7.4784952013332155
2023-04-10,184.51,142154600,179.94,185.1,176.11,Tesla,192.16857142857145,189.72666666666663,-0.0029720090781368,0.0384728297047502,10,4,2023,0,2,185.06,185.52,193.88,189.07683234212615,8.98999999999998,-4.569999999999993,8.20400802164548
2023-04-11,186.79,115770900,186.69,189.19,185.6475,Tesla,190.9557142857143,189.032,0.0123570538182211,0.0388236872677445,11,4,2023,1,2,184.51,185.06,195.28,188.5051242565946,3.5424999999999898,-0.09999999999999432,8.294429570798691
2023-04-12,180.54,150256300,190.74,191.5846,180.31,Tesla,187.11,188.193,-0.0334600353337972,0.0254014555572337,12,4,2023,2,2,186.79,184.51,207.46,186.51384319244593,11.274599999999992,10.200000000000017,4.92196437751411
2023-04-13,185.9,112933000,182.955,186.5,180.94,Tesla,185.8428571428572,187.63066666666663,0.0296887116428492,0.0236386918458236,13,4,2023,3,2,180.54,186.79,194.77,186.36038239433444,5.560000000000002,-2.944999999999993,3.580115055373297
2023-04-14,185.0,96438660,183.95,186.28,182.01,Tesla,184.76,187.43400000000003,-0.0048413125336203,0.0235435056338577,14,4,2023,4,2,185.9,180.54,192.58,186.02028679575082,4.27000000000001,-1.0500000000000114,2.0006915471544517
2023-04-17,187.04,116662200,186.32,189.69,182.69,Tesla,184.97714285714284,187.07566666666668,0.0110270270270269,0.0195844160840123,17,4,2023,0,2,185.0,185.9,185.52,186.2752150968131,7.0,-0.7199999999999989,2.1720705505067506
2023-04-18,184.31,92067020,187.15,187.69,183.5775,Tesla,184.87,186.759,-0.0145958083832334,0.020491776134542,18,4,2023,1,2,187.04,185.0,185.06,185.7839113226098,4.112500000000011,2.8400000000000034,2.18575692461942
2023-04-19,180.59,125732700,179.1,183.5,177.65,Tesla,184.31,186.52166666666665,-0.0201833866854755,0.0218401142441203,19,4,2023,2,2,184.31,187.04,184.51,184.48543349195737,5.849999999999994,-1.490000000000009,2.728210646838469
2023-04-20,162.99,210970800,166.165,169.7,160.56,Tesla,180.91,185.888,-0.0974583310260811,0.0405315500157008,20,4,2023,3,2,180.59,184.31,186.79,179.11157511896803,9.139999999999986,3.174999999999983,8.287850545639836
2023-04-21,165.08,123539000,164.8,166.0,161.3208,Tesla,178.70142857142858,185.62666666666664,0.0128228725688692,0.041457642324892,21,4,2023,4,2,162.99,180.59,180.54,175.60368133922603,4.679200000000009,-0.28000000000000114,10.234242242878285
2023-04-24,162.55,140006600,164.65,165.65,158.61,Tesla,175.3657142857143,185.2636666666667,-0.0153259025926822,0.0371976012493826,24,4,2023,0,2,165.08,162.99,185.9,172.34026100441952,7.039999999999992,2.0999999999999943,11.251655962789139
2023-04-25,160.67,121999300,159.82,163.47,158.75,Tesla,171.89,184.8033333333333,-0.0115656721008922,0.036875580674823,25,4,2023,1,2,162.55,165.08,185.0,169.42269575331463,4.719999999999999,-0.8499999999999943,11.533855961192964
2023-04-26,153.75,153364100,160.29,160.67,153.14,Tesla,167.1342857142857,183.81966666666668,-0.0430696458579696,0.035079158437952,26,4,2023,2,2,160.67,162.55,187.04,165.50452181498596,7.530000000000001,6.539999999999992,11.101038775942733
2023-04-27,160.19,127015200,152.64,160.48,152.37,Tesla,163.68857142857146,183.1443333333333,0.0418861788617885,0.0438274011941456,27,4,2023,3,2,153.75,160.67,184.31,164.17589136123945,8.109999999999985,-7.550000000000011,8.261413173257731
2023-04-28,164.31,122515800,160.9,165.0,157.32,Tesla,161.36285714285714,182.48366666666664,0.0257194581434547,0.0469415847167998,28,4,2023,4,2,160.19,153.75,180.59,164.2094185209296,7.680000000000007,-3.4099999999999966,3.7940950361173384
2023-05-01,161.83,109015000,163.17,163.28,158.83,Tesla,161.19714285714286,181.87366666666668,-0.0150934209725518,0.0289504320077665,1,5,2023,0,2,164.31,160.19,162.99,163.6145638906972,4.449999999999989,1.339999999999975,3.73607063768302
2023-05-02,160.31,128259700,161.88,165.49,158.93,Tesla,160.51571428571427,181.109,-0.0093925724525737,0.028439094027055,2,5,2023,1,2,161.83,164.31,165.08,162.7884229180229,6.560000000000002,1.5699999999999932,3.321881279987273
2023-05-03,160.61,119728000,160.01,165.0,159.91,Tesla,160.23857142857145,179.8766666666667,0.0018713742124634,0.028020670893748,3,5,2023,2,2,160.31,161.83,162.55,162.24381718851717,5.090000000000003,-0.6000000000000227,3.202662582802435
2023-05-04,161.2,95108490,162.71,162.95,159.65,Tesla,160.31428571428572,178.8783333333333,0.0036734948010708,0.0276872217519567,4,5,2023,3,2,160.61,160.31,160.67,161.98286289138787,3.299999999999983,1.5100000000000193,3.220775564725092
2023-05-05,170.06,107607300,163.97,170.7899,163.51,Tesla,162.6442857142857,178.13966666666667,0.0549627791563276,0.0265700019967533,5,5,2023,4,2,161.2,160.61,153.75,164.0021471685409,7.279899999999998,-6.090000000000003,3.5620025133332716
2023-05-08,171.79,112249400,173.72,173.8,169.19,Tesla,164.3014285714286,177.51900000000003,0.0101728801599434,0.0237350313900151,8,5,2023,0,2,170.06,161.2,160.19,165.94911037640566,4.610000000000014,1.9300000000000068,4.73506222619532
2023-05-09,169.15,88965040,168.95,169.82,166.56,Tesla,164.99285714285716,176.7636666666667,-0.0153675999767156,0.0243510060052304,9,5,2023,1,2,171.79,170.06,164.31,166.74933278230424,3.259999999999991,-0.20000000000001705,5.07751485897219
2023-05-10,168.54,119840700,172.55,174.43,166.68,Tesla,165.95142857142858,176.0753333333333,-0.003606266627254,0.023176844513825,10,5,2023,2,2,169.15,171.79,161.83,167.19699958672817,7.75,4.010000000000019,5.013872184842647
2023-05-11,172.08,103889900,168.7,173.57,166.79,Tesla,167.63285714285715,175.34866666666667,0.0210039159843362,0.0226438468641183,11,5,2023,3,2,168.54,169.15,160.31,168.41774969004612,6.780000000000001,-3.380000000000024,4.7745286479133515
2023-05-12,167.98,157849600,176.07,177.38,167.23,Tesla,168.68571428571428,174.43866666666665,-0.0238261273826129,0.026077318438337,12,5,2023,4,2,172.08,168.54,160.61,168.3083122675346,10.150000000000006,8.090000000000003,3.6473088579090125
2023-05-15,166.35,105592500,167.655,169.76,164.5499,Tesla,169.42142857142858,173.0683333333333,-0.0097035361352542,0.0268171092721936,15,5,2023,0,2,167.98,172.08,161.2,167.81873420065097,5.210099999999983,1.3050000000000068,2.059445140306627
2023-05-16,166.52,98288790,165.65,169.5184,164.35,Tesla,168.91571428571427,172.1266666666667,0.0010219416892096,0.015263299071631,16,5,2023,1,2,166.35,167.98,170.06,167.49405065048822,5.16840000000002,-0.8700000000000045,2.2973960415321835
2023-05-17,173.86,125473600,168.41,174.5,167.185,Tesla,169.21142857142857,171.50266666666667,0.0440787893346144,0.0233442804240072,17,5,2023,2,2,166.52,166.35,171.79,169.08553798786616,7.314999999999998,-5.450000000000017,2.805960492582346
2023-05-18,176.89,109520300,174.22,177.06,172.45,Tesla,170.31714285714287,171.215,0.0174278154837224,0.022569173840187,18,5,2023,3,2,173.86,166.52,169.15,171.03665349089962,4.610000000000014,-2.6699999999999875,4.0340001416799485
2023-05-19,180.14,136196700,177.17,181.95,176.31,Tesla,171.97428571428574,171.05100000000002,0.0183730001695969,0.0224365569401458,19,5,2023,4,2,176.89,173.86,168.54,173.3124901181747,5.639999999999986,-2.969999999999999,5.3501771221436245
2023-05-22,188.87,132001400,180.7,189.32,180.11,Tesla,174.37285714285713,171.19633333333334,0.048462307094482,0.0267198136802149,22,5,2023,0,2,180.14,176.89,172.08,177.20186758863102,9.20999999999998,-8.170000000000016,8.335949684533057
2023-05-23,185.77,156952100,186.2,192.96,185.26,Tesla,176.91428571428574,171.16233333333332,-0.016413406046487,0.0250818235947162,23,5,2023,1,2,188.87,180.14,167.98,179.34390069147327,7.700000000000017,0.4299999999999784,8.76301481064786
2023-05-24,182.9,137605100,182.23,184.22,178.22,Tesla,179.27857142857144,171.241,-0.015449211390429,0.0260892155436056,24,5,2023,2,2,185.77,188.87,166.35,180.23292551860496,6.0,-0.6700000000000159,7.592082341881916
2023-05-25,184.47,96870720,186.54,186.78,180.58,Tesla,181.8428571428572,171.1933333333333,0.0085839256424276,0.0256180125313864,25,5,2023,3,2,182.9,185.77,166.52,181.29219413895373,6.199999999999989,2.069999999999993,5.227796585852729
2023-05-26,193.17,162061500,184.62,198.6,184.53,Tesla,184.60142857142856,171.46566666666664,0.0471621401853958,0.0262205670665716,26,5,2023,4,2,184.47,182.9,173.86,184.2616456042153,14.069999999999993,-8.549999999999983,5.405079180971561
2023-05-30,201.16,128818700,200.1,204.48,197.53,Tesla,188.06857142857143,171.9363333333333,0.0413625304136253,0.0280203530082083,30,5,2023,1,2,193.17,184.47,176.89,188.48623420316144,6.949999999999989,-1.0600000000000023,7.139816590961276
2023-05-31,203.93,150711700,199.78,203.95,195.12,Tesla,191.46714285714287,172.59033333333335,0.0137701332272817,0.0280878521857878,31,5,2023,2,2,201.16,193.17,180.14,192.3471756523711,8.829999999999984,-4.150000000000006,8.303940258076445
2023-06-01,207.52,148029900,202.59,209.8,199.37,Tesla,194.1314285714286,173.488,0.0176040798313146,0.0247748899805503,1,6,2023,3,2,203.93,201.16,188.87,196.14038173927833,10.430000000000007,-4.930000000000007,10.12416816101724
2023-06-02,213.97,164398400,210.15,217.25,209.752,Tesla,198.16000000000005,175.18733333333333,0.0310813415574402,0.021393307950012,2,6,2023,4,2,207.52,203.93,185.77,200.59778630445874,7.4979999999999905,-3.819999999999993,11.726340719373361
2023-06-05,217.61,151143100,217.8,221.29,214.52,Tesla,203.1185714285714,176.93833333333336,0.0170117306164416,0.0147740216282391,5,6,2023,0,2,213.97,207.52,182.9,204.85083972834406,6.769999999999982,0.18999999999999773,11.535201816723418
2023-06-06,221.31,146911600,216.14,221.91,212.53,Tesla,208.38142857142856,178.897,0.0170028950875418,0.0134794921112186,6,6,2023,1,2,217.61,213.97,184.47,208.96562979625804,9.379999999999995,-5.170000000000016,9.896468104961977
2023-06-07,224.57,185710800,228.0,230.8296,223.2,Tesla,212.86714285714288,181.027,0.0147304685734941,0.0103829846694797,7,6,2023,2,2,221.31,217.61,193.17,212.8667223471935,7.629600000000011,3.430000000000007,8.920681428175625
2023-06-08,234.86,164489700,224.22,235.23,223.01,Tesla,217.68142857142857,183.73066666666668,0.0458209021685889,0.0118205801392461,8,6,2023,3,2,224.57,221.31,201.16,218.36504176039514,12.219999999999999,-10.640000000000015,10.50284473936367
2023-06-09,244.4,200242400,249.07,252.42,242.02,Tesla,223.46285714285716,186.53766666666664,0.0406199437963041,0.0128527647082155,9,6,2023,4,2,234.86,224.57,203.93,224.87378132029636,10.399999999999977,4.6699999999999875,12.600690079369114
2023-06-12,249.83,150740500,247.94,250.97,244.59,Tesla,229.50714285714284,189.38833333333332,0.0222176759410801,0.0124463404099233,12,6,2023,0,2,244.4,234.86,207.52,231.1128359902223,6.3799999999999955,-1.8900000000000148,13.77184412038925
2023-06-13,258.71,162384300,253.51,259.68,251.34,Tesla,235.89857142857144,192.61766666666668,0.035544170035624,0.0128038099468463,13,6,2023,1,2,249.83,244.4,213.97,238.0121269926667,8.340000000000003,-5.199999999999989,15.617477846496584
2023-06-14,256.79,170575500,260.17,261.57,250.5,Tesla,241.49571428571429,195.8336666666667,-0.0074214371303774,0.0183074275104374,14,6,2023,2,2,258.71,249.83,217.61,242.70659524450002,11.069999999999993,3.3799999999999955,14.97841542258444
2023-06-15,255.9,160171200,248.4,258.95,247.29,Tesla,246.43714285714287,199.01,-0.0034658670508976,0.0210536714922381,15,6,2023,3,2,256.79,258.71,221.31,246.004946433375,11.659999999999997,-7.5,12.748947295480306
2023-06-16,260.54,167915600,258.92,263.6,257.2091,Tesla,251.57571428571427,202.3213333333333,0.0181320828448612,0.0209196517264338,16,6,2023,4,2,255.9,256.79,224.57,249.63870982503124,6.390900000000045,-1.6200000000000045,9.229465237569093
2023-06-20,274.45,165611200,261.5,274.75,261.12,Tesla,257.2314285714286,205.801,0.0533891149151759,0.0225128445892438,20,6,2023,1,2,260.54,255.9,234.86,255.84153236877341,13.629999999999995,-12.949999999999989,9.407499541275815
2023-06-21,259.46,211797100,275.13,276.99,257.78,Tesla,259.3828571428571,208.72333333333333,-0.0546183275642193,0.0351315505933085,21,6,2023,2,2,274.45,260.54,244.4,256.74614927658007,19.210000000000036,15.670000000000016,7.515835979865685
2023-06-22,264.61,166875900,250.77,265.0,248.25,Tesla,261.4942857142857,211.9053333333333,0.0198489169814231,0.0349954084943137,22,6,2023,3,2,259.46,274.45,249.83,258.712111957435,16.75,-13.840000000000003,6.374242065125179
2023-06-23,256.6,177460800,259.29,262.45,252.8,Tesla,261.1928571428571,214.84066666666664,-0.0302709648161444,0.0354423443461343,23,6,2023,4,2,264.61,259.46,258.71,258.18408396807627,9.649999999999977,2.6899999999999977,6.57459178526751
2023-06-26,241.05,179990600,250.065,258.37,240.7,Tesla,258.94428571428574,217.13966666666667,-0.0606001558846454,0.0421965865132287,26,6,2023,0,2,256.6,264.61,256.79,253.9005629760572,17.670000000000016,9.014999999999986,10.085538916594846
2023-06-27,250.21,164968200,243.24,250.3899,240.85,Tesla,258.13142857142856,219.88066666666663,0.0380004148516905,0.0457382696928754,27,6,2023,1,2,241.05,256.6,255.9,252.97792223204289,9.539900000000017,-6.969999999999999,10.588543224594353
2023-06-28,256.24,159770800,249.7,259.88,248.89,Tesla,257.51714285714286,222.877,0.0240997562047879,0.0462355521095001,28,6,2023,2,2,250.21,241.05,260.54,253.79344167403218,10.990000000000009,-6.5400000000000205,10.550184381149315
2023-06-29,257.5,131283400,258.03,260.74,253.61,Tesla,255.0957142857143,225.90966666666665,0.0049172650640023,0.0398411600810673,29,6,2023,3,2,256.24,250.21,274.45,254.72008125552412,7.1299999999999955,0.5299999999999727,7.528543146241705
2023-06-30,261.77,112620800,260.6,264.45,259.89,Tesla,255.4257142857143,228.84000000000003,0.0165825242718444,0.0348426919638878,30,6,2023,4,2,257.5,256.24,259.46,256.4825609416431,4.560000000000002,-1.169999999999959,7.797548454791568
2023-07-03,279.82,118999000,276.49,284.25,275.11,Tesla,257.59857142857146,232.271,0.0689536616113382,0.0430576629715673,3,7,2023,0,3,261.77,257.5,264.61,262.31692070623234,9.139999999999986,-3.329999999999984,11.849693988416076
2023-07-05,282.48,131530900,278.82,283.85,277.6,Tesla,261.2957142857143,235.6823333333333,0.0095061110714032,0.0395195392676658,5,7,2023,2,3,279.82,261.77,256.6,267.35769052967424,6.25,-3.660000000000025,15.082538311067268
2023-07-06,276.54,120707400,278.09,279.97,272.88,Tesla,266.36571428571426,238.60466666666665,-0.0210280373831776,0.0281949210976631,6,7,2023,3,3,282.48,279.82,241.05,269.65326789725566,7.090000000000032,1.5499999999999545,12.958026929467417
2023-07-07,274.43,113879200,278.43,280.78,273.77,Tesla,269.8257142857143,241.56,-0.0076299992767773,0.0286505557021536,7,7,2023,4,3,276.54,282.48,250.21,270.84745092294173,7.009999999999991,4.0,11.012774184470043
2023-07-10,269.61,119425400,276.47,277.52,265.1,Tesla,271.73571428571427,244.45033333333333,-0.017563677440513,0.0303877020095042,10,7,2023,0,3,274.43,276.54,256.24,270.53808819220626,12.419999999999959,6.860000000000014,9.288212704181912
2023-07-11,269.79,91972360,268.65,270.9,266.37,Tesla,273.49142857142857,247.29433333333336,0.0006676310225881,0.0304942847252708,11,7,2023,1,3,269.61,274.43,257.5,270.3510661441547,4.529999999999973,-1.1400000000000432,7.0377302888839965
2023-07-12,271.99,95672140,276.325,276.52,271.46,Tesla,274.9514285714286,249.92166666666668,0.008154490529671,0.0302212527670743,12,7,2023,2,3,269.79,269.61,261.77,270.76079960811603,5.060000000000002,4.3349999999999795,4.951751974712811
2023-07-13,277.9,112681500,274.59,279.45,270.6,Tesla,274.6771428571429,252.47966666666667,0.0217287400272068,0.0154536651535914,13,7,2023,3,3,271.99,269.79,279.82,272.54559970608705,8.849999999999966,-3.3100000000000023,4.683010834518284
2023-07-14,281.38,120062400,277.01,285.3,276.31,Tesla,274.52,255.06133333333332,0.0125224901043541,0.0158290573123848,14,7,2023,4,3,277.9,271.99,282.48,274.7541997795653,8.990000000000009,-4.3700000000000045,4.386616007815752
2023-07-17,290.38,131569600,286.625,292.23,283.57,Tesla,276.4971428571429,257.8233333333333,0.0319852157225104,0.0169824943969729,17,7,2023,0,3,281.38,277.9,276.54,278.66064983467396,8.660000000000025,-3.7549999999999955,7.478301309536264
2023-07-18,293.34,112434700,290.15,295.26,286.01,Tesla,279.1985714285714,260.469,0.0101935394999654,0.0156886660784731,18,7,2023,1,3,290.38,281.38,274.43,282.33048737600546,9.25,-3.1899999999999977,9.694282556524236
2023-07-19,291.26,142355400,296.04,299.29,289.5201,Tesla,282.2914285714286,262.92400000000004,-0.0070907479375468,0.012912466525818,19,7,2023,2,3,293.34,290.38,269.61,284.5628655320041,9.769900000000007,4.78000000000003,9.578201690247358
2023-07-20,262.9,175158300,279.56,280.93,261.2,Tesla,281.3071428571429,264.31033333333335,-0.0973700473803474,0.043391964360886,20,7,2023,3,3,291.26,293.34,269.79,279.1471491490031,19.730000000000018,16.660000000000025,11.279862165656212
2023-07-21,260.02,161796100,268.0,268.0,255.8,Tesla,279.59714285714284,265.492,-0.010954735640928,0.0431856449127719,21,7,2023,4,3,262.9,291.26,271.99,274.3653618617523,12.199999999999989,7.980000000000018,13.597036091597545
2023-07-24,269.06,137005000,255.85,269.85,254.12,Tesla,278.3342857142857,266.632,0.0347665564187371,0.0448098129515055,24,7,2023,0,3,260.02,262.9,277.9,273.03902139631424,15.730000000000018,-13.210000000000008,14.178997210831948
2023-07-25,265.28,112757300,272.38,272.9,265.0,Tesla,276.0342857142857,267.32800000000003,-0.0140489110235636,0.0443287372503184,25,7,2023,1,3,269.06,260.02,281.38,271.0992660472357,7.899999999999977,7.100000000000023,14.89055501220326
2023-07-26,264.35,95856180,263.25,268.04,261.75,Tesla,272.3157142857143,267.812,-0.0035057297949334,0.0409612738582888,26,7,2023,2,3,265.28,269.06,290.38,269.41194953542674,6.2900000000000205,-1.1000000000000227,13.930185278911129
2023-07-27,255.71,103697300,268.31,269.13,255.3,Tesla,266.94,267.712,-0.0326839417439002,0.0401880204867398,27,7,2023,3,3,264.35,265.28,293.34,265.98646215157004,13.829999999999984,12.599999999999994,11.516230575440392
2023-07-28,266.44,111446000,259.86,267.25,258.2312,Tesla,263.39428571428573,268.03366666666665,0.0419615971217395,0.0463530095514289,28,7,2023,4,3,255.71,264.35,291.26,266.0998466136775,9.018799999999999,-6.579999999999984,4.406895570747879
2023-07-31,267.43,84582170,267.48,269.08,263.78,Tesla,264.0414285714286,268.418,0.0037156583095632,0.0268584663964965,31,7,2023,0,3,266.44,255.71,262.9,266.43238496025816,5.300000000000011,0.05000000000001137,4.648216247740807
2023-08-01,261.07,83645720,266.26,266.47,260.25,Tesla,264.19142857142856,268.43566666666663,-0.0237819242418577,0.0283457318500904,1,8,2023,1,3,267.43,266.44,260.02,265.0917887201936,6.220000000000027,5.189999999999998,4.511752906106591
2023-08-02,254.11,101752900,255.57,259.52,250.49,Tesla,262.05571428571426,267.7576666666667,-0.0266595166047419,0.0254840055432048,2,8,2023,2,3,261.07,267.43,269.06,262.3463415401452,9.029999999999973,1.4599999999999795,5.293687615592735
2023-08-03,259.32,97829550,252.04,260.49,252.0,Tesla,261.20428571428573,267.753,0.0205029318011884,0.027361905628501,3,8,2023,3,3,254.11,261.07,265.28,261.5897561551089,8.490000000000009,-7.280000000000001,5.166436093170514
2023-08-04,253.86,99539910,260.97,264.77,253.11,Tesla,259.70571428571424,267.39466666666664,-0.0210550670985654,0.0282150345353571,4,8,2023,4,3,259.32,254.11,264.35,259.6573171163317,11.659999999999968,7.110000000000014,5.604691062388542
2023-08-07,251.45,111097900,251.45,253.6511,242.76,Tesla,259.09714285714284,267.223,-0.0094934215709446,0.0257337974071227,7,8,2023,0,3,253.86,259.32,255.71,257.60548783724875,10.891100000000023,0.0,6.299126167671822
2023-08-08,249.7,96642180,247.45,250.92,245.01,Tesla,256.7057142857143,267.5113333333333,-0.0069596341220918,0.0168924521156282,8,8,2023,1,3,251.45,253.86,266.44,255.62911587793656,5.909999999999997,-2.25,6.2240149344955995
2023-08-09,242.19,101596300,250.87,251.1,241.9,Tesla,253.1,267.244,-0.0300760913095714,0.0174377934762525,9,8,2023,2,3,249.7,251.45,267.43,252.26933690845243,9.199999999999989,8.680000000000007,6.286461643887573
2023-08-10,245.34,109498600,245.4,251.8,243.0,Tesla,250.85285714285715,266.8806666666667,0.0130063173541434,0.0194068678377772,10,8,2023,3,3,242.19,249.7,261.07,250.53700268133932,8.800000000000011,0.060000000000002274,5.751329452940838
2023-08-11,242.65,99038640,241.77,243.79,238.02,Tesla,249.2157142857143,266.3856666666667,-0.0109643759680443,0.017825117933301,11,8,2023,4,3,245.34,242.19,254.11,248.56525201100447,5.769999999999982,-0.8799999999999955,6.276715853441154
2023-08-14,239.76,98595330,235.7,240.66,233.75,Tesla,246.42142857142852,265.652,-0.0119101586647435,0.0132959872251653,14,8,2023,0,3,242.65,245.34,259.32,246.36393900825334,6.909999999999997,-4.060000000000002,5.307866578874323
2023-08-15,232.96,88197600,238.73,240.5,232.61,Tesla,243.43571428571428,264.09,-0.0283616950283616,0.0144479096002761,15,8,2023,1,3,239.76,242.65,253.86,243.01295425619003,7.889999999999986,5.769999999999982,6.225176991180094
2023-08-16,225.6,112484500,228.02,233.97,225.38,Tesla,239.7428571428572,262.194,-0.0315934065934067,0.0161012707611484,16,8,2023,2,3,232.96,239.76,251.45,238.65971569214253,8.590000000000003,2.420000000000016,8.071973559356731
2023-08-17,219.22,120718400,226.06,226.74,218.83,Tesla,235.38857142857145,260.28333333333336,-0.0282801418439716,0.0162837238671482,17,8,2023,3,3,225.6,232.96,249.7,233.7997867691069,7.909999999999997,6.840000000000003,9.834165662923322
2023-08-18,215.49,136276600,214.12,217.58,212.36,Tesla,231.5742857142857,258.3186666666667,-0.0170148709059392,0.0154372887087232,18,8,2023,4,3,219.22,225.6,242.19,229.22234007683016,5.219999999999999,-1.3700000000000045,11.748171286270127
2023-08-21,231.28,135702700,221.5512,232.1343,220.58,Tesla,229.56571428571428,257.041,0.0732748619425494,0.0367271256717989,21,8,2023,0,3,215.49,219.22,245.34,229.73675505762262,11.554299999999984,-9.728800000000007,10.086859202524137
2023-08-22,233.19,130597900,240.25,240.82,229.55,Tesla,228.2142857142857,255.821,0.0082583881010029,0.0371701788860624,22,8,2023,1,3,231.28,215.49,242.65,230.60006629321697,11.269999999999982,7.060000000000002,8.559797227244843
2023-08-23,236.86,101077600,229.34,238.98,229.29,Tesla,227.8,254.65,0.0157382392040825,0.0377884590277188,23,8,2023,2,3,233.19,231.28,239.76,232.16504971991273,9.689999999999998,-7.52000000000001,7.956802121463172
2023-08-24,230.04,99777430,238.66,238.92,228.1801,Tesla,227.38285714285715,253.0546666666667,-0.0287933800557291,0.0378406045368667,24,8,2023,3,3,236.86,233.19,232.96,231.63378728993453,10.739899999999977,8.620000000000005,7.714036371639607
2023-08-25,238.59,106612200,231.31,239.0,230.35,Tesla,229.23857142857145,251.62833333333336,0.0371674491392801,0.0375600323559469,25,8,2023,4,3,230.04,236.86,225.6,233.3728404674509,8.650000000000006,-7.280000000000001,8.71161949845333
2023-08-28,238.82,107673700,242.58,244.38,235.35,Tesla,232.03857142857143,249.90966666666665,0.0009639968146191,0.0342521720765097,28,8,2023,0,3,238.59,230.04,219.22,234.7346303505882,9.030000000000001,3.7600000000000193,8.081933408483396
2023-08-29,257.18,134047600,238.58,257.48,237.77,Tesla,237.99428571428567,248.70433333333327,0.0768779834184743,0.0387235115044103,29,8,2023,1,3,238.82,238.59,215.49,240.34597276294113,19.710000000000008,-18.599999999999994,9.14556697193761
2023-08-30,256.9,121988400,254.2,260.51,250.59,Tesla,241.6542857142857,247.559,-0.0010887316276538,0.0335101034728837,30,8,2023,2,3,257.18,238.82,231.28,244.48447957220586,9.919999999999987,-2.6999999999999886,10.95767289337425
2023-08-31,258.08,108861700,255.98,261.18,255.05,Tesla,245.21,247.3983333333333,0.0045932269365511,0.0336719796828289,31,8,2023,3,3,256.9,257.18,233.19,247.8833596791544,6.1299999999999955,-2.0999999999999943,11.76209873563189
2023-09-01,245.01,132541600,257.26,259.0794,242.01,Tesla,246.3742857142857,246.898,-0.0506432114073155,0.0418140751525182,1,9,2023,4,3,258.08,256.9,236.86,247.1650197593658,17.06940000000003,12.25,11.187123337637473
2023-09-05,256.49,129469600,245.0,258.0,244.86,Tesla,250.15285714285716,246.479,0.0468552303987592,0.0412203665508996,5,9,2023,1,3,245.01,258.08,230.04,249.49626481952436,13.139999999999986,-11.490000000000009,9.004498346730236
2023-09-06,251.92,116959800,255.135,255.39,245.06,Tesla,252.05714285714288,246.03366666666668,-0.0178174587703224,0.0418353719980176,6,9,2023,2,3,256.49,245.01,238.59,250.10219861464324,10.329999999999984,3.2150000000000034,7.422094749884553
2023-09-07,251.49,115312900,245.07,252.81,243.265,Tesla,253.86714285714285,245.605,-0.0017068910765321,0.0419280022339507,7,9,2023,3,3,251.92,256.49,238.82,250.44914896098243,9.545000000000016,-6.420000000000016,4.702693250637721
2023-09-08,248.5,118559600,251.22,256.52,246.67,Tesla,252.62714285714284,245.36466666666664,-0.011889140721301,0.0291565578663052,8,9,2023,4,3,251.49,251.92,257.18,249.9618617207368,9.849999999999994,2.719999999999999,4.826315759416909
2023-09-11,273.58,174667900,264.27,274.85,260.61,Tesla,255.01,245.60266666666664,0.1009255533199193,0.0495354737336819,11,9,2023,0,3,248.5,251.49,256.9,255.8663962905526,14.240000000000009,-9.310000000000002,9.316462132522952
2023-09-12,267.48,135999900,270.76,278.39,266.6,Tesla,256.35285714285715,245.60433333333333,-0.0222969515315445,0.0510483093082662,12,9,2023,1,3,273.58,248.5,258.08,258.76979721791446,11.789999999999964,3.2799999999999727,10.442157686173964
2023-09-13,271.3,111673700,270.07,274.98,268.1,Tesla,260.10857142857145,245.94533333333337,0.0142814416031105,0.044472954540906,13,9,2023,2,3,267.48,273.58,245.01,261.90234791343585,6.8799999999999955,-1.2300000000000182,10.410338496855173
2023-09-14,276.04,107709800,271.32,276.7094,270.42,Tesla,262.90142857142854,246.67633333333333,0.0174714338370807,0.0423540827001312,14,9,2023,3,3,271.3,267.48,256.49,265.4367609350769,6.2894000000000005,-4.720000000000027,11.806543988501994
2023-09-15,274.39,133692300,277.55,278.98,271.0,Tesla,266.1114285714286,247.17866666666663,-0.0059773945804957,0.0412195579382017,15,9,2023,4,3,276.04,271.3,251.92,267.6750707013077,7.980000000000018,3.160000000000025,11.369796873841935
2023-09-18,265.28,101543300,271.16,271.44,263.7601,Tesla,268.08142857142855,247.5593333333333,-0.0332009184008164,0.044663781915293,18,9,2023,0,3,274.39,276.04,251.49,267.07630302598074,7.679899999999975,5.880000000000052,9.446096951603257
2023-09-19,266.5,103704000,264.35,267.85,261.2,Tesla,270.6528571428572,248.061,0.0045989143546443,0.0438380760023125,19,9,2023,1,3,265.28,274.39,248.5,266.93222726948557,6.650000000000034,-2.1499999999999773,4.24569081260347
2023-09-20,262.59,122514600,267.04,273.93,262.4606,Tesla,269.0828571428571,248.49066666666664,-0.0146716697936211,0.0189497868962916,20,9,2023,2,3,266.5,265.28,273.58,265.84667045211415,11.469400000000007,4.4500000000000455,4.955511121592708
2023-09-21,255.7,119951500,257.85,260.86,254.21,Tesla,267.4,248.941,-0.0262386229483224,0.0195739679220348,21,9,2023,3,3,262.59,266.5,267.48,263.3100028390856,6.650000000000006,2.150000000000034,7.118639851360346
2023-09-22,244.88,127524100,257.4,257.7888,244.48,Tesla,263.6257142857143,248.92566666666664,-0.0423152131403988,0.0212940394082261,22,9,2023,4,3,255.7,262.59,271.3,258.7025021293142,13.30879999999999,12.519999999999982,10.772449206415986
2023-09-25,246.99,104636600,243.38,247.1,238.31,Tesla,259.4757142857143,249.07033333333337,0.0086164652074485,0.019255150311515,25,9,2023,0,3,244.88,255.7,276.04,255.77437659698566,8.789999999999992,-3.6100000000000136,10.78848901552737
2023-09-26,244.12,101993600,242.98,249.55,241.6601,Tesla,255.15142857142857,249.21566666666664,-0.0116199036398234,0.0189000964635003,26,9,2023,1,3,246.99,244.88,274.39,252.86078244773924,7.8899000000000115,-1.1400000000000148,9.838825181516864
2023-09-27,240.5,136597200,244.262,245.33,234.58,Tesla,251.61142857142855,249.467,-0.0148287727347206,0.0173945529631674,27,9,2023,2,3,244.12,246.99,265.28,249.77058683580444,10.75,3.7620000000000005,10.042991633594976
2023-09-28,246.38,117058900,240.02,247.55,238.65,Tesla,248.73714285714283,250.15966666666665,0.0244490644490644,0.0219195618197508,28,9,2023,3,3,240.5,244.12,266.5,248.92294012685332,8.900000000000006,-6.359999999999985,7.670699043086506
2023-09-29,250.22,128522700,250.0,254.77,246.35,Tesla,246.97,251.193,0.0155856806558973,0.0239511672180638,29,9,2023,4,3,246.38,240.5,262.59,249.24720509514,8.420000000000016,-0.21999999999999886,4.855845274864306
2023-10-02,251.6,123810400,244.81,254.2799,242.62,Tesla,246.3842857142857,252.39666666666665,0.0055151466709295,0.0225845865484118,2,10,2023,0,4,250.22,246.38,255.7,249.83540382135502,11.659899999999993,-6.789999999999992,3.7482878631252383
2023-10-03,246.53,101985300,248.61,250.02,244.45,Tesla,246.62,252.905,-0.0201510333863275,0.0168232485619157,3,10,2023,1,4,251.6,250.22,244.88,249.00905286601625,5.570000000000022,2.0800000000000125,3.6893405011496085
2023-10-04,261.16,129721600,248.14,261.86,247.6,Tesla,248.64428571428567,253.83733333333333,0.0593436904230724,0.0278935051751942,4,10,2023,2,4,246.53,251.6,246.99,252.04678964951222,14.26000000000002,-13.020000000000039,6.636489677395732
2023-10-05,260.05,119159200,260.0,263.6,256.25,Tesla,250.92,254.61033333333333,-0.0042502680349211,0.0271441382341636,5,10,2023,3,4,261.16,246.53,244.12,254.04759223713415,7.350000000000023,-0.05000000000001137,7.501410978392414
2023-10-06,260.53,118121800,253.98,261.65,250.65,Tesla,253.78142857142856,255.62666666666664,0.0018457988848297,0.0253370218186839,6,10,2023,4,4,260.05,261.16,240.5,255.6681941778506,10.999999999999972,-6.549999999999983,6.634358619021669
2023-10-09,259.67,101377900,255.31,261.36,252.05,Tesla,255.68000000000004,256.3293333333333,-0.0033009634207191,0.025191739740476,9,10,2023,0,4,260.53,260.05,246.38,256.66864563338794,9.310000000000002,-4.360000000000014,6.038079164773219
2023-10-10,263.62,122656000,257.75,268.94,257.65,Tesla,257.5942857142857,257.156,0.0152116147417875,0.0251728572421775,10,10,2023,1,4,259.67,260.53,250.22,258.4064842250409,11.29000000000002,-5.8700000000000045,6.1418098775110685
2023-10-11,262.99,103706300,266.2,268.6,260.9,Tesla,259.2214285714286,257.3496666666667,-0.0023898035050451,0.0254651698899212,11,10,2023,2,4,263.62,259.67,251.6,259.5523631687807,7.7000000000000455,3.2099999999999795,5.787631722254014
2023-10-12,258.87,111508100,262.92,265.41,256.6307,Tesla,260.9842857142857,257.4153333333333,-0.0156659949047492,0.0247251310459979,12,10,2023,3,4,262.99,263.62,246.53,259.38177237658556,8.779300000000035,4.050000000000011,1.745354378003968
2023-10-13,251.12,102296800,258.9,259.6,250.22,Tesla,259.55,257.18333333333334,-0.0299378066210839,0.0141395219321731,13,10,2023,4,4,258.87,262.99,261.16,257.31632928243914,9.380000000000024,7.779999999999973,4.105902255703676
2023-10-16,253.92,88917180,250.05,255.3999,248.48,Tesla,258.6742857142857,257.4803333333333,0.0111500477859189,0.0154988279875931,16,10,2023,0,4,251.12,258.87,260.05,256.46724696182935,6.919900000000013,-3.869999999999976,4.604877331499355
2023-10-17,254.85,93562910,250.1,257.183,247.08,Tesla,257.86285714285714,257.4256666666667,0.0036625708884687,0.0156141065801018,17,10,2023,1,4,253.92,251.12,260.53,256.062935221372,10.10299999999998,-4.75,4.7223218663690485
2023-10-18,242.68,125147800,252.7,254.63,242.08,Tesla,255.43571428571428,257.11766666666665,-0.047753580537571,0.0230212588066848,18,10,2023,2,4,254.85,253.92,259.67,252.717201416029,12.549999999999983,10.019999999999982,7.300892313374994
2023-10-19,220.11,170772700,225.95,230.61,216.78,Tesla,249.22,256.07166666666666,-0.0930031316960606,0.0362700189124509,19,10,2023,3,4,242.68,254.85,263.62,244.56540106202178,13.830000000000013,5.839999999999975,14.319543754373537
2023-10-20,211.99,138010100,217.01,218.8606,210.42,Tesla,241.9342857142857,254.85466666666667,-0.0368906455862977,0.035032555325516,20,10,2023,4,4,220.11,242.68,262.99,236.42155079651633,8.440600000000018,5.019999999999982,18.507586604008235
2023-10-23,212.08,150683400,210.0,216.98,202.51,Tesla,235.25000000000003,252.8046666666667,0.0004245483277514,0.0366053366534888,23,10,2023,0,4,211.99,220.11,258.87,230.33616309738724,14.469999999999999,-2.0800000000000125,19.77745686381644
2023-10-24,216.52,118231100,216.5,222.05,214.11,Tesla,230.30714285714288,251.106,0.0209354960392305,0.0408407913976973,24,10,2023,1,4,212.08,211.99,251.12,226.88212232304042,7.939999999999998,-0.020000000000010232,19.471431820567012
2023-10-25,212.42,107065100,215.88,220.1,212.2,Tesla,224.3785714285714,249.1433333333333,-0.0189358950674303,0.0385068017913236,25,10,2023,2,4,216.52,212.08,253.92,223.2665917422803,7.900000000000006,3.460000000000008,17.277958433194456
2023-10-26,205.76,115112600,211.32,214.8,204.88,Tesla,217.3657142857143,246.80066666666664,-0.0313529799453912,0.0364570831061177,26,10,2023,3,4,212.42,216.52,254.85,218.88994380671022,9.920000000000016,5.560000000000002,12.007283702192076
2023-10-27,207.3,94881170,210.6,212.41,205.77,Tesla,212.3114285714286,244.5643333333333,0.0074844479004667,0.0378036168165885,27,10,2023,4,4,205.76,212.42,242.68,215.99245785503268,6.639999999999986,3.299999999999983,4.945268542006508
2023-10-30,197.36,136448200,209.28,210.88,194.67,Tesla,209.0614285714286,242.3003333333333,-0.0479498311625663,0.0254374857486915,30,10,2023,0,4,207.3,205.76,220.11,211.33434339127453,16.210000000000008,11.919999999999987,6.265302409772453
2023-10-31,200.84,118068300,196.12,202.8,194.07,Tesla,207.4685714285715,240.11166666666668,0.017632752330766,0.0260237714704861,31,10,2023,1,4,197.36,207.3,211.99,208.7107575434559,8.730000000000018,-4.719999999999999,6.7918957308867585
2023-11-01,205.66,121661700,204.04,205.99,197.85,Tesla,206.55142857142852,238.214,0.023999203345947,0.0286020162897879,1,11,2023,2,4,200.84,197.36,212.08,207.94806815759193,8.140000000000015,-1.6200000000000045,6.492260593910262
2023-11-02,218.51,125987600,212.97,219.2,211.45,Tesla,206.83571428571423,236.9743333333333,0.062481766021589,0.0375546958390731,2,11,2023,3,4,205.66,200.84,216.52,210.58855111819395,7.75,-5.539999999999992,7.023365425844902
2023-11-03,219.96,119534800,221.15,226.3701,218.4,Tesla,207.91285714285715,236.1436666666667,0.0066358519060913,0.036415596645936,3,11,2023,4,4,218.51,205.66,212.42,212.93141333864548,7.970100000000002,1.1899999999999977,8.45485011554785
2023-11-06,219.27,117335800,223.98,226.32,215.0,Tesla,209.8428571428572,235.21966666666668,-0.0031369339879978,0.0330550481167833,6,11,2023,0,4,219.96,218.51,205.76,214.5160600039841,11.319999999999993,4.7099999999999795,9.373566938100002
2023-11-07,222.18,116900100,219.98,223.12,215.72,Tesla,211.96857142857144,234.4883333333333,0.0132713093446434,0.0330659024447546,7,11,2023,1,4,219.27,219.96,207.3,216.4320450029881,7.400000000000006,-2.200000000000017,10.33836613231962
2023-11-08,222.11,106584800,223.15,224.15,217.64,Tesla,215.5042857142857,233.87533333333332,-0.0003150598613735,0.0221519552980418,8,11,2023,2,4,222.18,219.27,197.36,217.85153375224107,6.510000000000019,1.039999999999992,8.594767511201164
2023-11-09,209.98,142110500,219.75,220.8,206.68,Tesla,216.81,232.662,-0.0546125793525731,0.0350213584786382,9,11,2023,3,4,222.11,222.18,200.84,215.8836503141808,14.120000000000005,9.77000000000001,6.413038801288666
2023-11-10,214.65,131310100,210.03,215.38,205.69,Tesla,218.0942857142857,231.47633333333332,0.0222402133536527,0.0348842909284403,10,11,2023,4,4,209.98,222.11,205.66,215.5752377356356,9.689999999999998,-4.6200000000000045,4.388617311286781
2023-11-13,223.71,140447600,215.6,225.4,211.6101,Tesla,218.83714285714288,230.54666666666665,0.0422082459818309,0.0299723571149083,13,11,2023,0,4,214.65,209.98,218.51,217.6089283017267,13.789900000000017,-8.110000000000014,4.882969432256645
2023-11-14,237.41,149771600,235.03,238.135,230.72,Tesla,221.33,230.24266666666668,0.0612399982119709,0.0371039975983733,14,11,2023,1,4,223.71,214.65,219.96,222.55919622629503,7.414999999999992,-2.3799999999999955,8.595058657943497
2023-11-15,242.84,150354000,239.29,246.7,236.45,Tesla,224.6971428571429,229.632,0.0228718251126742,0.0366872938399679,15,11,2023,2,4,237.41,223.71,219.27,227.62939716972127,10.25,-3.5500000000000114,11.707000347783584
2023-11-16,233.59,136816800,239.49,240.88,230.96,Tesla,226.3271428571429,228.75,-0.0380909240652281,0.0419175280623605,16,11,2023,3,4,242.84,237.41,222.18,229.11954787729096,9.919999999999987,5.900000000000006,12.086299012090823
2023-11-17,234.3,142766200,232.0,237.39,226.54,Tesla,228.06857142857143,227.8756666666667,0.0030395136778116,0.041826572098908,17,11,2023,4,4,233.59,242.84,222.11,230.4146609079682,10.849999999999994,-2.3000000000000114,12.254426994050785
2023-11-20,235.6,116562400,234.04,237.1,231.02,Tesla,231.72857142857143,227.07333333333332,0.0055484421681604,0.0316638965638366,20,11,2023,0,4,234.3,233.59,209.98,231.71099568097614,6.079999999999984,-1.5600000000000023,9.458529534367985
2023-11-21,241.2,122288000,235.04,243.62,233.34,Tesla,235.52142857142857,226.326,0.0237691001697792,0.0317112387820075,21,11,2023,1,4,235.6,234.3,214.65,234.0832467607321,10.280000000000001,-6.159999999999997,6.246501497038331
2023-11-22,234.21,118117100,242.04,244.01,231.4,Tesla,237.02142857142852,225.36666666666667,-0.0289800995024874,0.0337160293518115,22,11,2023,2,4,241.2,235.6,223.71,234.11493507054908,12.609999999999985,7.829999999999984,3.664530113465907
2023-11-24,235.45,65125200,233.75,238.75,232.33,Tesla,236.74142857142857,224.586,0.0052943939199863,0.0239471115698862,24,11,2023,4,4,234.21,241.2,237.41,234.4487013029118,6.4199999999999875,-1.6999999999999886,3.7045531830211966
2023-11-27,236.08,112031800,236.89,238.33,232.1,Tesla,235.77571428571423,224.08466666666664,0.0026757273306434,0.0217131779340002,27,11,2023,0,4,235.45,234.21,242.84,234.85652597718385,6.230000000000018,0.8099999999999739,2.5514365701598614
2023-11-28,246.72,148549900,236.68,247.0,234.01,Tesla,237.65142857142857,223.84466666666668,0.0450694679769569,0.0225706213633004,28,11,2023,1,4,236.08,235.45,233.59,237.8223944828879,12.990000000000009,-10.039999999999992,4.644546725551398
2023-11-29,244.14,135401300,249.21,252.75,242.76,Tesla,239.05714285714288,223.48766666666663,-0.0104571984435798,0.0236228797754135,29,11,2023,2,4,246.72,236.08,234.3,239.40179586216593,9.990000000000009,5.070000000000022,4.94078507354546
2023-11-30,240.08,132353200,245.14,245.22,236.91,Tesla,239.69714285714284,223.401,-0.0166298025722945,0.025151897269869,30,11,2023,3,4,244.14,246.72,235.6,239.57134689662445,8.310000000000002,5.059999999999974,4.702753499419398
2023-12-01,238.83,121331700,233.14,240.19,231.9,Tesla,239.35857142857145,224.025,-0.005206597800733,0.0234862350996979,1,12,2023,4,4,240.08,244.14,241.2,239.38601017246836,8.289999999999992,-5.690000000000026,4.661657175207048
2023-12-04,235.58,104099800,235.75,239.3733,233.2902,Tesla,239.55428571428573,224.81133333333332,-0.0136080056944269,0.0210450239192543,4,12,2023,0,4,238.83,240.08,234.21,238.4345076293513,6.083100000000002,0.1699999999999875,4.432605919569943
2023-12-05,238.72,137971100,233.87,246.66,233.7,Tesla,240.02142857142857,225.69933333333333,0.0133288055013158,0.0215305108504301,5,12,2023,1,4,235.58,238.83,235.45,238.50588072201347,12.960000000000008,-4.849999999999994,4.0867934805285975
2023-12-06,239.37,126436200,242.92,246.57,239.1709,Tesla,240.49142857142857,226.46100000000004,0.0027228552278819,0.0215307036322457,6,12,2023,2,4,238.72,235.58,236.08,238.7219105415101,7.399100000000004,3.549999999999983,3.7317218035588575
2023-12-07,242.64,107142300,241.55,244.08,236.98,Tesla,239.90857142857143,227.46833333333333,0.0136608597568617,0.0124662141959551,7,12,2023,3,4,239.37,238.72,246.72,239.70143290613257,7.100000000000023,-1.089999999999975,2.7987403629415133
2023-12-08,243.84,103126800,240.27,245.27,239.2701,Tesla,239.8657142857143,228.73766666666668,0.0049455984174084,0.0121442546213314,8,12,2023,4,4,242.64,239.37,244.14,240.73607467959943,5.999899999999997,-3.569999999999993,2.7244562585720495
2023-12-11,239.74,97913890,242.74,243.441,237.45,Tesla,239.81714285714287,229.819,-0.0168143044619422,0.0121862060735938,11,12,2023,0,4,243.84,242.64,240.08,240.4870560096996,5.991000000000014,3.0,2.723029650279464
2023-12-12,237.01,95328310,238.55,238.99,233.87,Tesla,239.55714285714285,231.14066666666668,-0.0113873362809711,0.0128219393724753,12,12,2023,1,4,239.74,243.84,238.83,239.6177920072747,5.1200000000000045,1.5400000000000205,2.9132382571579054
2023-12-13,239.29,146286300,234.19,240.3,228.2,Tesla,240.08714285714285,232.4223333333333,0.0096198472638284,0.0120011220042088,13,12,2023,2,4,237.01,239.74,235.58,239.535844005456,12.100000000000023,-5.099999999999994,2.3526277102353284
2023-12-14,251.05,160829200,241.22,253.88,240.79,Tesla,241.84857142857143,233.93533333333332,0.0491453884408041,0.021424279937972,14,12,2023,3,4,239.29,237.01,238.72,242.41438300409197,13.090000000000003,-9.830000000000013,4.6512701798347384
2023-12-15,253.5,135932800,251.21,254.13,248.3,Tesla,243.86714285714288,235.10166666666663,0.0097590121489743,0.0213324033774071,15,12,2023,4,4,251.05,239.29,239.37,245.18578725306898,5.829999999999984,-2.289999999999992,6.203439138329451
2023-12-18,252.08,116416500,253.78,258.74,251.36,Tesla,245.21571428571428,236.1723333333333,-0.0056015779092701,0.0217811100503759,18,12,2023,0,4,253.5,251.05,242.64,246.90934043980175,7.3799999999999955,1.6999999999999886,6.881261650661095
2023-12-19,257.22,106737400,253.48,258.3399,253.01,Tesla,247.12714285714287,237.43733333333333,0.0203903522691208,0.0224673484479587,19,12,2023,1,4,252.08,253.5,243.84,249.4870053298513,5.329900000000009,-3.7400000000000375,8.17257551058924
2023-12-20,247.14,125097000,256.41,259.84,247.0,Tesla,248.1842857142857,238.2693333333333,-0.039188243526942,0.0275755847623942,20,12,2023,2,4,257.22,252.08,239.74,248.9002539973885,12.839999999999975,9.270000000000039,7.5094759185657205
2023-12-21,254.5,109594200,251.9,254.7999,248.55,Tesla,250.6828571428572,239.349,0.0297806911062556,0.0279657909076486,21,12,2023,3,4,247.14,257.22,237.01,250.30019049804136,6.249899999999997,-2.5999999999999943,5.911527479674
2023-12-22,252.54,93370090,256.76,258.22,251.37,Tesla,252.57571428571435,240.76766666666663,-0.0077013752455795,0.02881600862348,22,12,2023,4,4,254.5,247.14,239.29,250.860142873531,6.850000000000023,4.219999999999999,3.1157762924897
2023-12-26,256.61,86892380,254.49,257.97,252.91,Tesla,253.37,242.16633333333337,0.0161162588104855,0.0231112240562249,26,12,2023,1,4,252.54,254.5,251.05,252.29760715514826,5.060000000000031,-2.1200000000000045,3.361046464036216
2023-12-27,261.44,106494400,258.35,263.34,257.52,Tesla,254.5042857142857,243.424,0.018822337399166,0.0237735245245238,27,12,2023,2,4,256.61,252.54,253.5,254.5832053663612,5.819999999999993,-3.089999999999975,4.5438891460402955
2023-12-28,253.18,113619900,263.66,265.13,252.71,Tesla,254.6614285714286,243.94966666666667,-0.031594247246022,0.0273971553525192,28,12,2023,3,4,261.44,256.61,252.08,254.23240402477091,12.419999999999987,10.480000000000018,4.464401522315708
2023-12-29,248.48,100891600,255.1,255.19,247.43,Tesla,253.41285714285712,244.13766666666663,-0.0185638676040762,0.026737747766973,29,12,2023,4,4,253.18,261.44,257.22,252.7943030185782,7.759999999999991,6.6200000000000045,4.836261346288129
2024-01-02,248.42,104654200,250.08,251.25,244.41,Tesla,253.5957142857143,244.632,-0.0002414681262074,0.0219728218655206,2,1,2024,1,1,248.48,253.18,247.14,251.70072726393366,6.840000000000003,1.660000000000025,4.5767960305041235
2024-01-03,238.45,121082600,244.98,245.68,236.32,Tesla,251.3028571428572,244.77033333333333,-0.0401336446340874,0.0225631192622536,3,1,2024,2,1,248.42,248.48,254.5,248.38804544795022,9.360000000000014,6.530000000000001,7.273891013499746
2024-01-04,237.93,102629300,239.25,242.7,237.73,Tesla,249.21571428571423,244.848,-0.0021807506814844,0.0227137800989197,4,1,2024,3,1,238.45,248.42,252.54,245.7735340859627,4.969999999999999,1.3199999999999932,8.79646303379084
2024-01-05,237.49,92488940,236.86,240.1196,234.9001,Tesla,246.4842857142857,244.7243333333333,-0.0018492834026814,0.020398163658638,5,1,2024,4,1,237.93,238.45,256.61,243.70265056447204,5.219499999999982,-0.6299999999999955,9.08165340516372
2024-01-08,240.45,85166580,236.14,241.25,235.3,Tesla,243.48571428571427,244.93233333333333,0.0124636826813759,0.0189481505139363,8,1,2024,0,1,237.49,237.93,261.44,242.889487923354,5.949999999999989,-4.310000000000002,6.385631937263184
2024-01-09,234.96,96705660,238.11,238.9646,232.04,Tesla,240.88285714285712,244.91600000000005,-0.0228321896444166,0.0176629130784494,9,1,2024,1,1,240.45,237.49,253.18,240.90711594251553,6.924599999999998,3.1500000000000057,5.4151383924725485
2024-01-10,233.94,91628500,235.1,235.5,231.29,Tesla,238.8057142857143,244.84466666666668,-0.004341164453524,0.0173935722535132,10,1,2024,2,1,234.96,240.45,248.48,239.16533695688668,4.210000000000008,1.1599999999999966,4.764930419730509
2024-01-11,227.22,105873600,230.57,230.93,225.37,Tesla,235.77714285714288,244.19466666666668,-0.0287253141831238,0.0184540357343737,11,1,2024,3,1,233.94,234.96,248.42,236.179002717665,5.560000000000002,3.3499999999999943,4.355378721723547
2024-01-12,218.89,123043800,220.08,225.34,217.1501,Tesla,232.9828571428571,243.353,-0.036660505237215,0.0176153104406523,12,1,2024,4,1,227.22,233.94,238.45,231.85675203824874,8.189899999999994,1.1900000000000261,7.496567468491754
2024-01-16,219.91,115355000,215.1,223.49,212.18,Tesla,230.4085714285714,242.68066666666664,0.0046598748229704,0.0184232154171547,16,1,2024,1,1,218.89,227.22,237.93,228.87006402868656,11.310000000000002,-4.810000000000002,8.536469661742219
2024-01-17,215.55,103164400,214.86,215.67,212.01,Tesla,227.2742857142857,241.90466666666663,-0.0198262925742348,0.0181797788187965,17,1,2024,2,1,219.91,218.89,237.49,225.5400480215149,3.6599999999999966,-0.6899999999999977,9.47885516495708
2024-01-18,211.88,108595400,216.88,217.45,208.74,Tesla,223.19285714285715,241.11466666666664,-0.0170262120157737,0.0140871787402464,18,1,2024,3,1,215.55,219.91,240.45,222.1250360161362,8.70999999999998,5.0,8.998799390826445
2024-01-19,212.19,102260300,209.99,213.19,207.56,Tesla,219.94,240.23033333333336,0.0014630923164056,0.0155625951414947,19,1,2024,4,1,211.88,215.55,234.96,219.64127701210214,5.6299999999999955,-2.1999999999999886,8.10760959429404
2024-01-22,208.8,117952500,212.26,217.8,206.27,Tesla,216.34857142857143,239.2113333333333,-0.0159762477025307,0.0149235446528505,22,1,2024,0,1,212.19,211.88,233.94,216.9309577590766,11.530000000000001,3.4599999999999795,6.221080904409726
2024-01-23,209.14,106605900,211.3,215.65,207.7516,Tesla,213.76571428571427,238.09466666666668,0.0016283524904212,0.015023714660463,23,1,2024,1,1,208.8,212.19,227.22,214.98321831930744,7.898400000000009,2.160000000000025,4.4588595595284595
2024-01-24,207.83,123369900,211.88,212.73,206.77,Tesla,212.1857142857143,236.8943333333333,-0.0062637467724967,0.0102257506819198,24,1,2024,2,1,209.14,208.8,218.89,213.1949137394806,5.9599999999999795,4.049999999999983,4.29705657843467
2024-01-25,182.63,198076800,189.7,193.0,180.06,Tesla,206.86,234.99066666666667,-0.1212529471202426,0.0431974001640939,25,1,2024,3,1,207.83,209.14,219.91,205.55368530461044,12.939999999999998,7.069999999999993,11.00091814350902
2024-01-26,183.25,107343200,185.5,186.78,182.1,Tesla,202.24571428571429,233.19866666666667,0.0033948420303346,0.0445599127135489,26,1,2024,4,1,182.63,207.83,215.55,199.97776397845783,4.680000000000007,2.25,13.285303731503165
2024-01-29,190.93,125013100,185.63,191.48,183.67,Tesla,199.25285714285715,231.58666666666667,0.0419099590723055,0.0507897665959812,29,1,2024,0,1,183.25,182.63,211.88,197.7158229838434,7.810000000000002,-5.300000000000011,13.111835257115128
2024-01-30,191.59,109982300,195.33,196.3593,190.61,Tesla,196.31,229.60466666666667,0.0034567642591525,0.0508936999041222,30,1,2024,1,1,190.93,183.25,212.19,196.18436723788255,5.749299999999977,3.740000000000009,11.987828549555735
2024-01-31,187.29,103221400,186.995,193.97,185.8459,Tesla,193.23714285714283,227.39766666666668,-0.0224437601127408,0.0510089486730763,31,1,2024,2,1,191.59,190.93,208.8,193.96077542841192,8.124099999999999,-0.2949999999999875,10.965942297696428
2024-02-01,188.86,91843280,188.5,189.88,184.28,Tesla,190.34,225.2903333333333,0.0083827219819532,0.0514210258613916,1,2,2024,3,1,187.29,191.59,209.14,192.68558157130894,5.599999999999994,-0.36000000000001364,8.455922973487697
2024-02-02,187.91,110612700,185.04,188.69,182.0,Tesla,187.49428571428567,222.98,-0.0050301810865192,0.0514511014288182,2,2,2024,4,1,188.86,187.29,207.83,191.4916861784817,6.689999999999998,-2.8700000000000045,3.472126424108419
2024-02-05,181.06,134294400,184.26,184.68,175.01,Tesla,187.27,220.77733333333336,-0.0364536214145069,0.0248378314013548,5,2,2024,0,1,187.91,188.86,182.63,188.8837646338613,9.670000000000016,3.1999999999999886,3.8669669423934607
2024-02-06,185.1,122676000,177.21,186.49,177.11,Tesla,187.5342857142857,218.464,0.022313045399315,0.0263735690777799,6,2,2024,1,1,181.06,187.91,183.25,187.93782347539596,9.379999999999995,-7.889999999999986,3.6004669009715697
2024-02-07,187.58,111535200,188.18,189.79,182.68,Tesla,187.05571428571423,216.29866666666663,0.0133981631550514,0.0207331420640713,7,2,2024,2,1,185.1,181.06,190.93,187.848367606547,7.109999999999985,0.5999999999999943,3.2824830903336277
2024-02-08,189.56,83034040,189.0,191.6171,185.58,Tesla,186.7657142857143,214.06366666666665,0.0105554963215694,0.021231522237695,8,2,2024,3,1,187.58,185.1,191.59,188.27627570491023,6.037099999999981,-0.5600000000000023,2.8801380589004464
2024-02-09,193.57,84476350,190.18,194.12,189.48,Tesla,187.66285714285715,211.80133333333333,0.0211542519518885,0.0203816832340459,9,2,2024,4,1,189.56,187.58,187.29,189.59970677868267,4.640000000000015,-3.3899999999999864,3.8764361394310023
2024-02-12,188.13,95498600,192.11,194.73,187.28,Tesla,187.5585714285714,209.633,-0.0281035284393242,0.0237332774182413,12,2,2024,0,1,193.57,189.56,188.86,189.232280084012,7.449999999999989,3.980000000000018,3.84858168064688
2024-02-13,184.02,86759480,183.99,187.26,182.1087,Tesla,187.00285714285715,207.48433333333332,-0.0218465954393237,0.025102370968947,13,2,2024,1,1,188.13,193.57,187.91,187.92921006300898,5.151299999999992,-0.030000000000001137,4.06418796437306
2024-02-14,188.71,81202990,185.3,188.89,183.35,Tesla,188.09571428571425,205.49400000000003,0.0254863601782415,0.0219443350374379,14,2,2024,2,1,184.02,188.13,181.06,188.12440754725674,5.539999999999992,-3.4099999999999966,3.1182840214329177
2024-02-15,200.45,120831800,189.16,200.88,188.8595,Tesla,190.28857142857143,204.22733333333332,0.0622118594669067,0.030399157274636,15,2,2024,3,1,188.71,184.02,185.1,191.20580566044254,12.020499999999998,-11.289999999999992,5.296789683629573
2024-02-16,199.95,111346700,202.06,203.17,197.4,Tesla,192.0557142857143,202.96133333333333,-0.0024943876278373,0.0308531698749398,16,2,2024,4,1,200.45,188.71,187.58,193.3918542453319,5.769999999999982,2.1100000000000136,6.224724511037824
2024-02-20,193.76,104545800,196.13,198.6,189.13,Tesla,192.65571428571428,201.50366666666667,-0.0309577394348586,0.0344154216876498,20,2,2024,1,1,199.95,200.45,189.56,193.48389068399894,9.469999999999999,2.3700000000000045,6.145990175579014
2024-02-21,194.77,103844000,193.36,199.44,191.95,Tesla,192.8271428571429,199.981,0.0052126341866227,0.033580279415639,21,2,2024,2,1,193.76,199.95,193.57,193.8054180129992,7.490000000000009,-1.4099999999999966,6.192303594765196
2024-02-22,197.41,92739460,194.0,198.32,191.36,Tesla,194.1528571428572,198.7293333333333,0.0135544488370897,0.0310876161867283,22,2,2024,3,1,194.77,193.76,188.13,194.7065635097494,6.9599999999999795,-3.4099999999999966,6.00977735109539
2024-02-23,191.97,78841920,195.31,197.57,191.5,Tesla,195.28857142857143,197.33033333333333,-0.0275568613545412,0.0320405121220719,23,2,2024,4,1,197.41,194.77,184.02,194.02242263231204,6.069999999999993,3.3400000000000034,4.277181426195744
2024-02-26,199.4,111747100,192.29,201.78,192.0,Tesla,196.81571428571428,196.403,0.0387039641610669,0.0336931918185675,26,2,2024,0,1,191.97,197.41,188.71,195.366816974234,9.780000000000001,-7.110000000000014,3.34332098942127
2024-02-27,199.73,108645400,204.04,205.6,198.26,Tesla,196.71285714285716,195.76433333333333,0.0016549648946839,0.0239273486587443,27,2,2024,1,1,199.4,191.97,200.45,196.45761273067552,7.340000000000003,4.310000000000002,3.2217423562000764
2024-02-28,202.04,99806170,200.42,205.3,198.44,Tesla,197.01142857142852,195.16866666666667,0.0115656135783308,0.0242966842638089,28,2,2024,2,1,199.73,199.4,199.95,197.85320954800665,6.860000000000014,-1.6200000000000045,3.641270055798768
2024-02-29,201.88,85906970,204.18,205.28,198.4463,Tesla,198.17142857142855,194.713,-0.0007919223916056,0.0197874988347225,29,2,2024,3,1,202.04,199.73,193.76,198.859907161005,6.833699999999993,2.3000000000000114,3.7252535867939023
2024-03-01,202.64,82243120,200.52,204.52,198.5,Tesla,199.29571428571427,194.40500000000003,0.003764612641173,0.019805260139566,1,3,2024,4,1,201.88,202.04,194.77,199.80493037075374,6.02000000000001,-2.119999999999976,3.7151799290163594
2024-03-04,188.14,134334900,198.73,199.75,186.72,Tesla,197.97142857142856,193.60333333333327,-0.0715554678247137,0.0347600874926756,4,3,2024,0,1,202.64,201.88,197.41,196.8886977780653,13.030000000000001,10.590000000000003,5.648499590090677
2024-03-05,180.74,119660800,183.05,184.59,177.57,Tesla,196.36714285714285,192.668,-0.0393324120335918,0.0362138828474702,5,3,2024,1,1,188.14,202.64,191.97,192.85152333354898,7.02000000000001,2.3100000000000023,8.508056406120852
2024-03-06,176.54,107920900,179.99,181.576,173.7,Tesla,193.10142857142856,191.58133333333333,-0.0232378001549187,0.0299211629091149,6,3,2024,2,1,180.74,188.14,199.4,188.7736425001617,7.876000000000005,3.450000000000017,11.132424756206449
2024-03-07,178.65,102129000,174.35,180.04,173.7,Tesla,190.09,190.60866666666664,0.0119519655602131,0.0312078430271321,7,3,2024,3,1,176.54,180.74,199.73,186.24273187512128,6.340000000000003,-4.300000000000011,11.867393704329404
2024-03-08,175.34,85544640,181.5,182.73,174.7,Tesla,186.2757142857143,190.36566666666667,-0.0185278477469913,0.0288624822850907,8,3,2024,4,1,178.65,176.54,202.04,183.51704890634096,8.030000000000001,6.159999999999997,11.675678220343098
2024-03-11,177.77,85391530,175.445,182.87,174.8,Tesla,182.83142857142855,190.183,0.0138587886392151,0.0309180490349242,11,3,2024,0,1,175.34,178.65,201.88,182.08028667975572,8.069999999999993,-2.325000000000017,9.693128886963558
2024-03-12,177.54,87391680,177.77,179.43,172.4101,Tesla,179.24571428571429,189.73666666666665,-0.0012938066040389,0.0303905701487761,12,3,2024,1,1,177.77,175.34,202.64,180.94521500981676,7.019900000000007,0.2300000000000182,4.269246058147703
2024-03-13,169.48,106524500,173.05,176.05,169.15,Tesla,176.57999999999998,188.99966666666663,-0.0453982201194097,0.0236016224698879,13,3,2024,2,1,177.54,177.77,188.14,178.07891125736256,6.900000000000006,3.5700000000000216,3.5561542899018117
2024-03-14,162.5,126325700,167.77,171.17,160.51,Tesla,173.9742857142857,188.1733333333333,-0.0411848005664384,0.023933607865221,14,3,2024,3,1,169.48,177.54,180.74,174.18418344302194,10.659999999999997,5.27000000000001,5.906069920431127
2024-03-15,163.57,97146830,163.16,165.1845,160.76,Tesla,172.12142857142857,187.33033333333333,0.0065846153846154,0.0248258314997316,15,3,2024,4,1,162.5,169.48,176.54,171.53063758226642,4.424500000000023,-0.4099999999999966,6.915257113993988
2024-03-18,173.8,108214400,170.02,174.72,165.9,Tesla,171.42857142857142,186.86,0.0625420309347681,0.0369023904768494,18,3,2024,0,1,163.57,162.5,178.65,172.09797818669983,8.819999999999993,-3.780000000000001,6.373901025743912
2024-03-19,171.32,77271430,172.36,172.82,167.42,Tesla,170.8542857142857,186.5353333333333,-0.0142692750287688,0.0366445854079245,19,3,2024,1,1,173.8,163.57,175.34,171.9034836400249,5.400000000000006,1.0400000000000205,6.139538139933233
2024-03-20,175.66,83846730,173.0,176.25,170.82,Tesla,170.55285714285714,186.22066666666663,0.0253327107167873,0.0377505860745509,20,3,2024,2,1,171.32,173.8,177.77,172.84261273001866,5.430000000000007,-2.6599999999999966,5.784971086916283
2024-03-21,172.82,73178010,176.39,178.18,171.8,Tesla,169.87857142857143,185.7286666666667,-0.0161675964932255,0.0381795920456723,21,3,2024,3,1,175.66,171.32,177.54,172.83695954751397,6.3799999999999955,3.569999999999993,5.065117401006876
2024-03-22,170.83,75580640,166.69,171.2,166.3,Tesla,170.07142857142858,185.10433333333333,-0.0115148709640087,0.033842964072308,22,3,2024,4,1,172.82,175.66,169.48,172.3352196606355,4.899999999999977,-4.140000000000015,5.073106965754046
2024-03-25,172.63,74228620,168.76,175.24,168.73,Tesla,171.51857142857142,184.40633333333332,0.0105367909617748,0.0280993150802225,25,3,2024,0,1,170.83,172.82,162.5,172.4089147454766,6.510000000000019,-3.8700000000000045,3.850945462174927
2024-03-26,177.67,113186200,178.58,184.25,177.38,Tesla,173.53285714285715,184.05766666666665,0.0291953889822162,0.0290577773129688,26,3,2024,1,1,172.63,170.83,163.57,173.72418605910744,6.8700000000000045,0.910000000000025,2.423411605523091
2024-03-27,179.83,81804040,181.41,181.91,176.0,Tesla,174.3942857142857,183.918,0.0121573704058086,0.019029900106748,27,3,2024,2,1,177.67,172.63,173.8,175.2506395443306,5.909999999999997,1.579999999999984,3.406507777527242
2024-03-28,175.79,77654840,177.45,179.57,175.3,Tesla,175.03285714285715,183.4873333333333,-0.0224656620141245,0.0206030599423907,28,3,2024,3,1,179.83,177.67,171.32,175.38547965824793,4.269999999999982,1.6599999999999966,3.1429323584482014
2024-04-01,175.22,81562130,176.17,176.75,170.21,Tesla,174.97,182.6463333333333,-0.0032425052619602,0.0183488314936586,1,4,2024,0,2,175.79,179.83,175.66,175.34410974368595,6.539999999999992,0.9499999999999886,3.1326825565730565
2024-04-02,166.63,116650600,164.75,167.69,163.43,Tesla,174.08571428571426,181.53566666666663,-0.0490240840086748,0.0257996594130616,2,4,2024,1,2,175.22,175.79,172.82,173.16558230776445,4.259999999999991,-1.8799999999999955,4.4411254472660735
2024-04-03,168.38,82950140,164.02,168.82,163.28,Tesla,173.73571428571427,180.68966666666665,0.0105023105083117,0.0261989836701442,3,4,2024,2,2,166.63,175.22,170.83,171.96918673082334,5.539999999999992,-4.359999999999985,4.820780908907645
2024-04-04,171.11,123162000,170.07,177.19,168.01,Tesla,173.51857142857145,179.90099999999998,0.0162133269984559,0.0267257044297979,4,4,2024,3,2,168.38,166.63,172.63,171.7543900481175,9.180000000000007,-1.0400000000000205,4.912251447755356
2024-04-05,164.9,143157600,169.08,170.86,160.51,Tesla,171.69428571428574,178.81733333333335,-0.0362924434574251,0.0258618093538384,5,4,2024,4,2,171.11,168.38,177.67,170.0407925360881,10.350000000000023,4.180000000000007,5.454823117055175
2024-04-08,172.98,104423300,169.34,174.5,167.79,Tesla,170.71571428571428,178.1843333333333,0.0489993935718615,0.0337434507434538,8,4,2024,0,2,164.9,171.11,179.83,170.77559440206608,6.710000000000008,-3.6399999999999864,4.228683235361604
2024-04-09,176.88,103232700,172.91,179.22,171.92,Tesla,170.87142857142857,177.43366666666665,0.0225459590704129,0.034156503994089,9,4,2024,1,2,172.98,164.9,175.79,172.30169580154956,7.300000000000011,-3.969999999999999,4.460397697438387
2024-04-10,171.76,84532410,173.04,174.93,170.01,Tesla,170.37714285714284,176.50133333333332,-0.0289461781999095,0.0360653008795908,10,4,2024,2,2,176.88,172.98,175.22,172.16627185116215,4.920000000000016,1.2800000000000011,4.073085293704384
2024-04-11,174.6,94515990,172.55,175.88,168.51,Tesla,171.5157142857143,175.58666666666667,0.0165346995808104,0.02988870195902,11,4,2024,3,2,171.76,176.88,166.63,172.77470388837162,7.3700000000000045,-2.049999999999983,3.9635247661258823
2024-04-12,171.05,64722670,172.34,173.8099,170.3644,Tesla,171.89714285714285,174.559,-0.0203321878579609,0.0315274305888589,12,4,2024,4,2,174.6,171.76,168.38,172.34352791627873,3.4455000000000098,1.289999999999992,3.733250211695029
2024-04-15,161.48,100245300,170.24,170.69,161.38,Tesla,170.52142857142857,173.18699999999998,-0.0559485530546625,0.037579587918874,15,4,2024,0,2,171.05,174.6,171.11,169.62764593720905,9.310000000000002,8.76000000000002,5.45087280038538
2024-04-16,157.11,96999960,156.742,158.19,153.75,Tesla,169.4085714285714,172.15266666666668,-0.0270621748823381,0.0365543716033074,16,4,2024,1,2,161.48,171.05,164.9,166.4982344529068,4.439999999999998,-0.3680000000000234,7.278608906880277
2024-04-17,155.45,82439720,157.64,158.33,153.78,Tesla,166.9042857142857,171.30966666666666,-0.0105658455858953,0.0272909984936653,17,4,2024,2,2,157.11,161.48,172.98,163.73617583968007,4.550000000000011,2.1899999999999977,8.718327165901922
2024-04-18,149.93,96098830,151.25,152.2,148.7,Tesla,163.0542857142857,170.4226666666667,-0.0355098102283691,0.022429817441195,18,4,2024,3,2,155.45,157.11,176.88,160.28463187976007,3.5,1.3199999999999932,9.49481763411205
2024-04-19,147.05,87074500,148.97,150.94,146.22,Tesla,159.52428571428572,169.36933333333334,-0.0192089641832855,0.0223097873444988,19,4,2024,4,2,149.93,155.45,171.76,156.97597390982006,4.719999999999999,1.9199999999999875,10.279678751711359
2024-04-22,142.05,107097600,140.56,144.44,138.8025,Tesla,154.87428571428572,168.25966666666667,-0.0340020401224073,0.0147657910341134,22,4,2024,0,2,147.05,149.93,174.6,153.24448043236504,5.637499999999989,-1.490000000000009,9.667357200310533
2024-04-23,144.68,124545100,143.33,147.26,141.11,Tesla,151.10714285714286,167.15666666666667,0.0185146075325588,0.0233487514738907,23,4,2024,1,2,142.05,147.05,171.05,151.10336032427378,6.149999999999977,-1.3499999999999943,7.114269028497055
2024-04-24,162.13,181178000,162.84,167.97,157.51,Tesla,151.20000000000002,166.643,0.1206110035941387,0.055522596126874,24,4,2024,2,2,144.68,142.05,161.48,153.86002024320533,10.460000000000008,0.710000000000008,7.274656922057682
2024-04-25,170.18,126427500,158.96,170.88,158.36,Tesla,153.06714285714287,166.6663333333333,0.0496515142169864,0.0564338947697236,25,4,2024,3,2,162.13,144.68,157.11,157.940015182404,12.519999999999982,-11.219999999999999,10.152442586712562
2024-04-26,168.29,109815700,168.85,172.12,166.37,Tesla,154.90142857142857,166.85933333333332,-0.0111058878834175,0.0564714928735259,26,4,2024,4,2,170.18,162.13,155.45,160.527511386803,5.75,0.5600000000000023,11.697134162663438
2024-04-29,194.05,243869700,188.42,198.87,184.54,Tesla,161.20428571428573,167.87533333333334,0.1530691068988057,0.0723768768171828,29,4,2024,0,2,168.29,170.18,149.93,168.90813354010226,14.330000000000013,-5.630000000000024,18.487613742856308
2024-04-30,183.28,127031800,186.98,190.95,182.8401,Tesla,166.38000000000002,168.19133333333332,-0.0555011594949755,0.0783490741880742,30,4,2024,1,2,194.05,168.29,147.05,172.5011001550767,8.109899999999982,3.6999999999999886,18.93069993424112
2024-05-01,179.99,92829720,182.0,185.86,179.01,Tesla,171.79999999999998,168.48033333333333,-0.0179506765604539,0.076217241486307,1,5,2024,2,2,183.28,194.05,142.05,174.3733251163075,6.850000000000023,2.009999999999991,16.009772015874095
2024-05-02,180.01,89148040,182.86,184.6,176.02,Tesla,176.84714285714284,168.62533333333334,0.0001111172842933,0.0772615730319204,2,5,2024,3,2,179.99,183.28,144.68,175.78249383723062,8.579999999999984,2.8500000000000227,10.735229720090391
2024-05-03,181.19,75491540,182.1,184.78,178.42,Tesla,179.57,168.90433333333334,0.0065551913782568,0.067377427277126,3,5,2024,4,2,180.01,179.99,162.13,177.13437037792295,6.360000000000014,0.9099999999999966,8.581369354610556
2024-05-06,184.76,84390250,183.8,187.56,182.2,Tesla,181.65285714285716,169.36866666666666,0.0197030741210884,0.0659560969518728,6,5,2024,0,2,181.19,180.01,170.18,179.0407777834422,5.360000000000014,-0.9599999999999795,7.640193527856616
2024-05-07,177.81,75045850,182.4,183.26,177.4,Tesla,183.01285714285717,169.5413333333333,-0.037616367179043,0.068326613798453,7,5,2024,1,2,184.76,181.19,168.29,178.73308333758166,5.859999999999985,4.590000000000003,5.377262978793145
2024-05-08,174.72,79969490,171.59,176.06,170.15,Tesla,180.25142857142856,169.443,-0.0173781002193352,0.0260200586230465,8,5,2024,2,2,177.81,184.76,194.05,177.72981250318625,5.909999999999997,-3.1299999999999955,3.343259031637965
2024-05-09,171.97,65950290,175.01,175.62,171.37,Tesla,178.6357142857143,169.18099999999998,-0.0157394688644688,0.0189885930632518,9,5,2024,3,2,174.72,177.81,183.28,176.2898593773897,4.25,3.039999999999992,4.246574529941339
2024-05-10,168.47,72627180,173.05,173.0599,167.75,Tesla,176.99,168.93699999999998,-0.0203523870442519,0.0191998608526955,10,5,2024,4,2,171.97,174.72,179.99,174.33489453304227,5.309899999999999,4.5800000000000125,5.6384010736131005
2024-05-13,171.89,67018900,170.0,175.4,169.0,Tesla,175.82999999999998,168.82600000000002,0.0203003502107199,0.0221321057098052,13,5,2024,0,2,168.47,171.97,180.01,173.7236708997817,6.400000000000006,-1.8899999999999864,5.74775028455399
2024-05-14,177.55,86407420,174.496,179.49,174.07,Tesla,175.31,169.19,0.0329280353714587,0.0265091973525462,14,5,2024,1,2,171.89,168.47,181.19,174.68025317483625,5.420000000000016,-3.054000000000002,5.331600760271244
2024-05-15,173.99,79662990,179.9,180.0,173.11,Tesla,173.77142857142857,169.377,-0.0200506899464939,0.0251603902781519,15,5,2024,2,2,177.55,171.89,184.76,174.5076898811272,6.889999999999986,5.909999999999997,3.3272933373302833
2024-05-16,174.84,59812220,174.1,175.79,171.43,Tesla,173.34714285714287,169.50133333333335,0.0048853382378297,0.0218032676072984,16,5,2024,3,2,173.99,177.55,177.81,174.59076741084542,4.359999999999985,-0.7400000000000091,2.8866630925319723
2024-05-17,177.46,77445850,173.55,179.63,172.75,Tesla,173.73857142857145,169.92000000000002,0.0149851292610387,0.0214774583446324,17,5,2024,4,2,174.84,173.99,174.72,175.30807555813408,6.8799999999999955,-3.9099999999999966,3.2648452162355177
2024-05-20,174.95,61727430,177.56,177.754,173.52,Tesla,174.16428571428574,169.98566666666667,-0.0141440324580187,0.0212599666783504,20,5,2024,0,2,177.46,174.84,171.97,175.21855666860057,4.2339999999999804,2.6100000000000136,3.1892102321770337
2024-05-21,186.6,115266500,175.51,186.875,174.71,Tesla,176.75428571428571,170.30966666666666,0.0665904544155473,0.0294145097524567,21,5,2024,1,2,174.95,177.46,168.47,178.06391750145045,12.164999999999992,-11.090000000000003,4.766056571039695
2024-05-22,180.11,88313480,182.85,183.8,178.12,Tesla,177.92857142857142,170.58800000000002,-0.0347802786709537,0.0346786086082838,22,5,2024,2,2,186.6,174.95,171.89,178.57543812608785,5.680000000000007,2.7399999999999807,4.3634597457331905
2024-05-23,173.74,71975500,181.8,181.9,173.26,Tesla,177.3842857142857,170.5593333333333,-0.0353672755538282,0.0358227755403348,23,5,2024,3,2,180.11,186.6,177.55,177.36657859456588,8.640000000000015,8.060000000000002,4.646966240285088
2024-05-24,179.24,65584480,174.835,180.08,173.73,Tesla,178.1342857142857,170.83233333333334,0.0316564982157245,0.0369277525695039,24,5,2024,4,2,173.74,180.11,173.99,177.8349339459244,6.350000000000023,-4.405000000000001,4.426261993866592
2024-05-28,176.75,59736620,176.4,178.25,173.16,Tesla,178.40714285714287,171.34133333333332,-0.0138919883954474,0.0375991544190925,28,5,2024,1,2,179.24,173.74,174.84,177.5637004594433,5.090000000000003,-0.3499999999999943,4.244477644709955
2024-05-29,176.19,54782650,174.19,178.15,173.93,Tesla,178.22571428571428,171.97733333333335,-0.0031683168316831,0.0371901341195075,29,5,2024,2,2,176.75,179.24,177.46,177.2202753445825,4.219999999999999,-2.0,4.318212813770804
2024-05-30,178.79,77784760,178.575,182.67,175.38,Tesla,178.77428571428572,172.75533333333337,0.0147567966399908,0.0370195037563496,30,5,2024,3,2,176.19,176.75,174.95,177.61270650843687,7.289999999999992,-0.2150000000000034,4.069467029601449
2024-05-31,178.08,67314600,178.5,180.32,173.82,Tesla,177.55714285714288,173.69366666666667,-0.0039711393254655,0.0245388237741895,31,5,2024,4,2,178.79,176.19,186.6,177.72952988132766,6.5,0.4199999999999875,2.169237302934897
2024-06-03,176.29,68568920,178.13,182.6389,174.49,Tesla,177.01142857142855,174.66833333333335,-0.0100516621743037,0.0213432954258389,3,6,2024,0,2,178.08,178.79,180.11,177.36964741099575,8.148899999999998,1.8400000000000034,1.8813774083462915
2024-06-04,174.77,60056340,174.775,177.755,174.0,Tesla,177.1585714285714,175.759,-0.0086221566736626,0.0163688815762179,4,6,2024,1,2,176.29,178.08,173.74,176.7197355582468,3.7549999999999955,0.0049999999999954525,1.6024817063861256
2024-06-05,175.0,57953760,175.35,176.15,172.13,Tesla,176.55285714285714,176.76966666666667,0.0013160153344395,0.0094329500706747,5,6,2024,2,2,174.77,176.29,179.24,176.2898016686851,4.02000000000001,0.3499999999999943,1.4813587714593455
2024-06-06,177.94,69887020,174.6,179.73,172.73,Tesla,176.72285714285712,177.29666666666668,0.0167999999999999,0.010768790092801,6,6,2024,3,2,175.0,174.77,176.75,176.70235125151385,7.0,-3.3400000000000034,1.5731890572271408
2024-06-07,177.48,56244930,176.13,179.35,175.58,Tesla,176.90714285714287,177.54,-0.0025851410587839,0.0107332886120419,7,6,2024,4,2,177.94,175.0,176.19,176.8967634386354,3.769999999999982,-1.3499999999999943,1.5759199883810315
2024-06-10,173.79,50869680,176.06,178.57,173.17,Tesla,176.19285714285712,177.72333333333333,-0.0207910750507098,0.0115674006124205,10,6,2024,0,2,177.48,177.94,178.79,176.12007257897653,5.400000000000006,2.2700000000000102,1.7078808925430247
2024-06-11,170.66,64761930,173.92,174.75,167.41,Tesla,175.13285714285712,176.94366666666664,-0.0180102422463892,0.012723589575475,11,6,2024,1,2,173.79,177.48,178.08,174.7550544342324,7.340000000000003,3.259999999999991,2.4727563183181243
2024-06-12,177.29,90389450,171.12,180.55,169.8,Tesla,175.2757142857143,176.744,0.0388491737958514,0.0209124323107683,12,6,2024,2,2,170.66,173.79,176.29,175.38879082567428,10.75,-6.1699999999999875,2.577420268088494
2024-06-13,182.47,118984100,188.39,191.08,181.23,Tesla,176.3757142857143,176.82666666666668,0.0292176659710079,0.0228164739731685,13,6,2024,3,2,177.29,170.66,174.77,177.15909311925572,9.850000000000023,5.9199999999999875,3.7168663196772807
2024-06-14,178.01,82038190,185.8,186.0,176.92,Tesla,176.80571428571426,176.76000000000002,-0.0244423740888913,0.0256714581521554,14,6,2024,4,2,182.47,177.29,175.0,177.3718198394418,9.080000000000013,7.7900000000000205,3.7052793738597543
2024-06-17,187.44,109786100,177.92,188.81,177.0,Tesla,178.16285714285712,176.9683333333333,0.0529745519914612,0.0318708178213783,17,6,2024,0,2,178.01,182.47,177.94,179.88886487958138,11.810000000000002,-9.52000000000001,5.496713303703402
2024-06-18,184.86,68982270,186.56,187.2,182.37,Tesla,179.21714285714285,176.9716666666667,-0.0137644046094749,0.0327510035946832,18,6,2024,1,2,187.44,178.01,177.48,181.13164865968602,4.829999999999984,1.6999999999999886,6.026164380690927
2024-06-20,181.57,55893140,184.68,185.21,179.66,Tesla,180.32857142857145,177.097,-0.0177972519744672,0.032355569474666,20,6,2024,3,2,184.86,187.44,173.79,181.2412364947645,5.550000000000011,3.1100000000000136,5.557623678572509
2024-06-21,183.01,63029480,182.3,183.95,180.69,Tesla,182.09285714285716,177.3733333333333,0.0079308255769123,0.0304826174567727,21,6,2024,4,2,181.57,184.86,170.66,181.68342737107338,3.259999999999991,-0.7099999999999795,3.588011121745506
2024-06-24,182.58,61992070,184.97,188.8,182.55,Tesla,182.8485714285714,177.727,-0.0023495983826019,0.0279518613991262,24,6,2024,0,2,183.01,181.57,177.29,181.90757052830506,6.25,2.3899999999999864,2.8987090723214224
2024-06-25,187.35,63678270,184.4,187.97,182.01,Tesla,183.54571428571427,178.3563333333333,0.0261255340124875,0.0275179098218691,25,6,2024,1,2,182.58,183.01,182.47,183.2681778962288,5.960000000000008,-2.9499999999999886,3.3449606731626647
2024-06-26,196.37,95737070,186.54,197.755,186.36,Tesla,186.1685714285714,179.17233333333334,0.0481451828129171,0.0286254161243385,26,6,2024,2,2,187.35,182.58,178.01,186.5436334221716,11.394999999999982,-9.830000000000013,5.046369746588693
2024-06-27,197.42,72746520,195.17,198.72,194.05,Tesla,187.5942857142857,179.83466666666666,0.0053470489382287,0.0230677186802832,27,6,2024,3,2,196.37,187.35,187.44,189.2627250666287,4.6699999999999875,-2.25,6.627525574324898
2024-06-28,197.88,95438070,199.55,203.2,195.26,Tesla,189.4542857142857,180.631,0.0023300577449094,0.021311330285188,28,6,2024,4,2,197.42,196.37,184.86,191.4170437999715,7.939999999999998,1.670000000000016,7.50163283814445
2024-07-01,209.86,135691400,201.02,213.23,200.85,Tesla,193.49571428571429,181.7983333333333,0.0605417424701839,0.0246174272017527,1,7,2024,0,3,197.88,197.42,181.57,196.02778284997865,12.379999999999995,-8.840000000000003,9.811100612995453
2024-07-02,231.26,205047900,218.89,231.3,218.06,Tesla,200.38857142857145,183.59166666666664,0.1019727437339177,0.0381438182037534,2,7,2024,1,3,209.86,197.88,183.01,204.835837137484,13.240000000000009,-12.370000000000005,16.130493305721494
2024-07-03,246.39,166561500,234.56,248.35,234.25,Tesla,209.5042857142857,185.973,0.0654241978725245,0.0357306355173644,3,7,2024,2,3,231.26,209.86,182.58,215.224377853113,14.099999999999994,-11.829999999999984,21.51925250959297
2024-07-05,251.52,154501200,249.81,252.37,242.4601,Tesla,218.67142857142852,188.13700000000003,0.0208206501887253,0.0362323398315327,5,7,2024,4,3,246.39,231.26,187.35,224.29828338983475,9.909899999999993,-1.710000000000008,24.030264548812028
2024-07-08,252.94,157219600,247.71,259.439,244.57,Tesla,226.75285714285715,190.56466666666665,0.0056456743002544,0.0387965383695839,8,7,2024,0,3,251.52,246.39,196.37,231.45871254237608,14.869000000000028,-5.22999999999999,24.780827746661057
2024-07-09,262.33,160742500,251.0,265.61,250.3,Tesla,236.02571428571423,193.51766666666663,0.0371234284810626,0.036186792051928,9,7,2024,1,3,252.94,251.52,197.42,239.17653440678203,15.310000000000002,-11.329999999999984,24.110689093669084
2024-07-10,263.26,128519400,262.8,267.59,257.86,Tesla,245.3657142857143,196.31833333333333,0.0035451530515,0.0359671439264848,10,7,2024,2,3,262.33,252.94,197.88,245.19740080508652,9.729999999999961,-0.45999999999997954,18.990846792728558
2024-07-11,241.03,221707300,263.3,271.0,239.65,Tesla,249.81857142857143,198.461,-0.0844412368001215,0.05837666280397,11,7,2024,3,3,263.26,262.33,209.86,244.15555060381487,31.349999999999994,22.27000000000001,11.425561151171781
2024-07-12,248.23,155955800,235.8,251.84,233.0912,Tesla,252.2428571428571,200.8623333333333,0.0298718001908475,0.0470640523661037,12,7,2024,4,3,241.03,263.26,231.26,245.17416295286117,18.748800000000017,-12.429999999999978,8.1672470153435
2024-07-15,252.64,146912900,255.97,265.6,251.73,Tesla,253.1357142857143,203.324,0.0177657817346814,0.0409530904106655,15,7,2024,0,3,248.23,241.03,246.39,247.04062221464588,13.870000000000033,3.3300000000000125,7.75182743432414
2024-07-16,256.56,126332500,255.31,258.62,245.8001,Tesla,253.85571428571424,205.94,0.0155161494616846,0.0406450788604831,16,7,2024,1,3,252.64,248.23,251.52,249.4204666609844,12.819900000000018,-1.25,7.810584393727464
2024-07-17,248.5,115584800,252.73,258.47,246.182,Tesla,253.22142857142856,208.347,-0.031415653258497,0.0426926827965173,17,7,2024,2,3,256.56,252.64,252.94,249.1903499957383,12.28800000000004,4.22999999999999,8.073209664428761
2024-07-18,249.23,110869000,251.09,257.14,247.2,Tesla,251.35,210.829,0.002937625754527,0.0393318631753589,18,7,2024,3,3,248.5,256.56,262.33,249.20026249680373,9.939999999999998,1.8600000000000136,7.065290746561574
2024-07-19,239.2,87403900,247.79,249.44,236.83,Tesla,247.91285714285715,212.969,-0.0402439513702203,0.0408998422953292,19,7,2024,4,3,249.23,248.5,263.26,246.70019687260282,12.609999999999985,8.590000000000003,6.090795553645873
2024-07-22,251.51,101225400,244.21,253.21,243.75,Tesla,249.41,215.4213333333333,0.0514632107023411,0.0326889434082414,22,7,2024,0,3,239.2,249.23,241.03,247.9026476544521,9.460000000000008,-7.299999999999983,5.361318245865692
2024-07-23,246.38,111928200,253.6,255.7594,245.63,Tesla,249.14571428571423,217.718,-0.0203968033080195,0.0322316650638859,23,7,2024,1,3,251.51,239.2,248.23,247.52198574083909,10.129400000000004,7.219999999999999,5.473602887637001
2024-07-24,215.99,167942900,225.42,225.99,214.71,Tesla,243.91,219.12466666666663,-0.1233460508158129,0.0549407586707392,24,7,2024,2,3,246.38,251.51,252.64,239.6389893056293,11.280000000000001,9.429999999999978,13.385093699091634
2024-07-25,220.25,100636500,216.8,226.0,216.231,Tesla,238.72285714285712,220.77766666666668,0.0197231353303393,0.0554249004118347,25,7,2024,3,3,215.99,246.38,256.56,234.79174197922197,9.769000000000005,-3.4499999999999886,14.642360595534537
2024-07-26,219.8,94604150,221.19,222.2799,215.33,Tesla,234.6228571428572,222.19466666666668,-0.0020431328036322,0.0555444708127198,26,7,2024,4,3,220.25,215.99,248.5,231.04380648441645,6.949899999999985,1.3899999999999864,15.444547812836841
2024-07-29,232.1,129201800,224.9,234.27,224.7,Tesla,232.1757142857143,223.849,0.0559599636032757,0.0618165074224956,29,7,2024,0,3,219.8,220.25,249.23,231.30785486331234,9.570000000000022,-7.199999999999989,14.037336947283812
2024-07-30,222.62,100560300,232.25,232.41,220.0,Tesla,229.80714285714288,225.336,-0.0408444635932787,0.0618684405997649,30,7,2024,1,3,232.1,219.8,239.2,229.13589114748427,12.409999999999997,9.629999999999995,14.053357504276766
2024-07-31,232.07,67497010,227.9,234.68,226.7875,Tesla,227.03,226.82366666666667,0.042449016260893,0.0604908700566344,31,7,2024,2,3,222.62,232.1,251.51,229.86941836061322,7.8925000000000125,-4.1699999999999875,10.528532661304713
2024-08-01,216.86,83861900,227.69,231.867,214.3328,Tesla,222.81285714285715,227.89033333333333,-0.0655405696557072,0.0641089765272535,1,8,2024,3,3,232.07,222.62,246.38,226.6170637704599,17.5342,10.829999999999984,6.703436219061439
2024-08-02,207.67,82880120,214.88,216.13,205.78,Tesla,221.6242857142857,228.7603333333333,-0.0423775707829937,0.0464287959944133,2,8,2024,4,3,216.86,232.07,215.99,221.8802978278449,10.349999999999994,7.210000000000008,8.587609013666045
2024-08-05,198.88,100308800,185.22,203.8799,182.0,Tesla,218.57142857142856,229.2893333333333,-0.0423267684306832,0.0469167150107596,5,8,2024,0,3,207.67,216.86,220.25,216.13022337088367,21.879899999999992,-13.659999999999997,12.19738008559855
2024-08-06,200.64,73783940,200.75,202.9,192.67,Tesla,215.8342857142857,229.8913333333333,0.0088495575221239,0.0475378048761568,6,8,2024,1,3,198.88,207.67,219.8,212.25766752816276,10.230000000000018,0.11000000000001364,13.905871490307314
2024-08-07,191.76,71159780,200.77,203.49,191.48,Tesla,210.07142857142856,230.03833333333336,-0.0442583732057415,0.0377516682781498,7,8,2024,2,3,200.64,198.88,232.1,207.13325064612206,12.01000000000002,9.01000000000002,14.391917209064632
2024-08-08,198.84,65033870,195.7,200.7,192.04,Tesla,206.67428571428573,230.12066666666664,0.036921151439299,0.0437253677495452,8,8,2024,3,3,191.76,200.64,222.62,205.05993798459156,8.659999999999997,-3.140000000000015,13.72745406979352
2024-08-09,200.0,58648270,197.05,200.88,195.11,Tesla,202.09285714285716,230.20666666666668,0.0058338362502514,0.03741691591928,9,8,2024,4,3,198.84,191.76,232.07,203.79495348844367,5.769999999999982,-2.9499999999999886,7.993073489573774
2024-08-12,197.49,64044900,199.02,199.26,194.67,Tesla,199.32571428571427,230.19366666666667,-0.0125499999999999,0.0316871609651034,12,8,2024,0,3,200.0,198.84,216.86,202.21871511633276,4.590000000000003,1.5300000000000011,4.705556492591474
2024-08-13,207.83,76247390,198.47,208.49,197.06,Tesla,199.34857142857143,230.126,0.0523570813712086,0.0367906629474093,13,8,2024,1,3,197.49,200.0,207.67,203.62153633724958,11.430000000000007,-9.360000000000014,4.752993542942752
2024-08-14,201.38,70250010,207.39,208.44,198.75,Tesla,199.7057142857143,229.13,-0.0310349805129193,0.034783007629272,14,8,2024,2,3,207.83,197.49,198.88,203.06115225293718,9.689999999999998,6.009999999999991,4.805551848813601
2024-08-15,214.14,89848530,205.02,215.88,204.82,Tesla,201.6342857142857,228.055,0.063362796702751,0.0418730262133197,15,8,2024,3,3,201.38,207.83,200.64,205.83086418970288,11.060000000000002,-9.119999999999976,7.302967107390834
2024-08-16,216.12,88765120,211.15,219.8,210.8,Tesla,205.1142857142857,226.875,0.0092462874754835,0.034540027285974,16,8,2024,4,3,214.14,201.38,191.76,208.40314814227716,9.0,-4.969999999999999,7.61097421961384
2024-08-19,222.72,76435220,217.07,222.98,214.09,Tesla,208.5257142857143,225.86766666666665,0.0305385896724041,0.0340295673610072,19,8,2024,0,3,216.12,214.14,198.84,211.98236110670788,8.889999999999986,-5.650000000000006,9.457723223462436
2024-08-20,221.1,74001180,224.88,228.22,219.56,Tesla,211.54,224.4933333333333,-0.0072737068965517,0.0350794019918135,20,8,2024,1,3,222.72,216.12,200.0,214.2617708300309,8.659999999999997,3.780000000000001,9.6480965307595
2024-08-21,223.27,70145960,222.67,224.6594,218.86,Tesla,215.22285714285712,223.1603333333333,0.0098145635459068,0.0331211944035248,21,8,2024,2,3,221.1,222.72,197.49,216.5138281225232,5.7993999999999915,-0.6000000000000227,8.203260966004366
2024-08-22,210.66,79514480,223.82,224.8,210.32,Tesla,215.62714285714284,222.148,-0.0564787029157523,0.0393446319299029,22,8,2024,3,3,223.27,221.1,207.83,215.0503710918924,14.480000000000018,13.159999999999997,7.839878218210423
2024-08-23,220.32,81525210,214.455,221.48,214.21,Tesla,218.33285714285716,221.21766666666664,0.0458558815152378,0.0391231211596877,23,8,2024,4,3,210.66,223.27,201.38,216.3677783189193,7.269999999999982,-5.864999999999981,4.771054091396587
2024-08-26,213.21,59301190,218.75,219.09,211.01,Tesla,218.2,219.9033333333333,-0.0322712418300652,0.0353584606096181,26,8,2024,0,3,220.32,210.66,214.14,215.57833373918947,8.080000000000013,5.539999999999992,4.917956892874841
2024-08-27,209.21,62821390,213.25,215.66,206.94,Tesla,217.21285714285716,218.325,-0.0187608461141597,0.0357099310769583,27,8,2024,1,3,213.21,220.32,216.12,213.98625030439212,8.719999999999999,4.039999999999992,5.983175618044931
2024-08-28,205.75,64116350,209.72,211.84,202.59,Tesla,214.78857142857143,216.9,-0.016538406385928,0.0323809254419581,28,8,2024,2,3,209.21,213.21,222.72,211.9271877282941,9.25,3.969999999999999,6.766568378375313
2024-08-29,206.28,62308820,209.8,214.89,205.97,Tesla,212.67142857142855,215.46833333333333,0.0025759416767923,0.0327717239119991,29,8,2024,3,3,205.75,209.21,221.1,210.51539079622057,8.919999999999987,3.5200000000000102,6.781153856036035
2024-08-30,214.11,63370610,208.63,214.5701,207.03,Tesla,211.36285714285717,214.632,0.0379581151832462,0.0369783229131282,30,8,2024,4,3,206.28,205.75,223.27,211.41404309716543,7.540099999999995,-5.480000000000018,5.060591909685812
2024-09-03,210.6,76714220,215.26,219.9043,209.64,Tesla,211.3542857142857,213.26833333333332,-0.0163934426229509,0.0302353030772711,3,9,2024,1,3,214.11,206.28,210.66,211.2105323228741,10.26430000000002,4.659999999999997,5.0620314010235985
2024-09-04,219.41,80651770,210.59,222.22,210.57,Tesla,211.2242857142857,212.36933333333332,0.0418328584995251,0.0292482020046364,4,9,2024,2,3,210.6,214.11,220.32,213.26039924215556,11.650000000000006,-8.819999999999993,4.798214449662413
2024-09-05,230.17,119355000,223.49,235.0,222.25,Tesla,213.64714285714285,212.842,0.0490406089057016,0.0305201501985931,5,9,2024,3,3,219.41,210.6,213.21,217.48779943161665,12.75,-6.679999999999978,8.679886163407138
2024-09-06,210.73,112177000,232.6,233.6,210.51,Tesla,213.8642857142857,212.5246666666667,-0.0844593126819307,0.0469929023237317,6,9,2024,4,3,230.17,219.41,209.21,215.7983495737125,23.090000000000003,21.870000000000005,8.568683012669513
2024-09-09,216.27,67443520,216.2,219.87,213.67,Tesla,215.36714285714285,212.407,0.0262895648460115,0.0469646566609754,9,9,2024,0,3,210.73,230.17,205.75,215.91626218028438,6.200000000000017,-0.0700000000000216,7.796043257728259
2024-09-10,226.17,78891140,220.07,226.4,218.6377,Tesla,218.20857142857145,212.2093333333333,0.0457761131918434,0.048912607111535,10,9,2024,1,3,216.27,210.73,206.28,218.4796966352133,7.76230000000001,-6.099999999999994,7.552916497567155
2024-09-11,228.13,83548630,224.55,228.47,216.8003,Tesla,220.21142857142857,212.393,0.0086660476632622,0.0477906098452043,11,9,2024,2,3,226.17,216.27,214.11,220.89227247640997,11.669700000000006,-3.579999999999984,8.122352755568123
2024-09-12,229.81,72020040,224.66,231.45,223.83,Tesla,222.9557142857143,212.31766666666667,0.007364222154035,0.0464188323768309,12,9,2024,3,3,228.13,226.17,210.6,223.12170435730746,7.619999999999976,-5.150000000000006,7.5594419043291525
2024-09-13,230.29,59515110,228.0,232.67,226.32,Tesla,224.51,212.7653333333333,0.0020886819546581,0.0447775482104719,13,9,2024,4,3,229.81,228.13,219.41,224.9137782679806,6.349999999999994,-2.289999999999992,7.822829837522316
2024-09-16,226.78,54323000,229.3,229.96,223.53,Tesla,224.0257142857143,213.40233333333336,-0.0152416518303009,0.0413784056362719,16,9,2024,0,3,230.29,229.81,230.17,225.38033370098543,6.430000000000007,2.5200000000000102,7.512828710829159
2024-09-17,227.87,66761640,229.45,234.57,226.5533,Tesla,226.4742857142857,214.36866666666668,0.0048064203192521,0.0194384990885271,17,9,2024,1,3,226.78,230.29,210.73,226.0027502757391,8.016699999999986,1.579999999999984,4.737959677426684
2024-09-18,227.2,78010200,230.09,235.68,226.88,Tesla,228.03571428571428,215.254,-0.0029402729626542,0.0188352435610898,18,9,2024,2,3,227.87,226.78,216.27,226.3020627068043,8.800000000000011,2.890000000000015,1.5287452060164959
2024-09-19,243.92,102694600,234.0,244.24,232.13,Tesla,230.57142857142856,216.99266666666665,0.0735915492957746,0.0286846102020213,19,9,2024,3,3,227.2,227.87,226.17,230.70654703010322,12.110000000000014,-9.919999999999987,6.025544037888442
2024-09-20,238.25,99879070,241.52,243.99,235.92,Tesla,232.01714285714283,218.30633333333333,-0.0232453263365036,0.0315458173515664,20,9,2024,4,3,243.92,227.2,228.13,232.5924102725774,8.070000000000022,3.2700000000000102,6.534681104920623
2024-09-23,250.0,86927190,242.61,250.0,241.92,Tesla,234.90142857142857,219.973,0.0493179433368311,0.0354517153493461,23,9,2024,0,3,238.25,243.92,229.81,236.94430770443307,8.080000000000013,-7.389999999999986,9.278023188473867
2024-09-24,254.27,88491000,254.08,257.19,249.0501,Tesla,238.3271428571429,221.86566666666664,0.0170799999999999,0.03516073106899,24,9,2024,1,3,250.0,238.25,230.29,241.2757307783248,8.139900000000011,-0.18999999999999773,11.46166031354078
2024-09-25,257.02,65034320,252.54,257.05,252.28,Tesla,242.64714285714285,223.5053333333333,0.0108152751012702,0.0327509967818092,25,9,2024,2,3,254.27,250.0,226.78,245.2117980837436,4.77000000000001,-4.47999999999999,12.066948957503229
2024-09-26,254.22,67142190,260.6,261.75,251.53,Tesla,246.41142857142856,225.26666666666668,-0.0108940938448368,0.034343161394966,26,9,2024,3,3,257.02,254.27,227.87,247.4638485628077,10.219999999999999,6.380000000000024,10.724160306795067
2024-09-27,260.46,70988070,257.375,260.6999,254.12,Tesla,251.16285714285712,226.8106666666667,0.024545669105499,0.0333405119241481,27,9,2024,4,3,254.22,257.02,227.2,250.71288642210578,6.579900000000009,-3.0849999999999795,7.749156328894121
2024-09-30,261.63,80873380,259.04,264.86,255.77,Tesla,253.69285714285712,228.32766666666663,0.0044920525224603,0.023733884591442,30,9,2024,0,3,260.46,254.22,243.92,253.44216481657932,9.090000000000003,-2.589999999999975,7.880274348627411
2024-10-01,258.02,87397610,262.67,263.98,248.53,Tesla,256.51714285714286,229.5043333333333,-0.0137981118373275,0.0216888322535062,1,10,2024,1,4,261.63,260.46,238.25,254.5866236124345,15.450000000000017,4.650000000000034,4.020749160247389
2024-10-02,249.02,93983930,247.55,251.1585,241.5,Tesla,256.3771428571428,230.435,-0.0348810169754281,0.0206402667613099,2,10,2024,2,4,258.02,261.63,250.0,253.19496770932585,9.658500000000004,-1.4699999999999989,4.293315402222816
2024-10-03,240.66,80729240,244.48,249.79,237.81,Tesla,254.43285714285716,231.01466666666667,-0.0335716006746447,0.0223111650014655,3,10,2024,3,4,249.02,258.02,254.27,250.06122578199438,11.97999999999999,3.819999999999993,7.3792743868418675
2024-10-04,250.08,86726290,246.69,250.96,244.58,Tesla,253.44142857142856,232.32866666666663,0.0391423585140864,0.0280433161029872,4,10,2024,4,4,240.66,249.02,257.02,250.0659193364958,6.3799999999999955,-3.390000000000015,7.439709735768771
2024-10-07,240.83,68113270,249.0,249.83,240.7,Tesla,251.5285714285714,233.0123333333333,-0.0369881637875879,0.030780441818952,7,10,2024,0,4,250.08,240.66,254.22,247.75693950237186,9.130000000000024,8.169999999999987,8.802693581275523
2024-10-08,244.5,56303160,243.56,246.21,240.56,Tesla,249.2485714285714,234.05533333333327,0.0152389652451936,0.0293433919006887,8,10,2024,1,4,240.83,250.08,260.46,246.9427046267789,5.650000000000006,-0.9399999999999977,8.146226996949775
2024-10-09,241.05,66289530,243.82,247.43,239.51,Tesla,246.30857142857144,235.11666666666667,-0.0141104294478526,0.0287948349332092,9,10,2024,2,4,244.5,240.83,261.63,245.46952847008419,7.920000000000016,2.769999999999982,6.475308045632926
2024-10-10,238.77,83087060,241.81,242.7899,232.34,Tesla,243.55857142857144,236.21733333333333,-0.0094586185438705,0.0287783234455039,10,10,2024,3,4,241.05,244.5,258.02,243.79464635256312,10.449899999999985,3.039999999999992,4.4405834022693496
2024-10-11,217.8,142628900,220.13,223.34,214.38,Tesla,239.09857142857143,236.60133333333332,-0.0878251036562381,0.0406947556473722,11,10,2024,4,4,238.77,241.05,249.02,237.29598476442231,8.960000000000008,2.329999999999984,10.105677329395157
2024-10-14,219.16,86291920,220.13,221.91,213.74,Tesla,236.02714285714288,236.76966666666667,0.0062442607897152,0.040973784653894,14,10,2024,0,4,217.8,238.77,240.66,232.76198857331673,8.169999999999987,0.9699999999999989,12.528774500178892
2024-10-15,219.57,62988790,220.01,224.26,217.12,Tesla,231.66857142857145,237.06866666666664,0.0018707793392955,0.0351461363481147,15,10,2024,1,4,219.16,217.8,250.08,229.46399142998752,7.139999999999986,0.4399999999999977,12.12570194335972
2024-10-16,221.33,49632820,221.4,222.8199,218.93,Tesla,228.88285714285712,237.1326666666667,0.0080156669854716,0.0351803467313369,16,10,2024,2,4,219.57,219.16,240.83,227.43049357249063,3.889899999999983,0.06999999999999318,11.908181661208628
2024-10-17,220.89,50791780,221.59,222.08,217.9,Tesla,225.51,236.82333333333327,-0.0019879817467132,0.0335693116932126,17,10,2024,3,4,221.33,219.57,244.5,225.79537017936798,4.180000000000007,0.700000000000017,9.926279934270164
2024-10-18,220.7,49611870,220.71,222.28,219.23,Tesla,222.60285714285715,237.15566666666663,-0.0008601566390511,0.0339266858576971,18,10,2024,4,4,220.89,221.33,241.05,224.52152763452597,3.0500000000000114,0.010000000000019327,7.230379691022938
2024-10-21,218.85,47328990,218.9,220.48,215.726,Tesla,219.75714285714284,237.24166666666667,-0.0083824195740824,0.0339425574686685,21,10,2024,0,4,220.7,220.89,238.77,223.1036457258945,4.753999999999991,0.05000000000001137,1.270901442426679
2024-10-22,217.97,43268740,217.31,218.22,215.26,Tesla,219.78142857142856,236.96833333333333,-0.0040210189627598,0.0057410307969205,22,10,2024,1,4,218.85,220.7,217.8,221.82023429442089,2.960000000000008,-0.6599999999999966,1.2281751853404257
2024-10-23,213.65,80938890,217.125,218.72,212.11,Tesla,218.99428571428567,236.48566666666665,-0.0198192411799789,0.0087661378240394,23,10,2024,2,4,217.97,218.85,219.16,219.77767572081567,6.609999999999985,3.4749999999999943,2.6432798890018785
2024-10-24,260.48,204491900,244.68,262.1199,242.65,Tesla,224.8385714285714,237.508,0.2191902644512053,0.0849694557933855,24,10,2024,3,4,213.65,217.97,219.57,229.95325679061176,19.469899999999967,-15.800000000000011,15.935102163228919
2024-10-25,269.19,161611900,256.01,269.49,255.32,Tesla,231.6757142857143,238.8046666666667,0.0334382678132676,0.0845426863431778,25,10,2024,4,4,260.48,213.65,221.33,239.76244259295885,14.170000000000016,-13.180000000000007,22.9168001381427
2024-10-28,262.51,107653600,270.0,273.536,262.24,Tesla,237.62142857142857,239.99566666666664,-0.0248151862996396,0.0864495230658968,28,10,2024,0,4,269.19,260.48,220.89,245.44933194471912,11.295999999999992,7.490000000000009,24.96009911076446
2024-10-29,259.52,80521750,264.51,264.98,255.51,Tesla,243.16714285714284,241.05066666666664,-0.0113900422841034,0.0871207284216079,29,10,2024,1,4,262.51,269.19,220.7,248.96699895853934,9.470000000000027,4.990000000000009,24.886299252325905
2024-10-30,257.55,53993580,258.035,263.35,255.8201,Tesla,248.69571428571427,242.06233333333333,-0.0075909371146731,0.0870686903813228,30,10,2024,2,4,259.52,262.51,218.85,251.11274921890453,7.529900000000026,0.48500000000001364,22.794570886614153
2024-10-31,249.85,66575290,257.99,259.75,249.25,Tesla,253.25,242.26,-0.0298971073577947,0.0891024074774952,31,10,2024,3,4,257.55,259.52,217.97,250.79706191417839,10.5,8.140000000000015,18.392149593420918
2024-11-01,248.98,57544760,252.043,254.0,246.63,Tesla,258.29714285714283,242.61766666666665,-0.0034820892535522,0.088009386605222,1,11,2024,4,4,249.85,257.55,213.65,250.3427964356338,7.3700000000000045,3.0630000000000166,7.087363671325218
2024-11-04,242.84,68802350,244.56,248.9,238.88,Tesla,255.7771428571428,242.379,-0.0246606153104667,0.0214749993335451,4,11,2024,0,4,248.98,249.85,260.48,248.46709732672537,10.02000000000001,1.7199999999999989,9.047006345174372
2024-11-05,251.44,69282510,247.34,255.2799,246.2101,Tesla,253.24142857142857,242.28466666666665,0.0354142645363202,0.022140323283276,5,11,2024,1,4,242.84,248.98,269.19,249.210322995044,9.069799999999987,-4.099999999999994,6.891868224157669
2024-11-06,288.53,165228700,284.67,289.59,275.62,Tesla,256.9585714285714,243.335,0.1475103404390709,0.0620654263303036,6,11,2024,2,4,251.44,242.84,262.51,259.040242246283,13.96999999999997,-3.859999999999957,14.986904760016769
2024-11-07,296.91,117309200,288.89,299.75,285.52,Tesla,262.3,244.758,0.0290437736110631,0.0610593953798276,7,11,2024,3,4,288.53,251.44,259.52,268.5076816847123,14.230000000000018,-8.020000000000039,21.35994538070627
2024-11-08,321.22,204782800,299.14,328.71,297.66,Tesla,271.3957142857143,246.78333333333333,0.0818766629618403,0.0634185350850143,8,11,2024,4,4,296.91,288.53,257.55,281.68576126353423,31.049999999999955,-22.08000000000004,30.570583277144596
2024-11-11,350.0,210521600,346.3,358.64,336.0,Tesla,285.7028571428572,249.729,0.0895959155718821,0.0594063168717424,11,11,2024,0,4,321.22,296.91,249.85,298.7643209476507,22.639999999999986,-3.6999999999999886,40.59745259425645
2024-11-12,328.49,155726000,342.74,345.84,323.31,Tesla,297.06142857142856,252.078,-0.0614571428571428,0.0711156657129431,12,11,2024,1,4,350.0,321.22,248.98,306.195740710738,22.529999999999973,14.25,39.72398579723677
2024-11-13,330.24,125405600,335.85,344.5999,322.5,Tesla,309.54714285714283,254.7853333333333,0.0053274072270084,0.0671924188565549,13,11,2024,2,4,328.49,350.0,242.84,312.2068055330535,22.09989999999999,5.610000000000014,33.00902185478268
2024-11-14,311.18,120726100,327.69,329.98,310.37,Tesla,318.0814285714286,257.136,-0.0577156007751937,0.0781409988705427,14,11,2024,3,4,330.24,328.49,251.44,311.95010414979015,19.610000000000014,16.50999999999999,21.031567883042566
2024-11-15,320.72,114440300,310.57,324.6799,309.22,Tesla,322.68,259.4906666666667,0.0306574972684621,0.0601172779263661,15,11,2024,4,4,311.18,330.24,288.53,314.1425781123426,15.459899999999948,-10.150000000000034,16.530820709611007
2024-11-18,338.74,126547500,340.73,348.5499,330.01,Tesla,328.6557142857143,262.75433333333336,0.0561860813170365,0.0618906803096147,18,11,2024,0,4,320.72,311.18,296.91,320.291933584257,18.53989999999999,1.990000000000009,12.802830230254628
2024-11-19,346.0,88852450,335.76,347.3799,332.75,Tesla,332.19571428571425,266.1376666666667,0.0214323670071441,0.0558440505175806,19,11,2024,1,4,338.74,320.72,321.22,326.7189501881927,14.62990000000002,-10.240000000000009,13.791833159689668
2024-11-20,342.03,66340650,345.0,346.5999,334.3,Tesla,331.0571428571429,269.5036666666667,-0.0114739884393064,0.0443146179892507,20,11,2024,2,4,346.0,338.74,350.0,330.5467126411445,12.29989999999998,2.9700000000000273,12.328382854595297
2024-11-21,339.64,58011720,343.81,347.9899,335.28,Tesla,332.65000000000003,272.86600000000004,-0.0069876911382041,0.0362766103470394,21,11,2024,3,4,342.03,346.0,328.49,332.82003448085834,12.709900000000005,4.170000000000016,12.657336475997603
2024-11-22,352.56,89140720,341.085,361.53,337.7,Tesla,335.8385714285714,277.358,0.0380402779413497,0.0383230917406891,22,11,2024,4,4,339.64,342.03,330.24,337.75502586064374,23.829999999999984,-11.475000000000023,14.609814542023738
2024-11-25,338.59,95890900,360.14,361.93,338.2,Tesla,339.75428571428574,281.339,-0.0396244610846381,0.0332707752405858,25,11,2024,0,4,352.56,339.64,311.18,337.9637693954828,23.730000000000018,21.55000000000001,9.771349031976225
2024-11-26,338.23,62295860,341.0,346.96,335.66,Tesla,342.2557142857143,285.2943333333333,-0.0010632328184528,0.0325545868404594,26,11,2024,1,4,338.59,352.56,320.72,338.0303270466121,11.299999999999955,2.769999999999982,5.3087187944015355
2024-11-27,332.89,57896440,341.8,342.55,326.59,Tesla,341.42,289.01300000000003,-0.0157880732046241,0.0254073980295256,27,11,2024,2,4,338.23,338.59,338.74,336.7452452849591,15.960000000000036,8.910000000000025,6.3187868033828245
2024-11-29,345.16,37167620,336.08,345.45,334.6501,Tesla,341.3,293.1553333333333,0.036859022499925,0.0283037746350953,29,11,2024,4,4,332.89,338.23,346.0,338.84893396371933,10.79989999999998,-9.080000000000041,6.224585662243325
2024-12-02,357.09,77986480,352.38,360.0,351.1501,Tesla,343.4514285714285,297.7016666666667,0.03456368061189,0.0304612823201724,2,12,2024,0,4,345.16,332.89,342.03,343.4092004727895,8.849899999999991,-4.7099999999999795,8.649311010266421
2024-12-03,351.42,58267200,351.8,355.69,348.2,Tesla,345.13428571428574,302.1206666666667,-0.0158783499957992,0.0312948024657801,3,12,2024,1,4,357.09,345.16,339.64,345.41190035459215,7.490000000000009,0.37999999999999545,8.92571725808974
2024-12-04,357.93,50810870,353.0,358.1,348.6,Tesla,345.90142857142854,306.786,0.0185248420693187,0.0286496090078074,4,12,2024,2,4,351.42,357.09,352.56,348.54142526594416,9.5,-4.930000000000007,9.852919074347742
2024-12-05,369.49,81403570,359.87,375.43,359.5,Tesla,350.3157142857143,311.98066666666665,0.0322968178135389,0.0234425110712102,5,12,2024,3,4,357.93,351.42,338.59,353.77856894945813,15.930000000000007,-9.620000000000005,12.576713742920017
2024-12-06,389.22,81455830,377.42,389.49,370.8,Tesla,357.6,316.272,0.0533979268721751,0.0268667103085523,6,12,2024,4,4,369.49,357.93,338.23,362.6389267120936,18.689999999999998,-11.800000000000011,18.00507150777009
